Physical Time (s),drag Monitor (N)
0.0025,0.00057875819668739973
0.005,-0.00019743427504175529
0.0075,-6.7585959909945836e-06
0.01,-1.8385923122551132e-05
0.0125,-5.8240558255903396e-06
0.015,-3.2191480847881664e-06
0.0175,-8.3642974416146529e-07
0.02,7.6155738917981234e-07
0.0225,1.8946285250001547e-06
0.025,3.1919871161850906e-06
0.0275,5.2867310808758183e-06
0.03,8.0546144237552631e-06
0.0325,1.0688105608481829e-05
0.035,1.2252028430185893e-05
0.0375,1.2307855571882858e-05
0.04,1.1129110855130656e-05
0.0425,9.3263499229161081e-06
0.045,7.4028395999795638e-06
0.0475,5.6340477497646802e-06
0.05,4.1507430452822645e-06
0.0525,3.0991651375090558e-06
0.055,2.7193185343078859e-06
0.0575,3.2589991325271097e-06
0.06,4.7805566982952018e-06
0.0625,7.0137287176151434e-06
0.065,9.3248724486043575e-06
0.0675,1.0982374229073736e-05
0.07,1.1488391979489302e-05
0.0725,1.0829850672060236e-05
0.075,9.4640972423662737e-06
0.0775,8.0294244591455326e-06
0.08,7.0244015065376467e-06
0.0825,6.6249446194567007e-06
0.085,6.7226677065100972e-06
0.0875,7.0825903823555554e-06
0.09,7.4842127268143485e-06
0.0925,7.7901584921473661e-06
0.095,7.9511697233346523e-06
0.0975,7.9793337954240059e-06
0.1,7.9168310625859769e-06
0.1025,7.8228247374997132e-06
0.105,7.7595436331796389e-06
0.1075,7.7761592997858967e-06
0.11,7.8919024467004687e-06
0.1125,8.0878169409539132e-06
0.115,8.3122797093002664e-06
0.1175,8.4931302929155014e-06
0.12,8.560189454832574e-06
0.1225,8.4686975308330061e-06
0.125,8.2167630271806853e-06
0.1275,7.8496361789015123e-06
0.13,7.4566522982016138e-06
0.1325,7.1487024483732216e-06
0.135,7.0249954704116694e-06
0.1375,7.1418279422836407e-06
0.14,7.4853370521977842e-06
0.1425,7.9704049687516089e-06
0.145,8.45408112574895e-06
0.1475,8.7782611636090693e-06
0.15,8.8176119644077615e-06
0.1525,8.5285403890322724e-06
0.155,7.9660991098893286e-06
0.1575,7.266459064159102e-06
0.16,6.6004297019027063e-06
0.1625,6.1246780884440419e-06
0.165,5.9402802128011207e-06
0.1675,6.073077806369633e-06
0.17,6.4716968643190738e-06
0.1725,7.0265350584599358e-06
0.175,7.604157391588134e-06
0.1775,8.0771624409868947e-06
0.18,8.3581158012674605e-06
0.1825,8.4123628957186176e-06
0.185,8.2610179447955851e-06
0.1875,7.9702975057782288e-06
0.19,7.6295722732008098e-06
0.1925,7.327912547910333e-06
0.195,7.1326032731234106e-06
0.1975,7.0795919319095927e-06
0.2,7.167418908429099e-06
0.2025,7.3565995480340377e-06
0.205,7.5858383484139467e-06
0.2075,7.7876233895443853e-06
0.21,7.9045429546888005e-06
0.2125,7.897804568941182e-06
0.215,7.7573618167408887e-06
0.2175,7.5019034874711e-06
0.22,7.1750186417508262e-06
0.2225,6.8327273245803847e-06
0.225,6.5312124002532598e-06
0.2275,6.3143240251190497e-06
0.23,6.2069566095967691e-06
0.2325,6.2145411208153053e-06
0.235,6.3195327145590876e-06
0.2375,6.4916735315181434e-06
0.24,6.6962827701137427e-06
0.2425,6.8985798200307985e-06
0.245,7.0684946041127787e-06
0.2475,7.1879559932238272e-06
0.25,7.2520491038771764e-06
0.2525,7.2676517442039267e-06
0.255,7.2497191205110007e-06
0.2575,7.2162039668088832e-06
0.26,7.1836836855036377e-06
0.2625,7.1641302262981021e-06
0.265,7.1629006113218262e-06
0.2675,7.1782916882482474e-06
0.27,7.2024120195374419e-06
0.2725,7.2234212526034616e-06
0.275,7.228470119657185e-06
0.2775,7.2073380146461435e-06
0.28,7.1547371102214437e-06
0.2825,7.071024739436874e-06
0.285,6.9632240252029439e-06
0.2875,6.8431801824775897e-06
0.29,6.7256652444085701e-06
0.2925,6.6247287026089841e-06
0.295,6.5521222815987135e-06
0.2975,6.5139509943780932e-06
0.3,6.5110800225384868e-06
0.3025,6.5392857879790198e-06
0.305,6.5904721777803257e-06
0.3075,6.6536194544555468e-06
0.31,6.7181935487508272e-06
0.3125,6.7748696934755118e-06
0.315,6.8174252574117374e-06
0.3175,6.8431812779192575e-06
0.32,6.8523123236483033e-06
0.3225,6.8471753116506053e-06
0.325,6.8320400891429546e-06
0.3275,6.8112191026000307e-06
0.33,6.7886706706083437e-06
0.3325,6.7672423645549439e-06
0.335,6.7481720209183944e-06
0.3375,6.7313349571400382e-06
0.34,6.7158659542682031e-06
0.3425,6.7001997660216053e-06
0.345,6.682723598599949e-06
0.3475,6.6625452101381515e-06
0.35,6.6389972780325497e-06
0.3525,6.6128977319046754e-06
0.355,6.5858199676606161e-06
0.3575,6.5607891777869452e-06
0.36,6.5408447659074245e-06
0.3625,6.5288496529819392e-06
0.365,6.5272822665938201e-06
0.3675,6.537620273342707e-06
0.37,6.559701731354228e-06
0.3725,6.5921979559116519e-06
0.375,6.6321527173285456e-06
0.3775,6.6759000962800336e-06
0.38,6.7188971076517715e-06
0.3825,6.7568199861456513e-06
0.385,6.7851716150962034e-06
0.3875,6.8009884867010609e-06
0.39,6.8026818833133519e-06
0.3925,6.7894590832035453e-06
0.395,6.7620667723099397e-06
0.3975,6.7223880478065191e-06
0.4,6.6730689199366966e-06
0.4025,6.6169771781139678e-06
0.405,6.5574453618285302e-06
0.4075,6.4976556485319338e-06
0.41,6.4402735719745384e-06
0.4125,6.3876856969886641e-06
0.415,6.3419111812071682e-06
0.4175,6.3041929821300736e-06
0.42,6.2751337565194374e-06
0.4225,6.2548051820548659e-06
0.425,6.2433352016513117e-06
0.4275,6.2407004022742741e-06
0.43,6.2469507397886434e-06
0.4325,6.2622204992152259e-06
0.435,6.2867253923404701e-06
0.4375,6.3204070823122127e-06
0.44,6.3629817428135929e-06
0.4425,6.4134041763715986e-06
0.445,6.4700294748950426e-06
0.4475,6.5302788936580289e-06
0.45,6.5909760595310894e-06
0.4525,6.6482361433224456e-06
0.455,6.6975151897267625e-06
0.4575,6.7349125264336915e-06
0.46,6.7568310000563777e-06
0.4625,6.760805329002264e-06
0.465,6.746517463501247e-06
0.4675,6.7143352903469008e-06
0.47,6.6659935262869009e-06
0.4725,6.6046782405562536e-06
0.475,6.5345828671677869e-06
0.4775,6.4603867660807617e-06
0.48,6.386838049163578e-06
0.4825,6.3178904787294009e-06
0.485,6.2568979305487868e-06
0.4875,6.2062874419343915e-06
0.49,6.1673007144703117e-06
0.4925,6.1400287297772484e-06
0.495,6.1239799383073459e-06
0.4975,6.1182275999291663e-06
0.5,6.1217267334568604e-06
0.5025,6.1333959319666596e-06
0.505,6.1520813389979977e-06
0.5075,6.1770485182425889e-06
0.51,6.2075000463933407e-06
0.5125,6.2426544839729856e-06
0.515,6.2814117500760561e-06
0.5175,6.3221776259112023e-06
0.52,6.3632582884177584e-06
0.5225,6.4026768093905971e-06
0.525,6.4382093336671895e-06
0.5275,6.4679956492394761e-06
0.53,6.4904531713980907e-06
0.5325,6.5045740254573483e-06
0.535,6.5097212281035481e-06
0.5375,6.5057589037748549e-06
0.54,6.4931888422565196e-06
0.5425,6.4729595164308202e-06
0.545,6.4463043819983123e-06
0.5475,6.4148092998892651e-06
0.55,6.3803766903155696e-06
0.5525,6.3450972500281948e-06
0.555,6.3107292825430147e-06
0.5575,6.2791403209398537e-06
0.56,6.2516094486611007e-06
0.5625,6.2290018265331848e-06
0.565,6.2117269046075737e-06
0.5675,6.199658053256592e-06
0.57,6.1923412746073679e-06
0.5725,6.1891594004723387e-06
0.575,6.18944471229503e-06
0.5775,6.192677432627207e-06
0.58,6.1982275546482411e-06
0.5825,6.2056608446985188e-06
0.585,6.2143764307912774e-06
0.5875,6.223881509732578e-06
0.59,6.23378015817298e-06
0.5925,6.2434837220952934e-06
0.595,6.2524095613546323e-06
0.5975,6.2599044402664452e-06
0.6,6.2653468063121873e-06
0.6025,6.2682580583223891e-06
0.605,6.26821391197954e-06
0.6075,6.2652323666755025e-06
0.61,6.2594310328492171e-06
0.6125,6.2512830794657588e-06
0.615,6.2415320485970063e-06
0.6175,6.2308916237115015e-06
0.62,6.220244782220615e-06
0.6225,6.2107603125701217e-06
0.625,6.2034795121575966e-06
0.6275,6.1991056332304489e-06
0.63,6.1982551314417035e-06
0.6325,6.2010580067271059e-06
0.635,6.2073986923693868e-06
0.6375,6.2168269716280775e-06
0.64,6.2286800637553344e-06
0.6425,6.2420164670609104e-06
0.645,6.2557713783211174e-06
0.6475,6.2689861932150759e-06
0.65,6.2805879232137945e-06
0.6525,6.2895896953974587e-06
0.655,6.2951593612131192e-06
0.6575,6.2968489565502755e-06
0.66,6.2942747525265673e-06
0.6625,6.2872848216293563e-06
0.665,6.2759473355044824e-06
0.6675,6.2605295209366168e-06
0.67,6.2413942475868042e-06
0.6725,6.2191584639988487e-06
0.675,6.1945139007422022e-06
0.6775,6.1683977010839055e-06
0.68,6.1418495449536773e-06
0.6825,6.1159486528667536e-06
0.685,6.0918926343720383e-06
0.6875,6.070604776482112e-06
0.69,6.0531771559653568e-06
0.6925,6.040475076384546e-06
0.695,6.0331739588914097e-06
0.6975,6.0315199569255501e-06
0.7,6.0356644174065932e-06
0.7025,6.0454918263336689e-06
0.705,6.060574516381249e-06
0.7075,6.0803021637860469e-06
0.71,6.103783918400286e-06
0.7125,6.1301382332318144e-06
0.715,6.1581353338548025e-06
0.7175,6.1866566447714228e-06
0.72,6.2143808378754746e-06
0.7225,6.2400875898843096e-06
0.725,6.2627557427811424e-06
0.7275,6.2814354997842033e-06
0.73,6.29527843148861e-06
0.7325,6.303659568144997e-06
0.735,6.3060599840769269e-06
0.7375,6.302524441609039e-06
0.74,6.2931165126746648e-06
0.7425,6.2780157496306865e-06
0.745,6.2577635635433112e-06
0.7475,6.2331661196904745e-06
0.75,6.205212228755313e-06
0.7525,6.1751666357403398e-06
0.755,6.1443196161546206e-06
0.7575,6.1137399227686369e-06
0.76,6.0846194588838291e-06
0.7625,6.058122539293254e-06
0.765,6.0350011127344424e-06
0.7675,6.0159713296399005e-06
0.77,6.0014579370816051e-06
0.7725,5.9916767552539526e-06
0.775,5.9866810528422346e-06
0.7775,5.9864092812399069e-06
0.78,5.9901973269959114e-06
0.7825,5.9983120937770074e-06
0.785,6.0096229608146622e-06
0.7875,6.0236591447793919e-06
0.79,6.0400042303129999e-06
0.7925,6.0581408573616127e-06
0.795,6.0772511547100981e-06
0.7975,6.0968159304398792e-06
0.8,6.1161503341850916e-06
0.8025,6.1346788422108341e-06
0.805,6.1518108192385182e-06
0.8075,6.1669473755422542e-06
0.81,6.1794738641833749e-06
0.8125,6.1888898087676198e-06
0.815,6.1948796013125685e-06
0.8175,6.1972182751311775e-06
0.82,6.1958718529552433e-06
0.8225,6.1909990990101668e-06
0.825,6.1828614578614096e-06
0.8275,6.171961795019286e-06
0.83,6.1588733117584484e-06
0.8325,6.1444206734156839e-06
0.835,6.1294494200872794e-06
0.8375,6.1146518138098064e-06
0.84,6.1006636581981371e-06
0.8425,6.0880369199023804e-06
0.845,6.0771018666356199e-06
0.8475,6.0681494870299181e-06
0.85,6.0611959232174954e-06
0.8525,6.0560503301554131e-06
0.855,6.0524475490036747e-06
0.8575,6.0500558977530346e-06
0.86,6.0484816621446931e-06
0.8625,6.0473685969470242e-06
0.865,6.0463458625959103e-06
0.8675,6.0452214525428529e-06
0.87,6.0437894367715461e-06
0.8725,6.0419104862064827e-06
0.875,6.0396612747659574e-06
0.8775,6.0371140885044518e-06
0.88,6.0343949982707711e-06
0.8825,6.0317055729277921e-06
0.885,6.029292048513545e-06
0.8875,6.027339488854408e-06
0.89,6.0260468822524853e-06
0.8925,6.0255893637721874e-06
0.895,6.026134062226726e-06
0.8975,6.0278646177056498e-06
0.9,6.0308153726778366e-06
0.9025,6.0349865829370425e-06
0.905,6.0403347675304883e-06
0.9075,6.0467502255000345e-06
0.91,6.0541453285707531e-06
0.9125,6.0623673952059732e-06
0.915,6.0712674379967529e-06
0.9175,6.0806151804164966e-06
0.92,6.0901356289468511e-06
0.9225,6.0994787532498503e-06
0.925,6.1083343143087488e-06
0.9275,6.1163910236912294e-06
0.93,6.1233011959749075e-06
0.9325,6.1286796574369992e-06
0.935,6.1321655040199033e-06
0.9375,6.1334519554552998e-06
0.94,6.1322628788217557e-06
0.9425,6.1284474911589915e-06
0.945,6.1219273431260406e-06
0.9475,6.1127449924179791e-06
0.95,6.1011239909517871e-06
0.9525,6.0873497089463844e-06
0.955,6.0718539446283782e-06
0.9575,6.055098930809556e-06
0.96,6.0376233209540288e-06
0.9625,6.0201024565233535e-06
0.965,6.0032527541276886e-06
0.9675,5.9876444783092905e-06
0.97,5.9738119892743062e-06
0.9725,5.9622389958949618e-06
0.975,5.9532786431059663e-06
0.9775,5.9472560162426541e-06
0.98,5.9442576118479042e-06
0.9825,5.9443769337389764e-06
0.985,5.9472512694279066e-06
0.9875,5.9529370255217225e-06
0.99,5.9614084508690805e-06
0.9925,5.9717176417962083e-06
0.995,5.9833802885220076e-06
0.9975,5.995795461549221e-06
1.0,6.0086099149664008e-06
1.0025,6.0215925798485131e-06
1.005,6.0346104180945993e-06
1.0075,6.0473155500097752e-06
1.01,6.0593022075941417e-06
1.0125,6.0701751680020139e-06
1.015,6.0796405233793521e-06
1.0175,6.0874597679648493e-06
1.02,6.0935398655125128e-06
1.0225,6.097767685723687e-06
1.025,6.1002380590179797e-06
1.0275,6.1007870884740071e-06
1.03,6.0993846876883215e-06
1.0325,6.0962990036275085e-06
1.035,6.0917202410738474e-06
1.0375,6.0857212228230307e-06
1.04,6.0781026062012608e-06
1.0425,6.0693100086642953e-06
1.045,6.0597788365578507e-06
1.0475,6.0496776341310739e-06
1.05,6.0391864589523542e-06
1.0525,6.0286537228094357e-06
1.055,6.0185023044118045e-06
1.0575,6.0089972498878244e-06
1.06,6.0003164934815395e-06
1.0625,5.99262985126844e-06
1.065,5.985992481138573e-06
1.0675,5.9804122962754848e-06
1.07,5.975934762293903e-06
1.0725,5.9725794579613804e-06
1.075,5.9703092258892119e-06
1.0775,5.9690575825647963e-06
1.08,5.9688546490568434e-06
1.0825,5.9695958611127135e-06
1.085,5.9708747849559807e-06
1.0875,5.9728276551613537e-06
1.09,5.9757912592294055e-06
1.0925,5.97967604795316e-06
1.095,5.9842297571745291e-06
1.0975,5.9892799043428945e-06
1.1,5.9946099399938948e-06
1.1025,5.99997040376232e-06
1.105,6.0054333703742351e-06
1.1075,6.0111561323292043e-06
1.11,6.0172552605341592e-06
1.1125,6.0236575877421474e-06
1.115,6.0302049372696799e-06
1.1175,6.0367587013814252e-06
1.12,6.0432079032013723e-06
1.1225,6.0495128062352756e-06
1.125,6.0555413300870763e-06
1.1275,6.0609958592044691e-06
1.13,6.0657653663510608e-06
1.1325,6.0698529284996906e-06
1.135,6.0730810050159487e-06
1.1375,6.0755183733547799e-06
1.14,6.0772713635167856e-06
1.1425,6.0782716814705657e-06
1.145,6.0782650144872094e-06
1.1475,6.0772657473186849e-06
1.15,6.0754531109961735e-06
1.1525,6.0729481549715941e-06
1.155,6.0695248388941642e-06
1.1575,6.0652700162442596e-06
1.16,6.060235806708364e-06
1.1625,6.0548383293808671e-06
1.165,6.049235118283674e-06
1.1675,6.0433608173234362e-06
1.17,6.0372273444755256e-06
1.1725,6.0309101221778983e-06
1.175,6.0247560893273797e-06
1.1775,6.0188960232266548e-06
1.18,6.0136040962343096e-06
1.1825,6.0088659631233132e-06
1.185,6.0051269787259815e-06
1.1875,6.0021442339239117e-06
1.19,6.0002582514981369e-06
1.1925,5.9995411394902679e-06
1.195,6.0001404927216978e-06
1.1975,6.0022098338345217e-06
1.2,6.0057516518819301e-06
1.2025,6.0106495567403317e-06
1.205,6.0166245869754272e-06
1.2075,6.0235649276712573e-06
1.21,6.0314123222570719e-06
1.2125,6.0399634511513253e-06
1.215,6.0491096508374796e-06
1.2175,6.0587071743597562e-06
1.22,6.0686608224447385e-06
1.2225,6.0787643625947165e-06
1.225,6.088901690054179e-06
1.2275,6.0988050605316801e-06
1.23,6.1082390596758609e-06
1.2325,6.1169918295084671e-06
1.235,6.1248832469500254e-06
1.2375,6.1314711386032228e-06
1.24,6.1372678394479191e-06
1.2425,6.1419439694774421e-06
1.245,6.1457194363321158e-06
1.2475,6.1481187707351354e-06
1.25,6.1491047894484824e-06
1.2525,6.1487830152483757e-06
1.255,6.1473287073373915e-06
1.2575,6.144900387322086e-06
1.26,6.1413255493282678e-06
1.2625,6.1371899660206122e-06
1.265,6.1328805851736269e-06
1.2675,6.1279217916939523e-06
1.27,6.122465696058654e-06
1.2725,6.1169611550709245e-06
1.275,6.1117192343893391e-06
1.2775,6.1068120827070888e-06
1.28,6.102519554407882e-06
1.2825,6.0987555701128251e-06
1.285,6.0956489100935449e-06
1.2875,6.0932362555189367e-06
1.29,6.0918509142532956e-06
1.2925,6.0918882606020755e-06
1.295,6.0932020052074806e-06
1.2975,6.0956060105695425e-06
1.3,6.0990557322256383e-06
1.3025,6.103557299743737e-06
1.305,6.1090513822409611e-06
1.3075,6.1155832841659637e-06
1.31,6.1230458556656557e-06
1.3125,6.1311133077925261e-06
1.315,6.1396071047139573e-06
1.3175,6.1483497146314425e-06
1.32,6.1573727550277692e-06
1.3225,6.1666645793629681e-06
1.325,6.1760427494204796e-06
1.3275,6.1852730349602051e-06
1.33,6.1942140207586132e-06
1.3325,6.2027110209001297e-06
1.335,6.210665038454208e-06
1.3375,6.2180280008313403e-06
1.34,6.2249568679409816e-06
1.3425,6.2310090347783738e-06
1.345,6.2363680408831109e-06
1.3475,6.2409325590300255e-06
1.35,6.2445820265796553e-06
1.3525,6.2472246757862964e-06
1.355,6.2490027287751363e-06
1.3575,6.2501108785611741e-06
1.36,6.2506453821624758e-06
1.3625,6.2505768980010128e-06
1.365,6.2501257128884069e-06
1.3675,6.2495025760614405e-06
1.37,6.2486778295859688e-06
1.3725,6.2476182172147402e-06
1.375,6.2464093469325789e-06
1.3775,6.2451641252868318e-06
1.38,6.2439834267609681e-06
1.3825,6.2429566976827866e-06
1.385,6.2421104071481461e-06
1.3875,6.2414928588576501e-06
1.39,6.2411156986931036e-06
1.3925,6.2410350783070363e-06
1.395,6.2412795815373147e-06
1.3975,6.2418655033104886e-06
1.4,6.2428678331933544e-06
1.4025,6.2444387951842391e-06
1.405,6.2464380839924196e-06
1.4075,6.2488826631939544e-06
1.41,6.251779753063811e-06
1.4125,6.2552089627894728e-06
1.415,6.2592121449897387e-06
1.4175,6.2636912604003687e-06
1.42,6.2687367459482453e-06
1.4225,6.2742796615617989e-06
1.425,6.2802594132465949e-06
1.4275,6.2865871489080037e-06
1.43,6.2931814072385848e-06
1.4325,6.3000047779309168e-06
1.435,6.3070137155342497e-06
1.4375,6.3142374180801213e-06
1.44,6.3216860840314824e-06
1.4425,6.32929290950673e-06
1.445,6.3369489701668501e-06
1.4475,6.3445470953734435e-06
1.45,6.3519957575668489e-06
1.4525,6.3592354606902856e-06
1.455,6.366188173684486e-06
1.4575,6.372854115737244e-06
1.46,6.3791840483441406e-06
1.4625,6.3850643305315378e-06
1.465,6.3904025553106611e-06
1.4675,6.395136864722674e-06
1.47,6.3992533932795417e-06
1.4725,6.4027490238289303e-06
1.475,6.4056081680487553e-06
1.4775,6.4077963757424506e-06
1.48,6.4093141945290477e-06
1.4825,6.4101713716357885e-06
1.485,6.4104338318146747e-06
1.4875,6.4101292268092796e-06
1.49,6.4093094002718798e-06
1.4925,6.4080681881843863e-06
1.495,6.4064661840604575e-06
1.4975,6.4045964751952602e-06
1.5,6.4025138257280415e-06
1.5025,6.4003780956732883e-06
1.505,6.3983235180534598e-06
1.5075,6.3964007793538589e-06
1.51,6.3947272127562285e-06
1.5125,6.3934211264588516e-06
1.515,6.3925778069110591e-06
1.5175,6.3922919492566045e-06
1.52,6.3925621648410393e-06
1.5225,6.3935121952283975e-06
1.525,6.3952323137389456e-06
1.5275,6.3976800899738404e-06
1.53,6.4008092458658398e-06
1.5325,6.4047302055791097e-06
1.535,6.4093657062877311e-06
1.5375,6.4147282665224266e-06
1.54,6.4208013811777569e-06
1.5425,6.427504836944114e-06
1.545,6.4347281145374633e-06
1.5475,6.442375976002639e-06
1.55,6.4503783140750285e-06
1.5525,6.4586862234578876e-06
1.555,6.4671948891128579e-06
1.5575,6.4757384803972198e-06
1.56,6.4841977921324049e-06
1.5625,6.4924799633427777e-06
1.565,6.5005314754504739e-06
1.5675,6.508224109779587e-06
1.57,6.5154775011906215e-06
1.5725,6.5221922555413722e-06
1.575,6.5283657419220142e-06
1.5775,6.5339693361078563e-06
1.58,6.5389127928351686e-06
1.5825,6.5431277801891751e-06
1.585,6.5466090447646771e-06
1.5875,6.5493672942431176e-06
1.59,6.5514835689736716e-06
1.5925,6.5529839921244632e-06
1.595,6.5538512595901248e-06
1.5975,6.5540831467984625e-06
1.6,6.5538720541756006e-06
1.6025,6.5532724206316993e-06
1.605,6.5523649165290944e-06
1.6075,6.5512414603726633e-06
1.61,6.5499824126552868e-06
1.6125,6.5486154290681932e-06
1.615,6.5472357158958761e-06
1.6175,6.5459925346299027e-06
1.62,6.544943422391026e-06
1.6225,6.5441542239846187e-06
1.625,6.5436289208908747e-06
1.6275,6.5434335425292311e-06
1.63,6.5436141756769722e-06
1.6325,6.5442066096034598e-06
1.635,6.5452986911601479e-06
1.6375,6.5468264659535113e-06
1.64,6.5487950211775283e-06
1.6425,6.5512736498653753e-06
1.645,6.5542107831446009e-06
1.6475,6.5575855342114541e-06
1.65,6.5613735563106533e-06
1.6525,6.5655509193778028e-06
1.655,6.5700838052546507e-06
1.6575,6.5748987646086335e-06
1.66,6.5799673884256616e-06
1.6625,6.5852965606900368e-06
1.665,6.5908488509547565e-06
1.6675,6.596522275453149e-06
1.67,6.6022492465401175e-06
1.6725,6.6079635582204507e-06
1.675,6.6136632099511322e-06
1.6775,6.6193299922886746e-06
1.68,6.6249045014691241e-06
1.6825,6.6303424205252638e-06
1.685,6.6356400754422531e-06
1.6875,6.6407585546885525e-06
1.69,6.6457184064782253e-06
1.6925,6.6504622641958184e-06
1.695,6.6550054113090434e-06
1.6975,6.659272371154297e-06
1.7,6.6632577519497246e-06
1.7025,6.6669932138879469e-06
1.705,6.6705323636045474e-06
1.7075,6.6739637543360209e-06
1.71,6.6771429271266657e-06
1.7125,6.6801559662814535e-06
1.715,6.6829436835802203e-06
1.7175,6.685482625099693e-06
1.72,6.6878480790124143e-06
1.7225,6.6900328491860783e-06
1.725,6.6920780308144865e-06
1.7275,6.6939716857926368e-06
1.73,6.6957100496022146e-06
1.7325,6.6973072145966648e-06
1.735,6.6987510705124938e-06
1.7375,6.7000770137915446e-06
1.74,6.7012896603363431e-06
1.7425,6.7024458821075086e-06
1.745,6.7035584448864938e-06
1.7475,6.7045531068182153e-06
1.75,6.7055185175474405e-06
1.7525,6.7064553325571658e-06
1.755,6.7073690014289994e-06
1.7575,6.7082971085161504e-06
1.76,6.7092756880666947e-06
1.7625,6.7103956117373816e-06
1.765,6.7116637852434176e-06
1.7675,6.7130328019685794e-06
1.77,6.71457760947018e-06
1.7725,6.7163299782863722e-06
1.775,6.7182249135484856e-06
1.7775,6.7203412156898532e-06
1.78,6.7226945463517986e-06
1.7825,6.7253194289485816e-06
1.785,6.7282193133881159e-06
1.7875,6.7313579033293797e-06
1.79,6.7347075290845023e-06
1.7925,6.7383600281300856e-06
1.795,6.7422041729679299e-06
1.7975,6.7462628954073685e-06
1.8,6.7504814853793154e-06
1.8025,6.7549925367316642e-06
1.805,6.7596828701284701e-06
1.8075,6.7643613556572091e-06
1.81,6.7690946508880954e-06
1.8125,6.7738939674937739e-06
1.815,6.7788535941056737e-06
1.8175,6.7833208485268301e-06
1.82,6.7885299090766068e-06
1.8225,6.7933577350828141e-06
1.825,6.797764690466389e-06
1.8275,6.8022020065034431e-06
1.83,6.806507875995344e-06
1.8325,6.8105923828770952e-06
1.835,6.8144789601511874e-06
1.8375,6.8183439757437428e-06
1.84,6.8219616096275244e-06
1.8425,6.8253770589955139e-06
1.845,6.8284742200791366e-06
1.8475,6.8313490978583305e-06
1.85,6.8340226992640333e-06
1.8525,6.8365502688941885e-06
1.855,6.8389215610301133e-06
1.8575,6.8411163898081555e-06
1.86,6.8430978882620395e-06
1.8625,6.8448968004597192e-06
1.865,6.8465722487418526e-06
1.8675,6.8481681146862704e-06
1.87,6.8496884610194574e-06
1.8725,6.8511559625713507e-06
1.875,6.8525531742650087e-06
1.8775,6.8538709689902055e-06
1.88,6.8551721964934725e-06
1.8825,6.856473629272595e-06
1.885,6.8577942793077956e-06
1.8875,6.8591222630063096e-06
1.89,6.8604814289999035e-06
1.8925,6.861908483984635e-06
1.895,6.8634969478341043e-06
1.8975,6.8645579250345751e-06
1.9,6.8662864708279146e-06
1.9025,6.8678200796122492e-06
1.905,6.8696994033205064e-06
1.9075,6.8712579940431932e-06
1.91,6.8731330726590746e-06
1.9125,6.8748374727577788e-06
1.915,6.876744492352368e-06
1.9175,6.8786446669142921e-06
1.92,6.8806821171973547e-06
1.9225,6.8828869243261706e-06
1.925,6.885072265923969e-06
1.9275,6.8874636800772351e-06
1.93,6.8896889489920514e-06
1.9325,6.8922852115396022e-06
1.935,6.8946181111209014e-06
1.9375,6.8976363332247486e-06
1.94,6.9003286891152592e-06
1.9425,6.9034517557128575e-06
1.945,6.9065140076148963e-06
1.9475,6.9098115657278086e-06
1.95,6.9133451220393993e-06
1.9525,6.9169911259147108e-06
1.955,6.9207139932158078e-06
1.9575,6.9245882818893904e-06
1.96,6.9285327977713176e-06
1.9625,6.9326249536114211e-06
1.965,6.9369234160029772e-06
1.9675,6.9414116993510328e-06
1.97,6.9459043732538375e-06
1.9725,6.9503467858459004e-06
1.975,6.9547998911479593e-06
1.9775,6.959235944858158e-06
1.98,6.9636242087152315e-06
1.9825,6.9678911567137552e-06
1.985,6.9720911575164687e-06
1.9875,6.9761432999428506e-06
1.99,6.9799765497877868e-06
1.9925,6.9837155906879294e-06
1.995,6.9870019770803437e-06
1.9975,6.9898228604225787e-06
2.0,6.9927960845382648e-06
2.0025,6.995058236892549e-06
2.005,6.9969716745087005e-06
2.0075,6.9986649508855616e-06
2.01,6.9999870579416786e-06
2.0125,7.0009622625412914e-06
2.015,7.0015972179251628e-06
2.0175,7.0018608113640142e-06
2.02,7.0017829713046394e-06
2.0225,7.0014088303801887e-06
2.025,7.0007685612865705e-06
2.0275,6.9998955983188037e-06
2.03,6.9988944513435315e-06
2.0325,6.9977954048712666e-06
2.035,6.9966493610491074e-06
2.0375,6.9954628510990971e-06
2.04,6.9942965065371001e-06
2.0425,6.9932078570389731e-06
2.045,6.9922645696448636e-06
2.0475,6.9915542978822532e-06
2.05,6.9911140915338733e-06
2.0525,6.9909527668587885e-06
2.055,6.9911743535064737e-06
2.0575,6.9917564196550861e-06
2.06,6.9927683589147659e-06
2.0625,6.9942229732390811e-06
2.065,6.9960857084026719e-06
2.0675,6.9983915180050006e-06
2.07,7.001356246445543e-06
2.0725,7.004744951047993e-06
2.075,7.0085212847326975e-06
2.0775,7.0127257012955854e-06
2.08,7.0173332178723391e-06
2.0825,7.0223158899616899e-06
2.085,7.0276466640080681e-06
2.0875,7.0332608862320996e-06
2.09,7.0389821109168653e-06
2.0925,7.0448720733624656e-06
2.095,7.0511880908522076e-06
2.0975,7.0575574398475914e-06
2.1,7.0637476860371663e-06
2.1025,7.0698671495849491e-06
2.105,7.0759306595283366e-06
2.1075,7.0818030526384589e-06
2.11,7.0874168379382246e-06
2.1125,7.0927514590274374e-06
2.115,7.0977155895434042e-06
2.1175,7.1022532473630105e-06
2.12,7.1063541626876559e-06
2.1225,7.1100133046917376e-06
2.125,7.1131490426094524e-06
2.1275,7.115735154344106e-06
2.13,7.1177579131693634e-06
2.1325,7.1191550582439859e-06
2.135,7.1199388233768773e-06
2.1375,7.1204204202329963e-06
2.14,7.1204772191089127e-06
2.1425,7.1199046412694357e-06
2.145,7.1187287009821411e-06
2.1475,7.1170987619392851e-06
2.15,7.1151918158747942e-06
2.1525,7.1130785397053208e-06
2.155,7.1105557196252511e-06
2.1575,7.1077445811002044e-06
2.16,7.1048558311169082e-06
2.1625,7.1019395159462298e-06
2.165,7.0990287451512493e-06
2.1675,7.0962135155947568e-06
2.17,7.093590381392321e-06
2.1725,7.0911540812284454e-06
2.175,7.0889865916097345e-06
2.1775,7.0871511035526922e-06
2.18,7.0857202096400525e-06
2.1825,7.0847893103235013e-06
2.185,7.084335241362151e-06
2.1875,7.0844000244867479e-06
2.19,7.0850470303776383e-06
2.1925,7.0863366901064417e-06
2.195,7.0882211188761378e-06
2.1975,7.0907169664165662e-06
2.2,7.0940993806953948e-06
2.2025,7.097953591818977e-06
2.205,7.102381033141923e-06
2.2075,7.1074358699538721e-06
2.21,7.113043877153015e-06
2.2125,7.1192093803281788e-06
2.215,7.1258924206382714e-06
2.2175,7.1327431720306074e-06
2.22,7.1398212480094984e-06
2.2225,7.1474817105668062e-06
2.225,7.1553514646736659e-06
2.2275,7.1631273606719548e-06
2.23,7.1708955921278718e-06
2.2325,7.1786337587877813e-06
2.235,7.1861412832163005e-06
2.2375,7.1934127533416173e-06
2.24,7.2003659515456463e-06
2.2425,7.2068468688023506e-06
2.245,7.21280556724169e-06
2.2475,7.2181731775926683e-06
2.25,7.222875072777872e-06
2.2525,7.2268661522751013e-06
2.255,7.2301209771250312e-06
2.2575,7.2325734951659313e-06
2.26,7.2342015919610339e-06
2.2625,7.235035448032582e-06
2.265,7.2350493532483661e-06
2.2675,7.2342786360797036e-06
2.27,7.2327214756703913e-06
2.2725,7.2304359630689565e-06
2.275,7.2274338208925143e-06
2.2775,7.2238699607831369e-06
2.28,7.2197483035172306e-06
2.2825,7.2151889451026629e-06
2.285,7.2102454450314491e-06
2.2875,7.2050248347896674e-06
2.29,7.1996581209075174e-06
2.2925,7.1942450557354314e-06
2.295,7.1888756881949715e-06
2.2975,7.1836921098980002e-06
2.3,7.1787806773872108e-06
2.3025,7.1742765013045772e-06
2.305,7.170265711888023e-06
2.3075,7.1668496675139512e-06
2.31,7.164097301107912e-06
2.3125,7.1620633831811459e-06
2.315,7.1607723162277926e-06
2.3175,7.1603134066587727e-06
2.32,7.160842209199418e-06
2.3225,7.1623289980146295e-06
2.325,7.1646968629493969e-06
2.3275,7.1681484530078244e-06
2.33,7.1726226878376567e-06
2.3325,7.177832624892045e-06
2.335,7.1839645207456044e-06
2.3375,7.1909150974542876e-06
2.34,7.198610148209284e-06
2.3425,7.2069810082126996e-06
2.345,7.2156702044221241e-06
2.3475,7.2246866216338671e-06
2.35,7.2344160947619712e-06
2.3525,7.2441607865022684e-06
2.355,7.2539140985761334e-06
2.3575,7.2637765937293275e-06
2.36,7.2735148962601634e-06
2.3625,7.2828223846537119e-06
2.365,7.2917979412934116e-06
2.3675,7.300099456834166e-06
2.37,7.3075297776599986e-06
2.3725,7.3142106096790799e-06
2.375,7.3200895961362931e-06
2.3775,7.3251167889565135e-06
2.38,7.3292306342466213e-06
2.3825,7.3322618252935342e-06
2.385,7.3342024889653242e-06
2.3875,7.3350282244981663e-06
2.39,7.3347846315933249e-06
2.3925,7.3335386561073815e-06
2.395,7.3312710858827426e-06
2.3975,7.3279910789867798e-06
2.4,7.3237602551304825e-06
2.4025,7.3186919322680028e-06
2.405,7.3128874572227515e-06
2.4075,7.3064192046013898e-06
2.41,7.2993699400253099e-06
2.4125,7.2921813955824688e-06
2.415,7.2848040589067397e-06
2.4175,7.2772044925912495e-06
2.42,7.2695246321924383e-06
2.4225,7.2619626937599793e-06
2.425,7.2546986267724577e-06
2.4275,7.2478732817625402e-06
2.43,7.2416324507219516e-06
2.4325,7.2360906357375066e-06
2.435,7.2313493769307716e-06
2.4375,7.2273937147747161e-06
2.44,7.2242446825527062e-06
2.4425,7.222249745917138e-06
2.445,7.2213998303970632e-06
2.4475,7.2216563275153047e-06
2.45,7.2230967479097046e-06
2.4525,7.225660855873679e-06
2.455,7.2293315915825083e-06
2.4575,7.2342490092196072e-06
2.46,7.2400636304129624e-06
2.4625,7.2469512512184842e-06
2.465,7.2547802002578391e-06
2.4675,7.2635002249522937e-06
2.47,7.2729622507139299e-06
2.4725,7.2828105433775427e-06
2.475,7.2930647637368567e-06
2.4775,7.3040072068129187e-06
2.48,7.315064549314824e-06
2.4825,7.3259596603631607e-06
2.485,7.3367963288770688e-06
2.4875,7.347399650500718e-06
2.49,7.3575905675222838e-06
2.4925,7.36723116113302e-06
2.495,7.3761891739120946e-06
2.4975,7.3843124144020257e-06
2.5,7.3914949877669943e-06
2.5025,7.3976774648195051e-06
2.505,7.4027916090558534e-06
2.5075,7.4067779996201402e-06
2.51,7.4095636027523966e-06
2.5125,7.4110178125493234e-06
2.515,7.4112049515965849e-06
2.5175,7.4101706542419866e-06
2.52,7.4079881795461766e-06
2.5225,7.4046353907555526e-06
2.525,7.400184966034751e-06
2.5275,7.3946878740395899e-06
2.53,7.3882085796105326e-06
2.5325,7.3809167729494725e-06
2.535,7.3729609832142942e-06
2.5375,7.3643592439012412e-06
2.54,7.3553696635468289e-06
2.5425,7.3460596724886026e-06
2.545,7.3366252581767505e-06
2.5475,7.3272421213107066e-06
2.55,7.3180248029861903e-06
2.5525,7.3091187530178459e-06
2.555,7.3006536811392076e-06
2.5575,7.2928610527357386e-06
2.56,7.2858365920365033e-06
2.5625,7.2797148991041324e-06
2.565,7.2745869073337969e-06
2.5675,7.2705495582291128e-06
2.57,7.2677096457897295e-06
2.5725,7.266162014416656e-06
2.575,7.2658982911558837e-06
2.5775,7.2669384841398791e-06
2.58,7.2692213984803004e-06
2.5825,7.2728397258851004e-06
2.585,7.2780130905893192e-06
2.5875,7.2842842503886654e-06
2.59,7.2917394361622605e-06
2.5925,7.3002668913790698e-06
2.595,7.3098163367545817e-06
2.5975,7.3201868922278003e-06
2.6,7.3309923133588812e-06
2.6025,7.3424434118122083e-06
2.605,7.354593874318638e-06
2.6075,7.3667195128989499e-06
2.61,7.3787814580618358e-06
2.6125,7.390819898362611e-06
2.615,7.4025734886240215e-06
2.6175,7.4135785077301523e-06
2.62,7.4241259862391765e-06
2.6225,7.4340702370306779e-06
2.625,7.443083457625059e-06
2.6275,7.4509581161437097e-06
2.63,7.4575260753870407e-06
2.6325,7.4628548837167551e-06
2.635,7.4668929616352296e-06
2.6375,7.4695805519738083e-06
2.64,7.4708765953343932e-06
2.6425,7.4707627167122128e-06
2.645,7.4692240436574251e-06
2.6475,7.4662868199764856e-06
2.65,7.4620823056317322e-06
2.6525,7.4566709533918638e-06
2.655,7.4500999487083299e-06
2.6575,7.4425463476127555e-06
2.66,7.4341016257324302e-06
2.6625,7.4249045066937902e-06
2.665,7.41504940753944e-06
2.6675,7.4046815816480493e-06
2.67,7.394020752826925e-06
2.6725,7.3832779104251206e-06
2.675,7.3726318702907721e-06
2.6775,7.3621790867146368e-06
2.68,7.3521212208951518e-06
2.6825,7.3426677889842756e-06
2.685,7.333956277423669e-06
2.6875,7.3261254213198005e-06
2.69,7.3193331844686155e-06
2.6925,7.3136855049376391e-06
2.695,7.3092647760546063e-06
2.6975,7.3062073065811667e-06
2.7,7.3045472984347434e-06
2.7025,7.3043719975028579e-06
2.705,7.3056280480726077e-06
2.7075,7.3082974971845927e-06
2.71,7.3125674975814443e-06
2.7125,7.3183305652921329e-06
2.715,7.3252589479747158e-06
2.7175,7.3334233920781448e-06
2.72,7.3427491218684313e-06
2.7225,7.3531697296932879e-06
2.725,7.3642873947024399e-06
2.7275,7.3758185764795649e-06
2.73,7.3883567772683964e-06
2.7325,7.4013554287985916e-06
2.735,7.4141694596175713e-06
2.7375,7.4269495161895165e-06
2.74,7.4395928366759727e-06
2.7425,7.4518099786001584e-06
2.745,7.4634118444114672e-06
2.7475,7.4742596798456291e-06
2.75,7.4841980702376387e-06
2.7525,7.4930914973014483e-06
2.755,7.5007640312124908e-06
2.7575,7.5071255602797056e-06
2.76,7.5121312723985878e-06
2.7625,7.5157156048402077e-06
2.765,7.5177781737991804e-06
2.7675,7.5183695097915456e-06
2.77,7.5174933997365848e-06
2.7725,7.5150973819473352e-06
2.775,7.5113215567244811e-06
2.7775,7.5062253096271098e-06
2.78,7.4998771246884231e-06
2.7825,7.4924095612953738e-06
2.785,7.4838286308140022e-06
2.7875,7.474424447575698e-06
2.79,7.4642893058384189e-06
2.7925,7.4535570248680936e-06
2.795,7.4424342696189886e-06
2.7975,7.4310876774900433e-06
2.8,7.4196811872155419e-06
2.8025,7.4084578477113251e-06
2.805,7.3975319783368147e-06
2.8075,7.3870903463034981e-06
2.81,7.3773355917352522e-06
2.8125,7.3684591249963066e-06
2.815,7.360479511203736e-06
2.8175,7.3535998372412641e-06
2.82,7.3479551665980349e-06
2.8225,7.3437442026621643e-06
2.825,7.340971586768849e-06
2.8275,7.3396255492300476e-06
2.83,7.3397643136098155e-06
2.8325,7.341432479881577e-06
2.835,7.3445291034179929e-06
2.8375,7.349236984394992e-06
2.84,7.3553382020229461e-06
2.8425,7.3628053197372502e-06
2.845,7.3715121104229487e-06
2.8475,7.3813609129784847e-06
2.85,7.3922764046669452e-06
2.8525,7.4036141084740611e-06
2.855,7.4155335725969835e-06
2.8575,7.4281120285039534e-06
2.86,7.4411033840171967e-06
2.8625,7.4540232833117767e-06
2.865,7.4669384685917946e-06
2.8675,7.4794499748413732e-06
2.87,7.4913286471322346e-06
2.8725,7.5025107106709668e-06
2.875,7.5129045285238687e-06
2.8775,7.5222979477587486e-06
2.88,7.5304961774166768e-06
2.8825,7.5374043001603247e-06
2.885,7.5429624008035628e-06
2.8875,7.5471138778574256e-06
2.89,7.5497762633008806e-06
2.8925,7.5509180837007966e-06
2.895,7.5505835438914449e-06
2.8975,7.5487759848230744e-06
2.9,7.5454450776683782e-06
2.9025,7.5406943176389433e-06
2.905,7.5346271051780745e-06
2.9075,7.5272996074641722e-06
2.91,7.5189010805486493e-06
2.9125,7.5095190457916973e-06
2.915,7.4993431046729897e-06
2.9175,7.488434760633147e-06
2.92,7.4770184324978001e-06
2.9225,7.4653367218983945e-06
2.925,7.4535510178402624e-06
2.9275,7.4417666477406637e-06
2.93,7.4302020639618364e-06
2.9325,7.4190626751936208e-06
2.935,7.4085300868824097e-06
2.9375,7.3988011769515765e-06
2.94,7.389999027495103e-06
2.9425,7.3822251529711538e-06
2.945,7.3756424867597203e-06
2.9475,7.3704243567875641e-06
2.95,7.3666257509130239e-06
2.9525,7.3643143983933815e-06
2.955,7.3635258264756702e-06
2.9575,7.3643366296178967e-06
2.96,7.3666093327927096e-06
2.9625,7.3703580705742989e-06
2.965,7.3759137706781673e-06
2.9675,7.3826051855052093e-06
2.97,7.3906759934193659e-06
2.9725,7.3999465112955238e-06
2.975,7.4103357373639518e-06
2.9775,7.4214768314487762e-06
2.98,7.4330142065697278e-06
2.9825,7.4454763132448061e-06
2.985,7.4585605246341155e-06
2.9875,7.4714264745260653e-06
2.99,7.4842096828033909e-06
2.9925,7.4968076103765123e-06
2.995,7.5089576495679996e-06
2.9975,7.5204553611328787e-06
3.0,7.5311429805339334e-06
3.0025,7.5408790743528216e-06
3.005,7.5494501051275175e-06
3.0075,7.5567402828091276e-06
3.01,7.5626746491180453e-06
3.0125,7.5670391660202031e-06
3.015,7.5700121839050659e-06
3.0175,7.5714836806020866e-06
3.02,7.5713821306795087e-06
3.0225,7.5698152021862217e-06
3.025,7.5667456115437302e-06
3.0275,7.5621723018227591e-06
3.03,7.5561455227891282e-06
3.0325,7.5487091964491029e-06
3.035,7.5401720419829757e-06
3.0375,7.530636936001349e-06
3.04,7.5202367409499274e-06
3.0425,7.5091270699771987e-06
3.045,7.4974779992289531e-06
3.0475,7.4854620798461681e-06
3.05,7.4732577197647807e-06
3.0525,7.4609695424905295e-06
3.055,7.4488229703071687e-06
3.0575,7.4370523039122704e-06
3.06,7.4258594395292993e-06
3.0625,7.4154601727901474e-06
3.065,7.4060183514544121e-06
3.0675,7.3976120073855662e-06
3.07,7.3903524811949526e-06
3.0725,7.3844064896021838e-06
3.075,7.3798875116917722e-06
3.0775,7.3769178747881505e-06
3.08,7.3755234111033688e-06
3.0825,7.3757010472810062e-06
3.085,7.3775174402432414e-06
3.0875,7.3808787146447763e-06
3.09,7.3858866561335853e-06
3.0925,7.392392506821507e-06
3.095,7.4001992733612004e-06
3.0975,7.4093717183156839e-06
3.1,7.4197101838652743e-06
3.1025,7.4310946595772115e-06
3.105,7.4429472252220641e-06
3.1075,7.4553326819103307e-06
3.11,7.4686165052164084e-06
3.1125,7.4820083304020951e-06
3.115,7.4951443600056629e-06
3.1175,7.5082625996641307e-06
3.12,7.5209729877404627e-06
3.1225,7.5327993877525969e-06
3.125,7.5440381964204606e-06
3.1275,7.554504728049385e-06
3.13,7.5638280867787425e-06
3.1325,7.5718104144017909e-06
3.135,7.5783326980849029e-06
3.1375,7.5833514292005079e-06
3.14,7.5868548175413515e-06
3.1425,7.5888202316931426e-06
3.145,7.5891913928383138e-06
3.1475,7.5879462114901854e-06
3.15,7.585101188916915e-06
3.1525,7.5806905206127559e-06
3.155,7.5747856504860946e-06
3.1575,7.5675748152878201e-06
3.16,7.5591753019342626e-06
3.1625,7.5496760480913401e-06
3.165,7.5392093173212817e-06
3.1675,7.5278754464995652e-06
3.17,7.5159447914221441e-06
3.1725,7.5035302647726117e-06
3.175,7.4908035131299127e-06
3.1775,7.4780633779303683e-06
3.18,7.465458788171425e-06
3.1825,7.4531701886060749e-06
3.185,7.4413995125857694e-06
3.1875,7.4303053940437786e-06
3.19,7.4201298963352111e-06
3.1925,7.4110116248976793e-06
3.195,7.4031231429534107e-06
3.1975,7.3965650020594104e-06
3.2,7.3913903486918796e-06
3.2025,7.3877377962830072e-06
3.205,7.3857342740328927e-06
3.2075,7.3853919551567479e-06
3.21,7.3867012916863301e-06
3.2125,7.389706052107021e-06
3.215,7.3942191120475111e-06
3.2175,7.4004763792635633e-06
3.22,7.4082718757834102e-06
3.2225,7.4168428878065652e-06
3.225,7.4277717442262902e-06
3.2275,7.4386721797224552e-06
3.23,7.4513984733721797e-06
3.2325,7.4633826437711331e-06
3.235,7.477276358221552e-06
3.2375,7.490779148472683e-06
3.24,7.5049071689241499e-06
3.2425,7.5180806660950346e-06
3.245,7.5317772020375758e-06
3.2475,7.5445103170230041e-06
3.25,7.55654302649337e-06
3.2525,7.5675125076393876e-06
3.255,7.5774630616409867e-06
3.2575,7.5861826022841555e-06
3.26,7.5934473202938685e-06
3.2625,7.5992864783712305e-06
3.265,7.603458565141095e-06
3.2675,7.6061419066263394e-06
3.27,7.6072072536323759e-06
3.2725,7.6065621989581023e-06
3.275,7.604293851547628e-06
3.2775,7.6004028306631476e-06
3.28,7.5949106049813349e-06
3.2825,7.5879169592265017e-06
3.285,7.5795984813164364e-06
3.2875,7.5700989478878797e-06
3.29,7.5598565523122682e-06
3.2925,7.5477868979283136e-06
3.295,7.5362418011435901e-06
3.2975,7.5237211109310859e-06
3.3,7.5103437500202589e-06
3.3025,7.496964463834634e-06
3.305,7.4841122614111409e-06
3.3075,7.4706289556121687e-06
3.31,7.45763001129636e-06
3.3125,7.4464935689213323e-06
3.315,7.4357607968251724e-06
3.3175,7.4257772916919616e-06
3.32,7.4162515803798652e-06
3.3225,7.4085052137598958e-06
3.325,7.4028524160056786e-06
3.3275,7.3980566522821046e-06
3.33,7.3948498511831738e-06
3.3325,7.3935843525676211e-06
3.335,7.3940476364377164e-06
3.3375,7.3961368636965175e-06
3.34,7.3998587719513507e-06
3.3425,7.4053025875162406e-06
3.345,7.4123433711183966e-06
3.3475,7.4207052250297458e-06
3.35,7.4304608334842995e-06
3.3525,7.4414462687635444e-06
3.355,7.4535580769358021e-06
3.3575,7.4660950921016778e-06
3.36,7.4791644907953708e-06
3.3625,7.4931872122984261e-06
3.365,7.507276894157252e-06
3.3675,7.5206869466728607e-06
3.37,7.5352067239013263e-06
3.3725,7.5478756624698299e-06
3.375,7.5602057394868481e-06
3.3775,7.5723726164477538e-06
3.38,7.5832895258257367e-06
3.3825,7.5927469980692269e-06
3.385,7.6008394476304489e-06
3.3875,7.6075266649976656e-06
3.39,7.6126711206863858e-06
3.3925,7.6162027222452638e-06
3.395,7.6180238198638955e-06
3.3975,7.6181497241059201e-06
3.4,7.6165924371689946e-06
3.4025,7.6133743100959739e-06
3.405,7.608637605559651e-06
3.4075,7.6023858618254943e-06
3.41,7.5947001423251914e-06
3.4125,7.5856557367254071e-06
3.415,7.5754131959420235e-06
3.4175,7.5641527873597725e-06
3.42,7.5520197207781499e-06
3.4225,7.5392838267156534e-06
3.425,7.5261051619800673e-06
3.4275,7.5125838282646064e-06
3.43,7.4989695939110702e-06
3.4325,7.4854742175331756e-06
3.435,7.4723796498845718e-06
3.4375,7.4598532905396524e-06
3.44,7.4479859318796856e-06
3.4425,7.4370035349184688e-06
3.445,7.4271063460156053e-06
3.4475,7.4184835374273858e-06
3.45,7.4112827499848948e-06
3.4525,7.4055459077669717e-06
3.455,7.4013900114971942e-06
3.4575,7.3989092860649975e-06
3.46,7.3981485809354674e-06
3.4625,7.3990884636453622e-06
3.465,7.4017815314022797e-06
3.4675,7.4060717333958837e-06
3.47,7.4122681710612066e-06
3.4725,7.4197045652457368e-06
3.475,7.4286744789199045e-06
3.4775,7.4389555691301139e-06
3.48,7.4503814272603918e-06
3.4825,7.4626303078072371e-06
3.485,7.4752574245471282e-06
3.4875,7.4888266601343648e-06
3.49,7.5029733998086189e-06
3.4925,7.5168461325240557e-06
3.495,7.5305886213059437e-06
3.4975,7.5441373293784879e-06
3.5,7.5571023390620775e-06
3.5025,7.5692702673280731e-06
3.505,7.5805303823996547e-06
3.5075,7.5906790816304617e-06
3.51,7.599539523584469e-06
3.5125,7.6070506064438437e-06
3.515,7.6130467113269314e-06
3.5175,7.6174086009656065e-06
3.52,7.6201451114087738e-06
3.5225,7.62117188971263e-06
3.525,7.6205128943740037e-06
3.5275,7.6181465756325337e-06
3.53,7.6141709184524143e-06
3.5325,7.6086443905060875e-06
3.535,7.6016080558192785e-06
3.5375,7.5931847187379066e-06
3.54,7.5835092026851087e-06
3.5425,7.5727327662252201e-06
3.545,7.5613640561104829e-06
3.5475,7.5481610874913663e-06
3.55,7.5360184578889974e-06
3.5525,7.5220332029478393e-06
3.555,7.5090720914632096e-06
3.5575,7.4952962074645929e-06
3.56,7.4817343449966765e-06
3.5625,7.4689660613880474e-06
3.565,7.4568286831128522e-06
3.5675,7.4454278433175639e-06
3.57,7.4350811865978464e-06
3.5725,7.4258552687047969e-06
3.575,7.4176487070053224e-06
3.5775,7.4114550215425436e-06
3.58,7.406923041820881e-06
3.5825,7.4029847526393429e-06
3.585,7.4013296377218834e-06
3.5875,7.4015366331448973e-06
3.59,7.4041203587208067e-06
3.5925,7.4069661852591218e-06
3.595,7.4123006213653293e-06
3.5975,7.4190147751297548e-06
3.6,7.4277698798486465e-06
3.6025,7.4373087491121804e-06
3.605,7.447913573433682e-06
3.6075,7.4598155730193672e-06
3.61,7.4718837606033551e-06
3.6125,7.4857130919790747e-06
3.615,7.4985838155074675e-06
3.6175,7.5134367521003847e-06
3.62,7.5269524691327965e-06
3.6225,7.5405951141711169e-06
3.625,7.5541333652998023e-06
3.6275,7.5667324451357859e-06
3.63,7.5782958121064411e-06
3.6325,7.588859529227128e-06
3.635,7.5982327360751357e-06
3.6375,7.6062751423844718e-06
3.64,7.6128719558190677e-06
3.6425,7.6179472595970311e-06
3.645,7.6214714641994352e-06
3.6475,7.6233212321709137e-06
3.65,7.6234486860116106e-06
3.6525,7.6218438729459041e-06
3.655,7.6185539247590655e-06
3.6575,7.6136797054696984e-06
3.66,7.6073491816006603e-06
3.6625,7.5996398432967875e-06
3.665,7.5905748012741475e-06
3.6675,7.5803527949505937e-06
3.67,7.5691671274639989e-06
3.6725,7.5571511571936487e-06
3.675,7.544529684820088e-06
3.6775,7.5314648695432558e-06
3.68,7.5180542767011229e-06
3.6825,7.5045836713239434e-06
3.685,7.4912625709081956e-06
3.6875,7.4783352542622958e-06
3.69,7.4659647664720231e-06
3.6925,7.4542890193370022e-06
3.695,7.4435730678815529e-06
3.6975,7.4339727330693919e-06
3.7,7.4256344172356669e-06
3.7025,7.4186815258510424e-06
3.705,7.4132459650970278e-06
3.7075,7.4094317502929878e-06
3.71,7.4073017281430119e-06
3.7125,7.4068279413373355e-06
3.715,7.4080667391364401e-06
3.7175,7.4110532668703524e-06
3.72,7.4156514602845951e-06
3.7225,7.4221347082524799e-06
3.725,7.4298213399928522e-06
3.7275,7.4390223930038664e-06
3.73,7.4495025933874955e-06
3.7325,7.4611012963167777e-06
3.735,7.4734907439101916e-06
3.7375,7.486196594096802e-06
3.74,7.4998554676677909e-06
3.7425,7.513991194673705e-06
3.745,7.5278310450872326e-06
3.7475,7.5415762014987968e-06
3.75,7.5549838810201348e-06
3.7525,7.5678026115303113e-06
3.755,7.5797987027393729e-06
3.7575,7.5907953038061804e-06
3.76,7.600708848970398e-06
3.7625,7.6093135979194562e-06
3.765,7.6164809592456827e-06
3.7675,7.6221013964714965e-06
3.77,7.6261013717345247e-06
3.7725,7.6284152629936698e-06
3.775,7.6290274476542739e-06
3.7775,7.6279689408921807e-06
3.78,7.6251999099527671e-06
3.7825,7.6207989592438261e-06
3.785,7.6148811290847357e-06
3.7875,7.6074823609757557e-06
3.79,7.5987351218519657e-06
3.7925,7.5887669135026597e-06
3.795,7.5780713808790062e-06
3.7975,7.565521566226336e-06
3.8,7.553844367321555e-06
3.8025,7.5401029813359025e-06
3.805,7.5273700850382333e-06
3.8075,7.5135443831306581e-06
3.81,7.4999384478489364e-06
3.8125,7.4869345546487468e-06
3.815,7.4743590639825618e-06
3.8175,7.462406309032077e-06
3.82,7.4509521009710756e-06
3.8225,7.4414944656631501e-06
3.825,7.4326998588232103e-06
3.8275,7.4244691568561802e-06
3.83,7.4184570461311669e-06
3.8325,7.4140339069828382e-06
3.835,7.4113188614983512e-06
3.8375,7.4105908689090122e-06
3.84,7.4102934132506071e-06
3.8425,7.4130025399283718e-06
3.845,7.4169434674362308e-06
3.8475,7.4224478498218038e-06
3.85,7.4295110929033485e-06
3.8525,7.438141441872819e-06
3.855,7.4481795955133586e-06
3.8575,7.4594266730626861e-06
3.86,7.4717052282818187e-06
3.8625,7.4843356118097501e-06
3.865,7.4976244922555011e-06
3.8675,7.5117498403145262e-06
3.87,7.525656409147695e-06
3.8725,7.5389611516968781e-06
3.875,7.5534174207410391e-06
3.8775,7.5658586845307181e-06
3.88,7.5779277153568319e-06
3.8825,7.5897891895478671e-06
3.885,7.6003207623166654e-06
3.8875,7.6093037752919417e-06
3.89,7.6168995899934078e-06
3.8925,7.6230360417486148e-06
3.895,7.6276252549644969e-06
3.8975,7.6305388642404434e-06
3.9,7.6317083473506293e-06
3.9025,7.6311878003075014e-06
3.905,7.6289876603570708e-06
3.9075,7.6251815510498343e-06
3.91,7.6198730679823451e-06
3.9125,7.6130427209358424e-06
3.915,7.6047563790063509e-06
3.9175,7.5951449357089229e-06
3.92,7.5843712040614521e-06
3.9225,7.5726425318374178e-06
3.925,7.5601559999453398e-06
3.9275,7.5470638469997738e-06
3.93,7.5335879710169337e-06
3.9325,7.5198527113283547e-06
3.935,7.5061181576370007e-06
3.9375,7.4925581661772342e-06
3.94,7.479399314063861e-06
3.9425,7.4668437070077051e-06
3.945,7.4550919408008654e-06
3.9475,7.4443033155657912e-06
3.95,7.434701081366773e-06
3.9525,7.4263973908372131e-06
3.955,7.41949386347468e-06
3.9575,7.4141471436413347e-06
3.96,7.4104669115176248e-06
3.9625,7.4084855123516773e-06
3.965,7.4082295014690079e-06
3.9675,7.4097141629617787e-06
3.97,7.4129473132242933e-06
3.9725,7.4178734875167907e-06
3.975,7.4246434506717732e-06
3.9775,7.4326360325064673e-06
3.98,7.4421096830381266e-06
3.9825,7.4528644918144233e-06
3.985,7.4647476201794154e-06
3.9875,7.4772790304687141e-06
3.99,7.4902074552802793e-06
3.9925,7.5041381414548974e-06
3.995,7.5183620434665309e-06
3.9975,7.532229628406281e-06
4.0,7.5460167878305313e-06
4.0025,7.5594692246520607e-06
4.005,7.5722813551150539e-06
4.0075,7.584191581984376e-06
4.01,7.5950893514700816e-06
4.0125,7.6048853496060376e-06
4.015,7.6133488367413005e-06
4.0175,7.6203348659706086e-06
4.02,7.6257391228032167e-06
4.0225,7.629523239302393e-06
4.025,7.6315965532531989e-06
4.0275,7.6319588366475043e-06
4.03,7.6305934926390465e-06
4.0325,7.6274915720610861e-06
4.035,7.6227387859854088e-06
4.0375,7.6164688706820993e-06
4.04,7.6087443021041186e-06
4.0425,7.5996603097053703e-06
4.045,7.5893316078822495e-06
4.0475,7.578226601943936e-06
4.05,7.5652811773253445e-06
4.0525,7.5532054222249274e-06
4.055,7.5390575513406532e-06
4.0575,7.525937450747966e-06
4.06,7.5118160925607851e-06
4.0625,7.4979468607227706e-06
4.065,7.4846701379486372e-06
4.0675,7.4718103843099621e-06
4.07,7.459624468592635e-06
4.0725,7.4482381692017751e-06
4.075,7.4380106497821923e-06
4.0775,7.4290706027505801e-06
4.08,7.4212039655355019e-06
4.0825,7.4154119420391885e-06
4.085,7.4112218899631285e-06
4.0875,7.4078199944606876e-06
4.09,7.4072277425347201e-06
4.0925,7.4072487861135538e-06
4.095,7.4101114349615689e-06
4.0975,7.4142156818636895e-06
4.1,7.4200456951436961e-06
4.1025,7.4274069084556507e-06
4.105,7.436351469090434e-06
4.1075,7.4463638447011342e-06
4.11,7.4584184022964997e-06
4.1125,7.4700883446328682e-06
4.115,7.4831375280646127e-06
4.1175,7.4971812111012117e-06
4.12,7.5109957396679698e-06
4.1225,7.5258474719690488e-06
4.125,7.5389180436654963e-06
4.1275,7.5533761941322703e-06
4.13,7.5663166109058448e-06
4.1325,7.578523336865557e-06
4.135,7.5903102802807237e-06
4.1375,7.6009721656992523e-06
4.14,7.6102075101209181e-06
4.1425,7.6180150452412316e-06
4.145,7.6242649583058392e-06
4.1475,7.6288794722830132e-06
4.15,7.6317812348692953e-06
4.1525,7.632950293800948e-06
4.155,7.6324884632385655e-06
4.1575,7.6304395730571613e-06
4.16,7.6267532982433265e-06
4.1625,7.6214459859928622e-06
4.165,7.6144979535514974e-06
4.1675,7.6061353298128514e-06
4.17,7.5964980034802623e-06
4.1725,7.5857811585378226e-06
4.175,7.5740836341918713e-06
4.1775,7.561570072532303e-06
4.18,7.5484540476082693e-06
4.1825,7.5349408531069814e-06
4.185,7.5211757834258043e-06
4.1875,7.507428013718783e-06
4.19,7.4938740330197669e-06
4.1925,7.4807703374531939e-06
4.195,7.4682928866118483e-06
4.1975,7.4566340062890074e-06
4.2,7.4459255539727453e-06
4.2025,7.4364188055695865e-06
4.205,7.4282546425841615e-06
4.2075,7.4215472614820577e-06
4.21,7.4163969710069888e-06
4.2125,7.4129101612323654e-06
4.215,7.4111138543865297e-06
4.2175,7.4110044031821195e-06
4.22,7.4126255331272101e-06
4.2225,7.4160188828345912e-06
4.225,7.4211141479075117e-06
4.2275,7.4279508275212898e-06
4.23,7.4360730074867965e-06
4.2325,7.4456569430690111e-06
4.235,7.4565205888466537e-06
4.2375,7.4684880898742219e-06
4.24,7.4810308586338144e-06
4.2425,7.4940573413934215e-06
4.245,7.5081198673927754e-06
4.2475,7.5223454376780782e-06
4.25,7.5362848131268288e-06
4.2525,7.550156283407057e-06
4.255,7.5635906211658885e-06
4.2575,7.5763699782752232e-06
4.26,7.5882938097582738e-06
4.2625,7.5991530121967626e-06
4.265,7.6088361346155201e-06
4.2675,7.6171630949102858e-06
4.27,7.6239910892702979e-06
4.2725,7.6292661879739179e-06
4.275,7.6329190948424431e-06
4.2775,7.6348754477505253e-06
4.28,7.6350937543015132e-06
4.2825,7.6335672548754332e-06
4.285,7.6303505302195286e-06
4.2875,7.625581326555101e-06
4.29,7.6192785217982366e-06
4.2925,7.6115535189608346e-06
4.295,7.6027508275998017e-06
4.2975,7.5917755455073232e-06
4.3,7.5812763264720985e-06
4.3025,7.5684074888353035e-06
4.305,7.5563558335902409e-06
4.3075,7.5426345631375579e-06
4.31,7.5289380905910019e-06
4.3125,7.5154216343322271e-06
4.315,7.5018793563707076e-06
4.3175,7.4886368410125114e-06
4.32,7.4758810095067933e-06
4.3225,7.4639043951690091e-06
4.325,7.4527415801214767e-06
4.3275,7.4427367605433389e-06
4.33,7.4340442579541422e-06
4.3325,7.4266592934289578e-06
4.335,7.420826486302804e-06
4.3375,7.4166690464489607e-06
4.34,7.4141027409390496e-06
4.3425,7.4132759420478879e-06
4.345,7.4141655909386463e-06
4.3475,7.4167520174324135e-06
4.35,7.4205408629014986e-06
4.3525,7.427562302395692e-06
4.355,7.4345336639326336e-06
4.3575,7.443288530397178e-06
4.36,7.4537734259065897e-06
4.3625,7.4653646357714677e-06
4.365,7.4770329530951897e-06
4.3675,7.490797004069295e-06
4.37,7.5035330621943976e-06
4.3725,7.518395720188367e-06
4.375,7.5315738366714409e-06
4.3775,7.5459877404255157e-06
4.38,7.5589963877039061e-06
4.3825,7.5717137681282415e-06
4.385,7.5841884936497783e-06
4.3875,7.5955226636281784e-06
4.39,7.6055225318605126e-06
4.3925,7.6141809823056973e-06
4.395,7.6214791641440066e-06
4.3975,7.6272487713299062e-06
4.4,7.6314032010185258e-06
4.4025,7.6338855652262467e-06
4.405,7.634673298223102e-06
4.4075,7.6338005743525989e-06
4.41,7.6312136640007499e-06
4.4125,7.6269671785598305e-06
4.415,7.6211431647692635e-06
4.4175,7.6138156734023909e-06
4.42,7.6051807827049038e-06
4.4225,7.5953089774562041e-06
4.425,7.5843468512783962e-06
4.4275,7.5723978764190891e-06
4.43,7.5596717704773459e-06
4.4325,7.5464853348700901e-06
4.435,7.5329536914373887e-06
4.4375,7.5192480875605431e-06
4.44,7.5055375773770159e-06
4.4425,7.4920928441450575e-06
4.445,7.4791013396025741e-06
4.4475,7.4667395676640688e-06
4.45,7.4552381414444911e-06
4.4525,7.4447636401122993e-06
4.455,7.4354964593302998e-06
4.4575,7.4275992349433239e-06
4.46,7.4211290217167933e-06
4.4625,7.4162091236416262e-06
4.465,7.4129583563548011e-06
4.4675,7.4114365784678614e-06
4.47,7.4116290106824785e-06
4.4725,7.4135536192969037e-06
4.475,7.4172036911905331e-06
4.4775,7.4226166351566217e-06
4.48,7.4296568113207988e-06
4.4825,7.4380607976781354e-06
4.485,7.4478661040800236e-06
4.4875,7.4589226073654568e-06
4.49,7.4710159035389178e-06
4.4925,7.483588321043934e-06
4.495,7.49670988059521e-06
4.4975,7.5107621978826296e-06
4.5,7.5248715697031138e-06
4.5025,7.5387141064711787e-06
4.505,7.5524772401422936e-06
4.5075,7.5657030818773092e-06
4.51,7.5781919412525048e-06
4.5125,7.589827974433385e-06
4.515,7.6003607213297764e-06
4.5175,7.6096730005674617e-06
4.52,7.6176229473493097e-06
4.5225,7.6240590145050893e-06
4.525,7.6289282924394454e-06
4.5275,7.6321341055905604e-06
4.53,7.6336133317538824e-06
4.5325,7.6334156074111363e-06
4.535,7.6315229045316544e-06
4.5375,7.6279215995736458e-06
4.54,7.6227040235686392e-06
4.5425,7.615981887691126e-06
4.545,7.6078466180338599e-06
4.5475,7.5983875710187244e-06
4.55,7.5880260962031022e-06
4.5525,7.5757058310604449e-06
4.555,7.5641806007299419e-06
4.5575,7.5504463344633553e-06
4.56,7.5376147547468599e-06
4.5625,7.5235348987096156e-06
4.565,7.5095810309193044e-06
4.5675,7.4961099716102542e-06
4.57,7.4829578435747778e-06
4.5725,7.4702852023685413e-06
4.575,7.4584002865864856e-06
4.5775,7.4474159319385366e-06
4.58,7.4376314255841382e-06
4.5825,7.4291560632259879e-06
4.585,7.4220222130147302e-06
4.5875,7.4164676233132726e-06
4.59,7.4126141495324139e-06
4.5925,7.4104426379752574e-06
4.595,7.4099439923940731e-06
4.5975,7.4112144575810965e-06
4.6,7.4141954240154342e-06
4.6025,7.4187621993522351e-06
4.605,7.4253286394264067e-06
4.6075,7.4332285280758336e-06
4.61,7.4426162813925589e-06
4.6125,7.4532709756668721e-06
4.615,7.4651878829539988e-06
4.6175,7.4771561367581177e-06
4.62,7.4911936079976445e-06
4.6225,7.5042824749769043e-06
4.625,7.5193147259617806e-06
4.6275,7.5326706915835307e-06
4.63,7.5472663906106667e-06
4.6325,7.5603147724758335e-06
4.635,7.5738632400965449e-06
4.6375,7.5857641497728868e-06
4.64,7.5967202797163256e-06
4.6425,7.6070986302637397e-06
4.645,7.6159629620993592e-06
4.6475,7.6231224839120167e-06
4.65,7.6287103545870154e-06
4.6525,7.6327522337840051e-06
4.655,7.6351395707073853e-06
4.6575,7.6357975523225961e-06
4.66,7.6346846253019456e-06
4.6625,7.6318748586025562e-06
4.665,7.627427955112186e-06
4.6675,7.6214743104167275e-06
4.67,7.6140594052282064e-06
4.6725,7.6052400305397635e-06
4.675,7.5950899585396012e-06
4.6775,7.583913308790789e-06
4.68,7.5718626749195205e-06
4.6825,7.5590515692625931e-06
4.685,7.5457558316620691e-06
4.6875,7.5321009618023781e-06
4.69,7.5182828088524649e-06
4.6925,7.504540737252048e-06
4.695,7.4910774183167422e-06
4.6975,7.478075952491659e-06
4.7,7.4657847025468093e-06
4.7025,7.4543987749502237e-06
4.705,7.4440989220573811e-06
4.7075,7.434997806269696e-06
4.71,7.4272581934900842e-06
4.7125,7.4209809631044801e-06
4.715,7.4163160788910199e-06
4.7175,7.4133674600935033e-06
4.72,7.4121394991580978e-06
4.7225,7.4126191243744804e-06
4.725,7.414855599436213e-06
4.7275,7.4187665052872712e-06
4.73,7.4245359337637057e-06
4.7325,7.4318047207689822e-06
4.735,7.4405050438222013e-06
4.7375,7.4505847628662147e-06
4.74,7.4618409078106738e-06
4.7425,7.474159326098213e-06
4.745,7.486926775109532e-06
4.7475,7.5003186255096827e-06
4.75,7.5145998815906766e-06
4.7525,7.52880319825171e-06
4.755,7.5428161161262372e-06
4.7575,7.5566329483195375e-06
4.76,7.5698940664724542e-06
4.7625,7.5824415120931137e-06
4.765,7.5940843982198205e-06
4.7675,7.6046306714707597e-06
4.77,7.6138985885919698e-06
4.7725,7.6217842342885882e-06
4.775,7.628161823481286e-06
4.7775,7.6329552452322384e-06
4.78,7.6360474884822113e-06
4.7825,7.6373694781082224e-06
4.785,7.6370417676263753e-06
4.7875,7.6350380801543157e-06
4.79,7.6314690690747321e-06
4.7925,7.6256572098425316e-06
4.795,7.6193304072200083e-06
4.7975,7.6111591792889538e-06
4.8,7.6007513987714355e-06
4.8025,7.590888760328478e-06
4.805,7.5784605726516124e-06
4.8075,7.5667310293856487e-06
4.81,7.5528841388397273e-06
4.8125,7.5400260532329097e-06
4.815,7.5258792521759024e-06
4.8175,7.5118666692688687e-06
4.82,7.4984333610769888e-06
4.8225,7.4853170442232073e-06
4.825,7.4726664298137104e-06
4.8275,7.4607948991763989e-06
4.83,7.4498680176069067e-06
4.8325,7.4401639789737668e-06
4.835,7.4317923538196927e-06
4.8375,7.4247787021854372e-06
4.84,7.4193656610475079e-06
4.8425,7.41547038380428e-06
4.845,7.4134957760986736e-06
4.8475,7.4137644455928932e-06
4.85,7.4143185715273272e-06
4.8525,7.4180694476392185e-06
4.855,7.4223329661248895e-06
4.8575,7.4288794062421872e-06
4.86,7.4370498427104288e-06
4.8625,7.4465467793168845e-06
4.865,7.4571845889970721e-06
4.8675,7.4690920497174433e-06
4.87,7.481607882284792e-06
4.8725,7.4945811821855281e-06
4.875,7.5077197003250328e-06
4.8775,7.5229996044818369e-06
4.88,7.5363941289540338e-06
4.8825,7.5497733490662718e-06
4.885,7.5641859944075695e-06
4.8875,7.5763867933239315e-06
4.89,7.5879479124699991e-06
4.8925,7.5992441227906483e-06
4.895,7.6092190346649668e-06
4.8975,7.6175235589010724e-06
4.9,7.6242945349151055e-06
4.9025,7.6296120114994735e-06
4.905,7.6333962180335528e-06
4.9075,7.6354602962035699e-06
4.91,7.6358068817910141e-06
4.9125,7.6343818583736061e-06
4.915,7.6313069813606284e-06
4.9175,7.6266988038918911e-06
4.92,7.6205165612450911e-06
4.9225,7.6127954178127171e-06
4.925,7.6036448043351064e-06
4.9275,7.593314052417973e-06
4.93,7.5819833755518114e-06
4.9325,7.5698280641810398e-06
4.935,7.556992351818375e-06
4.9375,7.5436562174403692e-06
4.94,7.5299412176737127e-06
4.9425,7.5161001607066623e-06
4.945,7.5023767387478713e-06
4.9475,7.489016575692066e-06
4.95,7.4761437582570609e-06
4.9525,7.4639821962640805e-06
4.955,7.4527082685099026e-06
4.9575,7.442540260292468e-06
4.96,7.4336080341938575e-06
4.9625,7.4260768215622541e-06
4.965,7.420039500797854e-06
4.9675,7.4156038115051918e-06
4.97,7.4129019336470433e-06
4.9725,7.4119082701050243e-06
4.975,7.4125901406311372e-06
4.9775,7.4150316460683403e-06
4.98,7.4191230601037429e-06
4.9825,7.4251039133097375e-06
4.985,7.4324512569728366e-06
4.9875,7.4412952756665016e-06
4.99,7.451459439228192e-06
4.9925,7.4627532418396663e-06
4.995,7.4750253969885567e-06
4.9975,7.4877374040916151e-06
5.0,7.501219774335654e-06
5.00025,7.5105642471365232e-06
5.0005,7.5162970791805498e-06
5.00075,7.5178103600381577e-06
5.001,7.5166830275132892e-06
5.00125,7.5149535162910663e-06
5.0015,7.5144609426777981e-06
5.00175,7.5163461589101914e-06
5.002,7.5202557313787129e-06
5.00225,7.5247089183017289e-06
5.0025,7.5277550965793128e-06
5.00275,7.5282093937758685e-06
5.003,7.526088126950167e-06
5.00325,7.5221335776615053e-06
5.0035,7.5177873784067943e-06
5.00375,7.5145817672717075e-06
5.004,7.5136732016210931e-06
5.00425,7.5158788323215504e-06
5.0045,7.5206968097190179e-06
5.00475,7.52707616149568e-06
5.005,7.5336818669431318e-06
5.00525,7.5392921984370604e-06
5.0055,7.5430295732345816e-06
5.00575,7.5444375914556976e-06
5.006,7.5438026973045918e-06
5.00625,7.5418343003604708e-06
5.0065,7.5392747465109782e-06
5.00675,7.5371401026291619e-06
5.007,7.5359379109248217e-06
5.00725,7.5361697260643021e-06
5.0075,7.5378378702419503e-06
5.00775,7.540611558840914e-06
5.008,7.5439924178130737e-06
5.00825,7.5477288743394926e-06
5.0085,7.5511419711581414e-06
5.00875,7.5540809025959637e-06
5.009,7.5564209403313774e-06
5.00925,7.5578700796117988e-06
5.0095,7.5583635164757154e-06
5.00975,7.5582942977995314e-06
5.01,7.558084020808751e-06
5.01025,7.5577989226507186e-06
5.0105,7.5577831547100842e-06
5.01075,7.5584705894713269e-06
5.011,7.5595929453744874e-06
5.01125,7.5612837725013342e-06
5.0115,7.5634538006004216e-06
5.01175,7.5659090309907048e-06
5.012,7.5682140351690314e-06
5.01225,7.5704339726181422e-06
5.0125,7.5724894861236525e-06
5.01275,7.5740821483945429e-06
5.013,7.5751591912078058e-06
5.01325,7.5758112862556397e-06
5.0135,7.5762930028748762e-06
5.01375,7.5769227794859411e-06
5.014,7.5777093107805667e-06
5.01425,7.5785869248935716e-06
5.0145,7.5796564261718974e-06
5.01475,7.5809561034454237e-06
5.015,7.5825692425271163e-06
5.01525,7.5841895066867116e-06
5.0155,7.5855986774898671e-06
5.01575,7.5869035719062775e-06
5.016,7.5881394167500198e-06
5.01625,7.5891947522347828e-06
5.0165,7.5899686111456506e-06
5.01675,7.5906454683851069e-06
5.017,7.5914822110315867e-06
5.01725,7.592281673010372e-06
5.0175,7.5929709350489078e-06
5.01775,7.5937420286628357e-06
5.018,7.5947469522095817e-06
5.01825,7.5958505330610825e-06
5.0185,7.5969279321849837e-06
5.01875,7.5981133785343721e-06
5.019,7.5994880069768803e-06
5.01925,7.6008642874157823e-06
5.0195,7.6021189121975353e-06
5.01975,7.6033362916517793e-06
5.02,7.6046017206162185e-06
5.02025,7.605744595570635e-06
5.0205,7.6066021475403405e-06
5.02075,7.6073325859511959e-06
5.021,7.6082042409585478e-06
5.02125,7.6090776424825374e-06
5.0215,7.6098844498570538e-06
5.02175,7.6107824752058893e-06
5.022,7.611860796906141e-06
5.02225,7.6129409054630526e-06
5.0225,7.6138713964116496e-06
5.02275,7.6147517625160553e-06
5.023,7.6156743608925626e-06
5.02325,7.6165114688552411e-06
5.0235,7.617179290922012e-06
5.02375,7.6178367077356723e-06
5.024,7.6185997302734653e-06
5.02425,7.6193582065796878e-06
5.0245,7.6200172482898697e-06
5.02475,7.620665909474089e-06
5.025,7.6214331804386107e-06
5.02525,7.6221164798456248e-06
5.0255,7.6226301395299257e-06
5.02575,7.6231210661779852e-06
5.026,7.6237164266706634e-06
5.02625,7.6243374567527856e-06
5.0265,7.6248994633920635e-06
5.02675,7.6254880577493703e-06
5.027,7.6261644595393811e-06
5.02725,7.6268016365555342e-06
5.0275,7.6273241806023301e-06
5.02775,7.6278607645240583e-06
5.028,7.6285044704120309e-06
5.02825,7.6291805266533407e-06
5.0285,7.629834385188098e-06
5.02875,7.6305742300753734e-06
5.029,7.6314713610083512e-06
5.02925,7.6324112482218821e-06
5.0295,7.6332917681124555e-06
5.02975,7.6341813527183718e-06
5.03,7.6351167067357898e-06
5.03025,7.6359959675727939e-06
5.0305,7.636749407808832e-06
5.03075,7.6374693345520555e-06
5.031,7.6382357123187012e-06
5.03125,7.6389640091696576e-06
5.0315,7.6395874690361292e-06
5.03175,7.6401856902918406e-06
5.032,7.6408135285790611e-06
5.03225,7.6413669237570067e-06
5.0325,7.6417849145883867e-06
5.03275,7.6421560548427431e-06
5.033,7.6425418749696632e-06
5.03325,7.642869805401252e-06
5.0335,7.643098893894282e-06
5.03375,7.643324600715313e-06
5.034,7.64359579210836e-06
5.03425,7.6438220159993611e-06
5.0345,7.6439479302737702e-06
5.03475,7.6440502302831389e-06
5.035,7.6441761124179889e-06
5.03525,7.6442356938246478e-06
5.0355,7.6441901536730115e-06
5.03575,7.6441211778609737e-06
5.036,7.6440740399050731e-06
5.03625,7.6439870922672763e-06
5.0365,7.6438212687116721e-06
5.03675,7.6436507400038284e-06
5.037,7.6435046244603493e-06
5.03725,7.6433222569560728e-06
5.0375,7.6430746785254886e-06
5.03775,7.6428248790667827e-06
5.038,7.6425952289805579e-06
5.03825,7.6423213689490954e-06
5.0385,7.6419830411868915e-06
5.03875,7.6416521876111524e-06
5.039,7.6413514774086505e-06
5.03925,7.6410263656726712e-06
5.0395,7.6406538710060237e-06
5.03975,7.6402979242105512e-06
5.04,7.6399857164527459e-06
5.04025,7.6396609797156216e-06
5.0405,7.6393141510594135e-06
5.04075,7.6390036729331099e-06
5.041,7.6387333029180525e-06
5.04125,7.6384416799290424e-06
5.0415,7.6381006608183838e-06
5.04175,7.637753829081837e-06
5.042,7.6374041729309919e-06
5.04225,7.6370056939469194e-06
5.0425,7.636548610911468e-06
5.04275,7.6360829184081722e-06
5.043,7.6356024921053331e-06
5.04325,7.6350494148839827e-06
5.0435,7.6344237996456354e-06
5.04375,7.6337663068856594e-06
5.044,7.6330829022966265e-06
5.04425,7.6323433991665844e-06
5.0445,7.6315644529322692e-06
5.04475,7.6307881230418088e-06
5.045,7.6299999425480826e-06
5.04525,7.6291604123453105e-06
5.0455,7.6282746164408558e-06
5.04575,7.6273793445582121e-06
5.046,7.6264607865214551e-06
5.04625,7.6254898417208919e-06
5.0465,7.6244904203507597e-06
5.04675,7.6234959783874731e-06
5.047,7.6224848413020467e-06
5.04725,7.6214273404372647e-06
5.0475,7.6203486481662861e-06
5.04775,7.6192783480281942e-06
5.048,7.6181948787101986e-06
5.04825,7.6170680735340695e-06
5.0485,7.6159237621419286e-06
5.04875,7.6147873456266812e-06
5.049,7.6136307955407461e-06
5.04925,7.6124295786122978e-06
5.0495,7.6112266597619674e-06
5.04975,7.6100569223614302e-06
5.05,7.6088959947353972e-06
5.05025,7.6077226611910745e-06
5.0505,7.606574866860817e-06
5.05075,7.6054687858609158e-06
5.051,7.604362654945126e-06
5.05125,7.6032240611988328e-06
5.0515,7.6020867386316464e-06
5.05175,7.6009733173198229e-06
5.052,7.5998394262444335e-06
5.05225,7.5986721659294064e-06
5.0525,7.5975218671244396e-06
5.05275,7.5963960468328749e-06
5.053,7.595249129091535e-06
5.05325,7.5940722808851783e-06
5.0535,7.5929221639368386e-06
5.05375,7.5918138159224838e-06
5.054,7.5906995483148901e-06
5.05425,7.5895702289722618e-06
5.0545,7.5884642092722833e-06
5.05475,7.587382271534051e-06
5.055,7.5862518058681834e-06
5.05525,7.5850523214807265e-06
5.0555,7.5838274625035933e-06
5.05575,7.5825862432309446e-06
5.056,7.5813062694048719e-06
5.05625,7.5799868728012839e-06
5.0565,7.5786241089032517e-06
5.05675,7.5772845580721972e-06
5.057,7.5759807218384218e-06
5.05725,7.574650874943061e-06
5.0575,7.5733102514804159e-06
5.05775,7.572033422462696e-06
5.058,7.5708414032773524e-06
5.05825,7.5696687792998243e-06
5.0585,7.568389019997557e-06
5.05875,7.5669963849366195e-06
5.059,7.565590126223117e-06
5.05925,7.5642650415516796e-06
5.0595,7.5629820852418571e-06
5.05975,7.5616464664618519e-06
5.06,7.5602537734589294e-06
5.06025,7.5588856662521694e-06
5.0605,7.5576268906249919e-06
5.06075,7.5564413425278688e-06
5.061,7.555205846903621e-06
5.06125,7.5539157107301282e-06
5.0615,7.5526540856239083e-06
5.06175,7.5514746448553605e-06
5.062,7.5503272838046401e-06
5.06225,7.5490884072049323e-06
5.0625,7.5477443992159904e-06
5.06275,7.54639274735766e-06
5.063,7.5451099657519819e-06
5.06325,7.5438549643242616e-06
5.0635,7.5425228577742919e-06
5.06375,7.5411274464817173e-06
5.064,7.5397613524052915e-06
5.06425,7.5385139950292268e-06
5.0645,7.5373411529528816e-06
5.06475,7.5361181345801689e-06
5.065,7.5348302834059686e-06
5.06525,7.5335614177493907e-06
5.0655,7.5323910838487101e-06
5.06575,7.5312576162278457e-06
5.066,7.5300275112614446e-06
5.06625,7.5287104970804536e-06
5.0665,7.5274106235284768e-06
5.06675,7.5262206228557308e-06
5.067,7.5250678280937368e-06
5.06725,7.5238823274868077e-06
5.0675,7.5227005815061491e-06
5.06775,7.5214695268426289e-06
5.068,7.5201837767008368e-06
5.06825,7.5189161955173259e-06
5.0685,7.5177439900216126e-06
5.06875,7.5165890616342559e-06
5.069,7.515405770930356e-06
5.06925,7.5142543403403101e-06
5.0695,7.5130897719842628e-06
5.06975,7.5118975194001884e-06
5.07,7.5107518406783395e-06
5.07025,7.5095861246090117e-06
5.0705,7.508375645009505e-06
5.07075,7.5071672587423205e-06
5.071,7.5060194460588419e-06
5.07125,7.5048589821165488e-06
5.0715,7.5036679810799765e-06
5.07175,7.5024848473005234e-06
5.072,7.5013852471248995e-06
5.07225,7.5002953371845748e-06
5.0725,7.4991635644256388e-06
5.07275,7.4980348859665868e-06
5.073,7.4970075508984775e-06
5.07325,7.4959848507087605e-06
5.0735,7.4949262642109065e-06
5.07375,7.4938620601034494e-06
5.074,7.4928632399312001e-06
5.07425,7.4918454638481665e-06
5.0745,7.4907776042546859e-06
5.07475,7.4896965679966389e-06
5.075,7.4886836839176198e-06
5.07525,7.4876604101668355e-06
5.0755,7.4865744810338454e-06
5.07575,7.4854795391994807e-06
5.076,7.4844612263334843e-06
5.07625,7.483418413901398e-06
5.0765,7.4823240011746926e-06
5.07675,7.4812104140716729e-06
5.077,7.4801689449464788e-06
5.07725,7.4791266327344201e-06
5.0775,7.4780237168289474e-06
5.07775,7.4769136920442342e-06
5.078,7.4758852555234344e-06
5.07825,7.4748318174340736e-06
5.0785,7.4737248378284909e-06
5.07875,7.4726514316982136e-06
5.079,7.4715722284601983e-06
5.07925,7.4705159120254762e-06
5.0795,7.4695333675802072e-06
5.07975,7.4685752843223533e-06
5.08,7.4675960130745162e-06
5.08025,7.4666726881971063e-06
5.0805,7.465748438463815e-06
5.08075,7.4647718677565696e-06
5.081,7.4638651626060549e-06
5.08125,7.4629331145104125e-06
5.0815,7.461983427834967e-06
5.08175,7.4610988256186312e-06
5.082,7.4602192202259139e-06
5.08225,7.4593330674951268e-06
5.0825,7.4584904319436154e-06
5.08275,7.4576462104764468e-06
5.083,7.4567690750629126e-06
5.08325,7.4559713075654983e-06
5.0835,7.4551904879730377e-06
5.08375,7.4543986289504809e-06
5.084,7.4536231657022235e-06
5.08425,7.4529149993948988e-06
5.0845,7.4521909316687603e-06
5.08475,7.451388620633347e-06
5.085,7.4505435583404919e-06
5.08525,7.4497499692733048e-06
5.0855,7.4489713732497472e-06
5.08575,7.4481682186129128e-06
5.086,7.4473729528197468e-06
5.08625,7.4466855562025356e-06
5.0865,7.4460068472838428e-06
5.08675,7.4452837445972726e-06
5.087,7.44455276196356e-06
5.08725,7.4439148154714383e-06
5.0875,7.4432727320510186e-06
5.08775,7.4425931755337519e-06
5.088,7.4419000974246325e-06
5.08825,7.4413041784129217e-06
5.0885,7.4407076995280605e-06
5.08875,7.4400996703425469e-06
5.089,7.439482418030683e-06
5.08925,7.4389715735891889e-06
5.0895,7.4384655899994824e-06
5.08975,7.4379234400878372e-06
5.09,7.4373741027839819e-06
5.09025,7.436941616976253e-06
5.0905,7.436487787124234e-06
5.09075,7.4360022745153196e-06
5.091,7.4355277948477157e-06
5.09125,7.4351480950202075e-06
5.0915,7.4347496408210026e-06
5.09175,7.4343345532021669e-06
5.092,7.4339194686430166e-06
5.09225,7.4335930780429089e-06
5.0925,7.4332548092128411e-06
5.09275,7.4329189243192925e-06
5.093,7.4325964473271073e-06
5.09325,7.4323815341402927e-06
5.0935,7.4321642090093519e-06
5.09375,7.4319350302406617e-06
5.094,7.4317067787876908e-06
5.09425,7.4315539855199685e-06
5.0945,7.4314268278724538e-06
5.09475,7.4312971203302861e-06
5.095,7.4311399289696383e-06
5.09525,7.4311160031508841e-06
5.0955,7.4311055894537375e-06
5.09575,7.4310891721256099e-06
5.096,7.4310592849758607e-06
5.09625,7.4311442087441355e-06
5.0965,7.4311938608937996e-06
5.09675,7.4312169125107808e-06
5.097,7.4312687207486064e-06
5.09725,7.4315216297773005e-06
5.0975,7.431767886827006e-06
5.09775,7.4320148352492664e-06
5.098,7.4323196559629382e-06
5.09825,7.4325556465171645e-06
5.0985,7.4327872728480797e-06
5.09875,7.433111090840395e-06
5.099,7.4334046095495304e-06
5.09925,7.4337164132728876e-06
5.0995,7.4341172486400702e-06
5.09975,7.4344933948963185e-06
5.1,7.4348722117854289e-06
5.10025,7.435341976575694e-06
5.1005,7.4357825952722352e-06
5.10075,7.4362283272209697e-06
5.101,7.4367623557599601e-06
5.10125,7.4372627299012623e-06
5.1015,7.4377626522023026e-06
5.10175,7.4382655555378364e-06
5.102,7.4388697812979824e-06
5.10225,7.4394404965327251e-06
5.1025,7.439996996604566e-06
5.10275,7.4405404103539946e-06
5.103,7.4411767483624292e-06
5.10325,7.4417884960322688e-06
5.1035,7.442404387033202e-06
5.10375,7.4431081346380072e-06
5.104,7.4437683165230509e-06
5.10425,7.4444357706555597e-06
5.1045,7.4451928761164987e-06
5.10475,7.4459041499252605e-06
5.105,7.4466239721563734e-06
5.10525,7.4474177545631336e-06
5.1055,7.4481428929787492e-06
5.10575,7.448860571191865e-06
5.106,7.449664737732373e-06
5.10625,7.4504287395961901e-06
5.1065,7.4512136888404875e-06
5.10675,7.4520971805338549e-06
5.107,7.4529367023769718e-06
5.10725,7.4537854320760417e-06
5.1075,7.4547102794295131e-06
5.10775,7.4555731898571231e-06
5.108,7.4564224908517699e-06
5.10825,7.4573424660312244e-06
5.1085,7.4581842690305732e-06
5.10875,7.4590266862632745e-06
5.109,7.4599407708758361e-06
5.10925,7.4608859434078772e-06
5.1095,7.4617617967586613e-06
5.10975,7.462617175358359e-06
5.11,7.4634618683184928e-06
5.11025,7.4644518195680653e-06
5.1105,7.4654951959025072e-06
5.11075,7.4664639231334476e-06
5.111,7.4673675526527201e-06
5.11125,7.4681915314570351e-06
5.1115,7.4690759356092655e-06
5.11175,7.4700056348910409e-06
5.112,7.47088905238244e-06
5.11225,7.4717397341370519e-06
5.1125,7.4725500297462116e-06
5.11275,7.473461610615737e-06
5.113,7.474429906692683e-06
5.11325,7.4753842327500816e-06
5.1135,7.4763792969164257e-06
5.11375,7.4774237781151874e-06
5.114,7.4786343393409375e-06
5.11425,7.4799067514057345e-06
5.1145,7.4810942401230905e-06
5.11475,7.4822270333460928e-06
5.115,7.4833160332972561e-06
5.11525,7.4844894313607992e-06
5.1155,7.4857269470818477e-06
5.11575,7.4869532031634327e-06
5.116,7.4881624383950605e-06
5.11625,7.4893122217114871e-06
5.1165,7.4904705894583156e-06
5.11675,7.4916083817659026e-06
5.117,7.4926688227348147e-06
5.11725,7.4937273050686412e-06
5.1175,7.4947721600805753e-06
5.11775,7.4958802204109435e-06
5.118,7.4969723028184135e-06
5.11825,7.4980021008203146e-06
5.1185,7.4991416492743071e-06
5.11875,7.5004069715213558e-06
5.119,7.501854610789574e-06
5.11925,7.5033588169825664e-06
5.1195,7.5048085525011464e-06
5.11975,7.5062437071172197e-06
5.12,7.5076414728154424e-06
5.12025,7.5091404773549127e-06
5.1205,7.5106756077295097e-06
5.12075,7.5121394676270718e-06
5.121,7.5135556375075238e-06
5.12125,7.5148841102734426e-06
5.1215,7.516251754384185e-06
5.12175,7.5176433355379489e-06
5.122,7.5190250788234626e-06
5.12225,7.520439529284884e-06
5.1225,7.5217927442983941e-06
5.12275,7.5231896233235678e-06
5.123,7.524606801238961e-06
5.12325,7.5260142903811839e-06
5.1235,7.5274863479176247e-06
5.12375,7.5289639238422327e-06
5.124,7.5305090615383376e-06
5.12425,7.5320827643261229e-06
5.1245,7.533634166693436e-06
5.12475,7.5352173864860398e-06
5.125,7.536752808552713e-06
5.12525,7.5383291476672403e-06
5.1255,7.5399077051794938e-06
5.12575,7.5414654856533222e-06
5.126,7.5430553569634763e-06
5.12625,7.5445867107770934e-06
5.1265,7.5461385141515276e-06
5.12675,7.5476590717825052e-06
5.127,7.5491427594048403e-06
5.12725,7.5506696601850759e-06
5.1275,7.5522191414214185e-06
5.12775,7.5536979608713043e-06
5.128,7.5551134868239012e-06
5.12825,7.5565895992334159e-06
5.1285,7.5581509629249825e-06
5.12875,7.5596949137121585e-06
5.129,7.5612032973385448e-06
5.12925,7.5627591381667448e-06
5.1295,7.5643605224114942e-06
5.12975,7.5659181608880476e-06
5.13,7.5674323346517592e-06
5.13025,7.5690196393688943e-06
5.1305,7.5706908445458395e-06
5.13075,7.5723464771483505e-06
5.131,7.5739727624335165e-06
5.13125,7.5756581798595463e-06
5.1315,7.577389304042094e-06
5.13175,7.5790578387712131e-06
5.132,7.5806735380056366e-06
5.13225,7.5823555648843911e-06
5.1325,7.5841021028496301e-06
5.13275,7.5857953229341961e-06
5.133,7.5874346105559454e-06
5.13325,7.5891382065861745e-06
5.1335,7.5908864595799369e-06
5.13375,7.592553906190791e-06
5.134,7.5941551919088171e-06
5.13425,7.5957985654590622e-06
5.1345,7.5974648251983703e-06
5.13475,7.5990324673138441e-06
5.135,7.6005221216313254e-06
5.13525,7.6020610552876417e-06
5.1355,7.6036262816254418e-06
5.13575,7.605104668806221e-06
5.136,7.6065342678305156e-06
5.13625,7.6080485878939958e-06
5.1365,7.609615689083002e-06
5.13675,7.611100294841226e-06
5.137,7.612517874474284e-06
5.13725,7.6139883905603401e-06
5.1375,7.6154847746434471e-06
5.13775,7.6168857768957449e-06
5.138,7.6182264923527843e-06
5.13825,7.619638385265918e-06
5.1385,7.6210896497016921e-06
5.13875,7.6224422722576023e-06
5.139,7.6237307745532561e-06
5.13925,7.6250862899045412e-06
5.1395,7.6264537592868861e-06
5.13975,7.6276893058697786e-06
5.14,7.6288531562447525e-06
5.14025,7.6300965735637413e-06
5.1405,7.6313716366295923e-06
5.14075,7.6325332857432855e-06
5.141,7.633624560947288e-06
5.14125,7.6347800394839619e-06
5.1415,7.6359384138632912e-06
5.14175,7.6369460915023254e-06
5.142,7.6378562734780038e-06
5.14225,7.6388206551530882e-06
5.1425,7.6397919863687605e-06
5.14275,7.6406312611265399e-06
5.143,7.6414030452584197e-06
5.14325,7.6422625933830129e-06
5.1435,7.6431587278548289e-06
5.14375,7.6439347451798911e-06
5.144,7.6446425946478707e-06
5.14425,7.6454322351353913e-06
5.1445,7.6462358891651323e-06
5.14475,7.6468957267688319e-06
5.145,7.6474848629898338e-06
5.14525,7.6481672628729724e-06
5.1455,7.6488816110390042e-06
5.14575,7.6494698662866164e-06
5.146,7.6500013157703767e-06
5.14625,7.6506422093488727e-06
5.1465,7.6513278737307359e-06
5.14675,7.6518990654588715e-06
5.147,7.6524199467238853e-06
5.14725,7.6530463421157233e-06
5.1475,7.6536993172532595e-06
5.14775,7.6542176604917099e-06
5.148,7.6546930315935672e-06
5.14825,7.6553028985177543e-06
5.1485,7.6559639310018133e-06
5.14875,7.6564962308664456e-06
5.149,7.6569757425928799e-06
5.14925,7.6575661154846123e-06
5.1495,7.6581859728946601e-06
5.14975,7.658653094414861e-06
5.15,7.6590461932294485e-06
5.15025,7.6595511329218527e-06
5.1505,7.6601031163533716e-06
5.15075,7.6605294377389716e-06
5.151,7.6609078558804764e-06
5.15125,7.6614100653593779e-06
5.1515,7.6619400008751016e-06
5.15175,7.6623153549351793e-06
5.152,7.6626187026321894e-06
5.15225,7.6630311674800375e-06
5.1525,7.6634705293762018e-06
5.15275,7.6637580055075415e-06
5.153,7.663972900168398e-06
5.15325,7.6643007867643292e-06
5.1535,7.6646640780999456e-06
5.15375,7.6648838346112839e-06
5.154,7.665045056096717e-06
5.15425,7.66532539331676e-06
5.1545,7.6656391600965911e-06
5.15475,7.6657881890878752e-06
5.155,7.665858501389458e-06
5.15525,7.6660371028911355e-06
5.1555,7.6662440960493687e-06
5.15575,7.666300716689618e-06
5.156,7.6663032261792553e-06
5.15625,7.6664532222650181e-06
5.1565,7.6666626639977671e-06
5.15675,7.6667269164600351e-06
5.157,7.6667178633440884e-06
5.15725,7.6668216452477475e-06
5.1575,7.6669584381405649e-06
5.15775,7.6669427063493392e-06
5.158,7.6668614488661633e-06
5.15825,7.6669094685493858e-06
5.1585,7.6670029496732134e-06
5.15875,7.6669402463432498e-06
5.159,7.6668026842605838e-06
5.15925,7.6667909353072026e-06
5.1595,7.6668202874696387e-06
5.15975,7.6666957374615346e-06
5.16,7.6665049149394934e-06
5.16025,7.6664498436202183e-06
5.1605,7.6664480972648065e-06
5.16075,7.6662960585671212e-06
5.161,7.6660746419083522e-06
5.16125,7.6659853697698849e-06
5.1615,7.6659542311837143e-06
5.16175,7.6657801541650742e-06
5.162,7.6655307537058425e-06
5.16225,7.6653964789459423e-06
5.1625,7.6653023986408352e-06
5.16275,7.665056270690949e-06
5.163,7.6647417673177721e-06
5.16325,7.664562959369083e-06
5.1635,7.6644478904517317e-06
5.16375,7.6641970515569629e-06
5.164,7.6638774357829727e-06
5.16425,7.6636777411067063e-06
5.1645,7.663523165569642e-06
5.16475,7.6632095006122311e-06
5.165,7.6628088636142278e-06
5.16525,7.6625241574262865e-06
5.1655,7.6622867459681485e-06
5.16575,7.6618922582596003e-06
5.166,7.6614178000916153e-06
5.16625,7.6610661396038442e-06
5.1665,7.6607595795223928e-06
5.16675,7.6603066697661647e-06
5.167,7.6597874832139905e-06
5.16725,7.6593961511641719e-06
5.1675,7.6590641729520702e-06
5.16775,7.6585979826613857e-06
5.168,7.6580519139203029e-06
5.16825,7.6576089467070085e-06
5.1685,7.6572033552493755e-06
5.16875,7.6566534512869795e-06
5.169,7.6560210981723349e-06
5.16925,7.6554861192147541e-06
5.1695,7.6549900265198949e-06
5.16975,7.6543433389924346e-06
5.17,7.6536108258818922e-06
5.17025,7.6529746598551796e-06
5.1705,7.652371472882757e-06
5.17075,7.6516206875763296e-06
5.171,7.6507858196762364e-06
5.17125,7.6500555277534815e-06
5.1715,7.6493726037545359e-06
5.17175,7.6485472603268654e-06
5.172,7.6476297010193957e-06
5.17225,7.6468036333150685e-06
5.1725,7.6460228350973496e-06
5.17275,7.6451082940854255e-06
5.173,7.6441235824878118e-06
5.17325,7.6432524289911395e-06
5.1735,7.6424301824458302e-06
5.17375,7.6414762372368631e-06
5.174,7.6404384056646371e-06
5.17425,7.6394919147306214e-06
5.1745,7.6385862069678217e-06
5.17475,7.6375468570124219e-06
5.175,7.6364303224860859e-06
5.17525,7.6354146279958715e-06
5.1755,7.6344593103361572e-06
5.17575,7.6333917056573267e-06
5.176,7.6322478205546751e-06
5.17625,7.6311911896621587e-06
5.1765,7.630177712971495e-06
5.17675,7.6290994893860646e-06
5.177,7.6278789123221783e-06
5.17725,7.6266381213278116e-06
5.1775,7.625554786279401e-06
5.17775,7.6245282215609359e-06
5.178,7.6233928783159835e-06
5.17825,7.6220478344446463e-06
5.1785,7.6206405825113728e-06
5.17875,7.6193881751461516e-06
5.179,7.6182480724487259e-06
5.17925,7.6170759102160861e-06
5.1795,7.6157617532221942e-06
5.17975,7.6144150185533636e-06
5.18,7.6132212166156973e-06
5.18025,7.6121235292600133e-06
5.1805,7.6109614291892096e-06
5.18075,7.609615607789524e-06
5.181,7.6082087919672147e-06
5.18125,7.6069275997804263e-06
5.1815,7.6057385980846867e-06
5.18175,7.6044906419021536e-06
5.182,7.6030765584466981e-06
5.18225,7.6016059581585976e-06
5.1825,7.600260207363074e-06
5.18275,7.5990073068918533e-06
5.183,7.5977101062070429e-06
5.18325,7.5962613717197148e-06
5.1835,7.5947685558460217e-06
5.18375,7.5933983118479566e-06
5.184,7.5921356565216184e-06
5.18425,7.590838116244762e-06
5.1845,7.5893949868598138e-06
5.18475,7.5879018554048507e-06
5.185,7.5865226534055738e-06
5.18525,7.5852364279039823e-06
5.1855,7.5838981983604125e-06
5.18575,7.582410707097344e-06
5.186,7.5808597470152766e-06
5.18625,7.5794239782768504e-06
5.1865,7.5780968521746873e-06
5.18675,7.5767568502323911e-06
5.187,7.5753021608176692e-06
5.18725,7.5738035407037878e-06
5.1875,7.5724058373017348e-06
5.18775,7.571101811179893e-06
5.188,7.5697496555120661e-06
5.18825,7.5682443368159974e-06
5.1885,7.5666526866194924e-06
5.18875,7.5651388199382119e-06
5.189,7.5637037835482564e-06
5.18925,7.5622097479252709e-06
5.1895,7.5606391543578041e-06
5.18975,7.5590846738567543e-06
5.19,7.5575553759560519e-06
5.19025,7.5559806790455264e-06
5.1905,7.554391776754043e-06
5.19075,7.5528845957590799e-06
5.191,7.5514498246021453e-06
5.19125,7.5499983891875023e-06
5.1915,7.5484701998290553e-06
5.19175,7.5469231458252685e-06
5.192,7.5454690555231835e-06
5.19225,7.5441121195779017e-06
5.1925,7.5427368406907431e-06
5.19275,7.5412470774886765e-06
5.193,7.5397013599646227e-06
5.19325,7.53823906823011e-06
5.1935,7.5368909712975256e-06
5.19375,7.5355610422066509e-06
5.194,7.5341831871346731e-06
5.19425,7.5327829755098053e-06
5.1945,7.5314466135842698e-06
5.19475,7.5301963694663952e-06
5.195,7.5289337283512734e-06
5.19525,7.5275796102037064e-06
5.1955,7.5261775308727231e-06
5.19575,7.5248405556423129e-06
5.196,7.5236034873132157e-06
5.19625,7.5223813167472166e-06
5.1965,7.5211122464302678e-06
5.19675,7.5198046541916833e-06
5.197,7.5185307316535815e-06
5.19725,7.5173415212661701e-06
5.1975,7.5161347762718085e-06
5.19775,7.5148503565795837e-06
5.198,7.5135288727955713e-06
5.19825,7.512227042401665e-06
5.1985,7.5109882412396296e-06
5.19875,7.5097572971748556e-06
5.199,7.5084750030575299e-06
5.19925,7.5071711942483426e-06
5.1995,7.5059153519466075e-06
5.19975,7.5047073757513357e-06
5.2,7.5035284006368213e-06
5.20025,7.502339725504011e-06
5.2005,7.5011242508396686e-06
5.20075,7.4998976253577953e-06
5.201,7.4986650447831308e-06
5.20125,7.4974241946867767e-06
5.2015,7.4962136695661194e-06
5.20175,7.4950442248300183e-06
5.202,7.4939149007195382e-06
5.20225,7.4928164515091466e-06
5.2025,7.4917005056006372e-06
5.20275,7.4905799069620046e-06
5.203,7.4894681203674772e-06
5.20325,7.488329865496043e-06
5.2035,7.4872008247664366e-06
5.20375,7.4860663118589249e-06
5.204,7.4849703685327325e-06
5.20425,7.4839216006624272e-06
5.2045,7.4828566526089335e-06
5.20475,7.4818103643937221e-06
5.205,7.4807793809265225e-06
5.20525,7.4797666558034715e-06
5.2055,7.4787627238500923e-06
5.20575,7.4777496842892726e-06
5.206,7.4768005467949372e-06
5.20625,7.4758882011284455e-06
5.2065,7.4749925207116758e-06
5.20675,7.4741057593724899e-06
5.207,7.4732449146154922e-06
5.20725,7.4724084294155465e-06
5.2075,7.4715296553221911e-06
5.20775,7.470640253901013e-06
5.208,7.4697696721948973e-06
5.20825,7.4689315295101926e-06
5.2085,7.4680690389168736e-06
5.20875,7.4672104902450559e-06
5.209,7.4664040408919363e-06
5.20925,7.4656358498029102e-06
5.2095,7.4648482707923706e-06
5.20975,7.4640196361909844e-06
5.21,7.4632521052684175e-06
5.21025,7.4625470012781748e-06
5.2105,7.4618370081385668e-06
5.21075,7.4610940623140589e-06
5.211,7.4604634124661813e-06
5.21125,7.459770368843191e-06
5.2115,7.4591239806494342e-06
5.21175,7.4584662682673997e-06
5.212,7.4578035933914993e-06
5.21225,7.4572008132468583e-06
5.2125,7.4566773825606643e-06
5.21275,7.4561336970487241e-06
5.213,7.4556193876101919e-06
5.21325,7.4550771583669011e-06
5.2135,7.4545598871458375e-06
5.21375,7.4540618378898402e-06
5.214,7.4535473907612718e-06
5.21425,7.4531029287256721e-06
5.2145,7.4526862942570934e-06
5.21475,7.4523210788285526e-06
5.215,7.451978049408526e-06
5.21525,7.451551852525729e-06
5.2155,7.4511532294280146e-06
5.21575,7.4507887040932892e-06
5.216,7.4504881396955177e-06
5.21625,7.4502423970999421e-06
5.2165,7.4499322559065788e-06
5.21675,7.4496137235046179e-06
5.217,7.4492917043406559e-06
5.21725,7.4490666411096611e-06
5.2175,7.4488872647874581e-06
5.21775,7.4486382296838552e-06
5.218,7.4484250178038708e-06
5.21825,7.4482014924291603e-06
5.2185,7.4480651390401627e-06
5.21875,7.4479750779243347e-06
5.219,7.4478382225657198e-06
5.21925,7.4476682775394091e-06
5.2195,7.4476004748683615e-06
5.21975,7.4476395318935562e-06
5.22,7.4476355553331372e-06
5.22025,7.4474985555430068e-06
5.2205,7.4474128446357834e-06
5.22075,7.447413146713694e-06
5.221,7.447363391491423e-06
5.22125,7.4472498728343936e-06
5.2215,7.4472735602043573e-06
5.22175,7.4474237607623168e-06
5.222,7.4475200347211841e-06
5.22225,7.4475832091007038e-06
5.2225,7.4477975370649733e-06
5.22275,7.4481124251298285e-06
5.223,7.4483693154202684e-06
5.22325,7.4485497812059764e-06
5.2235,7.448804335230265e-06
5.22375,7.4491830112404727e-06
5.224,7.4495242052585789e-06
5.22425,7.4497866655306624e-06
5.2245,7.450147442776996e-06
5.22475,7.4506173274064828e-06
5.225,7.4510158958988045e-06
5.22525,7.4513286029144901e-06
5.2255,7.4517388778110472e-06
5.22575,7.4522760844065824e-06
5.226,7.452781922530558e-06
5.22625,7.4532417985219208e-06
5.2265,7.4538168700906394e-06
5.22675,7.4545221495686896e-06
5.227,7.4551686752638747e-06
5.22725,7.4557092718434838e-06
5.2275,7.4563437253528987e-06
5.22775,7.4571039021750369e-06
5.228,7.4577958072192457e-06
5.22825,7.4583946975060888e-06
5.2285,7.4591025587179151e-06
5.22875,7.4599460367832972e-06
5.229,7.4607274889049515e-06
5.22925,7.461403957391907e-06
5.2295,7.4621694612814339e-06
5.22975,7.463052692319077e-06
5.23,7.4638601259078007e-06
5.23025,7.464560861678475e-06
5.2305,7.4653653558778763e-06
5.23075,7.4663246418650221e-06
5.231,7.4672364498235488e-06
5.23125,7.4680581522732278e-06
5.2315,7.4689852226523449e-06
5.23175,7.4700601583659466e-06
5.232,7.4710732201625043e-06
5.23225,7.4719836514747025e-06
5.2325,7.4729894480153255e-06
5.23275,7.4741399351560165e-06
5.233,7.4752255805957056e-06
5.23325,7.4761981024190498e-06
5.2335,7.4772753834326726e-06
5.23375,7.4784999624271851e-06
5.234,7.4796647328083609e-06
5.23425,7.4807036936215138e-06
5.2345,7.4818378517865271e-06
5.23475,7.4831090471133981e-06
5.235,7.4843074585172045e-06
5.23525,7.4853684268139851e-06
5.2355,7.4865250669530267e-06
5.23575,7.4878200933832405e-06
5.236,7.4890461703537771e-06
5.23625,7.4901320821781494e-06
5.2365,7.4913151548092429e-06
5.23675,7.4926541237046128e-06
5.237,7.4939184246124949e-06
5.23725,7.4951288560819395e-06
5.2375,7.4962554937589135e-06
5.23775,7.4974655258442182e-06
5.238,7.4987801580977666e-06
5.23825,7.4999827788295775e-06
5.2385,7.5011793624161081e-06
5.23875,7.5024063802958731e-06
5.239,7.503872138447871e-06
5.23925,7.505523013732226e-06
5.2395,7.5070403235998333e-06
5.23975,7.5084395330888581e-06
5.24,7.5097487051198681e-06
5.24025,7.511165421384913e-06
5.2405,7.5127890880100887e-06
5.24075,7.5143664340187656e-06
5.241,7.515893789715037e-06
5.24125,7.5172943943061158e-06
5.2415,7.5187125982206358e-06
5.24175,7.5201720588484675e-06
5.242,7.5213840718783181e-06
5.24225,7.5225021729864573e-06
5.2425,7.5235807646090611e-06
5.24275,7.5247492051472878e-06
5.243,7.5260121996834331e-06
5.24325,7.5271904797819846e-06
5.2435,7.5285071959164362e-06
5.24375,7.5298948860882396e-06
5.244,7.5314578044907265e-06
5.24425,7.5331378074156411e-06
5.2445,7.5346644005876601e-06
5.24475,7.5361067668623379e-06
5.245,7.5374771465858132e-06
5.24525,7.5389760521045121e-06
5.2455,7.540549600631383e-06
5.24575,7.5419324330194724e-06
5.246,7.5432009441340676e-06
5.24625,7.5443426174973242e-06
5.2465,7.5455853961221813e-06
5.24675,7.5470019850352262e-06
5.247,7.5483329022549759e-06
5.24725,7.5494675419751706e-06
5.2475,7.5506772750905337e-06
5.24775,7.5520843278873226e-06
5.248,7.5534835326671627e-06
5.24825,7.5547719034025129e-06
5.2485,7.5561382507591923e-06
5.24875,7.5576745198664648e-06
5.249,7.5591617280845725e-06
5.24925,7.5604848339921155e-06
5.2495,7.5618721238160766e-06
5.24975,7.5634270153045419e-06
5.25,7.5649388321573512e-06
5.25025,7.5663061397153577e-06
5.2505,7.5677462012014852e-06
5.25075,7.5693598264950785e-06
5.251,7.5709040652299801e-06
5.25125,7.5723746657867153e-06
5.2515,7.573719319306495e-06
5.25175,7.5751375937539466e-06
5.252,7.5767167758224209e-06
5.25225,7.5782268723424078e-06
5.2525,7.5796792450524191e-06
5.25275,7.581024837127908e-06
5.253,7.5824668399222024e-06
5.25325,7.5840634679520511e-06
5.2535,7.5855670009532987e-06
5.25375,7.5869743687901171e-06
5.254,7.5882473721571864e-06
5.25425,7.5896092939677884e-06
5.2545,7.5911528856357545e-06
5.25475,7.5926522363402719e-06
5.255,7.5940986046625545e-06
5.25525,7.5954358488605649e-06
5.2555,7.5968510416144892e-06
5.25575,7.5984159910672943e-06
5.256,7.5999021617086985e-06
5.25625,7.6012993646657927e-06
5.2565,7.6025501928769472e-06
5.25675,7.6038642335102504e-06
5.257,7.6053518398796e-06
5.25725,7.6067985312399115e-06
5.2575,7.6081940171385323e-06
5.25775,7.6094741369407588e-06
5.258,7.6108357427446939e-06
5.25825,7.6123835649035422e-06
5.2585,7.6138915174633106e-06
5.25875,7.6152330099230043e-06
5.259,7.6166018288334316e-06
5.25925,7.6181171794489526e-06
5.2595,7.6196028336610375e-06
5.25975,7.6209218996190219e-06
5.26,7.6222453394115308e-06
5.26025,7.6236983656512102e-06
5.2605,7.6251100904475163e-06
5.26075,7.6263698935431001e-06
5.261,7.6276778265452331e-06
5.26125,7.629168264715015e-06
5.2615,7.6306635441010277e-06
5.26175,7.6320225008982198e-06
5.262,7.6334033177301023e-06
5.26225,7.6349164115357829e-06
5.2625,7.6363943452183291e-06
5.26275,7.6377135926749657e-06
5.263,7.6390473658589827e-06
5.26325,7.6405193329499536e-06
5.2635,7.6419703766550656e-06
5.26375,7.6432755592195697e-06
5.264,7.6445864612497277e-06
5.26425,7.6460113205417459e-06
5.2645,7.6473831965952874e-06
5.26475,7.6485916547305798e-06
5.265,7.6498163300073257e-06
5.26525,7.6511933805396377e-06
5.2655,7.6525715154956146e-06
5.26575,7.6538285093057029e-06
5.266,7.655116143384976e-06
5.26625,7.6565561228216173e-06
5.2665,7.6579849409032338e-06
5.26675,7.6592732956397529e-06
5.267,7.660562369698799e-06
5.26725,7.6619581490513499e-06
5.2675,7.66331195641391e-06
5.26775,7.6645091706537562e-06
5.268,7.6656979908929471e-06
5.26825,7.6669964019447861e-06
5.2685,7.6682764273179796e-06
5.26875,7.6694330323811548e-06
5.269,7.6705974717048243e-06
5.26925,7.671861738012919e-06
5.2695,7.6730826227710898e-06
5.26975,7.674234155510802e-06
5.27,7.6752335925324937e-06
5.27025,7.6762241424272078e-06
5.2705,7.6773080153254234e-06
5.27075,7.6783546017490278e-06
5.271,7.6793661930144616e-06
5.27125,7.6802845071894844e-06
5.2715,7.681230598438783e-06
5.27175,7.6822743589327422e-06
5.272,7.68326406833968e-06
5.27225,7.6841828860022574e-06
5.2725,7.6849673773532659e-06
5.27275,7.6857514097871769e-06
5.273,7.6866274382741549e-06
5.27325,7.6874770144453923e-06
5.2735,7.6882996485710554e-06
5.27375,7.6890282868539319e-06
5.274,7.6897790716175044e-06
5.27425,7.6906146718746522e-06
5.2745,7.6913818741332381e-06
5.27475,7.6920790663094793e-06
5.275,7.6926644507080065e-06
5.27525,7.6932590930878189e-06
5.2755,7.69394099110973e-06
5.27575,7.6945938808488607e-06
5.276,7.6952193779161609e-06
5.27625,7.6957528347259147e-06
5.2765,7.6962942609005115e-06
5.27675,7.6969005290966444e-06
5.277,7.6974508346517145e-06
5.27725,7.6979387688874801e-06
5.2775,7.6983040005742559e-06
5.27775,7.6986451471055512e-06
5.278,7.6990324177255443e-06
5.27825,7.6993802416813949e-06
5.2785,7.6997083660203654e-06
5.27875,7.6999692113027493e-06
5.279,7.7002400378921195e-06
5.27925,7.7005635667685026e-06
5.2795,7.7008367952660588e-06
5.27975,7.7010675980413829e-06
5.28,7.7012066716785973e-06
5.28025,7.7013286847098828e-06
5.2805,7.7014840580757199e-06
5.28075,7.7015901635349268e-06
5.281,7.7016759337402976e-06
5.28125,7.7017163478823419e-06
5.2815,7.7017862079385753e-06
5.28175,7.7019186109267661e-06
5.282,7.7020142128035094e-06
5.28225,7.7020882115511737e-06
5.2825,7.70209814506828e-06
5.28275,7.7021105798429628e-06
5.283,7.7021547171314151e-06
5.28325,7.7021579330459188e-06
5.2835,7.7021516351446009e-06
5.28375,7.7021046539791694e-06
5.284,7.7020536953700888e-06
5.28425,7.7020007300084559e-06
5.2845,7.7018639418867311e-06
5.28475,7.7016894734101136e-06
5.285,7.7014709118552e-06
5.28525,7.7012622902053611e-06
5.2855,7.7010713905150338e-06
5.28575,7.7008277168073607e-06
5.286,7.7005772779441521e-06
5.28625,7.7003079914552214e-06
5.2865,7.7000505604731674e-06
5.28675,7.6997855801914609e-06
5.287,7.6994386975011238e-06
5.28725,7.6990503982694119e-06
5.2875,7.6986222347301003e-06
5.28775,7.6982037765729098e-06
5.288,7.6977876883797109e-06
5.28825,7.6973161616139054e-06
5.2885,7.696848533624018e-06
5.28875,7.6963821778521776e-06
5.289,7.695939300013346e-06
5.28925,7.6954875579927378e-06
5.2895,7.6949578067433363e-06
5.28975,7.6944015285171102e-06
5.29,7.6938371234486437e-06
5.29025,7.6932934568588199e-06
5.2905,7.6927464377075476e-06
5.29075,7.6921400413789569e-06
5.291,7.6915236179336018e-06
5.29125,7.6909051045133166e-06
5.2915,7.6903057115073862e-06
5.29175,7.6896887230385393e-06
5.292,7.6890066521810783e-06
5.29225,7.6883125664292718e-06
5.2925,7.68762705139082e-06
5.29275,7.6869590171250739e-06
5.293,7.6862685606088971e-06
5.29325,7.6855068131882713e-06
5.2935,7.68474197533688e-06
5.29375,7.6839984205842717e-06
5.294,7.6832748589598677e-06
5.29425,7.6825248369497573e-06
5.2945,7.6817206637006307e-06
5.29475,7.6809224842098552e-06
5.295,7.6801551117093326e-06
5.29525,7.6794155823454485e-06
5.2955,7.6786406575194091e-06
5.29575,7.6777971032007423e-06
5.296,7.676944663009425e-06
5.29625,7.6761154154366198e-06
5.2965,7.6753031005318832e-06
5.29675,7.6744449470705395e-06
5.297,7.6735104858981524e-06
5.29725,7.6725633819222758e-06
5.2975,7.671638982196895e-06
5.29775,7.6707276280543151e-06
5.298,7.6697725055123841e-06
5.29825,7.6687485031071347e-06
5.2985,7.6677305474883867e-06
5.29875,7.6667590212667547e-06
5.299,7.665811245315482e-06
5.29925,7.6648069499258726e-06
5.2995,7.6637186508342043e-06
5.29975,7.6626143602500938e-06
5.3,7.6615321191013437e-06
5.30025,7.6604571349951641e-06
5.3005,7.6593109363054193e-06
5.30075,7.6580787272497646e-06
5.301,7.6568526851869805e-06
5.30125,7.6556893392931638e-06
5.3015,7.6545831078142292e-06
5.30175,7.6534509798737533e-06
5.302,7.6522587105105651e-06
5.30225,7.6510701600384151e-06
5.3025,7.6499154341905258e-06
5.30275,7.6487657020207233e-06
5.303,7.6475214746639872e-06
5.30325,7.6461753327323155e-06
5.3035,7.6448199932431129e-06
5.30375,7.6435183657775459e-06
5.304,7.6422534526898954e-06
5.30425,7.6409301605471351e-06
5.3045,7.6395402924838611e-06
5.30475,7.6381502208421746e-06
5.305,7.6368293456494773e-06
5.30525,7.635544559782381e-06
5.3055,7.6341953178379921e-06
5.30575,7.6327723650778572e-06
5.306,7.6313675946849077e-06
5.30625,7.6300438029075933e-06
5.3065,7.6287624429652038e-06
5.30675,7.6274043700863673e-06
5.307,7.6259509067464265e-06
5.30725,7.6244710873293275e-06
5.3075,7.623047210186147e-06
5.30775,7.6216565773567658e-06
5.308,7.6201978882767717e-06
5.30825,7.618679338167941e-06
5.3085,7.6171884294865331e-06
5.30875,7.6157961278601882e-06
5.309,7.6144522336054951e-06
5.30925,7.6130390859936654e-06
5.3095,7.6115384417998819e-06
5.30975,7.6100258858024991e-06
5.31,7.6085711676515627e-06
5.31025,7.6071227074316419e-06
5.3105,7.6055743138947835e-06
5.31075,7.6039396197874247e-06
5.311,7.6023160562445781e-06
5.31125,7.6007874546605482e-06
5.3115,7.5993009924985691e-06
5.31175,7.5977791702467449e-06
5.312,7.5962529008578422e-06
5.31225,7.594691623140943e-06
5.3125,7.5930991576630993e-06
5.31275,7.5915378302306457e-06
5.313,7.5900601060332404e-06
5.31325,7.588591799741873e-06
5.3135,7.5870815192196036e-06
5.31375,7.5855504193273127e-06
5.314,7.5840587696625371e-06
5.31425,7.5825439051204389e-06
5.3145,7.5809863876613987e-06
5.31475,7.5794182111020437e-06
5.315,7.5779088641916699e-06
5.31525,7.5763965523675236e-06
5.3155,7.5748413036821837e-06
5.31575,7.5732866919904603e-06
5.316,7.5717900216883915e-06
5.31625,7.5702979229821695e-06
5.3165,7.56876786373812e-06
5.31675,7.5672231293494694e-06
5.317,7.5657376740681306e-06
5.31725,7.5642389577962035e-06
5.3175,7.5626932735264929e-06
5.31775,7.5611422810699165e-06
5.318,7.5596785354862634e-06
5.31825,7.5582197526065031e-06
5.3185,7.5567272529655008e-06
5.31875,7.55524125351438e-06
5.319,7.5538264830950956e-06
5.31925,7.5523919217808345e-06
5.3195,7.5509178300270962e-06
5.31975,7.5494386696495087e-06
5.32,7.5480214771323373e-06
5.32025,7.5465946019950012e-06
5.3205,7.5451229807304837e-06
5.32075,7.5436405753054058e-06
5.321,7.5422504546507092e-06
5.32125,7.5408736929598323e-06
5.3215,7.5394654093404172e-06
5.32175,7.5380719686724618e-06
5.322,7.5367737123120231e-06
5.32225,7.535467598192161e-06
5.3225,7.5341356581888358e-06
5.32275,7.5328188144674622e-06
5.323,7.5315925590129366e-06
5.32325,7.5303873872337455e-06
5.3235,7.5291603214052953e-06
5.32375,7.5279250339395027e-06
5.324,7.5267680510600156e-06
5.32425,7.5255900432059196e-06
5.3245,7.5243487199884522e-06
5.32475,7.5231189678577588e-06
5.325,7.5219623059174672e-06
5.32525,7.5208059639215471e-06
5.3255,7.5196127367053502e-06
5.32575,7.5184059059107726e-06
5.326,7.5172771645619731e-06
5.32625,7.5161345381785381e-06
5.3265,7.5149211659394835e-06
5.32675,7.5136949990998346e-06
5.327,7.5125514805683786e-06
5.32725,7.5114092614984774e-06
5.3275,7.5102606298812473e-06
5.32775,7.5091074003413056e-06
5.328,7.5080602731571673e-06
5.32825,7.5070192360963019e-06
5.3285,7.5059100489978366e-06
5.32875,7.5047878463630255e-06
5.329,7.5037341573900942e-06
5.32925,7.5026828350959179e-06
5.3295,7.501606417865905e-06
5.32975,7.5005235711617652e-06
5.33,7.4995734702066522e-06
5.33025,7.4986214492488624e-06
5.3305,7.4976441306721255e-06
5.33075,7.4966736806447454e-06
5.331,7.4957998043640539e-06
5.33125,7.4949449740764404e-06
5.3315,7.4940613509970854e-06
5.33175,7.493207540925571e-06
5.332,7.4924541756634531e-06
5.33225,7.4917119274809211e-06
5.3325,7.4909037926433265e-06
5.33275,7.4900846677438703e-06
5.333,7.4893592220782552e-06
5.33325,7.4886138786136359e-06
5.3335,7.4878243381246058e-06
5.33375,7.4870193786791284e-06
5.334,7.4863268245032711e-06
5.33425,7.4856398110429738e-06
5.3345,7.4849174391531363e-06
5.33475,7.4841701778870103e-06
5.335,7.4835254676430773e-06
5.33525,7.4828910494189518e-06
5.3355,7.4822408667888714e-06
5.33575,7.4815865978159359e-06
5.336,7.4810351983313568e-06
5.33625,7.4804932239708271e-06
5.3365,7.4799124510107096e-06
5.33675,7.4793337468403828e-06
5.337,7.4788589961878672e-06
5.33725,7.478381628282788e-06
5.3375,7.4778684880717404e-06
5.33775,7.4773600629087062e-06
5.338,7.4769530419626487e-06
5.33825,7.4765355592043791e-06
5.3385,7.4760909599999412e-06
5.33875,7.4756588338697219e-06
5.339,7.4753345600498405e-06
5.33925,7.4750197537587352e-06
5.3395,7.4746605325054298e-06
5.33975,7.4742747471303445e-06
5.34,7.4739684959529236e-06
5.34025,7.4736379789190615e-06
5.3405,7.4732644471028209e-06
5.34075,7.4729060413464825e-06
5.341,7.4726504985333727e-06
5.34125,7.4723939365164663e-06
5.3415,7.4721159164449275e-06
5.34175,7.4718024740073273e-06
5.342,7.4715821305439001e-06
5.34225,7.4713749720517618e-06
5.3425,7.4711395394088229e-06
5.34275,7.4708926224695684e-06
5.343,7.4707666663973344e-06
5.34325,7.4706275931540293e-06
5.3435,7.4704791160989402e-06
5.34375,7.4703284583359824e-06
5.344,7.4703040813596419e-06
5.34425,7.4702612889703538e-06
5.3445,7.4701693958619027e-06
5.34475,7.4700649390593938e-06
5.345,7.47008628620958e-06
5.34525,7.4700454924617159e-06
5.3455,7.4699683003841788e-06
5.34575,7.4699530802827715e-06
5.346,7.4699111601599402e-06
5.34625,7.4698563112848935e-06
5.3465,7.4698964128843824e-06
5.34675,7.4698952528648219e-06
5.347,7.4698589924741789e-06
5.34725,7.4699225047302937e-06
5.3475,7.4700396237692125e-06
5.34775,7.470161050884205e-06
5.348,7.4703867773407549e-06
5.34825,7.470588346380383e-06
5.3485,7.4707631242867285e-06
5.34875,7.4710262023684425e-06
5.349,7.4712647829009325e-06
5.34925,7.4714993354754076e-06
5.3495,7.4718184834483197e-06
5.34975,7.4721107709472495e-06
5.35,7.4723871022587616e-06
5.35025,7.4727548115668932e-06
5.3505,7.473080774276649e-06
5.35075,7.4733862224015145e-06
5.351,7.4737999823667793e-06
5.35125,7.4742153158820545e-06
5.3515,7.4746488939704115e-06
5.35175,7.4751699188040777e-06
5.352,7.4756535238782236e-06
5.35225,7.4761326027391673e-06
5.3525,7.4767017700169883e-06
5.35275,7.477236634724429e-06
5.353,7.4777799059986858e-06
5.35325,7.4784182442212856e-06
5.3535,7.4790935432365052e-06
5.35375,7.4797062355508708e-06
5.354,7.4802919624688959e-06
5.35425,7.4808872775088205e-06
5.3545,7.4816248836397244e-06
5.35475,7.4824375155765198e-06
5.355,7.4831702324428324e-06
5.35525,7.4838305794752425e-06
5.3555,7.4844486800847391e-06
5.35575,7.4851835148500891e-06
5.356,7.4859943969188245e-06
5.35625,7.4867537370963401e-06
5.3565,7.4874986115047521e-06
5.35675,7.4882516525680604e-06
5.357,7.4891527739300768e-06
5.35725,7.4901357399769507e-06
5.3575,7.4910606398354822e-06
5.35775,7.4919420797027731e-06
5.358,7.4927843782503486e-06
5.35825,7.4937405499799387e-06
5.3585,7.4947476960254684e-06
5.35875,7.4956998904367483e-06
5.359,7.4966175890808566e-06
5.35925,7.4975288278394684e-06
5.3595,7.4985709485373481e-06
5.35975,7.4996716031201567e-06
5.36,7.5007184734913058e-06
5.36025,7.5017495537394472e-06
5.3605,7.5027466279680198e-06
5.36075,7.5038531394480921e-06
5.361,7.5050041648377694e-06
5.36125,7.5060993766330168e-06
5.3615,7.5071751529013324e-06
5.36175,7.5082277414372402e-06
5.362,7.5093810007316977e-06
5.36225,7.5105847922131283e-06
5.3625,7.5117333389775176e-06
5.36275,7.5128606335782536e-06
5.363,7.5139780534706652e-06
5.36325,7.5152626243142126e-06
5.3635,7.5167005968512956e-06
5.36375,7.5182016461904347e-06
5.364,7.5197138025714398e-06
5.36425,7.5211507598210196e-06
5.3645,7.5226050080089728e-06
5.36475,7.5240921514247621e-06
5.365,7.525566603365862e-06
5.36525,7.5271396690551818e-06
5.3655,7.5287318122957206e-06
5.36575,7.5303981995066585e-06
5.366,7.532094842969209e-06
5.36625,7.5336320928826017e-06
5.3665,7.5350033940057963e-06
5.36675,7.5362111239569962e-06
5.367,7.5375367902702925e-06
5.36725,7.5388998353058885e-06
5.3675,7.5401687255224425e-06
5.36775,7.541385246441291e-06
5.368,7.5427844497836264e-06
5.36825,7.5444108070010063e-06
5.3685,7.5461235320479648e-06
5.36875,7.5478977738296896e-06
5.369,7.5497192365261529e-06
5.36925,7.5515341495072445e-06
5.3695,7.5533146864355794e-06
5.36975,7.5551341252955517e-06
5.37,7.5569649747948862e-06
5.37025,7.5586676026225922e-06
5.3705,7.560268554777253e-06
5.37075,7.5618542521066754e-06
5.371,7.5634913776335358e-06
5.37125,7.5651255626939597e-06
5.3715,7.5667231024214549e-06
5.37175,7.5683162994070501e-06
5.372,7.5699518893438045e-06
5.37225,7.5715718232744298e-06
5.3725,7.573145168537987e-06
5.37275,7.5747953719499425e-06
5.373,7.5765269204436314e-06
5.37325,7.5782561189037886e-06
5.3735,7.5799273554151642e-06
5.37375,7.5816108991231046e-06
5.374,7.5833374131553763e-06
5.37425,7.5850395591912679e-06
5.3745,7.5866829115109541e-06
5.37475,7.5883466317016754e-06
5.375,7.5900636652318187e-06
5.37525,7.5917428535422349e-06
5.3755,7.5933341987581338e-06
5.37575,7.5949276459520804e-06
5.376,7.5965690269882311e-06
5.37625,7.5981765677628647e-06
5.3765,7.5997429173318556e-06
5.37675,7.6013756390632674e-06
5.377,7.6030915356648654e-06
5.37725,7.6047783704212402e-06
5.3775,7.6064017596133974e-06
5.37775,7.6080520174961368e-06
5.378,7.6097470437995396e-06
5.37825,7.6113942690361547e-06
5.3785,7.612989181981121e-06
5.37875,7.6146400305879125e-06
5.379,7.616359838632188e-06
5.37925,7.618060853309744e-06
5.3795,7.6197192446108404e-06
5.37975,7.621419930650305e-06
5.38,7.6231645263331969e-06
5.38025,7.624834943718951e-06
5.3805,7.6264275677594541e-06
5.38075,7.6280534985462782e-06
5.381,7.629718582664886e-06
5.38125,7.6313128484390376e-06
5.3815,7.6328349103527772e-06
5.38175,7.6343890133933129e-06
5.382,7.6359579434870285e-06
5.38225,7.6374306790519171e-06
5.3825,7.6388232120769855e-06
5.38275,7.6402632975082211e-06
5.383,7.6417540972762463e-06
5.38325,7.6431821461774519e-06
5.3835,7.6445703995671821e-06
5.38375,7.6460270467134925e-06
5.384,7.6475276723221712e-06
5.38425,7.6489366346124297e-06
5.3845,7.6502708518142346e-06
5.38475,7.6516527798588252e-06
5.385,7.6530591483735289e-06
5.38525,7.6543581230549231e-06
5.3855,7.6555828358271646e-06
5.38575,7.6568721298402248e-06
5.386,7.6582168784878624e-06
5.38625,7.6594925365307078e-06
5.3865,7.660724583325924e-06
5.38675,7.6620416038652678e-06
5.387,7.6634114330009424e-06
5.38725,7.6646939976830616e-06
5.3875,7.6659252349820835e-06
5.38775,7.6672314742225559e-06
5.388,7.6685632082612412e-06
5.38825,7.6697831626822702e-06
5.3885,7.6709433038279778e-06
5.38875,7.6721921432036868e-06
5.389,7.673481015472578e-06
5.38925,7.6746658298038148e-06
5.3895,7.6758036934859589e-06
5.38975,7.6770356929609799e-06
5.39,7.6783002314724025e-06
5.39025,7.679444973604425e-06
5.3905,7.6805132113851723e-06
5.39075,7.6816666966322423e-06
5.391,7.6828622227028342e-06
5.39125,7.6839573255670324e-06
5.3915,7.6850115334352601e-06
5.39175,7.686167191973447e-06
5.392,7.6873610713359394e-06
5.39225,7.6884370576452968e-06
5.3925,7.6894559693981339e-06
5.39275,7.6905627450899367e-06
5.393,7.6916934867973603e-06
5.39325,7.6926959116359957e-06
5.3935,7.6936437273056597e-06
5.39375,7.6947071846340262e-06
5.394,7.6958116686828403e-06
5.39425,7.6967864160851781e-06
5.3945,7.6977002986477295e-06
5.39475,7.698712068153278e-06
5.395,7.6997482455206937e-06
5.39525,7.7006365411004072e-06
5.3955,7.7014469266420872e-06
5.39575,7.7023593201100329e-06
5.396,7.7033098365622995e-06
5.39625,7.7041325854632682e-06
5.3965,7.7049041226884422e-06
5.39675,7.7057965647786899e-06
5.397,7.7067279508226801e-06
5.39725,7.7075211273874273e-06
5.3975,7.7082494195468851e-06
5.39775,7.7090794822822978e-06
5.398,7.7099194715618078e-06
5.39825,7.7105908141023828e-06
5.3985,7.711181482515076e-06
5.39875,7.7118916807002795e-06
5.399,7.7126466904658209e-06
5.39925,7.7132619485647888e-06
5.3995,7.7138214310199909e-06
5.39975,7.7145119451651503e-06
5.4,7.7152400042230044e-06
5.40025,7.7158115719199765e-06
5.4005,7.7163013187503179e-06
5.40075,7.71689103525657e-06
5.401,7.7175052255277761e-06
5.40125,7.7179656590861997e-06
5.4015,7.7183747541206456e-06
5.40175,7.7189316949154841e-06
5.402,7.7195303100212059e-06
5.40225,7.7199666825105184e-06
5.4025,7.7203274543348968e-06
5.40275,7.7208057684055479e-06
5.403,7.7213135719562454e-06
5.40325,7.7216552395217537e-06
5.4035,7.721923668951747e-06
5.40375,7.7223101284408299e-06
5.404,7.7227291739430548e-06
5.40425,7.7229820097763521e-06
5.4045,7.7231503600429187e-06
5.40475,7.7234222656493238e-06
5.405,7.7237127795949264e-06
5.40525,7.7238286134202596e-06
5.4055,7.7238567369090455e-06
5.40575,7.7239912415204992e-06
5.406,7.7241543887859973e-06
5.40625,7.724159026347723e-06
5.4065,7.7241052464671277e-06
5.40675,7.7242004268068439e-06
5.407,7.7243519294816904e-06
5.40725,7.7243502875745381e-06
5.4075,7.7242762165026048e-06
5.40775,7.7243194992412922e-06
5.408,7.7243923986160274e-06
5.40825,7.724298966275421e-06
5.4085,7.7241365778187966e-06
5.40875,7.7241078175685422e-06
5.409,7.7241265211231013e-06
5.40925,7.7239806887491349e-06
5.4095,7.7237523306404316e-06
5.40975,7.7236365279426326e-06
5.41,7.7235546424799971e-06
5.41025,7.7233003609830256e-06
5.4105,7.7229630132625751e-06
5.41075,7.7227444916100301e-06
5.411,7.7225537955877043e-06
5.41125,7.7221923248056038e-06
5.4115,7.7217539514467623e-06
5.41175,7.7214427182840767e-06
5.412,7.7211713246208358e-06
5.41225,7.7207295744261012e-06
5.4125,7.7201944239776556e-06
5.41275,7.7197689844005537e-06
5.413,7.7193830073436667e-06
5.41325,7.718837676106602e-06
5.4135,7.7182205732985021e-06
5.41375,7.7177358542077989e-06
5.414,7.7173012180701019e-06
5.41425,7.7167043591350793e-06
5.4145,7.7160226412783856e-06
5.41475,7.7154584420581902e-06
5.415,7.7149428029298402e-06
5.41525,7.7142672416530836e-06
5.4155,7.7135129411029164e-06
5.41575,7.7128816881965463e-06
5.416,7.7122985734619934e-06
5.41625,7.7115662310996814e-06
5.4165,7.7107585011847591e-06
5.41675,7.7100611440873458e-06
5.417,7.7093910722996083e-06
5.41725,7.7085479309108535e-06
5.4175,7.7076138470003986e-06
5.41775,7.7067972528716903e-06
5.418,7.7060294082650522e-06
5.41825,7.7051129905767372e-06
5.4185,7.7041164963102853e-06
5.41875,7.703233777953761e-06
5.419,7.7024015608196084e-06
5.41925,7.7014380720455472e-06
5.4195,7.7004209887871531e-06
5.41975,7.6995395495165664e-06
5.42,7.6987245354465789e-06
5.42025,7.6977741463532901e-06
5.4205,7.6967546126278461e-06
5.42075,7.6958536317448921e-06
5.421,7.6950044576295915e-06
5.42125,7.6940114233008678e-06
5.4215,7.6929352189657668e-06
5.42175,7.691972268608107e-06
5.422,7.691073527840195e-06
5.42225,7.6900529485205147e-06
5.4225,7.6889743749989288e-06
5.42275,7.6880211723301024e-06
5.423,7.6871288842115404e-06
5.42325,7.6861043860908159e-06
5.4235,7.6850036884818744e-06
5.42375,7.6840080375941155e-06
5.424,7.6830538572120225e-06
5.42425,7.6819523903247039e-06
5.4245,7.6807639317119066e-06
5.42475,7.6796807537266343e-06
5.425,7.6786482395456212e-06
5.42525,7.6774746592882464e-06
5.4255,7.676217252289796e-06
5.42575,7.6750672003014963e-06
5.426,7.6739801932786816e-06
5.42625,7.672774752512274e-06
5.4265,7.6715039938848425e-06
5.42675,7.6703443918599627e-06
5.427,7.6692419163590668e-06
5.42725,7.6680105366694527e-06
5.4275,7.6666880873624474e-06
5.42775,7.6654375350300085e-06
5.428,7.6642146266688915e-06
5.42825,7.6628603910109521e-06
5.4285,7.6614265296649099e-06
5.42875,7.660083273104132e-06
5.429,7.6588116603481346e-06
5.42925,7.6574525583803356e-06
5.4295,7.6560504924672452e-06
5.42975,7.6547644493394163e-06
5.43,7.6535414532353489e-06
5.43025,7.6522210634929275e-06
5.4305,7.6508320500231423e-06
5.43075,7.649514836255827e-06
5.431,7.6482387596097396e-06
5.43125,7.646840983422281e-06
5.4315,7.6453703606313747e-06
5.43175,7.6439832035695578e-06
5.432,7.6426681656409551e-06
5.43225,7.6412664139237589e-06
5.4325,7.6398035511974027e-06
5.43275,7.6384177339880701e-06
5.433,7.6370797013178432e-06
5.43325,7.6356615692490584e-06
5.4335,7.6341918038981392e-06
5.43375,7.6328059684819012e-06
5.434,7.6314838617481134e-06
5.43425,7.6300936587355216e-06
5.4345,7.6286541346032164e-06
5.43475,7.6272825338876574e-06
5.435,7.6259489215428499e-06
5.43525,7.6245165319221363e-06
5.4355,7.6230282534907315e-06
5.43575,7.6216095010113363e-06
5.436,7.6202392801190959e-06
5.43625,7.6187950300008332e-06
5.4365,7.6173126152592713e-06
5.43675,7.6158952952536514e-06
5.437,7.6145190382444583e-06
5.43725,7.6130566966251701e-06
5.4375,7.611529203148551e-06
5.43775,7.6100383941856071e-06
5.438,7.6085639998317532e-06
5.43825,7.6070014867506981e-06
5.4385,7.6053899721558021e-06
5.43875,7.6038367368712134e-06
5.439,7.6023385458193193e-06
5.43925,7.6007971862199134e-06
5.4395,7.5992332757759336e-06
5.43975,7.5977266241329674e-06
5.44,7.5962622633194699e-06
5.44025,7.5947399587672964e-06
5.4405,7.593164863393892e-06
5.44075,7.5916223185548686e-06
5.441,7.5901135684868039e-06
5.44125,7.588573180285347e-06
5.4415,7.5869925197296071e-06
5.44175,7.5854516165855542e-06
5.442,7.5839475550653267e-06
5.44225,7.5823970488080312e-06
5.4425,7.5808031727017104e-06
5.44275,7.579250004208099e-06
5.443,7.5777384376309149e-06
5.44325,7.5761955826410352e-06
5.4435,7.5746345826877515e-06
5.44375,7.5731102000930645e-06
5.444,7.5716053102372985e-06
5.44425,7.5700624859041466e-06
5.4445,7.5684955375476769e-06
5.44475,7.5669432156569072e-06
5.445,7.5654009639628205e-06
5.44525,7.5638343380151095e-06
5.4455,7.5622412240761794e-06
5.44575,7.5606730680494248e-06
5.446,7.5591564884197668e-06
5.44625,7.5576353962626246e-06
5.4465,7.5560957944188639e-06
5.44675,7.5545817471431837e-06
5.447,7.5530845262347871e-06
5.44725,7.5515577650300458e-06
5.4475,7.5500204262010516e-06
5.44775,7.5485066124946457e-06
5.448,7.5470311375038149e-06
5.44825,7.5455949129965016e-06
5.4485,7.5441703381225346e-06
5.44875,7.5427816116402852e-06
5.449,7.5414176111173208e-06
5.44925,7.5400353581479059e-06
5.4495,7.5386433754325327e-06
5.44975,7.537256565038045e-06
5.45,7.5358732979554694e-06
5.45025,7.5345101119728652e-06
5.4505,7.5331583989646378e-06
5.45075,7.5318177508387302e-06
5.451,7.530514780925336e-06
5.45125,7.529219820002321e-06
5.4515,7.527929371644495e-06
5.45175,7.5266332912744597e-06
5.452,7.5253350483997198e-06
5.45225,7.5240747105972366e-06
5.4525,7.5228372522770452e-06
5.45275,7.5216076698404895e-06
5.453,7.5204176705719818e-06
5.45325,7.5192386601870418e-06
5.4535,7.518074412096184e-06
5.45375,7.5168661602068336e-06
5.454,7.5156386504178963e-06
5.45425,7.5144368231878006e-06
5.4545,7.5132404446724689e-06
5.45475,7.5120792772116368e-06
5.455,7.5109329657795452e-06
5.45525,7.5098382999831204e-06
5.4555,7.5087853573941042e-06
5.45575,7.5077017432430445e-06
5.456,7.5066108775657755e-06
5.45625,7.5055444642162042e-06
5.4565,7.5045264521527121e-06
5.45675,7.5034991239412862e-06
5.457,7.5024777264663328e-06
5.45725,7.5014916153028836e-06
5.4575,7.5005436216216419e-06
5.45775,7.499594392467658e-06
5.458,7.4986204159502335e-06
5.45825,7.4976882633087347e-06
5.4585,7.4967840460656704e-06
5.45875,7.4958627816449377e-06
5.459,7.4949283622373337e-06
5.45925,7.4940606158258977e-06
5.4595,7.4932284196573183e-06
5.45975,7.4923913483893827e-06
5.46,7.491550503278513e-06
5.46025,7.4907905444304824e-06
5.4605,7.4900759132697316e-06
5.46075,7.4893405612781873e-06
5.461,7.4885998524231045e-06
5.46125,7.4879192168758407e-06
5.4615,7.4873008263052492e-06
5.46175,7.4866798864066477e-06
5.462,7.4860566794808287e-06
5.46225,7.4855183167912902e-06
5.4625,7.4850614546172031e-06
5.46275,7.4845842526798095e-06
5.463,7.4840644142022545e-06
5.46325,7.4836061653660784e-06
5.4635,7.4832129287282663e-06
5.46375,7.4827892292911027e-06
5.464,7.4823524194119011e-06
5.46425,7.4819915773428128e-06
5.4645,7.4817061327801119e-06
5.46475,7.4813779993534435e-06
5.465,7.4810022370133361e-06
5.46525,7.4806947653321586e-06
5.4655,7.4804749512574888e-06
5.46575,7.4801986598566378e-06
5.466,7.479891778087284e-06
5.46625,7.4796644125210631e-06
5.4665,7.4794824495178e-06
5.46675,7.4792415147723169e-06
5.467,7.4790226906040283e-06
5.46725,7.4787861592414812e-06
5.4675,7.4786244194017084e-06
5.46775,7.4785658680314759e-06
5.468,7.4784702129574805e-06
5.46825,7.4784371005788078e-06
5.4685,7.4784384919182543e-06
5.46875,7.4785472870743515e-06
5.469,7.4786967929996491e-06
5.46925,7.4787059017373051e-06
5.4695,7.4787147718480201e-06
5.46975,7.4787414428504569e-06
5.47,7.4788258703298798e-06
5.47025,7.4789962707775992e-06
5.4705,7.4791102645884923e-06
5.47075,7.4792347116945506e-06
5.471,7.4793665567293421e-06
5.47125,7.4796052135136337e-06
5.4715,7.4798706794957567e-06
5.47175,7.4800296657783503e-06
5.472,7.4802129939926955e-06
5.47225,7.4804772835950903e-06
5.4725,7.4808316079242345e-06
5.47275,7.4812732981437679e-06
5.473,7.4816158811505067e-06
5.47325,7.4819426247218821e-06
5.4735,7.4822834008780414e-06
5.47375,7.4827367077544419e-06
5.474,7.4832688791234418e-06
5.47425,7.4836998903488948e-06
5.4745,7.484117994024973e-06
5.47475,7.4845038478256752e-06
5.475,7.4850240200066956e-06
5.47525,7.4856240621534563e-06
5.4755,7.4860980783886325e-06
5.47575,7.4865690220544897e-06
5.476,7.487038845716411e-06
5.47625,7.487631237666486e-06
5.4765,7.4883214018176781e-06
5.47675,7.4889094534618361e-06
5.477,7.4894824082790886e-06
5.47725,7.4900558199395362e-06
5.4775,7.4907608648547086e-06
5.47775,7.4915777474040909e-06
5.478,7.4922981253711174e-06
5.47825,7.4930030219443637e-06
5.4785,7.4936996751793098e-06
5.47875,7.4945294218634144e-06
5.479,7.4954568293442762e-06
5.47925,7.4962710447072176e-06
5.4795,7.4970560845740047e-06
5.47975,7.4978175984344552e-06
5.48,7.4987152085374305e-06
5.48025,7.4997270732947715e-06
5.4805,7.5006235489451779e-06
5.48075,7.501481194918145e-06
5.481,7.5023023118728367e-06
5.48125,7.5032600949143247e-06
5.4815,7.5043382985159753e-06
5.48175,7.5053122902236585e-06
5.482,7.5061730238114765e-06
5.48225,7.5071588388354894e-06
5.4825,7.5083185296565813e-06
5.48275,7.5094053771245426e-06
5.483,7.5103522194320898e-06
5.48325,7.5113612207421712e-06
5.4835,7.5125026583261362e-06
5.48375,7.513564667039206e-06
5.484,7.5145131927609145e-06
5.48425,7.5155523071122916e-06
5.4845,7.5167399797579554e-06
5.48475,7.5178419368555218e-06
5.485,7.5187978841879611e-06
5.48525,7.5198330062687526e-06
5.4855,7.5210269347998788e-06
5.48575,7.5221426766490718e-06
5.486,7.5231200258998676e-06
5.48625,7.5242073864502245e-06
5.4865,7.5254544635147045e-06
5.48675,7.5266014466319878e-06
5.487,7.5275811015269965e-06
5.48725,7.5286347000230743e-06
5.4875,7.52982660671281e-06
5.48775,7.5309595925272148e-06
5.488,7.5320213264767073e-06
5.48825,7.5333053848095208e-06
5.4885,7.5348486436489363e-06
5.48875,7.5363438569441173e-06
5.489,7.5376464362160831e-06
5.48925,7.5389938148480053e-06
5.4895,7.5404804478169768e-06
5.48975,7.5420061046538731e-06
5.49,7.5434965710802354e-06
5.49025,7.5450991468222996e-06
5.4905,7.5468443969645664e-06
5.49075,7.54844743133443e-06
5.491,7.5497608573790522e-06
5.49125,7.5509712187972297e-06
5.4915,7.5522536046277873e-06
5.49175,7.5534969848496975e-06
5.492,7.5545680124569786e-06
5.49225,7.555632300438946e-06
5.4925,7.556849174266364e-06
5.49275,7.558223500419715e-06
5.493,7.5596411986496888e-06
5.49325,7.5612442624983548e-06
5.4935,7.5630116612540312e-06
5.49375,7.5646795407501761e-06
5.494,7.5662003940775815e-06
5.49425,7.5678088848685859e-06
5.4945,7.5695830493201176e-06
5.49475,7.5711887805828739e-06
5.495,7.5725565738811921e-06
5.49525,7.5739719939820739e-06
5.4955,7.5755531407517076e-06
5.49575,7.5770840954553584e-06
5.496,7.5784826611077088e-06
5.49625,7.5799508539067926e-06
5.4965,7.5815864105189398e-06
5.49675,7.5831867056293853e-06
5.497,7.5846601283686438e-06
5.49725,7.5862558633732148e-06
5.4975,7.5880627851063401e-06
5.49775,7.5898358633737075e-06
5.498,7.5914545687667406e-06
5.49825,7.5931126294492241e-06
5.4985,7.5949052878433756e-06
5.49875,7.5966237753792876e-06
5.499,7.5981685059887872e-06
5.49925,7.5997633838159921e-06
5.4995,7.601514799273534e-06
5.49975,7.6031900445089637e-06
5.5,7.6046788181721605e-06
5.50025,7.6061819270316616e-06
5.5005,7.6078328399789207e-06
5.50075,7.6094368755467864e-06
5.501,7.6108675377748604e-06
5.50125,7.6123534471557884e-06
5.5015,7.6140080766243577e-06
5.50175,7.6156238755365495e-06
5.502,7.6170741017359491e-06
5.50225,7.6185848168713489e-06
5.5025,7.620272457137238e-06
5.50275,7.6219248454028845e-06
5.503,7.6234104586057168e-06
5.50325,7.624950853905807e-06
5.5035,7.6266781586424744e-06
5.50375,7.628390184298566e-06
5.504,7.6299551642563158e-06
5.50425,7.6315798636158948e-06
5.5045,7.6333880750756397e-06
5.50475,7.6351673846242248e-06
5.505,7.6367706376903052e-06
5.50525,7.6383993472847639e-06
5.5055,7.6401796210623694e-06
5.50575,7.6419105933482697e-06
5.506,7.6434602762975678e-06
5.50625,7.6450255083847303e-06
5.5065,7.6467334763420369e-06
5.50675,7.6483886354572884e-06
5.507,7.649868853563092e-06
5.50725,7.6513734386723922e-06
5.5075,7.6530301810079371e-06
5.50775,7.654647061220292e-06
5.508,7.6560891298993645e-06
5.50825,7.6575465517130907e-06
5.5085,7.6591393401132992e-06
5.50875,7.6606865216755959e-06
5.509,7.6620456933714605e-06
5.50925,7.6634185976695251e-06
5.5095,7.6649476406704089e-06
5.50975,7.6664428099267173e-06
5.51,7.6677596979666453e-06
5.51025,7.6690803550945136e-06
5.5105,7.6705430556180042e-06
5.51075,7.6718721480502159e-06
5.511,7.6731952783468232e-06
5.51125,7.6746289732814997e-06
5.5115,7.6759220589841767e-06
5.51175,7.6772232336702519e-06
5.512,7.6786551060073695e-06
5.51225,7.6799451691933749e-06
5.5125,7.6812229248609827e-06
5.51275,7.6826059114368165e-06
5.513,7.6839462159659037e-06
5.51325,7.6851346728460325e-06
5.5135,7.6863375377395924e-06
5.51375,7.6876729470895215e-06
5.514,7.6889714648492075e-06
5.51425,7.6901142760061257e-06
5.5145,7.6912831942083703e-06
5.51475,7.6925998634815601e-06
5.515,7.6938930163854561e-06
5.51525,7.6950206196088663e-06
5.5155,7.6961262992619921e-06
5.51575,7.6973299889373469e-06
5.516,7.6984829868157147e-06
5.51625,7.6994773233117477e-06
5.5165,7.7004805507408025e-06
5.51675,7.7016179379813337e-06
5.517,7.7027493282357676e-06
5.51725,7.7037528619177261e-06
5.5175,7.7047615061993283e-06
5.51775,7.7058759177263477e-06
5.518,7.7069556880438749e-06
5.51825,7.7078816165973807e-06
5.5185,7.7088032330779287e-06
5.51875,7.7098481494076045e-06
5.519,7.7108811952134021e-06
5.51925,7.7117901028728805e-06
5.5195,7.7127151997275035e-06
5.51975,7.7137591616121602e-06
5.52,7.7147752539820578e-06
5.52025,7.7156384938699224e-06
5.5205,7.716483308662665e-06
5.52075,7.7174181986400555e-06
5.521,7.7183246003983111e-06
5.52125,7.7190958286096113e-06
5.5215,7.7198596317694983e-06
5.52175,7.7207229752220027e-06
5.522,7.7215702303912933e-06
5.52225,7.7222860749816407e-06
5.5225,7.7229799607191171e-06
5.52275,7.7237383402963548e-06
5.523,7.7244461857001331e-06
5.52325,7.7250139743195735e-06
5.5235,7.7255709279321296e-06
5.52375,7.7262177994975536e-06
5.524,7.7268498130307503e-06
5.52425,7.7273792479745458e-06
5.5245,7.7279327552724673e-06
5.52475,7.7286043954381413e-06
5.525,7.7292749742330263e-06
5.52525,7.7298349912228388e-06
5.5255,7.7303771056178495e-06
5.52575,7.7309803172837423e-06
5.526,7.7315414556841804e-06
5.52625,7.7319733083233142e-06
5.5265,7.7323886481508e-06
5.52675,7.7328838484266454e-06
5.527,7.733369139240988e-06
5.52725,7.733760939247538e-06
5.5275,7.7341532146098234e-06
5.52775,7.7346109937450265e-06
5.528,7.7350371908161697e-06
5.52825,7.7353541218235545e-06
5.5285,7.7356592428270689e-06
5.52875,7.7360249365343642e-06
5.529,7.7363599650015235e-06
5.52925,7.7365937018832001e-06
5.5295,7.7368216089888599e-06
5.52975,7.737109789019053e-06
5.53,7.7373701389538723e-06
5.53025,7.7375360266060911e-06
5.5305,7.7376899020058687e-06
5.53075,7.7378882403942521e-06
5.531,7.7380491462787836e-06
5.53125,7.7381193583089246e-06
5.5315,7.7381917168385507e-06
5.53175,7.7383259085672669e-06
5.532,7.7384507578141948e-06
5.53225,7.7385068358319465e-06
5.5325,7.7385556739342303e-06
5.53275,7.7386329148447888e-06
5.533,7.7386585285351838e-06
5.53325,7.7385851468813573e-06
5.5335,7.7384995326417013e-06
5.53375,7.7384543473556465e-06
5.534,7.7383817121516562e-06
5.53425,7.7382428838864629e-06
5.5345,7.7381085704288139e-06
5.53475,7.7380169932618064e-06
5.535,7.7378997149511423e-06
5.53525,7.7377179729974821e-06
5.5355,7.7375311072194666e-06
5.53575,7.7373668353504234e-06
5.536,7.7371583063523263e-06
5.53625,7.7368784719364431e-06
5.5365,7.7365942248437761e-06
5.53675,7.7363304183945852e-06
5.537,7.7360259346088155e-06
5.53725,7.7356571745206866e-06
5.5375,7.7352766438477304e-06
5.53775,7.7349118873687912e-06
5.538,7.7345106933780172e-06
5.53825,7.7340573710486271e-06
5.5385,7.7335981017524377e-06
5.53875,7.7331496161450875e-06
5.539,7.7326606833843762e-06
5.53925,7.7321192378214833e-06
5.5395,7.7315734167222683e-06
5.53975,7.7310330680997426e-06
5.54,7.7304512870347012e-06
5.54025,7.7298562894897625e-06
5.5405,7.7292358897279288e-06
5.54075,7.7286047196109893e-06
5.541,7.7279482386283824e-06
5.54125,7.7272278722657437e-06
5.5415,7.7265161916253716e-06
5.54175,7.72582670953039e-06
5.542,7.7251544395935699e-06
5.54225,7.7244419282691368e-06
5.5425,7.723626665288062e-06
5.54275,7.7227683489094736e-06
5.543,7.7218944077965348e-06
5.54325,7.7210179416846161e-06
5.5435,7.7200935008694977e-06
5.54375,7.7190873791608613e-06
5.544,7.7180783084594514e-06
5.54425,7.7170953558811086e-06
5.5445,7.7161418332032567e-06
5.54475,7.7151564491463691e-06
5.545,7.7141081823824275e-06
5.54525,7.7130508302911553e-06
5.5455,7.7120117073230434e-06
5.54575,7.7109917861170413e-06
5.546,7.7099233791248017e-06
5.54625,7.7087800076303727e-06
5.5465,7.7076419312153262e-06
5.54675,7.7065527229087328e-06
5.547,7.7055055139921976e-06
5.54725,7.7044254736951293e-06
5.5475,7.7032769054271943e-06
5.54775,7.7021234599419769e-06
5.548,7.7010043599966553e-06
5.54825,7.6999044204456504e-06
5.5485,7.698752394508289e-06
5.54875,7.697526689047052e-06
5.549,7.6962989145967106e-06
5.54925,7.6951181763864758e-06
5.5495,7.6939644496070732e-06
5.54975,7.6927470936371158e-06
5.55,7.691433753896612e-06
5.55025,7.6900952481614504e-06
5.5505,7.6887930945579479e-06
5.55075,7.6875230840244047e-06
5.551,7.6862081383643325e-06
5.55125,7.6848296248072474e-06
5.5515,7.683455482076639e-06
5.55175,7.6821310333134707e-06
5.552,7.680824091398665e-06
5.55225,7.6794370752724596e-06
5.5525,7.6779557563186869e-06
5.55275,7.6764632036621084e-06
5.553,7.6750141122184605e-06
5.55325,7.6735802617089699e-06
5.5535,7.6720725995039202e-06
5.55375,7.6704797151817842e-06
5.554,7.6688938394474551e-06
5.55425,7.6673762683552858e-06
5.5545,7.6659005258883138e-06
5.55475,7.6643627652967616e-06
5.555,7.6627456742886788e-06
5.55525,7.6611345365991853e-06
5.5555,7.6595914917535705e-06
5.55575,7.6580759321619272e-06
5.556,7.6564874785686513e-06
5.55625,7.654819138694305e-06
5.5565,7.6531625563290841e-06
5.55675,7.6515849349516088e-06
5.557,7.6500618567975784e-06
5.55725,7.6484699383024311e-06
5.5575,7.6468092944613469e-06
5.55775,7.6451633870688472e-06
5.558,7.6435961312003805e-06
5.55825,7.6420835388072252e-06
5.5585,7.6404984357150088e-06
5.55875,7.6388370777121711e-06
5.559,7.637186830002283e-06
5.55925,7.6356424456656297e-06
5.5595,7.6341526275119322e-06
5.55975,7.6325980623713489e-06
5.56,7.6309711414408592e-06
5.56025,7.6293558850803988e-06
5.5605,7.6278360319219217e-06
5.56075,7.6263573459713699e-06
5.561,7.6248021620792063e-06
5.56125,7.6231894190450393e-06
5.5615,7.6216008017481976e-06
5.56175,7.620112906878508e-06
5.562,7.618670196176217e-06
5.56225,7.6171420790705224e-06
5.5625,7.6155261817240931e-06
5.56275,7.6139032300550378e-06
5.563,7.6123611757091127e-06
5.56325,7.6108621699065562e-06
5.5635,7.6092813060173505e-06
5.56375,7.607633457009388e-06
5.564,7.6060139713853971e-06
5.56425,7.6045214195543175e-06
5.5645,7.6030821646739564e-06
5.56475,7.6015488259879559e-06
5.565,7.5999321902074044e-06
5.56525,7.5983261913194818e-06
5.5655,7.5968340408652328e-06
5.56575,7.5953969693303103e-06
5.566,7.5938912801687298e-06
5.56625,7.5923068372218433e-06
5.5665,7.5907286631809291e-06
5.56675,7.5892543103812851e-06
5.567,7.5878205965831392e-06
5.56725,7.5862721309025509e-06
5.5675,7.5846408639428805e-06
5.56775,7.5830443494203959e-06
5.568,7.58158288847288e-06
5.56825,7.5801912004040162e-06
5.5685,7.5787116282366045e-06
5.56875,7.5771384970727797e-06
5.569,7.5755701961712352e-06
5.56925,7.5741304194938951e-06
5.5695,7.5727451593586807e-06
5.56975,7.5712610244360414e-06
5.57,7.5696951668292852e-06
5.57025,7.5681319731969032e-06
5.5705,7.566677119399202e-06
5.57075,7.5653009220260268e-06
5.571,7.5638545632469314e-06
5.57125,7.5623428519059442e-06
5.5715,7.5608692975493955e-06
5.57175,7.5595083514824358e-06
5.572,7.5582045025183837e-06
5.57225,7.5568121168242813e-06
5.5725,7.5553265770972721e-06
5.57275,7.5538570490179844e-06
5.573,7.552542495445883e-06
5.57325,7.5513058027248176e-06
5.5735,7.5500061494085739e-06
5.57375,7.5486472243087717e-06
5.574,7.5473018529012143e-06
5.57425,7.5460839608477765e-06
5.5745,7.5449279291973743e-06
5.57475,7.5436597362889525e-06
5.575,7.5423134804697598e-06
5.57525,7.5409889130041287e-06
5.5755,7.5398038336520663e-06
5.57575,7.5387119590029597e-06
5.576,7.5375187603230276e-06
5.57625,7.5362426705494431e-06
5.5765,7.5349773124490957e-06
5.57675,7.5338367570043834e-06
5.577,7.5327995485655484e-06
5.57725,7.5316843558771733e-06
5.5775,7.5304876430853109e-06
5.57775,7.5293272027719073e-06
5.578,7.5282852785663632e-06
5.57825,7.5273080001527066e-06
5.5785,7.5261877465190849e-06
5.57875,7.5249614933193432e-06
5.579,7.5237405673849307e-06
5.57925,7.5226364767496999e-06
5.5795,7.5216396919222319e-06
5.57975,7.5205584823275658e-06
5.58,7.5194251485862448e-06
5.58025,7.5183416423806131e-06
5.5805,7.5173988354440032e-06
5.58075,7.5165427805855587e-06
5.581,7.5155878195409945e-06
5.58125,7.5145503604989663e-06
5.5815,7.513509169401291e-06
5.58175,7.5126030523044824e-06
5.582,7.5117551435311153e-06
5.58225,7.5108223017792056e-06
5.5825,7.5098179249219927e-06
5.58275,7.5088205219634722e-06
5.583,7.507961234340424e-06
5.58325,7.5071738792498769e-06
5.5835,7.5062956264368425e-06
5.58375,7.5053249156480639e-06
5.584,7.5043752160599263e-06
5.58425,7.5035595666819129e-06
5.5845,7.5028389730323027e-06
5.58475,7.5020348971976164e-06
5.585,7.5011692475655777e-06
5.58525,7.5003054752465565e-06
5.5855,7.4995921006060943e-06
5.58575,7.4989674462338416e-06
5.586,7.4982386537757322e-06
5.58625,7.4974220002741733e-06
5.5865,7.4966416461207903e-06
5.58675,7.4960403460950357e-06
5.587,7.4955616846753963e-06
5.58725,7.4950145437471323e-06
5.5875,7.4943898185856232e-06
5.58775,7.4937708831170698e-06
5.588,7.4932964871521419e-06
5.58825,7.4929004214491541e-06
5.5885,7.4924279731843273e-06
5.58875,7.4918996286223432e-06
5.589,7.4913847033250735e-06
5.58925,7.4910137516188537e-06
5.5895,7.4907335134642181e-06
5.58975,7.4903701099845295e-06
5.59,7.48994426678263e-06
5.59025,7.4895447349199471e-06
5.5905,7.4892866196360255e-06
5.59075,7.4891367967855427e-06
5.591,7.4889063793272833e-06
5.59125,7.4885723731487536e-06
5.5915,7.4882402459278313e-06
5.59175,7.4880620604708872e-06
5.592,7.4879565797331717e-06
5.59225,7.4877544703338012e-06
5.5925,7.4874846495442953e-06
5.59275,7.48721927640023e-06
5.593,7.4871162668017516e-06
5.59325,7.4871282913667882e-06
5.5935,7.4870894455922721e-06
5.59375,7.486982284553598e-06
5.594,7.4868445191907894e-06
5.59425,7.4868722148460483e-06
5.5945,7.4869796290748881e-06
5.59475,7.486963267058842e-06
5.595,7.4868862955071349e-06
5.59525,7.4868044563321514e-06
5.5955,7.4868382020493459e-06
5.59575,7.486974698792783e-06
5.596,7.4870426744452929e-06
5.59625,7.4870193672613521e-06
5.5965,7.4870101055821066e-06
5.59675,7.4871858940394293e-06
5.597,7.4875100992173988e-06
5.59725,7.4877673438532014e-06
5.5975,7.487973766394271e-06
5.59775,7.4881555098766639e-06
5.598,7.4884791400215728e-06
5.59825,7.4888988136764518e-06
5.5985,7.489230282277719e-06
5.59875,7.4895026668435654e-06
5.599,7.4897805206954601e-06
5.59925,7.4902127554853817e-06
5.5995,7.4907267151188723e-06
5.59975,7.4911622407689896e-06
5.6,7.4915293134520574e-06
5.60025,7.4918906427951852e-06
5.6005,7.4924035480611738e-06
5.60075,7.4930021088462093e-06
5.601,7.4935268032633174e-06
5.60125,7.4939874810809488e-06
5.6015,7.4944327310302569e-06
5.60175,7.4950300291562308e-06
5.602,7.4957289644410582e-06
5.60225,7.4963668402847766e-06
5.6025,7.4969575271473924e-06
5.60275,7.4975392732356575e-06
5.603,7.498261284791618e-06
5.60325,7.4990676173879924e-06
5.6035,7.4998112363944432e-06
5.60375,7.5005079203969996e-06
5.604,7.501192814719955e-06
5.60425,7.5020101958372694e-06
5.6045,7.5029081470503847e-06
5.60475,7.5037512704542177e-06
5.605,7.5045646244063502e-06
5.60525,7.5053792153933213e-06
5.6055,7.5063370308795551e-06
5.60575,7.5073732668898688e-06
5.606,7.5083443051754466e-06
5.60625,7.5092614153472527e-06
5.6065,7.5101514751141893e-06
5.60675,7.5111544861775191e-06
5.607,7.5122399985061897e-06
5.60725,7.5132729176359757e-06
5.6075,7.5142752882527279e-06
5.60775,7.51532095755319e-06
5.608,7.5163979846917939e-06
5.60825,7.5174195358930968e-06
5.6085,7.5184480233194578e-06
5.60875,7.5195695876013009e-06
5.609,7.5207369455353878e-06
5.60925,7.5218228169273049e-06
5.6095,7.5228875279125219e-06
5.60975,7.5240102224121217e-06
5.61,7.5251565022731727e-06
5.61025,7.5262471482957614e-06
5.6105,7.5273323418524085e-06
5.61075,7.5284912942915402e-06
5.611,7.5296788322319993e-06
5.61125,7.530810368554513e-06
5.6115,7.5319104006140069e-06
5.61175,7.5330486714135958e-06
5.612,7.534194636388403e-06
5.61225,7.5352743487570977e-06
5.6125,7.5363695038205009e-06
5.61275,7.5376296078307648e-06
5.613,7.5390322943139534e-06
5.61325,7.5404809462354194e-06
5.6135,7.5419261800681449e-06
5.61375,7.5433626132851455e-06
5.614,7.5447960323568094e-06
5.61425,7.5461779328036257e-06
5.6145,7.5476808797089907e-06
5.61475,7.5493166682792894e-06
5.615,7.5509718522207039e-06
5.61525,7.5525670103975455e-06
5.6155,7.5540428582514022e-06
5.61575,7.5554348809468422e-06
5.616,7.5566784058454476e-06
5.61625,7.5578303737606515e-06
5.6165,7.5590395388346062e-06
5.61675,7.5602768603830052e-06
5.617,7.5614287476148421e-06
5.61725,7.5625901657963177e-06
5.6175,7.5640133798526592e-06
5.61775,7.5656637587870887e-06
5.618,7.5673700711184933e-06
5.61825,7.5690085441399895e-06
5.6185,7.5706492165030789e-06
5.61875,7.5723596239489051e-06
5.619,7.5740797350135228e-06
5.61925,7.5757014690225822e-06
5.6195,7.577206796629424e-06
5.61975,7.5787184963192291e-06
5.62,7.580198600270909e-06
5.62025,7.5816063870689679e-06
5.6205,7.583045108874646e-06
5.62075,7.5845633957044524e-06
5.621,7.5860848525755392e-06
5.62125,7.5875628222759185e-06
5.6215,7.5891104529348119e-06
5.62175,7.5907601105952157e-06
5.622,7.5924651764327183e-06
5.62225,7.594151085930788e-06
5.6225,7.5959002923662403e-06
5.62275,7.5977238234688071e-06
5.623,7.5995167905401097e-06
5.62325,7.6012333438577019e-06
5.6235,7.6030513985315049e-06
5.62375,7.6048289126517659e-06
5.624,7.6064972995587338e-06
5.62425,7.6082503303020542e-06
5.6245,7.6099755755871895e-06
5.62475,7.6116067191384937e-06
5.625,7.6133248662257044e-06
5.62525,7.6149992210338571e-06
5.6255,7.61656603960447e-06
5.62575,7.6182181172909157e-06
5.626,7.6198135072117585e-06
5.62625,7.621315584218559e-06
5.6265,7.6228404559448119e-06
5.62675,7.6244362529018639e-06
5.627,7.6260103250726818e-06
5.62725,7.6275295532932743e-06
5.6275,7.6290718291059313e-06
5.62775,7.6306483031429587e-06
5.628,7.6321724371339577e-06
5.62825,7.633660142777915e-06
5.6285,7.635233955535738e-06
5.62875,7.6369161759993062e-06
5.629,7.6386047294931169e-06
5.62925,7.6402931816339771e-06
5.6295,7.6420678167997975e-06
5.62975,7.6439009704868268e-06
5.63,7.6456583174426363e-06
5.63025,7.6473381669627277e-06
5.6305,7.6490428018878621e-06
5.63075,7.6507644449163218e-06
5.631,7.6523975895646892e-06
5.63125,7.653962141815019e-06
5.6315,7.6555841803049656e-06
5.63175,7.6572563694158948e-06
5.632,7.6588636251069719e-06
5.63225,7.6604176193539641e-06
5.6325,7.6620335034448818e-06
5.63275,7.6636854511662868e-06
5.633,7.6652439890571096e-06
5.63325,7.666731482576236e-06
5.6335,7.6682757229014283e-06
5.63375,7.6698682450122641e-06
5.634,7.6713924410765073e-06
5.63425,7.6728690425818684e-06
5.6345,7.6744103969654581e-06
5.63475,7.6759878497768835e-06
5.635,7.6774747938602332e-06
5.63525,7.6789075979211668e-06
5.6355,7.6804177675155813e-06
5.63575,7.6819700044984581e-06
5.636,7.6834270386344404e-06
5.63625,7.6848215193793703e-06
5.6365,7.6862874103806332e-06
5.63675,7.687779683419845e-06
5.637,7.6891570055906071e-06
5.63725,7.6904640427125988e-06
5.6375,7.6918388623290278e-06
5.63775,7.6932497210584636e-06
5.638,7.6945536505820279e-06
5.63825,7.6957967965122422e-06
5.6385,7.6971201741928026e-06
5.63875,7.6984838950281391e-06
5.639,7.6997415176659668e-06
5.63925,7.7009498346345585e-06
5.6395,7.7022545709661581e-06
5.63975,7.7036013804165976e-06
5.64,7.7048325822898032e-06
5.64025,7.7060085783397534e-06
5.6405,7.7072686962348033e-06
5.64075,7.708548848687735e-06
5.641,7.7096894950106639e-06
5.64125,7.7107553702664457e-06
5.6415,7.7119139610170583e-06
5.64175,7.7131229643832457e-06
5.642,7.7142236580130619e-06
5.64225,7.7152751850170276e-06
5.6425,7.7164318787427769e-06
5.64275,7.7176187373032252e-06
5.643,7.7186660600345204e-06
5.64325,7.7196231936067182e-06
5.6435,7.7206437377301619e-06
5.64375,7.7216736534393765e-06
5.644,7.722564414046538e-06
5.64425,7.7234056315946623e-06
5.6445,7.7243682543693025e-06
5.64475,7.725373832375425e-06
5.645,7.7262496339772877e-06
5.64525,7.7270722344619158e-06
5.6455,7.7279992319780417e-06
5.64575,7.7289486868227176e-06
5.646,7.7297510115649976e-06
5.64625,7.7304892638509103e-06
5.6465,7.7313340350515647e-06
5.64675,7.7322178657296699e-06
5.647,7.7329667301571023e-06
5.64725,7.733653541412633e-06
5.6475,7.7344907212147931e-06
5.64775,7.735246835217711e-06
5.648,7.7358594121141255e-06
5.64825,7.736502100985538e-06
5.6485,7.7370236533180252e-06
5.64875,7.7375122597073315e-06
5.649,7.7380148087838068e-06
5.64925,7.7386558312674054e-06
5.6495,7.7392028886059926e-06
5.64975,7.7396963159527122e-06
5.65,7.7401656448202637e-06
5.65025,7.7407400879501547e-06
5.6505,7.741184725252648e-06
5.65075,7.7415399177519283e-06
5.651,7.7418480033989965e-06
5.65125,7.74225975690978e-06
5.6515,7.7425636029486584e-06
5.65175,7.7428244145907187e-06
5.652,7.7430967039474657e-06
5.65225,7.743515374899492e-06
5.6525,7.7438399607949595e-06
5.65275,7.7440978922685633e-06
5.653,7.7443281772354165e-06
5.65325,7.7446669391365021e-06
5.6535,7.744888119935896e-06
5.65375,7.7450292433077447e-06
5.654,7.7451460340704034e-06
5.65425,7.7453798909434991e-06
5.6545,7.7455019881829293e-06
5.65475,7.7455484834436382e-06
5.655,7.7455642066393006e-06
5.65525,7.7456974701200091e-06
5.6555,7.7457145091508975e-06
5.65575,7.7456536236798517e-06
5.656,7.7455753053696728e-06
5.65625,7.7456218997704043e-06
5.6565,7.7455693303221422e-06
5.65675,7.7454609057665569e-06
5.657,7.7453534389438864e-06
5.65725,7.7453799485964002e-06
5.6575,7.745299394876095e-06
5.65775,7.7451300704367088e-06
5.658,7.7449210218276682e-06
5.65825,7.7448115873859689e-06
5.6585,7.7445839155706729e-06
5.65875,7.7442825677976201e-06
5.659,7.7439828848979117e-06
5.65925,7.7438282693366653e-06
5.6595,7.7435886536551852e-06
5.65975,7.7432908749457036e-06
5.66,7.742980400563118e-06
5.66025,7.7427797129690573e-06
5.6605,7.7424569271944806e-06
5.66075,7.7420391372061777e-06
5.661,7.7415971588638404e-06
5.66125,7.7412765815313111e-06
5.6615,7.7408663774736847e-06
5.66175,7.7403867333441983e-06
5.662,7.7399056259333471e-06
5.66225,7.7395568860914873e-06
5.6625,7.7391151297812018e-06
5.66275,7.738596145853161e-06
5.663,7.7380572594359854e-06
5.66325,7.7376334299347884e-06
5.6635,7.7371001718634026e-06
5.66375,7.7364821131040387e-06
5.664,7.7358532309018079e-06
5.66425,7.7353461376518048e-06
5.6645,7.7347437162870946e-06
5.66475,7.7340652023214718e-06
5.665,7.7333718102176734e-06
5.66525,7.7327978961839924e-06
5.6655,7.7321342833518634e-06
5.66575,7.7313918950091888e-06
5.666,7.7306386378056931e-06
5.66625,7.7300119603083563e-06
5.6665,7.7292966638975442e-06
5.66675,7.7285089928212927e-06
5.667,7.7277079966783594e-06
5.66725,7.727019861099328e-06
5.6675,7.7262342136011962e-06
5.66775,7.7253679376298095e-06
5.668,7.7244820983419933e-06
5.66825,7.7237055572191969e-06
5.6685,7.7228452103646505e-06
5.66875,7.7219128800197196e-06
5.669,7.7209681380234159e-06
5.66925,7.7201447391881224e-06
5.6695,7.7192452847274133e-06
5.66975,7.718272080536452e-06
5.67,7.7172905157799465e-06
5.67025,7.7164230959459011e-06
5.6705,7.7154640435487513e-06
5.67075,7.7144180603535635e-06
5.671,7.7133518195853704e-06
5.67125,7.7124018834532924e-06
5.6715,7.7113808758549143e-06
5.67175,7.7102922179792782e-06
5.672,7.7092045818319628e-06
5.67225,7.7082394254408259e-06
5.6725,7.7072131455084716e-06
5.67275,7.7061192914255167e-06
5.673,7.7050102557561865e-06
5.67325,7.7040053401987196e-06
5.6735,7.7029276058893088e-06
5.67375,7.7017716866298458e-06
5.674,7.7005964871891137e-06
5.67425,7.6995268783344984e-06
5.6745,7.6983902964776557e-06
5.67475,7.6971659952606813e-06
5.675,7.6960017637753293e-06
5.67525,7.6947905016674287e-06
5.6755,7.693545128967417e-06
5.67575,7.6923932873637559e-06
5.676,7.6912012892782055e-06
5.67625,7.6899517580051413e-06
5.6765,7.6887613246718046e-06
5.67675,7.6875074576970276e-06
5.677,7.6861777640750687e-06
5.67725,7.6848920395411206e-06
5.6775,7.6835487206411573e-06
5.67775,7.6821417491010606e-06
5.678,7.6807890349425817e-06
5.67825,7.6793853695780545e-06
5.6785,7.677922320411771e-06
5.67875,7.6765223946432858e-06
5.679,7.6750880264448829e-06
5.67925,7.673620983060186e-06
5.6795,7.6722342748742774e-06
5.67975,7.6708137599246923e-06
5.68,7.6693466605040276e-06
5.68025,7.6679268259931649e-06
5.6805,7.6664453262413039e-06
5.68075,7.6649069684176304e-06
5.681,7.6634141806585499e-06
5.68125,7.6618903567371072e-06
5.6815,7.6603381235626125e-06
5.68175,7.658852317250096e-06
5.682,7.6573311634927326e-06
5.68225,7.655761811151082e-06
5.6825,7.6542409095229043e-06
5.68275,7.652681130833297e-06
5.683,7.6510830243381116e-06
5.68325,7.649530238608594e-06
5.6835,7.6479456901570209e-06
5.68375,7.6463327423510786e-06
5.684,7.6447822632318962e-06
5.68425,7.6432121698768057e-06
5.6845,7.6416185396084147e-06
5.68475,7.6400752726754114e-06
5.685,7.6385013982924923e-06
5.68525,7.6369091937849457e-06
5.6855,7.6353700641258653e-06
5.68575,7.6338140569102477e-06
5.686,7.6322375707568113e-06
5.68625,7.6307228312917257e-06
5.6865,7.629224400630883e-06
5.68675,7.6276449773587706e-06
5.687,7.6260230030689959e-06
5.68725,7.6244798900927824e-06
5.6875,7.6229786401940977e-06
5.68775,7.6213900849873715e-06
5.688,7.6197337556143189e-06
5.68825,7.6181058046815704e-06
5.6885,7.6165097527893801e-06
5.68875,7.6148519116747747e-06
5.689,7.6131754535593323e-06
5.68925,7.6115676485078035e-06
5.6895,7.6100099649315754e-06
5.68975,7.6084043124032938e-06
5.69,7.6067502121886088e-06
5.69025,7.6051437126399296e-06
5.6905,7.603570144414413e-06
5.69075,7.6019690376243713e-06
5.691,7.6003392237626858e-06
5.69125,7.5987443070916588e-06
5.6915,7.5971818599575498e-06
5.69175,7.595566525946053e-06
5.692,7.5939044988013925e-06
5.69225,7.5922825379347803e-06
5.6925,7.590706882782391e-06
5.69275,7.589101801235902e-06
5.693,7.5874704325466624e-06
5.69325,7.5858844176090033e-06
5.6935,7.5843215302986887e-06
5.69375,7.5827159426767978e-06
5.694,7.5810984418342833e-06
5.69425,7.5795140256389792e-06
5.6945,7.5779582044598988e-06
5.69475,7.5763949789725838e-06
5.695,7.5748130206553656e-06
5.69525,7.5732537849549501e-06
5.6955,7.5717521833403183e-06
5.69575,7.5702550043458165e-06
5.696,7.5687511211054237e-06
5.69625,7.5672823587175844e-06
5.6965,7.5658184172012642e-06
5.69675,7.5643164983910032e-06
5.697,7.5627939762965555e-06
5.69725,7.5612926645283262e-06
5.6975,7.5598348253785691e-06
5.69775,7.5584103044462343e-06
5.698,7.5569838182546395e-06
5.69825,7.5555940196539752e-06
5.6985,7.5542408303966805e-06
5.69875,7.5528730887383247e-06
5.699,7.5515046822507068e-06
5.69925,7.5501379949251712e-06
5.6995,7.5487874155818695e-06
5.69975,7.5474570490844717e-06
5.7,7.5461474329175982e-06
5.70025,7.5448609987259502e-06
5.7005,7.5436065982120679e-06
5.70075,7.5423638932833962e-06
5.701,7.5411370900431184e-06
5.70125,7.5399177818008845e-06
5.7015,7.5387103135726273e-06
5.70175,7.537552598481339e-06
5.702,7.5364050181162364e-06
5.70225,7.5352762061110748e-06
5.7025,7.5341749070233005e-06
5.70275,7.5330795994470091e-06
5.703,7.5319876720188874e-06
5.70325,7.5308408799564879e-06
5.7035,7.529677161627713e-06
5.70375,7.5285228000954485e-06
5.704,7.5273605998652899e-06
5.70425,7.5262133020105924e-06
5.7045,7.5250699935208262e-06
5.70475,7.5239861052836029e-06
5.705,7.5229427109871548e-06
5.70525,7.5218876764029256e-06
5.7055,7.520815678996383e-06
5.70575,7.5197689717337378e-06
5.706,7.5187548706188303e-06
5.70625,7.5177036681506111e-06
5.7065,7.5166460254615022e-06
5.70675,7.5156139574259951e-06
5.707,7.5146413413423825e-06
5.70725,7.5136652474334001e-06
5.7075,7.5126826567518593e-06
5.70775,7.5117411904420361e-06
5.708,7.5108405738789329e-06
5.70825,7.509927439151718e-06
5.7085,7.5090050195695908e-06
5.70875,7.5081454583243472e-06
5.709,7.5073201004951007e-06
5.70925,7.5064800470482895e-06
5.7095,7.5056201963501428e-06
5.70975,7.5048244991890507e-06
5.71,7.5040629916438356e-06
5.71025,7.5032998042073303e-06
5.7105,7.5025246350061387e-06
5.71075,7.5018096935923583e-06
5.711,7.5011620055099414e-06
5.71125,7.5005194260921923e-06
5.7115,7.4998609171273052e-06
5.71175,7.4992855322012457e-06
5.712,7.4987675307750418e-06
5.71225,7.4982156298292083e-06
5.7125,7.497619699441374e-06
5.71275,7.4970835209292334e-06
5.713,7.4965876433939767e-06
5.71325,7.4960690550119044e-06
5.7135,7.4955315394608306e-06
5.71375,7.4950766646285083e-06
5.714,7.4946896758741426e-06
5.71425,7.4942618450522898e-06
5.7145,7.4937837293845545e-06
5.71475,7.4934029876999415e-06
5.715,7.4931145114548026e-06
5.71525,7.4927863978184102e-06
5.7155,7.4924426985616228e-06
5.71575,7.4921852348274517e-06
5.716,7.492009486764268e-06
5.71625,7.4918042205682351e-06
5.7165,7.4915559947630901e-06
5.71675,7.4913800346960537e-06
5.717,7.4912987277514409e-06
5.71725,7.4911748958182716e-06
5.7175,7.4910104629998301e-06
5.71775,7.4909398673839757e-06
5.718,7.4909858273140107e-06
5.71825,7.4909809684262756e-06
5.7185,7.4908872332570342e-06
5.71875,7.4908537064767975e-06
5.719,7.4909315257644409e-06
5.71925,7.49091484497516e-06
5.7195,7.4907990817412223e-06
5.71975,7.4907817416745348e-06
5.72,7.4908608177205711e-06
5.72025,7.4908617578464915e-06
5.7205,7.4908108518287752e-06
5.72075,7.4908489922809229e-06
5.721,7.4909692870340618e-06
5.72125,7.4910670559609459e-06
5.7215,7.4911635969395806e-06
5.72175,7.4913732051885835e-06
5.722,7.4917033085519304e-06
5.72225,7.4919700246968092e-06
5.7225,7.4921357672032511e-06
5.72275,7.4924023218940491e-06
5.723,7.492784709277853e-06
5.72325,7.4930967974985217e-06
5.7235,7.4933396446097656e-06
5.72375,7.4936992894530256e-06
5.724,7.49417489575677e-06
5.72425,7.4946040975347964e-06
5.7245,7.4949407183346285e-06
5.72475,7.4953704001950332e-06
5.725,7.4959495039391768e-06
5.72525,7.4964929945282563e-06
5.7255,7.496935553913137e-06
5.72575,7.4974663936858216e-06
5.726,7.4981195218746329e-06
5.72625,7.4987051754449944e-06
5.7265,7.4992007006571592e-06
5.72675,7.4998083245582734e-06
5.727,7.500572029752609e-06
5.72725,7.5012803515281547e-06
5.7275,7.5018830755412039e-06
5.72775,7.5025904085837216e-06
5.728,7.5034359726687618e-06
5.72825,7.5041321139328338e-06
5.7285,7.5048663674471144e-06
5.72875,7.5057378128182452e-06
5.729,7.5065013099386273e-06
5.72925,7.507330913394198e-06
5.7295,7.5082185775505853e-06
5.72975,7.5091977699568515e-06
5.73,7.510043525437697e-06
5.73025,7.5109666343486884e-06
5.7305,7.5119657165082545e-06
5.73075,7.5130724129815837e-06
5.731,7.5140276309836264e-06
5.73125,7.5150459344931739e-06
5.7315,7.5161272767321797e-06
5.73175,7.5173057047270638e-06
5.732,7.5183209454427642e-06
5.73225,7.5193858842972997e-06
5.7325,7.5204924111241868e-06
5.73275,7.5217018970189252e-06
5.733,7.5227448429338579e-06
5.73325,7.5238484443354291e-06
5.7335,7.5250029937403755e-06
5.73375,7.5262533003551548e-06
5.734,7.5273226337512743e-06
5.73425,7.5284502400796735e-06
5.7345,7.5296323828984587e-06
5.73475,7.5309273211818254e-06
5.735,7.532050574708078e-06
5.73525,7.533234976202235e-06
5.7355,7.5344876118741529e-06
5.73575,7.5358401123974335e-06
5.736,7.5369936936257997e-06
5.73625,7.5381725152582244e-06
5.7365,7.5393836697641399e-06
5.73675,7.5406746304328399e-06
5.737,7.5417899296107139e-06
5.73725,7.5429931665012839e-06
5.7375,7.5443498281589786e-06
5.73775,7.5459247836585061e-06
5.738,7.5473619214413916e-06
5.73825,7.5487993998562551e-06
5.7385,7.5502528150599216e-06
5.73875,7.5517556438516709e-06
5.739,7.5531866796516026e-06
5.73925,7.5547633231912517e-06
5.7395,7.5564364407829077e-06
5.73975,7.558203141804557e-06
5.74,7.5597435918549011e-06
5.74025,7.5612025262930003e-06
5.7405,7.5625017047536699e-06
5.74075,7.5638094694230022e-06
5.741,7.5650878516848616e-06
5.74125,7.5662386502733476e-06
5.7415,7.5674026669065953e-06
5.74175,7.5686954542974067e-06
5.742,7.5701065124018753e-06
5.74225,7.5715562721273779e-06
5.7425,7.5731967925656638e-06
5.74275,7.5750348974231067e-06
5.743,7.576787243390929e-06
5.74325,7.5783804126439431e-06
5.7435,7.5800480742405328e-06
5.74375,7.5818681931039973e-06
5.744,7.5835197105686361e-06
5.74425,7.584908927370753e-06
5.7445,7.5863264779510172e-06
5.74475,7.5878862723618304e-06
5.745,7.5893809352552666e-06
5.74525,7.5907290685604724e-06
5.7455,7.5921600765594156e-06
5.74575,7.5937561286064232e-06
5.746,7.5952088522205522e-06
5.74625,7.5967082600984832e-06
5.7465,7.5983099063297744e-06
5.74675,7.6000836153206001e-06
5.747,7.6017437060311602e-06
5.74725,7.6034652731665706e-06
5.7475,7.6052300615056483e-06
5.74775,7.6070934321590248e-06
5.748,7.6087437470661796e-06
5.74825,7.6104029443512922e-06
5.7485,7.6121082295347637e-06
5.74875,7.6139417960451905e-06
5.749,7.6155983792962969e-06
5.74925,7.6172504477293227e-06
5.7495,7.6188985630651995e-06
5.74975,7.6206333249882779e-06
5.75,7.6221676651207763e-06
5.75025,7.623703565977684e-06
5.7505,7.6252715679132815e-06
5.75075,7.6269561320351109e-06
5.751,7.6284622056839519e-06
5.75125,7.6299769273922106e-06
5.7515,7.6315266346638159e-06
5.75175,7.6331909123116633e-06
5.752,7.6346659467569797e-06
5.75225,7.6361345422762096e-06
5.7525,7.6376384638388606e-06
5.75275,7.6392761498136967e-06
5.753,7.6407508921902893e-06
5.75325,7.6422379189358181e-06
5.7535,7.6437693505395943e-06
5.75375,7.6454547033986421e-06
5.754,7.647001720291786e-06
5.75425,7.6485651258144801e-06
5.7545,7.6501611836072493e-06
5.75475,7.6518791812729684e-06
5.755,7.6534175507692946e-06
5.75525,7.6549468570383979e-06
5.7555,7.656492952490799e-06
5.75575,7.6581424990197711e-06
5.756,7.6597170129812953e-06
5.75625,7.6611198109040229e-06
5.7565,7.6625664745229991e-06
5.75675,7.664176341146761e-06
5.757,7.6657461775054875e-06
5.75725,7.6671511963317587e-06
5.7575,7.6685943791003139e-06
5.75775,7.6702044349781651e-06
5.758,7.6717867579715613e-06
5.75825,7.6731918238652189e-06
5.7585,7.6746146632067138e-06
5.75875,7.6761802667379221e-06
5.759,7.6776949349491443e-06
5.75925,7.6790296057986142e-06
5.7595,7.680374145434311e-06
5.75975,7.6818699139264869e-06
5.76,7.6832411875867118e-06
5.76025,7.6846070707061583e-06
5.7605,7.6859764277767444e-06
5.76075,7.6874332697407309e-06
5.761,7.6887198475285311e-06
5.76125,7.6899866715671797e-06
5.7615,7.6912591187266159e-06
5.76175,7.6926211184434467e-06
5.762,7.6938307896992635e-06
5.76225,7.6950383959208066e-06
5.7625,7.6962756267819442e-06
5.76275,7.6976283100636547e-06
5.763,7.6988365281359897e-06
5.76325,7.7000265715731032e-06
5.7635,7.7012242140201408e-06
5.76375,7.7025271156203294e-06
5.764,7.70367678560286e-06
5.76425,7.7048122331838461e-06
5.7645,7.7059644593284408e-06
5.76475,7.7072331325212996e-06
5.765,7.7084703056272924e-06
5.76525,7.7095517659277782e-06
5.7655,7.7106310303085009e-06
5.76575,7.7118256956444304e-06
5.766,7.712987433452414e-06
5.76625,7.7140211118535113e-06
5.7665,7.7150952580309095e-06
5.76675,7.7163299508828003e-06
5.767,7.7175652230205001e-06
5.76725,7.7186663298909148e-06
5.7675,7.7197551995144522e-06
5.76775,7.7209267720098181e-06
5.768,7.7220437638636132e-06
5.76825,7.7230004415717165e-06
5.7685,7.7239570340654086e-06
5.76875,7.7250422860196071e-06
5.769,7.7261221829959191e-06
5.76925,7.7270631735641996e-06
5.7695,7.7279992885972356e-06
5.76975,7.7290400979950402e-06
5.77,7.7300545907376909e-06
5.77025,7.7309162307640768e-06
5.7705,7.7317518691334552e-06
5.77075,7.7326648576412179e-06
5.771,7.7335347995866333e-06
5.77125,7.7342641574217319e-06
5.7715,7.7349943621177233e-06
5.77175,7.7358348385675113e-06
5.772,7.736651049275692e-06
5.77225,7.7373328426500554e-06
5.7725,7.7380058373741965e-06
5.77275,7.7387613579938837e-06
5.773,7.7394681453922907e-06
5.77325,7.7400220932648553e-06
5.7735,7.7405560411050161e-06
5.77375,7.7411907366404043e-06
5.774,7.7418288843461708e-06
5.77425,7.7423754997456549e-06
5.7745,7.742938119997515e-06
5.77475,7.7436025351809409e-06
5.775,7.7442503756759117e-06
5.77525,7.7447699244660948e-06
5.7755,7.7452595431393772e-06
5.77575,7.7457967178270822e-06
5.776,7.7462953417336879e-06
5.77625,7.7466867407215607e-06
5.7765,7.7470824511425208e-06
5.77675,7.7475768420586983e-06
5.777,7.7480652008595101e-06
5.77725,7.7484528834231623e-06
5.7775,7.7488350270190247e-06
5.77775,7.7492766031209246e-06
5.778,7.7496828668972442e-06
5.77825,7.7499728279650942e-06
5.7785,7.7502437762567242e-06
5.77875,7.750557898412186e-06
5.779,7.7508328662723194e-06
5.77925,7.7509995351664865e-06
5.7795,7.7511496203475488e-06
5.77975,7.7513451821173009e-06
5.78,7.7514981819570561e-06
5.78025,7.7515454714940444e-06
5.7805,7.7515772911992674e-06
5.78075,7.7516692689950271e-06
5.781,7.7517428623200358e-06
5.78125,7.7517451200537646e-06
5.7815,7.7517552919575451e-06
5.78175,7.7518204623565297e-06
5.782,7.7518623825245535e-06
5.78225,7.7518105152298112e-06
5.7825,7.7517260679969811e-06
5.78275,7.7516542969901646e-06
5.783,7.7515242562005386e-06
5.78325,7.7513038256188427e-06
5.7835,7.7510803849777109e-06
5.78375,7.7508963202353218e-06
5.784,7.750687402513507e-06
5.78425,7.7504096388070301e-06
5.7845,7.7501296615132533e-06
5.78475,7.7498757770964523e-06
5.785,7.749576045573917e-06
5.78525,7.7492032217200373e-06
5.7855,7.7488209292932592e-06
5.78575,7.7484688479976716e-06
5.786,7.7480940459803295e-06
5.78625,7.7476726115968586e-06
5.7865,7.7472680110954712e-06
5.78675,7.7468911466816482e-06
5.787,7.746488841284116e-06
5.78725,7.7460438965150596e-06
5.7875,7.7456039576399654e-06
5.78775,7.7451851069941769e-06
5.788,7.7447192690149934e-06
5.78825,7.7441879518668157e-06
5.7885,7.743646593730686e-06
5.78875,7.7431170732173402e-06
5.789,7.7425473112057724e-06
5.78925,7.7419341088789441e-06
5.7895,7.7413185347794749e-06
5.78975,7.7406991480072973e-06
5.79,7.7400230545048219e-06
5.79025,7.7392960704643588e-06
5.7905,7.7385604084617654e-06
5.79075,7.7378154069246991e-06
5.791,7.7370243219642414e-06
5.79125,7.7361881663090876e-06
5.7915,7.735343914410247e-06
5.79175,7.7344850414905291e-06
5.792,7.7335814132130696e-06
5.79225,7.732644730233182e-06
5.7925,7.7317161068714629e-06
5.79275,7.730794841565818e-06
5.793,7.7298414669205871e-06
5.79325,7.7288781373577795e-06
5.7935,7.7279358284123713e-06
5.79375,7.7269956521548493e-06
5.794,7.7260251269554973e-06
5.79425,7.7250464267216825e-06
5.7945,7.7240904332074695e-06
5.79475,7.7231353779568581e-06
5.795,7.7221412308747292e-06
5.79525,7.7211127392516444e-06
5.7955,7.7200758155803159e-06
5.79575,7.7190193707300669e-06
5.796,7.7179278218158446e-06
5.79625,7.7168367759986472e-06
5.7965,7.7157782388483017e-06
5.79675,7.714716881483476e-06
5.797,7.7136281114213889e-06
5.79725,7.7125371165123794e-06
5.7975,7.7114586734792513e-06
5.79775,7.7103478597106706e-06
5.798,7.7091783650202703e-06
5.79825,7.7079984533672946e-06
5.7985,7.7068265448094689e-06
5.79875,7.7056205062197788e-06
5.799,7.7043614629222288e-06
5.79925,7.7030960458057358e-06
5.7995,7.7018485289847414e-06
5.79975,7.7005597165800952e-06
5.8,7.6992130883893581e-06
5.80025,7.6978603078631492e-06
5.8005,7.696534961359391e-06
5.80075,7.6951936379458962e-06
5.801,7.6938154252536638e-06
5.80125,7.6924452955176463e-06
5.8015,7.6911002170861028e-06
5.80175,7.6897125482153188e-06
5.802,7.6882641874857865e-06
5.80225,7.6868118360927907e-06
5.8025,7.6853827343829355e-06
5.80275,7.6839080895693377e-06
5.803,7.6824010857451424e-06
5.80325,7.6809177394713549e-06
5.8035,7.6794741589531683e-06
5.80375,7.6780154469111418e-06
5.804,7.6765340864860668e-06
5.80425,7.6751027196151998e-06
5.8045,7.6737081842936891e-06
5.80475,7.6722727634445862e-06
5.805,7.6707882448829764e-06
5.80525,7.6693134063105851e-06
5.8055,7.6678541215758967e-06
5.80575,7.6663477028689645e-06
5.806,7.6647878416511753e-06
5.80625,7.6632532928644907e-06
5.8065,7.6617581049663237e-06
5.80675,7.6602318087718555e-06
5.807,7.6586580083768121e-06
5.80725,7.6571211118049125e-06
5.8075,7.6556080509233297e-06
5.80775,7.6540355178770254e-06
5.808,7.6524016938120639e-06
5.80825,7.6507890356313807e-06
5.8085,7.649202231010303e-06
5.80875,7.6475753015411485e-06
5.809,7.6459150479172655e-06
5.80925,7.6442595889033718e-06
5.8095,7.6426944837721198e-06
5.80975,7.6411160267060993e-06
5.81,7.6395573492778707e-06
5.81025,7.6380522301263489e-06
5.8105,7.636533416628106e-06
5.81075,7.63490988285981e-06
5.811,7.6332126822984894e-06
5.81125,7.6315729870742359e-06
5.8115,7.6300248736537245e-06
5.81175,7.6284762030991343e-06
5.812,7.6269127183810331e-06
5.81225,7.6253920846469006e-06
5.8125,7.623883701128738e-06
5.81275,7.6222915399303071e-06
5.813,7.6206254046302821e-06
5.81325,7.6189998579851476e-06
5.8135,7.6174030008982589e-06
5.81375,7.6157656813036481e-06
5.814,7.6140881576534747e-06
5.81425,7.6124660404597356e-06
5.8145,7.6108984218044081e-06
5.81475,7.6092704521217535e-06
5.815,7.6075984433451746e-06
5.81525,7.6059914662828978e-06
5.8155,7.6044550436483617e-06
5.81575,7.6028657525636546e-06
5.816,7.6012103561361606e-06
5.81625,7.5996002663914444e-06
5.8165,7.5980233971757797e-06
5.81675,7.596368682046848e-06
5.817,7.5946684347127248e-06
5.81725,7.5930524997680284e-06
5.8175,7.5915082008212223e-06
5.81775,7.5899222451465469e-06
5.818,7.5883044252956925e-06
5.81825,7.5867511708827164e-06
5.8185,7.5852499424550582e-06
5.81875,7.5837011019869708e-06
5.819,7.582096603621016e-06
5.81925,7.5805412285478174e-06
5.8195,7.5790436387055749e-06
5.81975,7.5774720317840914e-06
5.82,7.5758409233893208e-06
5.82025,7.5743008961089347e-06
5.8205,7.5728338473201033e-06
5.82075,7.5713138482654094e-06
5.821,7.569755279958782e-06
5.82125,7.5682505003504841e-06
5.8215,7.5667926586134183e-06
5.82175,7.5652728075476097e-06
5.822,7.5636890501915277e-06
5.82225,7.56218373403891e-06
5.8225,7.560772521992357e-06
5.82275,7.5593176668684384e-06
5.823,7.557852229644301e-06
5.82325,7.5564879259035281e-06
5.8235,7.5551982258190316e-06
5.82375,7.5538581226574146e-06
5.824,7.5524431218520321e-06
5.82425,7.551086982985932e-06
5.8245,7.549795770724285e-06
5.82475,7.5484590584713376e-06
5.825,7.5471018970654593e-06
5.82525,7.5458502835512704e-06
5.8255,7.5446758087489248e-06
5.82575,7.5434501200593196e-06
5.826,7.5421754426915796e-06
5.82625,7.5409897239201111e-06
5.8265,7.5399198521560853e-06
5.82675,7.538789445184706e-06
5.827,7.5376343524278903e-06
5.82725,7.5365846144223436e-06
5.8275,7.5355989821033086e-06
5.82775,7.5345455601339385e-06
5.828,7.5333945665419407e-06
5.82825,7.5323150152801763e-06
5.8285,7.5312939274256043e-06
5.82875,7.5301837501729354e-06
5.829,7.5290311210802072e-06
5.82925,7.527961194021863e-06
5.8295,7.5269909114702319e-06
5.82975,7.5259699215876173e-06
5.83,7.5249142939378271e-06
5.83025,7.5239396224214421e-06
5.8305,7.5230493082638655e-06
5.83075,7.5221000903240939e-06
5.831,7.5210669192217344e-06
5.83125,7.5201044974508645e-06
5.8315,7.5191893547705705e-06
5.83175,7.5182331242727257e-06
5.832,7.5172233848189851e-06
5.83225,7.5163124952327507e-06
5.8325,7.5154722056463888e-06
5.83275,7.5145749803687231e-06
5.833,7.513602851774376e-06
5.83325,7.5127082004301269e-06
5.8335,7.5118966985943492e-06
5.83375,7.5110276039231711e-06
5.834,7.5101274086629784e-06
5.83425,7.5093329099744717e-06
5.8345,7.5086410317991788e-06
5.83475,7.5078860968791381e-06
5.835,7.5071037667191775e-06
5.83525,7.5064110299881901e-06
5.8355,7.5058144870709415e-06
5.83575,7.5051794720595301e-06
5.836,7.504522737316718e-06
5.83625,7.503976711686402e-06
5.8365,7.503558504307948e-06
5.83675,7.5031060917950687e-06
5.837,7.5026027578511594e-06
5.83725,7.5021697113295584e-06
5.8375,7.5018096660437916e-06
5.83775,7.5013721540998011e-06
5.838,7.5008939322575133e-06
5.83825,7.5005016241007346e-06
5.8385,7.5001989050244296e-06
5.83875,7.4998388112294858e-06
5.839,7.4994236811661366e-06
5.83925,7.4990898723555434e-06
5.8395,7.4988623269811897e-06
5.83975,7.4985775736708911e-06
5.84,7.4982512006036845e-06
5.84025,7.4980284628327674e-06
5.8405,7.4978596767664569e-06
5.84075,7.4976178387748434e-06
5.841,7.4973347465878322e-06
5.84125,7.4971291351451519e-06
5.8415,7.4969987920894901e-06
5.84175,7.4968379770366511e-06
5.842,7.4966372797535101e-06
5.84225,7.49654485134452e-06
5.8425,7.4965406023109439e-06
5.84275,7.4965165333767186e-06
5.843,7.4964639837647187e-06
5.84325,7.49648156487026e-06
5.8435,7.4965946029022494e-06
5.84375,7.4966783214200523e-06
5.844,7.4966644183811327e-06
5.84425,7.4967238649903999e-06
5.8445,7.496851772451467e-06
5.84475,7.4969128464149949e-06
5.845,7.4969214825692916e-06
5.84525,7.4970127534022157e-06
5.8455,7.497141088803895e-06
5.84575,7.4972062341850228e-06
5.846,7.4972700521753201e-06
5.84625,7.4975138209149281e-06
5.8465,7.4978163892073372e-06
5.84675,7.4980820559726904e-06
5.847,7.4982963347432548e-06
5.84725,7.4985756441820543e-06
5.8475,7.4989229314718987e-06
5.84775,7.4992021083247818e-06
5.848,7.4994331164032681e-06
5.84825,7.4997523475063993e-06
5.8485,7.5001436267165815e-06
5.84875,7.5004609552754817e-06
5.849,7.5007688968516934e-06
5.84925,7.5011713753699606e-06
5.8495,7.5016253772018991e-06
5.84975,7.5020339670184039e-06
5.85,7.502434728959547e-06
5.85025,7.502943110650316e-06
5.8505,7.5035139273858291e-06
5.85075,7.5040119404327781e-06
5.851,7.5044792761897647e-06
5.85125,7.5050466821880344e-06
5.8515,7.5056816037911417e-06
5.85175,7.5062643889460744e-06
5.852,7.5068359778696896e-06
5.85225,7.50750493645842e-06
5.8525,7.5082405514684141e-06
5.85275,7.5089279577264391e-06
5.853,7.5095905769183503e-06
5.85325,7.5103478620456696e-06
5.8535,7.5111547571739427e-06
5.85375,7.511907232571909e-06
5.854,7.5126371451299232e-06
5.85425,7.5134577172389929e-06
5.8545,7.5143353734984658e-06
5.85475,7.5151700405127965e-06
5.855,7.5159969295546235e-06
5.85525,7.5169250274753068e-06
5.8555,7.5179073555491579e-06
5.85575,7.5188412306328121e-06
5.856,7.5197509873946104e-06
5.85625,7.5207363008308044e-06
5.8565,7.5217527119067443e-06
5.85675,7.522712910619982e-06
5.857,7.5236544218535604e-06
5.85725,7.5246723849809903e-06
5.8575,7.525732432514363e-06
5.85775,7.5267449937272891e-06
5.858,7.5277450661638218e-06
5.85825,7.5288344298879024e-06
5.8585,7.5299588987802542e-06
5.85875,7.5310269237701629e-06
5.859,7.532083244167832e-06
5.85925,7.5332121918257224e-06
5.8595,7.5343804731425455e-06
5.85975,7.5354856443799571e-06
5.86,7.5365730743012696e-06
5.86025,7.5377553429622261e-06
5.8605,7.53899595265792e-06
5.86075,7.5401748467969316e-06
5.861,7.5414065986659338e-06
5.86125,7.5425973466081467e-06
5.8615,7.5436784308319915e-06
5.86175,7.5448538986548291e-06
5.862,7.5461112509963831e-06
5.86225,7.5474159337001177e-06
5.8625,7.5489178102725513e-06
5.86275,7.5504418333978295e-06
5.863,7.5518924105986446e-06
5.86325,7.5532068270074541e-06
5.8635,7.5545234321786246e-06
5.86375,7.5560456856535077e-06
5.864,7.5577023450318806e-06
5.86425,7.5593317797466925e-06
5.8645,7.5609442337372733e-06
5.86475,7.5625147344401449e-06
5.865,7.563877979995392e-06
5.86525,7.5649797207660106e-06
5.8655,7.5660444426647922e-06
5.86575,7.5672791098979259e-06
5.866,7.5684936149139311e-06
5.86625,7.569608581414233e-06
5.8665,7.5708989190882843e-06
5.86675,7.5724196607392102e-06
5.867,7.5740824995554285e-06
5.86725,7.5757103050537533e-06
5.8675,7.5773908686175768e-06
5.86775,7.5790624516857124e-06
5.868,7.5807799111578437e-06
5.86825,7.5824706005417249e-06
5.8685,7.5841161905454998e-06
5.86875,7.5857005146724273e-06
5.869,7.5872306537649225e-06
5.86925,7.5886682952304706e-06
5.8695,7.5900829405917227e-06
5.86975,7.5915441898394505e-06
5.87,7.592975460206479e-06
5.87025,7.5943570598246627e-06
5.8705,7.5958626127641718e-06
5.87075,7.597409707142194e-06
5.871,7.599020791732377e-06
5.87125,7.6006398754518002e-06
5.8715,7.6023994893161411e-06
5.87175,7.6041914405574259e-06
5.872,7.6060269092770151e-06
5.87225,7.6078127144305083e-06
5.8725,7.6096744357796429e-06
5.87275,7.6114835168169699e-06
5.873,7.6132760799282852e-06
5.87325,7.6149846130113434e-06
5.8735,7.6167764935597006e-06
5.87375,7.6185253927935993e-06
5.874,7.6202453179677549e-06
5.87425,7.6219366737218586e-06
5.8745,7.623513482603081e-06
5.87475,7.6251470383942335e-06
5.875,7.6267382270262886e-06
5.87525,7.6283530593060904e-06
5.8755,7.6299356184652183e-06
5.87575,7.6316341294307183e-06
5.876,7.6332871713146901e-06
5.87625,7.6349319847095082e-06
5.8765,7.6365092920213494e-06
5.87675,7.6381785495791393e-06
5.877,7.6398113240710187e-06
5.87725,7.641463605909857e-06
5.8775,7.6430812377930949e-06
5.87775,7.6448010835722562e-06
5.878,7.6464704601150918e-06
5.87825,7.6481412670103918e-06
5.8785,7.6497762897683858e-06
5.87875,7.6515181666158874e-06
5.879,7.6532059870370124e-06
5.87925,7.6548728177715574e-06
5.8795,7.6565354494871757e-06
5.87975,7.6581047836953434e-06
5.88,7.6597143000862639e-06
5.88025,7.6612395105168968e-06
5.8805,7.6627678579371567e-06
5.88075,7.6643391408148573e-06
5.881,7.6658672648414853e-06
5.88125,7.6674697010128503e-06
5.8815,7.6690015359473394e-06
5.88175,7.6705462791539139e-06
5.882,7.6720833809474598e-06
5.88225,7.6737561037289936e-06
5.8825,7.6753702211039535e-06
5.88275,7.6769536307278013e-06
5.883,7.6784758871996928e-06
5.88325,7.6800969747441894e-06
5.8835,7.6816471919612164e-06
5.88375,7.6831753001821199e-06
5.884,7.684646867063679e-06
5.88425,7.6862102355074669e-06
5.8845,7.6876870583953615e-06
5.88475,7.6891347844526609e-06
5.885,7.6905869016823142e-06
5.88525,7.6919600210345512e-06
5.8855,7.693374512414154e-06
5.88575,7.69468779608767e-06
5.886,7.6959973859474494e-06
5.88625,7.6973443941210273e-06
5.8865,7.6986557232537474e-06
5.88675,7.7000179503740795e-06
5.887,7.7012551437885257e-06
5.88725,7.7024672941949621e-06
5.8875,7.7037288844202518e-06
5.88775,7.7049627030090682e-06
5.888,7.7062619094802863e-06
5.88825,7.7074478608419716e-06
5.8885,7.7086229139011158e-06
5.88875,7.7098568301635663e-06
5.889,7.7110674435149261e-06
5.88925,7.7123545514102173e-06
5.8895,7.7135277357688868e-06
5.88975,7.7146816708281769e-06
5.89,7.715894200307585e-06
5.89025,7.7171313841697222e-06
5.8905,7.7183149290009001e-06
5.89075,7.7194043789036246e-06
5.891,7.7204295069702634e-06
5.89125,7.721454925165121e-06
5.8915,7.722529673209471e-06
5.89175,7.7236607416408465e-06
5.892,7.7248201054796075e-06
5.89225,7.7259692382685152e-06
5.8925,7.7270718884561329e-06
5.89275,7.7281210233454873e-06
5.893,7.729128452147912e-06
5.89325,7.7301052921025944e-06
5.8935,7.7310616298119184e-06
5.89375,7.7319994363856472e-06
5.894,7.7329252131618892e-06
5.89425,7.7338478743346324e-06
5.8945,7.7347662683371082e-06
5.89475,7.7356802220579285e-06
5.895,7.7365795093593095e-06
5.89525,7.7374499182357045e-06
5.8955,7.7382877123814219e-06
5.89575,7.7390984470644094e-06
5.896,7.7398816417465266e-06
5.89625,7.7406382427628739e-06
5.8965,7.741361905181234e-06
5.89675,7.7420505587696171e-06
5.897,7.7427079165386434e-06
5.89725,7.7433328582578432e-06
5.8975,7.7439232593903198e-06
5.89775,7.7444751130194927e-06
5.898,7.7449903038021534e-06
5.89825,7.7454795876053664e-06
5.8985,7.7459518548189869e-06
5.89875,7.7464195715815728e-06
5.899,7.7468816044039509e-06
5.89925,7.7473392713455405e-06
5.8995,7.7477955408091495e-06
5.89975,7.7482463364890499e-06
5.9,7.748684886646495e-06
5.90025,7.7491066588041759e-06
5.9005,7.7495105351554109e-06
5.90075,7.7499037433898247e-06
5.901,7.7503011498937714e-06
5.90125,7.7507135721739889e-06
5.9015,7.7511415938254004e-06
5.90175,7.7515746112691523e-06
5.902,7.7520070561805737e-06
5.90225,7.7524252882035369e-06
5.9025,7.7528161067414489e-06
5.90275,7.7531709562192704e-06
5.903,7.7534784161726499e-06
5.90325,7.753738974667789e-06
5.9035,7.7539573254902346e-06
5.90375,7.7541392769546652e-06
5.904,7.7542928684086769e-06
5.90425,7.7544161986853745e-06
5.9045,7.7545060885031063e-06
5.90475,7.7545678940728017e-06
5.905,7.7546042851231921e-06
5.90525,7.7546106303592708e-06
5.9055,7.7545902093535166e-06
5.90575,7.7545495104038063e-06
5.906,7.7545016460173696e-06
5.90625,7.7544509879388414e-06
5.9065,7.7544026386014276e-06
5.90675,7.7543534655491059e-06
5.907,7.7542800439932293e-06
5.90725,7.754154999784877e-06
5.9075,7.753966472217032e-06
5.90775,7.7537260279983449e-06
5.908,7.7534460549766143e-06
5.90825,7.7531379084274435e-06
5.9085,7.7528170533816727e-06
5.90875,7.7524941109226382e-06
5.909,7.7521801532070271e-06
5.90925,7.7518658902132964e-06
5.9095,7.7515424390190148e-06
5.90975,7.7511905706237694e-06
5.91,7.7508006846073175e-06
5.91025,7.7503749610493876e-06
5.9105,7.7499299968573795e-06
5.91075,7.7494775793055868e-06
5.911,7.7490256200388594e-06
5.91125,7.7485791663606978e-06
5.9115,7.7481355723295037e-06
5.91175,7.7477001600013528e-06
5.912,7.7472731676902489e-06
5.91225,7.7468414531878554e-06
5.9125,7.7463921464568186e-06
5.91275,7.7459225010037456e-06
5.913,7.7454347673870915e-06
5.91325,7.7449308014592676e-06
5.9135,7.7444032124498644e-06
5.91375,7.7438508644429594e-06
5.914,7.7432736545951054e-06
5.91425,7.7426658964733139e-06
5.9145,7.7420272943523994e-06
5.91475,7.7413570381092058e-06
5.915,7.7406600318075771e-06
5.91525,7.7399354245997467e-06
5.9155,7.7391795530509772e-06
5.91575,7.7383953786621895e-06
5.916,7.7375760941229783e-06
5.91625,7.7367253274558376e-06
5.9165,7.7358467721917796e-06
5.91675,7.7349409017921658e-06
5.917,7.7340129377468575e-06
5.91725,7.7330612794956383e-06
5.9175,7.7320966186621065e-06
5.91775,7.7311264740172105e-06
5.918,7.7301469006247692e-06
5.91825,7.7291617520104844e-06
5.9185,7.728168367316167e-06
5.91875,7.7271683970753444e-06
5.919,7.7261612260234412e-06
5.91925,7.725151364391532e-06
5.9195,7.7241268258095971e-06
5.91975,7.7230811243017787e-06
5.92,7.7220185093168937e-06
5.92025,7.7209424532611206e-06
5.9205,7.7198526081549473e-06
5.92075,7.7187523715645752e-06
5.921,7.7176532554287827e-06
5.92125,7.716563339362614e-06
5.9215,7.7154797302226791e-06
5.92175,7.7144022548337016e-06
5.922,7.7133264261859409e-06
5.92225,7.7122458450907162e-06
5.9225,7.7111488997303527e-06
5.92275,7.7100255187804963e-06
5.923,7.7088805221576975e-06
5.92325,7.7077163021634909e-06
5.9235,7.7065263947393739e-06
5.92375,7.7053140412306354e-06
5.924,7.7040855018975588e-06
5.92425,7.702836793628513e-06
5.9245,7.7015689585614858e-06
5.92475,7.7002809790737185e-06
5.925,7.6989735250633351e-06
5.92525,7.697646369260359e-06
5.9255,7.6962978477906788e-06
5.92575,7.6949224707958486e-06
5.926,7.6935256565662915e-06
5.92625,7.6921086000155315e-06
5.9265,7.6906657126909773e-06
5.92675,7.6892031132165946e-06
5.927,7.6877251977723923e-06
5.92725,7.6862324881010912e-06
5.9275,7.6847283043887446e-06
5.92775,7.6832210057631736e-06
5.928,7.6817143487059609e-06
5.92825,7.6802175912331676e-06
5.9285,7.6787292370450477e-06
5.92875,7.6772511487671302e-06
5.929,7.6757884256041955e-06
5.92925,7.6743329421377926e-06
5.9295,7.6728843315699006e-06
5.92975,7.6714327637560628e-06
5.93,7.6699639102197466e-06
5.93025,7.6684895761301346e-06
5.9305,7.6670097280926851e-06
5.93075,7.6655321861006421e-06
5.931,7.6640600656334937e-06
5.93125,7.6626078594197954e-06
5.9315,7.6611618780052885e-06
5.93175,7.6597061863869508e-06
5.932,7.6582337071939496e-06
5.93225,7.6567344278996222e-06
5.9325,7.6552172309786721e-06
5.93275,7.6536823965674902e-06
5.933,7.6521283966257702e-06
5.93325,7.6505613772429189e-06
5.9335,7.6489984421699419e-06
5.93375,7.6474362917842689e-06
5.934,7.6458702939299791e-06
5.93425,7.6442933816180616e-06
5.9345,7.6427016684918087e-06
5.93475,7.6411136145530414e-06
5.935,7.639518045016709e-06
5.93525,7.6379138933907529e-06
5.9355,7.6363130316061999e-06
5.93575,7.6347223691744482e-06
5.936,7.6331455502110519e-06
5.93625,7.6315762012877857e-06
5.9365,7.6300150565009135e-06
5.93675,7.6284537979496136e-06
5.937,7.6268759397954095e-06
5.93725,7.6252905931928988e-06
5.9375,7.6237179516508431e-06
5.93775,7.6221811948551295e-06
5.938,7.6206120986208438e-06
5.93825,7.6190143586074768e-06
5.9385,7.617455048486351e-06
5.93875,7.6159893705479598e-06
5.939,7.6145381109979506e-06
5.93925,7.6129880603487151e-06
5.9395,7.6113482512390362e-06
5.93975,7.6097235722836312e-06
5.94,7.6082194021893696e-06
5.94025,7.6067812138273658e-06
5.9405,7.6052508220241222e-06
5.94075,7.6036225078520151e-06
5.941,7.6019904972225697e-06
5.94125,7.6004465351543083e-06
5.9415,7.5989429565900886e-06
5.94175,7.5974011197295222e-06
5.942,7.5958038419416788e-06
5.94225,7.5942337018582005e-06
5.9425,7.5927661437565513e-06
5.94275,7.5913372428660648e-06
5.943,7.5898237575869543e-06
5.94325,7.5882301170784712e-06
5.9435,7.5866378694694116e-06
5.94375,7.5851198925756844e-06
5.944,7.583648720347487e-06
5.94425,7.5821327974324942e-06
5.9445,7.5805254999770338e-06
5.94475,7.5789231979399903e-06
5.945,7.5774095730122129e-06
5.94525,7.5759451469274509e-06
5.9455,7.574452560565247e-06
5.94575,7.5728969866715419e-06
5.946,7.5713193437709662e-06
5.94625,7.5698091165240995e-06
5.9465,7.5683572153531244e-06
5.94675,7.5668840233117984e-06
5.947,7.5653822439346683e-06
5.94725,7.5639105158615153e-06
5.9475,7.5625127445810753e-06
5.94775,7.5611865416175081e-06
5.948,7.5598530514432603e-06
5.94825,7.5584559884295234e-06
5.9485,7.5570659621509133e-06
5.94875,7.5557038400025257e-06
5.949,7.5543871094182519e-06
5.94925,7.5530668522394988e-06
5.9495,7.551699624991881e-06
5.94975,7.5503636140764025e-06
5.95,7.5490724348622465e-06
5.95025,7.5478261454291605e-06
5.9505,7.5465761465198245e-06
5.95075,7.5452655137897042e-06
5.951,7.5439780141694296e-06
5.95125,7.5427354145649012e-06
5.9515,7.5415744956956278e-06
5.95175,7.5404677236613548e-06
5.952,7.5393481735289392e-06
5.95225,7.5382110679528448e-06
5.9525,7.5370523661004789e-06
5.95275,7.5358864742012669e-06
5.953,7.534734276743857e-06
5.95325,7.5335721462424214e-06
5.9535,7.5324466339407039e-06
5.95375,7.5313538479218314e-06
5.954,7.5303000439594427e-06
5.95425,7.5292957542872768e-06
5.9545,7.5283026592515552e-06
5.95475,7.5273283726585248e-06
5.955,7.526344532388786e-06
5.95525,7.5253738272727497e-06
5.9555,7.5243933310210614e-06
5.95575,7.5234077674879043e-06
5.956,7.5224095963035892e-06
5.95625,7.521419281281589e-06
5.9565,7.5204596271834466e-06
5.95675,7.5195067146814365e-06
5.957,7.5185659203952632e-06
5.95725,7.5176168304719499e-06
5.9575,7.5166773238854336e-06
5.95775,7.5157419398219079e-06
5.958,7.5148176086501663e-06
5.95825,7.5139039494662933e-06
5.9585,7.5130221197397098e-06
5.95875,7.5121628183476378e-06
5.959,7.5113310597186648e-06
5.95925,7.5105005408834945e-06
5.9595,7.5096853731931138e-06
5.95975,7.5088825240391303e-06
5.96,7.5080828070524357e-06
5.96025,7.5072955703817458e-06
5.9605,7.5065480063197887e-06
5.96075,7.505836733933268e-06
5.961,7.5051667138688597e-06
5.96125,7.504540641142223e-06
5.9615,7.5039523082067547e-06
5.96175,7.5033720395980399e-06
5.962,7.502803484243499e-06
5.96225,7.5022368693075345e-06
5.9625,7.5016923546684154e-06
5.96275,7.5011868261785339e-06
5.963,7.5007194064797581e-06
5.96325,7.50027488146203e-06
5.9635,7.499870057445154e-06
5.96375,7.4994967734831654e-06
5.964,7.4991588126363888e-06
5.96425,7.4988622171241801e-06
5.9645,7.4985827283239347e-06
5.96475,7.4983397827208712e-06
5.965,7.4981226698769419e-06
5.96525,7.4979065115880351e-06
5.9655,7.4977152348090903e-06
5.96575,7.497546266219914e-06
5.966,7.4973720816546441e-06
5.96625,7.4972010036838626e-06
5.9665,7.4970594884382305e-06
5.96675,7.4969329676807731e-06
5.967,7.496832414161209e-06
5.96725,7.496759738928572e-06
5.9675,7.4967182079963685e-06
5.96775,7.4966861346816502e-06
5.968,7.4966401706928977e-06
5.96825,7.4966283325064336e-06
5.9685,7.4966219940052909e-06
5.96875,7.4965909043441024e-06
5.969,7.4965959490806333e-06
5.96925,7.4966379672710587e-06
5.9695,7.4966862734185599e-06
5.96975,7.4967788064648851e-06
5.97,7.4968919918142693e-06
5.97025,7.4969951900005075e-06
5.9705,7.4971362516777831e-06
5.97075,7.4973520391288326e-06
5.971,7.497645858616242e-06
5.97125,7.4979707621913452e-06
5.9715,7.4983237610312953e-06
5.97175,7.4986697669877146e-06
5.972,7.4990286999390331e-06
5.97225,7.499397481323704e-06
5.9725,7.4997581833888586e-06
5.97275,7.5001348779845807e-06
5.973,7.50052660405395e-06
5.97325,7.500934154777481e-06
5.9735,7.5013583386141787e-06
5.97375,7.5017947335061074e-06
5.974,7.5022395264965997e-06
5.97425,7.5027179079987273e-06
5.9745,7.503237456463642e-06
5.97475,7.5037733168587155e-06
5.975,7.5043220824082552e-06
5.97525,7.5048848568508607e-06
5.9755,7.5054547409445359e-06
5.97575,7.5060443495208707e-06
5.976,7.506658749520992e-06
5.97625,7.5072965311138907e-06
5.9765,7.5079618113692941e-06
5.97675,7.5086449730969979e-06
5.977,7.5093514129115048e-06
5.97725,7.5100752358341821e-06
5.9775,7.5108085385029593e-06
5.97775,7.5115528131398757e-06
5.978,7.5123117189067924e-06
5.97825,7.5130841816582863e-06
5.9785,7.5138783666708186e-06
5.97875,7.5146996428184909e-06
5.979,7.5155489757684645e-06
5.97925,7.5164331959284294e-06
5.9795,7.5173489089481111e-06
5.97975,7.5182953235736926e-06
5.98,7.5192762692677543e-06
5.98025,7.5202932990355874e-06
5.9805,7.5213432373859128e-06
5.98075,7.5224149893080932e-06
5.981,7.5235024074433447e-06
5.98125,7.5245830531210395e-06
5.9815,7.5256704687498383e-06
5.98175,7.5267553081443951e-06
5.982,7.5278550668086918e-06
5.98225,7.5289561439869332e-06
5.9825,7.5300779234161166e-06
5.98275,7.5312085978316328e-06
5.983,7.5323468253966179e-06
5.98325,7.533483933544228e-06
5.9835,7.5346473200402624e-06
5.98375,7.5358176658388082e-06
5.984,7.5370028497615763e-06
5.98425,7.5381914230227539e-06
5.9845,7.5393997177391344e-06
5.98475,7.5406231353931554e-06
5.985,7.541856957654744e-06
5.98525,7.5430980772401046e-06
5.9855,7.5443486492137764e-06
5.98575,7.5455940377745224e-06
5.986,7.5468285282703014e-06
5.98625,7.5480568736433608e-06
5.9865,7.5493284494308696e-06
5.98675,7.5506941596780601e-06
5.987,7.5521805359057769e-06
5.98725,7.5537315186706082e-06
5.9875,7.5552532225913893e-06
5.98775,7.5567455191123509e-06
5.988,7.5581956546549255e-06
5.98825,7.5597535059700029e-06
5.9885,7.5614125879845379e-06
5.98875,7.5631142389532109e-06
5.989,7.5647962100352649e-06
5.98925,7.566429822975821e-06
5.9895,7.5679350059441366e-06
5.98975,7.56921653120567e-06
5.99,7.5703661607819948e-06
5.99025,7.5715576367285717e-06
5.9905,7.5727579268773209e-06
5.99075,7.5738894906502081e-06
5.991,7.5749941480028001e-06
5.99125,7.5763102705558078e-06
5.9915,7.5778579752330387e-06
5.99175,7.5795165501029959e-06
5.992,7.5811976237088979e-06
5.99225,7.5828519503185126e-06
5.9925,7.5845169719529822e-06
5.99275,7.5862024392984346e-06
5.993,7.5879031959401342e-06
5.99325,7.58951439197972e-06
5.9935,7.5910357804482181e-06
5.99375,7.5925217046855805e-06
5.994,7.5940723169549727e-06
5.99425,7.5954399097003853e-06
5.9945,7.5968381168335673e-06
5.99475,7.5982811261187262e-06
5.995,7.5998184665167641e-06
5.99525,7.6011955969403038e-06
5.9955,7.6026526131820816e-06
5.99575,7.6042596709547186e-06
5.996,7.6060528780793596e-06
5.99625,7.6077058517390881e-06
5.9965,7.6093866628272061e-06
5.99675,7.6111007775089902e-06
5.997,7.6129242005080581e-06
5.99725,7.6145532843186253e-06
5.9975,7.6162165212625897e-06
5.99775,7.6179368795450327e-06
5.998,7.6197885957577876e-06
5.99825,7.6214667150379203e-06
5.9985,7.6231509264661538e-06
5.99875,7.6248387211814103e-06
5.999,7.6265227265899621e-06
5.99925,7.6282918309676357e-06
5.9995,7.6298790824934642e-06
5.99975,7.6314967075372346e-06
6.0,7.6331657386304543e-06
6.00025,7.6349545863023196e-06
6.0005,7.6365450889289441e-06
6.00075,7.6381259915739721e-06
6.001,7.6397322365441606e-06
6.00125,7.6413433495006545e-06
6.0015,7.6430297221416768e-06
6.00175,7.6445301646976688e-06
6.002,7.6460501784668819e-06
6.00225,7.6476185213561486e-06
6.0025,7.6493065179223134e-06
6.00275,7.6508127861752656e-06
6.003,7.6523378948107003e-06
6.00325,7.6539278174805168e-06
6.0035,7.6555708194616467e-06
6.00375,7.6573217374164276e-06
6.004,7.6588991038540602e-06
6.00425,7.6604848934557197e-06
6.0045,7.6620929227057701e-06
6.00475,7.6637995381996592e-06
6.005,7.6653101824422926e-06
6.00525,7.666797299827345e-06
6.0055,7.6683082264306645e-06
6.00575,7.6699377212546384e-06
6.006,7.6714156485383605e-06
6.00625,7.6729159482657901e-06
6.0065,7.6744560485418256e-06
6.00675,7.6761144332645244e-06
6.007,7.6775959351335154e-06
6.00725,7.6790571144790521e-06
6.0075,7.6805190104865617e-06
6.00775,7.6820920696642555e-06
6.008,7.6835027586258221e-06
6.00825,7.6849059667834806e-06
6.0085,7.6863206841632847e-06
6.00875,7.6878380489157683e-06
6.009,7.6891860960963987e-06
6.00925,7.6905175298432813e-06
6.0095,7.6918694073723799e-06
6.00975,7.6933299819074797e-06
6.01,7.6946302589304465e-06
6.01025,7.6959199417452938e-06
6.0105,7.6972308087783984e-06
6.01075,7.6986552471804261e-06
6.011,7.6999243716171687e-06
6.01125,7.7011821960798933e-06
6.0115,7.7024629159873302e-06
6.01175,7.7038675015927035e-06
6.012,7.7051296570775548e-06
6.01225,7.7063838515602077e-06
6.0125,7.7076476585079068e-06
6.01275,7.7090134273367929e-06
6.013,7.7102327042892935e-06
6.01325,7.7114303714373753e-06
6.0135,7.7126317676458882e-06
6.01375,7.7139327973317034e-06
6.014,7.7150930902816649e-06
6.01425,7.7162348607870738e-06
6.0145,7.7173809710850071e-06
6.01475,7.7186194297608475e-06
6.015,7.7197033669888996e-06
6.01525,7.7207629232639254e-06
6.0155,7.7218299007209385e-06
6.01575,7.7229081201076647e-06
6.016,7.7240652517630375e-06
6.01625,7.7250876655947336e-06
6.0165,7.7261107935731958e-06
6.01675,7.7271554422305618e-06
6.017,7.7282968258500399e-06
6.01725,7.7292866598576503e-06
6.0175,7.7302410384828648e-06
6.01775,7.7311967211840806e-06
6.018,7.7322453024563242e-06
6.01825,7.7331703809595431e-06
6.0185,7.734082467184617e-06
6.01875,7.7350047280381883e-06
6.019,7.7360245098855255e-06
6.01925,7.73692064412302e-06
6.0195,7.7377938927391685e-06
6.01975,7.7386578156013621e-06
6.02,7.7395848628748748e-06
6.02025,7.740366754818437e-06
6.0205,7.7411146975515639e-06
6.02075,7.7418573253522789e-06
6.021,7.7426762449175766e-06
6.02125,7.7433672537379427e-06
6.0215,7.7440308239454188e-06
6.02175,7.7446766059969589e-06
6.022,7.7453783367761496e-06
6.02225,7.7459385134369225e-06
6.0225,7.7464536215322929e-06
6.02275,7.7469395995970173e-06
6.023,7.7474869252158586e-06
6.02325,7.7479294158646627e-06
6.0235,7.7483635264951368e-06
6.02375,7.7488067253635719e-06
6.024,7.7493345320501257e-06
6.02425,7.7497629259251158e-06
6.0245,7.7501796768818971e-06
6.02475,7.750590678675653e-06
6.025,7.7510544162330696e-06
6.02525,7.7514055642774239e-06
6.0255,7.7517452190578977e-06
6.02575,7.7520954681227359e-06
6.026,7.752532942515883e-06
6.02625,7.7528960449576347e-06
6.0265,7.7532690841692906e-06
6.02675,7.7536596314469257e-06
6.027,7.7540534795112864e-06
6.02725,7.7544967006221952e-06
6.0275,7.7548351309027567e-06
6.02775,7.7551408571587678e-06
6.028,7.7554131506328437e-06
6.02825,7.7557037033389806e-06
6.0285,7.7558712983426515e-06
6.02875,7.756015247994436e-06
6.029,7.75615183325713e-06
6.02925,7.7563352749696185e-06
6.0295,7.7564274191216801e-06
6.02975,7.7564930568448946e-06
6.03,7.75653273267353e-06
6.03025,7.7565961360385874e-06
6.0305,7.7565634159277412e-06
6.03075,7.7565214530708052e-06
6.031,7.7564864785462503e-06
6.03125,7.7564470004525081e-06
6.0315,7.7564380051353657e-06
6.03175,7.7563513097824749e-06
6.032,7.7562390140573151e-06
6.03225,7.7560766362004001e-06
6.0325,7.7558901777372642e-06
6.03275,7.7555940764191882e-06
6.033,7.7552779981116128e-06
6.03325,7.7549613830501059e-06
6.0335,7.7546535107849028e-06
6.03375,7.754392764585328e-06
6.034,7.7540829586749864e-06
6.03425,7.7537582971810186e-06
6.0345,7.7533964788186839e-06
6.03475,7.7530201412560558e-06
6.035,7.7525572122377777e-06
6.03525,7.7520869759287493e-06
6.0355,7.7516294009224066e-06
6.03575,7.7511781601045696e-06
6.036,7.7507689880185502e-06
6.03625,7.7503276643923708e-06
6.0365,7.7498986419907005e-06
6.03675,7.7494499653330345e-06
6.037,7.7489809704211516e-06
6.03725,7.7484221807404972e-06
6.0375,7.747853992240758e-06
6.03775,7.7472917611414007e-06
6.038,7.7467690249174463e-06
6.03825,7.7462189671595102e-06
6.0385,7.7456828720243343e-06
6.03875,7.7451461603614657e-06
6.039,7.7446130826448718e-06
6.03925,7.7440175833872396e-06
6.0395,7.7434068055786424e-06
6.03975,7.7427768936958153e-06
6.04,7.7421407225706453e-06
6.04025,7.7414494245054329e-06
6.0405,7.7407454358546402e-06
6.04075,7.740018473299549e-06
6.041,7.7392685768344732e-06
6.04125,7.7384517310110665e-06
6.0415,7.7376061582897242e-06
6.04175,7.736726422111076e-06
6.042,7.7358217903529724e-06
6.04225,7.7348642391574277e-06
6.0425,7.7339058540627559e-06
6.04275,7.7329388816872851e-06
6.043,7.731964905924361e-06
6.04325,7.7309561684598783e-06
6.0435,7.729948064931977e-06
6.04375,7.7289327192480972e-06
6.044,7.727911462071551e-06
6.04425,7.7268597872053399e-06
6.0445,7.7257995210205271e-06
6.04475,7.7247122730802596e-06
6.045,7.723601601328904e-06
6.04525,7.722464563704139e-06
6.0455,7.7213412390383954e-06
6.04575,7.7202275225630905e-06
6.046,7.7191110913511028e-06
6.04625,7.7179982400813897e-06
6.0465,7.7169146314478653e-06
6.04675,7.7158327236297615e-06
6.047,7.7147251501965167e-06
6.04725,7.7135821195672344e-06
6.0475,7.7124379634771911e-06
6.04775,7.711281232002934e-06
6.048,7.7100935914032116e-06
6.04825,7.708881627185432e-06
6.0485,7.7076878256912341e-06
6.04875,7.7064854751863258e-06
6.049,7.7052440243240917e-06
6.04925,7.703974942379526e-06
6.0495,7.7027144366420588e-06
6.04975,7.7014409067970102e-06
6.05,7.7001371789927499e-06
6.05025,7.6988196760490979e-06
6.0505,7.6975009395908484e-06
6.05075,7.6961536710203858e-06
6.051,7.6947533053925328e-06
6.05125,7.6932919319039139e-06
6.0515,7.6918209278759261e-06
6.05175,7.690369075030006e-06
6.052,7.6888907623428674e-06
6.05225,7.6873470054421108e-06
6.0525,7.6857682144956399e-06
6.05275,7.684192147711736e-06
6.053,7.6826160996450325e-06
6.05325,7.681016148143769e-06
6.0535,7.6794429541526449e-06
6.05375,7.6779115288108631e-06
6.054,7.6763857070279951e-06
6.05425,7.6748274309840011e-06
6.0545,7.6732529949681377e-06
6.05475,7.6716974039306408e-06
6.055,7.6701343700900714e-06
6.05525,7.6685285044768766e-06
6.0555,7.6669315262058464e-06
6.05575,7.665374177847261e-06
6.056,7.663842667310934e-06
6.05625,7.6622842971107186e-06
6.0565,7.6607367317059652e-06
6.05675,7.659212737076157e-06
6.057,7.6576682389536089e-06
6.05725,7.6560656556662074e-06
6.0575,7.654439416271517e-06
6.05775,7.6528757659054385e-06
6.058,7.6513555174128113e-06
6.05825,7.6497747672291839e-06
6.0585,7.6481131346470435e-06
6.05875,7.6464791856130331e-06
6.059,7.6448819208299846e-06
6.05925,7.6432500203790554e-06
6.0595,7.6415893516080331e-06
6.05975,7.6399806408550008e-06
6.06,7.6384170293039834e-06
6.06025,7.6368136205597068e-06
6.0605,7.635160530552229e-06
6.06075,7.6335469276733263e-06
6.061,7.6319500212220639e-06
6.06125,7.6302736528230629e-06
6.0615,7.6285217190599924e-06
6.06175,7.6267905884580192e-06
6.062,7.6251030588600746e-06
6.06225,7.6233782277849256e-06
6.0625,7.6216578360857258e-06
6.06275,7.6199603444918602e-06
6.063,7.618292704141021e-06
6.06325,7.6166154378968783e-06
6.0635,7.6149924354746541e-06
6.06375,7.6134489852041095e-06
6.064,7.6119151656614486e-06
6.06425,7.610302517830257e-06
6.0645,7.608677838272526e-06
6.06475,7.6071019508701799e-06
6.065,7.6055400730409399e-06
6.06525,7.6039122515468434e-06
6.0655,7.6022755188843485e-06
6.06575,7.6007208661435111e-06
6.066,7.5992144076651007e-06
6.06625,7.5976320232192355e-06
6.0665,7.5959933840190891e-06
6.06675,7.5944091050523373e-06
6.067,7.59288654074171e-06
6.06725,7.5913162741337728e-06
6.0675,7.5897017688972595e-06
6.06775,7.5881410859512799e-06
6.068,7.5866599631997645e-06
6.06825,7.5851381297366173e-06
6.0685,7.5835979909094011e-06
6.06875,7.5820675653548879e-06
6.069,7.5804836687371992e-06
6.06925,7.5789024104584528e-06
6.0695,7.5773749191929489e-06
6.06975,7.5758616624768336e-06
6.07,7.5742769897928227e-06
6.07025,7.572685363311027e-06
6.0705,7.5711912853265355e-06
6.07075,7.5697570893263749e-06
6.071,7.5682500605335026e-06
6.07125,7.5666485907496453e-06
6.0715,7.5650863605123925e-06
6.07175,7.5636138706124595e-06
6.072,7.562116646664015e-06
6.07225,7.5606291211144292e-06
6.0725,7.5592700635211236e-06
6.07275,7.5579983677436322e-06
6.073,7.5566818207489369e-06
6.07325,7.5552989851836125e-06
6.0735,7.5539591869686389e-06
6.07375,7.5526717781048216e-06
6.074,7.5513083174300357e-06
6.07425,7.54988614009797e-06
6.0745,7.5485508646404015e-06
6.07475,7.5472750211487149e-06
6.075,7.5459491836281523e-06
6.07525,7.5445756899600694e-06
6.0755,7.5432871578756086e-06
6.07575,7.5421130507435423e-06
6.076,7.5409000165913079e-06
6.07625,7.5396669140182257e-06
6.0765,7.5385657451442606e-06
6.07675,7.5375530997177002e-06
6.077,7.5364979998862495e-06
6.07725,7.5353650692886893e-06
6.0775,7.5343165217772426e-06
6.07775,7.5333392123470759e-06
6.078,7.5322867691716813e-06
6.07825,7.5312016471079032e-06
6.0785,7.5302104912782287e-06
6.07875,7.5293207027457795e-06
6.079,7.5283757411338649e-06
6.07925,7.5273827353483396e-06
6.0795,7.5264646945203102e-06
6.07975,7.5256208330272754e-06
6.08,7.5247248763151345e-06
6.08025,7.5237427865229586e-06
6.0805,7.5228328649735805e-06
6.08075,7.5219601712239282e-06
6.081,7.5210341019803606e-06
6.08125,7.5200505827684502e-06
6.0815,7.51916032320264e-06
6.08175,7.5183623615600929e-06
6.082,7.5175221741838593e-06
6.08225,7.5166304478565402e-06
6.0825,7.5158170575503999e-06
6.08275,7.5150892892545858e-06
6.083,7.5142944730201551e-06
6.08325,7.5134568844059973e-06
6.0835,7.5127248811154396e-06
6.08375,7.5121015166409393e-06
6.084,7.5114090826753261e-06
6.08425,7.5106688926262286e-06
6.0845,7.509993427832525e-06
6.08475,7.5093852916418229e-06
6.085,7.5087005379451316e-06
6.08525,7.5079680518582089e-06
6.0855,7.5073222803890097e-06
6.08575,7.5067896174380945e-06
6.086,7.5062073091753133e-06
6.08625,7.5055717810985063e-06
6.0865,7.5050095465219364e-06
6.08675,7.5045156968974535e-06
6.087,7.5039362891820614e-06
6.08725,7.5033166078404977e-06
6.0875,7.5027974051346115e-06
6.08775,7.5023760215485941e-06
6.088,7.5019093305736851e-06
6.08825,7.5014070212662375e-06
6.0885,7.5010064033484138e-06
6.08875,7.5007278306041568e-06
6.089,7.500404569537562e-06
6.08925,7.500044003870261e-06
6.0895,7.4998111069328001e-06
6.08975,7.4996556796716618e-06
6.09,7.4994423106262565e-06
6.09025,7.4991948021339054e-06
6.0905,7.4990315385169996e-06
6.09075,7.4989421903176351e-06
6.091,7.498816664890786e-06
6.09125,7.4986472479275685e-06
6.0915,7.4985833914330321e-06
6.09175,7.4985940926368246e-06
6.092,7.4985834128609845e-06
6.09225,7.498544851098003e-06
6.0925,7.4985855626907897e-06
6.09275,7.498711848335063e-06
6.093,7.4988146192974067e-06
6.09325,7.4988877633339005e-06
6.0935,7.4989683662500648e-06
6.09375,7.4990038249924643e-06
6.094,7.4990989227881862e-06
6.09425,7.4992438567993585e-06
6.0945,7.4994306005698463e-06
6.09475,7.4995157901090714e-06
6.095,7.4995554257851688e-06
6.09525,7.4997392908161666e-06
6.0955,7.500102945585107e-06
6.09575,7.5003945861354624e-06
6.096,7.5007085136363546e-06
6.09625,7.5009990471745103e-06
6.0965,7.5012625719348605e-06
6.09675,7.5014633854044436e-06
6.097,7.5017490408787117e-06
6.09725,7.5021074431260018e-06
6.0975,7.5025293495775251e-06
6.09775,7.5028867959758119e-06
6.098,7.5032074543083773e-06
6.09825,7.5036583851935478e-06
6.0985,7.5041873884877559e-06
6.09875,7.50463212634001e-06
6.099,7.5050391333167824e-06
6.09925,7.5055377904358531e-06
6.0995,7.506107123097101e-06
6.09975,7.5066170401341711e-06
6.1,7.507167070082247e-06
6.10025,7.5077412587095769e-06
6.1005,7.5083435406031372e-06
6.10075,7.5088767347958339e-06
6.101,7.5094847914481451e-06
6.10125,7.5101600488917085e-06
6.1015,7.5108872540754495e-06
6.10175,7.5115525792290286e-06
6.102,7.5122777290773782e-06
6.10225,7.5130323933916773e-06
6.1025,7.5138129558560679e-06
6.10275,7.5145147518086383e-06
6.103,7.5152734698542912e-06
6.10325,7.5160561205872183e-06
6.1035,7.516863756718285e-06
6.10375,7.5176049603049353e-06
6.104,7.5184204423836739e-06
6.10425,7.5192782531028052e-06
6.1045,7.5201880764762984e-06
6.10475,7.5210422544495143e-06
6.105,7.5219852867045784e-06
6.10525,7.5229751350335856e-06
6.1055,7.5240119410765052e-06
6.10575,7.5249960265612226e-06
6.106,7.5260615923370973e-06
6.10625,7.5271568756397124e-06
6.1065,7.5282782151498942e-06
6.10675,7.5293268445790762e-06
6.107,7.5304408259833969e-06
6.10725,7.5315799884578042e-06
6.1075,7.5327448723553456e-06
6.10775,7.533824120701395e-06
6.108,7.5349781195335408e-06
6.10825,7.5361524925348352e-06
6.1085,7.5373405583932611e-06
6.10875,7.5385300658593226e-06
6.109,7.539618111862703e-06
6.10925,7.540764789996015e-06
6.1095,7.5419569333679896e-06
6.10975,7.5432144035588172e-06
6.11,7.5444072652376822e-06
6.11025,7.545664840961207e-06
6.1105,7.5469099047488746e-06
6.11075,7.5481496093729804e-06
6.111,7.5493903170968781e-06
6.11125,7.5506080520699117e-06
6.1115,7.5520054399730831e-06
6.11175,7.553537986299716e-06
6.112,7.5551546163465455e-06
6.11225,7.5567340288609787e-06
6.1125,7.5582462629463512e-06
6.11275,7.5597648332074111e-06
6.113,7.5613768534317318e-06
6.11325,7.5630761495254427e-06
6.1135,7.5648017690936055e-06
6.11375,7.5665316163268995e-06
6.114,7.5681807511293919e-06
6.11425,7.5696134623475438e-06
6.1145,7.5708239940908748e-06
6.11475,7.5719540539225152e-06
6.115,7.5731457931453618e-06
6.11525,7.5742786698165839e-06
6.1155,7.5753548141603282e-06
6.11575,7.5765068906407216e-06
6.116,7.57793307105188e-06
6.11625,7.5795268654018125e-06
6.1165,7.581183218650015e-06
6.11675,7.5828289633023084e-06
6.117,7.5844596465048692e-06
6.11725,7.5861024252828733e-06
6.1175,7.5877872798263278e-06
6.11775,7.5894410026593626e-06
6.118,7.5909927467280007e-06
6.11825,7.5925169169525077e-06
6.1185,7.5940181357814005e-06
6.11875,7.5954938692795828e-06
6.119,7.5969579984695762e-06
6.11925,7.5984152574857731e-06
6.1195,7.5998629806141707e-06
6.11975,7.6013068330533598e-06
6.12,7.6027852662131787e-06
6.12025,7.6043196726566576e-06
6.1205,7.6059141746752371e-06
6.12075,7.6075469588909921e-06
6.121,7.6092067666664109e-06
6.12125,7.6108796169400253e-06
6.1215,7.6125620109225449e-06
6.12175,7.6142400721808953e-06
6.122,7.6159224578545163e-06
6.12225,7.6176181448863127e-06
6.1225,7.6193230838475082e-06
6.12275,7.6210430158114239e-06
6.123,7.6227687191442021e-06
6.12325,7.624479654593791e-06
6.1235,7.6261789670722455e-06
6.12375,7.6278769007566553e-06
6.124,7.6295831345368916e-06
6.12425,7.6312935703894796e-06
6.1245,7.632998509546692e-06
6.12475,7.6346942259601115e-06
6.125,7.6363755556987113e-06
6.12525,7.6380419492397467e-06
6.1255,7.6396899972534652e-06
6.12575,7.6413099038257869e-06
6.126,7.642900911171374e-06
6.12625,7.6444726540720752e-06
6.1265,7.6460463661001998e-06
6.12675,7.6476335197595332e-06
6.127,7.6492346726723052e-06
6.12725,7.6508389512716511e-06
6.1275,7.6524567572845918e-06
6.12775,7.6540969975409687e-06
6.128,7.6557521834860414e-06
6.12825,7.6574087538602979e-06
6.1285,7.6590656372813994e-06
6.12875,7.6607173301899897e-06
6.129,7.6623622353812529e-06
6.12925,7.6639924450862265e-06
6.1295,7.6656077948919935e-06
6.12975,7.6672035376328501e-06
6.13,7.6687878944615217e-06
6.13025,7.6703703959212768e-06
6.1305,7.6719528833037662e-06
6.13075,7.673543525224156e-06
6.131,7.6751387568403736e-06
6.13125,7.6767360026374648e-06
6.1315,7.6783319226274517e-06
6.13175,7.6799177091001918e-06
6.132,7.681474173616243e-06
6.13225,7.6829990641458302e-06
6.1325,7.6845064919393212e-06
6.13275,7.685995227924691e-06
6.133,7.6874644130024861e-06
6.13325,7.6889044711451476e-06
6.1335,7.6903193260430326e-06
6.13375,7.6917180462384127e-06
6.134,7.6931118933744325e-06
6.13425,7.6944961750822875e-06
6.1345,7.6958666474267794e-06
6.13475,7.6972274105612032e-06
6.135,7.6985798149162416e-06
6.13525,7.6999225615988571e-06
6.1355,7.7012518957216237e-06
6.13575,7.7025625887229545e-06
6.136,7.7038540646172383e-06
6.13625,7.7051382852742803e-06
6.1365,7.7064289186915563e-06
6.13675,7.7077242344647335e-06
6.137,7.7090172467268181e-06
6.13725,7.710305196675504e-06
6.1375,7.7115901651628275e-06
6.13775,7.7128685837642833e-06
6.138,7.7141427526929039e-06
6.13825,7.715413664057408e-06
6.1385,7.7166874715457435e-06
6.13875,7.7179643932737733e-06
6.139,7.7192440035706344e-06
6.13925,7.7205050022592947e-06
6.1395,7.7217388472721865e-06
6.13975,7.7229324552896733e-06
6.14,7.7240922897073883e-06
6.14025,7.7252316248078531e-06
6.1405,7.7263596543706402e-06
6.14075,7.727488295500387e-06
6.141,7.7286237658795121e-06
6.14125,7.7297658663130885e-06
6.1415,7.7309055394513752e-06
6.14175,7.7320246200410978e-06
6.142,7.7331017635845487e-06
6.14225,7.7341347554307986e-06
6.1425,7.7351215510635103e-06
6.14275,7.7360744986027537e-06
6.143,7.7370058083833736e-06
6.14325,7.7379225224444376e-06
6.1435,7.7388336537010887e-06
6.14375,7.7397423882785457e-06
6.144,7.7406495203299042e-06
6.14425,7.741552622260577e-06
6.1445,7.7424403716455397e-06
6.14475,7.7433012412511755e-06
6.145,7.7441306285912966e-06
6.14525,7.7449340474145944e-06
6.1455,7.7457154722316513e-06
6.14575,7.7464705654682662e-06
6.146,7.747193828606591e-06
6.14625,7.7478856924942286e-06
6.1465,7.7485497861029581e-06
6.14675,7.74918464537497e-06
6.147,7.7497854218452138e-06
6.14725,7.7503482303243645e-06
6.1475,7.7508786346359549e-06
6.14775,7.7513885546933666e-06
6.148,7.75188632299269e-06
6.14825,7.7523714920669343e-06
6.1485,7.7528443383601857e-06
6.14875,7.7533033250204288e-06
6.149,7.7537465744152127e-06
6.14925,7.7541691984152093e-06
6.1495,7.7545637175900303e-06
6.14975,7.7549330092359824e-06
6.15,7.7552872590674608e-06
6.15025,7.7556407609201391e-06
6.1505,7.7560027857883914e-06
6.15075,7.7563759031764144e-06
6.151,7.7567625461302469e-06
6.15125,7.7571582211414469e-06
6.1515,7.7575581614021012e-06
6.15175,7.7579509424829632e-06
6.152,7.7583166909348433e-06
6.15225,7.7586367634698273e-06
6.1525,7.7589067802872365e-06
6.15275,7.7591305567262641e-06
6.153,7.7593201343071841e-06
6.15325,7.7594792490941769e-06
6.1535,7.7596107381335669e-06
6.15375,7.7597097684948657e-06
6.154,7.7597733913232087e-06
6.15425,7.7598075584959635e-06
6.1545,7.7598125275181936e-06
6.15475,7.7597853703847417e-06
6.155,7.7597296526386696e-06
6.15525,7.7596571357120172e-06
6.1555,7.7595800961512987e-06
6.15575,7.7595056632062753e-06
6.156,7.7594304722827805e-06
6.15625,7.7593406106236984e-06
6.1565,7.7592246636509469e-06
6.15675,7.759066926030874e-06
6.157,7.7588647694471173e-06
6.15725,7.7586179300470317e-06
6.1575,7.7583395286752667e-06
6.15775,7.7580460899665085e-06
6.158,7.757748553225202e-06
6.15825,7.7574545680375424e-06
6.1585,7.7571552444439519e-06
6.15875,7.7568400942572854e-06
6.159,7.7564919699588372e-06
6.15925,7.7560994515094615e-06
6.1595,7.7556605708248932e-06
6.15975,7.7551794150099173e-06
6.16,7.7546656932252367e-06
6.16025,7.7541285636469421e-06
6.1605,7.7535835095132079e-06
6.16075,7.7530343287295327e-06
6.161,7.752477430754251e-06
6.16125,7.7519097984829625e-06
6.1615,7.7513257790777452e-06
6.16175,7.7507218291210322e-06
6.162,7.7500994093631607e-06
6.16225,7.7494655869067085e-06
6.1625,7.7488261122713242e-06
6.16275,7.7481807380052923e-06
6.163,7.7475282693594891e-06
6.16325,7.7468677271357978e-06
6.1635,7.7462054686259425e-06
6.16375,7.7455438291333622e-06
6.164,7.7448797403889634e-06
6.16425,7.7442115082053294e-06
6.1645,7.7435334561306251e-06
6.16475,7.742844044368826e-06
6.165,7.742138160162274e-06
6.16525,7.7414129084008667e-06
6.1655,7.7406580956790159e-06
6.16575,7.7398687601945833e-06
6.166,7.7390460719698255e-06
6.16625,7.7381827811246028e-06
6.1665,7.7372867581161782e-06
6.16675,7.7363626677337418e-06
6.167,7.7354205859775354e-06
6.16725,7.7344534339763209e-06
6.1675,7.733462609535728e-06
6.16775,7.7324454407782127e-06
6.168,7.7314039056804905e-06
6.16825,7.7303435576350594e-06
6.1685,7.7292686306768494e-06
6.16875,7.7281833994725897e-06
6.169,7.7270851441038755e-06
6.16925,7.7259587744118748e-06
6.1695,7.7248086438095274e-06
6.16975,7.7236403022620448e-06
6.17,7.7224608946231884e-06
6.17025,7.7212772817718987e-06
6.1705,7.7201055494426388e-06
6.17075,7.7189470824215795e-06
6.171,7.7178032441717643e-06
6.17125,7.7166660690959779e-06
6.1715,7.7155265852234289e-06
6.17175,7.7143767259903072e-06
6.172,7.7132015418867585e-06
6.17225,7.7119963576278024e-06
6.1725,7.7107665358775873e-06
6.17275,7.7095173833478075e-06
6.173,7.7082578980310504e-06
6.17325,7.7069944468352597e-06
6.1735,7.7057338230525924e-06
6.17375,7.704462350734351e-06
6.174,7.7031800158178148e-06
6.17425,7.7018870278573138e-06
6.1745,7.700587595580539e-06
6.17475,7.6992895478005889e-06
6.175,7.6979908159908982e-06
6.17525,7.6966804389039543e-06
6.1755,7.6953506345847487e-06
6.17575,7.693990235034906e-06
6.176,7.6926052543171313e-06
6.17625,7.6911977333226216e-06
6.1765,7.6897720351374547e-06
6.17675,7.6883127242602752e-06
6.177,7.686835911648027e-06
6.17725,7.6853514924096073e-06
6.1775,7.6838615185350061e-06
6.17775,7.6823709392437075e-06
6.178,7.6808774280771548e-06
6.17825,7.6793867744597739e-06
6.1785,7.6778815585120882e-06
6.17875,7.6763626250500971e-06
6.179,7.6748238503705275e-06
6.17925,7.6732524900388874e-06
6.1795,7.671665933629795e-06
6.17975,7.6700722932057433e-06
6.18,7.6684806166055027e-06
6.18025,7.6668957925416024e-06
6.1805,7.6653247823894391e-06
6.18075,7.6637640273834462e-06
6.181,7.662206180397239e-06
6.18125,7.6606506922785007e-06
6.1815,7.6590839013324122e-06
6.18175,7.6575133398498978e-06
6.182,7.6559420944179433e-06
6.18225,7.6543689578145771e-06
6.1825,7.6527954870766421e-06
6.18275,7.6512320064599829e-06
6.183,7.6496797033106887e-06
6.18325,7.6481363265791371e-06
6.1835,7.6465902843582828e-06
6.18375,7.6450322406510047e-06
6.184,7.6434673233771201e-06
6.18425,7.641889897200871e-06
6.1845,7.6403043487214616e-06
6.18475,7.6387220601683624e-06
6.185,7.6371469164641322e-06
6.18525,7.6355728779743919e-06
6.1855,7.6339966993951122e-06
6.18575,7.6324059273087553e-06
6.186,7.6307984145528536e-06
6.18625,7.6291630750654449e-06
6.1865,7.627506471489312e-06
6.18675,7.6258552756420499e-06
6.187,7.6242137887552758e-06
6.18725,7.6225806944305063e-06
6.1875,7.6209543731896167e-06
6.18775,7.6193418645246584e-06
6.188,7.6177296514260678e-06
6.18825,7.6161126309805907e-06
6.1885,7.614498307331591e-06
6.18875,7.6128870695207584e-06
6.189,7.6112835185972565e-06
6.18925,7.6096933831699059e-06
6.1895,7.6081326555910355e-06
6.18975,7.6065845073243263e-06
6.19,7.6050357383452945e-06
6.19025,7.6034928523665662e-06
6.1905,7.6019389027881488e-06
6.19075,7.6003669215220051e-06
6.191,7.5988015579471383e-06
6.19125,7.5972534520075498e-06
6.1915,7.5957199926667094e-06
6.19175,7.5942021994737837e-06
6.192,7.5926888092778807e-06
6.19225,7.5911635346903779e-06
6.1925,7.5896357196733046e-06
6.19275,7.5881088817809828e-06
6.193,7.5865807546230382e-06
6.19325,7.5850537650861105e-06
6.1935,7.5835325683817525e-06
6.19375,7.5819942929509576e-06
6.194,7.580459495774852e-06
6.19425,7.5789413254098719e-06
6.1945,7.5774325702728444e-06
6.19475,7.5759207502657293e-06
6.195,7.5744078021195595e-06
6.19525,7.5728688713608447e-06
6.1955,7.5713196330295235e-06
6.19575,7.5697756955658921e-06
6.196,7.5682341227544299e-06
6.19625,7.5667099643216752e-06
6.1965,7.5652217619472755e-06
6.19675,7.5637579520626197e-06
6.197,7.5623354368412433e-06
6.19725,7.5609237544122334e-06
6.1975,7.5595100025288593e-06
6.19775,7.5581038436951542e-06
6.198,7.5566719384377886e-06
6.19825,7.5552421517833287e-06
6.1985,7.5538267960743845e-06
6.19875,7.5524301607266916e-06
6.199,7.5510756131370956e-06
6.19925,7.5497482767819149e-06
6.1995,7.5484445401919764e-06
6.19975,7.5471599356063803e-06
6.2,7.5458710096243863e-06
6.20025,7.5445972326022869e-06
6.2005,7.5433568377280897e-06
6.20075,7.5421338806334911e-06
6.201,7.5409604093087115e-06
6.20125,7.5398134864049319e-06
6.2015,7.5386696937662112e-06
6.20175,7.5375080576862298e-06
6.202,7.5363248959317951e-06
6.20225,7.5351450350874918e-06
6.2025,7.5339489782868795e-06
6.20275,7.532781152298549e-06
6.203,7.5316487456701709e-06
6.20325,7.5305492631259748e-06
6.2035,7.529494995556644e-06
6.20375,7.528453922679613e-06
6.204,7.5274471261272262e-06
6.20425,7.5264534533837037e-06
6.2045,7.5254923951964556e-06
6.20475,7.5245533877262422e-06
6.205,7.5236266767073386e-06
6.20525,7.5227097504731839e-06
6.2055,7.5218111368032247e-06
6.20575,7.5209486803300776e-06
6.206,7.5201003480980519e-06
6.20625,7.5192803377807876e-06
6.2065,7.5184615967675729e-06
6.20675,7.5176566162256498e-06
6.207,7.5168518963153266e-06
6.20725,7.516057523089767e-06
6.2075,7.5152562161094767e-06
6.20775,7.5144745854412341e-06
6.208,7.5137130539623188e-06
6.20825,7.5129755473906671e-06
6.2085,7.5122385377884617e-06
6.20875,7.5115058070276111e-06
6.209,7.5107796950213434e-06
6.20925,7.5100422288494838e-06
6.2095,7.5093138683901656e-06
6.20975,7.508613024706147e-06
6.21,7.5079457180629064e-06
6.21025,7.5073221393769678e-06
6.2105,7.5067381172662916e-06
6.21075,7.5061860510525988e-06
6.211,7.5056394766978029e-06
6.21125,7.5050878945579693e-06
6.2115,7.5045274322836488e-06
6.21175,7.5039693195051576e-06
6.212,7.5034380920997887e-06
6.21225,7.5029289248853232e-06
6.2125,7.5024338763213829e-06
6.21275,7.5019700611486027e-06
6.213,7.501525859545014e-06
6.21325,7.5011080471915651e-06
6.2135,7.5007248627284041e-06
6.21375,7.5003535567268626e-06
6.214,7.5000252977382264e-06
6.21425,7.499723536399372e-06
6.2145,7.4994284140208883e-06
6.21475,7.4991607244517798e-06
6.215,7.498923990291167e-06
6.21525,7.4986913378718156e-06
6.2155,7.4984683987641095e-06
6.21575,7.4982795584165179e-06
6.216,7.4981145996634635e-06
6.21625,7.497982555477793e-06
6.2165,7.4978835965494356e-06
6.21675,7.4978269788646011e-06
6.217,7.497793578802428e-06
6.21725,7.4977495514141518e-06
6.2175,7.4977463265228488e-06
6.21775,7.497751325562761e-06
6.218,7.4977324442451455e-06
6.21825,7.4977529214247288e-06
6.2185,7.4978095593449492e-06
6.21875,7.4978749674989695e-06
6.219,7.4979905629597217e-06
6.21925,7.4981346824894551e-06
6.2195,7.4982776275648042e-06
6.21975,7.498460935813801e-06
6.22,7.4987163719598417e-06
6.22025,7.499050727933878e-06
6.2205,7.4994122971170614e-06
6.22075,7.4997971930227048e-06
6.221,7.5001727553648342e-06
6.22125,7.5005564130306863e-06
6.2215,7.5009409628540445e-06
6.22175,7.5013116789292687e-06
6.222,7.5016932104480663e-06
6.22225,7.502084546660807e-06
6.2225,7.5024863857923441e-06
6.22275,7.5029056105615197e-06
6.223,7.5033434081541741e-06
6.22325,7.5037879965331142e-06
6.2235,7.5042683512111284e-06
6.22375,7.5047843381394312e-06
6.224,7.5053095135256357e-06
6.22425,7.5058388574747806e-06
6.2245,7.5063746207373622e-06
6.22475,7.5069185798732179e-06
6.225,7.5074822924553228e-06
6.22525,7.5080747667726951e-06
6.2255,7.5086898935151657e-06
6.22575,7.5093319441575948e-06
6.226,7.5099907610822926e-06
6.22625,7.5106643782549706e-06
6.2265,7.511352896040877e-06
6.22675,7.5120451656053326e-06
6.227,7.512746243351557e-06
6.22725,7.513455533320871e-06
6.2275,7.5141740013754101e-06
6.22775,7.5149080606279342e-06
6.228,7.5156620372547436e-06
6.22825,7.5164369268447198e-06
6.2285,7.5172400829197712e-06
6.22875,7.5180688359139068e-06
6.229,7.5189321795701125e-06
6.22925,7.5198269106413589e-06
6.2295,7.5207580597004129e-06
6.22975,7.5217261450005571e-06
6.23,7.5227175167522529e-06
6.23025,7.523733607137543e-06
6.2305,7.5247594224354502e-06
6.23075,7.5258021690312239e-06
6.231,7.5268518328183402e-06
6.23125,7.5279316936630761e-06
6.2315,7.5290264946934718e-06
6.23175,7.5301603824383031e-06
6.232,7.5313217724363863e-06
6.23225,7.5324998204200928e-06
6.2325,7.53367862399851e-06
6.23275,7.5348876345667221e-06
6.233,7.5361046823801386e-06
6.23325,7.5373343641138408e-06
6.2335,7.5385627079378303e-06
6.23375,7.5398023960523119e-06
6.234,7.5410518507799693e-06
6.23425,7.5423042550815986e-06
6.2345,7.5435560806724984e-06
6.23475,7.5448154564289387e-06
6.235,7.5460696252108535e-06
6.23525,7.5473106658099928e-06
6.2355,7.5485442008302067e-06
6.23575,7.5498177400893566e-06
6.236,7.5511850611017318e-06
6.23625,7.5526747027685338e-06
6.2365,7.5542322775189564e-06
6.23675,7.5557624179181618e-06
6.237,7.5572645219491809e-06
6.23725,7.5587231079926407e-06
6.2375,7.5602900666736068e-06
6.23775,7.5619732380985246e-06
6.238,7.5637182554197598e-06
6.23825,7.5654590013740494e-06
6.2385,7.5671662204736871e-06
6.23875,7.5687489440150447e-06
6.239,7.570114338350752e-06
6.23925,7.5713524475210507e-06
6.2395,7.5726390997940847e-06
6.23975,7.5739326268819256e-06
6.24,7.5751594618510395e-06
6.24025,7.5763542948715084e-06
6.2405,7.5777620383538059e-06
6.24075,7.5793982078241899e-06
6.241,7.5811409526139579e-06
6.24125,7.5828967101693083e-06
6.2415,7.5846175405238169e-06
6.24175,7.586338278981573e-06
6.242,7.5880736325856372e-06
6.24225,7.5898089638727965e-06
6.2425,7.5914481495467851e-06
6.24275,7.5930021859992809e-06
6.243,7.5945157157169416e-06
6.24325,7.5959932984073685e-06
6.2435,7.5974514883240696e-06
6.24375,7.5989077546286824e-06
6.244,7.6003784498625431e-06
6.24425,7.6018524772694389e-06
6.2445,7.6033644069747424e-06
6.24475,7.6049243334118459e-06
6.245,7.6065637467904619e-06
6.24525,7.6082513970498388e-06
6.2455,7.6099701739407691e-06
6.24575,7.6117059810157284e-06
6.246,7.6134387845532276e-06
6.24625,7.6151654419243652e-06
6.2465,7.6168687494829586e-06
6.24675,7.6185743728955324e-06
6.247,7.6202859574969478e-06
6.24725,7.6220059754913598e-06
6.2475,7.6237313897436651e-06
6.24775,7.625443261834701e-06
6.248,7.6271227423950933e-06
6.24825,7.6287773110473814e-06
6.2485,7.6304332607011703e-06
6.24875,7.6320943535879013e-06
6.249,7.6337593077418699e-06
6.24925,7.6354236566057624e-06
6.2495,7.6370894274761155e-06
6.24975,7.6387505019780507e-06
6.25,7.6404106864201213e-06
6.25025,7.6420635576920216e-06
6.2505,7.6437031625244273e-06
6.25075,7.6453274761433489e-06
6.251,7.6469476361803545e-06
6.25125,7.6485699067994498e-06
6.2515,7.6501949794482224e-06
6.25175,7.6518128262024382e-06
6.252,7.653433252376486e-06
6.25225,7.6550717684756961e-06
6.2525,7.6567381120796805e-06
6.25275,7.6584158632926243e-06
6.253,7.6600976265309704e-06
6.25325,7.6617722309528065e-06
6.2535,7.6634377544461997e-06
6.25375,7.6650880753753488e-06
6.254,7.6667220673074868e-06
6.25425,7.6683289447125689e-06
6.2545,7.6699061133014282e-06
6.25475,7.6714619776190978e-06
6.255,7.673000100094484e-06
6.25525,7.6745364928879207e-06
6.2555,7.6760779487549208e-06
6.25575,7.6776257367080045e-06
6.256,7.6791804402343201e-06
6.25625,7.6807315235934238e-06
6.2565,7.6822744759755956e-06
6.25675,7.6837989154987258e-06
6.257,7.6853083674940492e-06
6.25725,7.6868087491567817e-06
6.2575,7.6883021280500849e-06
6.25775,7.6897758150227696e-06
6.258,7.691224895974754e-06
6.25825,7.6926418248705101e-06
6.2585,7.6940364200341413e-06
6.25875,7.6954175140883962e-06
6.259,7.6967842684867626e-06
6.25925,7.6981360415197375e-06
6.2595,7.6994760752372856e-06
6.25975,7.7007994296785517e-06
6.26,7.7021122099205614e-06
6.26025,7.7034028117261918e-06
6.2605,7.7046704213691067e-06
6.26075,7.7059228395146968e-06
6.261,7.7071655878322923e-06
6.26125,7.7084067614385945e-06
6.2615,7.7096422011848835e-06
6.26175,7.7108722120215364e-06
6.262,7.7120983724316588e-06
6.26225,7.7133302691554288e-06
6.2625,7.7145601416422788e-06
6.26275,7.7157799828402596e-06
6.263,7.7169900515154056e-06
6.26325,7.7181985443952204e-06
6.2635,7.7194066180866034e-06
6.26375,7.7206110445480245e-06
6.264,7.7217983895539395e-06
6.26425,7.7229618532375572e-06
6.2645,7.7240962771200307e-06
6.26475,7.7252151156321704e-06
6.265,7.7263278324749883e-06
6.26525,7.7274346789793722e-06
6.2655,7.7285384094873748e-06
6.26575,7.7296433517464595e-06
6.266,7.7307444059277082e-06
6.26625,7.7318275804705606e-06
6.2665,7.7328787590265984e-06
6.26675,7.7338940230920689e-06
6.267,7.734876165675403e-06
6.26725,7.735828363274809e-06
6.2675,7.7367586932171193e-06
6.26775,7.7376705622025825e-06
6.268,7.7385768402353911e-06
6.26825,7.7394839140991148e-06
6.2685,7.7403898092029646e-06
6.26875,7.7412851274615557e-06
6.269,7.7421541726702084e-06
6.26925,7.7429904983108953e-06
6.2695,7.7437958758028346e-06
6.26975,7.7445734783005062e-06
6.27,7.7453304345406114e-06
6.27025,7.7460664611459061e-06
6.2705,7.7467823924924749e-06
6.27075,7.7474816720930435e-06
6.271,7.7481618576202846e-06
6.27125,7.7488177789015702e-06
6.2715,7.7494406907938358e-06
6.27175,7.7500248512250397e-06
6.272,7.7505733533842287e-06
6.27225,7.7510907568991214e-06
6.2725,7.7515969578739655e-06
6.27275,7.7520934635999894e-06
6.273,7.7525857419601872e-06
6.27325,7.7530734939414168e-06
6.2735,7.75355082990868e-06
6.27375,7.7540096815226791e-06
6.274,7.7544367521215231e-06
6.27425,7.7548271837203904e-06
6.2745,7.7551854932087459e-06
6.27475,7.7555281807303362e-06
6.275,7.7558709910875485e-06
6.27525,7.7562195315420538e-06
6.2755,7.7565772968220575e-06
6.27575,7.7569472322322128e-06
6.276,7.757318953512753e-06
6.27625,7.7576869332780727e-06
6.2765,7.7580416711807858e-06
6.27675,7.7583658492691898e-06
6.277,7.7586559484293278e-06
6.27725,7.7589147373656022e-06
6.2775,7.7591503259909907e-06
6.27775,7.7593612753802068e-06
6.278,7.7595424031195974e-06
6.27825,7.7597007160380683e-06
6.2785,7.7598317755802341e-06
6.27875,7.759931666453412e-06
6.279,7.7599981967531004e-06
6.27925,7.7600341699790159e-06
6.2795,7.7600431940211767e-06
6.27975,7.7600319053920605e-06
6.28,7.7600128004724132e-06
6.28025,7.7599937532898588e-06
6.2805,7.7599772773917679e-06
6.28075,7.7599525818462665e-06
6.281,7.759898570053007e-06
6.28125,7.7597992235173297e-06
6.2815,7.7596455766517118e-06
6.28175,7.7594444755606404e-06
6.282,7.7592109405290479e-06
6.28225,7.7589574843208934e-06
6.2825,7.7586968564566477e-06
6.28275,7.7584364973826766e-06
6.283,7.7581765898935878e-06
6.28325,7.7579102405388863e-06
6.2835,7.7576251788521098e-06
6.28375,7.7573163045206958e-06
6.284,7.7569769330856059e-06
6.28425,7.7566107304445256e-06
6.2845,7.756221833105001e-06
6.28475,7.7558180271237521e-06
6.285,7.7554015736952523e-06
6.28525,7.7549684819975649e-06
6.2855,7.7545139357595508e-06
6.28575,7.754030375991865e-06
6.286,7.7535167037244949e-06
6.28625,7.7529682999915999e-06
6.2865,7.7523793712617623e-06
6.28675,7.7517523957667167e-06
6.287,7.7510908537883335e-06
6.28725,7.750401519008182e-06
6.2875,7.7497028943072962e-06
6.28775,7.748999684447025e-06
6.288,7.7482998354321439e-06
6.28825,7.7476015037128343e-06
6.2885,7.7468961565372564e-06
6.28875,7.7461904733364611e-06
6.289,7.7454870541201352e-06
6.28925,7.7447841301874753e-06
6.2895,7.744076825464148e-06
6.28975,7.743366388295251e-06
6.29,7.7426475254738596e-06
6.29025,7.7419140510602297e-06
6.2905,7.7411636001846004e-06
6.29075,7.7404028942339024e-06
6.291,7.7396263727421007e-06
6.29125,7.7388292918272979e-06
6.2915,7.7380135349731668e-06
6.29175,7.7371809035347286e-06
6.292,7.736326337173098e-06
6.29225,7.7354383723672078e-06
6.2925,7.7345238264580628e-06
6.29275,7.7335859069207031e-06
6.293,7.7326247744091404e-06
6.29325,7.7316406936420246e-06
6.2935,7.7306286172565816e-06
6.29375,7.7295810192324855e-06
6.294,7.7284802136818953e-06
6.29425,7.7273263633770217e-06
6.2945,7.7261310918825819e-06
6.29475,7.7249147529731279e-06
6.295,7.7236940575645121e-06
6.29525,7.7224847004361306e-06
6.2955,7.7212880875092885e-06
6.29575,7.720101195463749e-06
6.296,7.7189165812733602e-06
6.29625,7.7177296743534411e-06
6.2965,7.716530049779708e-06
6.29675,7.7153167055176765e-06
6.297,7.7140921943468708e-06
6.29725,7.7128608171185973e-06
6.2975,7.7116173970454614e-06
6.29775,7.7103661269625209e-06
6.298,7.7091059876082639e-06
6.29825,7.7078328877580594e-06
6.2985,7.7065435596938157e-06
6.29875,7.7052470281723757e-06
6.299,7.7039499488807309e-06
6.29925,7.7026569501480595e-06
6.2995,7.7013657227888939e-06
6.29975,7.7000585942455097e-06
6.3,7.6987178633152155e-06
6.30025,7.6973466528025724e-06
6.3005,7.695930793289646e-06
6.30075,7.6944801272014712e-06
6.301,7.6930060714603738e-06
6.30125,7.6915230396383861e-06
6.3015,7.6900251908646844e-06
6.30175,7.6885237468309187e-06
6.302,7.6870158516448151e-06
6.30225,7.6855076194890168e-06
6.3025,7.6840032754272076e-06
6.30275,7.6825037161372016e-06
6.303,7.6810129644433428e-06
6.30325,7.6795187144702437e-06
6.3035,7.6780108314749958e-06
6.30375,7.6764779473308136e-06
6.304,7.6749180383141522e-06
6.30425,7.6733425074612823e-06
6.3045,7.6717555373636735e-06
6.30475,7.670167781545555e-06
6.305,7.6685748823220918e-06
6.30525,7.6669858132943496e-06
6.3055,7.6653861090989646e-06
6.30575,7.6637794159470165e-06
6.306,7.6621671828841108e-06
6.30625,7.6605385796225007e-06
6.3065,7.6589045043065843e-06
6.30675,7.6572657926839181e-06
6.307,7.6556193879406446e-06
6.30725,7.6539742989136737e-06
6.3075,7.6523547720127915e-06
6.30775,7.650748846771413e-06
6.308,7.6491575550284457e-06
6.30825,7.6475708175332095e-06
6.3085,7.6459908968487458e-06
6.30875,7.6444171409621074e-06
6.309,7.6428358347740307e-06
6.30925,7.6412222378246059e-06
6.3095,7.639653340166672e-06
6.30975,7.6381194603890334e-06
6.31,7.636562592680788e-06
6.31025,7.6349121626932704e-06
6.3105,7.6332274809652285e-06
6.31075,7.6316088677150406e-06
6.311,7.6300311729283606e-06
6.31125,7.6283776593366397e-06
6.3115,7.6266633202485103e-06
6.31175,7.6249942698097475e-06
6.312,7.6233627760753624e-06
6.31225,7.6216817001671699e-06
6.3125,7.6199689620623812e-06
6.31275,7.6183124576457027e-06
6.313,7.6166967245688367e-06
6.31325,7.6150172922630482e-06
6.3135,7.613283641229611e-06
6.31375,7.6116029404261382e-06
6.314,7.609991003969151e-06
6.31425,7.608340240586887e-06
6.3145,7.6066855731888735e-06
6.31475,7.6050532882396495e-06
6.315,7.6034025486686947e-06
6.31525,7.6017912016551744e-06
6.3155,7.6002311917654254e-06
6.31575,7.5986997966810597e-06
6.316,7.5971213229144853e-06
6.31625,7.5955369250593444e-06
6.3165,7.5940549436577562e-06
6.31675,7.5926256232805638e-06
6.317,7.5910992832393614e-06
6.31725,7.5894991865387673e-06
6.3175,7.587944895136793e-06
6.31775,7.5864346894529482e-06
6.318,7.584882810744991e-06
6.31825,7.5833031311268952e-06
6.3185,7.5817927467651127e-06
6.31875,7.5803619625522589e-06
6.319,7.5788864071428097e-06
6.31925,7.5773957146780964e-06
6.3195,7.5759188820079293e-06
6.31975,7.5744260838171451e-06
6.32,7.5728394811321339e-06
6.32025,7.5712813046369863e-06
6.3205,7.5697734473617109e-06
6.32075,7.5682645498599198e-06
6.321,7.5666968908018254e-06
6.32125,7.5651503421367921e-06
6.3215,7.5636645200018585e-06
6.32175,7.5622148726289888e-06
6.322,7.5606989081220424e-06
6.32225,7.5591840129015586e-06
6.3225,7.5577755841868151e-06
6.32275,7.5564321031873318e-06
6.323,7.5550321696340565e-06
6.32325,7.5535807882004903e-06
6.3235,7.5522130004736109e-06
6.32375,7.5509393393737597e-06
6.324,7.5496130867128044e-06
6.32425,7.5482557391576234e-06
6.3245,7.5469871885032524e-06
6.32475,7.5457755591514222e-06
6.325,7.5445200175945024e-06
6.32525,7.543199057387761e-06
6.3255,7.5419704388092761e-06
6.32575,7.5408367339114278e-06
6.326,7.5396133650763946e-06
6.32625,7.538317928652844e-06
6.3265,7.5370432405252258e-06
6.32675,7.5358277228717421e-06
6.327,7.534539249242608e-06
6.32725,7.5332392314676069e-06
6.3275,7.5320076033920143e-06
6.32775,7.5308257803282336e-06
6.328,7.5296465288451382e-06
6.32825,7.5285748644936293e-06
6.3285,7.5276283321315286e-06
6.32875,7.526745534995841e-06
6.329,7.5258200017712193e-06
6.32925,7.5249503215360546e-06
6.3295,7.5241255354253974e-06
6.32975,7.5233249564937549e-06
6.33,7.5224110369900527e-06
6.33025,7.5215349066474162e-06
6.3305,7.5207229800817257e-06
6.33075,7.5199494015795871e-06
6.331,7.5191018367221456e-06
6.33125,7.5182397251880916e-06
6.3315,7.5174949701797148e-06
6.33175,7.5168194173660252e-06
6.332,7.5160385909423861e-06
6.33225,7.5151391018334513e-06
6.3325,7.5142963048151628e-06
6.33275,7.5135247778011658e-06
6.333,7.5127048385819142e-06
6.33325,7.5118229177201438e-06
6.3335,7.5110645591138445e-06
6.33375,7.5104031236218794e-06
6.334,7.5096818778122755e-06
6.33425,7.5089809485465568e-06
6.3345,7.5083358227734862e-06
6.33475,7.5077208831404361e-06
6.335,7.5070855207040018e-06
6.33525,7.506537276183664e-06
6.3355,7.5060899042684347e-06
6.33575,7.5056809021364692e-06
6.336,7.5051775410586887e-06
6.33625,7.5046644435630569e-06
6.3365,7.5041954626303373e-06
6.33675,7.5037462701844467e-06
6.337,7.5032194312346962e-06
6.33725,7.5027408905205221e-06
6.3375,7.5023397300520824e-06
6.33775,7.5019862756684672e-06
6.338,7.5015995494526631e-06
6.33825,7.5012722900954739e-06
6.3385,7.5010129976240103e-06
6.33875,7.5008042812075951e-06
6.339,7.5005048909702967e-06
6.33925,7.5002233476130747e-06
6.3395,7.500007505154048e-06
6.33975,7.4998079916155376e-06
6.34,7.4995252917477483e-06
6.34025,7.4993076216846753e-06
6.3405,7.4991501908874018e-06
6.34075,7.4990426592953404e-06
6.341,7.4988638096592134e-06
6.34125,7.4987622718434112e-06
6.3415,7.4987261493421087e-06
6.34175,7.4987051038867311e-06
6.342,7.4986824655557588e-06
6.34225,7.4986617584448061e-06
6.3425,7.4985878142865569e-06
6.34275,7.4985426862684395e-06
6.343,7.4985494686168244e-06
6.34325,7.4986030961105716e-06
6.3435,7.4986949395112871e-06
6.34375,7.4988269439632316e-06
6.344,7.4989542371705022e-06
6.34425,7.4990908134393665e-06
6.3445,7.499285575474049e-06
6.34475,7.4996032429066419e-06
6.345,7.4999452780169458e-06
6.34525,7.5003356195324175e-06
6.3455,7.5007474046201675e-06
6.34575,7.5011583242764575e-06
6.346,7.5015917546423989e-06
6.34625,7.5020247730258856e-06
6.3465,7.5024566533798527e-06
6.34675,7.5028973976347643e-06
6.347,7.5033547859051392e-06
6.34725,7.5038119292352647e-06
6.3475,7.5043096324499453e-06
6.34775,7.504825243911919e-06
6.348,7.5053400868320005e-06
6.34825,7.5058739739477171e-06
6.3485,7.5064323480672568e-06
6.34875,7.5070134413620907e-06
6.349,7.5076031772264152e-06
6.34925,7.5081929164242641e-06
6.3495,7.5087894530522854e-06
6.34975,7.5093989697585659e-06
6.35,7.510010116078946e-06
6.35025,7.5106375531698266e-06
6.3505,7.5112951145707285e-06
6.35075,7.5119853968567334e-06
6.351,7.5127083073274518e-06
6.35125,7.5134566185271307e-06
6.3515,7.5142127818732737e-06
6.35175,7.5149742835603081e-06
6.352,7.5157323318091159e-06
6.35225,7.5164901622018213e-06
6.3525,7.5172459310047193e-06
6.35275,7.518005078612995e-06
6.353,7.5187738885334191e-06
6.35325,7.519562658098929e-06
6.3535,7.5203763632300634e-06
6.35375,7.5212246662759172e-06
6.354,7.5221020425333859e-06
6.35425,7.5230107182054139e-06
6.3545,7.5239322750471344e-06
6.35475,7.5248689693193604e-06
6.355,7.5258107252833662e-06
6.35525,7.5267618270099054e-06
6.3555,7.5277242897958868e-06
6.35575,7.5287023850538655e-06
6.356,7.5297042174533444e-06
6.35625,7.5307387865540879e-06
6.3565,7.5318110026118394e-06
6.35675,7.532910251136548e-06
6.357,7.5340247071358964e-06
6.35725,7.5351656559554497e-06
6.3575,7.5363307230227394e-06
6.35775,7.5375067595093521e-06
6.358,7.5387022222985776e-06
6.35825,7.5399036111852225e-06
6.3585,7.5411046551910205e-06
6.35875,7.5423285245566636e-06
6.359,7.5435870621521787e-06
6.35925,7.5448476858563607e-06
6.3595,7.546106097004624e-06
6.35975,7.5473583730157587e-06
6.36,7.5485906110492236e-06
6.36025,7.549827553048261e-06
6.3605,7.5511273900187313e-06
6.36075,7.5525236642035212e-06
6.361,7.5540227906008139e-06
6.36125,7.5555543493181155e-06
6.3615,7.5570331753582217e-06
6.36175,7.5584735673737076e-06
6.362,7.5599743772272743e-06
6.36225,7.5615979017980851e-06
6.3625,7.5633124243180772e-06
6.36275,7.565034381445478e-06
6.363,7.5667351963112212e-06
6.36325,7.5683550626090422e-06
6.3635,7.5697758799002861e-06
6.36375,7.5710138466672321e-06
6.364,7.5722102033746045e-06
6.36425,7.5734896277954276e-06
6.3645,7.5747239220247239e-06
6.36475,7.5759001111272242e-06
6.365,7.577150228584963e-06
6.36525,7.5786683129532206e-06
6.3655,7.5803364886287808e-06
6.36575,7.5820476378144894e-06
6.366,7.5837379289859195e-06
6.36625,7.5854036034421604e-06
6.3665,7.5870783758044837e-06
6.36675,7.5887825596511871e-06
6.367,7.5904401620312657e-06
6.36725,7.5919829600314863e-06
6.3675,7.5934827046462168e-06
6.36775,7.5949465705849958e-06
6.368,7.5963809261327473e-06
6.36825,7.5978049514995142e-06
6.3685,7.5992280354865232e-06
6.36875,7.600651754887843e-06
6.369,7.6020778629600042e-06
6.36925,7.6035440351212374e-06
6.3695,7.6050679402673113e-06
6.36975,7.6066577399256771e-06
6.37,7.6082962179133427e-06
6.37025,7.6099642176715956e-06
6.3705,7.6116471604622048e-06
6.37075,7.6133414697501231e-06
6.371,7.6150249701654574e-06
6.37125,7.6167104166324473e-06
6.3715,7.6184008830568949e-06
6.37175,7.6200960356665677e-06
6.372,7.621794087647216e-06
6.37225,7.6234877784492835e-06
6.3725,7.625154121148048e-06
6.37275,7.6267987771934764e-06
6.373,7.6284416787922446e-06
6.37325,7.6300952088567692e-06
6.3735,7.6317600359126512e-06
6.37375,7.63342652049303e-06
6.374,7.6350973722380113e-06
6.37425,7.6367658967951236e-06
6.3745,7.6384269199263876e-06
6.37475,7.6400809685278552e-06
6.375,7.6417144384113007e-06
6.37525,7.6433263383318978e-06
6.3755,7.6449267316102846e-06
6.37575,7.6465365262923857e-06
6.376,7.648163057971136e-06
6.37625,7.6498002911099765e-06
6.3765,7.6514461804773288e-06
6.37675,7.6531057310261642e-06
6.377,7.6547898057235365e-06
6.37725,7.6564879099457313e-06
6.3775,7.658188452298058e-06
6.37775,7.6598853876066727e-06
6.378,7.6615650585279494e-06
6.37825,7.6632249709169694e-06
6.3785,7.6648625510347473e-06
6.37875,7.6664775509499045e-06
6.379,7.668065559848835e-06
6.37925,7.6696378751432041e-06
6.3795,7.6712014846605377e-06
6.37975,7.6727625107780466e-06
6.38,7.6743230001074257e-06
6.38025,7.6758802745027131e-06
6.3805,7.677435993052987e-06
6.38075,7.678989174607257e-06
6.381,7.6805362645090895e-06
6.38125,7.682063721423683e-06
6.3815,7.6835702939231991e-06
6.38175,7.6850676818987514e-06
6.382,7.6865543080638359e-06
6.38225,7.6880291662411927e-06
6.3825,7.6894861841860522e-06
6.38275,7.6909337156236356e-06
6.383,7.6923745678639626e-06
6.38325,7.6938134775137801e-06
6.3835,7.6952407922113654e-06
6.38375,7.6966517834704019e-06
6.384,7.6980521505905627e-06
6.38425,7.6994474351415144e-06
6.3845,7.7008351565622461e-06
6.38475,7.7022123252342345e-06
6.385,7.7035722700096839e-06
6.38525,7.7049119876685259e-06
6.3855,7.7062418839859824e-06
6.38575,7.7075669080241349e-06
6.386,7.7088864848855269e-06
6.38625,7.7101993980295301e-06
6.3865,7.7115021097072121e-06
6.38675,7.7127999634247125e-06
6.387,7.7140863466863277e-06
6.38725,7.7153534112356991e-06
6.3875,7.7166057793976056e-06
6.38775,7.717858181662761e-06
6.388,7.7191159081115034e-06
6.38825,7.7203781266289756e-06
6.3885,7.7216283518417288e-06
6.38875,7.7228529407125912e-06
6.389,7.7240442205050679e-06
6.38925,7.7252012439276837e-06
6.3895,7.7263327835936304e-06
6.38975,7.7274366729338936e-06
6.39,7.7285300568566217e-06
6.39025,7.7296244623508712e-06
6.3905,7.7307291274325846e-06
6.39075,7.7318393617538189e-06
6.391,7.7329346380031355e-06
6.39125,7.7339913323097035e-06
6.3915,7.7350050301830077e-06
6.39175,7.7359752444302628e-06
6.392,7.7369130129857242e-06
6.39225,7.7378286290143702e-06
6.3925,7.7387309219839482e-06
6.39275,7.7396290323109871e-06
6.393,7.7405307326791459e-06
6.39325,7.7414368872883272e-06
6.3935,7.7423428969190428e-06
6.39375,7.7432355570884141e-06
6.394,7.7441026253363693e-06
6.39425,7.7449354894768859e-06
6.3945,7.74573927133686e-06
6.39475,7.7465204698014887e-06
6.395,7.7472706227920206e-06
6.39525,7.7479903009445639e-06
6.3955,7.748689785510736e-06
6.39575,7.7493721885907633e-06
6.396,7.7500376882832722e-06
6.39625,7.7506773446956438e-06
6.3965,7.7512872072402673e-06
6.39675,7.7518665494427813e-06
6.397,7.7524262805912427e-06
6.39725,7.7529677848381045e-06
6.3975,7.753493118764145e-06
6.39775,7.7540009021589041e-06
6.398,7.7544952217058118e-06
6.39825,7.7549774072809288e-06
6.3985,7.7554390150012079e-06
6.39875,7.7558701890201347e-06
6.399,7.7562687008267119e-06
6.39925,7.7566423456029962e-06
6.3995,7.7570118673152906e-06
6.39975,7.7573897182320513e-06
6.4,7.757782312749314e-06
6.40025,7.7581848654433262e-06
6.4005,7.7585848759219022e-06
6.40075,7.7589747375644745e-06
6.401,7.7593448294550137e-06
6.40125,7.7596879010977464e-06
6.4015,7.7599906898611249e-06
6.40175,7.7602417987107166e-06
6.402,7.7604475052417662e-06
6.40225,7.7606167105148297e-06
6.4025,7.760753357449442e-06
6.40275,7.7608603516895733e-06
6.403,7.7609416857380003e-06
6.40325,7.7609992241116801e-06
6.4035,7.7610304854249694e-06
6.40375,7.7610387905371843e-06
6.404,7.7610228639214638e-06
6.40425,7.7609869610541114e-06
6.4045,7.760943104251148e-06
6.40475,7.7608958380141607e-06
6.405,7.7608577593384738e-06
6.40525,7.7608254773676033e-06
6.4055,7.7607862324344605e-06
6.40575,7.7607222587917405e-06
6.406,7.760625239821387e-06
6.40625,7.7604903816399226e-06
6.4065,7.7603170980350486e-06
6.40675,7.7601046518454681e-06
6.407,7.759867260101485e-06
6.40725,7.7596205955667282e-06
6.4075,7.759376454948079e-06
6.40775,7.7591395953930891e-06
6.408,7.7588942103486637e-06
6.40825,7.7586229919277304e-06
6.4085,7.7583066875372054e-06
6.40875,7.7579394616901741e-06
6.409,7.7575303415573474e-06
6.40925,7.7570923721666365e-06
6.4095,7.7566347787868954e-06
6.40975,7.7561607734766477e-06
6.41,7.755669549444631e-06
6.41025,7.7551598298662891e-06
6.4105,7.7546309415001168e-06
6.41075,7.7540798206599209e-06
6.411,7.7535056853920422e-06
6.41125,7.7529059427705083e-06
6.4115,7.7522854807199773e-06
6.41175,7.7516487536279629e-06
6.412,7.7509879739235567e-06
6.41225,7.7503064020570624e-06
6.4125,7.749602366995554e-06
6.41275,7.7488796762217914e-06
6.413,7.7481414371770213e-06
6.41325,7.7473944559366258e-06
6.4135,7.7466337866729931e-06
6.41375,7.7458659565404608e-06
6.414,7.7450851385481022e-06
6.41425,7.7442949633777371e-06
6.4145,7.7434993670511061e-06
6.41475,7.7426915280190533e-06
6.415,7.7418708811084279e-06
6.41525,7.7410398128544488e-06
6.4155,7.7401911387477317e-06
6.41575,7.7393348885829934e-06
6.416,7.7384731472397592e-06
6.41625,7.7376102914061078e-06
6.4165,7.7367468458863856e-06
6.41675,7.7358761840189845e-06
6.417,7.7349893596674311e-06
6.41725,7.7340883050527206e-06
6.4175,7.7331653540531363e-06
6.41775,7.7322198159171874e-06
6.418,7.7312527254187929e-06
6.41825,7.7302552633759043e-06
6.4185,7.7292238185565568e-06
6.41875,7.728154692326258e-06
6.419,7.7270486363279895e-06
6.41925,7.7259090848170119e-06
6.4195,7.7247475163539436e-06
6.41975,7.7235705412006424e-06
6.42,7.7223821824737734e-06
6.42025,7.7211956602292289e-06
6.4205,7.7200074089904445e-06
6.42075,7.7188023452049032e-06
6.421,7.7175720188523942e-06
6.42125,7.7163053162947788e-06
6.4215,7.7150064018819558e-06
6.42175,7.7136869109599557e-06
6.422,7.7123589242184139e-06
6.42225,7.711027677747531e-06
6.4225,7.7096981289972289e-06
6.42275,7.7083786251220876e-06
6.423,7.7070191011475157e-06
6.42325,7.7056865176227097e-06
6.4235,7.7043801111749147e-06
6.42375,7.7031168245637174e-06
6.424,7.7018769997352941e-06
6.42425,7.7005824184645095e-06
6.4245,7.6991435840088306e-06
6.42475,7.6976611724706117e-06
6.425,7.6962369598027696e-06
6.42525,7.694881799745735e-06
6.4255,7.6935566481869942e-06
6.42575,7.692218209634183e-06
6.426,7.6908265665107924e-06
6.42625,7.6893812288084825e-06
6.4265,7.687903562389446e-06
6.42675,7.6864140942128893e-06
6.427,7.6849211345038996e-06
6.42725,7.683414494750308e-06
6.4275,7.6818956418110974e-06
6.42775,7.6803547466857428e-06
6.428,7.6787973368570514e-06
6.42825,7.6772249295506248e-06
6.4285,7.675639645182907e-06
6.42875,7.6740539421446825e-06
6.429,7.6724754577064077e-06
6.42925,7.6709081131157629e-06
6.4295,7.6693459658086414e-06
6.42975,7.6677939380409798e-06
6.43,7.6662409574450614e-06
6.43025,7.664672494039498e-06
6.4305,7.6630859690315839e-06
6.43075,7.6614715871652364e-06
6.431,7.6598358913257331e-06
6.43125,7.6581953631473939e-06
6.4315,7.6565589777839945e-06
6.43175,7.6549308383530184e-06
6.432,7.6533233535491022e-06
6.43225,7.6517352342601963e-06
6.4325,7.6501564981361356e-06
6.43275,7.6485797372300088e-06
6.433,7.6469957675004087e-06
6.43325,7.645410599416645e-06
6.4335,7.6438197674770581e-06
6.43375,7.642225917988624e-06
6.434,7.6406333076998152e-06
6.43425,7.639050097994725e-06
6.4345,7.6374703524641048e-06
6.43475,7.6358958363263446e-06
6.435,7.634322686564884e-06
6.43525,7.6327536013095115e-06
6.4355,7.631171610017587e-06
6.43575,7.6295740150602961e-06
6.436,7.6279737066209783e-06
6.43625,7.626376050183434e-06
6.4365,7.6247809689071111e-06
6.43675,7.6231859679750431e-06
6.437,7.621597375713723e-06
6.43725,7.6199954347748709e-06
6.4375,7.6183684078703366e-06
6.43775,7.6167308437463441e-06
6.438,7.6150749057112486e-06
6.43825,7.613417631033451e-06
6.4385,7.6117714307042279e-06
6.43875,7.6101505353094671e-06
6.439,7.608541608120251e-06
6.43925,7.6069308350816524e-06
6.4395,7.6053180041254476e-06
6.43975,7.6036948002822207e-06
6.44,7.6020606623100219e-06
6.44025,7.6004297324505249e-06
6.4405,7.5988151596750459e-06
6.44075,7.5972188189135015e-06
6.441,7.5956440436005408e-06
6.44125,7.5940828328638705e-06
6.4415,7.5925144498263068e-06
6.44175,7.5909462649854819e-06
6.442,7.5893938857494152e-06
6.44225,7.5878541535553079e-06
6.4425,7.5863205176275137e-06
6.44275,7.5848113389179373e-06
6.443,7.5833048029010602e-06
6.44325,7.5818088093120351e-06
6.4435,7.5803401053476005e-06
6.44375,7.5788874297504225e-06
6.444,7.5774408272119823e-06
6.44425,7.5760069995306912e-06
6.4445,7.5745527752446085e-06
6.44475,7.5730939998217163e-06
6.445,7.5716415048680286e-06
6.44525,7.5701891584765549e-06
6.4455,7.568753128329958e-06
6.44575,7.5673435036662383e-06
6.446,7.5659360444743975e-06
6.44625,7.5645596782449179e-06
6.4465,7.5631837460138651e-06
6.44675,7.5617955297081767e-06
6.447,7.5604157565692295e-06
6.44725,7.5590152656995837e-06
6.4475,7.5576156563422813e-06
6.44775,7.5562350242659147e-06
6.448,7.554868037405004e-06
6.44825,7.5535309708658422e-06
6.4485,7.5522173507845871e-06
6.44875,7.5509208326607892e-06
6.449,7.5496381680965669e-06
6.44925,7.5483539766768856e-06
6.4495,7.5470714938803899e-06
6.44975,7.5458183238269442e-06
6.45,7.5445798298490007e-06
6.45025,7.5433935995582945e-06
6.4505,7.5422382104633006e-06
6.45075,7.5410898729389286e-06
6.451,7.5399285101788382e-06
6.45125,7.5387400599181008e-06
6.4515,7.5375507281297668e-06
6.45175,7.536344293023538e-06
6.452,7.5351528667601504e-06
6.45225,7.5339898679997521e-06
6.4525,7.5328558786945363e-06
6.45275,7.5317667470774995e-06
6.453,7.5306899123419434e-06
6.45325,7.5296496217618335e-06
6.4535,7.5286239976451443e-06
6.45375,7.5276343870601589e-06
6.454,7.5266616019372286e-06
6.45425,7.5256942175183252e-06
6.4545,7.5247310461557205e-06
6.45475,7.5237769969696018e-06
6.455,7.5228649805356035e-06
6.45525,7.5219696837018172e-06
6.4555,7.5211125355563483e-06
6.45575,7.5202640231205051e-06
6.456,7.5194437399500168e-06
6.45625,7.5186343488758617e-06
6.4565,7.5178353064007628e-06
6.45675,7.5170321924141856e-06
6.457,7.5162508683751268e-06
6.45725,7.5154913031513485e-06
6.4575,7.5147610432768704e-06
6.45775,7.5140304053588587e-06
6.458,7.5133074408253248e-06
6.45825,7.5125987596665719e-06
6.4585,7.5118942360376437e-06
6.45875,7.5112032254022207e-06
6.459,7.5105420618261345e-06
6.45925,7.5099033778243542e-06
6.4595,7.5092940899420847e-06
6.45975,7.5087167079121515e-06
6.46,7.5081697074165563e-06
6.46025,7.5076230668128623e-06
6.4605,7.5070694854071864e-06
6.46075,7.5065099950802708e-06
6.461,7.5059611989758242e-06
6.46125,7.5054441214835792e-06
6.4615,7.5049506213059733e-06
6.46175,7.5044684561863649e-06
6.462,7.5040189878287328e-06
6.46225,7.5035887224812833e-06
6.4625,7.5031888445960115e-06
6.46275,7.502826880140962e-06
6.463,7.5024774115619844e-06
6.46325,7.5021709963919545e-06
6.4635,7.5018922513491504e-06
6.46375,7.5016251421311404e-06
6.464,7.5013890284273437e-06
6.46425,7.5011819696078558e-06
6.4645,7.50097427565947e-06
6.46475,7.5007698809804197e-06
6.465,7.5006012354268565e-06
6.46525,7.5004520821021802e-06
6.4655,7.5003321786340046e-06
6.46575,7.5002431233733311e-06
6.466,7.5001867705262928e-06
6.46625,7.5001339742883853e-06
6.4665,7.5000573331327941e-06
6.46675,7.5000065074991169e-06
6.467,7.4999488608057864e-06
6.46725,7.4998475768783998e-06
6.4675,7.4997670868119641e-06
6.46775,7.4997096485435917e-06
6.468,7.4996515309325431e-06
6.46825,7.4996384102639519e-06
6.4685,7.4996454945215955e-06
6.46875,7.4996420745376306e-06
6.469,7.4996749885784302e-06
6.46925,7.4997757005511492e-06
6.4695,7.499960907375089e-06
6.46975,7.5001892133012942e-06
6.47,7.5004653837025417e-06
6.47025,7.5007592922122719e-06
6.4705,7.5010834326415861e-06
6.47075,7.5014328747039719e-06
6.471,7.5017961363076867e-06
6.47125,7.5021942676830995e-06
6.4715,7.5026269390269733e-06
6.47175,7.5030870755699829e-06
6.472,7.5035814714407983e-06
6.47225,7.5041006943636093e-06
6.4725,7.5046323953504209e-06
6.47275,7.5051963947622848e-06
6.473,7.5057865383840857e-06
6.47325,7.5063802233214632e-06
6.4735,7.506974071117336e-06
6.47375,7.5075723040997003e-06
6.474,7.5081727392142272e-06
6.47425,7.5087889582049735e-06
6.4745,7.5094214427508152e-06
6.47475,7.5100625436884045e-06
6.475,7.5107162571958399e-06
6.47525,7.5113853165441978e-06
6.4755,7.512070899135743e-06
6.47575,7.5127772769334062e-06
6.476,7.5134932058066557e-06
6.47625,7.5142206469882644e-06
6.4765,7.5149602079556372e-06
6.47675,7.5157149139189199e-06
6.477,7.516486273216037e-06
6.47725,7.5172786203526435e-06
6.4775,7.5180914245097388e-06
6.47775,7.5189222137196266e-06
6.478,7.5197793530972541e-06
6.47825,7.5206681073594862e-06
6.4785,7.5215893180108578e-06
6.47875,7.5225430604649274e-06
6.479,7.5235245414289028e-06
6.47925,7.5245140772962784e-06
6.4795,7.5255104473348538e-06
6.47975,7.5265047331850758e-06
6.48,7.5274990934371701e-06
6.48025,7.5284860149958739e-06
6.4805,7.5294815614598178e-06
6.48075,7.5304799092009001e-06
6.481,7.5315038106486035e-06
6.48125,7.5325493591695763e-06
6.4815,7.533617223953303e-06
6.48175,7.5346949197620119e-06
6.482,7.5358000785563935e-06
6.48225,7.5369131642621259e-06
6.4825,7.5380378163743695e-06
6.48275,7.539165880613243e-06
6.483,7.5403106997126906e-06
6.48325,7.5414704407435679e-06
6.4835,7.5426423349253988e-06
6.48375,7.5438274384828209e-06
6.484,7.5450323435333748e-06
6.48425,7.5462471650575387e-06
6.4845,7.5474611046028644e-06
6.48475,7.5486761349496894e-06
6.485,7.5499348009662956e-06
6.48525,7.5512888038713218e-06
6.4855,7.5527677487734184e-06
6.48575,7.5543132620095925e-06
6.486,7.5558287438837428e-06
6.48625,7.5573241293311825e-06
6.4865,7.5587919498207672e-06
6.48675,7.5603789856960806e-06
6.487,7.5620884497532112e-06
6.48725,7.5638598128775727e-06
6.4875,7.5656268723939831e-06
6.48775,7.567360512056772e-06
6.488,7.5689658246919315e-06
6.48825,7.5703468158910442e-06
6.4885,7.57160163125277e-06
6.48875,7.5729067874181235e-06
6.489,7.5742136594103645e-06
6.48925,7.5754581482889034e-06
6.4895,7.5766786050839368e-06
6.48975,7.5781278381918579e-06
6.49,7.5798001420936587e-06
6.49025,7.5815720961672746e-06
6.4905,7.5833504392405264e-06
6.49075,7.585093742077285e-06
6.491,7.5868323585184543e-06
6.49125,7.5885831170304925e-06
6.4915,7.5903318713334956e-06
6.49175,7.5919842660300474e-06
6.492,7.5935571410411479e-06
6.49225,7.5950920908392252e-06
6.4925,7.5965919918926521e-06
6.49275,7.5980676926371867e-06
6.493,7.5995370081731922e-06
6.49325,7.6010168826454795e-06
6.4935,7.6024940622970505e-06
6.49375,7.6040064174304997e-06
6.494,7.6055659822167364e-06
6.49425,7.6072015717818416e-06
6.4945,7.6088703172242646e-06
6.49475,7.6105585261461489e-06
6.495,7.6122504567737695e-06
6.49525,7.6139276345082716e-06
6.4955,7.6155837732047997e-06
6.49575,7.6172067233761322e-06
6.496,7.6188298187283799e-06
6.49625,7.6204549152716809e-06
6.4965,7.6220885698256875e-06
6.49675,7.6237274238801608e-06
6.497,7.6253623954466209e-06
6.49725,7.6269695847661241e-06
6.4975,7.6285550650855902e-06
6.49775,7.6301407454099181e-06
6.498,7.6317335916347247e-06
6.49825,7.6333332128397595e-06
6.4985,7.6349416629087445e-06
6.49875,7.6365597588488268e-06
6.499,7.638180784570213e-06
6.49925,7.6398130643259163e-06
6.4995,7.6414500575471418e-06
6.49975,7.6430794122288387e-06
6.5,7.6447002502823979e-06
6.50025,7.646328949039192e-06
6.5005,7.6479657376376557e-06
6.50075,7.6496113078974814e-06
6.501,7.6512529889961531e-06
6.50125,7.6528992018866724e-06
6.5015,7.6545652930645945e-06
6.50175,7.6562576000740258e-06
6.502,7.6579633491728838e-06
6.50225,7.6596717229888968e-06
6.5025,7.6613736114697934e-06
6.50275,7.6630654577485466e-06
6.503,7.6647480086200046e-06
6.50325,7.6664203495445541e-06
6.5035,7.6680708235617896e-06
6.50375,7.6696874245857984e-06
6.504,7.6712797792080188e-06
6.50425,7.672852775205232e-06
6.5045,7.6744212011081389e-06
6.50475,7.6759898479100403e-06
6.505,7.6775579348993085e-06
6.50525,7.6791297582212954e-06
6.5055,7.6806968224296893e-06
6.50575,7.6822515869643272e-06
6.506,7.6837811480185575e-06
6.50625,7.685287793160866e-06
6.5065,7.6867743793268829e-06
6.50675,7.6882479205705611e-06
6.507,7.6897007753378444e-06
6.50725,7.6911295502896715e-06
6.5075,7.6925349230087136e-06
6.50775,7.693926874241235e-06
6.508,7.6953159226667079e-06
6.50825,7.6966968769504333e-06
6.5085,7.698066402424349e-06
6.50875,7.6994254862959989e-06
6.509,7.7007697256362338e-06
6.50925,7.7021017745526054e-06
6.5095,7.7034143278936331e-06
6.50975,7.7047106204992811e-06
6.51,7.7059997124538515e-06
6.51025,7.70728916613238e-06
6.5105,7.7085825059141787e-06
6.51075,7.7098759041256213e-06
6.511,7.7111675619733632e-06
6.51125,7.7124550136504049e-06
6.5115,7.7137459462812073e-06
6.51175,7.7150327181620282e-06
6.512,7.7163030391493775e-06
6.51225,7.717556287903934e-06
6.5125,7.7187995102081768e-06
6.51275,7.7200366717190559e-06
6.513,7.7212610732483058e-06
6.51325,7.722461690007746e-06
6.5135,7.723631708810416e-06
6.51375,7.7247706334178861e-06
6.514,7.725886642445251e-06
6.51425,7.7269858653275491e-06
6.5145,7.7280720434427188e-06
6.51475,7.7291423387891081e-06
6.515,7.7302033255287453e-06
6.51525,7.7312528418723536e-06
6.5155,7.7322832013250989e-06
6.51575,7.7332832426246302e-06
6.516,7.7342510472749848e-06
6.51625,7.7351896457892336e-06
6.5165,7.7361016702437861e-06
6.51675,7.7369917807475905e-06
6.517,7.7378665486738819e-06
6.51725,7.7387388450026278e-06
6.5175,7.7396160373038782e-06
6.51775,7.7405030059510804e-06
6.518,7.7413852101652634e-06
6.51825,7.7422514723737504e-06
6.5185,7.7430884747735672e-06
6.51875,7.7438974145539712e-06
6.519,7.7446793069936593e-06
6.51925,7.7454407537870913e-06
6.5195,7.7461869636825001e-06
6.51975,7.7469184436356487e-06
6.52,7.7476365897331458e-06
6.52025,7.7483385193730296e-06
6.5205,7.749020071261349e-06
6.52075,7.7496717590169274e-06
6.521,7.750285462448117e-06
6.52125,7.7508644940833022e-06
6.5215,7.751415752735225e-06
6.52175,7.7519517900064073e-06
6.522,7.752474889833315e-06
6.52225,7.7529893455747838e-06
6.5225,7.7534986992623007e-06
6.52275,7.7540016325810373e-06
6.523,7.7544895203995142e-06
6.52325,7.7549523362993882e-06
6.5235,7.7553764971643397e-06
6.52375,7.755771011799984e-06
6.524,7.756146723741238e-06
6.52425,7.7565178326791515e-06
6.5245,7.7568857984558441e-06
6.52475,7.7572549480939206e-06
6.525,7.7576254966016105e-06
6.52525,7.7579875733546779e-06
6.5255,7.7583316847447174e-06
6.52575,7.7586524833754309e-06
6.526,7.7589385343504825e-06
6.52625,7.7591852940238529e-06
6.5265,7.7593967003276536e-06
6.52675,7.7595770524661455e-06
6.527,7.7597251588023177e-06
6.52725,7.7598375169185403e-06
6.5275,7.7599235103801153e-06
6.52775,7.7599823184482666e-06
6.528,7.7600140380094568e-06
6.52825,7.7600162518527606e-06
6.5285,7.7599917744497849e-06
6.52875,7.7599417385924119e-06
6.529,7.7598723788017806e-06
6.52925,7.7598007231990205e-06
6.5295,7.7597357105895177e-06
6.52975,7.7596757902508633e-06
6.53,7.7596090571652192e-06
6.53025,7.7595252800903575e-06
6.5305,7.7594054623042342e-06
6.53075,7.7592387915806927e-06
6.531,7.7590352983865991e-06
6.53125,7.758811382675187e-06
6.5315,7.7585788037949277e-06
6.53175,7.7583540543817252e-06
6.532,7.7581400162899112e-06
6.53225,7.7579363621186476e-06
6.5325,7.7577288138060743e-06
6.53275,7.7575070241103632e-06
6.533,7.7572548975882072e-06
6.53325,7.7569693430548444e-06
6.5335,7.756651162016016e-06
6.53375,7.7563059412445655e-06
6.534,7.7559433268097944e-06
6.53425,7.7555668403156959e-06
6.5345,7.7551711384041203e-06
6.53475,7.7547510306992353e-06
6.535,7.754297654756058e-06
6.53525,7.753800464180486e-06
6.5355,7.7532560920520903e-06
6.53575,7.7526604097521578e-06
6.536,7.7520178252036693e-06
6.53625,7.751337548286647e-06
6.5365,7.7506275801344415e-06
6.53675,7.7499040564457922e-06
6.537,7.7491693557363183e-06
6.53725,7.7484264355479631e-06
6.5375,7.7476760150246244e-06
6.53775,7.7469114675807559e-06
6.538,7.7461365323260554e-06
6.53825,7.7453517104062971e-06
6.5385,7.7445627130703936e-06
6.53875,7.7437688457213822e-06
6.539,7.7429713500441421e-06
6.53925,7.7421731604150921e-06
6.5395,7.7413699905842578e-06
6.53975,7.7405588586935384e-06
6.54,7.7397405707065332e-06
6.54025,7.7389174772236712e-06
6.5405,7.7380944359411272e-06
6.54075,7.7372718170513626e-06
6.541,7.7364511019539835e-06
6.54125,7.7356271879647914e-06
6.5415,7.7347893589948052e-06
6.54175,7.7339369483925273e-06
6.542,7.7330746322051116e-06
6.54225,7.7322044588974341e-06
6.5425,7.7313212915030878e-06
6.54275,7.7304158781524167e-06
6.543,7.7294820260285637e-06
6.54325,7.7285013641889867e-06
6.5435,7.7274756108907783e-06
6.54375,7.7264047312046785e-06
6.544,7.7253023316066251e-06
6.54425,7.7241813843438199e-06
6.5445,7.7230525555952437e-06
6.54475,7.7219132809050179e-06
6.545,7.7207681449129392e-06
6.54525,7.7196143326775413e-06
6.5455,7.7184361174544833e-06
6.54575,7.7172244313402478e-06
6.546,7.7159767976614717e-06
6.54625,7.7147008196863996e-06
6.5465,7.7134032099298531e-06
6.54675,7.7120887373238058e-06
6.547,7.7107674145161799e-06
6.54725,7.7094404448594445e-06
6.5475,7.7081032567656525e-06
6.54775,7.706752232816439e-06
6.548,7.7053933003680508e-06
6.54825,7.7040341796781573e-06
6.5485,7.7026766270304263e-06
6.54875,7.7013288227146519e-06
6.549,7.6999376787963239e-06
6.54925,7.6985830175583878e-06
6.5495,7.6972613856415038e-06
6.54975,7.6959421959529783e-06
6.55,7.6945748135626077e-06
6.55025,7.6931269161878244e-06
6.5505,7.6916132132209576e-06
6.55075,7.6900770405468097e-06
6.551,7.6885756259098035e-06
6.55125,7.6871355326952669e-06
6.5515,7.685749621053875e-06
6.55175,7.684387838686725e-06
6.552,7.6830158272426274e-06
6.55225,7.6816177531138571e-06
6.5525,7.6801744170763876e-06
6.55275,7.6786889034611594e-06
6.553,7.6771684030722907e-06
6.55325,7.6756239290395155e-06
6.5535,7.6740828399873177e-06
6.55375,7.6725544027624343e-06
6.554,7.6710424428860671e-06
6.55425,7.6695410253013795e-06
6.5545,7.6680473833166782e-06
6.55475,7.6665437853742455e-06
6.555,7.6650210414570936e-06
6.55525,7.6634809711281367e-06
6.5555,7.6619028812511343e-06
6.55575,7.660299440781696e-06
6.556,7.6586698947998815e-06
6.55625,7.6570146360374853e-06
6.5565,7.6553434704922978e-06
6.55675,7.6536934992947822e-06
6.557,7.6520567156895778e-06
6.55725,7.6504292008688725e-06
6.5575,7.6488011330171288e-06
6.55775,7.6471781411334666e-06
6.558,7.645554431773306e-06
6.55825,7.6439240863232711e-06
6.5585,7.6422877957744138e-06
6.55875,7.640665714916811e-06
6.559,7.6390484949542148e-06
6.55925,7.6374395624957702e-06
6.5595,7.6358295234500662e-06
6.55975,7.6342224307683283e-06
6.56,7.6326098818755154e-06
6.56025,7.6309838393795934e-06
6.5605,7.6293523465844357e-06
6.56075,7.6277293932407683e-06
6.561,7.6261161451728059e-06
6.56125,7.6245053357367865e-06
6.5615,7.6229047776155661e-06
6.56175,7.6213126635353876e-06
6.562,7.6197154364030866e-06
6.56225,7.6181131441488281e-06
6.5625,7.616512492236123e-06
6.56275,7.6149040948470122e-06
6.563,7.6132824863732593e-06
6.56325,7.6116659992665709e-06
6.5635,7.6100607536522548e-06
6.56375,7.608449196479131e-06
6.564,7.6068266118646875e-06
6.56425,7.6051955724300743e-06
6.5645,7.6035492573969099e-06
6.56475,7.6018877357763176e-06
6.565,7.6002412629630143e-06
6.56525,7.5986057487830469e-06
6.5655,7.5969796894697024e-06
6.56575,7.5953651294904899e-06
6.566,7.5937506688825603e-06
6.56625,7.5921241741526611e-06
6.5665,7.590511117424521e-06
6.56675,7.5889140342094426e-06
6.567,7.5873213063231848e-06
6.56725,7.585740943485914e-06
6.5675,7.5841758577480869e-06
6.56775,7.5826039552503195e-06
6.568,7.5810512275802569e-06
6.56825,7.5795242520117504e-06
6.5685,7.578017598740288e-06
6.56875,7.5765336939151195e-06
6.569,7.575052927923147e-06
6.56925,7.573555059494422e-06
6.5695,7.5720757461886806e-06
6.56975,7.5706064525691258e-06
6.57,7.5691451241314026e-06
6.57025,7.567716773650441e-06
6.5705,7.5663036297816244e-06
6.57075,7.5649168706166855e-06
6.571,7.5635608910242035e-06
6.57125,7.5622119455683598e-06
6.5715,7.5608710447948484e-06
6.57175,7.5595260059957419e-06
6.572,7.5581553634743299e-06
6.57225,7.5567885053152804e-06
6.5725,7.5554311015663387e-06
6.57275,7.5540943397065018e-06
6.573,7.5527905812075133e-06
6.57325,7.5514928166618171e-06
6.5735,7.5502105931329189e-06
6.57375,7.5489298502170458e-06
6.574,7.5476419946493668e-06
6.57425,7.5463853444868598e-06
6.5745,7.545138963556637e-06
6.57475,7.5439207916144373e-06
6.575,7.5427457941574978e-06
6.57525,7.5415736500533621e-06
6.5755,7.5404175684783314e-06
6.57575,7.5392338019277703e-06
6.576,7.5380573157643254e-06
6.57625,7.5368785864597854e-06
6.5765,7.5356825591852466e-06
6.57675,7.5345127604669398e-06
6.577,7.5333603202801678e-06
6.57725,7.532238412672266e-06
6.5775,7.5311462380967913e-06
6.57775,7.5300790295114302e-06
6.578,7.5290358494440123e-06
6.57825,7.528020181098842e-06
6.5785,7.5270369541837986e-06
6.57875,7.5260523524393981e-06
6.579,7.5250811190092987e-06
6.57925,7.5240881538386653e-06
6.5795,7.5231204449844666e-06
6.57975,7.5221760370822968e-06
6.58,7.5212606573110358e-06
6.58025,7.5203659926568608e-06
6.5805,7.5195054241343927e-06
6.58075,7.518661278468826e-06
6.581,7.51781935417632e-06
6.58125,7.5169786142345306e-06
6.5815,7.5161345067036391e-06
6.58175,7.5153155250273941e-06
6.582,7.5145240526458967e-06
6.58225,7.5137746218678125e-06
6.5825,7.5130297205224628e-06
6.58275,7.5123166850789421e-06
6.583,7.5116115952999251e-06
6.58325,7.5109084748580304e-06
6.5835,7.5102178323252734e-06
6.58375,7.5095634289178313e-06
6.584,7.5089346357460012e-06
6.58425,7.50835998745688e-06
6.5845,7.5078244755823287e-06
6.58475,7.5073256657079894e-06
6.585,7.5068416161568443e-06
6.58525,7.5063620775784441e-06
6.5855,7.5058728737645114e-06
6.58575,7.5054126503907813e-06
6.586,7.5049739936929502e-06
6.58625,7.5045508711229285e-06
6.5865,7.5041487889496792e-06
6.58675,7.5037709470052277e-06
6.587,7.5034174441714159e-06
6.58725,7.5031120901289436e-06
6.5875,7.5028232647500435e-06
6.58775,7.5025557277523457e-06
6.588,7.5023302864930207e-06
6.58825,7.5021056940165835e-06
6.5885,7.5018814974144026e-06
6.58875,7.5016871945271294e-06
6.589,7.5014977489682442e-06
6.58925,7.5013175075377903e-06
6.5895,7.5011743059363286e-06
6.58975,7.5010537235577949e-06
6.59,7.5009786001412048e-06
6.59025,7.5009229576766004e-06
6.5905,7.5009082996480676e-06
6.59075,7.5009180698152225e-06
6.591,7.5009232481906342e-06
6.59125,7.5009407274914677e-06
6.5915,7.5009876828555209e-06
6.59175,7.5009795325242716e-06
6.592,7.5009677245712188e-06
6.59225,7.5009668341199352e-06
6.5925,7.5009740218021092e-06
6.59275,7.5009944202606807e-06
6.593,7.5010466928450045e-06
6.59325,7.5010892009265353e-06
6.5935,7.5011299558787598e-06
6.59375,7.5012146353146059e-06
6.594,7.5014087354116943e-06
6.59425,7.5016138852666703e-06
6.5945,7.5018613791685137e-06
6.59475,7.5021267579196678e-06
6.595,7.5023928317912019e-06
6.59525,7.5026871926274391e-06
6.5955,7.5029923084833708e-06
6.59575,7.5033103891278606e-06
6.596,7.5036577349623616e-06
6.59625,7.5040356276886287e-06
6.5965,7.5044306077192524e-06
6.59675,7.5048775128198437e-06
6.597,7.5053564133179206e-06
6.59725,7.5058421682443739e-06
6.5975,7.5063623952736127e-06
6.59775,7.5069207512179692e-06
6.598,7.5075113838845531e-06
6.59825,7.5081238829569755e-06
6.5985,7.5087431171866507e-06
6.59875,7.5093706351883758e-06
6.599,7.5100075652868557e-06
6.59925,7.5106458389651155e-06
6.5995,7.5112956149840227e-06
6.59975,7.5119698481748701e-06
6.6,7.512677365291315e-06
6.60025,7.5134182801923927e-06
6.6005,7.5141848054406831e-06
6.60075,7.5149698477117309e-06
6.601,7.5157636249288287e-06
6.60125,7.5165634472244301e-06
6.6015,7.5173720327834771e-06
6.60175,7.5181937817023246e-06
6.602,7.5190293087819464e-06
6.60225,7.5198888279452549e-06
6.6025,7.5207824219053873e-06
6.60275,7.5217141827720039e-06
6.603,7.5226895335852922e-06
6.60325,7.5236975418185802e-06
6.6035,7.5247415612916889e-06
6.60375,7.5257991866300716e-06
6.604,7.5268697495937796e-06
6.60425,7.5279395125999498e-06
6.6045,7.5290071557035405e-06
6.60475,7.5300691211968532e-06
6.605,7.5311251483066987e-06
6.60525,7.5321835520960604e-06
6.6055,7.5332469341517217e-06
6.60575,7.5343274438558545e-06
6.606,7.5354225007706464e-06
6.60625,7.5365142363887247e-06
6.6065,7.5376181077665769e-06
6.60675,7.5387248823936609e-06
6.607,7.5398302815737584e-06
6.60725,7.5409391631462385e-06
6.6075,7.5420473786904908e-06
6.60775,7.5431465836292107e-06
6.608,7.5442665312426637e-06
6.60825,7.5454184674586522e-06
6.6085,7.5465691623845187e-06
6.60875,7.5477165404821693e-06
6.609,7.5488587137757775e-06
6.60925,7.5499901450916759e-06
6.6095,7.5511319421672632e-06
6.60975,7.5523470693763105e-06
6.61,7.5536550334385598e-06
6.61025,7.5550670991977933e-06
6.6105,7.5565112017761649e-06
6.61075,7.557913100853521e-06
6.611,7.5592756639524124e-06
6.61125,7.5607218095159262e-06
6.6115,7.5622991650145027e-06
6.61175,7.5639773540517678e-06
6.612,7.5656711465763716e-06
6.61225,7.5673569884237841e-06
6.6125,7.5689672663855799e-06
6.61275,7.5703742097597592e-06
6.613,7.5716068343647719e-06
6.61325,7.5728141641323809e-06
6.6135,7.5741036456161365e-06
6.61375,7.5753502369018036e-06
6.614,7.5765512973447063e-06
6.61425,7.5778491351330254e-06
6.6145,7.5794273112742611e-06
6.61475,7.5811628202669727e-06
6.615,7.5829470793161839e-06
6.61525,7.5847145369548583e-06
6.6155,7.5864689793323862e-06
6.61575,7.5882360625340587e-06
6.616,7.5900377598466378e-06
6.61625,7.5917920917581302e-06
6.6165,7.5934353026173248e-06
6.61675,7.5950360574609265e-06
6.617,7.5965984784730476e-06
6.61725,7.5981250189060958e-06
6.6175,7.5996301230447709e-06
6.61775,7.6011311239592304e-06
6.618,7.6026271326890728e-06
6.61825,7.6041342985694732e-06
6.6185,7.6056812857590174e-06
6.61875,7.6072836433442275e-06
6.619,7.6089359398976467e-06
6.61925,7.6106164628899549e-06
6.6195,7.6123139791947159e-06
6.61975,7.6140117029816474e-06
6.62,7.6157063086448134e-06
6.62025,7.6173764439495886e-06
6.6205,7.6190397344238101e-06
6.62075,7.6206980452573991e-06
6.621,7.6223480632970538e-06
6.62125,7.6239923935390975e-06
6.6215,7.6256194163197723e-06
6.62175,7.6272111838529368e-06
6.622,7.6287730720087027e-06
6.62225,7.6303295365218511e-06
6.6225,7.631890210821691e-06
6.62275,7.6334620557354812e-06
6.623,7.6350348155633798e-06
6.62325,7.6366060693020864e-06
6.6235,7.6381709010533599e-06
6.62375,7.6397349965080506e-06
6.624,7.6412967261957368e-06
6.62425,7.64284859577739e-06
6.6245,7.6443825266178914e-06
6.62475,7.6459097842131489e-06
6.625,7.6474471767890737e-06
6.62525,7.6490078541779598e-06
6.6255,7.6505868854986032e-06
6.62575,7.6521779855502388e-06
6.626,7.6537860226816614e-06
6.62625,7.6554234062472972e-06
6.6265,7.6570831847918385e-06
6.62675,7.6587476077162769e-06
6.627,7.6604098934980018e-06
6.62725,7.6620686683136573e-06
6.6275,7.6637160782258165e-06
6.62775,7.6653516765040989e-06
6.628,7.6669681495268723e-06
6.62825,7.6685622731859936e-06
6.6285,7.6701461424374149e-06
6.62875,7.6717239600153544e-06
6.629,7.6733063886943694e-06
6.62925,7.6748926095055149e-06
6.6295,7.6764790453975111e-06
6.62975,7.6780617176053085e-06
6.63,7.679632750526346e-06
6.63025,7.6811929009924409e-06
6.6305,7.6827270466550328e-06
6.63075,7.6842394602100358e-06
6.631,7.6857338625683618e-06
6.63125,7.6872147524697602e-06
6.6315,7.6886736913274538e-06
6.63175,7.6901076129676982e-06
6.632,7.691524777163327e-06
6.63225,7.6929329109098292e-06
6.6325,7.6943368028908267e-06
6.63275,7.6957270677929244e-06
6.633,7.6971014291572563e-06
6.63325,7.6984676169356617e-06
6.6335,7.6998337659827945e-06
6.63375,7.7012009940517614e-06
6.634,7.7025698748432903e-06
6.63425,7.7039310357092868e-06
6.6345,7.7052767556903151e-06
6.63475,7.7066154294174365e-06
6.635,7.7079489395838658e-06
6.63525,7.7092772621924873e-06
6.6355,7.7106002501537765e-06
6.63575,7.7119125612465035e-06
6.636,7.7132180443172756e-06
6.63625,7.7145107915599407e-06
6.6365,7.7157845731740032e-06
6.63675,7.7170415680001008e-06
6.637,7.7182842668458325e-06
6.63725,7.7195246624732333e-06
6.6375,7.7207618265223958e-06
6.63775,7.7219873063073453e-06
6.638,7.7231859774985995e-06
6.63825,7.7243507145463014e-06
6.6385,7.7254774969269146e-06
6.63875,7.7265694738713728e-06
6.639,7.7276291285310474e-06
6.63925,7.728673776295883e-06
6.6395,7.7297161232148508e-06
6.63975,7.7307633148360879e-06
6.64,7.7318066325180002e-06
6.64025,7.7328347321013247e-06
6.6405,7.7338312372354448e-06
6.64075,7.734791869544035e-06
6.641,7.735709973074322e-06
6.64125,7.7365895774380638e-06
6.6415,7.7374416751616379e-06
6.64175,7.7382777056554883e-06
6.642,7.7391079235074873e-06
6.64225,7.7399379780521693e-06
6.6425,7.7407735130400516e-06
6.64275,7.7416116568259398e-06
6.643,7.7424388168155648e-06
6.64325,7.7432484949148496e-06
6.6435,7.744032202797692e-06
6.64375,7.7447981931436361e-06
6.644,7.7455511683900077e-06
6.64425,7.74628452648001e-06
6.6445,7.7470015585449993e-06
6.64475,7.747710824767166e-06
6.645,7.7484106857862777e-06
6.64525,7.7491012990193486e-06
6.6455,7.7497766925235473e-06
6.64575,7.7504324788709648e-06
6.646,7.7510669963147739e-06
6.64625,7.7516906354343914e-06
6.6465,7.7523070842660049e-06
6.64675,7.7529152573932627e-06
6.647,7.7535148523648802e-06
6.64725,7.7541010977770706e-06
6.6475,7.7546718408077628e-06
6.64775,7.7552197338771232e-06
6.648,7.7557285420785612e-06
6.64825,7.7561873630003773e-06
6.6485,7.7566002791053009e-06
6.64875,7.7569971206574214e-06
6.649,7.7573930148188097e-06
6.64925,7.757792100360987e-06
6.6495,7.7581988629003249e-06
6.64975,7.758602786700101e-06
6.65,7.7589872325548532e-06
6.65025,7.7593433891368002e-06
6.6505,7.7596591720656892e-06
6.65075,7.7599218424802256e-06
6.651,7.7601294489611399e-06
6.65125,7.7602912551026538e-06
6.6515,7.760415811715516e-06
6.65175,7.760509385686899e-06
6.652,7.7605781386077021e-06
6.65225,7.7606246737656533e-06
6.6525,7.7606466327527265e-06
6.65275,7.7606481182645624e-06
6.653,7.7606311994479085e-06
6.65325,7.7605890966018204e-06
6.6535,7.7605279333662605e-06
6.65375,7.7604478364203203e-06
6.654,7.7603713103186485e-06
6.65425,7.7603091492089182e-06
6.6545,7.7602566186389534e-06
6.65475,7.7601984983032184e-06
6.655,7.7601161430378482e-06
6.65525,7.7599972103541005e-06
6.6555,7.7598427624875561e-06
6.65575,7.7596547231013142e-06
6.656,7.7593867745794538e-06
6.65625,7.7591979026409214e-06
6.6565,7.7590352619350139e-06
6.65675,7.7588517342022384e-06
6.657,7.7585833129506108e-06
6.65725,7.7582399840084643e-06
6.6575,7.7578723447693985e-06
6.65775,7.7575337857816453e-06
6.658,7.7572388722340729e-06
6.65825,7.756966483141707e-06
6.6585,7.7566773115784678e-06
6.65875,7.7563329222294692e-06
6.659,7.7559137423787574e-06
6.65925,7.7554203510995155e-06
6.6595,7.7548689241410687e-06
6.65975,7.7542829486244276e-06
6.66,7.7536846023780509e-06
6.66025,7.7530893126356175e-06
6.6605,7.7524967991671186e-06
6.66075,7.7519093280772657e-06
6.661,7.7513161239028803e-06
6.66125,7.7507060505491864e-06
6.6615,7.7500672994794424e-06
6.66175,7.7493884617422044e-06
6.662,7.7486711974658754e-06
6.66225,7.7479237395557661e-06
6.6625,7.7471495890266266e-06
6.66275,7.7463562304700795e-06
6.663,7.7455555434477664e-06
6.66325,7.7447483313003831e-06
6.6635,7.7439359710922468e-06
6.66375,7.7431173921202152e-06
6.664,7.7422868196309321e-06
6.66425,7.7414387776524471e-06
6.6645,7.7405684778698079e-06
6.66475,7.7396735993024164e-06
6.665,7.7387665394934714e-06
6.66525,7.7378503761182302e-06
6.6655,7.736932293776723e-06
6.66575,7.7360136637995485e-06
6.666,7.7350889989540462e-06
6.66625,7.7341550957806237e-06
6.6665,7.7332120119120787e-06
6.66675,7.7322622609254669e-06
6.667,7.731307847079047e-06
6.66725,7.7303502021498928e-06
6.6675,7.7293786685354419e-06
6.66775,7.7283856259638475e-06
6.668,7.7273708584178759e-06
6.66825,7.7263329964940268e-06
6.6685,7.7252732783314281e-06
6.66875,7.7241978110685854e-06
6.669,7.7231082373666542e-06
6.66925,7.7220081151313475e-06
6.6695,7.7208996456752482e-06
6.66975,7.7197797923607206e-06
6.67,7.7186393067462794e-06
6.67025,7.7174645681768702e-06
6.6705,7.7162466915116282e-06
6.67075,7.7149837481721033e-06
6.671,7.7136865556356381e-06
6.67125,7.7123644565229546e-06
6.6715,7.7110240058422643e-06
6.67175,7.7096738088191147e-06
6.672,7.70831791034916e-06
6.67225,7.7069435168602752e-06
6.6725,7.7055512832666392e-06
6.67275,7.7041479777440307e-06
6.673,7.7027394538200531e-06
6.67325,7.7013286307656629e-06
6.6735,7.699923681660681e-06
6.67375,7.6985155671445389e-06
6.674,7.6970973343828964e-06
6.67425,7.6956567196402198e-06
6.6745,7.6941518828504733e-06
6.67475,7.6926549454867708e-06
6.675,7.691221146434547e-06
6.67525,7.6898006726646324e-06
6.6755,7.6883296383371563e-06
6.67575,7.6867807729359697e-06
6.676,7.6851838792410285e-06
6.67625,7.6836019382793579e-06
6.6765,7.6820741868258688e-06
6.67675,7.6806285875285717e-06
6.677,7.6792393370456576e-06
6.67725,7.6778753654488564e-06
6.6775,7.6764943068245429e-06
6.67775,7.675060360490752e-06
6.678,7.6735671271706877e-06
6.67825,7.6720252848360336e-06
6.6785,7.670463466999802e-06
6.67875,7.6689086345194067e-06
6.679,7.6673829902342952e-06
6.67925,7.6658936101645252e-06
6.6795,7.6644270416067034e-06
6.67975,7.6629677579242705e-06
6.68,7.661484113274064e-06
6.68025,7.6599701693860632e-06
6.6805,7.6584267151445375e-06
6.68075,7.6568543417627834e-06
6.681,7.6552540410341065e-06
6.68125,7.6536397353980628e-06
6.6815,7.6520102516833072e-06
6.68175,7.6503613196844107e-06
6.682,7.6487003061335925e-06
6.68225,7.6470262791689652e-06
6.6825,7.6453503404356243e-06
6.68275,7.6436695851576594e-06
6.683,7.6419859813460567e-06
6.68325,7.6403090448352445e-06
6.6835,7.6386411793394099e-06
6.68375,7.6369749596307789e-06
6.684,7.6353095071221788e-06
6.68425,7.6336431055039711e-06
6.6845,7.6319800423638406e-06
6.68475,7.6303060887371877e-06
6.685,7.6286237841682216e-06
6.68525,7.6269498837908378e-06
6.6855,7.6252882966081709e-06
6.68575,7.6236479713746221e-06
6.686,7.6220318978644522e-06
6.68625,7.6204466277917104e-06
6.6865,7.618873157104063e-06
6.68675,7.6172920180554404e-06
6.687,7.6157135541214472e-06
6.68725,7.6141364851129609e-06
6.6875,7.6125615581814593e-06
6.68775,7.6109990998965952e-06
6.688,7.6094633794594315e-06
6.68825,7.6079426416822931e-06
6.6885,7.6064183335629627e-06
6.68875,7.6048897929879683e-06
6.689,7.6033448956017115e-06
6.68925,7.6017842085007211e-06
6.6895,7.6002207838848896e-06
6.68975,7.5986582963759548e-06
6.69,7.5970944650710908e-06
6.69025,7.5955348928239347e-06
6.6905,7.5939705921536997e-06
6.69075,7.592387637969111e-06
6.691,7.5908027885124996e-06
6.69125,7.5892303112465091e-06
6.6915,7.5876533885073525e-06
6.69175,7.5860758303316184e-06
6.692,7.5845143981966267e-06
6.69225,7.5829493629408554e-06
6.6925,7.5813883277522098e-06
6.69275,7.5798536721881257e-06
6.693,7.5783326235308222e-06
6.69325,7.576815776755675e-06
6.6935,7.5753122558125267e-06
6.69375,7.573790213032633e-06
6.694,7.572270696491484e-06
6.69425,7.570764304000009e-06
6.6945,7.5692680683810127e-06
6.69475,7.5678030922298674e-06
6.695,7.5663768530712769e-06
6.69525,7.5649729507262256e-06
6.6955,7.5636073495422571e-06
6.69575,7.5622509387713879e-06
6.696,7.56089098508771e-06
6.69625,7.5595485373080578e-06
6.6965,7.5581954658775277e-06
6.69675,7.5568502887403946e-06
6.697,7.5555241702896032e-06
6.69725,7.5542178235535559e-06
6.6975,7.5529519888213901e-06
6.69775,7.5517122781017743e-06
6.698,7.550494934976953e-06
6.69825,7.5492952842008511e-06
6.6985,7.5480875101606885e-06
6.69875,7.5468839111404104e-06
6.699,7.5457013242601286e-06
6.69925,7.5445220487215745e-06
6.6995,7.5433891486935096e-06
6.69975,7.5422768906333973e-06
6.7,7.5411668390598297e-06
6.70025,7.5400406846989364e-06
6.7005,7.5388861477380839e-06
6.70075,7.5377260741893392e-06
6.701,7.5365391882688559e-06
6.70125,7.5353643405023919e-06
6.7015,7.5342070048119524e-06
6.70175,7.5330768013599059e-06
6.702,7.5319921507498712e-06
6.70225,7.5309215132491113e-06
6.7025,7.5298821648442019e-06
6.70275,7.5288525349704626e-06
6.703,7.5278562293200089e-06
6.70325,7.5268762879697976e-06
6.7035,7.5259062991889268e-06
6.70375,7.524945201159435e-06
6.704,7.523993360954673e-06
6.70425,7.5230805080651809e-06
6.7045,7.5221781002226887e-06
6.70475,7.5213102979352013e-06
6.705,7.5204494933441375e-06
6.70525,7.5196153825098614e-06
6.7055,7.5187917866974566e-06
6.70575,7.5179838264826024e-06
6.706,7.5171746395108547e-06
6.70625,7.5163874014167818e-06
6.7065,7.515618126249023e-06
6.70675,7.5148736368541018e-06
6.707,7.5141280079037031e-06
6.70725,7.5133904620598965e-06
6.7075,7.5126652275276552e-06
6.70775,7.5119398663733565e-06
6.708,7.5112240250343425e-06
6.70825,7.5105361926140281e-06
6.7085,7.5098710829057948e-06
6.70875,7.509240153839991e-06
6.709,7.5086489378442339e-06
6.70925,7.5080950132048462e-06
6.7095,7.5075550097144643e-06
6.70975,7.5070211583170726e-06
6.71,7.5064836730152258e-06
6.71025,7.5059579007794414e-06
6.7105,7.5054669164423793e-06
6.71075,7.5050015454259357e-06
6.711,7.5045517990944021e-06
6.71125,7.5041396110042924e-06
6.7115,7.5037467605995503e-06
6.71175,7.5033824100387691e-06
6.712,7.5030502559890057e-06
6.71225,7.5027255738331701e-06
6.7125,7.502438400565347e-06
6.71275,7.5021789991163193e-06
6.713,7.5019350038651816e-06
6.71325,7.5017275414782996e-06
6.7135,7.5015571637092258e-06
6.71375,7.5013922494798289e-06
6.714,7.5012399365505395e-06
6.71425,7.5011291796778798e-06
6.7145,7.5010410280539518e-06
6.71475,7.5009787248646294e-06
6.715,7.5009531455673694e-06
6.71525,7.5009614790341113e-06
6.7155,7.500977495221605e-06
6.71575,7.5009728340868888e-06
6.716,7.5009987544849249e-06
6.71625,7.5010239550766154e-06
6.7165,7.5010121994660279e-06
6.71675,7.5010207718577529e-06
6.717,7.501052818267093e-06
6.71725,7.5010812302523997e-06
6.7175,7.5011521533601803e-06
6.71775,7.5012351204744111e-06
6.718,7.5012984900166204e-06
6.71825,7.5013867203947038e-06
6.7185,7.5015335262707938e-06
6.71875,7.5017489595013181e-06
6.719,7.5019919241199401e-06
6.71925,7.5022624344755667e-06
6.7195,7.5025283389900153e-06
6.71975,7.5028104545025976e-06
6.72,7.5031098084955721e-06
6.72025,7.5034164306835976e-06
6.7205,7.503749823462163e-06
6.72075,7.5041103423888655e-06
6.721,7.5044937550384326e-06
6.72125,7.5049057674415746e-06
6.7215,7.5053365299169638e-06
6.72175,7.5057816581803354e-06
6.722,7.5062671224502247e-06
6.72225,7.5067860958129118e-06
6.7225,7.5073209749307691e-06
6.72275,7.5078656165854196e-06
6.723,7.508420696541983e-06
6.72325,7.5089853069588941e-06
6.7235,7.5095724534752261e-06
6.72375,7.5101814224812759e-06
6.724,7.5108073741945686e-06
6.72425,7.5114525479001198e-06
6.7245,7.5121151137281965e-06
6.72475,7.512796748660944e-06
6.725,7.5134990176408459e-06
6.72525,7.5142129246329571e-06
6.7255,7.5149395011703839e-06
6.72575,7.5156841861461749e-06
6.726,7.5164481465742347e-06
6.72625,7.5172343758696687e-06
6.7265,7.5180467825146974e-06
6.72675,7.5188878722479555e-06
6.727,7.5197578073904199e-06
6.72725,7.5206660995772739e-06
6.7275,7.5216162527274008e-06
6.72775,7.5226069891114259e-06
6.728,7.5236385656976056e-06
6.72825,7.5247041411919553e-06
6.7285,7.5257872478199084e-06
6.72875,7.5268838864535007e-06
6.729,7.5279808446534793e-06
6.72925,7.529088657693921e-06
6.7295,7.5301937454150893e-06
6.72975,7.5313085618315062e-06
6.73,7.5324205201092232e-06
6.73025,7.5335504571293109e-06
6.7305,7.5346849819622367e-06
6.73075,7.5358298203657362e-06
6.731,7.5369761469303993e-06
6.73125,7.5381421280800923e-06
6.7315,7.5393066417932377e-06
6.73175,7.5404737949500547e-06
6.732,7.541630048516517e-06
6.73225,7.5427841671440014e-06
6.7325,7.5439416727863442e-06
6.73275,7.5450943121871897e-06
6.733,7.5462431631558691e-06
6.73325,7.5473967541184108e-06
6.7335,7.5485488014733382e-06
6.73375,7.5496863926383669e-06
6.734,7.5508177370057861e-06
6.73425,7.5519856718259284e-06
6.7345,7.5532444384871867e-06
6.73475,7.5546230978455615e-06
6.735,7.5560639642575324e-06
6.73525,7.5574686750176581e-06
6.7355,7.5588469107192907e-06
6.73575,7.5602000222967219e-06
6.736,7.561674178678033e-06
6.73625,7.5632773535328341e-06
6.7365,7.564943831070571e-06
6.73675,7.5666070359733289e-06
6.737,7.5682403923724249e-06
6.73725,7.5697463660534583e-06
6.7375,7.5710340739257166e-06
6.73775,7.5722050399172599e-06
6.738,7.5734443062062955e-06
6.73825,7.5746869411135173e-06
6.7385,7.5758811354331824e-06
6.73875,7.5770608094425742e-06
6.739,7.5784810810599079e-06
6.73925,7.5801243643451146e-06
6.7395,7.5818696043542745e-06
6.73975,7.5836251472098774e-06
6.74,7.5853491962049076e-06
6.74025,7.587074588945838e-06
6.7405,7.5888243680393425e-06
6.74075,7.5905735014296745e-06
6.741,7.5922332120931132e-06
6.74125,7.5938267430825274e-06
6.7415,7.595388138918089e-06
6.74175,7.5969204601764685e-06
6.742,7.5984312631928639e-06
6.74225,7.5999439575878544e-06
6.7425,7.6014721065823303e-06
6.74275,7.6030012609041651e-06
6.743,7.6045713795227138e-06
6.74325,7.6061962906691332e-06
6.7435,7.6079015117173231e-06
6.74375,7.6096461312222561e-06
6.744,7.6114166329028379e-06
6.74425,7.6131981063663916e-06
6.7445,7.6149723797387235e-06
6.74475,7.6167298594650857e-06
6.745,7.6184575349782742e-06
6.74525,7.6201797550006817e-06
6.7455,7.6218971906768369e-06
6.74575,7.623619170595947e-06
6.746,7.6253457128252975e-06
6.74625,7.6270616493020929e-06
6.7465,7.6287436453184024e-06
6.74675,7.6303977273764051e-06
6.747,7.6320413382440469e-06
6.74725,7.6336827128271974e-06
6.7475,7.6353224403109988e-06
6.74775,7.6369573075485903e-06
6.748,7.638586493657412e-06
6.74825,7.6402069594401451e-06
6.7485,7.6418268474798839e-06
6.74875,7.6434331326829176e-06
6.749,7.6450238622770077e-06
6.74925,7.6465951556168611e-06
6.7495,7.6481647172122331e-06
6.74975,7.6497351186153003e-06
6.75,7.6513081916144695e-06
6.75025,7.6528745078739771e-06
6.7505,7.65444132810336e-06
6.75075,7.6560234853337229e-06
6.751,7.6576267292186658e-06
6.75125,7.6592403481890803e-06
6.7515,7.6608610706518361e-06
6.75175,7.6624816768276968e-06
6.752,7.6641017014121029e-06
6.75225,7.6657192949027762e-06
6.7525,7.6673344838907306e-06
6.75275,7.668930604962138e-06
6.753,7.670499058121176e-06
6.75325,7.6720514653591913e-06
6.7535,7.6735949559998759e-06
6.75375,7.6751464300104478e-06
6.754,7.6767098764045907e-06
6.75425,7.6782867089266383e-06
6.7545,7.6798757007012707e-06
6.75475,7.6814657763549309e-06
6.755,7.6830477456561675e-06
6.75525,7.6846066085953789e-06
6.7555,7.6861424445888651e-06
6.75575,7.6876580862137944e-06
6.756,7.6891611543414842e-06
6.75625,7.6906456510314006e-06
6.7565,7.6921053676206161e-06
6.75675,7.6935378451055556e-06
6.757,7.6949566980033867e-06
6.75725,7.696368538434354e-06
6.7575,7.697770328697741e-06
6.75775,7.6991623674198212e-06
6.758,7.7005466061658873e-06
6.75825,7.7019159309314905e-06
6.7585,7.7032735053948143e-06
6.75875,7.7046138785067735e-06
6.759,7.7059378515534263e-06
6.75925,7.7072536983098653e-06
6.7595,7.7085676583702233e-06
6.75975,7.7098841311102513e-06
6.76,7.7111965684521176e-06
6.76025,7.7124992188740912e-06
6.7605,7.7137964390078249e-06
6.76075,7.7150975851252119e-06
6.761,7.716393710451797e-06
6.76125,7.7176740559730717e-06
6.7615,7.7189421615864711e-06
6.76175,7.7201979171142065e-06
6.762,7.7214465400913239e-06
6.76225,7.7226875511502484e-06
6.7625,7.7239043075101209e-06
6.76275,7.7250886411750171e-06
6.763,7.726236768992816e-06
6.76325,7.7273597215054608e-06
6.7635,7.728463214592959e-06
6.76375,7.7295528805882828e-06
6.764,7.7306253144536042e-06
6.76425,7.7316868211664559e-06
6.7645,7.7327346179929862e-06
6.76475,7.7337636616283102e-06
6.765,7.7347607541164007e-06
6.76525,7.7357223145843822e-06
6.7655,7.7366511039541845e-06
6.76575,7.7375482741639344e-06
6.766,7.7384197276767831e-06
6.76625,7.7392725638823257e-06
6.7665,7.7401192464752485e-06
6.76675,7.7409695452731699e-06
6.767,7.7418268620532915e-06
6.76725,7.7426763366751667e-06
6.7675,7.7435024387365377e-06
6.76775,7.7442945234674557e-06
6.768,7.7450509108169554e-06
6.76825,7.7457751878239991e-06
6.7685,7.7464692832236361e-06
6.76875,7.7471425860583309e-06
6.769,7.7477987824357533e-06
6.76925,7.7484380439116356e-06
6.7695,7.7490634430414645e-06
6.76975,7.7496747269459695e-06
6.77,7.7502616400529937e-06
6.77025,7.7508192197240183e-06
6.7705,7.7513520813553889e-06
6.77075,7.7518657321085626e-06
6.771,7.7523718929110854e-06
6.77125,7.7528756153358698e-06
6.7715,7.753386247540008e-06
6.77175,7.7539067440897367e-06
6.772,7.7544353072885766e-06
6.77225,7.7549611300363382e-06
6.7725,7.7554686877135644e-06
6.77275,7.7559496139845361e-06
6.773,7.7564048951190332e-06
6.77325,7.7568394272534492e-06
6.7735,7.7572690160804051e-06
6.77375,7.7577007024492515e-06
6.774,7.7581339677646662e-06
6.77425,7.7585660624430326e-06
6.7745,7.7589859670217816e-06
6.77475,7.7593791772010051e-06
6.775,7.7597378764675531e-06
6.77525,7.7600468748550533e-06
6.7755,7.7603013579619209e-06
6.77575,7.7605005964773078e-06
6.776,7.7606526455889294e-06
6.77625,7.7607610521869318e-06
6.7765,7.7608226148163072e-06
6.77675,7.7608478851141803e-06
6.777,7.7608406870653623e-06
6.77725,7.7607973962071256e-06
6.7775,7.7607191610381279e-06
6.77775,7.7606132785615625e-06
6.778,7.760484073708647e-06
6.77825,7.7603397851495613e-06
6.7785,7.7601966207783799e-06
6.77875,7.7600684679402003e-06
6.779,7.7599568102706076e-06
6.77925,7.75985202970704e-06
6.7795,7.75974581635661e-06
6.77975,7.7596173037564529e-06
6.78,7.7594539246934821e-06
6.78025,7.7592637399152914e-06
6.7805,7.7590554057632375e-06
6.78075,7.7588409847735644e-06
6.781,7.7586346570847655e-06
6.78125,7.7584407609711061e-06
6.7815,7.7582554938517993e-06
6.78175,7.7580639607522856e-06
6.782,7.757854370343572e-06
6.78225,7.7576125553022993e-06
6.7825,7.7573353740500309e-06
6.78275,7.7570285359184915e-06
6.783,7.7566962915781957e-06
6.78325,7.7563449933284046e-06
6.7835,7.7559777920802401e-06
6.78375,7.7555890480672739e-06
6.784,7.7551741994273484e-06
6.78425,7.7547276380945417e-06
6.7845,7.754238737005895e-06
6.78475,7.7537077020600557e-06
6.785,7.7531274268958378e-06
6.78525,7.7524973973626755e-06
6.7855,7.7518241073410565e-06
6.78575,7.7511148864511291e-06
6.786,7.7503838049402714e-06
6.78625,7.7496356665789308e-06
6.7865,7.748877001200239e-06
6.78675,7.7481075180314901e-06
6.787,7.74732139764153e-06
6.78725,7.7465142778810467e-06
6.7875,7.7456900903136907e-06
6.78775,7.7448563995514795e-06
6.788,7.7440112220358813e-06
6.78825,7.7431597449244199e-06
6.7885,7.7423040907380145e-06
6.78875,7.7414359460614453e-06
6.789,7.7405577960989392e-06
6.78925,7.7396726427436435e-06
6.7895,7.7387844404365589e-06
6.78975,7.7378943515781123e-06
6.79,7.7370012161054369e-06
6.79025,7.7361133432078917e-06
6.7905,7.7352270207656299e-06
6.79075,7.7343259405168073e-06
6.791,7.7334180556248641e-06
6.79125,7.7325076043440149e-06
6.7915,7.7315967225334338e-06
6.79175,7.7306784100742846e-06
6.792,7.7297472452663758e-06
6.79225,7.7287891726997107e-06
6.7925,7.7277850799710637e-06
6.79275,7.7267353679584061e-06
6.793,7.7256421143478666e-06
6.79325,7.7245200079418453e-06
6.7935,7.7233881969651419e-06
6.79375,7.7222522036347175e-06
6.794,7.721110201822002e-06
6.79425,7.7199656012118885e-06
6.7945,7.7188127557049155e-06
6.79475,7.717642951038258e-06
6.795,7.7164456782091784e-06
6.79525,7.7152148917003592e-06
6.7955,7.7139573205137436e-06
6.79575,7.712681571507737e-06
6.796,7.711388657703993e-06
6.79625,7.7100882378890319e-06
6.7965,7.7087867015494971e-06
6.79675,7.7074743354186885e-06
6.797,7.7061471568468739e-06
6.79725,7.7048074433384628e-06
6.7975,7.7034650680506076e-06
6.79775,7.7021241330219971e-06
6.798,7.7007869755700573e-06
6.79825,7.6994453501167549e-06
6.7985,7.6980454559324868e-06
6.79875,7.6966715024397385e-06
6.799,7.6953073473473575e-06
6.79925,7.6939414693955658e-06
6.7995,7.6925290941658714e-06
6.79975,7.6910380196468211e-06
6.8,7.6894785005207721e-06
6.80025,7.6879023639774031e-06
6.8005,7.6863600828722996e-06
6.80075,7.6848790962672417e-06
6.801,7.6834531278512699e-06
6.80125,7.682006230556417e-06
6.8015,7.6805965059390149e-06
6.80175,7.6791957201172207e-06
6.802,7.6777857278365501e-06
6.80225,7.6763109180001123e-06
6.8025,7.6747408405881588e-06
6.80275,7.6731016505307383e-06
6.803,7.6714523068936042e-06
6.80325,7.6698532394415815e-06
6.8035,7.6683327604541708e-06
6.80375,7.6668918102799842e-06
6.804,7.6654853153876937e-06
6.80425,7.6640693812714459e-06
6.8045,7.6626128958809812e-06
6.80475,7.6610877349508453e-06
6.805,7.6595064256327531e-06
6.80525,7.6578788442888144e-06
6.8055,7.6562250709185193e-06
6.80575,7.6545640422691779e-06
6.806,7.652934543441884e-06
6.80625,7.6512808540357881e-06
6.8065,7.6496912392448669e-06
6.80675,7.6481368719275546e-06
6.807,7.6466332444174039e-06
6.80725,7.6451245327132893e-06
6.8075,7.6435390446575817e-06
6.80775,7.641861855603615e-06
6.808,7.6401366305157609e-06
6.80825,7.6384028073851375e-06
6.8085,7.6367026689118844e-06
6.80875,7.6350458733493346e-06
6.809,7.6334295320814605e-06
6.80925,7.6318129561145683e-06
6.8095,7.6301652439438806e-06
6.80975,7.6284768696154598e-06
6.81,7.6267627491119437e-06
6.81025,7.6250356589919681e-06
6.8105,7.6233036413901259e-06
6.81075,7.6215917535867364e-06
6.811,7.6199080094414476e-06
6.81125,7.6182456863881131e-06
6.8115,7.6166035526608062e-06
6.81175,7.6149813791695373e-06
6.812,7.6133677940628546e-06
6.81225,7.6117518069964584e-06
6.8125,7.6101506435702177e-06
6.81275,7.6085693769315721e-06
6.813,7.6069887745947615e-06
6.81325,7.6054057901591347e-06
6.8135,7.6038241643863333e-06
6.81375,7.602240972782687e-06
6.814,7.600655791072557e-06
6.81425,7.5991007258333836e-06
6.8145,7.5975724750921141e-06
6.81475,7.596062714432108e-06
6.815,7.5945732680172804e-06
6.81525,7.5930831220207986e-06
6.8155,7.5915789495291627e-06
6.81575,7.5900846449282432e-06
6.816,7.5885899060211912e-06
6.81625,7.5870840448245026e-06
6.8165,7.5855743424132608e-06
6.81675,7.5840541009700254e-06
6.817,7.5824995529384955e-06
6.81725,7.5809537862438623e-06
6.8175,7.5794116185925565e-06
6.81775,7.5778665136060587e-06
6.818,7.5763301967386141e-06
6.81825,7.5747871672938353e-06
6.8185,7.5732185956714172e-06
6.81875,7.5716523403904976e-06
6.819,7.57008248312068e-06
6.81925,7.5685121428210441e-06
6.8195,7.5669730042936693e-06
6.81975,7.5654534508937673e-06
6.82,7.5639712846954407e-06
6.82025,7.5625216641816189e-06
6.8205,7.5610888810154212e-06
6.82075,7.5596742896573654e-06
6.821,7.558266682264155e-06
6.82125,7.5568472681579244e-06
6.8215,7.55544934684228e-06
6.82175,7.5540759204798434e-06
6.822,7.5527313948078863e-06
6.82225,7.5514302892110352e-06
6.8225,7.5501516918148223e-06
6.82275,7.5489050330963117e-06
6.823,7.5476791208586469e-06
6.82325,7.5464619886980232e-06
6.8235,7.5452817851095585e-06
6.82375,7.5441077812937261e-06
6.824,7.5429585872018584e-06
6.82425,7.5418503749581344e-06
6.8245,7.5407425236303372e-06
6.82475,7.5396466782950435e-06
6.825,7.5385215773770844e-06
6.82525,7.5373978476299701e-06
6.8255,7.5362703168743426e-06
6.82575,7.5351288254222196e-06
6.826,7.5340125354547919e-06
6.82625,7.5329033891031345e-06
6.8265,7.5318213380746343e-06
6.82675,7.5307639321306557e-06
6.827,7.529730652927379e-06
6.82725,7.5287139921213599e-06
6.8275,7.5277202124114717e-06
6.82775,7.5267542525780044e-06
6.828,7.5257798050536412e-06
6.82825,7.5248171109349964e-06
6.8285,7.5238303402409303e-06
6.82875,7.522869573754122e-06
6.829,7.521927123124979e-06
6.82925,7.5210124874165375e-06
6.8295,7.5201198566512737e-06
6.82975,7.5192576336112597e-06
6.83,7.5184133354873138e-06
6.83025,7.5175700077291513e-06
6.8305,7.5167250990476524e-06
6.83075,7.515870517439212e-06
6.831,7.5150367556235489e-06
6.83125,7.5142259853981755e-06
6.8315,7.5134501003098582e-06
6.83175,7.5126738293223883e-06
6.832,7.5119275149701751e-06
6.83225,7.5111890919419986e-06
6.8325,7.51045345104662e-06
6.83275,7.5097375588371408e-06
6.833,7.5090594683581575e-06
6.83325,7.5084088657399691e-06
6.8335,7.5078133721708848e-06
6.83375,7.5072619076261133e-06
6.834,7.5067483125930929e-06
6.83425,7.5062515479998048e-06
6.8345,7.5057566650779186e-06
6.83475,7.5052492936779734e-06
6.835,7.5047646926928305e-06
6.83525,7.5042977884065609e-06
6.8355,7.5038494831769427e-06
6.83575,7.5034149165265508e-06
6.836,7.50299995992633e-06
6.83625,7.5026010097463247e-06
6.8365,7.5022384623473469e-06
6.83675,7.5018897022580031e-06
6.837,7.5015625943543596e-06
6.83725,7.5012804427017165e-06
6.8375,7.5010013361835406e-06
6.83775,7.5007290356275756e-06
6.838,7.5004927904251308e-06
6.83825,7.5002661543956447e-06
6.8385,7.5000547471503194e-06
6.83875,7.4998864568335583e-06
6.839,7.499748906691276e-06
6.83925,7.4996642963620799e-06
6.8395,7.4996093020330532e-06
6.83975,7.4996082208805974e-06
6.84,7.4996386657252823e-06
6.84025,7.4996730616609067e-06
6.8405,7.4997335043204139e-06
6.84075,7.4998296600805708e-06
6.841,7.4998742925242832e-06
6.84125,7.4999261979725709e-06
6.8415,7.4999928617232751e-06
6.84175,7.5000709495103661e-06
6.842,7.5001683125641468e-06
6.84225,7.5003030969339955e-06
6.8425,7.5004309802290135e-06
6.84275,7.5005570780347251e-06
6.843,7.500720640458966e-06
6.84325,7.500984917956285e-06
6.8435,7.5012519476902632e-06
6.84375,7.5015521006476158e-06
6.844,7.5018567833692612e-06
6.84425,7.5021598444598368e-06
6.8445,7.5024857113181728e-06
6.84475,7.5028196677462715e-06
6.845,7.5031625547700562e-06
6.84525,7.503526009224385e-06
6.8455,7.5039147083094117e-06
6.84575,7.5043141545140861e-06
6.846,7.5047600366732065e-06
6.84625,7.5052349173605142e-06
6.8465,7.5057150928976907e-06
6.84675,7.5062239978161543e-06
6.847,7.5067630284155984e-06
6.84725,7.5073261019018002e-06
6.8475,7.5079048547355047e-06
6.84775,7.5084846193631472e-06
6.848,7.5090732772557321e-06
6.84825,7.5096736700963202e-06
6.8485,7.5102709109531336e-06
6.84875,7.5108780199815633e-06
6.849,7.5115092965578168e-06
6.84925,7.5121702908673705e-06
6.8495,7.512863559170341e-06
6.84975,7.5135837053501575e-06
6.85,7.5143211047625165e-06
6.85025,7.5150689657893511e-06
6.8505,7.515823460862023e-06
6.85075,7.5165889258222027e-06
6.851,7.5173681515593886e-06
6.85125,7.5181663205349988e-06
6.8515,7.5189989869927674e-06
6.85175,7.5198729086520589e-06
6.852,7.5207946297803714e-06
6.85225,7.5217702177108347e-06
6.8525,7.5227850270214767e-06
6.85275,7.5238472135253789e-06
6.853,7.5249333734280587e-06
6.85325,7.5260433402222722e-06
6.8535,7.5271596067621796e-06
6.85375,7.5282827303710684e-06
6.854,7.5294114479212661e-06
6.85425,7.5305432985273241e-06
6.8545,7.5316824874019171e-06
6.85475,7.5328329213427015e-06
6.855,7.5340007238584632e-06
6.85525,7.5351860496988775e-06
6.8555,7.5363716430170204e-06
6.85575,7.5375705120296718e-06
6.856,7.5387726281380731e-06
6.85625,7.5399701647864256e-06
6.8565,7.5411697358835264e-06
6.85675,7.5423650072797095e-06
6.857,7.5435491140895872e-06
6.85725,7.5447426860114146e-06
6.8575,7.5459646621236831e-06
6.85775,7.5471881006682192e-06
6.858,7.5484052366370352e-06
6.85825,7.5496156307781995e-06
6.8585,7.5508091757540589e-06
6.85875,7.5520068650634026e-06
6.859,7.5532718474797995e-06
6.85925,7.554622209912739e-06
6.8595,7.5560733839864004e-06
6.85975,7.5575466611052581e-06
6.86,7.5589786573306723e-06
6.86025,7.5603591348571548e-06
6.8605,7.5618268204400053e-06
6.86075,7.5634169493826512e-06
6.861,7.5650983904686575e-06
6.86125,7.5667777517549854e-06
6.8615,7.5684345255176913e-06
6.86175,7.5700062532175681e-06
6.862,7.5713632439429914e-06
6.86225,7.5725432784009646e-06
6.8625,7.5737027010629442e-06
6.86275,7.5749388262065974e-06
6.863,7.5761258231615922e-06
6.86325,7.5772652004675692e-06
6.8635,7.5785077216268102e-06
6.86375,7.5800293187773968e-06
6.864,7.5817040149026171e-06
6.86425,7.5834253672709187e-06
6.8645,7.5851288908812692e-06
6.86475,7.5868196213335758e-06
6.865,7.5885231999784792e-06
6.86525,7.5902613338824874e-06
6.8655,7.5919548830949111e-06
6.86575,7.5935473323816158e-06
6.866,7.5951061143469695e-06
6.86625,7.5966331355753893e-06
6.8665,7.598131779858968e-06
6.86675,7.5996126186538678e-06
6.867,7.6010934819417011e-06
6.86725,7.60257458235597e-06
6.8675,7.6040725355362724e-06
6.86775,7.6056179843846475e-06
6.868,7.6072333850972132e-06
6.86825,7.6089106080393604e-06
6.8685,7.6106253709262635e-06
6.86875,7.6123683047156755e-06
6.869,7.6141228271292746e-06
6.86925,7.6158872428158201e-06
6.8695,7.6176342435035064e-06
6.86975,7.6193846916727177e-06
6.87,7.6211386321117009e-06
6.87025,7.6228886493632163e-06
6.8705,7.624633054955579e-06
6.87075,7.6263589828912405e-06
6.871,7.6280488999267914e-06
6.87125,7.6297099226064707e-06
6.8715,7.6313706067611986e-06
6.87175,7.6330347439356639e-06
6.872,7.634704553656956e-06
6.87225,7.6363625026894306e-06
6.8725,7.6380096797659275e-06
6.87275,7.6396377322334996e-06
6.873,7.641253437573025e-06
6.87325,7.6428582489796506e-06
6.8735,7.6444463148659566e-06
6.87375,7.6460128516138002e-06
6.874,7.6475673271722721e-06
6.87425,7.649126364413727e-06
6.8745,7.6507030297909409e-06
6.87475,7.6522875488764137e-06
6.875,7.6538768610498389e-06
6.87525,7.6554755805206726e-06
6.8755,7.6570959994713691e-06
6.87575,7.6587316245170632e-06
6.876,7.6603687582732045e-06
6.87625,7.6620033066241604e-06
6.8765,7.663630230237959e-06
6.87675,7.6652419950577582e-06
6.877,7.6668400488120035e-06
6.87725,7.6684182118127436e-06
6.8775,7.6699729339800724e-06
6.87775,7.6715190723950433e-06
6.878,7.6730578229100945e-06
6.87825,7.6746005184118695e-06
6.8785,7.6761490919248333e-06
6.87875,7.6777005949926977e-06
6.879,7.6792549625116581e-06
6.87925,7.6808090075571287e-06
6.8795,7.6823576986045537e-06
6.87975,7.6838833675514902e-06
6.88,7.685387617526345e-06
6.88025,7.6868766683397751e-06
6.8805,7.6883530157714423e-06
6.88075,7.6898101703019468e-06
6.881,7.6912436741202778e-06
6.88125,7.6926594600157565e-06
6.8815,7.6940631250587262e-06
6.88175,7.6954601562524439e-06
6.882,7.6968423324493192e-06
6.88225,7.6982111571193469e-06
6.8825,7.6995725536189827e-06
6.88275,7.7009338655782624e-06
6.883,7.7022950072098415e-06
6.88325,7.7036527933635379e-06
6.8835,7.7050062964419902e-06
6.88375,7.7063425663837058e-06
6.884,7.7076725458268259e-06
6.88425,7.7090011902287545e-06
6.8845,7.7103226012216582e-06
6.88475,7.7116391159301715e-06
6.885,7.712948132781354e-06
6.88525,7.7142503035896152e-06
6.8855,7.7155414889104391e-06
6.88575,7.7168134349626747e-06
6.886,7.7180663678792993e-06
6.88625,7.7193079344764765e-06
6.8865,7.7205467239195468e-06
6.88675,7.7217821344175797e-06
6.887,7.7230048920430648e-06
6.88725,7.7242006141271214e-06
6.8875,7.7253602825180694e-06
6.88775,7.7264844654156233e-06
6.888,7.7275755898763231e-06
6.88825,7.7286399412708929e-06
6.8885,7.7296936407511908e-06
6.88875,7.7307566003249928e-06
6.889,7.7318308189423733e-06
6.88925,7.7329071734892621e-06
6.8895,7.7339733527314179e-06
6.88975,7.7350114876294712e-06
6.89,7.7360191419942693e-06
6.89025,7.7369894938044794e-06
6.8905,7.7379278349501813e-06
6.89075,7.7388470487044958e-06
6.891,7.7397584369076733e-06
6.89125,7.7406719978791671e-06
6.8915,7.7415925482905308e-06
6.89175,7.7425148286364749e-06
6.892,7.7434327357141988e-06
6.89225,7.7443330639008076e-06
6.8925,7.7452044736226137e-06
6.89275,7.7460393752523314e-06
6.893,7.746841460149853e-06
6.89325,7.7476118387088278e-06
6.8935,7.7483418054808402e-06
6.89375,7.7490389984931791e-06
6.894,7.7497058332213737e-06
6.89425,7.7503444235154026e-06
6.8945,7.7509593589342047e-06
6.89475,7.7515444314484651e-06
6.895,7.752101447516462e-06
6.89525,7.7526299172170015e-06
6.8955,7.7531429157353494e-06
6.89575,7.7536465924967774e-06
6.896,7.754141517529519e-06
6.89625,7.7546293470453782e-06
6.8965,7.7551055930985226e-06
6.89675,7.7555718655789418e-06
6.897,7.75602439541124e-06
6.89725,7.7564505531618789e-06
6.8975,7.7568392723390852e-06
6.89775,7.7571968439255797e-06
6.898,7.7575472470014449e-06
6.89825,7.7579101666939255e-06
6.8985,7.7582935877544959e-06
6.89875,7.7586967683339284e-06
6.899,7.7591025445882126e-06
6.89925,7.759496131536268e-06
6.8995,7.7598703993927208e-06
6.89975,7.7602126537780217e-06
6.9,7.76051165779394e-06
6.90025,7.7607650154847647e-06
6.9005,7.7609807139292135e-06
6.90075,7.7611609491193876e-06
6.901,7.7613099474292597e-06
6.90125,7.7614334123798811e-06
6.9015,7.7615329336444083e-06
6.90175,7.7616058528719628e-06
6.902,7.7616536251091889e-06
6.90225,7.7616732531090487e-06
6.9025,7.7616562268932267e-06
6.90275,7.761605836367868e-06
6.903,7.761527958584131e-06
6.90325,7.7614418520156698e-06
6.9035,7.7613568261807033e-06
6.90375,7.7612730319109016e-06
6.904,7.7611813356298131e-06
6.90425,7.7610631802790516e-06
6.9045,7.7609026245190041e-06
6.90475,7.7607019558718541e-06
6.905,7.7604651517103946e-06
6.90525,7.7602009949433828e-06
6.9055,7.7599203909785836e-06
6.90575,7.7596398260696029e-06
6.906,7.7593690495599629e-06
6.90625,7.7591086557088231e-06
6.9065,7.7588525086372488e-06
6.90675,7.7585819639515734e-06
6.907,7.7582810353726681e-06
6.90725,7.7579525930644206e-06
6.9075,7.7576011185663755e-06
6.90775,7.7572325424431877e-06
6.908,7.756849997165589e-06
6.90825,7.7564524160974422e-06
6.9085,7.7560378239706994e-06
6.90875,7.7556119463540071e-06
6.909,7.7551697654461748e-06
6.90925,7.7547045688949014e-06
6.9095,7.754211820983553e-06
6.90975,7.7536905304204521e-06
6.91,7.753150113117256e-06
6.91025,7.7525913377440163e-06
6.9105,7.7520117161815524e-06
6.91075,7.7514089002268876e-06
6.911,7.7507776735402615e-06
6.91125,7.7501205268952357e-06
6.9115,7.7494388774799883e-06
6.91175,7.7487337312896875e-06
6.912,7.7480024432769e-06
6.91225,7.7472506918372204e-06
6.9125,7.7464721967331204e-06
6.91275,7.7456660550305343e-06
6.913,7.744833017296197e-06
6.91325,7.7439722038203768e-06
6.9135,7.7430816997970252e-06
6.91375,7.7421588479473433e-06
6.914,7.7412028632253747e-06
6.91425,7.740226325945983e-06
6.9145,7.7392354034651415e-06
6.91475,7.7382369701539871e-06
6.915,7.737232232605373e-06
6.91525,7.7362186079541504e-06
6.9155,7.7351947611681335e-06
6.91575,7.7341608223496467e-06
6.916,7.7331195636036825e-06
6.91625,7.7320710077627629e-06
6.9165,7.7310163097640076e-06
6.91675,7.7299522007125147e-06
6.917,7.7288700511515652e-06
6.91725,7.7277727314284041e-06
6.9175,7.7266595202091398e-06
6.91775,7.7255340690133058e-06
6.918,7.7244095666942929e-06
6.91825,7.723289502775626e-06
6.9185,7.7221745970345704e-06
6.91875,7.7210711141589285e-06
6.919,7.7199691906146876e-06
6.91925,7.7188567688605539e-06
6.9195,7.7177167035093005e-06
6.91975,7.716544774528345e-06
6.92,7.7153357604854733e-06
6.92025,7.7140974153706591e-06
6.9205,7.7128393928170571e-06
6.92075,7.7115584669893395e-06
6.921,7.7102625281327666e-06
6.92125,7.7089576278343011e-06
6.9215,7.7076406001436327e-06
6.92175,7.7063032472414288e-06
6.922,7.7049515756274288e-06
6.92225,7.7035899609629886e-06
6.9225,7.7022273697216511e-06
6.92275,7.7008649799609084e-06
6.923,7.6994938982974791e-06
6.92325,7.6981084658197015e-06
6.9235,7.6966922218332991e-06
6.92375,7.6952436527791526e-06
6.924,7.6937701374431324e-06
6.92425,7.6922813731013137e-06
6.9245,7.6907763209000112e-06
6.92475,7.6892591653741965e-06
6.925,7.6877327920517152e-06
6.92525,7.6862100624141937e-06
6.9255,7.6847009597733454e-06
6.92575,7.6831956379891707e-06
6.926,7.6816960153794489e-06
6.92625,7.6801899403220217e-06
6.9265,7.6786841737541328e-06
6.92675,7.6771673986866545e-06
6.927,7.6756308191139318e-06
6.92725,7.6740767851563291e-06
6.9275,7.6725110563338132e-06
6.92775,7.6709450219108139e-06
6.928,7.6693830155912185e-06
6.92825,7.6678328139712715e-06
6.9285,7.6662984504411363e-06
6.92875,7.664767124076225e-06
6.929,7.6632317355191281e-06
6.92925,7.6616730951291837e-06
6.9295,7.6600983988379799e-06
6.92975,7.6585153635489235e-06
6.93,7.6569290108930814e-06
6.93025,7.6553380416174883e-06
6.9305,7.653753640550556e-06
6.93075,7.6521723348316796e-06
6.931,7.6505860726585431e-06
6.93125,7.6489918007175088e-06
6.9315,7.6473789787108551e-06
6.93175,7.6457545049280303e-06
6.932,7.6441165737692466e-06
6.93225,7.6424672145005532e-06
6.9325,7.6408169730762103e-06
6.93275,7.6391745140965661e-06
6.933,7.6375310631308029e-06
6.93325,7.6358861922916317e-06
6.9335,7.6342350082962011e-06
6.93375,7.6325869035606689e-06
6.934,7.6309242413486559e-06
6.93425,7.6292460356340533e-06
6.9345,7.6275675213665491e-06
6.93475,7.6258899935616402e-06
6.935,7.6242205503808904e-06
6.93525,7.6225550968931364e-06
6.9355,7.6209057973898917e-06
6.93575,7.619254865713622e-06
6.936,7.6175888240241225e-06
6.93625,7.6159199739075659e-06
6.9365,7.6142462566467232e-06
6.93675,7.6125702984894624e-06
6.937,7.6109014501992842e-06
6.93725,7.609262586745542e-06
6.9375,7.6076438423617934e-06
6.93775,7.6060321278079236e-06
6.938,7.6044330215608322e-06
6.93825,7.6028341060052306e-06
6.9385,7.6012311390510665e-06
6.93875,7.5996403708825462e-06
6.939,7.5980651284827443e-06
6.93925,7.5965066133687992e-06
6.9395,7.5949652161382495e-06
6.93975,7.5934344592681204e-06
6.94,7.5918961275864349e-06
6.94025,7.590365803170755e-06
6.9405,7.5888512441424176e-06
6.94075,7.5873429907642063e-06
6.941,7.5858389581780187e-06
6.94125,7.5843545721888999e-06
6.9415,7.58286423975028e-06
6.94175,7.581378956713014e-06
6.942,7.5799135276468076e-06
6.94225,7.5784512631486402e-06
6.9425,7.5769826618208361e-06
6.94275,7.5755109332437044e-06
6.943,7.5740011208130674e-06
6.94325,7.572477891844554e-06
6.9435,7.5709472062248882e-06
6.94375,7.5694142191667909e-06
6.944,7.5678969484162993e-06
6.94425,7.5664021731408152e-06
6.9445,7.5649171460266904e-06
6.94475,7.5634609360772675e-06
6.945,7.5620059880755747e-06
6.94525,7.5605350937128511e-06
6.9455,7.5590714601569209e-06
6.94575,7.5575866323113575e-06
6.946,7.5561025216073757e-06
6.94625,7.554632950087822e-06
6.9465,7.5531862065516904e-06
6.94675,7.5517859727176264e-06
6.947,7.5504210499623465e-06
6.94725,7.5490912791608012e-06
6.9475,7.547793344832516e-06
6.94775,7.5465073731900446e-06
6.948,7.545246374114917e-06
6.94825,7.5440313503362548e-06
6.9485,7.5428448388544786e-06
6.94875,7.5417260886864252e-06
6.949,7.5406459725607076e-06
6.94925,7.5395781605121315e-06
6.9495,7.5385026789967127e-06
6.94975,7.5374059897171875e-06
6.95,7.5363085879564968e-06
6.95025,7.5351898724437987e-06
6.9505,7.5340933789684025e-06
6.95075,7.5330176387047165e-06
6.951,7.5319755790597036e-06
6.95125,7.5309733714985649e-06
6.9515,7.5299785941547131e-06
6.95175,7.5290091169315752e-06
6.952,7.528044519785529e-06
6.95225,7.5271055971788851e-06
6.9525,7.5261701217616812e-06
6.95275,7.5252404310855192e-06
6.953,7.5243105974505643e-06
6.95325,7.5233905812930305e-06
6.9535,7.5225025107998333e-06
6.95375,7.5216234736535961e-06
6.954,7.5207775560678105e-06
6.95425,7.5199437145394996e-06
6.9545,7.5191329774528173e-06
6.95475,7.5183265797595629e-06
6.955,7.5175280395640471e-06
6.95525,7.5167187751693553e-06
6.9555,7.5159220540126437e-06
6.95575,7.5151367898164836e-06
6.956,7.5143712094429174e-06
6.95625,7.5135970533143887e-06
6.9565,7.5128302193980207e-06
6.95675,7.5120744062607406e-06
6.957,7.5113182916140446e-06
6.95725,7.5105708128573262e-06
6.9575,7.5098524791885148e-06
6.95775,7.5091564115852256e-06
6.958,7.5084896586744302e-06
6.95825,7.5078607110914889e-06
6.9585,7.5072719162600225e-06
6.95875,7.5066960833586726e-06
6.959,7.5061254455696406e-06
6.95925,7.5055491991351643e-06
6.9595,7.5049906283242506e-06
6.95975,7.5044732525321178e-06
6.96,7.5039878073022239e-06
6.96025,7.503525489849562e-06
6.9605,7.5030992347112813e-06
6.96075,7.5027010776683697e-06
6.961,7.5023409181035537e-06
6.96125,7.50201529163787e-06
6.9615,7.5017035650265628e-06
6.96175,7.5014329595104319e-06
6.962,7.5011925187280465e-06
6.96225,7.5009696904958622e-06
6.9625,7.5007824998827002e-06
6.96275,7.5006292299818576e-06
6.963,7.5004733129750215e-06
6.96325,7.5003251044133991e-06
6.9635,7.5002068610056023e-06
6.96375,7.5001101737474675e-06
6.964,7.5000419945679803e-06
6.96425,7.5000082878598471e-06
6.9645,7.5000050795121497e-06
6.96475,7.5000052678052606e-06
6.965,7.4999866014528655e-06
6.96525,7.4999999438169816e-06
6.9655,7.500005983204453e-06
6.96575,7.4999793926825874e-06
6.966,7.4999815205375289e-06
6.96625,7.5000152934897897e-06
6.9665,7.5000561066842487e-06
6.96675,7.5001468955268934e-06
6.967,7.5002548963686904e-06
6.96725,7.5003475407420814e-06
6.9675,7.500470200052045e-06
6.96775,7.5006625210577726e-06
6.968,7.5009199492715383e-06
6.96825,7.5012124931548382e-06
6.9685,7.5015386904810576e-06
6.96875,7.5018641246565988e-06
6.969,7.5022123717251094e-06
6.96925,7.5025720769000664e-06
6.9695,7.5029338243986201e-06
6.96975,7.5033172132622205e-06
6.97,7.5037208299008262e-06
6.97025,7.5041421656149258e-06
6.9705,7.5045921287604437e-06
6.97075,7.5050580320897192e-06
6.971,7.505533657814888e-06
6.97125,7.5060426583732351e-06
6.9715,7.5065796193879717e-06
6.97175,7.5071214866041783e-06
6.972,7.5076641950734555e-06
6.97225,7.5082155020740511e-06
6.9725,7.5087769023163019e-06
6.97275,7.5093588495494023e-06
6.973,7.5099587980285915e-06
6.97325,7.5105687228908969e-06
6.9735,7.5111889583106224e-06
6.97375,7.5118205021140977e-06
6.974,7.5124631434095509e-06
6.97425,7.5131217601182893e-06
6.9745,7.5137901103180057e-06
6.97475,7.514468136089912e-06
6.975,7.51516390964643e-06
6.97525,7.5158749514852624e-06
6.9755,7.5166037433342543e-06
6.97575,7.5173563895523513e-06
6.976,7.5181358293239532e-06
6.97625,7.5189433671897731e-06
6.9765,7.5197902416475915e-06
6.97675,7.5206755740112498e-06
6.977,7.5216031468944154e-06
6.97725,7.5225740806344791e-06
6.9775,7.5235835260257888e-06
6.97775,7.5246157145972776e-06
6.978,7.5256668683381952e-06
6.97825,7.5267204255698916e-06
6.9785,7.527789830961882e-06
6.97875,7.5288634360899159e-06
6.979,7.5299527535004363e-06
6.97925,7.531047947899726e-06
6.9795,7.5321667502984702e-06
6.97975,7.5332968457196831e-06
6.98,7.5344438726226752e-06
6.98025,7.5355987740437648e-06
6.9805,7.5367811643858958e-06
6.98075,7.5379729964685688e-06
6.981,7.5391781370760995e-06
6.98125,7.5403773936408341e-06
6.9815,7.5415835266736602e-06
6.98175,7.5427984812293027e-06
6.982,7.5440163051196276e-06
6.98225,7.5452334788730647e-06
6.9825,7.5464581383754152e-06
6.98275,7.5476882003911134e-06
6.983,7.5489099029767725e-06
6.98325,7.5501247684666194e-06
6.9835,7.5513765170889381e-06
6.98375,7.5527212655511246e-06
6.984,7.5541781054906838e-06
6.98425,7.5556909498659349e-06
6.9845,7.5571643153814982e-06
6.98475,7.5586089670486586e-06
6.985,7.5600307442106081e-06
6.98525,7.5615683646937147e-06
6.9855,7.5632239598753256e-06
6.98575,7.5649319606683523e-06
6.986,7.5666240499047828e-06
6.98625,7.5682766651514118e-06
6.9865,7.5697927538239286e-06
6.98675,7.5710850073261676e-06
6.987,7.5722548474624856e-06
6.98725,7.5734880527595589e-06
6.9875,7.5747138127256576e-06
6.98775,7.5758802791142325e-06
6.988,7.5770321905631259e-06
6.98825,7.578423980137395e-06
6.9885,7.5800315976712681e-06
6.98875,7.5817361495387175e-06
6.989,7.5834478690260937e-06
6.98925,7.5851272366780902e-06
6.9895,7.5868103753348668e-06
6.98975,7.5885166826315795e-06
6.99,7.5902183328037409e-06
6.99025,7.5918299981065217e-06
6.9905,7.5933780223211433e-06
6.99075,7.5948962744358761e-06
6.991,7.5963913028028346e-06
6.99125,7.5978717985082131e-06
6.9915,7.5993597165282127e-06
6.99175,7.6008647882966395e-06
6.992,7.6023782885765875e-06
6.99225,7.6039388246197041e-06
6.9925,7.6055581850528251e-06
6.99275,7.6072628862004218e-06
6.993,7.6090072680102389e-06
6.99325,7.6107797924483053e-06
6.9935,7.6125676217521042e-06
6.99375,7.6143493807421246e-06
6.994,7.6161176226928031e-06
6.99425,7.6178593793003245e-06
6.9945,7.6195977840109634e-06
6.99475,7.6213333862372251e-06
6.995,7.6230724678639508e-06
6.99525,7.6248127525138067e-06
6.9955,7.6265387284199569e-06
6.99575,7.6282263348869148e-06
6.996,7.6298881154564963e-06
6.99625,7.6315395824864293e-06
6.9965,7.6331896925828251e-06
6.99675,7.6348355231436411e-06
6.997,7.6364753510517314e-06
6.99725,7.6381116496067898e-06
6.9975,7.6397420488011686e-06
6.99775,7.6413735898143883e-06
6.998,7.6429920786126172e-06
6.99825,7.6445947882274493e-06
6.9985,7.6461786956480523e-06
6.99875,7.6477592995939807e-06
6.999,7.6493405178429698e-06
6.99925,7.6509249496428138e-06
6.9995,7.6525068739266446e-06
6.99975,7.6540939807645479e-06
7.0,7.6557010033271722e-06
7.00025,7.6573327550258665e-06
7.0005,7.6589759253651064e-06
7.00075,7.6606254908074942e-06
7.001,7.6622727714981213e-06
7.00125,7.6639181024260163e-06
7.0015,7.6655611847749451e-06
7.00175,7.667201134015179e-06
7.002,7.6688222213106428e-06
7.00225,7.6704170800313931e-06
7.0025,7.6719970793322746e-06
7.00275,7.6735680499751129e-06
7.003,7.6751450973810844e-06
7.00325,7.6767320419026705e-06
7.0035,7.6783292376532351e-06
7.00375,7.6799367124976599e-06
7.004,7.6815453077398352e-06
7.00425,7.6831457390456968e-06
7.0045,7.6847219018952884e-06
7.00475,7.6862735703449534e-06
7.005,7.6878057084168235e-06
7.00525,7.6893224167563625e-06
7.0055,7.690816278531426e-06
7.00575,7.6922814764178525e-06
7.006,7.6937168104067032e-06
7.00625,7.6951355401751918e-06
7.0065,7.6965427576088599e-06
7.00675,7.6979343818004052e-06
7.007,7.6993101305553904e-06
7.00725,7.7006708788098391e-06
7.0075,7.7020103722806136e-06
7.00775,7.7033324530868178e-06
7.008,7.7046333734271508e-06
7.00825,7.7059155881218173e-06
7.0085,7.7071893377636183e-06
7.00875,7.7084635838929342e-06
7.009,7.7097412929366926e-06
7.00925,7.7110181512673726e-06
7.0095,7.7122893460196714e-06
7.00975,7.7135574273396864e-06
7.01,7.7148331794788222e-06
7.01025,7.7161090388206856e-06
7.0105,7.7173772247137908e-06
7.01075,7.7186430370268529e-06
7.011,7.719904601685871e-06
7.01125,7.7211644306737273e-06
7.0115,7.7224208248703307e-06
7.01175,7.7236574725363025e-06
7.012,7.7248689358939662e-06
7.01225,7.7260507547867652e-06
7.0125,7.7272097798571435e-06
7.01275,7.7283522456878872e-06
7.013,7.7294828731635192e-06
7.01325,7.7305981729358281e-06
7.0135,7.7317034201948973e-06
7.01375,7.7327962037859904e-06
7.014,7.733869191039949e-06
7.01425,7.7349109553943195e-06
7.0145,7.7359162308720235e-06
7.01475,7.7368881023355824e-06
7.015,7.7378297429401129e-06
7.01525,7.7387473715297091e-06
7.0155,7.7396485720142979e-06
7.01575,7.7405489637054265e-06
7.016,7.7414573459714656e-06
7.01625,7.742376617596716e-06
7.0165,7.7432923908796731e-06
7.01675,7.7441913837138346e-06
7.017,7.7450601969242389e-06
7.01725,7.7458970410805016e-06
7.0175,7.7467017846831698e-06
7.01775,7.747479435427423e-06
7.018,7.7482368302768669e-06
7.01825,7.7489713180838302e-06
7.0185,7.7496808266231293e-06
7.01875,7.7503677427810038e-06
7.019,7.7510305464208827e-06
7.01925,7.7516625077306018e-06
7.0195,7.752254575971421e-06
7.01975,7.7528102174907038e-06
7.02,7.7533379590273491e-06
7.02025,7.7538487232504355e-06
7.0205,7.7543475659137657e-06
7.02075,7.7548403240741823e-06
7.021,7.7553324847822864e-06
7.02125,7.7558219956440193e-06
7.0215,7.756297127227785e-06
7.02175,7.7567424664682266e-06
7.022,7.7571491807087446e-06
7.02225,7.7575259665354148e-06
7.0225,7.7578811033968007e-06
7.02275,7.7582305009758495e-06
7.023,7.7585859054566157e-06
7.02325,7.7589486390249768e-06
7.0235,7.7593164701975003e-06
7.02375,7.7596826172483521e-06
7.024,7.7600343239627888e-06
7.02425,7.7603628745458484e-06
7.0245,7.7606559582001994e-06
7.02475,7.7609097270969479e-06
7.025,7.7611258486784046e-06
7.02525,7.7613129155525654e-06
7.0255,7.7614736489234788e-06
7.02575,7.7616040745668155e-06
7.026,7.7617087576108379e-06
7.02625,7.7617851231000332e-06
7.0265,7.7618312423791222e-06
7.02675,7.7618498753969702e-06
7.027,7.7618432845716319e-06
7.02725,7.7618144827421497e-06
7.0275,7.7617672546255075e-06
7.02775,7.7617135361814164e-06
7.028,7.7616620038105115e-06
7.02825,7.7616124774347894e-06
7.0285,7.7615530553442367e-06
7.02875,7.7614737347209453e-06
7.029,7.7613516267285521e-06
7.02925,7.7611757993108258e-06
7.0295,7.7609508683341528e-06
7.02975,7.7606659069948358e-06
7.03,7.7603924056188547e-06
7.03025,7.7601615135496798e-06
7.0305,7.7599105198364871e-06
7.03075,7.7596014015306718e-06
7.031,7.7592260640468442e-06
7.03125,7.7588229448333173e-06
7.0315,7.7584243969349695e-06
7.03175,7.758049666189785e-06
7.032,7.7576897316584034e-06
7.03225,7.7573189204826625e-06
7.0325,7.7569120168951781e-06
7.03275,7.7564569618556585e-06
7.033,7.7559485131557336e-06
7.03325,7.7554052046356052e-06
7.0335,7.7548452139103142e-06
7.03375,7.7542773806695018e-06
7.034,7.7537133939426492e-06
7.03425,7.7531518813276425e-06
7.0345,7.7525902760041445e-06
7.03475,7.7520234997104102e-06
7.035,7.7514424824780711e-06
7.03525,7.750815491537134e-06
7.0355,7.7502146085296306e-06
7.03575,7.749649866393549e-06
7.036,7.7490630111330035e-06
7.03625,7.7484021547303586e-06
7.0365,7.7476597656431149e-06
7.03675,7.7468761333399076e-06
7.037,7.7461080350294275e-06
7.03725,7.745344846258492e-06
7.0375,7.74467315879512e-06
7.03775,7.7440723191524102e-06
7.038,7.7434411467393778e-06
7.03825,7.7427015225902861e-06
7.0385,7.7418288489359483e-06
7.03875,7.7408631561742894e-06
7.039,7.7398757381784208e-06
7.03925,7.7389206979093048e-06
7.0395,7.738023916343345e-06
7.03975,7.7371681003339547e-06
7.04,7.7363086013417788e-06
7.04025,7.7354125807253583e-06
7.0405,7.7344609189793422e-06
7.04075,7.7334533594187846e-06
7.041,7.7324004417431444e-06
7.04125,7.7313152452611251e-06
7.0415,7.7302051897302603e-06
7.04175,7.7290657192528022e-06
7.042,7.7279022805375728e-06
7.04225,7.7267126356316277e-06
7.0425,7.7255105056104493e-06
7.04275,7.7243025741965694e-06
7.043,7.7230950678063735e-06
7.04325,7.7218821517171556e-06
7.0435,7.7206687911584134e-06
7.04375,7.7194493294416471e-06
7.044,7.7182144150344348e-06
7.04425,7.7169102710081521e-06
7.0445,7.715631960921351e-06
7.04475,7.7143939601280844e-06
7.045,7.713181947980527e-06
7.04525,7.7119417907185448e-06
7.0455,7.7106454534568827e-06
7.04575,7.7093095942495307e-06
7.046,7.7079721350262368e-06
7.04625,7.7066715175233031e-06
7.0465,7.7054249583164863e-06
7.04675,7.704227560315883e-06
7.047,7.703047983361046e-06
7.04725,7.7018555960383437e-06
7.0475,7.7006187005810605e-06
7.04775,7.6993257755768067e-06
7.048,7.6979807265904984e-06
7.04825,7.6965843470499116e-06
7.0485,7.6951540936179078e-06
7.04875,7.6937125815111796e-06
7.049,7.6922744678225984e-06
7.04925,7.6908349900103238e-06
7.0495,7.6893934381851298e-06
7.04975,7.6879430210472464e-06
7.05,7.6864771565237287e-06
7.05025,7.6849910978611863e-06
7.0505,7.6834814794946753e-06
7.05075,7.6819556947315145e-06
7.051,7.680412476245411e-06
7.05125,7.6788520772556057e-06
7.0515,7.6772649305119728e-06
7.05175,7.6756563841384164e-06
7.052,7.6740421212583327e-06
7.05225,7.6724295557557831e-06
7.0525,7.6708283021136615e-06
7.05275,7.6692365921202075e-06
7.053,7.6676612618933879e-06
7.05325,7.6660884686204426e-06
7.0535,7.6645150507093234e-06
7.05375,7.6629429092908064e-06
7.054,7.6613545057193068e-06
7.05425,7.6597627901774075e-06
7.0545,7.6581636150455878e-06
7.05475,7.6565511804689209e-06
7.055,7.654927558366515e-06
7.05525,7.6533176325902834e-06
7.0555,7.6517124350546847e-06
7.05575,7.6501147724797972e-06
7.056,7.6485096131126399e-06
7.05625,7.6469069789123444e-06
7.0565,7.6453083056679442e-06
7.05675,7.6437070686525152e-06
7.057,7.6421023248120831e-06
7.05725,7.6405125877566587e-06
7.0575,7.6389246117761357e-06
7.05775,7.63733610553314e-06
7.058,7.6357416966006489e-06
7.05825,7.6341473097856636e-06
7.0585,7.6325446654879087e-06
7.05875,7.630926584124457e-06
7.059,7.629299758053813e-06
7.05925,7.6276756904383763e-06
7.0595,7.6260595681116173e-06
7.05975,7.6244434364844916e-06
7.06,7.6228391667932566e-06
7.06025,7.6212455946465004e-06
7.0605,7.6196458994519188e-06
7.06075,7.6180405606037637e-06
7.061,7.6164322271321843e-06
7.06125,7.6148131362603717e-06
7.0615,7.6131820200624507e-06
7.06175,7.6115586633687454e-06
7.062,7.6099556647164985e-06
7.06225,7.6083516830262733e-06
7.0625,7.6067427461742078e-06
7.06275,7.6051297744532974e-06
7.063,7.6035083572101064e-06
7.06325,7.6018752565002865e-06
7.0635,7.6002593139061652e-06
7.06375,7.5986608898235961e-06
7.064,7.5970784783186417e-06
7.06425,7.5955118628051688e-06
7.0645,7.5939514396729289e-06
7.06475,7.5923829182412354e-06
7.065,7.5908361396377245e-06
7.06525,7.5893029660068147e-06
7.0655,7.5877759552003433e-06
7.06575,7.5862604468385986e-06
7.066,7.584748742547963e-06
7.06625,7.5832182246239962e-06
7.0665,7.5817029613310559e-06
7.06675,7.5802007870337376e-06
7.067,7.5787079744571813e-06
7.06725,7.5772328062932503e-06
7.0675,7.57575555829944e-06
7.06775,7.5742586882046564e-06
7.068,7.5727649819067696e-06
7.06825,7.5712633403033338e-06
7.0685,7.5697610892520157e-06
7.06875,7.5682879844433401e-06
7.069,7.5668233286394769e-06
7.06925,7.5653868741743347e-06
7.0695,7.5639712873532039e-06
7.06975,7.562560488039183e-06
7.07,7.5611493296442211e-06
7.07025,7.5597259646032657e-06
7.0705,7.5582761471126936e-06
7.07075,7.5568281393730273e-06
7.071,7.5553931013100377e-06
7.07125,7.5539724973520672e-06
7.0715,7.5525836530997477e-06
7.07175,7.5512022058392429e-06
7.072,7.5498459856409756e-06
7.07225,7.5485057317960021e-06
7.0725,7.5471663116760922e-06
7.07275,7.5458657236674055e-06
7.073,7.5445768465883777e-06
7.07325,7.543320579799625e-06
7.0735,7.5421145566971988e-06
7.07375,7.5409150893294874e-06
7.074,7.5397349436837481e-06
7.07425,7.5385291416533907e-06
7.0745,7.5373268778619143e-06
7.07475,7.5361260485200666e-06
7.075,7.5349142446090989e-06
7.07525,7.5337358400810678e-06
7.0755,7.5325823953383374e-06
7.07575,7.5314692362174033e-06
7.076,7.5303924926005432e-06
7.07625,7.5293516619034277e-06
7.0765,7.5283404174058787e-06
7.07675,7.5273652832269477e-06
7.077,7.5264279412200931e-06
7.07725,7.5254925901246331e-06
7.0775,7.5245767345729428e-06
7.07775,7.5236496610161528e-06
7.078,7.5227609690754388e-06
7.07825,7.5218995848340972e-06
7.0785,7.5210808069933553e-06
7.07875,7.5202881564371906e-06
7.079,7.5195288612709321e-06
7.07925,7.5187831632125307e-06
7.0795,7.5180381827255359e-06
7.07975,7.5172841333251174e-06
7.08,7.5165137947831588e-06
7.08025,7.5157582720022958e-06
7.0805,7.5150174141619755e-06
7.08075,7.5142996159474133e-06
7.081,7.5135717261436344e-06
7.08125,7.5128606994345029e-06
7.0815,7.512138295907507e-06
7.08175,7.5114062164763776e-06
7.082,7.5106781384191602e-06
7.08225,7.5099681642379775e-06
7.0825,7.5092696693955706e-06
7.08275,7.5086196739680563e-06
7.083,7.5080057398968907e-06
7.08325,7.5074168466310885e-06
7.0835,7.5068437985310563e-06
7.08375,7.5062774324423324e-06
7.084,7.505702465539659e-06
7.08425,7.5051541000945031e-06
7.0845,7.5046246845865681e-06
7.08475,7.5041119156391236e-06
7.085,7.5036178177656214e-06
7.08525,7.5031509505089497e-06
7.0855,7.5027056137042089e-06
7.08575,7.5023080783174959e-06
7.086,7.5019280325640309e-06
7.08625,7.5015739680023377e-06
7.0865,7.5012666121420721e-06
7.08675,7.5009632968684405e-06
7.087,7.5006683925048873e-06
7.08725,7.5004106164305712e-06
7.0875,7.5001626135259308e-06
7.08775,7.4999287129509359e-06
7.088,7.4997390435734902e-06
7.08825,7.4995827117859998e-06
7.0885,7.4994800253904041e-06
7.08875,7.4994095664904743e-06
7.089,7.4993935145381511e-06
7.08925,7.4994149007390964e-06
7.0895,7.4994396667264614e-06
7.08975,7.4994975601775631e-06
7.09,7.4995914238891754e-06
7.09025,7.4996406940673296e-06
7.0905,7.499700896264161e-06
7.09075,7.4997813855893531e-06
7.091,7.4998772481094524e-06
7.09125,7.4999977386589402e-06
7.0915,7.5001519256090131e-06
7.09175,7.5002982947646141e-06
7.092,7.5004434401444583e-06
7.09225,7.500628714279185e-06
7.0925,7.5009135958735569e-06
7.09275,7.501201228472243e-06
7.093,7.5015162726818046e-06
7.09325,7.5018328154007356e-06
7.0935,7.5021421443212856e-06
7.09375,7.5024684451088966e-06
7.094,7.5027905578179314e-06
7.09425,7.5031163505750121e-06
7.0945,7.5034594519941912e-06
7.09475,7.5038206772122042e-06
7.095,7.5041909431734096e-06
7.09525,7.5046070822871571e-06
7.0955,7.5050516569287211e-06
7.09575,7.5055066819552376e-06
7.096,7.5059897320368191e-06
7.09625,7.5065068715443526e-06
7.0965,7.5070598381336625e-06
7.09675,7.5076335810143094e-06
7.097,7.508211198721781e-06
7.09725,7.5087983957978146e-06
7.0975,7.5093993031077428e-06
7.09775,7.5100032510527161e-06
7.098,7.5106253897459855e-06
7.09825,7.5112748750038735e-06
7.0985,7.511955685169495e-06
7.09875,7.5126688818804359e-06
7.099,7.5134032806302857e-06
7.09925,7.5141544171235407e-06
7.0995,7.5149165485868305e-06
7.09975,7.5156811285093057e-06
7.1,7.5164511471411808e-06
7.10025,7.5172304459001224e-06
7.1005,7.5180209059714356e-06
7.10075,7.5188361018763448e-06
7.101,7.5196851594551212e-06
7.10125,7.5205725413710647e-06
7.1015,7.5215068866980827e-06
7.10175,7.5224762117850113e-06
7.102,7.523484211688219e-06
7.10225,7.5245101951138475e-06
7.1025,7.5255533228564277e-06
7.10275,7.5265939904493278e-06
7.103,7.5276392859485031e-06
7.10325,7.5286851585995199e-06
7.1035,7.5297325147120067e-06
7.10375,7.5307840328310135e-06
7.104,7.5318448095163028e-06
7.10425,7.5329192027481905e-06
7.1045,7.5340117576373249e-06
7.10475,7.5351037964342152e-06
7.105,7.5362134490777855e-06
7.10525,7.5373268257286076e-06
7.1055,7.5384475579549273e-06
7.10575,7.5395777484883297e-06
7.106,7.5407197257294291e-06
7.10625,7.5418625503119483e-06
7.1065,7.5430300931614769e-06
7.10675,7.5442356657119589e-06
7.107,7.5454577542138469e-06
7.10725,7.5466837445148728e-06
7.1075,7.5479141495377064e-06
7.10775,7.5491406960974457e-06
7.108,7.5503809502875807e-06
7.10825,7.5517048024965785e-06
7.1085,7.5531203057890553e-06
7.10875,7.554641794762767e-06
7.109,7.5561775224540691e-06
7.10925,7.557674687318386e-06
7.1095,7.5591249672209356e-06
7.10975,7.5606708437165252e-06
7.11,7.562337000037698e-06
7.11025,7.5640924512350558e-06
7.1105,7.5658502270763446e-06
7.11075,7.5675877101135582e-06
7.111,7.569236838407092e-06
7.11125,7.5706704681675518e-06
7.1115,7.5719284756204223e-06
7.11175,7.5731645545493082e-06
7.112,7.5744675259242712e-06
7.11225,7.575711821113647e-06
7.1125,7.5769016330194544e-06
7.11275,7.5781942000752452e-06
7.113,7.5797542009023261e-06
7.11325,7.5814523833908328e-06
7.1135,7.5831849671252176e-06
7.11375,7.5848904153858994e-06
7.114,7.5865736934046764e-06
7.11425,7.588266303228367e-06
7.1145,7.5899856866997112e-06
7.11475,7.5916513304134494e-06
7.115,7.5932042370183014e-06
7.11525,7.5947182831577877e-06
7.1155,7.596194915105822e-06
7.11575,7.5976437986578123e-06
7.116,7.5990786163212637e-06
7.11625,7.6005143979034165e-06
7.1165,7.6019516746210378e-06
7.11675,7.6034086980234763e-06
7.117,7.6049134819953483e-06
7.11725,7.6064890131215634e-06
7.1175,7.6081258560118413e-06
7.11775,7.6098019943192592e-06
7.118,7.6115056778208664e-06
7.11825,7.6132254209484775e-06
7.1185,7.6149583636710405e-06
7.11875,7.6166826694195981e-06
7.119,7.6184188452517732e-06
7.11925,7.6201663519041373e-06
7.1195,7.6219177090811394e-06
7.11975,7.6236693405101439e-06
7.12,7.625411713467737e-06
7.12025,7.6271257595806336e-06
7.1205,7.62881832626672e-06
7.12075,7.6305138387018664e-06
7.121,7.6322180467792008e-06
7.12125,7.6339338495062023e-06
7.1215,7.6356432468657598e-06
7.12175,7.6373465221241459e-06
7.122,7.6390337442973387e-06
7.12225,7.6407093059291381e-06
7.1225,7.6423730453646107e-06
7.12275,7.6440129862013985e-06
7.123,7.6456202084700039e-06
7.12325,7.6472074020122868e-06
7.1235,7.6487869059665084e-06
7.12375,7.6503712976835539e-06
7.124,7.6519528531152275e-06
7.12425,7.6535308379242303e-06
7.1245,7.6551112150353216e-06
7.12475,7.6567078540832665e-06
7.125,7.6583136361036302e-06
7.12525,7.6599132141140166e-06
7.1255,7.6615044362413653e-06
7.12575,7.6630852366017303e-06
7.126,7.6646548196111251e-06
7.12625,7.6662142449476842e-06
7.1265,7.6677570543001791e-06
7.12675,7.6692836301014988e-06
7.127,7.6708077734494878e-06
7.12725,7.6723354315226563e-06
7.1275,7.6738774311544085e-06
7.12775,7.6754332378074151e-06
7.128,7.6769988582145469e-06
7.12825,7.6785744948023855e-06
7.1285,7.6801546357941286e-06
7.12875,7.6817355282677918e-06
7.129,7.6832993530341764e-06
7.12925,7.6848469250371284e-06
7.1295,7.6863828052835426e-06
7.12975,7.6879049905173663e-06
7.13,7.6894042119707935e-06
7.13025,7.690876056301669e-06
7.1305,7.6923251231948699e-06
7.13075,7.693754873820891e-06
7.131,7.6951732589021492e-06
7.13125,7.6965679274255438e-06
7.1315,7.6979407556099105e-06
7.13175,7.6992999694138191e-06
7.132,7.7006513966004143e-06
7.13225,7.7019977973888496e-06
7.1325,7.7033354397589609e-06
7.13275,7.7046607483702462e-06
7.133,7.7059666432797146e-06
7.13325,7.7072593355077525e-06
7.1335,7.7085440823759899e-06
7.13375,7.70981682638766e-06
7.134,7.7110798974171256e-06
7.13425,7.7123348712920153e-06
7.1345,7.713585310477456e-06
7.13475,7.7148284910194965e-06
7.135,7.7160580820512318e-06
7.13525,7.7172753712852065e-06
7.1355,7.7184887172983702e-06
7.13575,7.7197090129884773e-06
7.136,7.7209326916096911e-06
7.13625,7.7221518204721418e-06
7.1365,7.7233481044791498e-06
7.13675,7.7245171454930131e-06
7.137,7.7256530751218488e-06
7.13725,7.7267577713830517e-06
7.1375,7.7278343805966997e-06
7.13775,7.7289019857758438e-06
7.138,7.7299753402929222e-06
7.13825,7.7310573635054754e-06
7.1385,7.73213905809944e-06
7.13875,7.7332090140843897e-06
7.139,7.7342487099822888e-06
7.13925,7.7352530652313219e-06
7.1395,7.7362183518361324e-06
7.13975,7.7371487261621068e-06
7.14,7.7380559489978653e-06
7.14025,7.7389565926808265e-06
7.1405,7.7398616236114075e-06
7.14075,7.7407757468252282e-06
7.141,7.7416981331949453e-06
7.14125,7.7426200749031412e-06
7.1415,7.7435218190032112e-06
7.14175,7.7443965711358771e-06
7.142,7.7452411216518143e-06
7.14225,7.7460586460892463e-06
7.1425,7.7468546061119923e-06
7.14275,7.7476220199868998e-06
7.143,7.7483610232646867e-06
7.14325,7.7490712039432744e-06
7.1435,7.7497609396110417e-06
7.14375,7.7504325071242756e-06
7.144,7.7510793476989732e-06
7.14425,7.7516999745646448e-06
7.1445,7.7522938416190526e-06
7.14475,7.7528711567268846e-06
7.145,7.7534340642030449e-06
7.14525,7.753980174988114e-06
7.1455,7.7545135372242828e-06
7.14575,7.755032399086021e-06
7.146,7.7555374242951833e-06
7.14625,7.7560224165766634e-06
7.1465,7.7564771247638736e-06
7.14675,7.7568887301009576e-06
7.147,7.7572616462245385e-06
7.14725,7.7576178077925653e-06
7.1475,7.7579764625874847e-06
7.14775,7.758347636844759e-06
7.148,7.7587322242258062e-06
7.14825,7.7591128771865895e-06
7.1485,7.7594758856566357e-06
7.14875,7.7598113698907194e-06
7.149,7.7601073504175062e-06
7.14925,7.7603518081356158e-06
7.1495,7.7605460505699782e-06
7.14975,7.760701437363373e-06
7.15,7.7608228517124829e-06
7.15025,7.7609135633483633e-06
7.1505,7.7609785939013409e-06
7.15075,7.7610209987745634e-06
7.151,7.7610414105562457e-06
7.15125,7.7610468411822263e-06
7.1515,7.7610385486760555e-06
7.15175,7.7610119824126774e-06
7.152,7.7609675807689607e-06
7.15225,7.7609110021737345e-06
7.1525,7.7608636856658602e-06
7.15275,7.7608334532813441e-06
7.153,7.7608152443810718e-06
7.15325,7.7607985192157195e-06
7.1535,7.760761642776868e-06
7.15375,7.7606932699390234e-06
7.154,7.7605920438582882e-06
7.15425,7.7604575184976716e-06
7.1545,7.760300814003842e-06
7.15475,7.7601268982784015e-06
7.155,7.7599479576948595e-06
7.15525,7.7597680307833379e-06
7.1555,7.7595790798941655e-06
7.15575,7.7593731057462224e-06
7.156,7.7591337512144375e-06
7.15625,7.7588490753430877e-06
7.1565,7.758512672333679e-06
7.15675,7.7581292715412552e-06
7.157,7.7577057575747456e-06
7.15725,7.7572460345486173e-06
7.1575,7.7567549448902783e-06
7.15775,7.7562325883263724e-06
7.158,7.7556834571730545e-06
7.15825,7.7551055300599369e-06
7.1585,7.7544937575592672e-06
7.15875,7.7538549865269184e-06
7.159,7.7531913645970864e-06
7.15925,7.7525156910956065e-06
7.1595,7.7518329890642569e-06
7.15975,7.7511421767772407e-06
7.16,7.7504415953058566e-06
7.16025,7.749727512200449e-06
7.1605,7.7490073058163233e-06
7.16075,7.7482904174206529e-06
7.161,7.7475745388171521e-06
7.16125,7.74685820992343e-06
7.1615,7.7461446369959125e-06
7.16175,7.7454263426275748e-06
7.162,7.7447018310681312e-06
7.16225,7.7439666521189933e-06
7.1625,7.74321735829872e-06
7.16275,7.7424461752876033e-06
7.163,7.7416499812201655e-06
7.16325,7.7407779924110442e-06
7.1635,7.7399547055824274e-06
7.16375,7.7391715449194878e-06
7.164,7.7383729733656366e-06
7.16425,7.7374878579527735e-06
7.1645,7.7365076248686451e-06
7.16475,7.7354769192563263e-06
7.165,7.7344621315243822e-06
7.16525,7.7335045437265804e-06
7.1655,7.732601284133757e-06
7.16575,7.7317196696356738e-06
7.166,7.7308089895872429e-06
7.16625,7.7298265540554278e-06
7.1665,7.728761176903537e-06
7.16675,7.727620100017398e-06
7.167,7.7264283745874691e-06
7.16725,7.7252233275381774e-06
7.1675,7.7240284638839031e-06
7.16775,7.7228630876766504e-06
7.168,7.7217320392697435e-06
7.16825,7.7206197201801569e-06
7.1685,7.7195059317384984e-06
7.16875,7.7183673844556376e-06
7.169,7.7171851132853206e-06
7.16925,7.7159505291433357e-06
7.1695,7.7146712306445709e-06
7.16975,7.7133600553204166e-06
7.17,7.7120249022148507e-06
7.17025,7.7106794391736267e-06
7.1705,7.7093349198273438e-06
7.17075,7.7079889349325177e-06
7.171,7.7065982607575796e-06
7.17125,7.7052429237448658e-06
7.1715,7.7039574583891116e-06
7.17175,7.7026957940431146e-06
7.172,7.7013918266338926e-06
7.17225,7.7000073241267236e-06
7.1725,7.6985637664122801e-06
7.17275,7.6971063706165244e-06
7.173,7.6956774997451176e-06
7.17325,7.6942968029389659e-06
7.1735,7.6929512541752158e-06
7.17375,7.6916013620531596e-06
7.174,7.690214066840103e-06
7.17425,7.6887718594779422e-06
7.1745,7.6872853753759548e-06
7.17475,7.6857788276060569e-06
7.175,7.6842622987072578e-06
7.17525,7.6827572302978714e-06
7.1755,7.6812621815496723e-06
7.17575,7.6797884853624295e-06
7.176,7.6783234872660827e-06
7.17625,7.6768487290608889e-06
7.1765,7.6753576394020039e-06
7.17675,7.673846771352644e-06
7.177,7.6723185435894115e-06
7.17725,7.6707687858271481e-06
7.1775,7.6692068078487736e-06
7.17775,7.6676396709814073e-06
7.178,7.6660587601986255e-06
7.17825,7.6644570745922149e-06
7.1785,7.6628292261034325e-06
7.17875,7.661180206718566e-06
7.179,7.6595234772777104e-06
7.17925,7.6578621148355306e-06
7.1795,7.6561977330742151e-06
7.17975,7.6545402802489097e-06
7.18,7.6528869807367194e-06
7.18025,7.6512260715078445e-06
7.1805,7.6495530517634338e-06
7.18075,7.6478606244355964e-06
7.181,7.6461557345291909e-06
7.18125,7.6444397163666489e-06
7.1815,7.6427224894767782e-06
7.18175,7.6410150157251188e-06
7.182,7.6393280254956508e-06
7.18225,7.6376553955409168e-06
7.1825,7.6359897543189055e-06
7.18275,7.6343333849171409e-06
7.183,7.6326937818975754e-06
7.18325,7.6310556079118963e-06
7.1835,7.6294197197393372e-06
7.18375,7.6278006111259054e-06
7.184,7.6261980198137857e-06
7.18425,7.6246176074737183e-06
7.1845,7.6230544041283188e-06
7.18475,7.6215157111232371e-06
7.185,7.6199813882160846e-06
7.18525,7.6184375797519906e-06
7.1855,7.61689059331971e-06
7.18575,7.6153391873996646e-06
7.186,7.6137836019556293e-06
7.18625,7.6122330138125764e-06
7.1865,7.6107085215191199e-06
7.18675,7.6091950690650586e-06
7.187,7.6076734006045148e-06
7.18725,7.6061498193315815e-06
7.1875,7.6046095792547106e-06
7.18775,7.6030507250080578e-06
7.188,7.6014855160484312e-06
7.18825,7.5999208654299561e-06
7.1885,7.5983546120341363e-06
7.18875,7.5967906869956738e-06
7.189,7.5952240114919031e-06
7.18925,7.5936390427075609e-06
7.1895,7.5920476842263493e-06
7.18975,7.5904619249727089e-06
7.19,7.5888744012439151e-06
7.19025,7.5872859720822576e-06
7.1905,7.5857132217486497e-06
7.19075,7.5841335774138231e-06
7.191,7.5825550580874564e-06
7.19125,7.5809948182273051e-06
7.1915,7.5794407242337867e-06
7.19175,7.5778877771006503e-06
7.192,7.5763469242971859e-06
7.19225,7.5747815440598343e-06
7.1925,7.5732152890127238e-06
7.19275,7.5716572085633401e-06
7.193,7.5701052677490222e-06
7.19325,7.5685778274527382e-06
7.1935,7.5670848475745083e-06
7.19375,7.5656092853308754e-06
7.194,7.5641707121823518e-06
7.19425,7.562741424222369e-06
7.1945,7.5613081735708992e-06
7.19475,7.559890462839146e-06
7.195,7.5584613868155589e-06
7.19525,7.5570437010600867e-06
7.1955,7.5556509109920928e-06
7.19575,7.5542865734249938e-06
7.196,7.5529698340619393e-06
7.19625,7.5516847132955399e-06
7.1965,7.5504289480654665e-06
7.19675,7.5491950165464127e-06
7.197,7.5479618389302135e-06
7.19725,7.5467423568343215e-06
7.1975,7.5455537319436534e-06
7.19775,7.5443844142151495e-06
7.198,7.5432662560995567e-06
7.19825,7.5421777525066546e-06
7.1985,7.5410950062910426e-06
7.19875,7.5399934463993557e-06
7.199,7.5388609972230278e-06
7.19925,7.5377204288673175e-06
7.1995,7.5365483681339302e-06
7.19975,7.5353867210995097e-06
7.2,7.5342352624759478e-06
7.20025,7.5331090774488848e-06
7.2005,7.532016809182508e-06
7.20075,7.5309278596015947e-06
7.201,7.529864140063544e-06
7.20125,7.5288023964480614e-06
7.2015,7.5277651488863187e-06
7.20175,7.5267334178134759e-06
7.202,7.5257060762530259e-06
7.20225,7.524681329768245e-06
7.2025,7.5236715839690688e-06
7.20275,7.5227004377314771e-06
7.203,7.5217451151184988e-06
7.20325,7.5208334957311835e-06
7.2035,7.5199440127145678e-06
7.20375,7.519092785823655e-06
7.204,7.5182572948245179e-06
7.20425,7.5174412728682359e-06
7.2045,7.5166262424687398e-06
7.20475,7.5158386813793108e-06
7.205,7.5150786571919328e-06
7.20525,7.5143542796833348e-06
7.2055,7.5136380729334637e-06
7.20575,7.5129429555521526e-06
7.206,7.5122694082472227e-06
7.20625,7.5116064208366943e-06
7.2065,7.5109562029533482e-06
7.20675,7.5103424906326554e-06
7.207,7.5097533555440391e-06
7.20725,7.5092006010781735e-06
7.2075,7.5086839272327998e-06
7.20775,7.508205512698399e-06
7.208,7.5077341851295545e-06
7.20825,7.5072572809958119e-06
7.2085,7.5067684356588754e-06
7.20875,7.5062876263578268e-06
7.209,7.5058367285572685e-06
7.20925,7.5054053315187146e-06
7.2095,7.5049845958285196e-06
7.20975,7.504588681024697e-06
7.21,7.50420230583148e-06
7.21025,7.5038331017617687e-06
7.2105,7.5034833512593044e-06
7.21075,7.5031273921734474e-06
7.211,7.5027945102039589e-06
7.21125,7.5024724559629124e-06
7.2115,7.5021534329848261e-06
7.21175,7.5018634236428558e-06
7.212,7.5016023412598547e-06
7.21225,7.5013386341876117e-06
7.2125,7.5010801697657919e-06
7.21275,7.5008543022154158e-06
7.213,7.5006545109681243e-06
7.21325,7.5004893476350994e-06
7.2135,7.5003698864960975e-06
7.21375,7.5002944275586557e-06
7.214,7.5002373655221879e-06
7.21425,7.5001776283400968e-06
7.2145,7.5001655135215558e-06
7.21475,7.5001630647481483e-06
7.215,7.5001446537603024e-06
7.21525,7.5001687781806736e-06
7.2155,7.5002370619006326e-06
7.21575,7.5003235043364691e-06
7.216,7.5004653456321784e-06
7.21625,7.5006314541038231e-06
7.2165,7.500784342319713e-06
7.21675,7.5009692560855776e-06
7.217,7.5012223402853226e-06
7.21725,7.5015368542996491e-06
7.2175,7.5018838798369327e-06
7.21775,7.5022564560697749e-06
7.218,7.5026238002459673e-06
7.21825,7.5030076213795567e-06
7.2185,7.5033972496397798e-06
7.21875,7.5037835485558172e-06
7.219,7.5041842521653164e-06
7.21925,7.5045994403905667e-06
7.2195,7.5050255920964294e-06
7.21975,7.50547450232674e-06
7.22,7.5059322508829627e-06
7.22025,7.5063962097225377e-06
7.2205,7.5068864634063511e-06
7.22075,7.5074042655401792e-06
7.221,7.5079268810404333e-06
7.22125,7.5084514011200775e-06
7.2215,7.5089847941759788e-06
7.22175,7.5095258064870275e-06
7.222,7.5100896878672261e-06
7.22225,7.5106755185559495e-06
7.2225,7.5112778396967754e-06
7.22275,7.5118982108907713e-06
7.223,7.5125331739492694e-06
7.22325,7.5131794712887782e-06
7.2235,7.5138413892094179e-06
7.22375,7.5145098797054003e-06
7.224,7.515186648249726e-06
7.22425,7.5158800232316266e-06
7.2245,7.5165867042167102e-06
7.22475,7.5173127395009181e-06
7.225,7.5180604576952447e-06
7.22525,7.518833066152406e-06
7.2255,7.5196347853040995e-06
7.22575,7.5204781059590293e-06
7.226,7.5213664114586217e-06
7.22625,7.5222974091891596e-06
7.2265,7.5232747458809801e-06
7.22675,7.5242903123489493e-06
7.227,7.5253240301325495e-06
7.22725,7.5263771656304031e-06
7.2275,7.527436313252415e-06
7.22775,7.5285062754160075e-06
7.228,7.5295782081508231e-06
7.22825,7.5306647367326214e-06
7.2285,7.5317552356716285e-06
7.22875,7.5328674757832516e-06
7.229,7.5339900281356684e-06
7.22925,7.5351256543512453e-06
7.2295,7.5362655183429999e-06
7.22975,7.5374249686107124e-06
7.23,7.5385836080727542e-06
7.23025,7.5397485777019264e-06
7.2305,7.5409001836525656e-06
7.23075,7.5420537418807863e-06
7.231,7.5432185225227363e-06
7.23125,7.5443896106120232e-06
7.2315,7.5455630607047658e-06
7.23175,7.5467448504316302e-06
7.232,7.5479331043082438e-06
7.23225,7.549115897840691e-06
7.2325,7.550296979238204e-06
7.23275,7.5515199759212489e-06
7.233,7.5528422972182892e-06
7.23325,7.5542800713977769e-06
7.2335,7.5557734875192208e-06
7.23375,7.5572270491125093e-06
7.234,7.5586577312802436e-06
7.23425,7.5600743068047063e-06
7.2345,7.5616096847522226e-06
7.23475,7.5632695059317234e-06
7.235,7.5649823778680719e-06
7.23525,7.56668307913463e-06
7.2355,7.5683437963987612e-06
7.23575,7.5698617620055812e-06
7.236,7.5711578306125939e-06
7.23625,7.5723371042564894e-06
7.2365,7.5735814854984512e-06
7.23675,7.5748115652430834e-06
7.237,7.5759859489550096e-06
7.23725,7.5771546398872352e-06
7.2375,7.5785726442061568e-06
7.23775,7.5802007063654063e-06
7.238,7.5819233625981137e-06
7.23825,7.5836489172701197e-06
7.2385,7.5853391737177941e-06
7.23875,7.5870277685287835e-06
7.239,7.5887353138260032e-06
7.23925,7.5904285883992779e-06
7.2395,7.5920203634478201e-06
7.23975,7.5935461461954254e-06
7.24,7.5950375226147626e-06
7.24025,7.5964982863532245e-06
7.2405,7.5979410493897324e-06
7.24075,7.5993872976283405e-06
7.241,7.6008476473286825e-06
7.24125,7.602312285336248e-06
7.2415,7.6038190271932714e-06
7.24175,7.6053787728956812e-06
7.242,7.6070168292649487e-06
7.24225,7.608693685658527e-06
7.2425,7.6103950957692623e-06
7.24275,7.6121122693529576e-06
7.243,7.6138260557149204e-06
7.24325,7.6155277909330157e-06
7.2435,7.6172078616709476e-06
7.24375,7.6188933899592899e-06
7.244,7.6205861449113169e-06
7.24425,7.6222917388616775e-06
7.2445,7.6240062599362824e-06
7.24475,7.625709657563832e-06
7.245,7.6273841594246039e-06
7.24525,7.6290420021948089e-06
7.2455,7.6306965424677113e-06
7.24575,7.6323597653698447e-06
7.246,7.634030097859411e-06
7.24625,7.6357059647315794e-06
7.2465,7.6373872515797292e-06
7.24675,7.6390707874683155e-06
7.247,7.6407609702986099e-06
7.24725,7.6424419082833248e-06
7.2475,7.6441088049859713e-06
7.24775,7.6457561399063074e-06
7.248,7.6473985118502229e-06
7.24825,7.6490403937768049e-06
7.2485,7.6506835019412362e-06
7.24875,7.6523204925356617e-06
7.249,7.6539598615648167e-06
7.24925,7.6556152288496314e-06
7.2495,7.6572930760321892e-06
7.24975,7.6589781315990474e-06
7.25,7.6606653776780324e-06
7.25025,7.6623445269904367e-06
7.2505,7.6640149398476546e-06
7.25075,7.6656753930777908e-06
7.251,7.6673258415279365e-06
7.25125,7.6689513816044752e-06
7.2515,7.6705447809836567e-06
7.25175,7.6721173453044621e-06
7.252,7.6736747215826172e-06
7.25225,7.6752334151268521e-06
7.2525,7.6767943239008125e-06
7.25275,7.6783581820234444e-06
7.253,7.679926074715694e-06
7.25325,7.681488545479072e-06
7.2535,7.6830403574338347e-06
7.25375,7.6845652800956338e-06
7.254,7.6860648436187326e-06
7.25425,7.6875417384341578e-06
7.2545,7.6890010237260229e-06
7.25475,7.6904370097671264e-06
7.255,7.6918434474290632e-06
7.25525,7.6932189821604085e-06
7.2555,7.6945775022156071e-06
7.25575,7.6959261375507456e-06
7.256,7.697261593287416e-06
7.25625,7.6985877215306967e-06
7.2565,7.6999059390694408e-06
7.25675,7.7012074504840469e-06
7.257,7.7024984821128449e-06
7.25725,7.7037759902196426e-06
7.2575,7.7050393221447461e-06
7.25775,7.7062992719320537e-06
7.258,7.7075627396279243e-06
7.25825,7.7088338504966192e-06
7.2585,7.7101063822637794e-06
7.25875,7.7113747548895363e-06
7.259,7.7126400295808121e-06
7.25925,7.7139128195975572e-06
7.2595,7.7151860668925554e-06
7.25975,7.7164495135226183e-06
7.26,7.7177068389297104e-06
7.26025,7.7189602319940715e-06
7.2605,7.7202100378285254e-06
7.26075,7.7214537195832729e-06
7.261,7.7226763726126352e-06
7.26125,7.7238718294384209e-06
7.2615,7.725037393063924e-06
7.26175,7.7261813515321413e-06
7.262,7.7273068050426266e-06
7.26225,7.7284164681239705e-06
7.2625,7.7295107110853198e-06
7.26275,7.730594974920884e-06
7.263,7.7316670347178465e-06
7.26325,7.7327196047315409e-06
7.2635,7.7337408848602185e-06
7.26375,7.7347269594216461e-06
7.264,7.7356784573848244e-06
7.26425,7.7366010022142602e-06
7.2645,7.7374981274555001e-06
7.26475,7.7383776316426153e-06
7.265,7.7392547722130224e-06
7.26525,7.7401411799571229e-06
7.2655,7.7410396906418501e-06
7.26575,7.7419348756454195e-06
7.266,7.7428157491249095e-06
7.26625,7.7436694835950572e-06
7.2665,7.7444944180539264e-06
7.26675,7.7452906550195341e-06
7.267,7.7460650206420789e-06
7.26725,7.7468218890078505e-06
7.2675,7.7475598186622746e-06
7.26775,7.748277117846622e-06
7.268,7.7489759636080655e-06
7.26825,7.7496564110928611e-06
7.2685,7.7503096673630872e-06
7.26875,7.7509290446468914e-06
7.269,7.7515178306021768e-06
7.26925,7.7520852566459572e-06
7.2695,7.7526387279440009e-06
7.26975,7.7531839656770054e-06
7.27,7.7537233310602232e-06
7.27025,7.7542643584373224e-06
7.2705,7.7548059370548476e-06
7.27075,7.7553345902655309e-06
7.271,7.755836941705379e-06
7.27125,7.7563031120010173e-06
7.2715,7.7567373839065374e-06
7.27175,7.7571477421810876e-06
7.272,7.757549352764815e-06
7.27225,7.757950791391513e-06
7.2725,7.7583527754081212e-06
7.27275,7.7587549710392841e-06
7.273,7.7591505131107569e-06
7.27325,7.7595259123540284e-06
7.2735,7.759872116462287e-06
7.27375,7.7601759086974801e-06
7.274,7.7604337515337193e-06
7.27425,7.7606465339174188e-06
7.2745,7.7608225640919628e-06
7.27475,7.7609608557958449e-06
7.275,7.7610585222782378e-06
7.27525,7.7611234424177213e-06
7.2755,7.7611546320889606e-06
7.27575,7.7611528179601065e-06
7.276,7.7611213806690952e-06
7.27625,7.7610613908821721e-06
7.2765,7.7609755720992212e-06
7.27675,7.7608682811565505e-06
7.277,7.760757391842999e-06
7.27725,7.7606504603413462e-06
7.2775,7.7605489983686522e-06
7.27775,7.7604438376437856e-06
7.278,7.7603271882456997e-06
7.27825,7.7601788819917051e-06
7.2785,7.7599888841238753e-06
7.27875,7.7597644166521843e-06
7.279,7.7595196180413198e-06
7.27925,7.7592624894181676e-06
7.2795,7.7590149680803536e-06
7.27975,7.7587812595063538e-06
7.28,7.7585326130212994e-06
7.28025,7.7583166874281184e-06
7.2805,7.7581343746487009e-06
7.28075,7.7579054967371739e-06
7.281,7.7575909944516568e-06
7.28125,7.7571947927104266e-06
7.2815,7.7567692429592343e-06
7.28175,7.7563665539832825e-06
7.282,7.756013356646091e-06
7.28225,7.7556911765602923e-06
7.2825,7.7553659086087642e-06
7.28275,7.7549967859451617e-06
7.283,7.7545460091929409e-06
7.28325,7.754009724186265e-06
7.2835,7.7533960809904038e-06
7.28375,7.7527293075075887e-06
7.284,7.7520368439447479e-06
7.28425,7.7513372341610768e-06
7.2845,7.7506510113607442e-06
7.28475,7.7499749216131776e-06
7.285,7.7493061572491597e-06
7.28525,7.7486357949102121e-06
7.2855,7.7479453074550999e-06
7.28575,7.7472235534968563e-06
7.286,7.7464670661258674e-06
7.28625,7.7456815837498105e-06
7.2865,7.7448672956205488e-06
7.28675,7.744030921767714e-06
7.287,7.7431850523579962e-06
7.28725,7.7423245635326895e-06
7.2875,7.7414555312068065e-06
7.28775,7.740579783891011e-06
7.288,7.739698071224003e-06
7.28825,7.7388097913007094e-06
7.2885,7.7379121091428672e-06
7.28875,7.7370045412746598e-06
7.289,7.7360845318064967e-06
7.28925,7.7351384646821415e-06
7.2895,7.7341711885942475e-06
7.28975,7.7331929400307923e-06
7.29,7.7322076218608945e-06
7.29025,7.7312140179266948e-06
7.2905,7.7302093985245587e-06
7.29075,7.7291805265635415e-06
7.291,7.7281126151200384e-06
7.29125,7.7270030968086819e-06
7.2915,7.7258603403066443e-06
7.29175,7.7246996433373559e-06
7.292,7.7235352406558015e-06
7.29225,7.7223738060821554e-06
7.2925,7.721215825724103e-06
7.29275,7.7200638106152989e-06
7.293,7.7188630923296206e-06
7.29325,7.7176918632010946e-06
7.2935,7.71654653950766e-06
7.29375,7.7153909756042664e-06
7.294,7.7141782752861869e-06
7.29425,7.7128854661525861e-06
7.2945,7.7115322155941456e-06
7.29475,7.7101753856151995e-06
7.295,7.7088651569755925e-06
7.29525,7.7076054170824698e-06
7.2955,7.7063775535897516e-06
7.29575,7.7051475604766092e-06
7.296,7.7038925190008349e-06
7.29625,7.7025960478634759e-06
7.2965,7.701263631345693e-06
7.29675,7.6998950658214534e-06
7.297,7.6984990105462952e-06
7.29725,7.6970892113129595e-06
7.2975,7.6956606830243213e-06
7.29775,7.6942242608513726e-06
7.298,7.6927902455847767e-06
7.29825,7.6913604264832873e-06
7.2985,7.6899223226373475e-06
7.29875,7.6884721713554592e-06
7.299,7.6870021622800488e-06
7.29925,7.6855134666533359e-06
7.2995,7.684005895164661e-06
7.29975,7.6824858473796094e-06
7.3,7.6809643137697398e-06
7.30025,7.6794400298401855e-06
7.3005,7.6779088123677665e-06
7.30075,7.6763683331852877e-06
7.301,7.674760946960389e-06
7.30125,7.6731990404651867e-06
7.3015,7.6716878371583329e-06
7.30175,7.6702322861981594e-06
7.302,7.6687794139616635e-06
7.30225,7.6672846250197417e-06
7.3025,7.665727711883903e-06
7.30275,7.6641433110627542e-06
7.303,7.6625818929946082e-06
7.30325,7.6610595434036634e-06
7.3035,7.6595894867413322e-06
7.30375,7.6581415896306961e-06
7.304,7.6566796371771159e-06
7.30425,7.6551783025349312e-06
7.3045,7.6536499862487496e-06
7.30475,7.6520864580423421e-06
7.305,7.6504993306808914e-06
7.30525,7.6488845038862649e-06
7.3055,7.6472676505018592e-06
7.30575,7.6456562158358991e-06
7.306,7.644042684081611e-06
7.30625,7.6424247466268328e-06
7.3065,7.6408107711839103e-06
7.30675,7.6391352477227816e-06
7.307,7.6374734326863308e-06
7.30725,7.6358110482835113e-06
7.3075,7.6341832404219121e-06
7.30775,7.6325334072638854e-06
7.308,7.6308063856523319e-06
7.30825,7.6289961886715602e-06
7.3085,7.6271461842931895e-06
7.30875,7.6253158078061771e-06
7.309,7.623545447157317e-06
7.30925,7.6218625420758913e-06
7.3095,7.6202523357218568e-06
7.30975,7.6186687615200868e-06
7.31,7.617088716866577e-06
7.31025,7.6154893376794288e-06
7.3105,7.6138649391905926e-06
7.31075,7.6122179202549081e-06
7.311,7.6105854040170859e-06
7.31125,7.6089888709967511e-06
7.3115,7.607422005373491e-06
7.31175,7.6058859847470266e-06
7.312,7.6043807532353408e-06
7.31225,7.6028941339996652e-06
7.3125,7.601414814392822e-06
7.31275,7.5999625620175061e-06
7.313,7.5985222606260506e-06
7.31325,7.5970835278485777e-06
7.3135,7.5956466754322873e-06
7.31375,7.5941976728284618e-06
7.314,7.5927264856119716e-06
7.31425,7.5912623105345899e-06
7.3145,7.5897996512376684e-06
7.31475,7.588333699385933e-06
7.315,7.5868684117056098e-06
7.31525,7.5853946794976269e-06
7.3155,7.5838928876878912e-06
7.31575,7.582393245346403e-06
7.316,7.5808931093060085e-06
7.31625,7.5793860340600374e-06
7.3165,7.5778806097274499e-06
7.31675,7.5763512658569497e-06
7.317,7.5747835514862198e-06
7.31725,7.5732030556102563e-06
7.3175,7.571608459626086e-06
7.31775,7.570007941154544e-06
7.318,7.5684320616265405e-06
7.31825,7.5668632071137357e-06
7.3185,7.5653199307908326e-06
7.31875,7.5637986624319283e-06
7.319,7.5622821222991396e-06
7.31925,7.5607772350785862e-06
7.3195,7.5592730025679905e-06
7.31975,7.5577590247345668e-06
7.32,7.5562645904092377e-06
7.32025,7.5547964980538856e-06
7.3205,7.5533550129158267e-06
7.32075,7.55195767618193e-06
7.321,7.5505861428054166e-06
7.32125,7.5492535874965224e-06
7.3215,7.5479496819205998e-06
7.32175,7.5466610864709585e-06
7.322,7.545422867700087e-06
7.32225,7.544211948404932e-06
7.3225,7.5430510730945099e-06
7.32275,7.5419475492929635e-06
7.323,7.540864261957325e-06
7.32325,7.5398071431830501e-06
7.3235,7.5387296589500416e-06
7.32375,7.5376608060760121e-06
7.324,7.5365948338128096e-06
7.32425,7.5355197710842704e-06
7.3245,7.5344748231731067e-06
7.32475,7.5334471456718436e-06
7.325,7.5324501316511421e-06
7.32525,7.5314757025027081e-06
7.3255,7.530523702167289e-06
7.32575,7.5295829154735311e-06
7.326,7.5286646449939157e-06
7.32625,7.5277729661258536e-06
7.3265,7.5268723770262732e-06
7.32675,7.5259749453252036e-06
7.327,7.5250486115373156e-06
7.32725,7.5241443241297273e-06
7.3275,7.5232514380532689e-06
7.32775,7.5223832376977318e-06
7.328,7.5215305732869194e-06
7.32825,7.5207024617230749e-06
7.3285,7.5198794052507755e-06
7.32875,7.5190511095013132e-06
7.329,7.5182121174697137e-06
7.32925,7.5173593593016512e-06
7.3295,7.5165238771284399e-06
7.32975,7.5157110687606193e-06
7.33,7.5149276781573843e-06
7.33025,7.5141418765874627e-06
7.3305,7.5133824295939273e-06
7.33075,7.5126261164294958e-06
7.331,7.5118723090331472e-06
7.33125,7.5111304278359795e-06
7.3315,7.5104180980552074e-06
7.33175,7.5097278686569352e-06
7.332,7.5090944712015724e-06
7.33225,7.5085032396141325e-06
7.3325,7.5079460313163765e-06
7.33275,7.507412111434438e-06
7.333,7.5068930722946314e-06
7.33325,7.5063732361225815e-06
7.3335,7.5058877537040093e-06
7.33375,7.5054225771782126e-06
7.334,7.5049769577331531e-06
7.33425,7.5045536552214629e-06
7.3345,7.5041617732624542e-06
7.33475,7.5037950877619905e-06
7.335,7.5034730923852632e-06
7.33525,7.5031645804845641e-06
7.3355,7.5028768817847083e-06
7.33575,7.5026251842866968e-06
7.336,7.5023636319430283e-06
7.33625,7.5021011366665739e-06
7.3365,7.5018669964145695e-06
7.33675,7.5016341556244723e-06
7.337,7.5014046365363313e-06
7.33725,7.5012079568190588e-06
7.3375,7.5010310788168423e-06
7.33775,7.5008934291987015e-06
7.338,7.5007725495466578e-06
7.33825,7.5006938648410027e-06
7.3385,7.5006391277632537e-06
7.33875,7.5005785280450815e-06
7.339,7.5005414958394595e-06
7.33925,7.5005367338220698e-06
7.3395,7.5004825540579451e-06
7.33975,7.5004405779141336e-06
7.34,7.5004203299312193e-06
7.34025,7.5004245058026201e-06
7.3405,7.5004638729836558e-06
7.34075,7.5005431010863474e-06
7.341,7.50061842169153e-06
7.34125,7.5007015863332292e-06
7.3415,7.5008358330936133e-06
7.34175,7.5010831962841724e-06
7.342,7.5013476016010798e-06
7.34225,7.5016525301156802e-06
7.3425,7.5019735631765211e-06
7.34275,7.5023002872628039e-06
7.343,7.5026538032960478e-06
7.34325,7.5030132484153695e-06
7.3435,7.5033841420459993e-06
7.34375,7.5037799052094639e-06
7.344,7.5041978609813829e-06
7.34425,7.5046281464399171e-06
7.3445,7.5051048172441093e-06
7.34475,7.5056073542508835e-06
7.345,7.5061200320380985e-06
7.34525,7.5066637186811157e-06
7.3455,7.5072392542154091e-06
7.34575,7.5078458975112728e-06
7.346,7.508472480031997e-06
7.34625,7.5090977088753056e-06
7.3465,7.5097241855016267e-06
7.34675,7.5103561734136209e-06
7.347,7.510984712991753e-06
7.34725,7.5116222735591646e-06
7.3475,7.5122825739200059e-06
7.34775,7.5129685692917797e-06
7.348,7.513680634810539e-06
7.34825,7.5144072212687875e-06
7.3485,7.5151418311946025e-06
7.34875,7.5158781534586024e-06
7.349,7.5166087236932225e-06
7.34925,7.5173375563641186e-06
7.3495,7.5180715526299911e-06
7.34975,7.5188123459699841e-06
7.35,7.5195778935594256e-06
7.35025,7.5203772885190684e-06
7.3505,7.5212161472212165e-06
7.35075,7.5221017879306471e-06
7.351,7.5230271552130069e-06
7.35125,7.5239967807546564e-06
7.3515,7.5249929001176783e-06
7.35175,7.5260195237477592e-06
7.352,7.5270577475639474e-06
7.35225,7.5281101016003643e-06
7.3525,7.529173637633201e-06
7.35275,7.5302520132868071e-06
7.353,7.5313444288949818e-06
7.35325,7.5324602208236375e-06
7.3535,7.5335976250064369e-06
7.35375,7.5347573439175063e-06
7.354,7.5359166128400905e-06
7.35425,7.5370935034545078e-06
7.3545,7.5382732536242918e-06
7.35475,7.5394612402819811e-06
7.355,7.5406563710195189e-06
7.35525,7.5418599630341256e-06
7.3555,7.5430614650828645e-06
7.35575,7.5442803235592762e-06
7.356,7.5455255186135378e-06
7.35625,7.5467784126556581e-06
7.3565,7.5480247619739243e-06
7.35675,7.5492665564040992e-06
7.357,7.5504962324256017e-06
7.35725,7.5517327489366802e-06
7.3575,7.5530485509449767e-06
7.35775,7.5544483762509091e-06
7.358,7.5559504828445875e-06
7.35825,7.5574611102680654e-06
7.3585,7.5589356379332424e-06
7.35875,7.5603615057932134e-06
7.359,7.5618900326476861e-06
7.35925,7.5635384721279878e-06
7.3595,7.5652746153411257e-06
7.35975,7.5670116159972322e-06
7.36,7.5687304714172172e-06
7.36025,7.570356556240127e-06
7.3605,7.5717602664092928e-06
7.36075,7.5729936475545572e-06
7.361,7.5742152186130437e-06
7.36125,7.5755012781169713e-06
7.3615,7.576729553008476e-06
7.36175,7.5779031374843603e-06
7.362,7.5791861685938125e-06
7.36225,7.5807324267384025e-06
7.3625,7.5824131534635288e-06
7.36275,7.5841284331255532e-06
7.363,7.5858174288569716e-06
7.36325,7.5874898032813659e-06
7.3635,7.5891771746735967e-06
7.36375,7.59089156204992e-06
7.364,7.5925490324623865e-06
7.36425,7.5940952196220165e-06
7.3645,7.5956005270985782e-06
7.36475,7.5970711073941058e-06
7.365,7.5985121628555762e-06
7.36525,7.5999374048164589e-06
7.3655,7.6013636548138524e-06
7.36575,7.6027857152709373e-06
7.366,7.6042279202989167e-06
7.36625,7.6057139041635082e-06
7.3665,7.6072684983536276e-06
7.36675,7.6088772090170532e-06
7.367,7.6105207369462265e-06
7.36725,7.6121849501992835e-06
7.3675,7.6138540979334895e-06
7.36775,7.615525089952802e-06
7.368,7.6171755793134464e-06
7.36825,7.6188298119084086e-06
7.3685,7.6204884862880277e-06
7.36875,7.6221481307187872e-06
7.369,7.6238090172225653e-06
7.36925,7.6254614639316852e-06
7.3695,7.6270866793392052e-06
7.36975,7.6286946349229433e-06
7.37,7.6303120402342852e-06
7.37025,7.631944122131625e-06
7.3705,7.6335949046385106e-06
7.37075,7.6352495514972194e-06
7.371,7.6369060652877997e-06
7.37125,7.6385570828767553e-06
7.3715,7.6402070041117225e-06
7.37175,7.6418550758266392e-06
7.372,7.6434889073740576e-06
7.37225,7.6451057740361622e-06
7.3725,7.6467101256108321e-06
7.37275,7.6483190106758758e-06
7.373,7.6499419715317505e-06
7.37325,7.6515697491613564e-06
7.3735,7.6531971016935389e-06
7.37375,7.6548291344457748e-06
7.374,7.6564776001062454e-06
7.37425,7.6581386266652518e-06
7.3745,7.6597969908807137e-06
7.37475,7.6614498925214455e-06
7.375,7.6630951420235584e-06
7.37525,7.6647275032155284e-06
7.3755,7.6663473502355605e-06
7.37575,7.6679454247335461e-06
7.376,7.6695220139308716e-06
7.37625,7.6710915641230116e-06
7.3765,7.6726609182200788e-06
7.37675,7.6742406343214727e-06
7.377,7.675833630264567e-06
7.37725,7.6774380545493141e-06
7.3775,7.6790541416988948e-06
7.37775,7.6806731247701913e-06
7.378,7.6822896128209063e-06
7.37825,7.6838860392233441e-06
7.3785,7.68546366808618e-06
7.37875,7.6870272417066452e-06
7.379,7.6885780646024213e-06
7.37925,7.6901055608174039e-06
7.3795,7.6916061423254985e-06
7.37975,7.6930806405314168e-06
7.38,7.6945330060299708e-06
7.38025,7.6959667313551747e-06
7.3805,7.6973706420902931e-06
7.38075,7.6987476922841477e-06
7.381,7.7001009463130702e-06
7.38125,7.7014398341598952e-06
7.3815,7.7027721425341527e-06
7.38175,7.704093451741843e-06
7.382,7.705398315171153e-06
7.38225,7.7066784728795549e-06
7.3825,7.7079428322536092e-06
7.38275,7.7091981599169255e-06
7.383,7.7104393994932944e-06
7.38325,7.7116694422458811e-06
7.3835,7.7128912250620555e-06
7.38375,7.714109604630689e-06
7.384,7.7153215000301672e-06
7.38425,7.7165211765564086e-06
7.3845,7.7177122477895498e-06
7.38475,7.7189029879680729e-06
7.385,7.7201030959768567e-06
7.38525,7.7213109340499505e-06
7.3855,7.7225169650925347e-06
7.38575,7.7237073067471926e-06
7.386,7.7248722840515837e-06
7.38625,7.7260131144891956e-06
7.3865,7.727127431402506e-06
7.38675,7.7282212704781631e-06
7.387,7.7293095532602967e-06
7.38725,7.73040449527305e-06
7.3875,7.7315114561150386e-06
7.38775,7.7326190117950759e-06
7.388,7.7337092514045556e-06
7.38825,7.7347648560255292e-06
7.3885,7.7357781251122495e-06
7.38875,7.7367454221292096e-06
7.389,7.7376716440181262e-06
7.38925,7.7385689915507016e-06
7.3895,7.7394519732601182e-06
7.38975,7.740329312111643e-06
7.39,7.7412061989425769e-06
7.39025,7.7420834956270923e-06
7.3905,7.7429523939042583e-06
7.39075,7.7437966880774054e-06
7.391,7.7446054906366085e-06
7.39125,7.7453751201368856e-06
7.3915,7.746112796541557e-06
7.39175,7.7468181575049915e-06
7.392,7.7474885581189625e-06
7.39225,7.7481282595350501e-06
7.3925,7.74874362220609e-06
7.39275,7.7493452204656307e-06
7.393,7.7499351741363122e-06
7.39325,7.7505068991356238e-06
7.3935,7.7510546320918454e-06
7.39375,7.7515799150100836e-06
7.394,7.7520924258980775e-06
7.39425,7.7525974376369561e-06
7.3945,7.7530982092864302e-06
7.39475,7.7535983370226217e-06
7.395,7.7540954746553887e-06
7.39525,7.7545911924609702e-06
7.3955,7.7550775949305346e-06
7.39575,7.7555374959446263e-06
7.396,7.7559596922218412e-06
7.39625,7.756349930217581e-06
7.3965,7.756731275484689e-06
7.39675,7.7571240749391695e-06
7.397,7.7575340540200949e-06
7.39725,7.7579622376822971e-06
7.3975,7.7583885304397065e-06
7.39775,7.7587977222804434e-06
7.398,7.7591793788810097e-06
7.39825,7.7595184737057525e-06
7.3985,7.7598020643293489e-06
7.39875,7.7600301368012359e-06
7.399,7.7602120066928717e-06
7.39925,7.7603537023992026e-06
7.3995,7.7604586796680068e-06
7.39975,7.7605323360969159e-06
7.4,7.7605778004617344e-06
7.40025,7.7605947190980346e-06
7.4005,7.7605872317753086e-06
7.40075,7.7605537765184112e-06
7.401,7.7604878727925074e-06
7.40125,7.7603955071018415e-06
7.4015,7.7602814222716289e-06
7.40175,7.7601695197887807e-06
7.402,7.7600676747877083e-06
7.40225,7.7599684904515406e-06
7.4025,7.7598612090350835e-06
7.40275,7.7597268172912207e-06
7.403,7.7595528256057595e-06
7.40325,7.7593414377613054e-06
7.4035,7.759099613430763e-06
7.40375,7.758837645374039e-06
7.404,7.7585677454149385e-06
7.40425,7.7583013497917366e-06
7.4045,7.7580470318006724e-06
7.40475,7.7577972681673147e-06
7.405,7.7575479671074977e-06
7.40525,7.7572821232727301e-06
7.4055,7.7569884545057306e-06
7.40575,7.7566617620843532e-06
7.406,7.7563090369381906e-06
7.40625,7.7559384106239769e-06
7.4065,7.7555514216878007e-06
7.40675,7.7551496735186414e-06
7.407,7.7547332197371168e-06
7.40725,7.7543018761060664e-06
7.4075,7.7538519308393304e-06
7.40775,7.7533787595941029e-06
7.408,7.7528827275967657e-06
7.40825,7.7523660340798955e-06
7.4085,7.7518399921045978e-06
7.40875,7.7513030209330739e-06
7.409,7.750754825454032e-06
7.40925,7.7501893754159127e-06
7.4095,7.7496045779033584e-06
7.40975,7.7490046872682668e-06
7.41,7.7483951444484383e-06
7.41025,7.7477726834060878e-06
7.4105,7.747134466195686e-06
7.41075,7.746484112191107e-06
7.411,7.74581545102917e-06
7.41125,7.7451263398485776e-06
7.4115,7.7444153948555427e-06
7.41175,7.7436767972818583e-06
7.412,7.7429055700181101e-06
7.41225,7.7420979102703553e-06
7.4125,7.7412005761120371e-06
7.41275,7.7403359526307425e-06
7.413,7.7394956960537026e-06
7.41325,7.7386265698627353e-06
7.4135,7.7376575442820414e-06
7.41375,7.7365797933413539e-06
7.414,7.7354405839631383e-06
7.41425,7.7343095045301498e-06
7.4145,7.7332241110859855e-06
7.41475,7.7321889361868453e-06
7.415,7.7311691552673141e-06
7.41525,7.7301149146293891e-06
7.4155,7.7289946779139427e-06
7.41575,7.7277972657726021e-06
7.416,7.7265337868014151e-06
7.41625,7.7252283525232526e-06
7.4165,7.7239177112174404e-06
7.41675,7.7226275461399495e-06
7.417,7.7213813512824864e-06
7.41725,7.7201895180352566e-06
7.4175,7.7190354163565795e-06
7.41775,7.7178616948658392e-06
7.418,7.7167197806485514e-06
7.41825,7.7156138624591655e-06
7.4185,7.7144794843981403e-06
7.41875,7.7132155674948971e-06
7.419,7.7118957283772748e-06
7.41925,7.7105895554326397e-06
7.4195,7.7093165045464622e-06
7.41975,7.7080561925293908e-06
7.42,7.7067468458350778e-06
7.42025,7.7054739503160355e-06
7.4205,7.7042912109689635e-06
7.42075,7.7031546990404063e-06
7.421,7.7019881169384335e-06
7.42125,7.7007014790209977e-06
7.4215,7.6993560884833884e-06
7.42175,7.6980237267858337e-06
7.422,7.6966450548008225e-06
7.42225,7.6952413217847412e-06
7.4225,7.6938391568488575e-06
7.42275,7.6924068392924883e-06
7.423,7.6908706236019586e-06
7.42325,7.6892976419806359e-06
7.4235,7.6877767877437941e-06
7.42375,7.6863107084542865e-06
7.424,7.6848608766610947e-06
7.42425,7.6833743075342534e-06
7.4245,7.6818411499046557e-06
7.42475,7.680266659766001e-06
7.425,7.6786820787379303e-06
7.42525,7.6770964526321407e-06
7.4255,7.6755045693273583e-06
7.42575,7.6738989209725647e-06
7.426,7.6722716370193002e-06
7.42625,7.6706258837047397e-06
7.4265,7.6689697408205849e-06
7.42675,7.6673200367160678e-06
7.427,7.6656888010988696e-06
7.42725,7.6640734658544985e-06
7.4275,7.6624710774840826e-06
7.42775,7.660863170347545e-06
7.428,7.6592541329194345e-06
7.42825,7.6576483560714521e-06
7.4285,7.6560439521935261e-06
7.42875,7.6544401537496193e-06
7.429,7.6528427827705808e-06
7.42925,7.6512492762402119e-06
7.4295,7.6496541721849115e-06
7.42975,7.6480583991829609e-06
7.43,7.6464585017089078e-06
7.43025,7.6448624260520139e-06
7.4305,7.6432666440931472e-06
7.43075,7.6416753410644959e-06
7.431,7.6400934901595749e-06
7.43125,7.6385253720900878e-06
7.4315,7.636964965764325e-06
7.43175,7.6353981159281946e-06
7.432,7.6338224830516156e-06
7.43225,7.632241422702287e-06
7.4325,7.6306364554399049e-06
7.43275,7.6290094310152552e-06
7.433,7.627376980692147e-06
7.43325,7.6257434834665373e-06
7.4335,7.6241136563512645e-06
7.43375,7.622488907329893e-06
7.434,7.6208826809516e-06
7.43425,7.6192739856588239e-06
7.4345,7.617656434665524e-06
7.43475,7.6160352308236562e-06
7.435,7.6144149058803015e-06
7.43525,7.6127966070402259e-06
7.4355,7.6111913674461845e-06
7.43575,7.6096161669353145e-06
7.436,7.6080572196895382e-06
7.43625,7.6064977008579585e-06
7.4365,7.6049437273230937e-06
7.43675,7.6033842246712595e-06
7.437,7.6018129346837228e-06
7.43725,7.6002479364718413e-06
7.4375,7.5986963083928356e-06
7.43775,7.5971575208789254e-06
7.438,7.5956347208618691e-06
7.43825,7.5941195326095859e-06
7.4385,7.5925972979169875e-06
7.43875,7.5910848814978815e-06
7.439,7.5895925443525345e-06
7.43925,7.5881039624996453e-06
7.4395,7.5866178234202091e-06
7.43975,7.5851501139453875e-06
7.44,7.5836737128603554e-06
7.44025,7.5821991874347775e-06
7.4405,7.5807370686522724e-06
7.44075,7.579274926896965e-06
7.441,7.5778065039677005e-06
7.44125,7.5763369637071397e-06
7.4415,7.5748313902300233e-06
7.44175,7.5733128749925361e-06
7.442,7.5717899775618874e-06
7.44225,7.5702587157756404e-06
7.4425,7.5687448876922808e-06
7.44275,7.5672530539602052e-06
7.443,7.5657655355355811e-06
7.44325,7.5643023635054541e-06
7.4435,7.5628317699567891e-06
7.44375,7.5613475367370953e-06
7.444,7.5598666143623366e-06
7.44425,7.5583631121130843e-06
7.4445,7.5568617812675732e-06
7.44475,7.5553754729258304e-06
7.445,7.5539078461599474e-06
7.44525,7.5524822763436334e-06
7.4455,7.5510830682799643e-06
7.44575,7.549712532787235e-06
7.446,7.5483675441835254e-06
7.44625,7.5470249655943594e-06
7.4465,7.5457035330275248e-06
7.44675,7.5444186903859022e-06
7.447,7.5431590910971352e-06
7.44725,7.5419646011794556e-06
7.4475,7.5408020288377834e-06
7.44775,7.5396595099395276e-06
7.448,7.538506047712682e-06
7.44825,7.5373357932241244e-06
7.4485,7.5361735202664533e-06
7.44875,7.5349965507336248e-06
7.449,7.5338519627302136e-06
7.44925,7.5327364894208564e-06
7.4495,7.5316623931322605e-06
7.44975,7.530638633454834e-06
7.45,7.5296321394330876e-06
7.45025,7.5286626495796568e-06
7.4505,7.5277087950923213e-06
7.45075,7.5267896107363188e-06
7.451,7.5258812908749782e-06
7.45125,7.5249827546124021e-06
7.4515,7.5240856201532812e-06
7.45175,7.523202675765533e-06
7.452,7.5223534886814702e-06
7.45225,7.5215156871852831e-06
7.4525,7.5207071951904975e-06
7.45275,7.5199072218845053e-06
7.453,7.5191258948432228e-06
7.45325,7.518341555760886e-06
7.4535,7.5175585310391196e-06
7.45375,7.5167579190102331e-06
7.454,7.5159738841010445e-06
7.45425,7.5151995591849152e-06
7.4545,7.5144450223242972e-06
7.45475,7.5136803893819293e-06
7.455,7.5129269010251143e-06
7.45525,7.5121849222735561e-06
7.4555,7.5114436726859948e-06
7.45575,7.5107120080638945e-06
7.456,7.5100115112893253e-06
7.45625,7.5093335287404295e-06
7.4565,7.5086923643347343e-06
7.45675,7.5080906636489677e-06
7.457,7.5075325245895522e-06
7.45725,7.5069943205428058e-06
7.4575,7.5064654128097003e-06
7.45775,7.5059395377300435e-06
7.458,7.5054364154541696e-06
7.45825,7.5049741998251078e-06
7.4585,7.5045446469429834e-06
7.45875,7.5041401421297612e-06
7.459,7.5037703753328575e-06
7.45925,7.5034255506576573e-06
7.4595,7.5031120780976699e-06
7.45975,7.5028282518854887e-06
7.46,7.5025514595128693e-06
7.46025,7.502306034135254e-06
7.4605,7.5020801530932601e-06
7.46075,7.5018618074605896e-06
7.461,7.5016711223222729e-06
7.46125,7.5015047838203762e-06
7.4615,7.5013302841626107e-06
7.46175,7.5011548904379185e-06
7.462,7.5010038126847411e-06
7.46225,7.5008691134338839e-06
7.4625,7.5007608097879565e-06
7.46275,7.5006863038532129e-06
7.463,7.5006444396683613e-06
7.46325,7.5006032923776788e-06
7.4635,7.5005463525342398e-06
7.46375,7.5005244668808144e-06
7.464,7.5004963934377911e-06
7.46425,7.5004472512610807e-06
7.4645,7.50043372545436e-06
7.46475,7.5004601349190511e-06
7.465,7.5005005668072539e-06
7.46525,7.5005949857400566e-06
7.4655,7.5007094454274504e-06
7.46575,7.5008140892988036e-06
7.466,7.5009562863894046e-06
7.46625,7.5011754750978259e-06
7.4665,7.501460390341609e-06
7.46675,7.5017875935661434e-06
7.467,7.5021486909108856e-06
7.46725,7.5025110405271653e-06
7.4675,7.5028947360549421e-06
7.46775,7.5032902581967232e-06
7.468,7.5036863141978508e-06
7.46825,7.5041002808821213e-06
7.4685,7.5045334367771854e-06
7.46875,7.5049799136380195e-06
7.469,7.5054550401280637e-06
7.46925,7.5059401921051097e-06
7.4695,7.5064346072072703e-06
7.46975,7.5069582950195642e-06
7.47,7.5075171260239695e-06
7.47025,7.5080853682267656e-06
7.4705,7.5086561720619118e-06
7.47075,7.5092336115133029e-06
7.471,7.5098156084989384e-06
7.47125,7.5104195662603451e-06
7.4715,7.5110398951950998e-06
7.47175,7.5116726650230154e-06
7.472,7.512319505115836e-06
7.47225,7.5129756200494125e-06
7.4725,7.5136412879650974e-06
7.47275,7.5143187392593434e-06
7.473,7.5149993171358497e-06
7.47325,7.5156864247562774e-06
7.4735,7.5163860281505079e-06
7.47375,7.5170964135255255e-06
7.474,7.517821344706377e-06
7.47425,7.5185631324868144e-06
7.4745,7.5193251467028016e-06
7.47475,7.5201095547376123e-06
7.475,7.5209288804598449e-06
7.47525,7.5217876203013744e-06
7.4755,7.5226862952571219e-06
7.47575,7.5236293972349662e-06
7.476,7.5246083370038447e-06
7.47625,7.5256078305967798e-06
7.4765,7.5266265517897942e-06
7.47675,7.5276492362699714e-06
7.477,7.528688875188292e-06
7.47725,7.5297335026541287e-06
7.4775,7.5307972093888155e-06
7.47775,7.5318693995937137e-06
7.478,7.5329681289154683e-06
7.47825,7.5340784197158972e-06
7.4785,7.5352045699422126e-06
7.47875,7.5363398646786808e-06
7.479,7.5374997108279377e-06
7.47925,7.5386636165562072e-06
7.4795,7.5398375768850996e-06
7.47975,7.5410027382426206e-06
7.48,7.5421768533108918e-06
7.48025,7.5433657179715126e-06
7.4805,7.5445639159234677e-06
7.48075,7.5457663670282446e-06
7.481,7.5469799337779488e-06
7.48125,7.5481995337863014e-06
7.4815,7.5494139491052919e-06
7.48175,7.5506276179104705e-06
7.482,7.5518821539331436e-06
7.48225,7.5532379802581241e-06
7.4825,7.5547123993654096e-06
7.48275,7.5562435844702052e-06
7.483,7.5577382156754146e-06
7.48325,7.559209765174433e-06
7.4835,7.5606714623449325e-06
7.48375,7.5622535285639431e-06
7.484,7.5639631504824982e-06
7.48425,7.5657268113515053e-06
7.4845,7.5674801973619101e-06
7.48475,7.5691950175995082e-06
7.485,7.5707679781783226e-06
7.48525,7.5721176297975554e-06
7.4855,7.5733487393573808e-06
7.48575,7.5746460232318669e-06
7.486,7.5759243615811319e-06
7.48625,7.5771412194050346e-06
7.4865,7.5783485376102586e-06
7.48675,7.5798061317723417e-06
7.487,7.5814622666500617e-06
7.48725,7.5832013263439678e-06
7.4875,7.5849344950764958e-06
7.48775,7.5866273075520152e-06
7.488,7.588315484397353e-06
7.48825,7.5900202858576606e-06
7.4885,7.5917080613296805e-06
7.48875,7.5932897579967526e-06
7.489,7.5948088340634353e-06
7.48925,7.5962915952306341e-06
7.4895,7.5977437067785233e-06
7.48975,7.5991784389099827e-06
7.49,7.6006187407182055e-06
7.49025,7.6020728027567272e-06
7.4905,7.6035310137174249e-06
7.49075,7.6050349575249077e-06
7.491,7.6065971682509581e-06
7.49125,7.6082399731037754e-06
7.4915,7.6099243304207007e-06
7.49175,7.6116366300624223e-06
7.492,7.6133626709403372e-06
7.49225,7.6150862216638392e-06
7.4925,7.6167944255571318e-06
7.49275,7.6184796078190769e-06
7.493,7.6201661580773618e-06
7.49325,7.6218557290254919e-06
7.4935,7.6235512281453033e-06
7.49375,7.6252501578852333e-06
7.494,7.6269325364142974e-06
7.49425,7.6285804349720466e-06
7.4945,7.6302055176314874e-06
7.49475,7.6318212897920935e-06
7.495,7.6334383973001545e-06
7.49525,7.6350561862744921e-06
7.4955,7.6366760755278597e-06
7.49575,7.6382960880047616e-06
7.496,7.6399145998579178e-06
7.49625,7.6415369522655201e-06
7.4965,7.6431480905363323e-06
7.49675,7.6447434507165099e-06
7.497,7.6463213930640204e-06
7.49725,7.6479003601776674e-06
7.4975,7.6494847493679679e-06
7.49775,7.6510735401043515e-06
7.498,7.6526604989059306e-06
7.49825,7.6542543616927159e-06
7.4985,7.655868292156605e-06
7.49875,7.6575054397243604e-06
7.499,7.6591520308637137e-06
7.49925,7.6608015234374206e-06
7.4995,7.662446891397408e-06
7.49975,7.6640914457559678e-06
7.5,7.6657338536650107e-06
