Physical Time (s),ep_left Monitor (W)
0.0025,4.2206283048460604e-13
0.005,2.7837625348769339e-10
0.0075,1.1452199895010266e-08
0.01,1.0653938479878131e-07
0.0125,3.9549681438855016e-07
0.015,7.6185557249230936e-07
0.0175,7.0870780697222551e-07
0.02,1.7260420878945876e-07
0.0225,3.4734130359944104e-08
0.025,5.0562670827102056e-07
0.0275,6.4771572040994893e-07
0.03,2.4184575159928121e-07
0.0325,-1.0394805517027137e-07
0.035,-1.6101830126536227e-07
0.0375,-6.2073786397681329e-08
0.04,2.3997215871030911e-08
0.0425,7.8309024711785685e-09
0.045,-7.7023144902089911e-08
0.0475,-1.2590458542539616e-07
0.05,-9.7098139698070651e-08
0.0525,-4.0339187622909192e-08
0.055,-7.7491535593137383e-09
0.0575,-1.4060747858061041e-09
0.06,-3.9336085955828985e-09
0.0625,-5.9104228752536732e-09
0.065,-2.4683473127752016e-09
0.0675,8.3525061536489263e-09
0.07,2.1999819113212402e-08
0.0725,3.078226521250209e-08
0.075,3.0413581650208072e-08
0.0775,2.2029983796450367e-08
0.08,1.0132177422210376e-08
0.0825,-1.1928312774116306e-10
0.085,-5.2429121879185031e-09
0.0875,-4.7958518243939296e-09
0.09,-1.304352291837407e-09
0.0925,1.5721789358069008e-09
0.095,1.7546548906347271e-09
0.0975,1.6696964786600584e-10
0.1,-3.755725281751896e-10
0.1025,2.2899061018272982e-09
0.105,7.9772468187436696e-09
0.1075,1.4450955148602336e-08
0.11,1.9005225207877641e-08
0.1125,2.0010295788247246e-08
0.115,1.7463805592687847e-08
0.1175,1.2634736063763369e-08
0.12,7.1701379506364303e-09
0.1225,2.3733423041382054e-09
0.125,-1.0990588197127748e-09
0.1275,-3.1090046169426224e-09
0.13,-3.8077698387002764e-09
0.1325,-3.4987034310361997e-09
0.135,-2.5285262613825191e-09
0.1375,-1.2426832918549257e-09
0.14,7.8531987791237356e-11
0.1425,1.2769787178798413e-09
0.145,2.2850444503044608e-09
0.1475,3.02136111797375e-09
0.15,3.3226321359627508e-09
0.1525,2.9560506957016086e-09
0.155,1.7137120686839496e-09
0.1575,-4.7616960603973162e-10
0.16,-3.4848194104079634e-09
0.1625,-6.9727770071429286e-09
0.165,-1.0400920634795256e-08
0.1675,-1.3027187182471902e-08
0.17,-1.3916298197958554e-08
0.1725,-1.206358580704586e-08
0.175,-6.73604135340796e-09
0.1775,2.0392487804794102e-09
0.18,1.3080499036341418e-08
0.1825,2.4104433611267975e-08
0.185,3.2409062696098243e-08
0.1875,3.5865035919876476e-08
0.19,3.3749217855367182e-08
0.1925,2.6968391864912674e-08
0.195,1.7593019781642513e-08
0.1975,7.9910875309227724e-09
0.2,1.1223853208548986e-10
0.2025,-4.9322085225129374e-09
0.205,-6.9204801588860929e-09
0.2075,-6.334770106534705e-09
0.21,-4.0539211182639386e-09
0.2125,-1.0786080553716677e-09
0.215,1.6291681829746178e-09
0.2175,3.2773832485149361e-09
0.22,3.3688641302738583e-09
0.2225,1.7782712758151012e-09
0.225,-1.2916153540072702e-09
0.2275,-5.4350675054866662e-09
0.23,-1.0136220262783685e-08
0.2325,-1.4756473930442083e-08
0.235,-1.8553472196500737e-08
0.2375,-2.0720161757837252e-08
0.24,-2.0503373357493284e-08
0.2425,-1.7424259333397565e-08
0.245,-1.1527525535368703e-08
0.2475,-3.4961210725803714e-09
0.25,5.4296024799860726e-09
0.2525,1.3756092536792255e-08
0.255,2.0121297276629993e-08
0.2575,2.3628031654044912e-08
0.26,2.4033455003384635e-08
0.2625,2.1729859469004662e-08
0.265,1.7567062950979932e-08
0.2675,1.2583613386375456e-08
0.27,7.7625183723061305e-09
0.2725,3.838244681674546e-09
0.275,1.1888162751582277e-09
0.2775,-1.6109472784531805e-10
0.28,-4.5194280341890607e-10
0.2825,-6.54018073496991e-11
0.285,6.0004625442957767e-10
0.2875,1.2271369272139185e-09
0.29,1.6296213001924506e-09
0.2925,1.752070804184339e-09
0.295,1.6360157028630489e-09
0.2975,1.3725374244225294e-09
0.3,1.0611140615273331e-09
0.3025,7.8470896447755181e-10
0.305,5.9802313587352938e-10
0.3075,5.2539180706280694e-10
0.31,5.6379094487708287e-10
0.3125,6.9010867719814087e-10
0.315,8.7324936905536889e-10
0.3175,1.0822081916773826e-09
0.32,1.2930121476347624e-09
0.3225,1.4925842109612308e-09
0.325,1.6727784359527254e-09
0.3275,1.8295266194074612e-09
0.33,1.9617865236239373e-09
0.3325,2.0743595570120801e-09
0.335,2.1792242493965762e-09
0.3375,2.296402925142487e-09
0.34,2.4549471665442972e-09
0.3425,2.6849984203968611e-09
0.345,3.0120603133747773e-09
0.3475,3.4525927734977089e-09
0.35,4.0136415587152712e-09
0.3525,4.6990947209956455e-09
0.355,5.5054967813339083e-09
0.3575,6.4220437695490359e-09
0.36,7.4273848503166137e-09
0.3625,8.482150161223597e-09
0.365,9.5219136496052237e-09
0.3675,1.0460301215864559e-08
0.37,1.1198446525184451e-08
0.3725,1.164399484430023e-08
0.375,1.1723975572656971e-08
0.3775,1.1400689447609395e-08
0.38,1.0673238556807436e-08
0.3825,9.5864900618060003e-09
0.385,8.2238090487736395e-09
0.3875,6.6982559488653038e-09
0.39,5.1365673562390753e-09
0.3925,3.6623794125114804e-09
0.395,2.3798938110357604e-09
0.3975,1.3570041256164045e-09
0.4,6.1185617822462095e-10
0.4025,1.0538461688336334e-10
0.405,-2.5261120239887148e-10
0.4075,-5.9284418460449302e-10
0.41,-1.0569759710088529e-09
0.4125,-1.7657590851046899e-09
0.415,-2.779846363911812e-09
0.4175,-4.0750734028154072e-09
0.42,-5.52997874910904e-09
0.4225,-6.9340241408004708e-09
0.425,-8.0197429747549729e-09
0.4275,-8.5108270846109619e-09
0.43,-8.1806973568545737e-09
0.4325,-6.9027998071181718e-09
0.435,-4.6884504100152795e-09
0.4375,-1.7004207295894454e-09
0.44,1.771431907583988e-09
0.4425,5.3516903722207979e-09
0.445,8.6462513321573238e-09
0.4475,1.1313046217917854e-08
0.45,1.3099314258625334e-08
0.4525,1.3882161843500249e-08
0.455,1.3669754409127498e-08
0.4575,1.2597112985847704e-08
0.46,1.0888520784472174e-08
0.4625,8.8285364648527024e-09
0.465,6.6996813883477646e-09
0.4675,4.736195766657633e-09
0.47,3.0983477395607944e-09
0.4725,1.8537225876420779e-09
0.475,9.8022730571091017e-10
0.4775,3.7624401247660885e-10
0.48,-1.1484601542684201e-10
0.4825,-6.6608332955155891e-10
0.485,-1.4325216778300517e-09
0.4875,-2.5113105674156615e-09
0.49,-3.918308543213356e-09
0.4925,-5.5778967012649367e-09
0.495,-7.3315336213250579e-09
0.4975,-8.9616659896412988e-09
0.5,-1.0229212050647177e-08
0.5025,-1.0922715942308728e-08
0.505,-1.0898575870001586e-08
0.5075,-1.0101462236815795e-08
0.51,-8.5716597347193094e-09
0.5125,-6.435082112570193e-09
0.515,-3.8809701130211254e-09
0.5175,-1.1296225189262297e-09
0.52,1.5924561736624358e-09
0.5225,4.0811344303396946e-09
0.525,6.1706203467773772e-09
0.5275,7.750908648520097e-09
0.53,8.7721902894949983e-09
0.5325,9.2469502355198558e-09
0.535,9.2387555778829166e-09
0.5375,8.8495336831688367e-09
0.54,8.2013539586869065e-09
0.5425,7.4165321274977973e-09
0.545,6.6002786727570603e-09
0.5475,5.8269654922772768e-09
0.55,5.1352811504624978e-09
0.5525,4.5318587224682273e-09
0.555,3.9989952356074785e-09
0.5575,3.5056596273305801e-09
0.56,3.0192386498280606e-09
0.5625,2.5147777534188996e-09
0.565,1.9818851447384429e-09
0.5675,1.4263774037928553e-09
0.57,8.7096070245826402e-10
0.5725,3.4989446340579694e-10
0.575,-9.7728294433530159e-11
0.5775,-4.347974528151779e-10
0.58,-6.3252337680029692e-10
0.5825,-6.7393170330905549e-10
0.585,-5.555099851328537e-10
0.5875,-2.8768705723358822e-10
0.59,1.0861336672672505e-10
0.5925,6.0603865323600365e-10
0.595,1.1743517294205751e-09
0.5975,1.7836506923565628e-09
0.6,2.4076697201155334e-09
0.6025,3.0269064238112893e-09
0.605,3.6291402453824907e-09
0.6075,4.2096100149168994e-09
0.61,4.7691327636682147e-09
0.6125,5.3123929348064609e-09
0.615,5.8447534078110545e-09
0.6175,6.3724714168034889e-09
0.62,6.899525607330716e-09
0.6225,7.4267322538127492e-09
0.625,7.9515964117651034e-09
0.6275,8.465586480812209e-09
0.63,8.9556613608866312e-09
0.6325,9.4037800416672021e-09
0.635,9.7879716613796591e-09
0.6375,1.0082459498413079e-08
0.64,1.0260404087552659e-08
0.6425,1.0297217658460629e-08
0.645,1.0173649076267285e-08
0.6475,9.8787992376018745e-09
0.65,9.4123972736588745e-09
0.6525,8.7861021320736416e-09
0.655,8.0246750963400977e-09
0.6575,7.161476608251992e-09
0.66,6.2361887978071088e-09
0.6625,5.2904537153820509e-09
0.665,4.3614783809636347e-09
0.6675,3.4786105869662136e-09
0.67,2.6601297873878514e-09
0.6725,1.9138225132421788e-09
0.675,1.2377952358643653e-09
0.6775,6.2463785970256323e-10
0.68,6.9263276607872161e-11
0.6825,-4.30231730831577e-10
0.685,-8.6458213855844417e-10
0.6875,-1.2143528875714849e-09
0.69,-1.4490518192585574e-09
0.6925,-1.5318306634613399e-09
0.695,-1.4241212302732847e-09
0.6975,-1.0922100214005925e-09
0.7,-5.1482626259989304e-10
0.7025,3.11667522815656e-10
0.705,1.3691220735874544e-09
0.7075,2.6156214255001454e-09
0.71,3.9878889335557818e-09
0.7125,5.4041504739865246e-09
0.715,6.7725278581452604e-09
0.7175,7.9969706072112358e-09
0.72,8.9897338407642027e-09
0.7225,9.6813031157519241e-09
0.725,1.0026109747191819e-08
0.7275,1.0009355448911803e-08
0.73,9.6473576420432895e-09
0.7325,8.9842442716150224e-09
0.735,8.0903786615516144e-09
0.7375,7.0501301432809388e-09
0.74,5.9451572136786144e-09
0.7425,4.8469767654074833e-09
0.745,3.8093605087781766e-09
0.7475,2.8619937934931106e-09
0.75,2.0126903750554477e-09
0.7525,1.2467877307811602e-09
0.755,5.3685819817020265e-10
0.7575,-1.4984620214008011e-10
0.76,-8.4329784823334271e-10
0.7625,-1.5633033137062471e-09
0.765,-2.3152715158731465e-09
0.7675,-3.0869152542508535e-09
0.77,-3.8487900335003949e-09
0.7725,-4.5588453601536561e-09
0.775,-5.1666369966153566e-09
0.7775,-5.6181506702263828e-09
0.78,-5.8640370886184421e-09
0.7825,-5.8686205102331797e-09
0.785,-5.6111166187122802e-09
0.7875,-5.0899638242344709e-09
0.79,-4.3238935353291904e-09
0.7925,-3.3513284256547732e-09
0.795,-2.2258104121174353e-09
0.7975,-1.0140642607464108e-09
0.8,2.1408293971843988e-10
0.8025,1.3912535566160313e-09
0.805,2.4581079374230998e-09
0.8075,3.3676302276627088e-09
0.81,4.0910347222892745e-09
0.8125,4.6165109930578757e-09
0.815,4.9475080644163099e-09
0.8175,5.0996529373619661e-09
0.82,5.0970200586844971e-09
0.8225,4.9670654343915867e-09
0.825,4.7374260243577937e-09
0.8275,4.433486473226475e-09
0.83,4.077350748491173e-09
0.8325,3.6866728658637055e-09
0.835,3.2746016165865015e-09
0.8375,2.8511887349084516e-09
0.84,2.4236460540105434e-09
0.8425,1.9974473701654932e-09
0.845,1.5775709829683744e-09
0.8475,1.1690026919718912e-09
0.85,7.7699725489188003e-10
0.8525,4.0730790644095637e-10
0.855,6.6338758607555766e-11
0.8575,-2.3921643669157672e-10
0.86,-5.0304203761704107e-10
0.8625,-7.1903102080226959e-10
0.865,-8.8155112655763514e-10
0.8675,-9.8611631983355415e-10
0.87,-1.0292717350490953e-09
0.8725,-1.0089353938098245e-09
0.875,-9.2396996146915827e-10
0.8775,-7.7481488455154019e-10
0.88,-5.6326052737258575e-10
0.8825,-2.912550000993434e-10
0.885,3.9020319982483431e-11
0.8875,4.2527336401162031e-10
0.89,8.6482103949834494e-10
0.8925,1.3548033673033981e-09
0.895,1.892393927417829e-09
0.8975,2.4738484636712706e-09
0.9,3.0943732470527292e-09
0.9025,3.7469077011370515e-09
0.905,4.4228056510351522e-09
0.9075,5.1107290136488588e-09
0.91,5.7962587134651016e-09
0.9125,6.4630904457607552e-09
0.915,7.0931705199821069e-09
0.9175,7.6670181938235293e-09
0.92,8.1649185365946584e-09
0.9225,8.569030921444633e-09
0.925,8.8639927447012855e-09
0.9275,9.0383966826673736e-09
0.93,9.0862799652601441e-09
0.9325,9.0074484349350929e-09
0.935,8.8077443441822491e-09
0.9375,8.4978450063160216e-09
0.94,8.0933582772308959e-09
0.9425,7.61254303938686e-09
0.945,7.0757346172612375e-09
0.9475,6.5031751941516759e-09
0.95,5.9145639409667579e-09
0.9525,5.3272004994404269e-09
0.955,4.7563088779051445e-09
0.9575,4.2138545360985553e-09
0.96,3.7094978171959994e-09
0.9625,3.2508013129420182e-09
0.965,2.8440798249325189e-09
0.9675,2.4948445773689831e-09
0.97,2.2088295366074309e-09
0.9725,1.9920323240310527e-09
0.975,1.8517635898066282e-09
0.9775,1.7957244024856554e-09
0.98,1.8333068207938962e-09
0.9825,1.9725685810191095e-09
0.985,2.2165913847731101e-09
0.9875,2.5662408508680941e-09
0.99,3.0178825768319812e-09
0.9925,3.5615055915091609e-09
0.995,4.1814848500630256e-09
0.9975,4.856259766016296e-09
1.0,5.5600374801001721e-09
1.0025,6.2623160959342054e-09
1.005,6.9316849959887391e-09
1.0075,7.5385276942789084e-09
1.01,8.0562638344245349e-09
1.0125,8.4637326920874348e-09
1.015,8.746667956850784e-09
1.0175,8.8986543828657194e-09
1.02,8.9213507463625058e-09
1.0225,8.8231272256924034e-09
1.025,8.6170296196692927e-09
1.0275,8.3204306077235485e-09
1.03,7.9537128411482161e-09
1.0325,7.5360164680062875e-09
1.035,7.0839641594478718e-09
1.0375,6.6120025480814049e-09
1.04,6.1313205526633711e-09
1.0425,5.6492215109553555e-09
1.045,5.1710788711759411e-09
1.0475,4.7001628016586275e-09
1.05,4.2390049167747264e-09
1.0525,3.7891769926687439e-09
1.055,3.3519865194627879e-09
1.0575,2.9298651787909489e-09
1.06,2.5258236409288183e-09
1.0625,2.1441407558218868e-09
1.065,1.7897910649252332e-09
1.0675,1.467853218157104e-09
1.07,1.1840027692314026e-09
1.0725,9.4322344491077401e-10
1.075,7.4956163230463775e-10
1.0775,6.0738984872492948e-10
1.08,5.1951603129554059e-10
1.0825,4.8449030324185187e-10
1.085,4.9940252135297622e-10
1.0875,5.6028811262295528e-10
1.09,6.6217139855591463e-10
1.0925,7.9908021048832732e-10
1.095,9.6427433321700516e-10
1.0975,1.1513703088225486e-09
1.1,1.3545181198063036e-09
1.1025,1.5678749678985533e-09
1.105,1.7858088867793174e-09
1.1075,2.0030135017518887e-09
1.11,2.2151045914530779e-09
1.1125,2.4179526021813724e-09
1.115,2.6078924368495543e-09
1.1175,2.7818821601773153e-09
1.12,2.9371948782705888e-09
1.1225,3.0709759979141727e-09
1.125,3.1809101945181293e-09
1.1275,3.2636060892637172e-09
1.13,3.3169738660687146e-09
1.1325,3.3391174684576631e-09
1.135,3.3281976116671946e-09
1.1375,3.2824794122992785e-09
1.14,3.2002656727109088e-09
1.1425,3.080842386087233e-09
1.145,2.9231701395034846e-09
1.1475,2.7302983090528816e-09
1.15,2.5048299981886394e-09
1.1525,2.250360061796192e-09
1.155,1.9703132004475591e-09
1.1575,1.6706921221789183e-09
1.16,1.3569249188918463e-09
1.1625,1.0346065341001063e-09
1.165,7.0934159231982948e-10
1.1675,3.8631986667761326e-10
1.17,7.0807511828741014e-11
1.1725,-2.3214520361155574e-10
1.175,-5.1683921833912533e-10
1.1775,-7.790975892447675e-10
1.18,-1.0144407059116901e-09
1.1825,-1.2183852825636296e-09
1.185,-1.3843792768274363e-09
1.1875,-1.5093884791691752e-09
1.19,-1.5889817531771238e-09
1.1925,-1.6190331977927812e-09
1.195,-1.5956955067977368e-09
1.1975,-1.5152983772506199e-09
1.2,-1.373094609786534e-09
1.2025,-1.1706586183761609e-09
1.205,-9.0952632746330181e-10
1.2075,-5.9267958611282218e-10
1.21,-2.2514412188408741e-10
1.2125,1.8576001850528003e-10
1.215,6.3059904927108439e-10
1.2175,1.0978844542726638e-09
1.22,1.5753380179292029e-09
1.2225,2.0494987571786928e-09
1.225,2.5067808832407585e-09
1.2275,2.9343602013734836e-09
1.23,3.3202873523851793e-09
1.2325,3.6546947007100396e-09
1.235,3.9300003962310405e-09
1.2375,4.1379952260703908e-09
1.24,4.2792641983473011e-09
1.2425,4.3536009811445601e-09
1.245,4.3640068139858357e-09
1.2475,4.315114071059188e-09
1.25,4.2129370763785854e-09
1.2525,4.0645528622895804e-09
1.255,3.8777733844719436e-09
1.2575,3.6608987135746415e-09
1.26,3.4203762492522943e-09
1.2625,3.1654730390422367e-09
1.265,2.9041780990429227e-09
1.2675,2.6427923201100702e-09
1.27,2.3865326669065312e-09
1.2725,2.1404034238411088e-09
1.275,1.9091331988062777e-09
1.2775,1.6973807756554685e-09
1.28,1.5114747280717379e-09
1.2825,1.3558233455979969e-09
1.285,1.234986803168004e-09
1.2875,1.1531821087201444e-09
1.29,1.1145827484854087e-09
1.2925,1.1226611589845545e-09
1.295,1.1801273765771128e-09
1.2975,1.2886267522171792e-09
1.3,1.4484224654552938e-09
1.3025,1.6581069624301788e-09
1.305,1.9152334575579837e-09
1.3075,2.2155905363678178e-09
1.31,2.5539506276389812e-09
1.3125,2.9204591445830479e-09
1.315,3.3065054965534732e-09
1.3175,3.7032907134386324e-09
1.32,4.1018052285079097e-09
1.3225,4.4929683261419976e-09
1.325,4.8682157768998989e-09
1.3275,5.220011138769416e-09
1.33,5.54195710446419e-09
1.3325,5.8287760847496195e-09
1.335,6.0742993720491293e-09
1.3375,6.2768515709795813e-09
1.34,6.4367535805359381e-09
1.3425,6.5527667270263821e-09
1.345,6.6266368580086084e-09
1.3475,6.6600383925347318e-09
1.35,6.6556983142262434e-09
1.3525,6.6165894965636813e-09
1.355,6.5459289339190092e-09
1.3575,6.4471282162327885e-09
1.36,6.3236921696670127e-09
1.3625,6.1792860769642074e-09
1.365,6.0174785118979597e-09
1.3675,5.8419041192456402e-09
1.37,5.656141855040421e-09
1.3725,5.4635045037789359e-09
1.375,5.2672145918480927e-09
1.3775,5.0703701390268476e-09
1.38,4.8759327766078701e-09
1.3825,4.6867606561870023e-09
1.385,4.5056404006451449e-09
1.3875,4.3351511288446307e-09
1.39,4.1778140641011279e-09
1.3925,4.0359137606905488e-09
1.395,3.9115074000508309e-09
1.3975,3.806362861211827e-09
1.4,3.7219678314304564e-09
1.4025,3.6595312553042172e-09
1.405,3.6197569115459079e-09
1.4075,3.6030763740261392e-09
1.41,3.6095460031624209e-09
1.4125,3.6388683927561525e-09
1.415,3.6903675626782775e-09
1.4175,3.763047777529622e-09
1.42,3.855542214436021e-09
1.4225,3.9660789151191304e-09
1.425,4.0925959864047747e-09
1.4275,4.232645353893808e-09
1.43,4.3834220835647691e-09
1.4325,4.5418073770518939e-09
1.435,4.7043573691821522e-09
1.4375,4.8674448785561609e-09
1.44,5.0272717715595518e-09
1.4425,5.1799411906433136e-09
1.445,5.3215269913206695e-09
1.4475,5.4482332362733109e-09
1.45,5.5565232582751338e-09
1.4525,5.6431905621193094e-09
1.455,5.7054497595524603e-09
1.4575,5.7410395674147262e-09
1.46,5.7482395724786454e-09
1.4625,5.7259243614322682e-09
1.465,5.6735074248693292e-09
1.4675,5.5909469696079449e-09
1.47,5.4788211747606068e-09
1.4725,5.3382783554631555e-09
1.475,5.1710766072401482e-09
1.4775,4.9795315756407587e-09
1.48,4.7664019756489073e-09
1.4825,4.5348869668787065e-09
1.485,4.2883367810953098e-09
1.4875,4.0302990881369121e-09
1.49,3.7644005647065377e-09
1.4925,3.4941649826738916e-09
1.495,3.2231230394731519e-09
1.4975,2.9546288389411223e-09
1.5,2.692040021108127e-09
1.5025,2.4384663588661261e-09
1.505,2.1969100459906349e-09
1.5075,1.9701955836766952e-09
1.51,1.7609471058494239e-09
1.5125,1.5715892593327977e-09
1.515,1.4043077164856316e-09
1.5175,1.2610225290553578e-09
1.52,1.1434687004516944e-09
1.5225,1.052991463902311e-09
1.525,9.9061140873936085e-10
1.5275,9.5692008586887104e-10
1.53,9.5201293085734202e-10
1.5325,9.7542624581205203e-10
1.535,1.0260863388498074e-09
1.5375,1.102268346241793e-09
1.54,1.2015782123459462e-09
1.5425,1.3209834505834738e-09
1.545,1.4568313153884091e-09
1.5475,1.6049981386976485e-09
1.55,1.7609357448264475e-09
1.5525,1.9197845836438575e-09
1.555,2.0766571492365661e-09
1.5575,2.2267370839849078e-09
1.56,2.3654433600273678e-09
1.5625,2.4885982434786935e-09
1.565,2.5925869822529747e-09
1.5675,2.6743764326551671e-09
1.57,2.7317517431302252e-09
1.5725,2.7631866023957657e-09
1.575,2.7679465570578763e-09
1.5775,2.7459939265053814e-09
1.58,2.6979775329294214e-09
1.5825,2.6251159274463148e-09
1.585,2.5291440002400733e-09
1.5875,2.412154661136321e-09
1.59,2.2765215805556287e-09
1.5925,2.1248237680591482e-09
1.595,1.9597254945339517e-09
1.5975,1.7840110849486165e-09
1.6,1.6005169630445357e-09
1.6025,1.4120120474979013e-09
1.605,1.22126370358974e-09
1.6075,1.0309244449507735e-09
1.61,8.4361283329282284e-10
1.6125,6.6192288860353691e-10
1.615,4.8843968689180431e-10
1.6175,3.2561412819433107e-10
1.62,1.7588925139263765e-10
1.6225,4.1566352247805139e-11
1.625,-7.5163262427805209e-11
1.6275,-1.7235805431384834e-10
1.63,-2.4827076199692524e-10
1.6325,-3.0150317165026368e-10
1.635,-3.3099913561520324e-10
1.6375,-3.3612611830171666e-10
1.64,-3.1668585212578065e-10
1.6425,-2.7294736437870497e-10
1.645,-2.0568876511240122e-10
1.6475,-1.1616540981641538e-10
1.65,-6.0866424065408343e-12
1.6525,1.2241692958879107e-10
1.655,2.6683555760815779e-10
1.6575,4.2438634611189481e-10
1.66,5.9206901282142377e-10
1.6625,7.6676506482145644e-10
1.665,9.4534454404956042e-10
1.6675,1.1246940054291267e-09
1.67,1.3018173898980542e-09
1.6725,1.4739381020049636e-09
1.675,1.6385483317760086e-09
1.6775,1.793462960915237e-09
1.68,1.9367783487979357e-09
1.6825,2.0669798557949815e-09
1.685,2.1828628453362131e-09
1.6875,2.2836113506973622e-09
1.69,2.3686977654258609e-09
1.6925,2.4379156208492838e-09
1.695,2.4913507215931511e-09
1.6975,2.5293070376891894e-09
1.7,2.5523442395912456e-09
1.7025,2.5612220916096475e-09
1.705,2.5568956541841231e-09
1.7075,2.5404551393944074e-09
1.71,2.5131348348962919e-09
1.7125,2.4762558617904912e-09
1.715,2.4312247951118863e-09
1.7175,2.3794815459762004e-09
1.72,2.3225517679378278e-09
1.7225,2.2619866456276347e-09
1.725,2.1993382447016408e-09
1.7275,2.1361718029810094e-09
1.73,2.0740483374848456e-09
1.7325,2.0145020414799643e-09
1.735,1.9590080302163627e-09
1.7375,1.9089883861588811e-09
1.74,1.865779449892165e-09
1.7425,1.8306474360118536e-09
1.745,1.804755421358731e-09
1.7475,1.7891560249786914e-09
1.75,1.784800067018535e-09
1.7525,1.7924922923546291e-09
1.755,1.8128957470878347e-09
1.7575,1.8465075222656193e-09
1.76,1.8936512577063508e-09
1.7625,1.9544556279866363e-09
1.765,2.0288468619454818e-09
1.7675,2.1165612872230365e-09
1.77,2.2170999239526662e-09
1.7725,2.3297473595434893e-09
1.775,2.4535757875533228e-09
1.7775,2.5874399327113345e-09
1.78,2.7299906762071094e-09
1.7825,2.879633131807103e-09
1.785,3.0346411345480082e-09
1.7875,3.1930856989366288e-09
1.79,3.3528947921336748e-09
1.7925,3.5119147519047753e-09
1.795,3.6679283423054126e-09
1.7975,3.8187914927285471e-09
1.8,3.9623298969560633e-09
1.8025,4.0965125708452206e-09
1.805,4.2195304688343863e-09
1.8075,4.3296674499321799e-09
1.81,4.4254746310371043e-09
1.8125,4.5057433943778908e-09
1.815,4.5695406600960129e-09
1.8175,4.6163403601616457e-09
1.82,4.6458568954461885e-09
1.8225,4.6581093529034788e-09
1.825,4.6534369489920067e-09
1.8275,4.6324650830521966e-09
1.83,4.5961140209441289e-09
1.8325,4.5455353174826895e-09
1.835,4.4821122529554024e-09
1.8375,4.4073770916824686e-09
1.84,4.3229879853204479e-09
1.8425,4.2306865356184924e-09
1.845,4.1322546800509169e-09
1.8475,4.0294939908777111e-09
1.85,3.924242071186608e-09
1.8525,3.8182937591267883e-09
1.855,3.7134078418512048e-09
1.8575,3.6112116883586353e-09
1.86,3.5132738598425867e-09
1.8625,3.4210322064676483e-09
1.865,3.3358308506919307e-09
1.8675,3.2588651955314153e-09
1.87,3.1912202511607496e-09
1.8725,3.1338359801499189e-09
1.875,3.0875001874562668e-09
1.8775,3.0527891121562652e-09
1.88,3.0300899281936511e-09
1.8825,3.0195629108962082e-09
1.885,3.0211502443974099e-09
1.8875,3.0345700169849146e-09
1.89,3.0592897215347804e-09
1.8925,3.0945784266575266e-09
1.895,3.1393785376597887e-09
1.8975,3.1925480849715303e-09
1.9,3.2526296402456294e-09
1.9025,3.3181134711023867e-09
1.905,3.3872702279078237e-09
1.9075,3.4583876659000055e-09
1.91,3.5296230245057106e-09
1.9125,3.5992431502215076e-09
1.915,3.6654086870943232e-09
1.9175,3.7265611282631898e-09
1.92,3.7810383220827849e-09
1.9225,3.827519600427752e-09
1.925,3.8647002385466254e-09
1.9275,3.8916417959742354e-09
1.93,3.907450121433149e-09
1.9325,3.911647250326526e-09
1.935,3.9037875001681764e-09
1.9375,3.8838904876888146e-09
1.94,3.8519416708050085e-09
1.9425,3.8082672743884841e-09
1.945,3.7533200466532083e-09
1.9475,3.6876669225784902e-09
1.95,3.6120389112315621e-09
1.9525,3.5272232090400856e-09
1.955,3.4341565491323221e-09
1.9575,3.3337945684624249e-09
1.96,3.2271849602162819e-09
1.9625,3.1153788742255684e-09
1.965,2.9994092337091624e-09
1.9675,2.8803384618124079e-09
1.97,2.7591686804724322e-09
1.9725,2.6370099068109371e-09
1.975,2.5147998908131994e-09
1.9775,2.3935277171492621e-09
1.98,2.2742186047365077e-09
1.9825,2.1578039832832007e-09
1.985,2.0450949196760347e-09
1.9875,1.9369225114622516e-09
1.99,1.8339785608489529e-09
1.9925,1.7370432043149639e-09
1.995,1.6464618325587176e-09
1.9975,1.5629929445375113e-09
2.0,1.4869788063323155e-09
2.0025,1.4188175006850535e-09
2.005,1.358790218869846e-09
2.0075,1.3070829316224811e-09
2.01,1.2637584044139295e-09
2.0125,1.2287862831164687e-09
2.015,1.2020416880381513e-09
2.0175,1.1833148495335649e-09
2.02,1.1723288508301538e-09
2.0225,1.1687312540355035e-09
2.025,1.1720916037227747e-09
2.0275,1.1818958962684947e-09
2.03,1.1975447669541236e-09
2.0325,1.218363354332341e-09
2.035,1.2436065303909033e-09
2.0375,1.2724773920152e-09
2.04,1.3041528876959055e-09
2.0425,1.3377841787605496e-09
2.045,1.3725290552023034e-09
2.0475,1.4075379486172593e-09
2.05,1.441965667486163e-09
2.0525,1.4749772789477091e-09
2.055,1.5057510573242339e-09
2.0575,1.5334906127851273e-09
2.06,1.5574598490387025e-09
2.0625,1.5769842272698522e-09
2.065,1.5914842271680667e-09
2.0675,1.6004793263299857e-09
2.07,1.6035932804981039e-09
2.0725,1.6005506766254955e-09
2.075,1.5911742421006924e-09
2.0775,1.5753910262794455e-09
2.08,1.5532229550679464e-09
2.0825,1.5248101183392388e-09
2.085,1.4903983275995752e-09
2.0875,1.450338926530523e-09
2.09,1.4050960321310314e-09
2.0925,1.3552250203865041e-09
2.095,1.3013494442418879e-09
2.0975,1.24416023470455e-09
2.1,1.184409536802873e-09
2.1025,1.1229046268355296e-09
2.105,1.0604851791880688e-09
2.1075,9.9801170968198495e-10
2.11,9.3638522440488639e-10
2.1125,8.7649565309003097e-10
2.115,8.1922990065089792e-10
2.1175,7.6544636532176304e-10
2.12,7.1599003183835241e-10
2.1225,6.7165288679983787e-10
2.125,6.3320184302302406e-10
2.1275,6.0137130003359342e-10
2.13,5.7683393566710505e-10
2.1325,5.6026965908434074e-10
2.135,5.5210759817267172e-10
2.1375,5.5274960458800592e-10
2.14,5.6248676573451855e-10
2.1425,5.814880064775636e-10
2.145,6.0979904027169923e-10
2.1475,6.4733799083100994e-10
2.15,6.9402546727605683e-10
2.1525,7.49373594497009e-10
2.155,8.1289681786602235e-10
2.1575,8.8402284740155603e-10
2.16,9.6201571431240611e-10
2.1625,1.0460507088384949e-09
2.165,1.1351739942869162e-09
2.1675,1.2283798926875863e-09
2.17,1.3245945431529757e-09
2.1725,1.4227300038315948e-09
2.175,1.5217135610822571e-09
2.1775,1.6204592536349039e-09
2.18,1.7179509763280175e-09
2.1825,1.8131844042732046e-09
2.185,1.9052240134826376e-09
2.1875,1.9932220607889913e-09
2.19,2.076416573947492e-09
2.1925,2.1541472544429269e-09
2.195,2.2258508590027807e-09
2.1975,2.2910922886150195e-09
2.2,2.3495667383773443e-09
2.2025,2.4010805236118622e-09
2.205,2.445599824004648e-09
2.2075,2.4832213513534379e-09
2.21,2.5141654202561171e-09
2.2125,2.5387409630411419e-09
2.215,2.5573566925475383e-09
2.2175,2.5704700072594497e-09
2.22,2.5785883728887284e-09
2.2225,2.5822553363705755e-09
2.225,2.5820442634162934e-09
2.2275,2.5785649831128652e-09
2.23,2.5724513068304436e-09
2.2325,2.564348880474243e-09
2.235,2.5549063031438197e-09
2.2375,2.5447563251964867e-09
2.24,2.5345195999491738e-09
2.2425,2.5247768407432338e-09
2.245,2.5160799859671264e-09
2.2475,2.5089438015294642e-09
2.25,2.5038456653092777e-09
2.2525,2.5012220654943791e-09
2.255,2.5014610761854455e-09
2.2575,2.5049042967060469e-09
2.26,2.5118395031118358e-09
2.2625,2.5224985368540589e-09
2.265,2.5370556211082233e-09
2.2675,2.5556219850312666e-09
2.27,2.5782590173351801e-09
2.2725,2.6049821913906584e-09
2.275,2.6357406933419302e-09
2.2775,2.6704455099255005e-09
2.28,2.7089593949570462e-09
2.2825,2.7510880279834073e-09
2.285,2.7965979004873614e-09
2.2875,2.8451979732689978e-09
2.29,2.8965582297467698e-09
2.2925,2.9503051207420572e-09
2.295,3.0060328785636768e-09
2.2975,3.0632994050582378e-09
2.3,3.1216412364820213e-09
2.3025,3.1805788484139823e-09
2.305,3.239607414405109e-09
2.3075,3.2982207805283794e-09
2.31,3.3558963276252103e-09
2.3125,3.4121091921795448e-09
2.315,3.4663437234471849e-09
2.3175,3.5180744412296209e-09
2.32,3.5667971816584409e-09
2.3225,3.6120218175344934e-09
2.325,3.6532902635770634e-09
2.3275,3.6901749558657174e-09
2.33,3.7222837586670848e-09
2.3325,3.7492801382301953e-09
2.335,3.7708921516332092e-09
2.3375,3.7869043816438948e-09
2.34,3.7971841415386041e-09
2.3425,3.8016502745025448e-09
2.345,3.8002818238740932e-09
2.3475,3.7930925711487114e-09
2.35,3.7801377577592733e-09
2.3525,3.7615489894455536e-09
2.355,3.7374562912613254e-09
2.3575,3.7080626145657466e-09
2.36,3.6736369766028601e-09
2.3625,3.6345142258497455e-09
2.365,3.5909659190185114e-09
2.3675,3.5435414676839887e-09
2.37,3.4927178045473539e-09
2.3725,3.4389565085811208e-09
2.375,3.382785157209184e-09
2.3775,3.3246642301994316e-09
2.38,3.2650741682404453e-09
2.3825,3.2045139792919843e-09
2.385,3.1434604033471003e-09
2.3875,3.0824089242026525e-09
2.39,3.0218427928721161e-09
2.3925,2.9622738155362869e-09
2.395,2.9042126966642096e-09
2.3975,2.8481207528282394e-09
2.4,2.7944335575974853e-09
2.4025,2.7435418930498019e-09
2.405,2.6957160519558018e-09
2.4075,2.6513054494612902e-09
2.41,2.6103211556980193e-09
2.4125,2.5728769688628924e-09
2.415,2.5390559306986818e-09
2.4175,2.5089135537527237e-09
2.42,2.4824741363614759e-09
2.4225,2.4597027459868925e-09
2.425,2.4405105768292992e-09
2.4275,2.4247422512591558e-09
2.43,2.4121777255974564e-09
2.4325,2.4025026037296469e-09
2.435,2.3954077748671215e-09
2.4375,2.3904775989989674e-09
2.44,2.387269823679908e-09
2.4425,2.3853152134931132e-09
2.445,2.3841500212653208e-09
2.4475,2.3833173076150793e-09
2.45,2.3823617530279535e-09
2.4525,2.3808461085491016e-09
2.455,2.3783362288520038e-09
2.4575,2.3744139899601453e-09
2.46,2.3686927245209057e-09
2.4625,2.3608267177655985e-09
2.465,2.3505224187106615e-09
2.4675,2.337533518030695e-09
2.47,2.3216586760627129e-09
2.4725,2.3027474292598959e-09
2.475,2.2806834792966808e-09
2.4775,2.2553903773640339e-09
2.48,2.2268395118535486e-09
2.4825,2.1950301129842967e-09
2.485,2.1600014707998871e-09
2.4875,2.1218340335919018e-09
2.49,2.0806662285483919e-09
2.4925,2.036649186667326e-09
2.495,1.9899986411139088e-09
2.4975,1.9409461362826778e-09
2.5,1.8897565356434988e-09
2.5025,1.8367285655988571e-09
2.505,1.7821696677712837e-09
2.5075,1.7264027950839827e-09
2.51,1.6697595256830751e-09
2.5125,1.6125720211167284e-09
2.515,1.5551794131970351e-09
2.5175,1.4979149350964205e-09
2.52,1.4411275891671658e-09
2.5225,1.3851564285037207e-09
2.525,1.3303449579343089e-09
2.5275,1.2770177610460689e-09
2.53,1.2254907068124361e-09
2.5325,1.1760526310845457e-09
2.535,1.1289866608505169e-09
2.5375,1.084565809951293e-09
2.54,1.0430519364973132e-09
2.5425,1.0046901429430594e-09
2.545,9.6969401065061629e-10
2.5475,9.3825977874657888e-10
2.55,9.1053510813617418e-10
2.5525,8.8665135880250892e-10
2.555,8.6670093725111377e-10
2.5575,8.5076088123893143e-10
2.56,8.3887511044519691e-10
2.5625,8.3106793634924688e-10
2.565,8.2733647272052502e-10
2.5675,8.2764435920493409e-10
2.57,8.3192508989416988e-10
2.5725,8.4007784196161059e-10
2.575,8.5197070017597453e-10
2.5775,8.6744792610255534e-10
2.58,8.8632256173003204e-10
2.5825,9.0838626816031406e-10
2.585,9.3339734970915759e-10
2.5875,9.6109384813114053e-10
2.59,9.9119421884140529e-10
2.5925,1.0234072300355168e-09
2.595,1.0574374482241984e-09
2.5975,1.092971787591627e-09
2.6,1.1297173323830149e-09
2.6025,1.167347564962096e-09
2.605,1.205570113507634e-09
2.6075,1.244049832054998e-09
2.61,1.2824652010445146e-09
2.6125,1.3204719628998398e-09
2.615,1.3577419829259356e-09
2.6175,1.3938439534115656e-09
2.62,1.4286071227721797e-09
2.6225,1.4617853591673805e-09
2.625,1.4931786129460594e-09
2.6275,1.5226262804518967e-09
2.63,1.5499934835812439e-09
2.6325,1.5751820589414499e-09
2.635,1.5981295840489857e-09
2.6375,1.6188041754797423e-09
2.64,1.6372112397523166e-09
2.6425,1.6533969545766493e-09
2.645,1.6674302135237137e-09
2.6475,1.6794096196197013e-09
2.65,1.6894553687904807e-09
2.6525,1.6977298125624518e-09
2.655,1.7044307904000472e-09
2.6575,1.7098001409088221e-09
2.66,1.7141207469984987e-09
2.6625,1.7176961973963076e-09
2.665,1.7208440678423421e-09
2.6675,1.7238884689244203e-09
2.67,1.7271528060382752e-09
2.6725,1.7309539977655578e-09
2.675,1.7355989935430924e-09
2.6775,1.7413830590774323e-09
2.68,1.7485890619380788e-09
2.6825,1.7574979516528162e-09
2.685,1.7683672140923697e-09
2.6875,1.7814609882239903e-09
2.69,1.7970197982177709e-09
2.6925,1.8152819315156969e-09
2.695,1.8364400840693296e-09
2.6975,1.8607281503298754e-09
2.7,1.8881863845915177e-09
2.7025,1.918863664735441e-09
2.705,1.952783196791946e-09
2.7075,1.9898944691935567e-09
2.71,2.0301317282943808e-09
2.7125,2.0733593233019353e-09
2.715,2.1194237056111715e-09
2.7175,2.1681187301330194e-09
2.72,2.2192199093850966e-09
2.7225,2.2724626325832914e-09
2.725,2.3275419719498759e-09
2.7275,2.3841535334301022e-09
2.73,2.441947402709224e-09
2.7325,2.50056982737056e-09
2.735,2.5596546346389253e-09
2.7375,2.6188277065897515e-09
2.74,2.6777178494138824e-09
2.7425,2.7359691724355674e-09
2.745,2.7932161436614506e-09
2.7475,2.8490830180541809e-09
2.75,2.9031922472222188e-09
2.7525,2.9551761401570095e-09
2.755,3.0046696434626709e-09
2.7575,3.0513529606508118e-09
2.76,3.0949655878018946e-09
2.7625,3.1353005762887212e-09
2.765,3.1721791776624196e-09
2.7675,3.2054849984774388e-09
2.77,3.2351106564352263e-09
2.7725,3.2609855573306662e-09
2.775,3.2830607719664378e-09
2.7775,3.3013213001330933e-09
2.78,3.3157973038292428e-09
2.7825,3.3265483618742788e-09
2.785,3.3336734229514425e-09
2.7875,3.3372991105974891e-09
2.79,3.3375761421503116e-09
2.7925,3.3346673681744265e-09
2.795,3.3287413430352785e-09
2.7975,3.3199879762494183e-09
2.8,3.3086043692413436e-09
2.8025,3.2948087582209884e-09
2.805,3.2788240849622892e-09
2.8075,3.260890265006077e-09
2.81,3.2412664369302548e-09
2.8125,3.220209611766027e-09
2.815,3.1979944584545574e-09
2.8175,3.174900466409896e-09
2.82,3.1511950037378328e-09
2.8225,3.127133319388527e-09
2.825,3.1029686821214114e-09
2.8275,3.0789442497581078e-09
2.83,3.0552678648919518e-09
2.8325,3.0321493478016744e-09
2.835,3.0097748866657012e-09
2.8375,2.9883299361672515e-09
2.84,2.9679547187476781e-09
2.8425,2.9487796204945682e-09
2.845,2.930918389853085e-09
2.8475,2.9144602167697803e-09
2.85,2.8994668192346052e-09
2.8525,2.8859913810914237e-09
2.855,2.8740557178618778e-09
2.8575,2.8636922725731099e-09
2.86,2.8548482787086169e-09
2.8625,2.8474669054149358e-09
2.865,2.8414554956414212e-09
2.8675,2.8366795147406154e-09
2.87,2.8329670516915032e-09
2.8725,2.8301253144673324e-09
2.875,2.827939488613348e-09
2.8775,2.8261962225143016e-09
2.88,2.824683771072459e-09
2.8825,2.8231861985508735e-09
2.885,2.8214674487851643e-09
2.8875,2.8192761493926755e-09
2.89,2.816351996379339e-09
2.8925,2.8124436135412285e-09
2.895,2.8073202449061584e-09
2.8975,2.8007773883357921e-09
2.9,2.7926395104444124e-09
2.9025,2.782748288600078e-09
2.905,2.7709496609398608e-09
2.9075,2.7570952664234527e-09
2.91,2.7410440945898826e-09
2.9125,2.7226563533009315e-09
2.915,2.7018020627988553e-09
2.9175,2.6783738310673083e-09
2.92,2.6522874519144104e-09
2.9225,2.6235106530224398e-09
2.925,2.592058313368059e-09
2.9275,2.5579890102973198e-09
2.93,2.5214022228677781e-09
2.9325,2.4824243642681343e-09
2.935,2.441193829017169e-09
2.9375,2.3978685650412782e-09
2.94,2.3526222202399585e-09
2.9425,2.3056384489155867e-09
2.945,2.2571284155781038e-09
2.9475,2.2073121402997673e-09
2.95,2.1564224782338711e-09
2.9525,2.104555618710669e-09
2.955,2.0521731927288266e-09
2.9575,1.9995031634843014e-09
2.96,1.9468206474554261e-09
2.9625,1.8943708079384294e-09
2.965,1.8424225901588787e-09
2.9675,1.7912238779643836e-09
2.97,1.7410376442841341e-09
2.9725,1.6921111323017754e-09
2.975,1.644679457003469e-09
2.9775,1.5989631493240811e-09
2.98,1.5551777863541488e-09
2.9825,1.5135053840999188e-09
2.985,1.4741236953258526e-09
2.9875,1.4371697925804081e-09
2.99,1.4027553075101911e-09
2.9925,1.3709860210998012e-09
2.995,1.3419697322569204e-09
2.9975,1.3157481625868409e-09
3.0,1.2923613910185932e-09
3.0025,1.2717945308441551e-09
3.005,1.2540086762575727e-09
3.0075,1.2389182436495479e-09
3.01,1.2264213795169751e-09
3.0125,1.21642694162709e-09
3.015,1.2087871585927268e-09
3.0175,1.203374928407334e-09
3.02,1.2000666051759256e-09
3.0225,1.1987266312729393e-09
3.025,1.1992022228328627e-09
3.0275,1.2013407355598571e-09
3.03,1.2049640795098619e-09
3.0325,1.2099134254830944e-09
3.035,1.2160259933614437e-09
3.0375,1.2231481651405362e-09
3.04,1.2311121969276591e-09
3.0425,1.2397424504926465e-09
3.045,1.2488448596868188e-09
3.0475,1.2582298335741564e-09
3.05,1.2677089976184536e-09
3.0525,1.2771269476227995e-09
3.055,1.2863859373901367e-09
3.0575,1.2954004419232462e-09
3.06,1.3041238262587822e-09
3.0625,1.3125009464976927e-09
3.065,1.3204705126776929e-09
3.0675,1.3279659909615971e-09
3.07,1.33491939710478e-09
3.0725,1.3412896332427447e-09
3.075,1.347071688096508e-09
3.0775,1.3523131349577934e-09
3.08,1.3570841602384786e-09
3.0825,1.3614696259457889e-09
3.085,1.3655338661157865e-09
3.0875,1.3693375197886593e-09
3.09,1.3729375252346857e-09
3.0925,1.3763877410601799e-09
3.095,1.3797682844985426e-09
3.0975,1.3831762030872918e-09
3.1,1.3867341425181314e-09
3.1025,1.3905808608241985e-09
3.105,1.3948459914531294e-09
3.1075,1.3996524654275642e-09
3.11,1.4051098644334649e-09
3.1125,1.4113200110852137e-09
3.115,1.4183765519518124e-09
3.1175,1.4263688424530886e-09
3.12,1.4353732505314602e-09
3.1225,1.4454387282586378e-09
3.125,1.456643261467275e-09
3.1275,1.4690519288184245e-09
3.13,1.4827309811678867e-09
3.1325,1.4977464774071095e-09
3.135,1.5141691128070925e-09
3.1375,1.5320547249084133e-09
3.14,1.551456328612694e-09
3.1425,1.5724124564011176e-09
3.145,1.5949575255272609e-09
3.1475,1.6191033189835783e-09
3.15,1.6448534715476714e-09
3.1525,1.6721914033519851e-09
3.155,1.7010840214146226e-09
3.1575,1.7314943646039253e-09
3.16,1.7633804802031833e-09
3.1625,1.7967031873562788e-09
3.165,1.831438855386362e-09
3.1675,1.8675419431895732e-09
3.17,1.9049643056514619e-09
3.1725,1.9436384487786153e-09
3.175,1.9834695736557308e-09
3.1775,2.0243506132943998e-09
3.18,2.0661535706204784e-09
3.1825,2.1087372776087323e-09
3.185,2.1519468089084296e-09
3.1875,2.1956146394628198e-09
3.19,2.2395756968164615e-09
3.1925,2.2836699449456103e-09
3.195,2.3277562715671883e-09
3.1975,2.3716943219416e-09
3.2,2.4153524763326648e-09
3.2025,2.4585869604772737e-09
3.205,2.5012489753718316e-09
3.2075,2.5431811048104401e-09
3.21,2.5842141699681679e-09
3.2125,2.6242023721338403e-09
3.215,2.6629771963752935e-09
3.2175,2.7005940082486733e-09
3.22,2.736515082042708e-09
3.2225,2.7709967441160925e-09
3.225,2.8035946705035447e-09
3.2275,2.8345506993983495e-09
3.23,2.8634726904708391e-09
3.2325,2.8906303298832794e-09
3.235,2.9156784427356249e-09
3.2375,2.9388721236944894e-09
3.24,2.9599474038871677e-09
3.2425,2.9791483281053889e-09
3.245,2.996246940419962e-09
3.2475,3.0113759786829985e-09
3.25,3.0245860529870031e-09
3.2525,3.0358731595549683e-09
3.255,3.0452978381281475e-09
3.2575,3.052947209850378e-09
3.26,3.0589178965448647e-09
3.2625,3.0633116168888906e-09
3.265,3.06621737297971e-09
3.2675,3.0677306528773717e-09
3.27,3.067931595830244e-09
3.2725,3.066909639713141e-09
3.275,3.0647747297672117e-09
3.2775,3.0616609226644889e-09
3.28,3.05772365285973e-09
3.2825,3.0531305989556294e-09
3.285,3.0480419363129174e-09
3.2875,3.0425905280925927e-09
3.29,3.0368815162365719e-09
3.2925,3.0310643797214959e-09
3.295,3.0251952203137468e-09
3.2975,3.0194005929440008e-09
3.3,3.0137698275802728e-09
3.3025,3.0084060827979639e-09
3.305,3.0034043295609911e-09
3.3075,2.9988532264980423e-09
3.31,2.9948057577662786e-09
3.3125,2.9912807356239156e-09
3.315,2.9882581698454112e-09
3.3175,2.9857046145774279e-09
3.32,2.9835894065926984e-09
3.3225,2.9818847368921944e-09
3.325,2.980578344461309e-09
3.3275,2.9796841953152248e-09
3.33,2.979200908358276e-09
3.3325,2.9791025572783496e-09
3.335,2.9792945962562345e-09
3.3375,2.9796217908809457e-09
3.34,2.9798829127827818e-09
3.3425,2.9798993835038156e-09
3.345,2.9795432901464236e-09
3.3475,2.9787466933156532e-09
3.35,2.9774557923739015e-09
3.3525,2.9756061734260393e-09
3.355,2.973074121955989e-09
3.3575,2.9696840793785607e-09
3.36,2.9652533714911153e-09
3.3625,2.9596230141330325e-09
3.365,2.9526693139550763e-09
3.3675,2.9442696580610964e-09
3.37,2.9344529760139212e-09
3.3725,2.9230946326643403e-09
3.375,2.9101183290069665e-09
3.3775,2.8954478105240466e-09
3.38,2.8790166696262737e-09
3.3825,2.8607577850152085e-09
3.385,2.8406353345090371e-09
3.3875,2.8186290492228211e-09
3.39,2.7947429653273891e-09
3.3925,2.7689938937264881e-09
3.395,2.7414144756545362e-09
3.3975,2.7120415954258378e-09
3.4,2.6809142314115072e-09
3.4025,2.6480806067410741e-09
3.405,2.6136091984880381e-09
3.4075,2.5775977910682708e-09
3.41,2.5401977430094607e-09
3.4125,2.5015935784081696e-09
3.415,2.4619849597950358e-09
3.4175,2.4215834367175772e-09
3.42,2.3805832238271078e-09
3.4225,2.3391498824100011e-09
3.425,2.2974385854185216e-09
3.4275,2.2555884458264805e-09
3.43,2.2137572938979721e-09
3.4325,2.172121952843916e-09
3.435,2.130879919638463e-09
3.4375,2.0902476114030987e-09
3.44,2.0504553657558424e-09
3.4425,2.0117304982969023e-09
3.445,1.9742797485029618e-09
3.4475,1.9382904560607777e-09
3.45,1.903926546160076e-09
3.4525,1.8713278675778346e-09
3.455,1.8406067915447266e-09
3.4575,1.8118792498742416e-09
3.46,1.7852428660554351e-09
3.4625,1.7607740536464021e-09
3.465,1.7385299685629439e-09
3.4675,1.7185474466801805e-09
3.47,1.7008341829346189e-09
3.4725,1.6853790415448951e-09
3.475,1.6721425287598793e-09
3.4775,1.6610716593471612e-09
3.48,1.6521117687911357e-09
3.4825,1.6451977450955566e-09
3.485,1.6402538934940057e-09
3.4875,1.6371978905242121e-09
3.49,1.6359172331419667e-09
3.4925,1.636275657426743e-09
3.495,1.6381191394515627e-09
3.4975,1.6412778407299065e-09
3.5,1.6455723629881919e-09
3.5025,1.6508145424936261e-09
3.505,1.6568199129983536e-09
3.5075,1.6634042173075048e-09
3.51,1.670385345300831e-09
3.5125,1.6775789653551218e-09
3.515,1.6848062583506686e-09
3.5175,1.6918923267533881e-09
3.52,1.6986733572527243e-09
3.5225,1.7050022481745767e-09
3.525,1.7107588190483545e-09
3.5275,1.7158408270306205e-09
3.53,1.7201740522162054e-09
3.5325,1.723704515206483e-09
3.535,1.7263953191747554e-09
3.5375,1.7282320440188243e-09
3.54,1.7292175168518917e-09
3.5425,1.7293711331273671e-09
3.545,1.7287344181332115e-09
3.5475,1.7273731573059679e-09
3.55,1.7253724230402612e-09
3.5525,1.7228161221832162e-09
3.555,1.7198052084040324e-09
3.5575,1.7164675983865123e-09
3.56,1.7129229099220443e-09
3.5625,1.7092975550325874e-09
3.565,1.7057279383089823e-09
3.5675,1.7023589772806412e-09
3.57,1.699343845338518e-09
3.5725,1.6968449787152454e-09
3.575,1.6950039161290424e-09
3.5775,1.6940160221263207e-09
3.58,1.6940128942302396e-09
3.5825,1.6951614878903366e-09
3.585,1.6975819755357606e-09
3.5875,1.7014675891093946e-09
3.59,1.7069207150258371e-09
3.5925,1.7140258603202071e-09
3.595,1.7228032272233491e-09
3.5975,1.7333291518349132e-09
3.6,1.7456655871869798e-09
3.6025,1.759863996888363e-09
3.605,1.775963813657702e-09
3.6075,1.7940009593402715e-09
3.61,1.8140484321000128e-09
3.6125,1.8359254298767728e-09
3.615,1.8597911022276749e-09
3.6175,1.8853278703554461e-09
3.62,1.9125731500580208e-09
3.6225,1.9414417094212844e-09
3.625,1.9718531894693809e-09
3.6275,2.003735185710637e-09
3.63,2.0369926419072355e-09
3.6325,2.0715195411112203e-09
3.635,2.1071663645936956e-09
3.6375,2.14373217560569e-09
3.64,2.1809672240649461e-09
3.6425,2.2185953896153905e-09
3.645,2.2563387643241867e-09
3.6475,2.2939551503282028e-09
3.65,2.3312693880128255e-09
3.6525,2.3681886882268519e-09
3.655,2.4046675472423554e-09
3.6575,2.440680309861208e-09
3.66,2.476183160526261e-09
3.6625,2.5110836104456536e-09
3.665,2.545245696351987e-09
3.6675,2.5785089721142916e-09
3.67,2.6107170459184999e-09
3.6725,2.6417460266367781e-09
3.675,2.6715517617990954e-09
3.6775,2.7001204060522197e-09
3.68,2.7274803437050897e-09
3.6825,2.7536732154520592e-09
3.685,2.7787343632458327e-09
3.6875,2.8026705800746145e-09
3.69,2.8254814125294885e-09
3.6925,2.8471565636046015e-09
3.695,2.8676926578476611e-09
3.6975,2.8871183055557703e-09
3.7,2.9054631148524421e-09
3.7025,2.9227813655070281e-09
3.705,2.9391217490421354e-09
3.7075,2.9545510499674453e-09
3.71,2.969128379240926e-09
3.7125,2.9829126149290785e-09
3.715,2.9959540275917291e-09
3.7175,3.0083012553024135e-09
3.72,3.0200071351393931e-09
3.7225,3.0311001479231609e-09
3.725,3.0416303788633802e-09
3.7275,3.051634653318364e-09
3.73,3.0611578126623418e-09
3.7325,3.0702486786997905e-09
3.735,3.0789505969928922e-09
3.7375,3.0872990612991316e-09
3.74,3.0953287582139989e-09
3.7425,3.1030543508462725e-09
3.745,3.1104756685955864e-09
3.7475,3.1175753872613653e-09
3.75,3.124329287516815e-09
3.7525,3.1306998379079805e-09
3.755,3.1366522452922556e-09
3.7575,3.1421575044512134e-09
3.76,3.147190272801853e-09
3.7625,3.15172502578406e-09
3.765,3.1557354045280722e-09
3.7675,3.1591930230281613e-09
3.77,3.1620671026334564e-09
3.7725,3.164323063195611e-09
3.775,3.1659321032266999e-09
3.7775,3.1668706265566005e-09
3.78,3.1671204289437327e-09
3.7825,3.1666682425997242e-09
3.785,3.1655063376408387e-09
3.7875,3.1636274302149521e-09
3.79,3.1610247985911549e-09
3.7925,3.1577056653461084e-09
3.795,3.1536626388640232e-09
3.7975,3.1489516047004754e-09
3.8,3.1435555967105208e-09
3.8025,3.1375433197774357e-09
3.805,3.1308866918133558e-09
3.8075,3.123602430792744e-09
3.81,3.1157005091279911e-09
3.8125,3.1071370558056316e-09
3.815,3.0978952441203964e-09
3.8175,3.0879253591298566e-09
3.82,3.0772232507716338e-09
3.8225,3.0656842640135433e-09
3.825,3.0532566170427537e-09
3.8275,3.0399274369510069e-09
3.83,3.0256634870750684e-09
3.8325,3.0105077141285103e-09
3.835,2.9943998440934236e-09
3.8375,2.9774071625774275e-09
3.84,2.959533605238036e-09
3.8425,2.9407595994560385e-09
3.845,2.9210721782656714e-09
3.8475,2.9004877469030907e-09
3.85,2.8790392607292743e-09
3.8525,2.8567857977707887e-09
3.855,2.8338008600180193e-09
3.8575,2.8101527046682536e-09
3.86,2.7858885384204911e-09
3.8625,2.761049940873103e-09
3.865,2.7356709539568671e-09
3.8675,2.7097887423900041e-09
3.87,2.6834811587052089e-09
3.8725,2.6567273086376228e-09
3.875,2.6297871548153345e-09
3.8775,2.6024864308969378e-09
3.88,2.5747684623214687e-09
3.8825,2.5465568459607809e-09
3.885,2.5177811504257291e-09
3.8875,2.4884168518503536e-09
3.89,2.458503703429371e-09
3.8925,2.4281274336040159e-09
3.895,2.3974004139493167e-09
3.8975,2.3664233438560015e-09
3.9,2.3352813386668996e-09
3.9025,2.3040252742207422e-09
3.905,2.2726768067894218e-09
3.9075,2.2412533304497563e-09
3.91,2.2097927508528965e-09
3.9125,2.1783641424282037e-09
3.915,2.1470792238988747e-09
3.9175,2.1160895322558572e-09
3.92,2.0855527359415032e-09
3.9225,2.0556021793850243e-09
3.925,2.026350935293936e-09
3.9275,1.9978729604012411e-09
3.93,1.9702056021112575e-09
3.9325,1.9433797280396463e-09
3.935,1.9174361965812079e-09
3.9375,1.8924223326843609e-09
3.94,1.8684199767623894e-09
3.9425,1.8455267301825199e-09
3.945,1.8238364259229575e-09
3.9475,1.8034417611255539e-09
3.95,1.7843915047341734e-09
3.9525,1.7667143340933649e-09
3.955,1.7504095329459797e-09
3.9575,1.7354611241840096e-09
3.96,1.7218534146907118e-09
3.9625,1.7095937908155844e-09
3.965,1.6986799594397493e-09
3.9675,1.6891210551387367e-09
3.97,1.6809074210233486e-09
3.9725,1.6740085807693358e-09
3.975,1.6683687648955853e-09
3.9775,1.6639209477129801e-09
3.98,1.6605814260514114e-09
3.9825,1.6582691280326377e-09
3.985,1.6568930800137214e-09
3.9875,1.6563680545286767e-09
3.99,1.656601787904445e-09
3.9925,1.6575007703029177e-09
3.995,1.6589533248541165e-09
3.9975,1.660839314090184e-09
4.0,1.6630401174043244e-09
4.0025,1.6654510688413446e-09
4.005,1.6679750189644497e-09
4.0075,1.6705356560710881e-09
4.01,1.6730741038993132e-09
4.0125,1.6755480894771264e-09
4.015,1.6779211108768054e-09
4.0175,1.6801595346325565e-09
4.02,1.6822341702293107e-09
4.0225,1.684123946839092e-09
4.025,1.6858080516301885e-09
4.0275,1.6872769364559228e-09
4.03,1.688533063062667e-09
4.0325,1.6895855489880493e-09
4.035,1.6904560009165309e-09
4.0375,1.6911740019418273e-09
4.04,1.6917921064983297e-09
4.0425,1.6923638018830383e-09
4.045,1.6929689281740286e-09
4.0475,1.6937161790791629e-09
4.05,1.694689294234173e-09
4.0525,1.696043993091619e-09
4.055,1.6978725925293916e-09
4.0575,1.7003469961256813e-09
4.06,1.7036110452025071e-09
4.0625,1.7077875299692284e-09
4.065,1.712993509423724e-09
4.0675,1.719361567634854e-09
4.07,1.7269959676599991e-09
4.0725,1.7360022443581359e-09
4.075,1.7464783344151429e-09
4.0775,1.7585041904003291e-09
4.08,1.7721072183479634e-09
4.0825,1.7874057106971896e-09
4.085,1.8043834368836909e-09
4.0875,1.8231434718318158e-09
4.09,1.8436267082732328e-09
4.0925,1.8658468753282393e-09
4.095,1.8898079434409237e-09
4.0975,1.9154882847124216e-09
4.1,1.942835685421506e-09
4.1025,1.9717757012100054e-09
4.105,2.0022216864315925e-09
4.1075,2.0341509038018742e-09
4.11,2.0672478621763526e-09
4.1125,2.1015663918476506e-09
4.115,2.1369434814560365e-09
4.1175,2.1732870770460701e-09
4.12,2.2105732236356391e-09
4.1225,2.2483536831354619e-09
4.125,2.286821661550623e-09
4.1275,2.3253628982669127e-09
4.13,2.3639860095988737e-09
4.1325,2.4024952917699885e-09
4.135,2.4407045126216882e-09
4.1375,2.4784256049648654e-09
4.14,2.5154647629354469e-09
4.1425,2.5516510583154692e-09
4.145,2.5868369596701276e-09
4.1475,2.6209178570546804e-09
4.15,2.6538232220915524e-09
4.1525,2.6854911575585684e-09
4.155,2.7158523286872384e-09
4.1575,2.7448169058530517e-09
4.16,2.7722781520753665e-09
4.1625,2.7981299125836552e-09
4.165,2.8223085461636086e-09
4.1675,2.8447906051911327e-09
4.17,2.8656302112649941e-09
4.1725,2.8849129540243886e-09
4.175,2.9027388706155237e-09
4.1775,2.9191868138586265e-09
4.18,2.9342944885892606e-09
4.1825,2.9480830653057408e-09
4.185,2.9605793296421685e-09
4.1875,2.9718365689738107e-09
4.19,2.9819578404801376e-09
4.1925,2.9910955618577532e-09
4.195,2.9994252999886544e-09
4.1975,3.0071187936424543e-09
4.2,3.0143322176422352e-09
4.2025,3.0211853748303938e-09
4.205,3.0278006616849767e-09
4.2075,3.0342798317805826e-09
4.21,3.0407291196132921e-09
4.2125,3.0472506445093294e-09
4.215,3.0539341266318632e-09
4.2175,3.0608595692504441e-09
4.22,3.0680825663181162e-09
4.2225,3.0756368254545297e-09
4.225,3.0835201773199597e-09
4.2275,3.0917194582060473e-09
4.23,3.1002004072552179e-09
4.2325,3.1089285151812022e-09
4.235,3.1178682751147072e-09
4.2375,3.1269927291461471e-09
4.24,3.1362795783264701e-09
4.2425,3.1457121627324915e-09
4.245,3.1552642191578548e-09
4.2475,3.1648913471851162e-09
4.25,3.1745331937248255e-09
4.2525,3.1840996291341963e-09
4.255,3.1934975859840447e-09
4.2575,3.2026078255387772e-09
4.26,3.2113083051265834e-09
4.2625,3.2194793201293351e-09
4.265,3.2269977121451908e-09
4.2675,3.2337393849272578e-09
4.27,3.2395824925081446e-09
4.2725,3.2444079843120959e-09
4.275,3.2481044985010736e-09
4.2775,3.2505731572677135e-09
4.28,3.2517285282378122e-09
4.2825,3.2515010656161531e-09
4.285,3.2498460519901931e-09
4.2875,3.2467310426931128e-09
4.29,3.2421445150590686e-09
4.2925,3.2360840869083989e-09
4.295,3.2285078738773829e-09
4.2975,3.2195195448513482e-09
4.3,3.2090422916556801e-09
4.3025,3.1972051381228987e-09
4.305,3.1839478436967606e-09
4.3075,3.1693286501844959e-09
4.31,3.1534229262854963e-09
4.3125,3.1363018205427519e-09
4.315,3.1179924980413776e-09
4.3175,3.0985344248770076e-09
4.32,3.0779961792843947e-09
4.3225,3.0564417081806156e-09
4.325,3.0339568265669836e-09
4.3275,3.0106241279366948e-09
4.33,2.9865541920882709e-09
4.3325,2.9618161629978319e-09
4.335,2.9365069241139163e-09
4.3375,2.9107258431439042e-09
4.34,2.8845896870976312e-09
4.3425,2.858197747015716e-09
4.345,2.8316478922939846e-09
4.3475,2.8051185995488498e-09
4.35,2.7785953165155312e-09
4.3525,2.7521312985511349e-09
4.355,2.7258024382599842e-09
4.3575,2.6996976567726304e-09
4.36,2.6738397584985846e-09
4.3625,2.6484136800094503e-09
4.365,2.6232199153882836e-09
4.3675,2.5985359402861951e-09
4.37,2.5741615081739434e-09
4.3725,2.5503959520694456e-09
4.375,2.5270000920125754e-09
4.3775,2.504265725794595e-09
4.38,2.4820447609634085e-09
4.3825,2.4603063058714845e-09
4.385,2.4389984365344814e-09
4.3875,2.4180448114938971e-09
4.39,2.3973629634344229e-09
4.3925,2.3768794034982204e-09
4.395,2.3565312465340279e-09
4.3975,2.3363020602749209e-09
4.4,2.3162114063911054e-09
4.4025,2.2962844681111257e-09
4.405,2.2765480678722403e-09
4.4075,2.2569919066081936e-09
4.41,2.2375906390174594e-09
4.4125,2.2183066318964278e-09
4.415,2.1991250615837055e-09
4.4175,2.1800739560159836e-09
4.42,2.1611982300741163e-09
4.4225,2.1425608765918015e-09
4.425,2.1242214185182272e-09
4.4275,2.1062151480356035e-09
4.43,2.0885756036364966e-09
4.4325,2.0713136743395011e-09
4.435,2.0544387726163899e-09
4.4375,2.0379723468114058e-09
4.44,2.021944320751683e-09
4.4425,2.0063975250803131e-09
4.445,1.9913707608548134e-09
4.4475,1.976903771112063e-09
4.45,1.9630353349604276e-09
4.4525,1.9498026625225347e-09
4.455,1.9372459147086552e-09
4.4575,1.9253916063261245e-09
4.46,1.9142644186102648e-09
4.4625,1.9038827736648158e-09
4.465,1.8942693006582489e-09
4.4675,1.8854525785757863e-09
4.47,1.8774588453979351e-09
4.4725,1.8703156242246167e-09
4.475,1.8640468016469135e-09
4.4775,1.8586438606852e-09
4.48,1.8541025570158465e-09
4.4825,1.8504050141440569e-09
4.485,1.8475364510024806e-09
4.4875,1.8454931161106845e-09
4.49,1.8442627881895022e-09
4.4925,1.8438442194165073e-09
4.495,1.8442244091791329e-09
4.4975,1.8453788186581164e-09
4.5,1.8472626907068032e-09
4.5025,1.8498142864478517e-09
4.505,1.8529624274822459e-09
4.5075,1.856635056268677e-09
4.51,1.860760167684979e-09
4.5125,1.8652741203316621e-09
4.515,1.8701314909294084e-09
4.5175,1.8752994077138949e-09
4.52,1.8807509297719628e-09
4.5225,1.886458914327589e-09
4.525,1.8923995600336244e-09
4.5275,1.8985469887323675e-09
4.53,1.9048862291701927e-09
4.5325,1.9114132360263903e-09
4.535,1.9181494634421923e-09
4.5375,1.9251265634193876e-09
4.54,1.9323904739750293e-09
4.5425,1.9399895006332042e-09
4.545,1.9479735926017001e-09
4.5475,1.9563914295035134e-09
4.55,1.9653470976990081e-09
4.5525,1.9747640525760914e-09
4.555,1.984798841918096e-09
4.5575,1.9954065092354789e-09
4.56,2.0067373998855695e-09
4.5625,2.0188049087135049e-09
4.565,2.0316381265337679e-09
4.5675,2.0452795979704161e-09
4.57,2.0597815286296699e-09
4.5725,2.0751676557799023e-09
4.575,2.0914693342271565e-09
4.5775,2.1086986135691493e-09
4.58,2.1269054954197151e-09
4.5825,2.1460700160362435e-09
4.585,2.1661988272722207e-09
4.5875,2.1873009703600362e-09
4.59,2.2093728678789298e-09
4.5925,2.232410517692944e-09
4.595,2.2563744318810387e-09
4.5975,2.281239026544354e-09
4.6,2.3069404929399486e-09
4.6025,2.3334117044643519e-09
4.605,2.3605815970470242e-09
4.6075,2.3883715534497077e-09
4.61,2.4167164159935946e-09
4.6125,2.4455279678041909e-09
4.615,2.4745490215916072e-09
4.6175,2.5039488067693391e-09
4.62,2.5333874128656307e-09
4.6225,2.5630378350602099e-09
4.625,2.5925326904365426e-09
4.6275,2.6220838124035655e-09
4.63,2.6512476828561652e-09
4.6325,2.6802249359261584e-09
4.635,2.7085315263832958e-09
4.6375,2.7361722001752332e-09
4.64,2.7629997007069003e-09
4.6425,2.7888867631638264e-09
4.645,2.8137281037092042e-09
4.6475,2.8374425618477663e-09
4.65,2.8599731944978706e-09
4.6525,2.8812727423281566e-09
4.655,2.9013104273395186e-09
4.6575,2.9200565339703404e-09
4.66,2.9374834720567098e-09
4.6625,2.9535700367444267e-09
4.665,2.9683044672628747e-09
4.6675,2.9816933673213123e-09
4.67,2.9937633330026925e-09
4.6725,3.0045710827718888e-09
4.675,3.014196767810501e-09
4.6775,3.0227378156033659e-09
4.68,3.0302950195520787e-09
4.6825,3.0369684871000915e-09
4.685,3.0428485422999672e-09
4.6875,3.0480168681166412e-09
4.69,3.052555769684039e-09
4.6925,3.056557078174899e-09
4.695,3.0601070177482618e-09
4.6975,3.0633080751432843e-09
4.7,3.0662631368618178e-09
4.7025,3.0690803456709189e-09
4.705,3.0718600269049004e-09
4.7075,3.0746872959242485e-09
4.71,3.0776491621984103e-09
4.7125,3.0807974440188369e-09
4.715,3.0841884384594774e-09
4.7175,3.087865445618475e-09
4.72,3.0918635595593003e-09
4.7225,3.096206250606225e-09
4.725,3.1008985506507792e-09
4.7275,3.1059169417243308e-09
4.73,3.1112229837481137e-09
4.7325,3.1167558235370403e-09
4.735,3.1224495652257034e-09
4.7375,3.128242388200158e-09
4.74,3.1340769058737986e-09
4.7425,3.1398908410908432e-09
4.745,3.1456327405899392e-09
4.7475,3.1512430641539678e-09
4.75,3.1566514298895443e-09
4.7525,3.1617718625957998e-09
4.755,3.1665058496373524e-09
4.7575,3.1707426807560597e-09
4.76,3.1743667132121786e-09
4.7625,3.1772548650634448e-09
4.765,3.1792824114367635e-09
4.7675,3.1803334641242651e-09
4.77,3.1802924403212059e-09
4.7725,3.1790462084905604e-09
4.775,3.1764859161834429e-09
4.7775,3.1725221445747064e-09
4.78,3.167079681489354e-09
4.7825,3.160107143264567e-09
4.785,3.1515750374740074e-09
4.7875,3.1414798847939683e-09
4.79,3.129760526418551e-09
4.7925,3.1165741587183519e-09
4.795,3.1018812906659062e-09
4.7975,3.0856199606714264e-09
4.8,3.0680278535806816e-09
4.8025,3.0489823242401935e-09
4.805,3.0287283690959662e-09
4.8075,3.0071850013721101e-09
4.81,2.9846223361729096e-09
4.8125,2.9609735270397011e-09
4.815,2.9364050850445124e-09
4.8175,2.9110702137912163e-09
4.82,2.8850757703563168e-09
4.8225,2.858562704616168e-09
4.825,2.8316538689393347e-09
4.8275,2.8044972929256482e-09
4.83,2.7771965635351808e-09
4.8325,2.7498752841279027e-09
4.835,2.7226403268173523e-09
4.8375,2.695624972315687e-09
4.84,2.6689377011927901e-09
4.8425,2.6427611126001797e-09
4.845,2.6170961122229083e-09
4.8475,2.592069992164014e-09
4.85,2.5676971132239508e-09
4.8525,2.5439937363105099e-09
4.855,2.5210233582291681e-09
4.8575,2.4988558336749877e-09
4.86,2.4774907514686833e-09
4.8625,2.4569360090533404e-09
4.865,2.4371962195191756e-09
4.8675,2.4182833335791354e-09
4.87,2.4001942743848302e-09
4.8725,2.3830372423905555e-09
4.875,2.366623479063189e-09
4.8775,2.3511425726037109e-09
4.88,2.3365042678142904e-09
4.8825,2.3225851823741167e-09
4.885,2.3094875889194567e-09
4.8875,2.2969868414193116e-09
4.89,2.2849377573471905e-09
4.8925,2.2732084621403414e-09
4.895,2.2617135427787856e-09
4.8975,2.2504061627403635e-09
4.9,2.2392546216830284e-09
4.9025,2.2282283453228389e-09
4.905,2.2172704566210045e-09
4.9075,2.2062998162073291e-09
4.91,2.1952305929552541e-09
4.9125,2.1839919197848556e-09
4.915,2.1725382376409781e-09
4.9175,2.1608408636031879e-09
4.92,2.1488928140798855e-09
4.9225,2.1367099616085424e-09
4.925,2.1243124135189569e-09
4.9275,2.1117336175089556e-09
4.93,2.0990111289836548e-09
4.9325,2.0861783466391158e-09
4.935,2.0732627181409654e-09
4.9375,2.0603007029013085e-09
4.94,2.0473438695672639e-09
4.9425,2.0344621338505686e-09
4.945,2.0217379620907922e-09
4.9475,2.0092678299511902e-09
4.95,1.9971609532441879e-09
4.9525,1.98551845314104e-09
4.955,1.9744371597596224e-09
4.9575,1.9639846687969456e-09
4.96,1.9542187757738849e-09
4.9625,1.9451910727797169e-09
4.965,1.9369533870285017e-09
4.9675,1.9295648355498731e-09
4.97,1.923099176052672e-09
4.9725,1.9176310566724202e-09
4.975,1.913216376733557e-09
4.9775,1.90989685744151e-09
4.98,1.9076916221184354e-09
4.9825,1.9065895228778532e-09
4.985,1.9065829414266745e-09
4.9875,1.9076494470984286e-09
4.99,1.909781108569661e-09
4.9925,1.912963182097013e-09
4.995,1.917185651043042e-09
4.9975,1.9224467535510726e-09
5.0,1.9287398781153885e-09
5.00025,1.9339426747317359e-09
5.0005,1.9391733702580518e-09
5.00075,1.9444726236700417e-09
5.001,1.9498856581532158e-09
5.00125,1.9553893498100132e-09
5.0015,1.9609825467819568e-09
5.00175,1.9666324661851728e-09
5.002,1.9723776926346604e-09
5.00225,1.9782302369768273e-09
5.0025,1.9842003871325173e-09
5.00275,1.9902909262798246e-09
5.003,1.9964929538747639e-09
5.00325,2.0028025123917509e-09
5.0035,2.0092132036577432e-09
5.00375,2.0157228362629059e-09
5.004,2.0223841264906484e-09
5.00425,2.0290853730471803e-09
5.0045,2.0358758003703189e-09
5.00475,2.0427418144806495e-09
5.005,2.0496766364522313e-09
5.00525,2.0566779660683794e-09
5.0055,2.0637453969976001e-09
5.00575,2.0708886415423008e-09
5.006,2.0780961410523415e-09
5.00625,2.0852898451387024e-09
5.0065,2.0925033208322317e-09
5.00675,2.0996243917081674e-09
5.007,2.1066776407264344e-09
5.00725,2.1135371174050634e-09
5.0075,2.1201990820096967e-09
5.00775,2.1265275126694057e-09
5.008,2.1325125812630932e-09
5.00825,2.1380146620907145e-09
5.0085,2.1430212300626174e-09
5.00875,2.1474457926803184e-09
5.009,2.1512298258370172e-09
5.00925,2.1543642018141829e-09
5.0095,2.156887338338418e-09
5.00975,2.1588102309635512e-09
5.01,2.1601671691629478e-09
5.01025,2.1610689992226578e-09
5.0105,2.1617083866661114e-09
5.01075,2.1621444358224977e-09
5.011,2.1625895767625692e-09
5.01125,2.1631653470868013e-09
5.0115,2.1640420059089454e-09
5.01175,2.1652762405124028e-09
5.012,2.1670309652657584e-09
5.01225,2.1693419770031668e-09
5.0125,2.1722111899814819e-09
5.01275,2.1756573149302133e-09
5.013,2.1796612020744472e-09
5.01325,2.18416623988311e-09
5.0135,2.1890726835090446e-09
5.01375,2.194282550919556e-09
5.014,2.1996797633453895e-09
5.01425,2.2051827940077474e-09
5.0145,2.2107192003541654e-09
5.01475,2.2162399419819615e-09
5.015,2.221691628286318e-09
5.01525,2.227130874663607e-09
5.0155,2.2326523164829237e-09
5.01575,2.2383186598409042e-09
5.016,2.2442239066505362e-09
5.01625,2.2504624735575137e-09
5.0165,2.2571090465372379e-09
5.01675,2.2642318089868375e-09
5.017,2.2717689378482933e-09
5.01725,2.2796979546537165e-09
5.0175,2.2879617097459455e-09
5.01775,2.2964373986397904e-09
5.018,2.3049728965056444e-09
5.01825,2.3135068923125275e-09
5.0185,2.3220084386874724e-09
5.01875,2.3304185981862471e-09
5.019,2.3387234851181223e-09
5.01925,2.3470186056586305e-09
5.0195,2.355420943585635e-09
5.01975,2.3640351748663542e-09
5.02,2.372952804923182e-09
5.02025,2.3822979533817891e-09
5.0205,2.3921779610192982e-09
5.02075,2.402629572956963e-09
5.021,2.4135819815465134e-09
5.02125,2.4250265591711454e-09
5.0215,2.436914377777652e-09
5.02175,2.449102511034168e-09
5.022,2.4614341333610497e-09
5.02225,2.4738427322053936e-09
5.0225,2.486309423847534e-09
5.02275,2.4987774689110147e-09
5.023,2.5112336350134185e-09
5.02325,2.5237929959567256e-09
5.0235,2.5366172590737828e-09
5.02375,2.549806057759993e-09
5.024,2.5634440460487216e-09
5.02425,2.5776889810546921e-09
5.0245,2.5926531857696963e-09
5.02475,2.608323965757698e-09
5.025,2.6246320109520397e-09
5.02525,2.6415349722630165e-09
5.0255,2.6589550693939093e-09
5.02575,2.6767182734269292e-09
5.026,2.6946173293195813e-09
5.02625,2.7125471170893989e-09
5.0265,2.7304188810733021e-09
5.02675,2.748097396264136e-09
5.027,2.7654726592371106e-09
5.02725,2.7825693764306325e-09
5.0275,2.7994354737490128e-09
5.02775,2.8160704345192374e-09
5.028,2.8324809650947893e-09
5.02825,2.8487593382906833e-09
5.0285,2.864981952269487e-09
5.02875,2.881156533046407e-09
5.029,2.897245795426956e-09
5.02925,2.9132894197189053e-09
5.0295,2.9293056402005352e-09
5.02975,2.9452325359581146e-09
5.03,2.9609770922116364e-09
5.03025,2.9765431518785569e-09
5.0305,2.9919531792973493e-09
5.03075,3.0071333696412659e-09
5.031,3.0220159738872194e-09
5.03125,3.0366333323422167e-09
5.0315,3.0510205470369132e-09
5.03175,3.0651370162372224e-09
5.032,3.0789340436295011e-09
5.03225,3.0924486406627385e-09
5.0325,3.1057172559866368e-09
5.03275,3.1186976288694558e-09
5.033,3.1313435221863294e-09
5.03325,3.1436838989946638e-09
5.0335,3.1557565001172665e-09
5.03375,3.167534992368335e-09
5.034,3.1789868394660508e-09
5.03425,3.1901680738364532e-09
5.0345,3.2011395788327606e-09
5.03475,3.2118951775123859e-09
5.035,3.2224233615483586e-09
5.03525,3.232780892226109e-09
5.0355,3.2430142558130652e-09
5.03575,3.2531124585365694e-09
5.036,3.2630482523961078e-09
5.03625,3.2728449030867315e-09
5.0365,3.2825098221029716e-09
5.03675,3.2920023682905107e-09
5.037,3.3012672473897216e-09
5.03725,3.3102952668890629e-09
5.0375,3.3190720480726651e-09
5.03775,3.3275502158297585e-09
5.038,3.3356778893989992e-09
5.03825,3.3434398016637821e-09
5.0385,3.3508273823687454e-09
5.03875,3.3578048219557392e-09
5.039,3.3643400533218692e-09
5.03925,3.3704299349573164e-09
5.0395,3.3760691125267285e-09
5.03975,3.3812378046694283e-09
5.04,3.3859122887703121e-09
5.04025,3.3900987351218102e-09
5.0405,3.3938008201471033e-09
5.04075,3.3970086054746577e-09
5.041,3.3997139601449224e-09
5.04125,3.4019281907388709e-09
5.0415,3.4036725967357336e-09
5.04175,3.4049500283294093e-09
5.042,3.4057680544548016e-09
5.04225,3.4061552113950166e-09
5.0425,3.4061380231011347e-09
5.04275,3.4057326227013039e-09
5.043,3.4049579361474929e-09
5.04325,3.4038385407898436e-09
5.0435,3.4023983232200501e-09
5.04375,3.4006528188069504e-09
5.044,3.3986129280575356e-09
5.04425,3.3962949134486887e-09
5.0445,3.3937081507757884e-09
5.04475,3.3908534804345787e-09
5.045,3.3877359692301713e-09
5.04525,3.3843567332643117e-09
5.0455,3.3807142053234272e-09
5.04575,3.3768063449730188e-09
5.046,3.3726411719526286e-09
5.04625,3.3682168558346868e-09
5.0465,3.3635287991327018e-09
5.04675,3.3585892061753684e-09
5.047,3.353417269510184e-09
5.04725,3.3480216079964235e-09
5.0475,3.3424126267881397e-09
5.04775,3.3366204992834889e-09
5.048,3.3306751721175349e-09
5.04825,3.324598410424926e-09
5.0485,3.3184135553385159e-09
5.04875,3.3121540938374404e-09
5.049,3.3058572844553787e-09
5.04925,3.2995412856373429e-09
5.0495,3.2932249316429397e-09
5.04975,3.2869343156314232e-09
5.05,3.2806991168290414e-09
5.05025,3.2745246514269099e-09
5.0505,3.2684086797048841e-09
5.05075,3.2623667963773716e-09
5.051,3.2564163651959943e-09
5.05125,3.2505477133444402e-09
5.0515,3.2447533129818455e-09
5.05175,3.2390441358858711e-09
5.052,3.2334335572693972e-09
5.05225,3.2279137120810053e-09
5.0525,3.2224855803697078e-09
5.05275,3.2171633635181453e-09
5.053,3.211969875821272e-09
5.05325,3.2069079016462141e-09
5.0535,3.2019788265698409e-09
5.05375,3.1972061649044256e-09
5.054,3.1926182759747355e-09
5.05425,3.1882168530218821e-09
5.0545,3.1840067771682776e-09
5.05475,3.180008218418257e-09
5.055,3.176240290234038e-09
5.05525,3.1727014894821153e-09
5.0555,3.1693914046557348e-09
5.05575,3.1663349790276538e-09
5.056,3.1635062716586606e-09
5.05625,3.1609303395091887e-09
5.0565,3.1585975148300785e-09
5.05675,3.1564950331299749e-09
5.057,3.1546316080605624e-09
5.05725,3.1530099987891867e-09
5.0575,3.1516219942773285e-09
5.05775,3.1504689933341926e-09
5.058,3.149533508003512e-09
5.05825,3.1488190946337717e-09
5.0585,3.1483223500180463e-09
5.05875,3.1480272911541577e-09
5.059,3.1479293254899214e-09
5.05925,3.1480073947580797e-09
5.0595,3.148252977013348e-09
5.05975,3.1486589271669041e-09
5.06,3.1492043173470904e-09
5.06025,3.1498713670881477e-09
5.0605,3.1506405705280188e-09
5.06075,3.1515007925404277e-09
5.061,3.1524406871353994e-09
5.06125,3.1534409731721345e-09
5.0615,3.1544869429224514e-09
5.06175,3.1555659548206796e-09
5.062,3.1566732386757111e-09
5.06225,3.1578050500848612e-09
5.0625,3.158952428678763e-09
5.06275,3.1601089591975977e-09
5.063,3.1612738552016614e-09
5.06325,3.1624499723037783e-09
5.0635,3.1636411936795527e-09
5.06375,3.1648494959073375e-09
5.064,3.1660776522574185e-09
5.06425,3.1673351408895982e-09
5.0645,3.168630943302158e-09
5.06475,3.1699738485313519e-09
5.065,3.171372712538656e-09
5.06525,3.1728325061030677e-09
5.0655,3.174364825107194e-09
5.06575,3.1759760759438561e-09
5.066,3.1776720995401563e-09
5.06625,3.1794565352358938e-09
5.0665,3.1813246931267666e-09
5.06675,3.1832782082102271e-09
5.067,3.1853049713770834e-09
5.06725,3.1874051244584551e-09
5.0675,3.1895695401842468e-09
5.06775,3.1917784563997097e-09
5.068,3.1940215280546831e-09
5.06825,3.1962795561638529e-09
5.0685,3.1985443830897802e-09
5.06875,3.2007913546301936e-09
5.069,3.2030125500076114e-09
5.06925,3.2051981337372489e-09
5.0695,3.2073258302804938e-09
5.06975,3.2093901377502172e-09
5.07,3.2113860552922366e-09
5.07025,3.2132974465595557e-09
5.0705,3.2151263355520291e-09
5.07075,3.2168655822586874e-09
5.071,3.2185188265374957e-09
5.07125,3.2200776269502433e-09
5.0715,3.2215436700694274e-09
5.07175,3.2229199921213498e-09
5.072,3.2242083382001348e-09
5.07225,3.2254119673876092e-09
5.0725,3.2265341715604644e-09
5.07275,3.2275786330093369e-09
5.073,3.2285432293298503e-09
5.07325,3.2294335913426458e-09
5.0735,3.2302448099988018e-09
5.07375,3.2309755321875268e-09
5.074,3.2316210788119055e-09
5.07425,3.2321746053965344e-09
5.0745,3.2326249688447819e-09
5.07475,3.2329545126619381e-09
5.075,3.2331534621695734e-09
5.07525,3.2332073100924408e-09
5.0755,3.233095690991481e-09
5.07575,3.2328009538133739e-09
5.076,3.2323031280349164e-09
5.07625,3.2315993914632149e-09
5.0765,3.2306698452940884e-09
5.07675,3.2295060815260687e-09
5.077,3.2280894178904223e-09
5.07725,3.2264283070109879e-09
5.0775,3.2245099255753203e-09
5.07775,3.2223326654756199e-09
5.078,3.2198829835377724e-09
5.07825,3.217179757976428e-09
5.0785,3.2142087671248425e-09
5.07875,3.2109572528250044e-09
5.079,3.207451506587119e-09
5.07925,3.2036751973589885e-09
5.0795,3.1996129726242963e-09
5.07975,3.1952959923425098e-09
5.08,3.1907065076346138e-09
5.08025,3.1858307006893419e-09
5.0805,3.1806999060472569e-09
5.08075,3.1752974631204138e-09
5.081,3.1696038633746369e-09
5.08125,3.1636578369819646e-09
5.0815,3.1574345403573249e-09
5.08175,3.1509117819819656e-09
5.082,3.1441288551917487e-09
5.08225,3.1370591364765202e-09
5.0825,3.129672687703504e-09
5.08275,3.1220209841762473e-09
5.083,3.1140698864270127e-09
5.08325,3.1057891087927947e-09
5.0835,3.0972400945425948e-09
5.08375,3.0883964677169927e-09
5.084,3.0792703755003322e-09
5.08425,3.069825649192571e-09
5.0845,3.0601483923905835e-09
5.08475,3.0502045325745924e-09
5.085,3.0400351198526679e-09
5.08525,3.0296083939184149e-09
5.0855,3.0190255215121014e-09
5.08575,3.0082551114680574e-09
5.086,2.9973419132571911e-09
5.08625,2.9862494147609805e-09
5.0865,2.9750847267034932e-09
5.08675,2.963814959949382e-09
5.087,2.9524838485989274e-09
5.08725,2.9410537174824815e-09
5.0875,2.9296239029789603e-09
5.08775,2.9181571635297612e-09
5.088,2.9066910325028892e-09
5.08825,2.895180901063489e-09
5.0885,2.8837251759707895e-09
5.08875,2.8722849025885251e-09
5.089,2.8608890665292029e-09
5.08925,2.8494888265580777e-09
5.0895,2.8381891524140301e-09
5.08975,2.8269348244477376e-09
5.09,2.8157574171688175e-09
5.09025,2.8045937876447859e-09
5.0905,2.7935510891813826e-09
5.09075,2.7825719196541613e-09
5.091,2.7716750551933622e-09
5.09125,2.7608032946468229e-09
5.0915,2.7500562107407164e-09
5.09175,2.7393661432134453e-09
5.092,2.7287567745236083e-09
5.09225,2.7181527944380184e-09
5.0925,2.7076627732958348e-09
5.09275,2.6972139620792859e-09
5.093,2.6868231950252678e-09
5.09325,2.6764198302519621e-09
5.0935,2.666098713170094e-09
5.09375,2.655796957250974e-09
5.094,2.6455298734760699e-09
5.09425,2.6352313597942042e-09
5.0945,2.6249972047639377e-09
5.09475,2.6147660510176518e-09
5.095,2.6045547079063208e-09
5.09525,2.5943008310402518e-09
5.0955,2.5841015033118722e-09
5.09575,2.5739013404085715e-09
5.096,2.5637195725746566e-09
5.09625,2.5534965131674051e-09
5.0965,2.5433286159504275e-09
5.09675,2.5331616282216907e-09
5.097,2.5230113979960276e-09
5.09725,2.5128171265915728e-09
5.0975,2.5026778102037336e-09
5.09775,2.492533614134542e-09
5.098,2.4823429915387468e-09
5.09825,2.4721949886514227e-09
5.0985,2.4620433455819669e-09
5.09875,2.4518539881306961e-09
5.099,2.4417122087240073e-09
5.09925,2.431575643048783e-09
5.0995,2.421405080351442e-09
5.09975,2.4112924550957541e-09
5.1,2.4012011698551288e-09
5.10025,2.3911023015212398e-09
5.1005,2.3810864433893423e-09
5.10075,2.3711235020179409e-09
5.101,2.3611799481547576e-09
5.10125,2.3513508102931473e-09
5.1015,2.3415941922371495e-09
5.10175,2.3319332398006993e-09
5.102,2.3223140635857513e-09
5.10225,2.3128249582009153e-09
5.1025,2.3034247872276218e-09
5.10275,2.2941375345123427e-09
5.103,2.2849043206486494e-09
5.10325,2.2758057246279136e-09
5.1035,2.2667921225676697e-09
5.10375,2.2578215480130589e-09
5.104,2.2489748712249026e-09
5.10425,2.2402005265743112e-09
5.1045,2.23144620584835e-09
5.10475,2.2227954006881448e-09
5.105,2.2141950894230865e-09
5.10525,2.2055921451090431e-09
5.1055,2.197072906075311e-09
5.10575,2.1885830004429619e-09
5.106,2.18008573899244e-09
5.10625,2.1716542182452362e-09
5.1065,2.1632488242570094e-09
5.10675,2.1548396735892185e-09
5.107,2.1465022337191386e-09
5.10725,2.1381982597739225e-09
5.1075,2.1298999913513e-09
5.10775,2.1216802243746429e-09
5.108,2.1135034064627833e-09
5.10825,2.1053373642420819e-09
5.1085,2.0972579799083827e-09
5.10875,2.0892246825463532e-09
5.109,2.0811956361438654e-09
5.10925,2.0732062790133163e-09
5.1095,2.0652667249315996e-09
5.10975,2.0573587231156106e-09
5.11,2.0495010521469149e-09
5.11025,2.0416357466651596e-09
5.1105,2.0337833895685269e-09
5.11075,2.0259579008768897e-09
5.111,2.0181359284986057e-09
5.11125,2.0103437227998781e-09
5.1115,2.0025357737844861e-09
5.11175,1.9947302555175903e-09
5.112,1.986945363389244e-09
5.11225,1.9791637553316456e-09
5.1125,1.9714138532594791e-09
5.11275,1.9636477578001813e-09
5.113,1.9558945228324077e-09
5.11325,1.94817249078974e-09
5.1135,1.940465232454994e-09
5.11375,1.9328073987949431e-09
5.114,1.9251530350791352e-09
5.11425,1.9175326220717514e-09
5.1145,1.9099718343033805e-09
5.11475,1.9024559076134113e-09
5.115,1.8950154239962032e-09
5.11525,1.8876160596199353e-09
5.1155,1.8802913521722267e-09
5.11575,1.8730648731966272e-09
5.116,1.865934131341215e-09
5.11625,1.858932393201572e-09
5.1165,1.8520340908268879e-09
5.11675,1.8452733380852015e-09
5.117,1.8386763003440105e-09
5.11725,1.8322411210129764e-09
5.1175,1.8260029967842843e-09
5.11775,1.8199347846302751e-09
5.118,1.8140694829085931e-09
5.11825,1.8084336070296791e-09
5.1185,1.8030259595284743e-09
5.11875,1.797877063456199e-09
5.119,1.792963042034736e-09
5.11925,1.7883152900569772e-09
5.1195,1.7839586654057166e-09
5.11975,1.7798896693280859e-09
5.12,1.7761332238975824e-09
5.12025,1.7726737171510682e-09
5.1205,1.7695315168911016e-09
5.12075,1.7667249786061365e-09
5.121,1.7642474957300625e-09
5.12125,1.7621099383918312e-09
5.1215,1.7603010989089808e-09
5.12175,1.7588296138513264e-09
5.122,1.7577025062023628e-09
5.12225,1.7569094672536944e-09
5.1225,1.7564499705861349e-09
5.12275,1.7563089067553681e-09
5.123,1.7564863901751454e-09
5.12325,1.7569790491070428e-09
5.1235,1.757777135518828e-09
5.12375,1.7588676631546891e-09
5.124,1.7602431506026254e-09
5.12425,1.7619003774093912e-09
5.1245,1.763831308487854e-09
5.12475,1.7660294028405376e-09
5.125,1.7684815658996533e-09
5.12525,1.7711921435577671e-09
5.1255,1.7741544348795039e-09
5.12575,1.7773621765486025e-09
5.126,1.780813368923866e-09
5.12625,1.7844891528502095e-09
5.1265,1.7883983427743125e-09
5.12675,1.7925286979434009e-09
5.127,1.7968689660729286e-09
5.12725,1.8014105603561615e-09
5.1275,1.8061389243686993e-09
5.12775,1.811042325585074e-09
5.128,1.8160942489067474e-09
5.12825,1.8212909830391195e-09
5.1285,1.8266324253442935e-09
5.12875,1.8320938905286422e-09
5.129,1.8376530911793313e-09
5.12925,1.8433060863525145e-09
5.1295,1.8490550711556623e-09
5.12975,1.8548769323287499e-09
5.13,1.8607482230430946e-09
5.13025,1.8666756501162986e-09
5.1305,1.8726615597200423e-09
5.13075,1.8786862474034113e-09
5.131,1.8847208621620832e-09
5.13125,1.8907724296211591e-09
5.1315,1.8968474886477763e-09
5.13175,1.9029209625264189e-09
5.132,1.9089661968320111e-09
5.13225,1.914992921633977e-09
5.1325,1.9210088022354066e-09
5.13275,1.9269893617316751e-09
5.133,1.9329085387541024e-09
5.13325,1.938775753810829e-09
5.1335,1.9445978296840833e-09
5.13375,1.9503535119479327e-09
5.134,1.9560138027422565e-09
5.13425,1.9615871557724819e-09
5.1345,1.9670858066179623e-09
5.13475,1.9724819296178685e-09
5.135,1.9777442219146489e-09
5.13525,1.9828813085579243e-09
5.1355,1.9879042314477304e-09
5.13575,1.9927807337675963e-09
5.136,1.9974886238359938e-09
5.13625,2.002032369996317e-09
5.1365,2.0064188648128396e-09
5.13675,2.010625684653469e-09
5.137,2.0146306255779601e-09
5.13725,2.0184415052927279e-09
5.1375,2.0220630281561929e-09
5.13775,2.0254784308960403e-09
5.138,2.0286679565442758e-09
5.13825,2.0316336935385906e-09
5.1385,2.0343800669384059e-09
5.13875,2.0368866098453797e-09
5.139,2.0391325754553383e-09
5.13925,2.0411197459037032e-09
5.1395,2.0428459237129919e-09
5.13975,2.0442949109417529e-09
5.14,2.0454520125813084e-09
5.14025,2.0463183240084701e-09
5.1405,2.046894520899434e-09
5.14075,2.047173235048056e-09
5.141,2.0471513106955366e-09
5.14125,2.046836180561964e-09
5.1415,2.0462361896194431e-09
5.14175,2.0453566033625361e-09
5.142,2.0442075881526841e-09
5.14225,2.0428034106337929e-09
5.1425,2.0411566304611922e-09
5.14275,2.0392810287890074e-09
5.143,2.0371952641571868e-09
5.14325,2.0349147059704604e-09
5.1435,2.0324515754829709e-09
5.14375,2.0298228995461099e-09
5.144,2.0270502972216476e-09
5.14425,2.0241423395947523e-09
5.1445,2.0211070599666741e-09
5.14475,2.0179615574058742e-09
5.145,2.0147270804808735e-09
5.14525,2.0114044041883038e-09
5.1455,2.007989102681949e-09
5.14575,2.0045005469896582e-09
5.146,2.0009554950351134e-09
5.14625,1.9973480339024339e-09
5.1465,1.9936737324544584e-09
5.14675,1.9899458958124007e-09
5.147,1.9861794589587586e-09
5.14725,1.9823688869126198e-09
5.1475,1.9785164593430447e-09
5.14775,1.9746338961301995e-09
5.148,1.9707421386810231e-09
5.14825,1.9668413316766241e-09
5.1485,1.9629405766343857e-09
5.14875,1.959060909083372e-09
5.149,1.9552273098540224e-09
5.14925,1.9514556473629768e-09
5.1495,1.9477573382734661e-09
5.14975,1.9441629373493761e-09
5.15,1.9407035613563647e-09
5.15025,1.9373953118803175e-09
5.1505,1.9342539492687893e-09
5.15075,1.9313082073389985e-09
5.151,1.9285885111995004e-09
5.15125,1.9261054743268701e-09
5.1515,1.923873213767514e-09
5.15175,1.9219162183991413e-09
5.152,1.9202500927173641e-09
5.15225,1.9188823087347425e-09
5.1525,1.9178243078869368e-09
5.15275,1.9170854250699289e-09
5.153,1.9166708577098461e-09
5.15325,1.9165830622969929e-09
5.1535,1.9168251214358814e-09
5.15375,1.91739801899671e-09
5.154,1.9182954234403337e-09
5.15425,1.9195192509240225e-09
5.1545,1.9210694971868085e-09
5.15475,1.9229399331594874e-09
5.155,1.9251183129095625e-09
5.15525,1.9276081468028278e-09
5.1555,1.9304164234868721e-09
5.15575,1.9335320933533435e-09
5.156,1.9369358769682242e-09
5.15625,1.9406383194727025e-09
5.1565,1.9446545062144591e-09
5.15675,1.9489676570752805e-09
5.157,1.9535574541842493e-09
5.15725,1.9584369060411638e-09
5.1575,1.9636253902049283e-09
5.15775,1.9691044379742914e-09
5.158,1.974846971942539e-09
5.15825,1.9808730202125918e-09
5.1585,1.9872091426141287e-09
5.15875,1.9938317285423564e-09
5.159,2.0007074299887927e-09
5.15925,2.0078688785732396e-09
5.1595,2.0153458339383925e-09
5.15975,2.0231114873430821e-09
5.16,2.0311308602444839e-09
5.16025,2.0394345556939652e-09
5.1605,2.0480563585192118e-09
5.16075,2.056965716979977e-09
5.161,2.0661237726226265e-09
5.16125,2.0755574138749144e-09
5.1615,2.0853005354856429e-09
5.16175,2.0953147768605961e-09
5.162,2.1055518518602748e-09
5.16225,2.1160438817739624e-09
5.1625,2.1268252278674128e-09
5.16275,2.1378529544679525e-09
5.163,2.1490697925664234e-09
5.16325,2.1605121802048602e-09
5.1635,2.1722136043417517e-09
5.16375,2.1841276561528126e-09
5.164,2.1961959062765711e-09
5.16425,2.2084535710123389e-09
5.1645,2.2209334761233055e-09
5.16475,2.233583614217788e-09
5.165,2.2463483301950157e-09
5.16525,2.2592557001817115e-09
5.1655,2.272343763520344e-09
5.16575,2.2855607212892586e-09
5.166,2.2988401940069945e-09
5.16625,2.3122111731531143e-09
5.1665,2.3257266817241237e-09
5.16675,2.3393206728151451e-09
5.167,2.3529204583641823e-09
5.16725,2.366574692198345e-09
5.1675,2.3803316336389898e-09
5.16775,2.3941233860675346e-09
5.168,2.4078835550779072e-09
5.16825,2.4216575716385143e-09
5.1685,2.4354862148780418e-09
5.16875,2.4493141581981732e-09
5.169,2.4630729302952959e-09
5.16925,2.4768096976428638e-09
5.1695,2.4905719046090564e-09
5.16975,2.5042976904224283e-09
5.17,2.5179266951793188e-09
5.17025,2.5315027871871769e-09
5.1705,2.5450723054633713e-09
5.17075,2.5585740629866271e-09
5.171,2.5719523261484835e-09
5.17125,2.5852473485206383e-09
5.1715,2.598502478963189e-09
5.17175,2.6116668319672296e-09
5.172,2.6246786184226387e-09
5.17225,2.6375786558006089e-09
5.1725,2.6503995420114169e-09
5.17275,2.6631012225593834e-09
5.173,2.6756232104653432e-09
5.17325,2.688007989849497e-09
5.1735,2.7003066211569146e-09
5.17375,2.7124670377600184e-09
5.174,2.7244348003004872e-09
5.17425,2.7362533588774009e-09
5.1745,2.747969875699248e-09
5.17475,2.7595391170256475e-09
5.175,2.7709097442120773e-09
5.17525,2.7821229400283501e-09
5.1755,2.7932221541759753e-09
5.17575,2.8041643685350116e-09
5.176,2.8149036704606807e-09
5.17625,2.8254780037609725e-09
5.1765,2.8358640871760604e-09
5.17675,2.8461303322884394e-09
5.177,2.8562280765182391e-09
5.17725,2.8661159338480706e-09
5.1775,2.8758273482246321e-09
5.17775,2.8853294385632601e-09
5.178,2.8946893376572959e-09
5.17825,2.9038641154701117e-09
5.1785,2.9128225151227152e-09
5.17875,2.9216022756803728e-09
5.179,2.9301795456324307e-09
5.17925,2.938618111812076e-09
5.1795,2.9468865965925785e-09
5.17975,2.9549642536367211e-09
5.18,2.9628781299829321e-09
5.18025,2.970612548815285e-09
5.1805,2.9782284338348703e-09
5.18075,2.9856952957670603e-09
5.181,2.9929939277234401e-09
5.18125,3.0001476062723095e-09
5.1815,3.007137434997733e-09
5.18175,3.0140116312209108e-09
5.182,3.0207418277038212e-09
5.18225,3.0273047913309279e-09
5.1825,3.033723805234756e-09
5.18275,3.0399793835712752e-09
5.183,3.0461176360006624e-09
5.18325,3.0521119940853004e-09
5.1835,3.0579475284078565e-09
5.18375,3.063652027612947e-09
5.184,3.0692148719971151e-09
5.18425,3.0746771631003678e-09
5.1845,3.0800282217638474e-09
5.18475,3.0852577158476078e-09
5.185,3.0903895892658914e-09
5.18525,3.0954141612533863e-09
5.1855,3.1003723488030457e-09
5.18575,3.1052501524740317e-09
5.186,3.1100329824328378e-09
5.18625,3.1147433391215271e-09
5.1865,3.1193691481086109e-09
5.18675,3.1239448150259171e-09
5.187,3.1284530477047521e-09
5.18725,3.132875391361421e-09
5.1875,3.1372289634836627e-09
5.18775,3.1415000544461466e-09
5.188,3.1457212925051904e-09
5.18825,3.1498691840892034e-09
5.1885,3.1539255281646047e-09
5.18875,3.1579075225535455e-09
5.189,3.1618223448149292e-09
5.18925,3.1656582095117476e-09
5.1895,3.1693935230513972e-09
5.18975,3.1730475736579338e-09
5.19,3.1766392403034721e-09
5.19025,3.1801532381579527e-09
5.1905,3.1835737707211593e-09
5.19075,3.1869210653543593e-09
5.191,3.1901896149368784e-09
5.19125,3.1934096060998336e-09
5.1915,3.196566162169005e-09
5.19175,3.1996500688455676e-09
5.192,3.2026789336244796e-09
5.19225,3.2056432871264131e-09
5.1925,3.2085701331385062e-09
5.19275,3.211444240182271e-09
5.193,3.2142513414655133e-09
5.19325,3.2170021618293493e-09
5.1935,3.21968605119233e-09
5.19375,3.2223181079209189e-09
5.194,3.2248783005006763e-09
5.19425,3.2273484277729583e-09
5.1945,3.2297354547249692e-09
5.19475,3.2320256806799382e-09
5.195,3.2342353966190324e-09
5.19525,3.2363481704591388e-09
5.1955,3.2383517304639744e-09
5.19575,3.2402581252180274e-09
5.196,3.2420641866104133e-09
5.19625,3.2437906548432904e-09
5.1965,3.2454333595406671e-09
5.19675,3.2469901175141642e-09
5.197,3.2484775043912636e-09
5.19725,3.249900199371685e-09
5.1975,3.2512799853307976e-09
5.19775,3.2526146702673335e-09
5.198,3.2539030342441799e-09
5.19825,3.2551596545641341e-09
5.1985,3.2563870316577874e-09
5.19875,3.2575990967136252e-09
5.199,3.2587903811790286e-09
5.19925,3.2599548227540603e-09
5.1995,3.2610977718825862e-09
5.19975,3.2622203418889527e-09
5.2,3.2633123972643792e-09
5.20025,3.2643611138540444e-09
5.2005,3.2653629478254411e-09
5.20075,3.2663121419648274e-09
5.201,3.2671920445947506e-09
5.20125,3.2679860809481085e-09
5.2015,3.2686846497280592e-09
5.20175,3.2692774734474421e-09
5.202,3.2697505104391206e-09
5.20225,3.270091143692262e-09
5.2025,3.2702933224495665e-09
5.20275,3.2703488267021115e-09
5.203,3.2702536808903745e-09
5.20325,3.2700065504612257e-09
5.2035,3.2696065117935127e-09
5.20375,3.2690540946677242e-09
5.204,3.2683544248277615e-09
5.20425,3.2675147086274002e-09
5.2045,3.2665378481915192e-09
5.20475,3.2654279688948563e-09
5.205,3.2641936840362989e-09
5.20525,3.2628417947349036e-09
5.2055,3.2613779684996222e-09
5.20575,3.2598071028265391e-09
5.206,3.2581401548678472e-09
5.20625,3.2563908118218205e-09
5.2065,3.254560225670772e-09
5.20675,3.2526547677880039e-09
5.207,3.2506873716195395e-09
5.20725,3.2486716473511636e-09
5.2075,3.2466128478986447e-09
5.20775,3.2445114715815765e-09
5.208,3.2423799022072468e-09
5.20825,3.2402364455666735e-09
5.2085,3.238080721666962e-09
5.20875,3.2359061583438956e-09
5.209,3.2337257633837712e-09
5.20925,3.231551131655343e-09
5.2095,3.2293742234519721e-09
5.20975,3.2271836573341687e-09
5.21,3.2249911250000728e-09
5.21025,3.2228033936422215e-09
5.2105,3.220611303989553e-09
5.21075,3.2184050772703278e-09
5.211,3.2162055489111778e-09
5.21125,3.2139885448886441e-09
5.2115,3.2117789727821529e-09
5.21175,3.2095682002857743e-09
5.212,3.2073437063716136e-09
5.21225,3.2051192672616137e-09
5.2125,3.2029055753931042e-09
5.21275,3.2006948007921205e-09
5.213,3.1984942382488087e-09
5.21325,3.1962886319610143e-09
5.2135,3.194090787030772e-09
5.21375,3.1919081327964939e-09
5.214,3.1897303075112442e-09
5.21425,3.1875648535717812e-09
5.2145,3.185397633174829e-09
5.21475,3.1832356033623818e-09
5.215,3.1810860822621882e-09
5.21525,3.1789396255462292e-09
5.2155,3.1768024906027849e-09
5.21575,3.1746582337291342e-09
5.216,3.1725182384298649e-09
5.21625,3.1703898621690583e-09
5.2165,3.168266329696346e-09
5.21675,3.1661561829382523e-09
5.217,3.1640496199274645e-09
5.21725,3.1619583140370656e-09
5.2175,3.1598937698778316e-09
5.21775,3.1578533470939694e-09
5.218,3.1558479746994094e-09
5.21825,3.1538691980644521e-09
5.2185,3.151930474181241e-09
5.21875,3.150042173208476e-09
5.219,3.1481994433978205e-09
5.21925,3.1464032201297942e-09
5.2195,3.14465807843386e-09
5.21975,3.142971999490033e-09
5.22,3.1413379776562395e-09
5.22025,3.1397488207544071e-09
5.2205,3.1382081433266148e-09
5.22075,3.1367194481746838e-09
5.221,3.1352760660068716e-09
5.22125,3.1338749704883886e-09
5.2215,3.132518077200317e-09
5.22175,3.1312090200364747e-09
5.222,3.129944336899203e-09
5.22225,3.1287227071455918e-09
5.2225,3.1275480532069873e-09
5.22275,3.1264237333163308e-09
5.223,3.1253477856763588e-09
5.22325,3.1243193462371798e-09
5.2235,3.1233395374629611e-09
5.22375,3.1224087654839019e-09
5.224,3.1215223154839646e-09
5.22425,3.120676080763232e-09
5.2245,3.1198688427424814e-09
5.22475,3.1190987286685697e-09
5.225,3.1183576119267409e-09
5.22525,3.117641928689471e-09
5.2255,3.1169476802972342e-09
5.22575,3.1162733949853142e-09
5.226,3.115613194218548e-09
5.22625,3.1149634576993662e-09
5.2265,3.1143218184331076e-09
5.22675,3.1136893815222931e-09
5.227,3.1130612858163361e-09
5.22725,3.1124335881094785e-09
5.2275,3.1118063850523669e-09
5.22775,3.1111800941476017e-09
5.228,3.1105502309116802e-09
5.22825,3.1099106032985604e-09
5.2285,3.1092597280672845e-09
5.22875,3.108595950348835e-09
5.229,3.1079116128972487e-09
5.22925,3.1071968573696627e-09
5.2295,3.1064474531347657e-09
5.22975,3.1056617309096595e-09
5.23,3.1048278297344527e-09
5.23025,3.1039333220542219e-09
5.2305,3.1029733720565484e-09
5.23075,3.1019478223866351e-09
5.231,3.1008414306270353e-09
5.23125,3.0996408153829067e-09
5.2315,3.0983451096184428e-09
5.23175,3.0969551083000222e-09
5.232,3.0954561211592734e-09
5.23225,3.0938303816984387e-09
5.2325,3.0920804190413181e-09
5.23275,3.0902103437929367e-09
5.233,3.0882036623735943e-09
5.23325,3.0860435317890287e-09
5.2335,3.0837329724906593e-09
5.23375,3.0812781490961726e-09
5.234,3.0786606868435782e-09
5.23425,3.0758582240146612e-09
5.2345,3.0728766735616467e-09
5.23475,3.0697220191125104e-09
5.235,3.0663746503204567e-09
5.23525,3.06280732944811e-09
5.2355,3.0590272641619317e-09
5.23575,3.0550443950348082e-09
5.236,3.0508362763998479e-09
5.23625,3.0463769012921775e-09
5.2365,3.0416779563102829e-09
5.23675,3.0367529845461333e-09
5.237,3.0315815251631073e-09
5.23725,3.0261757926895869e-09
5.2375,3.0204992654173118e-09
5.23775,3.0145761767171709e-09
5.238,3.0084238538854599e-09
5.23825,3.0020324418951501e-09
5.2385,2.9954235629502899e-09
5.23875,2.9885640405842001e-09
5.239,2.9814772164324531e-09
5.23925,2.9741900976109511e-09
5.2395,2.9666780512345217e-09
5.23975,2.9589699134053094e-09
5.24,2.9510061682892906e-09
5.24025,2.9428187194314242e-09
5.2405,2.9344307425120042e-09
5.24075,2.9258125949683446e-09
5.241,2.9169871790656136e-09
5.24125,2.9078935290912261e-09
5.2415,2.8985627143875681e-09
5.24175,2.8890215128462813e-09
5.242,2.8792394470186896e-09
5.24225,2.8692448287709417e-09
5.2425,2.8589733327562058e-09
5.24275,2.8484648481678874e-09
5.243,2.8377510692007066e-09
5.24325,2.8268086237128702e-09
5.2435,2.8156712280134678e-09
5.24375,2.8042738657758148e-09
5.244,2.7926550382350174e-09
5.24425,2.7808562359422755e-09
5.2445,2.7688417192704225e-09
5.24475,2.7566535708156133e-09
5.245,2.7442243016247506e-09
5.24525,2.7315968526814207e-09
5.2455,2.7188085026273212e-09
5.24575,2.705833756684566e-09
5.246,2.69271571459911e-09
5.24625,2.679375895726695e-09
5.2465,2.665865965226615e-09
5.24675,2.6522347226839451e-09
5.247,2.6384498873538226e-09
5.24725,2.6244984238015556e-09
5.2475,2.6104178953363308e-09
5.24775,2.5962753484809405e-09
5.248,2.5820298052691446e-09
5.24825,2.5676337143660226e-09
5.2485,2.5531549137082666e-09
5.24875,2.5386609860018015e-09
5.249,2.524107717786861e-09
5.24925,2.5094691512986973e-09
5.2495,2.494804672605365e-09
5.24975,2.4801863174170769e-09
5.25,2.4655728596412391e-09
5.25025,2.4509398831760577e-09
5.2505,2.4363508114725861e-09
5.25075,2.4218628093444627e-09
5.251,2.407447741695029e-09
5.25125,2.3931600526613585e-09
5.2515,2.3789281457912848e-09
5.25175,2.3648192100603843e-09
5.252,2.3508728577039829e-09
5.25225,2.3370734938417044e-09
5.2525,2.3234817285074634e-09
5.25275,2.3100300036392838e-09
5.253,2.2967612882335144e-09
5.25325,2.2837119369789368e-09
5.2535,2.2708631165769604e-09
5.25375,2.2582583582810816e-09
5.254,2.2458306218407616e-09
5.25425,2.2336228277288486e-09
5.2545,2.2216688332547235e-09
5.25475,2.2099444044290957e-09
5.255,2.1984943366197345e-09
5.25525,2.187245949741395e-09
5.2555,2.1762396242121893e-09
5.25575,2.165505261870656e-09
5.256,2.1550167121154233e-09
5.25625,2.1448095274880997e-09
5.2565,2.1348225632155365e-09
5.25675,2.1250842502383219e-09
5.257,2.1156156945401105e-09
5.25725,2.1063916427749321e-09
5.2575,2.0974455618289395e-09
5.25775,2.0887125223822396e-09
5.258,2.0802243347091394e-09
5.25825,2.0720049802593337e-09
5.2585,2.0640256929516071e-09
5.25875,2.0562798792440543e-09
5.259,2.0487789733316542e-09
5.25925,2.0415547597518131e-09
5.2595,2.0345750086244414e-09
5.25975,2.0278147657109786e-09
5.26,2.0212967174541708e-09
5.26025,2.0150432201303806e-09
5.2605,2.0090328190776318e-09
5.26075,2.0032443627203511e-09
5.261,1.9976951555548656e-09
5.26125,1.9924067357341408e-09
5.2615,1.9873589895948832e-09
5.26175,1.9825392285131972e-09
5.262,1.9779657884562903e-09
5.26225,1.9736599085320871e-09
5.2625,1.9696080073953987e-09
5.26275,1.9658033029096978e-09
5.263,1.9622630491993553e-09
5.26325,1.9590060872550111e-09
5.2635,1.9560228291438085e-09
5.26375,1.9533048265918224e-09
5.264,1.9508648370882875e-09
5.26425,1.9487153206902513e-09
5.2645,1.9468406582569757e-09
5.26475,1.9452296611088799e-09
5.265,1.9438850001324776e-09
5.26525,1.9428100451378698e-09
5.2655,1.9419826345969842e-09
5.26575,1.9413845112784558e-09
5.266,1.9410137268838663e-09
5.26625,1.9408613327318423e-09
5.2665,1.9409075439741461e-09
5.26675,1.9411334986413138e-09
5.267,1.9415299323013611e-09
5.26725,1.9420903418739534e-09
5.2675,1.9427952480305062e-09
5.26775,1.9436266698573334e-09
5.268,1.9445784077501333e-09
5.26825,1.9456411897823461e-09
5.2685,1.9467984818249314e-09
5.26875,1.9480379356555541e-09
5.269,1.9493512032191062e-09
5.26925,1.9507368540831807e-09
5.2695,1.9521789587979632e-09
5.26975,1.9536672138280443e-09
5.27,1.9551948297099553e-09
5.27025,1.9567584439936187e-09
5.2705,1.9583527758672811e-09
5.27075,1.9599702224940562e-09
5.271,1.9615979148143487e-09
5.27125,1.9632327973372358e-09
5.2715,1.9648687872299862e-09
5.27175,1.9665024172431516e-09
5.272,1.9681246816976503e-09
5.27225,1.9697235448548745e-09
5.2725,1.9712962634301541e-09
5.27275,1.9728373367918703e-09
5.273,1.9743427945370681e-09
5.27325,1.9758055076186683e-09
5.2735,1.9772178119766141e-09
5.27375,1.9785746700166016e-09
5.274,1.9798728852944801e-09
5.27425,1.9811098563314021e-09
5.2745,1.982276881654018e-09
5.27475,1.9833649852423811e-09
5.275,1.9843682064533915e-09
5.27525,1.9852814576870941e-09
5.2755,1.9860983353218507e-09
5.27575,1.9868095828616324e-09
5.276,1.987406546874034e-09
5.27625,1.9878826092520581e-09
5.2765,1.9882345756864955e-09
5.27675,1.9884609628326632e-09
5.277,1.9885587361602782e-09
5.27725,1.9885301251872927e-09
5.2775,1.9883772784273791e-09
5.27775,1.9881072978302908e-09
5.278,1.9877277919138933e-09
5.27825,1.9872457818786471e-09
5.2785,1.9866726488484601e-09
5.27875,1.9860130027517089e-09
5.279,1.9852768708710347e-09
5.27925,1.9844727493666947e-09
5.2795,1.983604566673094e-09
5.27975,1.9826807356163634e-09
5.28,1.9816979453468283e-09
5.28025,1.9806616676322764e-09
5.2805,1.9795731073235169e-09
5.28075,1.9784303032485478e-09
5.281,1.9772374660501007e-09
5.28125,1.9759882234825498e-09
5.2815,1.9746851090761859e-09
5.28175,1.9733283442995404e-09
5.282,1.9719194235663576e-09
5.28225,1.9704636009115623e-09
5.2825,1.9689553536933742e-09
5.28275,1.9674004770886945e-09
5.283,1.965804213792496e-09
5.28325,1.9641700312172684e-09
5.2835,1.9625058047881569e-09
5.28375,1.960810919517685e-09
5.284,1.9590912969465522e-09
5.28425,1.9573560352434808e-09
5.2845,1.9556075618707719e-09
5.28475,1.953860287999847e-09
5.285,1.952112432506835e-09
5.28525,1.9503772025268825e-09
5.2855,1.9486666893205799e-09
5.28575,1.9469848035768896e-09
5.286,1.9453529654875555e-09
5.28625,1.9437745558176018e-09
5.2865,1.9422624295680721e-09
5.28675,1.9408276243882063e-09
5.287,1.9394787860546175e-09
5.28725,1.9382307508877266e-09
5.2875,1.937087007707852e-09
5.28775,1.9360579811062702e-09
5.288,1.9351469783483789e-09
5.28825,1.9343601017646053e-09
5.2885,1.9337012496799291e-09
5.28875,1.9331697556569114e-09
5.289,1.9327632630282043e-09
5.28925,1.9324804082646833e-09
5.2895,1.9323176941215474e-09
5.28975,1.9322708810110258e-09
5.29,1.9323321824974153e-09
5.29025,1.9324960996729002e-09
5.2905,1.932756522279623e-09
5.29075,1.9331055506756672e-09
5.291,1.9335358718831874e-09
5.29125,1.9340412219484592e-09
5.2915,1.9346156184671462e-09
5.29175,1.935252740800182e-09
5.292,1.935948924788505e-09
5.29225,1.9366978226587168e-09
5.2925,1.9374992459808582e-09
5.29275,1.9383502470231744e-09
5.293,1.9392484444833751e-09
5.29325,1.9401961082026158e-09
5.2935,1.9411915847454504e-09
5.29375,1.9422417587600539e-09
5.294,1.9433475329680753e-09
5.29425,1.944510624513991e-09
5.2945,1.945737082526364e-09
5.29475,1.9470275644339688e-09
5.295,1.9483928364508161e-09
5.29525,1.9498317821995007e-09
5.2955,1.9513431315675297e-09
5.29575,1.9529313145329465e-09
5.296,1.9545919355157583e-09
5.29625,1.9563342811706786e-09
5.2965,1.9581513319113454e-09
5.29675,1.960037627212813e-09
5.297,1.9619961517776348e-09
5.29725,1.9640175776413412e-09
5.2975,1.9661118869444034e-09
5.29775,1.9682714620720347e-09
5.298,1.9704924950864775e-09
5.29825,1.9727791058632063e-09
5.2985,1.9751239787330071e-09
5.29875,1.9775394685008233e-09
5.299,1.9800214021018903e-09
5.29925,1.9825652994353172e-09
5.2995,1.9851783864934979e-09
5.29975,1.9878529420728069e-09
5.3,1.9906013684746043e-09
5.30025,1.9934188908147404e-09
5.3005,1.9962965396091515e-09
5.30075,1.999241515465266e-09
5.301,2.0022436866346848e-09
5.30125,2.0053165396665699e-09
5.3015,2.0084493320164258e-09
5.30175,2.0116359941052122e-09
5.302,2.014879492330899e-09
5.30225,2.0181665653771184e-09
5.3025,2.0215098311747833e-09
5.30275,2.0248991688535886e-09
5.303,2.0283233120019979e-09
5.30325,2.0317855182031242e-09
5.3035,2.0352712016998484e-09
5.30375,2.0387937927412346e-09
5.304,2.0423405672464531e-09
5.30425,2.0459000797792144e-09
5.3045,2.0494798099152392e-09
5.30475,2.0530676554434542e-09
5.305,2.0566824997421566e-09
5.30525,2.0603155837563545e-09
5.3055,2.0639608588686453e-09
5.30575,2.0676294238744459e-09
5.306,2.0713157052606467e-09
5.30625,2.075043705600913e-09
5.3065,2.0788053664175821e-09
5.30675,2.0825957319568902e-09
5.307,2.086428667937487e-09
5.30725,2.09029717399702e-09
5.3075,2.0942249395421906e-09
5.30775,2.0982026698025608e-09
5.308,2.1022202086786502e-09
5.30825,2.1062905290142847e-09
5.3085,2.1104010715061984e-09
5.30875,2.1145745755042959e-09
5.309,2.1188006629034815e-09
5.30925,2.1230678397027027e-09
5.3095,2.1273876504459133e-09
5.30975,2.1317496445527957e-09
5.31,2.1361777138697704e-09
5.31025,2.1406625916854811e-09
5.3105,2.1451929649108713e-09
5.31075,2.1497849545588053e-09
5.311,2.1544313553708126e-09
5.31125,2.1591605375504152e-09
5.3115,2.1639379146683868e-09
5.31175,2.1687964151627383e-09
5.312,2.1737588524915997e-09
5.31225,2.1787881194068751e-09
5.3125,2.1839112350665839e-09
5.31275,2.189127481231094e-09
5.313,2.1944701659023548e-09
5.31325,2.1998985230852177e-09
5.3135,2.2054427349694643e-09
5.31375,2.2110985688054821e-09
5.314,2.216902714868596e-09
5.31425,2.2228007264193882e-09
5.3145,2.2288274678334135e-09
5.31475,2.2349786902001089e-09
5.315,2.2412848747352131e-09
5.31525,2.2476890848062239e-09
5.3155,2.2542251893560191e-09
5.31575,2.2608822602572113e-09
5.316,2.2676929527376648e-09
5.31625,2.2745957012636237e-09
5.3165,2.2816281268249452e-09
5.31675,2.2887786989419239e-09
5.317,2.2960848663103941e-09
5.31725,2.3034864301730643e-09
5.3175,2.3110253136536961e-09
5.31775,2.3186986977150685e-09
5.318,2.3265463969532954e-09
5.31825,2.3345085149203005e-09
5.3185,2.3426329010825729e-09
5.31875,2.3509084727476273e-09
5.319,2.3593834783592392e-09
5.31925,2.3679898027172049e-09
5.3195,2.3767718756102517e-09
5.31975,2.385716907641275e-09
5.32,2.3948694049962985e-09
5.32025,2.4041499639964653e-09
5.3205,2.413600565539684e-09
5.32075,2.4231999340068637e-09
5.321,2.4329886638273805e-09
5.32125,2.4428822691416129e-09
5.3215,2.4529236648855802e-09
5.32175,2.4630898109141547e-09
5.322,2.4734167958451683e-09
5.32225,2.4838230008458781e-09
5.3225,2.4943483847934335e-09
5.32275,2.5049696804662417e-09
5.323,2.5157309099876726e-09
5.32325,2.5265433547071698e-09
5.3235,2.5374536458220949e-09
5.32375,2.5484405093610017e-09
5.324,2.5595473595668569e-09
5.32425,2.5706856586602388e-09
5.3245,2.5819111018163821e-09
5.32475,2.5932048141160303e-09
5.325,2.6046174597036761e-09
5.32525,2.6160616188470487e-09
5.3255,2.6275879752504068e-09
5.32575,2.6391772143277119e-09
5.326,2.6508831303908002e-09
5.32625,2.6626066071237257e-09
5.3265,2.6743945476648076e-09
5.32675,2.6862258534803145e-09
5.327,2.6981538149045297e-09
5.32725,2.7100636922934357e-09
5.3275,2.7220136612242302e-09
5.32775,2.7339632438715824e-09
5.328,2.7459617135723369e-09
5.32825,2.7579106209769097e-09
5.3285,2.7698532397650003e-09
5.32875,2.7817549819114813e-09
5.329,2.7936643666625201e-09
5.32925,2.8054841964834081e-09
5.3295,2.8172548408086419e-09
5.32975,2.8289517663286301e-09
5.33,2.8406141109067385e-09
5.33025,2.8521490079852261e-09
5.3305,2.8635970111182932e-09
5.33075,2.874926370355568e-09
5.331,2.8861704371280488e-09
5.33125,2.8972414902142675e-09
5.3315,2.9081762300402255e-09
5.33175,2.9189486010124936e-09
5.332,2.9295931037046588e-09
5.33225,2.9400258407120465e-09
5.3325,2.9502916639560344e-09
5.33275,2.9603654538962626e-09
5.333,2.9702936719305652e-09
5.33325,2.9799999054517655e-09
5.3335,2.9895295742144638e-09
5.33375,2.9988730235586433e-09
5.334,3.0080811084657326e-09
5.33425,3.0170847455469538e-09
5.3345,3.0259357524693619e-09
5.33475,3.0346295104354518e-09
5.335,3.0432046220746433e-09
5.33525,3.0515980700326707e-09
5.3355,3.059856782630778e-09
5.33575,3.0679708094922912e-09
5.336,3.0759780669639567e-09
5.33625,3.0838150347441023e-09
5.3365,3.0915163461497519e-09
5.33675,3.0990638443823499e-09
5.337,3.1064917819315194e-09
5.33725,3.1137310791637738e-09
5.3375,3.1208119078631854e-09
5.33775,3.1277144368596957e-09
5.338,3.1344637693220523e-09
5.33825,3.1409982426895987e-09
5.3385,3.1473383769256855e-09
5.33875,3.1534682044934251e-09
5.339,3.1594054939051527e-09
5.33925,3.1651050209849159e-09
5.3395,3.1705866698635212e-09
5.33975,3.1758355927761518e-09
5.34,3.1808729515920788e-09
5.34025,3.1856555229145918e-09
5.3405,3.1902057792167626e-09
5.34075,3.1945164249500093e-09
5.341,3.1986048894608017e-09
5.34125,3.2024397473873929e-09
5.3415,3.206043610420247e-09
5.34175,3.2094104654198189e-09
5.342,3.2125592009011253e-09
5.34225,3.215465195266825e-09
5.3425,3.2181493558588284e-09
5.34275,3.2206098530096926e-09
5.343,3.22286610919014e-09
5.34325,3.2249013826635814e-09
5.3435,3.2267339834414035e-09
5.34375,3.2283618013959115e-09
5.344,3.2297998861116141e-09
5.34425,3.2310334360694108e-09
5.3445,3.2320743976362215e-09
5.34475,3.232917424861992e-09
5.345,3.2335714926641e-09
5.34525,3.2340237778054847e-09
5.3455,3.2342793801237626e-09
5.34575,3.2343403088827381e-09
5.346,3.2341996620214871e-09
5.34625,3.2338629000989692e-09
5.3465,3.2333337830324755e-09
5.34675,3.2326127170674493e-09
5.347,3.2317063320593685e-09
5.34725,3.2306217788692092e-09
5.3475,3.2293672745215243e-09
5.34775,3.227950409170257e-09
5.348,3.2263828430562128e-09
5.34825,3.2246759866711458e-09
5.3485,3.2228410764816194e-09
5.34875,3.2208863100435229e-09
5.349,3.2188282326247921e-09
5.34925,3.2166765700867447e-09
5.3495,3.2144365649400793e-09
5.34975,3.2121261393136485e-09
5.35,3.2097495429430714e-09
5.35025,3.2073111000360983e-09
5.3505,3.2048278738347061e-09
5.35075,3.2022996573043248e-09
5.351,3.199731176279232e-09
5.35125,3.1971342163967569e-09
5.3515,3.1945106625116864e-09
5.35175,3.1918597184547399e-09
5.352,3.189195207496301e-09
5.35225,3.1865183210065521e-09
5.3525,3.1838250374895742e-09
5.35275,3.1811341934230549e-09
5.353,3.1784432549976998e-09
5.35325,3.175751643314046e-09
5.3535,3.1730707473410833e-09
5.35375,3.1704099304801386e-09
5.354,3.1677742050599066e-09
5.35425,3.1651765847429462e-09
5.3545,3.1626161211570392e-09
5.35475,3.1601052334436114e-09
5.355,3.1576551252422247e-09
5.35525,3.1552713604844924e-09
5.3555,3.1529703191546821e-09
5.35575,3.15075129016669e-09
5.356,3.1486259390545167e-09
5.35625,3.1466029881160599e-09
5.3565,3.1446871746807175e-09
5.35675,3.142889846342621e-09
5.357,3.1412062752484406e-09
5.35725,3.1396441121346004e-09
5.3575,3.1382094355719331e-09
5.35775,3.1368999337264252e-09
5.358,3.1357205351877059e-09
5.35825,3.1346644745190356e-09
5.3585,3.1337347581473067e-09
5.35875,3.1329329721864994e-09
5.359,3.1322544849978326e-09
5.35925,3.1317004303312655e-09
5.3595,3.1312628019012666e-09
5.35975,3.1309421373065684e-09
5.36,3.1307368712557737e-09
5.36025,3.1306427718441657e-09
5.3605,3.1306566055510703e-09
5.36075,3.1307730564331016e-09
5.361,3.1309894039568639e-09
5.36125,3.1313028693609537e-09
5.3615,3.1317087756383632e-09
5.36175,3.1322022884663836e-09
5.362,3.1327788375316027e-09
5.36225,3.1334366183060778e-09
5.3625,3.1341734370881333e-09
5.36275,3.134986247378358e-09
5.363,3.135871809023169e-09
5.36325,3.136831111190432e-09
5.3635,3.1378637583836398e-09
5.36375,3.1389696079956587e-09
5.364,3.140148891795142e-09
5.36425,3.1413987357701665e-09
5.3645,3.1427236628477271e-09
5.36475,3.1441228993112574e-09
5.365,3.1455948740093164e-09
5.36525,3.1471406995976653e-09
5.3655,3.1487542430673166e-09
5.36575,3.150438821123661e-09
5.366,3.1521901207146805e-09
5.36625,3.1540026714871047e-09
5.3665,3.1558744028003206e-09
5.36675,3.1577955350023178e-09
5.367,3.1597678405248068e-09
5.36725,3.1617840573315432e-09
5.3675,3.1638359061422338e-09
5.36775,3.1659200289787393e-09
5.368,3.1680312629636116e-09
5.36825,3.1701632603218859e-09
5.3685,3.1723064637409468e-09
5.36875,3.1744572222992174e-09
5.369,3.1766139920170762e-09
5.36925,3.1787661337382195e-09
5.3695,3.1809030783357562e-09
5.36975,3.1830205863251405e-09
5.37,3.1851104000623534e-09
5.37025,3.187162575550913e-09
5.3705,3.1891637462542488e-09
5.37075,3.191108992471851e-09
5.371,3.1929865627673312e-09
5.37125,3.1947855127310083e-09
5.3715,3.1964940837238769e-09
5.37175,3.1981065077405568e-09
5.372,3.1996171436448848e-09
5.37225,3.2010163647212368e-09
5.3725,3.2022969100217686e-09
5.37275,3.2034559048000037e-09
5.373,3.2044907162609321e-09
5.37325,3.2053966461251918e-09
5.3735,3.2061736636743434e-09
5.37375,3.2068206366353827e-09
5.374,3.207339871340355e-09
5.37425,3.2077320353952655e-09
5.3745,3.2079977702611288e-09
5.37475,3.2081387214368104e-09
5.375,3.2081548669456529e-09
5.37525,3.2080501538513603e-09
5.3755,3.2078222104854565e-09
5.37575,3.2074713542114221e-09
5.376,3.2069945430391793e-09
5.37625,3.2063884013927534e-09
5.3765,3.2056504385967359e-09
5.37675,3.2047719294180201e-09
5.377,3.2037415884263093e-09
5.37725,3.2025544361571176e-09
5.3775,3.2012074193978651e-09
5.37775,3.1996843162722821e-09
5.378,3.1979713634856544e-09
5.37825,3.1960633831280869e-09
5.3785,3.193960041801205e-09
5.37875,3.1916446540610269e-09
5.379,3.1891097356801361e-09
5.37925,3.1863540805827581e-09
5.3795,3.1833834748222266e-09
5.37975,3.180192253882643e-09
5.38,3.1767672564712477e-09
5.38025,3.1731235961065301e-09
5.3805,3.1692759027209134e-09
5.38075,3.1652183226963237e-09
5.381,3.1609473808990207e-09
5.38125,3.1564795688093419e-09
5.3815,3.1518347231253781e-09
5.38175,3.1470078713009306e-09
5.382,3.1419973488069252e-09
5.38225,3.1368190583784194e-09
5.3825,3.1314994976979274e-09
5.38275,3.1260266137589124e-09
5.383,3.1203914404374375e-09
5.38325,3.1146105991593289e-09
5.3835,3.108708428908179e-09
5.38375,3.1026673582624466e-09
5.384,3.0964659863148681e-09
5.38425,3.0901201502071489e-09
5.3845,3.0836495434268858e-09
5.38475,3.0770280959450943e-09
5.385,3.0702292671353345e-09
5.38525,3.0632688630268625e-09
5.3855,3.0561681640890084e-09
5.38575,3.0488982659781176e-09
5.386,3.041430870108217e-09
5.38625,3.0337850802711049e-09
5.3865,3.0259911014226362e-09
5.38675,3.0180262506950867e-09
5.387,3.009862589025948e-09
5.38725,3.0015305365653348e-09
5.3875,2.9930713819894958e-09
5.38775,2.9844627977047375e-09
5.388,2.9756900606168405e-09
5.38825,2.9667919778667926e-09
5.3885,2.9578177745906657e-09
5.38875,2.9487479087598695e-09
5.389,2.9395656191051903e-09
5.38925,2.9303170814540864e-09
5.3895,2.9210499473332524e-09
5.38975,2.9117503503151911e-09
5.39,2.9024045436318401e-09
5.39025,2.8930497896012917e-09
5.3905,2.8837331027294202e-09
5.39075,2.8744363899424672e-09
5.391,2.8651376694036082e-09
5.39125,2.8558728198819387e-09
5.3915,2.8466891100548679e-09
5.39175,2.837553606070336e-09
5.392,2.8284330608104628e-09
5.39225,2.8193638154325396e-09
5.3925,2.8103826498021562e-09
5.39275,2.8014545143925529e-09
5.393,2.7925408192194996e-09
5.39325,2.7836727993042073e-09
5.3935,2.7748839338334182e-09
5.39375,2.7661343258202e-09
5.394,2.7573869994816105e-09
5.39425,2.7486692535773981e-09
5.3945,2.7400126917973288e-09
5.39475,2.7313829911019026e-09
5.395,2.7227493556060033e-09
5.39525,2.7141392387531528e-09
5.3955,2.7055904780028452e-09
5.39575,2.697066064565431e-09
5.396,2.6885310707620278e-09
5.39625,2.6800180498464577e-09
5.3965,2.6715625907291742e-09
5.39675,2.6631288554965297e-09
5.397,2.6546782832283953e-09
5.39725,2.6462407963284579e-09
5.3975,2.6378519298770302e-09
5.39775,2.629473407624976e-09
5.398,2.6210585168269576e-09
5.39825,2.6126390178133431e-09
5.3985,2.6042562943415349e-09
5.39875,2.5958668844988809e-09
5.399,2.5874272807497577e-09
5.39925,2.5789718509554064e-09
5.3995,2.5705425500182477e-09
5.39975,2.5620985390558339e-09
5.4,2.553607953132035e-09
5.40025,2.5450986452566463e-09
5.4005,2.536607971108663e-09
5.40075,2.5281016434829596e-09
5.401,2.5195434175663074e-09
5.40125,2.5109650010340131e-09
5.4015,2.5023973307725936e-09
5.40175,2.4938096799483164e-09
5.402,2.4851718095671761e-09
5.40225,2.4765115942186637e-09
5.4025,2.4678685551170932e-09
5.40275,2.459209099502256e-09
5.403,2.450504787807618e-09
5.40325,2.4417910600867264e-09
5.4035,2.4331046098966457e-09
5.40375,2.4244167943785968e-09
5.404,2.4157084587002456e-09
5.40425,2.4070078472093045e-09
5.4045,2.3983574130602426e-09
5.40475,2.3897329622059419e-09
5.405,2.3811008256128914e-09
5.40525,2.3724971244288592e-09
5.4055,2.3639565656412739e-09
5.40575,2.3554534638202756e-09
5.406,2.3469573073506536e-09
5.40625,2.3384975392910818e-09
5.4065,2.3301075976139417e-09
5.40675,2.3217584732743478e-09
5.407,2.3134210488578311e-09
5.40725,2.3051173354619525e-09
5.4075,2.2968797751073618e-09
5.40775,2.2886771241127743e-09
5.408,2.2804753758513018e-09
5.40825,2.2722985728386354e-09
5.4085,2.2641792002934875e-09
5.40875,2.2560883992977101e-09
5.409,2.2479852915931107e-09
5.40925,2.2399000999473935e-09
5.4095,2.2318661069143523e-09
5.40975,2.2238507711926983e-09
5.41,2.2158193719394103e-09
5.41025,2.2078016234636384e-09
5.4105,2.1998318190133663e-09
5.41075,2.1918822745267882e-09
5.411,2.1839279603086281e-09
5.41125,2.1759981679928721e-09
5.4115,2.1681282884128601e-09
5.41175,2.1602988430443376e-09
5.412,2.1524919172891758e-09
5.41225,2.1447401148387502e-09
5.4125,2.1370837609936553e-09
5.41275,2.1295073614529227e-09
5.413,2.1219941206301923e-09
5.41325,2.1145814330279467e-09
5.4135,2.107305858749446e-09
5.41375,2.1001528950419685e-09
5.414,2.0931048789123952e-09
5.41425,2.0861941895024853e-09
5.4145,2.079450049067238e-09
5.41475,2.0728553302449128e-09
5.415,2.0663938040967575e-09
5.41525,2.0600839348437026e-09
5.4155,2.0539492553840103e-09
5.41575,2.0479693486555491e-09
5.416,2.0421169616403183e-09
5.41625,2.0364092716337771e-09
5.4165,2.0308636114647701e-09
5.41675,2.0254552067260015e-09
5.417,2.0201574070031722e-09
5.41725,2.0149823685601433e-09
5.4175,2.009949190381073e-09
5.41775,2.0050323770819466e-09
5.418,2.0002079078144106e-09
5.41825,1.9954932656902823e-09
5.4185,1.9909088369019661e-09
5.41875,1.9864372964750207e-09
5.419,1.9820648087006178e-09
5.41925,1.9778133490933423e-09
5.4195,1.9737045370155306e-09
5.41975,1.9697317983694435e-09
5.42,1.9658859331665905e-09
5.42025,1.9621903389254337e-09
5.4205,1.9586651015593135e-09
5.42075,1.9553040390226103e-09
5.421,1.952101002846732e-09
5.42125,1.9490719608262594e-09
5.4215,1.9462333930060292e-09
5.42175,1.9435767020233142e-09
5.422,1.9410920522964546e-09
5.42225,1.9387889114951798e-09
5.4225,1.9366781309486969e-09
5.42275,1.9347490098136214e-09
5.423,1.9329923604941326e-09
5.42325,1.9314135201704646e-09
5.4235,1.9300189023668193e-09
5.42375,1.9287989423573175e-09
5.424,1.9277467462183084e-09
5.42425,1.9268672243420642e-09
5.4245,1.926162362632674e-09
5.42475,1.9256286409120409e-09
5.425,1.9252615628606002e-09
5.42525,1.9250657433043784e-09
5.4255,1.9250445373219847e-09
5.42575,1.9251927145119778e-09
5.426,1.9255128248581993e-09
5.42625,1.9260055652948717e-09
5.4265,1.9266700856190642e-09
5.42675,1.9275037406526707e-09
5.427,1.9285042165782966e-09
5.42725,1.9296689719353956e-09
5.4275,1.9309902391692149e-09
5.42775,1.9324610835600811e-09
5.428,1.9340755286507226e-09
5.42825,1.93582070734385e-09
5.4285,1.9376827943411213e-09
5.42875,1.9396502797355719e-09
5.429,1.9417133496498678e-09
5.42925,1.9438551239922554e-09
5.4295,1.9460554184392484e-09
5.42975,1.9483057503644617e-09
5.43,1.9505969749038205e-09
5.43025,1.952913191595911e-09
5.4305,1.955237472036441e-09
5.43075,1.9575657724054498e-09
5.431,1.9598997286521179e-09
5.43125,1.9622269095078414e-09
5.4315,1.964534621553637e-09
5.43175,1.9668272652259515e-09
5.432,1.9691098800654001e-09
5.43225,1.9713734426887572e-09
5.4325,1.9736086149574948e-09
5.43275,1.9758227206521004e-09
5.433,1.9780208973686426e-09
5.43325,1.9801943804690346e-09
5.4335,1.9823338695253813e-09
5.43375,1.9844442825634905e-09
5.434,1.9865303085996938e-09
5.43425,1.9885829067016294e-09
5.4345,1.9905907011212318e-09
5.43475,1.9925586078311227e-09
5.435,1.9944904202812869e-09
5.43525,1.9963757063507068e-09
5.4355,1.9982049582604017e-09
5.43575,1.9999812031366427e-09
5.436,2.0017084350998017e-09
5.43625,2.0033773432182739e-09
5.4365,2.0049788911520133e-09
5.43675,2.0065159798190709e-09
5.437,2.0079937644383273e-09
5.43725,2.0094040396182445e-09
5.4375,2.0107389388803948e-09
5.43775,2.0120038203273941e-09
5.438,2.0132031096402737e-09
5.43825,2.0143311119777589e-09
5.4385,2.0153807457932129e-09
5.43875,2.016357949584757e-09
5.439,2.0172660816599219e-09
5.43925,2.0180993442757779e-09
5.4395,2.018851997416998e-09
5.43975,2.0195268459994433e-09
5.44,2.0201257703956737e-09
5.44025,2.0206416877092077e-09
5.4405,2.0210675183138346e-09
5.44075,2.0214046908604329e-09
5.441,2.0216510653088163e-09
5.44125,2.0218013133008891e-09
5.4415,2.0218509697750912e-09
5.44175,2.0217995215475508e-09
5.442,2.021648081941953e-09
5.44225,2.0213928468424633e-09
5.4425,2.0210344667494435e-09
5.44275,2.0205745120642774e-09
5.443,2.0200146934397031e-09
5.44325,2.0193581542390551e-09
5.4435,2.0186090032175262e-09
5.44375,2.0177696373369183e-09
5.444,2.0168440442320335e-09
5.44425,2.0158397479099725e-09
5.4445,2.0147615236874851e-09
5.44475,2.0136164645595795e-09
5.445,2.0124096991117867e-09
5.44525,2.0111511953647632e-09
5.4455,2.0098516214430379e-09
5.44575,2.0085167704384085e-09
5.446,2.0071545433929121e-09
5.44625,2.0057773515345243e-09
5.4465,2.0043935745244376e-09
5.44675,2.0030117727969883e-09
5.447,2.0016393356493845e-09
5.44725,2.0002820423974412e-09
5.4475,1.9989480655809694e-09
5.44775,1.9976399451339948e-09
5.448,1.996363147545232e-09
5.44825,1.9951190671546482e-09
5.4485,1.9939138954202643e-09
5.44875,1.9927450413068825e-09
5.449,1.9916161256346802e-09
5.44925,1.9905278527490949e-09
5.4495,1.9894864854867456e-09
5.44975,1.9884894133696444e-09
5.45,1.9875399741365719e-09
5.45025,1.9866431066250382e-09
5.4505,1.9858046210018334e-09
5.45075,1.9850282957128817e-09
5.451,1.9843177344761237e-09
5.45125,1.9836813180017463e-09
5.4515,1.9831253072816334e-09
5.45175,1.9826568121856961e-09
5.452,1.9822831366638514e-09
5.45225,1.9820099419935847e-09
5.4525,1.981846468107287e-09
5.45275,1.9818020669188112e-09
5.453,1.9818814571371321e-09
5.45325,1.9820900682301931e-09
5.4535,1.9824316337138153e-09
5.45375,1.9829136199477901e-09
5.454,1.9835427523826412e-09
5.45425,1.9843203159655339e-09
5.4545,1.9852440095611575e-09
5.45475,1.9863176723285932e-09
5.455,1.9875476296892678e-09
5.45525,1.9889311838817679e-09
5.4555,1.9904604818643988e-09
5.45575,1.99214185849444e-09
5.456,1.9939777094701458e-09
5.45625,1.995962710523179e-09
5.4565,1.9980863194183607e-09
5.45675,2.0003542079786679e-09
5.457,2.002773940037314e-09
5.45725,2.0053375061169697e-09
5.4575,2.0080317126179502e-09
5.45775,2.0108680919942837e-09
5.458,2.0138582109921159e-09
5.45825,2.0169946638131766e-09
5.4585,2.0202680510866232e-09
5.45875,2.023696199150902e-09
5.459,2.0272961089950687e-09
5.45925,2.0310627411247465e-09
5.4595,2.0349873905332238e-09
5.45975,2.039091453156828e-09
5.46,2.0433997218124758e-09
5.46025,2.0479038591538287e-09
5.4605,2.0525896896308792e-09
5.46075,2.0574830058427141e-09
5.461,2.0626038515033477e-09
5.46125,2.0679387119043539e-09
5.4615,2.073464797002404e-09
5.46175,2.0792043279459534e-09
5.462,2.0851783301360069e-09
5.46225,2.0913648762718721e-09
5.4625,2.0977328351868058e-09
5.46275,2.1043050052742552e-09
5.463,2.1111024347090215e-09
5.46325,2.1180996321288281e-09
5.4635,2.1252644643313135e-09
5.46375,2.1326241736437651e-09
5.464,2.1402036232522406e-09
5.46425,2.1479769240494745e-09
5.4645,2.1559160658619676e-09
5.46475,2.1640474367023675e-09
5.465,2.1723950504584125e-09
5.46525,2.1809328313093047e-09
5.4655,2.1896234520033669e-09
5.46575,2.198500977838259e-09
5.466,2.2075917607354837e-09
5.46625,2.21686100283308e-09
5.4665,2.2262746446894159e-09
5.46675,2.2358571294381636e-09
5.467,2.2455809526433271e-09
5.46725,2.2555008929188097e-09
5.4675,2.2655681393924003e-09
5.46775,2.2757485931112015e-09
5.468,2.2860611647294966e-09
5.46825,2.2964799115559856e-09
5.4685,2.3070432617048556e-09
5.46875,2.3177122182737086e-09
5.469,2.3284410705553177e-09
5.46925,2.3392545707447943e-09
5.4695,2.3501159893969252e-09
5.46975,2.3610742935441297e-09
5.47,2.3720812088461639e-09
5.47025,2.3830942452694968e-09
5.4705,2.3941339589169759e-09
5.47075,2.4051649868636865e-09
5.471,2.4162425816311615e-09
5.47125,2.4273178944915359e-09
5.4715,2.4383485178857491e-09
5.47175,2.449370085363823e-09
5.472,2.4603479359232011e-09
5.47225,2.4713372217511412e-09
5.4725,2.4823000893196896e-09
5.47275,2.4932064870266337e-09
5.473,2.5040885068168357e-09
5.47325,2.5149217819588678e-09
5.4735,2.5257614892921762e-09
5.47375,2.5365785306452147e-09
5.474,2.547343246958673e-09
5.47425,2.5580861242370618e-09
5.4745,2.5687778114510624e-09
5.47475,2.5794753677464317e-09
5.475,2.5901490459837444e-09
5.47525,2.6007604673645114e-09
5.4755,2.6113401854956083e-09
5.47575,2.6218582576344723e-09
5.476,2.6323688198853459e-09
5.47625,2.6428303908178032e-09
5.4765,2.6532102093641294e-09
5.47675,2.6635306554540555e-09
5.477,2.6737528433422957e-09
5.47725,2.6839284703959005e-09
5.4775,2.6940149189517524e-09
5.47775,2.7039791024217364e-09
5.478,2.7138393584846211e-09
5.47825,2.7235636960882381e-09
5.4785,2.7332006289016222e-09
5.47875,2.742708952182653e-09
5.479,2.7520635563541856e-09
5.47925,2.7612820745276853e-09
5.4795,2.7703491210701532e-09
5.47975,2.7793084821852911e-09
5.48,2.7881360635853346e-09
5.48025,2.7968061907320943e-09
5.4805,2.8053520543884006e-09
5.48075,2.8137565268162762e-09
5.481,2.8220695531528727e-09
5.48125,2.8302693053723712e-09
5.4815,2.8383385042329486e-09
5.48175,2.8463053321274841e-09
5.482,2.854185913163332e-09
5.48225,2.861964573905708e-09
5.4825,2.8696160036487601e-09
5.48275,2.8771652605110134e-09
5.483,2.8846391190379669e-09
5.48325,2.8920096969604265e-09
5.4835,2.899254147413802e-09
5.48375,2.906393365428027e-09
5.484,2.9134460959093562e-09
5.48425,2.9203924633535568e-09
5.4845,2.9272056957625627e-09
5.48475,2.9339070810806772e-09
5.485,2.9405169863702584e-09
5.48525,2.9470133595745676e-09
5.4855,2.9533699239922567e-09
5.48575,2.9596061678891976e-09
5.486,2.9657445386576129e-09
5.48625,2.9717614083023056e-09
5.4865,2.977630704314967e-09
5.48675,2.983374791991957e-09
5.487,2.9890094932068413e-09
5.48725,2.994517447413762e-09
5.4875,2.9998777191139969e-09
5.48775,3.0051134410338535e-09
5.488,3.0102373014797323e-09
5.48825,3.0152375678186227e-09
5.4885,3.0200985141627117e-09
5.48875,3.0248415739118093e-09
5.489,3.0294855511579034e-09
5.48925,3.034021269556038e-09
5.4895,3.0384378668883925e-09
5.48975,3.0427561800766295e-09
5.49,3.0469965988558286e-09
5.49025,3.0511527367756909e-09
5.4905,3.0552140500476442e-09
5.49075,3.0592001296496525e-09
5.491,3.0631310400054532e-09
5.49125,3.0669982326398179e-09
5.4915,3.0707897365381374e-09
5.49175,3.0745219548315864e-09
5.492,3.0782087046275228e-09
5.49225,3.0818397273130411e-09
5.4925,3.0854018357376442e-09
5.49275,3.0889099462062948e-09
5.493,3.0923727250239425e-09
5.49325,3.0957817620741047e-09
5.4935,3.0991230600925122e-09
5.49375,3.1024103761835709e-09
5.494,3.1056545970874116e-09
5.49425,3.1088475353971835e-09
5.4945,3.1119772410337396e-09
5.49475,3.11505539807603e-09
5.495,3.1180915389790769e-09
5.49525,3.1210773980755314e-09
5.4955,3.1240015263457154e-09
5.49575,3.1268719442447753e-09
5.496,3.1296953650872758e-09
5.49625,3.1324628610720787e-09
5.4965,3.1351599715311219e-09
5.49675,3.1377938460450172e-09
5.497,3.1403711602921008e-09
5.49725,3.1428806813055019e-09
5.4975,3.1453089523025311e-09
5.49775,3.1476638166273298e-09
5.498,3.1499544786939496e-09
5.49825,3.152171139508902e-09
5.4985,3.1543040864565659e-09
5.49875,3.1563664569306118e-09
5.499,3.1583698388722019e-09
5.49925,3.1603103556165025e-09
5.4995,3.1621836585811608e-09
5.49975,3.1640055138973874e-09
5.5,3.1657921669547193e-09
5.50025,3.167543544014966e-09
5.5005,3.1692593252174423e-09
5.50075,3.1709569851448113e-09
5.501,3.1726494934315106e-09
5.50125,3.17433712990335e-09
5.5015,3.1760190799651629e-09
5.50175,3.1777043127079051e-09
5.502,3.1793984960811598e-09
5.50225,3.18109565242605e-09
5.5025,3.1827877581961853e-09
5.50275,3.1844739792394883e-09
5.503,3.1861499620071128e-09
5.50325,3.1878033409599481e-09
5.5035,3.1894194039422578e-09
5.50375,3.1909908974639952e-09
5.504,3.1925087342723218e-09
5.50425,3.1939586685573934e-09
5.5045,3.1953265041932628e-09
5.50475,3.1966055988495895e-09
5.505,3.1977893476380964e-09
5.50525,3.1988686211023176e-09
5.5055,3.1998367709564928e-09
5.50575,3.2006924457662626e-09
5.506,3.201436763033113e-09
5.50625,3.2020695156815835e-09
5.5065,3.202592671155168e-09
5.50675,3.2030139496777884e-09
5.507,3.2033414214347174e-09
5.50725,3.2035843299839794e-09
5.5075,3.2037534913090285e-09
5.50775,3.2038619540959998e-09
5.508,3.2039220323828856e-09
5.50825,3.2039450239241155e-09
5.5085,3.2039423657270046e-09
5.50875,3.2039246412147679e-09
5.509,3.2038977165911339e-09
5.50925,3.2038678673253866e-09
5.5095,3.203838307648963e-09
5.50975,3.2038080613546679e-09
5.51,3.2037717359353808e-09
5.51025,3.2037227728903017e-09
5.5105,3.2036559203693114e-09
5.51075,3.2035546751632226e-09
5.511,3.2034101554637098e-09
5.51125,3.2032121268522853e-09
5.5115,3.2029428598326552e-09
5.51175,3.2025933544723704e-09
5.512,3.2021565416546043e-09
5.51225,3.2016170742592848e-09
5.5125,3.2009719576402857e-09
5.51275,3.2002211332171182e-09
5.513,3.1993614102566724e-09
5.51325,3.1983885416765208e-09
5.5135,3.1973096474192477e-09
5.51375,3.1961339109002009e-09
5.514,3.1948668487540588e-09
5.51425,3.1935169668873945e-09
5.5145,3.1920948914873389e-09
5.51475,3.1906196235372516e-09
5.515,3.1890969912914251e-09
5.51525,3.1875380783375254e-09
5.5155,3.1859585902590169e-09
5.51575,3.1843760554709627e-09
5.516,3.1827982847637331e-09
5.51625,3.1812325451236906e-09
5.5165,3.1796924082720209e-09
5.51675,3.1781914236919712e-09
5.517,3.1767316871455676e-09
5.51725,3.1753131307474912e-09
5.5175,3.1739434691585603e-09
5.51775,3.1726293245518272e-09
5.518,3.1713646351232067e-09
5.51825,3.1701430140389976e-09
5.5185,3.1689655363253048e-09
5.51875,3.167834234556901e-09
5.519,3.1667394223751698e-09
5.51925,3.165673041669716e-09
5.5195,3.1646349966882517e-09
5.51975,3.1636265230962954e-09
5.52,3.1626396440745926e-09
5.52025,3.1616683060254807e-09
5.5205,3.1607144661790118e-09
5.52075,3.1597809458377234e-09
5.521,3.1588614143411455e-09
5.52125,3.1579521953334818e-09
5.5215,3.1570554177400873e-09
5.52175,3.1561741129242698e-09
5.522,3.1553039769532891e-09
5.52225,3.154440143576106e-09
5.5225,3.1535851459024183e-09
5.52275,3.1527436382319805e-09
5.523,3.1519107714395313e-09
5.52325,3.1510821562550816e-09
5.5235,3.1502629988101648e-09
5.52375,3.1494569401744785e-09
5.524,3.1486604376240412e-09
5.52425,3.1478693479805742e-09
5.5245,3.1470894234243764e-09
5.52475,3.1463231982898882e-09
5.525,3.1455653507397887e-09
5.52525,3.1448114950816388e-09
5.5255,3.1440630179009537e-09
5.52575,3.1433210983985124e-09
5.526,3.1425777618517742e-09
5.52625,3.1418242634285844e-09
5.5265,3.1410597922921349e-09
5.52675,3.1402826522732175e-09
5.527,3.1394845912893959e-09
5.52725,3.1386544080503664e-09
5.5275,3.1377909004799393e-09
5.52775,3.1368928350721664e-09
5.528,3.135949242333326e-09
5.52825,3.1349533605766622e-09
5.5285,3.1339053912341774e-09
5.52875,3.1328070828302687e-09
5.529,3.1316525264201897e-09
5.52925,3.130436438970209e-09
5.5295,3.1291641053265217e-09
5.52975,3.1278416133485179e-09
5.53,3.1264658262286744e-09
5.53025,3.1250343362153329e-09
5.5305,3.1235546413313985e-09
5.53075,3.1220357168884568e-09
5.531,3.1204741132700174e-09
5.53125,3.1188650718430678e-09
5.5315,3.117215728221969e-09
5.53175,3.1155317298102977e-09
5.532,3.113804019150274e-09
5.53225,3.1120220451881378e-09
5.5325,3.1101888706781447e-09
5.53275,3.108303888880415e-09
5.533,3.1063522844381279e-09
5.53325,3.1043130879677487e-09
5.5335,3.1021846224632595e-09
5.53375,3.0999692790041615e-09
5.534,3.0976424985420913e-09
5.53425,3.0951839078702997e-09
5.5345,3.0925903414864049e-09
5.53475,3.0898660798552667e-09
5.535,3.0869917521749602e-09
5.53525,3.0839433848702196e-09
5.5355,3.0807277240690563e-09
5.53575,3.0773557665668015e-09
5.536,3.0738110439064963e-09
5.53625,3.0700793794443302e-09
5.5365,3.0661749038001499e-09
5.53675,3.0621158806263023e-09
5.537,3.0578879460745927e-09
5.53725,3.0534837867761279e-09
5.5375,3.0489182301589564e-09
5.53775,3.0442134092429844e-09
5.538,3.0393558664722626e-09
5.53825,3.0343310972600095e-09
5.5385,3.0291568410147371e-09
5.53875,3.023853928254603e-09
5.539,3.0184037559783418e-09
5.53925,3.0127918532698839e-09
5.5395,3.0070293143002545e-09
5.53975,3.0011370201131039e-09
5.54,2.9950930128918443e-09
5.54025,2.9889111184563104e-09
5.5405,2.9825527943838521e-09
5.54075,2.976041728439652e-09
5.541,2.9693895619788864e-09
5.54125,2.9625801279028013e-09
5.5415,2.9556346042410144e-09
5.54175,2.9485155015555143e-09
5.542,2.9412393559560936e-09
5.54225,2.9338252248507676e-09
5.5425,2.9262506872763456e-09
5.54275,2.9185387810510745e-09
5.543,2.9106417350199613e-09
5.54325,2.9025819352027665e-09
5.5435,2.8943814839596388e-09
5.54375,2.8860171144732654e-09
5.544,2.8775144699233168e-09
5.54425,2.8688227214564543e-09
5.5445,2.8599685385908826e-09
5.54475,2.8509816737508577e-09
5.545,2.841834407644958e-09
5.54525,2.8325540846874573e-09
5.5455,2.8230894626271671e-09
5.54575,2.8134715442263776e-09
5.546,2.8037291113621751e-09
5.54625,2.7938398356865117e-09
5.5465,2.7838345280211143e-09
5.54675,2.7736633802488824e-09
5.547,2.7633620999384293e-09
5.54725,2.7529655718745751e-09
5.5475,2.7424522267244826e-09
5.54775,2.7318517669052266e-09
5.548,2.7211192481385206e-09
5.54825,2.710293588975255e-09
5.5485,2.699406069687511e-09
5.54875,2.6884359861099292e-09
5.549,2.6774197834231222e-09
5.54925,2.6663103472641934e-09
5.5495,2.6551438881285069e-09
5.54975,2.6439521391537332e-09
5.55,2.632711411178538e-09
5.55025,2.6214637808405326e-09
5.5505,2.6101564786075337e-09
5.55075,2.5988283799873483e-09
5.551,2.5875198599580102e-09
5.55125,2.576205891368997e-09
5.5515,2.5649287765370482e-09
5.55175,2.5536346315921822e-09
5.552,2.5423682326290442e-09
5.55225,2.5311761514034091e-09
5.5525,2.5200208985800523e-09
5.55275,2.5089462883356869e-09
5.553,2.4978990376269757e-09
5.55325,2.4869168929998883e-09
5.5535,2.4760330735574759e-09
5.55375,2.4652193799856046e-09
5.554,2.4545020280426499e-09
5.55425,2.4438291721170869e-09
5.5545,2.4332259691891532e-09
5.55475,2.4227226443035625e-09
5.555,2.4122814993555212e-09
5.55525,2.4019290954653888e-09
5.5555,2.3916080920467899e-09
5.55575,2.3813471889748485e-09
5.556,2.3711733154736566e-09
5.55625,2.3610532734597281e-09
5.5565,2.3510192976113392e-09
5.55675,2.3410166995514911e-09
5.557,2.331077432892721e-09
5.55725,2.321233139972429e-09
5.5575,2.3114597297993616e-09
5.55775,2.3017843916144661e-09
5.558,2.2921748134990287e-09
5.55825,2.2826607933007051e-09
5.5585,2.2732705080393213e-09
5.55875,2.2639896499837704e-09
5.559,2.2548495425106635e-09
5.55925,2.2458110573920955e-09
5.5595,2.2369069249776869e-09
5.55975,2.2281685619415347e-09
5.56,2.2195774601666109e-09
5.56025,2.2111604193137518e-09
5.5605,2.2028852927374408e-09
5.56075,2.1947802725400325e-09
5.561,2.1868663609013616e-09
5.56125,2.1791324639779363e-09
5.5615,2.1716000810707247e-09
5.56175,2.164241168767663e-09
5.562,2.1570789423587481e-09
5.56225,2.1501312741624348e-09
5.5625,2.1433820838943591e-09
5.56275,2.1368524193990948e-09
5.563,2.130515138331913e-09
5.56325,2.1243871108761287e-09
5.5635,2.1184813298035738e-09
5.56375,2.1127832748551905e-09
5.564,2.1073046758627645e-09
5.56425,2.1020188065667836e-09
5.5645,2.0969385293892329e-09
5.56475,2.0920708174026547e-09
5.565,2.0873978252356395e-09
5.56525,2.0829289471960364e-09
5.5655,2.0786355544726781e-09
5.56575,2.0745195647269382e-09
5.566,2.0705896563641327e-09
5.56625,2.066824409897713e-09
5.5665,2.06322545493203e-09
5.56675,2.0597648592993781e-09
5.567,2.0564457919854282e-09
5.56725,2.0532718852126701e-09
5.5675,2.0502236798176652e-09
5.56775,2.0473028220464034e-09
5.568,2.0444857091191403e-09
5.56825,2.0417770591862173e-09
5.5685,2.039179618879248e-09
5.56875,2.0366792498395292e-09
5.569,2.0342766918088654e-09
5.56925,2.031951601092763e-09
5.5695,2.0297105041591842e-09
5.56975,2.0275586055201141e-09
5.57,2.0254808830299242e-09
5.57025,2.0234826328599733e-09
5.5705,2.0215486644851674e-09
5.57075,2.0196871599678713e-09
5.571,2.0179051205233885e-09
5.57125,2.0161935413928496e-09
5.5715,2.0145568179003456e-09
5.57175,2.0129855305466616e-09
5.572,2.0114866362243692e-09
5.57225,2.0100670332457294e-09
5.5725,2.0087187567549005e-09
5.57275,2.0074468677327278e-09
5.573,2.0062417284517689e-09
5.57325,2.0051071473449283e-09
5.5735,2.0040471353836804e-09
5.57375,2.0030552195887693e-09
5.574,2.0021300140838679e-09
5.57425,2.0012623604042108e-09
5.5745,2.0004548576605519e-09
5.57475,1.9997091509088064e-09
5.575,1.9990174255445185e-09
5.57525,1.998378781164647e-09
5.5755,1.9977841283597282e-09
5.57575,1.9972365499791176e-09
5.576,1.9967375603364211e-09
5.57625,1.9962797994501333e-09
5.5765,1.9958615139785564e-09
5.57675,1.9954772178138988e-09
5.577,1.9951284841774521e-09
5.57725,1.9948157261767718e-09
5.5775,1.9945331384447636e-09
5.57775,1.9942799226513917e-09
5.578,1.9940472724775087e-09
5.57825,1.9938357657808633e-09
5.5785,1.9936443309747796e-09
5.57875,1.9934634505104554e-09
5.579,1.9932904512665789e-09
5.57925,1.993115870363298e-09
5.5795,1.9929365398208921e-09
5.57975,1.9927501580640703e-09
5.58,1.9925455106334617e-09
5.58025,1.9923203264900125e-09
5.5805,1.9920615458230617e-09
5.58075,1.9917670874648652e-09
5.581,1.9914336853183994e-09
5.58125,1.9910522309548661e-09
5.5815,1.9906183519182147e-09
5.58175,1.990124760792984e-09
5.582,1.9895689040733176e-09
5.58225,1.9889512996991745e-09
5.5825,1.9882662033879596e-09
5.58275,1.987513944461194e-09
5.583,1.9866921880184884e-09
5.58325,1.9858046831810869e-09
5.5835,1.9848541131495007e-09
5.58375,1.9838434678391668e-09
5.584,1.9827790455757585e-09
5.58425,1.9816643519147483e-09
5.5845,1.98050575781151e-09
5.58475,1.9793148817928913e-09
5.585,1.9780949639424283e-09
5.58525,1.9768572018273496e-09
5.5855,1.9756025956143584e-09
5.58575,1.9743427068303141e-09
5.586,1.9730822721119575e-09
5.58625,1.9718265437585198e-09
5.5865,1.9705832301451501e-09
5.58675,1.969354522660281e-09
5.587,1.9681467479348347e-09
5.58725,1.9669639231714722e-09
5.5875,1.9658086852372231e-09
5.58775,1.9646872636494861e-09
5.588,1.9636007314353741e-09
5.58825,1.9625556911195492e-09
5.5885,1.9615535201966863e-09
5.58875,1.960596374263718e-09
5.589,1.9596911115190941e-09
5.58925,1.958837230707754e-09
5.5895,1.9580380672905826e-09
5.58975,1.9572957815086158e-09
5.59,1.9566120728774249e-09
5.59025,1.9559895738815747e-09
5.5905,1.9554272381198258e-09
5.59075,1.9549269632096031e-09
5.591,1.9544888085409922e-09
5.59125,1.9541140252652008e-09
5.5915,1.9538029079524794e-09
5.59175,1.9535563340955921e-09
5.592,1.9533726056748824e-09
5.59225,1.9532554854185029e-09
5.5925,1.9532041025028611e-09
5.59275,1.9532185641527893e-09
5.593,1.9532999575720761e-09
5.59325,1.9534474735866343e-09
5.5935,1.9536582532331879e-09
5.59375,1.9539318761744036e-09
5.594,1.9542657595435976e-09
5.59425,1.9546548636268749e-09
5.5945,1.9550954220749216e-09
5.59475,1.9555815355183969e-09
5.595,1.9561100452905611e-09
5.59525,1.9566733337832108e-09
5.5955,1.9572696398874379e-09
5.59575,1.9578935685615459e-09
5.596,1.9585410208851293e-09
5.59625,1.9592122069419348e-09
5.5965,1.9599028938432495e-09
5.59675,1.9606180094503511e-09
5.597,1.9613557014760163e-09
5.59725,1.9621154995897239e-09
5.5975,1.9629027160112681e-09
5.59775,1.9637184132490538e-09
5.598,1.9645700582621963e-09
5.59825,1.9654577509024678e-09
5.5985,1.966381828860706e-09
5.59875,1.9673491506578286e-09
5.599,1.9683603598966243e-09
5.59925,1.9694252873410935e-09
5.5995,1.9705448539213494e-09
5.59975,1.9717188889927158e-09
5.6,1.9729561478906288e-09
5.60025,1.974257116704116e-09
5.6005,1.9756346483644273e-09
5.60075,1.9770899456241006e-09
5.601,1.9786238615018669e-09
5.60125,1.9802464234081601e-09
5.6015,1.9819556447590919e-09
5.60175,1.9837650451488373e-09
5.602,1.9856736279909773e-09
5.60225,1.987677975036528e-09
5.6025,1.9897828563891449e-09
5.60275,1.9919819334708227e-09
5.603,1.9942832313519527e-09
5.60325,1.9966783329522063e-09
5.6035,1.9991571584390842e-09
5.60375,2.001721081157891e-09
5.604,2.0043588559291474e-09
5.60425,2.0070783103321723e-09
5.6045,2.0098677038368941e-09
5.60475,2.0127131619488691e-09
5.605,2.0156203205911586e-09
5.60525,2.0185798547402179e-09
5.6055,2.0216060417816016e-09
5.60575,2.0246886553392308e-09
5.606,2.0278205446888072e-09
5.60625,2.031010851987793e-09
5.6065,2.0342508201600169e-09
5.60675,2.0375599209212234e-09
5.607,2.0409289430761666e-09
5.60725,2.0443500900873371e-09
5.6075,2.0478353973104942e-09
5.60775,2.05138682467153e-09
5.608,2.0550006410667702e-09
5.60825,2.05866292042693e-09
5.6085,2.0623843570686047e-09
5.60875,2.0661798018819008e-09
5.609,2.0700369316318849e-09
5.60925,2.0739414353814058e-09
5.6095,2.0779055447189838e-09
5.60975,2.0819438557480102e-09
5.61,2.08604417444403e-09
5.61025,2.090191778504076e-09
5.6105,2.094404337215177e-09
5.61075,2.0986956806050106e-09
5.611,2.1030541008866116e-09
5.61125,2.1074659919605976e-09
5.6115,2.1119452137526338e-09
5.61175,2.1165102486939424e-09
5.612,2.1211464503349481e-09
5.61225,2.1258401411997328e-09
5.6125,2.1306095618133756e-09
5.61275,2.1354660446138195e-09
5.613,2.1404003789715628e-09
5.61325,2.1453979322096891e-09
5.6135,2.1504738143836293e-09
5.61375,2.1556458214416816e-09
5.614,2.1609030181421073e-09
5.61425,2.1662292985853165e-09
5.6145,2.1716427751147327e-09
5.61475,2.1771624191693328e-09
5.615,2.1827737991306988e-09
5.61525,2.1884624553688299e-09
5.6155,2.1942504301781441e-09
5.61575,2.2001549118533844e-09
5.616,2.206164881898516e-09
5.61625,2.2122596604669833e-09
5.6165,2.2184634756666109e-09
5.61675,2.2247928785162193e-09
5.617,2.2312323556666007e-09
5.61725,2.237756342374691e-09
5.6175,2.2443892167117906e-09
5.61775,2.2511461804289113e-09
5.618,2.2580076402789774e-09
5.61825,2.2649461960789407e-09
5.6185,2.2719804885598084e-09
5.61875,2.2791275274314468e-09
5.619,2.2863656292569056e-09
5.61925,2.2936648622722402e-09
5.6195,2.3010451386828033e-09
5.61975,2.3085256116998576e-09
5.62,2.3160823305230676e-09
5.62025,2.3236832821545041e-09
5.6205,2.3313524757401742e-09
5.62075,2.339118868451418e-09
5.621,2.3469522362276925e-09
5.62125,2.3548235462492019e-09
5.6215,2.3627639983905694e-09
5.62175,2.3707956087984674e-09
5.622,2.3788937306751408e-09
5.62225,2.3870325668316934e-09
5.6225,2.3952378836653061e-09
5.62275,2.4035408629385321e-09
5.623,2.411915327087163e-09
5.62325,2.4203221991621025e-09
5.6235,2.4288396532081426e-09
5.62375,2.4374305057425212e-09
5.624,2.4460612470750063e-09
5.62425,2.4548090769150131e-09
5.6245,2.4636404704298562e-09
5.62475,2.4725222610902193e-09
5.625,2.4815374975170016e-09
5.62525,2.4906505079899088e-09
5.6255,2.4998312894010536e-09
5.62575,2.5091579686221937e-09
5.626,2.518593162294102e-09
5.62625,2.5281061305620926e-09
5.6265,2.5377253227029656e-09
5.62675,2.547488669752177e-09
5.627,2.5573582910257366e-09
5.62725,2.5672969969547531e-09
5.6275,2.5773243075524937e-09
5.62775,2.5874535314186731e-09
5.628,2.5976534435746271e-09
5.62825,2.6078784010055578e-09
5.6285,2.6181437650683184e-09
5.62875,2.6284693494784671e-09
5.629,2.6388152824158487e-09
5.62925,2.6491357796508777e-09
5.6295,2.6594402128292286e-09
5.62975,2.6697475697018683e-09
5.63,2.6800197663183755e-09
5.63025,2.6902095240368878e-09
5.6305,2.7003404417366348e-09
5.63075,2.7104250654897537e-09
5.631,2.7204303934076766e-09
5.63125,2.7303157664679923e-09
5.6315,2.7401075054854131e-09
5.63175,2.7498248235536207e-09
5.632,2.75944493663109e-09
5.63225,2.7689334796095088e-09
5.6325,2.7783259597603361e-09
5.63275,2.7876545288500114e-09
5.633,2.796900888939086e-09
5.63325,2.8060369092232547e-09
5.6335,2.8151038700001278e-09
5.63375,2.8241445411028465e-09
5.634,2.8331396450418475e-09
5.63425,2.8420667654282234e-09
5.6345,2.8509629166349139e-09
5.63475,2.8598595433753333e-09
5.635,2.8687349072286253e-09
5.63525,2.8775577775286604e-09
5.6355,2.8863562039293234e-09
5.63575,2.8951536899183821e-09
5.636,2.903916864242509e-09
5.63625,2.9126019416796953e-09
5.6365,2.921230062773674e-09
5.63675,2.9298141268843409e-09
5.637,2.9383154383017285e-09
5.63725,2.9466867632277182e-09
5.6375,2.9549443001224404e-09
5.63775,2.9631064726539456e-09
5.638,2.9711277410989178e-09
5.63825,2.9789700148855958e-09
5.6385,2.9866489388812097e-09
5.63875,2.9941844191791671e-09
5.639,3.0015424868503916e-09
5.63925,3.0086913879621687e-09
5.6395,3.0156581630429894e-09
5.63975,3.0224710051519035e-09
5.64,3.0291073670419394e-09
5.64025,3.0355461176144963e-09
5.6405,3.0418182049093393e-09
5.64075,3.0479586818542724e-09
5.641,3.0539538490192283e-09
5.64125,3.0597838672777197e-09
5.6415,3.0654829569949782e-09
5.64175,3.0710799254990183e-09
5.642,3.076556524601512e-09
5.64225,3.0818910487970336e-09
5.6425,3.0871063862682921e-09
5.64275,3.0922178753163238e-09
5.643,3.0972015335857498e-09
5.64325,3.102030244763031e-09
5.6435,3.1067187928808972e-09
5.64375,3.1112754496829866e-09
5.644,3.1156766088400444e-09
5.64425,3.1198983811592169e-09
5.6445,3.1239546406587163e-09
5.64475,3.1278537377470675e-09
5.645,3.1315828983066651e-09
5.64525,3.1351275366542231e-09
5.6455,3.1385048025764386e-09
5.64575,3.1417316955300175e-09
5.646,3.1448014367407826e-09
5.64625,3.1477058109619625e-09
5.6465,3.1504648112610964e-09
5.64675,3.1530940943108275e-09
5.647,3.1555891325148283e-09
5.64725,3.1579426464169555e-09
5.6475,3.160181924244928e-09
5.64775,3.1622994994731078e-09
5.648,3.1642864204682622e-09
5.64825,3.1661648321982945e-09
5.6485,3.167926331108335e-09
5.64875,3.1695712419041999e-09
5.649,3.1710924022310256e-09
5.64925,3.1725029301414809e-09
5.6495,3.1737955450612162e-09
5.64975,3.1749699692545435e-09
5.65,3.1760186902122737e-09
5.65025,3.1769539824842953e-09
5.6505,3.1777695402579797e-09
5.65075,3.178466003930934e-09
5.651,3.179040615184339e-09
5.65125,3.1795048368296182e-09
5.6515,3.1798578413717592e-09
5.65175,3.180103591350026e-09
5.652,3.1802439266126153e-09
5.65225,3.1802903068376198e-09
5.6525,3.1802455022320425e-09
5.65275,3.1801151874432756e-09
5.653,3.1799034808813919e-09
5.65325,3.179619253729144e-09
5.6535,3.1792654188163651e-09
5.65375,3.1788459667029173e-09
5.654,3.178364455334491e-09
5.65425,3.1778244021090097e-09
5.6545,3.1772274957967858e-09
5.65475,3.1765753454530721e-09
5.655,3.1758706231095212e-09
5.65525,3.1751129333410382e-09
5.6555,3.1743051783673523e-09
5.65575,3.1734489371395535e-09
5.656,3.1725480575255738e-09
5.65625,3.1716040554206706e-09
5.6565,3.1706220557585152e-09
5.65675,3.1696066978372808e-09
5.657,3.1685668914351041e-09
5.65725,3.167505891603122e-09
5.6575,3.1664337166115901e-09
5.65775,3.1653581532874645e-09
5.658,3.164290558497697e-09
5.65825,3.1632341953187336e-09
5.6585,3.1621982233200036e-09
5.65875,3.1611890025802667e-09
5.659,3.1602157591704506e-09
5.65925,3.1592758187554467e-09
5.6595,3.1583748828429635e-09
5.65975,3.1575138766836072e-09
5.66,3.1566959194097579e-09
5.66025,3.1559152974144035e-09
5.6605,3.155172961870216e-09
5.66075,3.1544679039140589e-09
5.661,3.1537995519678088e-09
5.66125,3.1531619004834239e-09
5.6615,3.1525569016571149e-09
5.66175,3.1519832104840116e-09
5.662,3.1514436626259074e-09
5.66225,3.1509345658724733e-09
5.6625,3.1504577381763022e-09
5.66275,3.1500158309677886e-09
5.663,3.1496142965116867e-09
5.66325,3.1492498931883381e-09
5.6635,3.1489285638653025e-09
5.66375,3.1486542563979265e-09
5.664,3.1484314729673212e-09
5.66425,3.1482615114701642e-09
5.6645,3.1481503935194612e-09
5.66475,3.1481008810825938e-09
5.665,3.1481187396124678e-09
5.66525,3.1482026647889359e-09
5.6655,3.1483573320571746e-09
5.66575,3.1485818404147052e-09
5.666,3.1488773430275519e-09
5.66625,3.1492393977191603e-09
5.6665,3.1496657923475208e-09
5.66675,3.1501494617171149e-09
5.667,3.1506851448425166e-09
5.66725,3.1512652438400895e-09
5.6675,3.1518822375880229e-09
5.66775,3.1525283420973608e-09
5.668,3.153197149150113e-09
5.66825,3.153878935903391e-09
5.6685,3.1545689295891454e-09
5.66875,3.1552618057825751e-09
5.669,3.1559528500983548e-09
5.66925,3.1566364891487615e-09
5.6695,3.1573096050845345e-09
5.66975,3.1579691424815314e-09
5.67,3.158613267696838e-09
5.67025,3.1592392132407128e-09
5.6705,3.1598443608260181e-09
5.67075,3.1604277352299893e-09
5.671,3.1609869804594191e-09
5.67125,3.1615209694575222e-09
5.6715,3.1620287679740996e-09
5.67175,3.1625097353579573e-09
5.672,3.1629633199950298e-09
5.67225,3.1633884791198277e-09
5.6725,3.1637847671680102e-09
5.67275,3.1641511102574114e-09
5.673,3.1644863873956234e-09
5.67325,3.164788503649626e-09
5.6735,3.1650555532739367e-09
5.67375,3.1652840473707916e-09
5.674,3.1654717185994153e-09
5.67425,3.165612535810632e-09
5.6745,3.1657031483754099e-09
5.67475,3.165739373969309e-09
5.675,3.1657147159189929e-09
5.67525,3.1656255503418694e-09
5.6755,3.1654683650555761e-09
5.67575,3.1652354622036329e-09
5.676,3.1649246610067573e-09
5.67625,3.1645351635059102e-09
5.6765,3.1640567099161685e-09
5.67675,3.1634905239615682e-09
5.677,3.1628369361256901e-09
5.67725,3.1620855795051722e-09
5.6775,3.1612387871726432e-09
5.67775,3.1602989638894229e-09
5.678,3.1592545105081787e-09
5.67825,3.1581084889378894e-09
5.6785,3.1568652761785849e-09
5.67875,3.1555090715025729e-09
5.679,3.1540441841506711e-09
5.67925,3.1524753431799277e-09
5.6795,3.1507852532496044e-09
5.67975,3.148976423847132e-09
5.68,3.1470545761918465e-09
5.68025,3.1449978890946224e-09
5.6805,3.1428116033691388e-09
5.68075,3.1405007387945721e-09
5.681,3.1380407849547347e-09
5.68125,3.1354392225965269e-09
5.6815,3.1327019374356864e-09
5.68175,3.1298037157379553e-09
5.682,3.1267533878126993e-09
5.68225,3.1235591854234825e-09
5.6825,3.120194089512851e-09
5.68275,3.1166685648812374e-09
5.683,3.1129962797782216e-09
5.68325,3.109147866962276e-09
5.6835,3.1051393541982296e-09
5.68375,3.1009879378745375e-09
5.684,3.0966632849728544e-09
5.68425,3.0921859779222515e-09
5.6845,3.0875778865799735e-09
5.68475,3.0828088193350677e-09
5.685,3.0779015348169778e-09
5.68525,3.0728815199453056e-09
5.6855,3.0677166383260604e-09
5.68575,3.0624300291596826e-09
5.686,3.0570496424777632e-09
5.68625,3.0515613986523381e-09
5.6865,3.0459492121277333e-09
5.68675,3.0402360289477052e-09
5.687,3.0344449031082809e-09
5.68725,3.0285615943126273e-09
5.6875,3.0225755995833975e-09
5.68775,3.0165052713136424e-09
5.688,3.010374991520649e-09
5.68825,3.004168228544513e-09
5.6885,2.9978674413362208e-09
5.68875,2.9914916747959189e-09
5.689,2.9850680316397776e-09
5.68925,2.9785723164834455e-09
5.6895,2.9719862231680822e-09
5.68975,2.9653290245991613e-09
5.69,2.9586253119579313e-09
5.69025,2.951853652912308e-09
5.6905,2.9449895997126871e-09
5.69075,2.938052260147856e-09
5.691,2.9310681146156595e-09
5.69125,2.9240157784225565e-09
5.6915,2.9168701433337247e-09
5.69175,2.9096538872753787e-09
5.692,2.9023980871857667e-09
5.69225,2.8950788750080443e-09
5.6925,2.8876658975793429e-09
5.69275,2.8801879137390112e-09
5.693,2.8726783158654279e-09
5.69325,2.8651058657136856e-09
5.6935,2.8574430527265872e-09
5.69375,2.8497174779528871e-09
5.694,2.8419611518846747e-09
5.69425,2.8341403745766965e-09
5.6945,2.826229949913216e-09
5.69475,2.8182540303192175e-09
5.695,2.8102457129309586e-09
5.69525,2.8021737611997261e-09
5.6955,2.794019560506232e-09
5.69575,2.7858078725971872e-09
5.696,2.7775753751045573e-09
5.69625,2.7692969782174813e-09
5.6965,2.7609531160236604e-09
5.69675,2.7525715101020142e-09
5.697,2.7441874468091547e-09
5.69725,2.7357780506306835e-09
5.6975,2.7273298524608854e-09
5.69775,2.7188687163918781e-09
5.698,2.7104238332740666e-09
5.69825,2.7019747834647392e-09
5.6985,2.6935013570702517e-09
5.69875,2.6850347439209976e-09
5.699,2.6766045241706181e-09
5.69925,2.6681856830542054e-09
5.6995,2.6597506805780435e-09
5.69975,2.6513307722967928e-09
5.7,2.6429623396025573e-09
5.70025,2.6346121573425851e-09
5.7005,2.626253511346211e-09
5.70075,2.617912625606496e-09
5.701,2.609625175302145e-09
5.70125,2.6013573263386758e-09
5.7015,2.5930828354356105e-09
5.70175,2.5848285234797893e-09
5.702,2.5766259835505147e-09
5.70225,2.5684420363414081e-09
5.7025,2.5602494427944127e-09
5.70275,2.5520711353016017e-09
5.703,2.5439365162927672e-09
5.70325,2.5358143485593474e-09
5.7035,2.5276756064762625e-09
5.70375,2.5195405427440336e-09
5.704,2.5114386097424709e-09
5.70425,2.5033338067761377e-09
5.7045,2.495193808118046e-09
5.70475,2.4870424072537565e-09
5.705,2.4789098409211932e-09
5.70525,2.470760498119725e-09
5.7055,2.4625578981062514e-09
5.70575,2.4543345693401386e-09
5.706,2.446123783833883e-09
5.70625,2.4378878345181728e-09
5.7065,2.4296018658556273e-09
5.70675,2.4212957306468988e-09
5.707,2.4130008420965454e-09
5.70725,2.4046888033092427e-09
5.7075,2.3963360227378939e-09
5.70775,2.3879695425751551e-09
5.708,2.3796216893897495e-09
5.70825,2.3712640025497362e-09
5.7085,2.3628675764082462e-09
5.70875,2.3544614067794468e-09
5.709,2.3460829427789919e-09
5.70925,2.3376953098206436e-09
5.7095,2.3292764906756051e-09
5.70975,2.3208541781103174e-09
5.71,2.3124597918132918e-09
5.71025,2.3040675708262112e-09
5.7105,2.2956565948568822e-09
5.71075,2.2872568227115035e-09
5.711,2.2789000958907062e-09
5.71125,2.2705722474539474e-09
5.7115,2.2622553902733517e-09
5.71175,2.2539839119582069e-09
5.712,2.245797802074717e-09
5.71225,2.2376791504156258e-09
5.7125,2.2296152972920991e-09
5.71275,2.2216396004238805e-09
5.713,2.2137954201655906e-09
5.71325,2.2060651001573977e-09
5.7135,2.19843816088454e-09
5.71375,2.1909447480837895e-09
5.714,2.1836180009728712e-09
5.71425,2.176437903207438e-09
5.7145,2.1693902202239032e-09
5.71475,2.1624977987128739e-09
5.715,2.155786609876624e-09
5.71525,2.1492323073573211e-09
5.7155,2.1428119035309405e-09
5.71575,2.1365389114213739e-09
5.716,2.1304322161417616e-09
5.71625,2.1244636998116206e-09
5.7165,2.1186088985064096e-09
5.71675,2.1128772637159472e-09
5.717,2.1072888661154554e-09
5.71725,2.1018143729294312e-09
5.7175,2.096429547655892e-09
5.71775,2.0911487879013517e-09
5.718,2.0859862445059104e-09
5.71825,2.0809200323886795e-09
5.7185,2.0759301493540902e-09
5.71875,2.0710291827264792e-09
5.719,2.0662354540730579e-09
5.71925,2.0615273877933309e-09
5.7195,2.0568895209039503e-09
5.71975,2.0523370137636351e-09
5.72,2.0478870809737871e-09
5.72025,2.0435215151337082e-09
5.7205,2.0392284352698689e-09
5.72075,2.0350223402365839e-09
5.721,2.0309226280637528e-09
5.72125,2.0269163927705345e-09
5.7215,2.022991120249425e-09
5.72175,2.019162463102712e-09
5.722,2.015449995039254e-09
5.72225,2.0118411721781915e-09
5.7225,2.0083268579775661e-09
5.72275,2.0049191147227692e-09
5.723,2.0016325877217022e-09
5.72325,1.9984554877979241e-09
5.7235,1.995377325891284e-09
5.72375,1.9924075083909116e-09
5.724,1.9895567009633433e-09
5.72425,1.9868108925938375e-09
5.7245,1.9841625980878681e-09
5.72475,1.9816170536838608e-09
5.725,1.9791814392700069e-09
5.72525,1.9768464198811271e-09
5.7255,1.9746055103133701e-09
5.72575,1.9724650878160241e-09
5.726,1.9704333621795749e-09
5.72625,1.9685050013551732e-09
5.7265,1.96667879661293e-09
5.72675,1.9649613287958043e-09
5.727,1.9633645525121417e-09
5.72725,1.9618848625298401e-09
5.7275,1.9605218629943903e-09
5.72775,1.9592825813057677e-09
5.728,1.9581764412650659e-09
5.72825,1.9571932893462969e-09
5.7285,1.9563386477956851e-09
5.72875,1.9556165985481099e-09
5.729,1.9550168821989024e-09
5.72925,1.9545402211853204e-09
5.7295,1.9541840568104886e-09
5.72975,1.9539457879053437e-09
5.73,1.9538147689832902e-09
5.73025,1.9537896169620263e-09
5.7305,1.9538643096365907e-09
5.73075,1.9540342007690879e-09
5.731,1.9542897385648354e-09
5.73125,1.9546264759542438e-09
5.7315,1.9550391653970469e-09
5.73175,1.9555222295556656e-09
5.732,1.9560671195223159e-09
5.73225,1.9566702179867733e-09
5.7325,1.9573246873532591e-09
5.73275,1.9580255099098726e-09
5.733,1.95876728745961e-09
5.73325,1.9595455059078188e-09
5.7335,1.96035526890915e-09
5.73375,1.9611917396908406e-09
5.734,1.9620531983641553e-09
5.73425,1.962934784065645e-09
5.7345,1.9638348741693189e-09
5.73475,1.9647486996114032e-09
5.735,1.9656788126624868e-09
5.73525,1.9666224081467024e-09
5.7355,1.9675792186618685e-09
5.73575,1.9685479108347834e-09
5.736,1.969532814253102e-09
5.73625,1.9705321566481586e-09
5.7365,1.971546920614827e-09
5.73675,1.9725758129715396e-09
5.737,1.9736233377018797e-09
5.73725,1.9746873524712194e-09
5.7375,1.9757675722377293e-09
5.73775,1.976860902531865e-09
5.738,1.9779694222991293e-09
5.73825,1.9790891475011748e-09
5.7385,1.9802171204371414e-09
5.73875,1.9813473054956544e-09
5.739,1.9824814213925185e-09
5.73925,1.983614238430645e-09
5.7395,1.9847427524336431e-09
5.73975,1.985861042379618e-09
5.74,1.9869723317861047e-09
5.74025,1.9880725562162265e-09
5.7405,1.9891600055191982e-09
5.74075,1.9902317150244812e-09
5.741,1.9912881541433149e-09
5.74125,1.9923315689582298e-09
5.7415,1.9933585862535827e-09
5.74175,1.9943676298766301e-09
5.742,1.9953581953503742e-09
5.74225,1.996329623030079e-09
5.7425,1.9972788124081906e-09
5.74275,1.9981990664632939e-09
5.743,1.9990907479078859e-09
5.74325,1.9999505464305412e-09
5.7435,2.0007733823531751e-09
5.74375,2.001552159067002e-09
5.744,2.0022854407964882e-09
5.74425,2.0029705048814785e-09
5.7445,2.0036027825804217e-09
5.74475,2.0041777452686436e-09
5.745,2.0046959023373902e-09
5.74525,2.0051584851484739e-09
5.7455,2.0055638732260225e-09
5.74575,2.005911723217594e-09
5.746,2.0062092043769216e-09
5.74625,2.0064581577341747e-09
5.7465,2.0066631956107017e-09
5.74675,2.0068277883187968e-09
5.747,2.0069622376243479e-09
5.74725,2.007069848420045e-09
5.7475,2.0071580585129877e-09
5.74775,2.0072312835815703e-09
5.748,2.0073016209295509e-09
5.74825,2.0073731625345429e-09
5.7485,2.0074533969666426e-09
5.74875,2.0075463612574639e-09
5.749,2.0076635176680716e-09
5.74925,2.0078105092190914e-09
5.7495,2.0079949639164338e-09
5.74975,2.0082205412609722e-09
5.75,2.0085008269893091e-09
5.75025,2.0088397769696632e-09
5.7505,2.0092446987489615e-09
5.75075,2.0097184733681078e-09
5.751,2.0102726707217755e-09
5.75125,2.010909103755638e-09
5.7515,2.0116308544720303e-09
5.75175,2.0124376880343062e-09
5.752,2.0133360334248899e-09
5.75225,2.014322847151526e-09
5.7525,2.0153966403301383e-09
5.75275,2.0165544079536995e-09
5.753,2.0177977902779328e-09
5.75325,2.0191209260030266e-09
5.7535,2.0205221731819147e-09
5.75375,2.0219924503866117e-09
5.754,2.0235335543445352e-09
5.75425,2.0251366854003375e-09
5.7545,2.0267966242283503e-09
5.75475,2.0285041225824756e-09
5.755,2.0302586630351492e-09
5.75525,2.0320512582166942e-09
5.7555,2.0338746015945118e-09
5.75575,2.0357194290448713e-09
5.756,2.0375830078454384e-09
5.75625,2.0394670131192661e-09
5.7565,2.041365737184958e-09
5.75675,2.04327339575837e-09
5.757,2.0451950078105748e-09
5.75725,2.0471425839211309e-09
5.7575,2.0491175590479498e-09
5.75775,2.0511193127018178e-09
5.758,2.0531654590104884e-09
5.75825,2.0552748671655573e-09
5.7585,2.0574554161092136e-09
5.75875,2.0597091927858116e-09
5.759,2.0620577889218281e-09
5.75925,2.0645237193337389e-09
5.7595,2.06710836475162e-09
5.75975,2.0698110571325111e-09
5.76,2.0726596440485476e-09
5.76025,2.0756493728962871e-09
5.7605,2.0787833812058861e-09
5.76075,2.0820502537710134e-09
5.761,2.0854732144832952e-09
5.76125,2.0890396220162999e-09
5.7615,2.0927471142537449e-09
5.76175,2.0965796045192253e-09
5.762,2.1005557564746056e-09
5.76225,2.1046606848234698e-09
5.7625,2.1088907648440729e-09
5.76275,2.113227208581094e-09
5.763,2.1176944184161061e-09
5.76325,2.1222781674256515e-09
5.7635,2.126973563468929e-09
5.76375,2.1317650667955417e-09
5.764,2.136682510181303e-09
5.76425,2.1417096446602881e-09
5.7645,2.1468488700865355e-09
5.76475,2.1520838642064604e-09
5.765,2.1574285195598391e-09
5.76525,2.1629085193687325e-09
5.7655,2.1685099753060448e-09
5.76575,2.1742169961870806e-09
5.766,2.1800516628055023e-09
5.76625,2.1860288022730507e-09
5.7665,2.1921379191889549e-09
5.76675,2.1983561862722597e-09
5.767,2.2047061457448695e-09
5.76725,2.2112067710328948e-09
5.7675,2.2178398503831507e-09
5.76775,2.224581401105353e-09
5.768,2.231450457713144e-09
5.76825,2.2384618955861654e-09
5.7685,2.2455999006815254e-09
5.76875,2.2528411749838297e-09
5.769,2.2602071923134493e-09
5.76925,2.26772303447227e-09
5.7695,2.2753660582346981e-09
5.76975,2.2831171450902329e-09
5.77,2.2910050896921252e-09
5.77025,2.2990502041313965e-09
5.7705,2.3072350767610151e-09
5.77075,2.3155382879573065e-09
5.771,2.3239825110525186e-09
5.77125,2.3325859584900723e-09
5.7715,2.3413293654259151e-09
5.77175,2.350187313686071e-09
5.772,2.3591721165616287e-09
5.77225,2.3682941451381959e-09
5.7725,2.3775296126248768e-09
5.77275,2.3868472574952103e-09
5.773,2.3962539833770552e-09
5.77325,2.4057635100390635e-09
5.7735,2.4153440092462002e-09
5.77375,2.4249597493085281e-09
5.774,2.4346180744712763e-09
5.77425,2.4443292945918524e-09
5.7745,2.4540616491916967e-09
5.77475,2.4637705813380852e-09
5.775,2.4734731335634472e-09
5.77525,2.483177105782196e-09
5.7755,2.4928535543137742e-09
5.77575,2.5024645617429664e-09
5.776,2.5120279077252906e-09
5.77625,2.5215545045571618e-09
5.7765,2.5310239020385132e-09
5.77675,2.5404038789403961e-09
5.777,2.5497191028392969e-09
5.77725,2.558990571797439e-09
5.7775,2.5681999614130157e-09
5.77775,2.5773235320794168e-09
5.778,2.5863925423436351e-09
5.77825,2.5954383212397612e-09
5.7785,2.6044433931137214e-09
5.77875,2.6133830787921649e-09
5.779,2.6222898090718767e-09
5.77925,2.6311989725267914e-09
5.7795,2.6400885030690627e-09
5.77975,2.6489293657056014e-09
5.78,2.6577517504653238e-09
5.78025,2.6665809064657288e-09
5.7805,2.6753920079805732e-09
5.78075,2.6841535968424096e-09
5.781,2.6928885865872033e-09
5.78125,2.7016084784152915e-09
5.7815,2.7102905499175342e-09
5.78175,2.7188948420090488e-09
5.782,2.7274430366723348e-09
5.78225,2.7359534023876574e-09
5.7825,2.7443915516507638e-09
5.78275,2.7527197307296596e-09
5.783,2.7609596868636277e-09
5.78325,2.7691288863467193e-09
5.7835,2.7771947416784554e-09
5.78375,2.7851229048242605e-09
5.784,2.7929391090918724e-09
5.78425,2.8006599416398829e-09
5.7845,2.8082615668522557e-09
5.78475,2.8157156927338839e-09
5.785,2.8230446343074826e-09
5.78525,2.8302742339025422e-09
5.7855,2.8373869221011386e-09
5.78575,2.8443601167788082e-09
5.786,2.8512241307110147e-09
5.78625,2.8580026768801194e-09
5.7865,2.8646823537034671e-09
5.78675,2.8712478766186197e-09
5.787,2.8777266643402909e-09
5.78725,2.8841467894603016e-09
5.7875,2.8904925330118708e-09
5.78775,2.8967466632204912e-09
5.788,2.902936102905514e-09
5.78825,2.9090839850259879e-09
5.7885,2.9151751673734576e-09
5.78875,2.921192370022905e-09
5.789,2.9271570238573984e-09
5.78925,2.9330815157697997e-09
5.7895,2.9389532072646867e-09
5.78975,2.9447561418658393e-09
5.79,2.9505063443211235e-09
5.79025,2.9562132808195778e-09
5.7905,2.9618648754641524e-09
5.79075,2.9674431842078541e-09
5.791,2.9729620008650947e-09
5.79125,2.9784311510199596e-09
5.7915,2.9838391130536012e-09
5.79175,2.9891673915060048e-09
5.792,2.9944272156910735e-09
5.79225,2.9996300170411526e-09
5.7925,3.0047640999257088e-09
5.79275,3.0098161468564261e-09
5.793,3.0147982939425484e-09
5.79325,3.019720839622007e-09
5.7935,3.024573400569036e-09
5.79375,3.0293399070245838e-09
5.794,3.0340319794099202e-09
5.79425,3.0386538672865326e-09
5.7945,3.0431919568829011e-09
5.79475,3.0476269319338274e-09
5.795,3.0519637997095399e-09
5.79525,3.0562020266805168e-09
5.7955,3.0603250104134412e-09
5.79575,3.0643107446664883e-09
5.796,3.0681643664772339e-09
5.79625,3.07188711559718e-09
5.7965,3.0754645727833729e-09
5.79675,3.0788847898270229e-09
5.797,3.0821569566642066e-09
5.79725,3.0852925499283999e-09
5.7975,3.0882864587871012e-09
5.79775,3.0911358831729163e-09
5.798,3.0938608889439715e-09
5.79825,3.0964815662639401e-09
5.7985,3.0990016054916176e-09
5.79875,3.1014215375650099e-09
5.799,3.1037638501491266e-09
5.79925,3.1060505786785134e-09
5.7995,3.108286280292885e-09
5.79975,3.110470642229678e-09
5.8,3.1126226382372927e-09
5.80025,3.1147575326787153e-09
5.8005,3.1168734031555812e-09
5.80075,3.1189665202411768e-09
5.801,3.1210456020291476e-09
5.80125,3.1231177140466749e-09
5.8015,3.1251722762919012e-09
5.80175,3.1271994781904422e-09
5.802,3.1292012159952741e-09
5.80225,3.1311753597610597e-09
5.8025,3.1331083899381474e-09
5.80275,3.1349857903047046e-09
5.803,3.1368053645580601e-09
5.80325,3.1385635342637738e-09
5.8035,3.1402492606641543e-09
5.80375,3.1418505787559724e-09
5.804,3.1433682840730417e-09
5.80425,3.1448008132709023e-09
5.8045,3.1461425070578652e-09
5.80475,3.1473897382851796e-09
5.805,3.1485475100377775e-09
5.80525,3.1496192671418875e-09
5.8055,3.1506073800512865e-09
5.80575,3.1515126187910384e-09
5.806,3.1523442466996896e-09
5.80625,3.1531080876284794e-09
5.8065,3.1538079246827469e-09
5.80675,3.1544455084312603e-09
5.807,3.1550279534214446e-09
5.80725,3.1555601417555651e-09
5.8075,3.1560424852454228e-09
5.80775,3.1564762391665527e-09
5.808,3.156864229476306e-09
5.80825,3.157208918055175e-09
5.8085,3.1575098089439765e-09
5.80875,3.1577662383143248e-09
5.809,3.157980350403464e-09
5.80925,3.158151601041286e-09
5.8095,3.1582828183033125e-09
5.80975,3.1583726406255697e-09
5.81,3.1584216439985516e-09
5.81025,3.158430688122344e-09
5.8105,3.1583991341717529e-09
5.81075,3.1583269762150697e-09
5.811,3.1582125415430415e-09
5.81125,3.1580529774644059e-09
5.8115,3.1578479044380192e-09
5.81175,3.1575947736013682e-09
5.812,3.1572912649135966e-09
5.81225,3.1569321774388044e-09
5.8125,3.1565187929976955e-09
5.81275,3.1560501347281628e-09
5.813,3.155523503344908e-09
5.81325,3.1549384568164461e-09
5.8135,3.1542953730016701e-09
5.81375,3.1535978319587608e-09
5.814,3.1528450966653372e-09
5.81425,3.152038258897436e-09
5.8145,3.1511802707842074e-09
5.81475,3.1502762168844558e-09
5.815,3.1493267955240684e-09
5.81525,3.148334316091928e-09
5.8155,3.1473027594817647e-09
5.81575,3.1462402887435833e-09
5.816,3.1451466292849695e-09
5.81625,3.1440233388467415e-09
5.8165,3.1428775534430618e-09
5.81675,3.1417147288910995e-09
5.817,3.1405356574055849e-09
5.81725,3.1393407868884903e-09
5.8175,3.1381331187302137e-09
5.81775,3.1369181994767783e-09
5.818,3.1356912908152892e-09
5.81825,3.1344489247572731e-09
5.8185,3.1331915124827767e-09
5.81875,3.1319215919456309e-09
5.819,3.1306318210045825e-09
5.81925,3.1293169596710003e-09
5.8195,3.1279769175499205e-09
5.81975,3.1266139105197255e-09
5.82,3.1252226104473425e-09
5.82025,3.1238004236861378e-09
5.8205,3.1223499886656764e-09
5.82075,3.1208779378118769e-09
5.821,3.1193838491726407e-09
5.82125,3.1178699975978105e-09
5.8215,3.1163434027911715e-09
5.82175,3.1148137151423086e-09
5.822,3.1132837479670901e-09
5.82225,3.1117560641163955e-09
5.8225,3.1102397907585009e-09
5.82275,3.1087447742147583e-09
5.823,3.1072699751419208e-09
5.82325,3.1058184506255217e-09
5.8235,3.104393731857294e-09
5.82375,3.1030029388044238e-09
5.824,3.1016428186937418e-09
5.82425,3.1003080654713995e-09
5.8245,3.0989986631432363e-09
5.82475,3.0977180216224318e-09
5.825,3.0964569338969848e-09
5.82525,3.0952064095510436e-09
5.8255,3.0939673266432507e-09
5.82575,3.0927398398547685e-09
5.826,3.0915144370901285e-09
5.82625,3.0902840983867838e-09
5.8265,3.0890489061152651e-09
5.82675,3.08781030176544e-09
5.827,3.0865614042659737e-09
5.82725,3.0852970338618919e-09
5.8275,3.0840169846420694e-09
5.82775,3.0827287110874319e-09
5.828,3.081423163996607e-09
5.82825,3.080096676142678e-09
5.8285,3.0787536053477072e-09
5.82875,3.0773977548204656e-09
5.829,3.0760238287211062e-09
5.82925,3.0746282859175512e-09
5.8295,3.073213616035157e-09
5.82975,3.0717864893950688e-09
5.83,3.0703387964210285e-09
5.83025,3.0688657170364384e-09
5.8305,3.0673716231047204e-09
5.83075,3.0658590727292777e-09
5.831,3.0643175959089042e-09
5.83125,3.0627374429757242e-09
5.8315,3.0611210016264118e-09
5.83175,3.0594670733249045e-09
5.832,3.0577612950030933e-09
5.83225,3.0559893785116552e-09
5.8325,3.054147355093072e-09
5.83275,3.0522342438900205e-09
5.833,3.0502329370157011e-09
5.83325,3.0481286419428264e-09
5.8335,3.0459164918250016e-09
5.83375,3.0435993373565223e-09
5.834,3.0411600463285178e-09
5.83425,3.0385839236715249e-09
5.8345,3.0358720397752101e-09
5.83475,3.0330296408327325e-09
5.835,3.0300430756897443e-09
5.83525,3.0269033730739767e-09
5.8355,3.0236162588331966e-09
5.83575,3.0201926003590072e-09
5.836,3.016624282953069e-09
5.83625,3.0129076045345509e-09
5.8365,3.0090523898670445e-09
5.83675,3.005075134281767e-09
5.837,3.0009734861493827e-09
5.83725,2.9967487378829075e-09
5.8375,2.9924169302929779e-09
5.83775,2.9880004870695906e-09
5.838,2.9835009039836259e-09
5.83825,2.9789226623488279e-09
5.8385,2.9742854505795846e-09
5.83875,2.9696122075056122e-09
5.839,2.9649022949509634e-09
5.83925,2.9601598298231071e-09
5.8395,2.9553986889964212e-09
5.83975,2.9506398188659818e-09
5.84,2.9458733772134705e-09
5.84025,2.9410927829780733e-09
5.8405,2.9363063757932756e-09
5.84075,2.9315301382026274e-09
5.841,2.9267453619606977e-09
5.84125,2.9219361666587115e-09
5.8415,2.917109707300433e-09
5.84175,2.912275607410056e-09
5.842,2.9074130017816123e-09
5.84225,2.902502514628466e-09
5.8425,2.8975477688253605e-09
5.84275,2.8925567052749142e-09
5.843,2.8875057118475048e-09
5.84325,2.8823686469353949e-09
5.8435,2.8771476780109439e-09
5.84375,2.8718570084323403e-09
5.844,2.8664616164524542e-09
5.84425,2.8609319387519349e-09
5.8445,2.8552738560865862e-09
5.84475,2.8495026315386635e-09
5.845,2.8435851935444995e-09
5.84525,2.8374914612594604e-09
5.8455,2.8312335135470266e-09
5.84575,2.8248315690450392e-09
5.846,2.8182596079071188e-09
5.84625,2.8115037302567105e-09
5.8465,2.804581074968272e-09
5.84675,2.7975192046734168e-09
5.847,2.7903016946874895e-09
5.84725,2.7829184237131142e-09
5.8475,2.7753961452013224e-09
5.84775,2.767762980262483e-09
5.848,2.7600073741534715e-09
5.84825,2.7521215151375808e-09
5.8485,2.744133108181762e-09
5.84875,2.7360699576901282e-09
5.849,2.7279190313593057e-09
5.84925,2.7196680270660517e-09
5.8495,2.711339084967954e-09
5.84975,2.7029624621298575e-09
5.85,2.6945171240155924e-09
5.85025,2.6859927436360977e-09
5.8505,2.6774073394915622e-09
5.85075,2.6687912435158381e-09
5.851,2.6601181471937062e-09
5.85125,2.6513751823397999e-09
5.8515,2.6425799695368548e-09
5.85175,2.6337602430960382e-09
5.852,2.6248934390982528e-09
5.85225,2.6159617289009646e-09
5.8525,2.6069797113908167e-09
5.85275,2.5979855744604072e-09
5.853,2.5889471532038746e-09
5.85325,2.5798532003578327e-09
5.8535,2.5707222778337238e-09
5.85375,2.5615860545350868e-09
5.854,2.5524230568201235e-09
5.85425,2.5432196084948782e-09
5.8545,2.5340012964387494e-09
5.85475,2.5248082199435251e-09
5.855,2.5156210073210488e-09
5.85525,2.5064258838947202e-09
5.8555,2.4972529610743465e-09
5.85575,2.488139817209656e-09
5.856,2.4790671470944323e-09
5.85625,2.4700242549502436e-09
5.8565,2.46103567194939e-09
5.85675,2.452135795830997e-09
5.857,2.443297247666083e-09
5.85725,2.4345047515819003e-09
5.8575,2.4257764488322943e-09
5.85775,2.4171370939021384e-09
5.858,2.4085606685504533e-09
5.85825,2.4000208450334029e-09
5.8585,2.39153847437727e-09
5.85875,2.3831384804768791e-09
5.859,2.3747920753655105e-09
5.85925,2.366472762925078e-09
5.8595,2.3582038073245983e-09
5.85975,2.3500147842049851e-09
5.86,2.341878046730624e-09
5.86025,2.333773470887319e-09
5.8605,2.3257261986194257e-09
5.86075,2.3177671352203238e-09
5.861,2.3098500015573377e-09
5.86125,2.3020069891046916e-09
5.8615,2.2942675755297366e-09
5.86175,2.2865908786451516e-09
5.862,2.2790053331534156e-09
5.86225,2.2715456886912093e-09
5.8625,2.2641648649589568e-09
5.86275,2.2568924703761361e-09
5.863,2.2497294193489209e-09
5.86325,2.2427049534934493e-09
5.8635,2.235807587554798e-09
5.86375,2.2290122490316873e-09
5.864,2.2223402947300572e-09
5.86425,2.2158172971132413e-09
5.8645,2.2094182194351865e-09
5.86475,2.2031309326942094e-09
5.865,2.1969718470068228e-09
5.86525,2.190961298008212e-09
5.8655,2.1850770670937775e-09
5.86575,2.1793036451240334e-09
5.866,2.1736554938755328e-09
5.86625,2.1681497569870355e-09
5.8665,2.1627471589379294e-09
5.86675,2.1574620097115681e-09
5.867,2.1522888841979898e-09
5.86725,2.1472427462288304e-09
5.8675,2.1422851979010095e-09
5.86775,2.1374270335379714e-09
5.868,2.1326584841011778e-09
5.86825,2.1279884922804376e-09
5.8685,2.1234001575864704e-09
5.86875,2.1188679204542739e-09
5.869,2.114400576749692e-09
5.86925,2.1100081028512461e-09
5.8695,2.1056653625116126e-09
5.86975,2.1013586944368976e-09
5.87,2.0970981568616728e-09
5.87025,2.0928972860652654e-09
5.8705,2.0887281737058498e-09
5.87075,2.0846072445159429e-09
5.871,2.0805353987267504e-09
5.87125,2.0765308536555931e-09
5.8715,2.0725758594256522e-09
5.87175,2.0686867280332635e-09
5.872,2.0648683195008636e-09
5.87225,2.0611379410302705e-09
5.8725,2.0574846211828345e-09
5.87275,2.0539232483834327e-09
5.873,2.0504588437411607e-09
5.87325,2.0471102184383948e-09
5.8735,2.0438648499625059e-09
5.87375,2.0407384604457663e-09
5.874,2.0377376110169403e-09
5.87425,2.0348693258122812e-09
5.8745,2.0321486911618455e-09
5.87475,2.0295636983476791e-09
5.875,2.027127897239424e-09
5.87525,2.0248447102376969e-09
5.8755,2.022724926510216e-09
5.87575,2.0207542669754888e-09
5.876,2.0189402067153762e-09
5.87625,2.0172800439034029e-09
5.8765,2.0157781406675751e-09
5.87675,2.0144157575445093e-09
5.877,2.0131940729279355e-09
5.87725,2.0121066789071526e-09
5.8775,2.0111523668329567e-09
5.87775,2.0103126158891261e-09
5.878,2.0095857724152196e-09
5.87825,2.0089630521407023e-09
5.8785,2.0084418460274559e-09
5.87875,2.0080034123863182e-09
5.879,2.007644711211133e-09
5.87925,2.0073559401683152e-09
5.8795,2.007128088973874e-09
5.87975,2.0069542522739539e-09
5.88,2.0068152381960578e-09
5.88025,2.0067037194460919e-09
5.8805,2.0066080021781619e-09
5.88075,2.0065183744361616e-09
5.881,2.0064271883545249e-09
5.88125,2.0063195270125602e-09
5.8815,2.0061912617215443e-09
5.88175,2.0060371701064613e-09
5.882,2.0058583581793702e-09
5.88225,2.0056497372999031e-09
5.8825,2.0054166938765892e-09
5.88275,2.0051653415794e-09
5.883,2.0049033242086353e-09
5.88325,2.0046366218970656e-09
5.8835,2.0043753737386755e-09
5.88375,2.0041296092727828e-09
5.884,2.0039077962107519e-09
5.88425,2.0037147840393364e-09
5.8845,2.0035555353763077e-09
5.88475,2.0034322659305385e-09
5.885,2.0033440940788529e-09
5.88525,2.0032884077846099e-09
5.8855,2.0032588111628727e-09
5.88575,2.0032490126143908e-09
5.886,2.0032521078515375e-09
5.88625,2.0032607429017942e-09
5.8865,2.0032671567435186e-09
5.88675,2.0032654925564962e-09
5.887,2.0032516330937706e-09
5.88725,2.0032228797508743e-09
5.8875,2.0031796372138677e-09
5.88775,2.0031236320162617e-09
5.888,2.0030584361556781e-09
5.88825,2.0029898473570147e-09
5.8885,2.0029235145365352e-09
5.88875,2.0028658846901356e-09
5.889,2.0028220727740633e-09
5.88925,2.0027986025067246e-09
5.8895,2.0027983918852114e-09
5.88975,2.0028233851318369e-09
5.89,2.0028740317780166e-09
5.89025,2.0029491422727527e-09
5.8905,2.0030455474151456e-09
5.89075,2.0031588421593799e-09
5.891,2.0032834363216487e-09
5.89125,2.003413106004777e-09
5.8915,2.0035416164652795e-09
5.89175,2.0036636931253272e-09
5.892,2.0037747996382138e-09
5.89225,2.0038726082081662e-09
5.8925,2.0039561585370831e-09
5.89275,2.0040277452332984e-09
5.893,2.004091554338848e-09
5.89325,2.0041546723190797e-09
5.8935,2.0042269237703241e-09
5.89375,2.0043191580700428e-09
5.894,2.0044436904669425e-09
5.89425,2.0046146857274858e-09
5.8945,2.0048456218490453e-09
5.89475,2.0051496824756619e-09
5.895,2.0055380078202009e-09
5.89525,2.0060198770372193e-09
5.8955,2.0066020842165063e-09
5.89575,2.007288138388617e-09
5.896,2.0080792861734562e-09
5.89625,2.0089741018593841e-09
5.8965,2.0099681712489366e-09
5.89675,2.0110546988617174e-09
5.897,2.0122256879438232e-09
5.89725,2.0134714850954823e-09
5.8975,2.0147821840788149e-09
5.89775,2.0161472205234969e-09
5.898,2.0175566748777485e-09
5.89825,2.0190005552909251e-09
5.8985,2.020470371180897e-09
5.89875,2.0219591012231508e-09
5.899,2.0234594600759654e-09
5.89925,2.0249661506403957e-09
5.8995,2.0264751951147486e-09
5.89975,2.0279825411934947e-09
5.9,2.0294868889772307e-09
5.90025,2.0309866932825415e-09
5.9005,2.0324808985380322e-09
5.90075,2.0339700614685872e-09
5.901,2.0354550419940034e-09
5.90125,2.0369375743876777e-09
5.9015,2.0384193802839949e-09
5.90175,2.0399030982133007e-09
5.902,2.0413911422736294e-09
5.90225,2.0428862611430499e-09
5.9025,2.0443916091504935e-09
5.90275,2.045910067028367e-09
5.903,2.0474434335427652e-09
5.90325,2.0489961930861327e-09
5.9035,2.0505709892533226e-09
5.90375,2.0521707022705733e-09
5.904,2.0537987724622509e-09
5.90425,2.0554582432919521e-09
5.9045,2.057153361311251e-09
5.90475,2.0588889547399089e-09
5.905,2.0606682941835533e-09
5.90525,2.0624972824540676e-09
5.9055,2.0643798681985192e-09
5.90575,2.0663225068888837e-09
5.906,2.0683295030326888e-09
5.90625,2.0704077636317047e-09
5.9065,2.0725604420824132e-09
5.90675,2.0747912460352824e-09
5.907,2.0771040747511107e-09
5.90725,2.0794998293046223e-09
5.9075,2.0819801357312407e-09
5.90775,2.0845419764364088e-09
5.908,2.0871823037629432e-09
5.90825,2.0898941880533483e-09
5.9085,2.0926697329346153e-09
5.90875,2.0954991333841085e-09
5.909,2.0983704802845238e-09
5.90925,2.1012727634024788e-09
5.9095,2.1041923102016812e-09
5.90975,2.1071174768202788e-09
5.91,2.110037905128311e-09
5.91025,2.1129447208578457e-09
5.9105,2.1158332228132367e-09
5.91075,2.1187000629590124e-09
5.911,2.1215463113202645e-09
5.91125,2.1243764810692262e-09
5.9115,2.1271989722712866e-09
5.91175,2.1300246900762963e-09
5.912,2.1328689523235607e-09
5.91225,2.135747981675874e-09
5.9125,2.1386810446212298e-09
5.91275,2.1416866753711891e-09
5.913,2.1447837846443342e-09
5.91325,2.1479913841252276e-09
5.9135,2.1513275997390972e-09
5.91375,2.154806436678954e-09
5.914,2.1584426073960244e-09
5.91425,2.1622454448353232e-09
5.9145,2.16622168950753e-09
5.91475,2.1703774909468409e-09
5.915,2.1747133095801652e-09
5.91525,2.179227056641659e-09
5.9155,2.1839122210778508e-09
5.91575,2.188765435615152e-09
5.916,2.193777841663371e-09
5.91625,2.1989396568175698e-09
5.9165,2.2042416305070719e-09
5.91675,2.2096755520597595e-09
5.917,2.2152321607829137e-09
5.91725,2.2209007808502095e-09
5.9175,2.2266738824624096e-09
5.91775,2.2325462743393765e-09
5.918,2.2385071721130151e-09
5.91825,2.2445544004689674e-09
5.9185,2.2506806730021029e-09
5.91875,2.2568762097117909e-09
5.919,2.2631380473949976e-09
5.91925,2.2694532054691417e-09
5.9195,2.2758136851075219e-09
5.91975,2.2822087029324253e-09
5.92,2.2886294010831173e-09
5.92025,2.2950621014115303e-09
5.9205,2.3014927195462259e-09
5.92075,2.3079149979168053e-09
5.921,2.3143169815355013e-09
5.92125,2.3206891932786951e-09
5.9215,2.3270257981102214e-09
5.92175,2.3333235140742418e-09
5.922,2.3395793763907724e-09
5.92225,2.345793841439519e-09
5.9225,2.3519702599374916e-09
5.92275,2.3581151212851801e-09
5.923,2.3642385009223085e-09
5.92325,2.3703492584090684e-09
5.9235,2.3764604314427617e-09
5.92375,2.3825892641987834e-09
5.924,2.3887478300452568e-09
5.92425,2.3949529329049056e-09
5.9245,2.4012208565373812e-09
5.92475,2.4075696638728058e-09
5.925,2.4140122421813945e-09
5.92525,2.4205589096814652e-09
5.9255,2.4272213910490859e-09
5.92575,2.4340082300286967e-09
5.926,2.4409225349646249e-09
5.92625,2.4479656404469706e-09
5.9265,2.4551341628437133e-09
5.92675,2.4624230390894596e-09
5.927,2.4698254387876025e-09
5.92725,2.4773323620678663e-09
5.9275,2.4849307934042089e-09
5.92775,2.4926091141844868e-09
5.928,2.5003557688365748e-09
5.92825,2.508156591583754e-09
5.9285,2.5159959066849862e-09
5.92875,2.5238668482272243e-09
5.929,2.5317574834185107e-09
5.92925,2.5396566882817327e-09
5.9295,2.5475596383453115e-09
5.92975,2.5554592991605237e-09
5.93,2.563354646348446e-09
5.93025,2.5712402545181986e-09
5.9305,2.5791120865135865e-09
5.93075,2.5869763413155422e-09
5.931,2.5948283711712292e-09
5.93125,2.6026724204360959e-09
5.9315,2.6105068925520333e-09
5.93175,2.6183344126870784e-09
5.932,2.6261582734052696e-09
5.93225,2.6339802295411005e-09
5.9325,2.6418005884906775e-09
5.93275,2.6496203297416341e-09
5.933,2.6574398978749406e-09
5.93325,2.6652618294022806e-09
5.9335,2.6730876274780474e-09
5.93375,2.6809194739069558e-09
5.934,2.6887613292125431e-09
5.93425,2.6966125713613179e-09
5.9345,2.7044789242880455e-09
5.93475,2.712358618882704e-09
5.935,2.7202521964865254e-09
5.93525,2.7281598978286097e-09
5.9355,2.7360790934633012e-09
5.93575,2.7440054361853096e-09
5.936,2.7519348290890448e-09
5.93625,2.7598606703633353e-09
5.9365,2.7677742500187377e-09
5.93675,2.7756709059838672e-09
5.937,2.7835413351336318e-09
5.93725,2.7913749750613296e-09
5.9375,2.7991363048895891e-09
5.93775,2.8068674831977274e-09
5.938,2.8145362089612538e-09
5.93825,2.822135338062079e-09
5.9385,2.8296339100939488e-09
5.93875,2.8370411939785784e-09
5.939,2.8443779714152075e-09
5.93925,2.8516147924085906e-09
5.9395,2.8587500867234624e-09
5.93975,2.865761410228388e-09
5.94,2.872655954076848e-09
5.94025,2.8794530474183236e-09
5.9405,2.8861359470356689e-09
5.94075,2.892705476296256e-09
5.941,2.8991461341522066e-09
5.94125,2.9054741768713915e-09
5.9415,2.9117117565954483e-09
5.94175,2.9178458033415621e-09
5.942,2.9238811169717506e-09
5.94225,2.9298044523350388e-09
5.9425,2.9356280322381918e-09
5.94275,2.9413783422889557e-09
5.943,2.9470397706429205e-09
5.94325,2.9526158611743217e-09
5.9435,2.9580870486276962e-09
5.94375,2.9634649705283414e-09
5.944,2.9687651587034401e-09
5.94425,2.9739740476786664e-09
5.9445,2.9790866578672189e-09
5.94475,2.9840876686746771e-09
5.945,2.9889798273087398e-09
5.94525,2.99377753460226e-09
5.9455,2.9984668996593771e-09
5.94575,3.0030425701653638e-09
5.946,3.0074882446180558e-09
5.94625,3.0118127768326346e-09
5.9465,3.016028537031916e-09
5.94675,3.0201230976275172e-09
5.947,3.0240957628366522e-09
5.94725,3.0279338422622749e-09
5.9475,3.0316494077805628e-09
5.94775,3.0352589691829357e-09
5.948,3.0387518264824527e-09
5.94825,3.0421340573320766e-09
5.9485,3.0454000069119016e-09
5.94875,3.0485613951534778e-09
5.949,3.0516325155112372e-09
5.94925,3.054608440968359e-09
5.9495,3.0574946496124876e-09
5.94975,3.0602846373131773e-09
5.95,3.0629884349081479e-09
5.95025,3.0656195694228884e-09
5.9505,3.0681714664896919e-09
5.95075,3.0706449775625638e-09
5.951,3.0730317619681204e-09
5.95125,3.0753462525416446e-09
5.9515,3.0775822562053852e-09
5.95175,3.0797399030806654e-09
5.952,3.0818187378962173e-09
5.95225,3.0838176567782313e-09
5.9525,3.0857355743235441e-09
5.95275,3.0875760216139951e-09
5.953,3.0893370288447056e-09
5.95325,3.0910201184311007e-09
5.9535,3.0926281747224165e-09
5.95375,3.0941604438943191e-09
5.954,3.0956190182193513e-09
5.95425,3.0970055634062689e-09
5.9545,3.0983217335465552e-09
5.95475,3.0995683153257594e-09
5.955,3.1007456160612807e-09
5.95525,3.101854507827502e-09
5.9555,3.1028932022350102e-09
5.95575,3.1038615010368896e-09
5.956,3.1047586362229499e-09
5.95625,3.1055824662161495e-09
5.9565,3.1063300604556903e-09
5.95675,3.1069996776454977e-09
5.957,3.1075859286698943e-09
5.95725,3.1080880998801643e-09
5.9575,3.1085029471552997e-09
5.95775,3.1088274821296777e-09
5.958,3.1090597767850871e-09
5.95825,3.1091989255487525e-09
5.9585,3.1092438538272719e-09
5.95875,3.1091935585940964e-09
5.959,3.1090466378567602e-09
5.95925,3.1088047787832017e-09
5.9595,3.1084691114845163e-09
5.95975,3.1080395772162855e-09
5.96,3.1075152281358762e-09
5.96025,3.1068992060221824e-09
5.9605,3.1061900651177729e-09
5.96075,3.1053882365705999e-09
5.961,3.1044964898617203e-09
5.96125,3.1035150858986664e-09
5.9615,3.1024462063262163e-09
5.96175,3.1012927855725662e-09
5.962,3.100061062066752e-09
5.96225,3.0987569190442673e-09
5.9625,3.0973888822653067e-09
5.96275,3.0959670539124017e-09
5.963,3.0945018451065279e-09
5.96325,3.0930062476450853e-09
5.9635,3.0914937749513138e-09
5.96375,3.0899775275348906e-09
5.964,3.0884718508781105e-09
5.96425,3.0869921066659567e-09
5.9645,3.0855506905634253e-09
5.96475,3.0841612599007752e-09
5.965,3.0828357168673417e-09
5.96525,3.0815862335234762e-09
5.9655,3.080422567511586e-09
5.96575,3.0793531863331357e-09
5.966,3.0783846299873011e-09
5.96625,3.0775211623020252e-09
5.9665,3.0767682891381745e-09
5.96675,3.0761276004874814e-09
5.967,3.0756001683862973e-09
5.96725,3.0751844549320775e-09
5.9675,3.0748769079216795e-09
5.96775,3.0746731287820892e-09
5.968,3.0745657899166195e-09
5.96825,3.0745469389412881e-09
5.9685,3.074607817887017e-09
5.96875,3.0747351146370049e-09
5.969,3.0749206224808539e-09
5.96925,3.0751504151807447e-09
5.9695,3.0754136072913586e-09
5.96975,3.0756999253460576e-09
5.97,3.075996671961287e-09
5.97025,3.0762919508246496e-09
5.9705,3.0765767991835512e-09
5.97075,3.0768409005847284e-09
5.971,3.0770750484515724e-09
5.97125,3.0772708183072915e-09
5.9715,3.0774208173321256e-09
5.97175,3.0775169515482557e-09
5.972,3.0775515635796459e-09
5.97225,3.077518019190068e-09
5.9725,3.0774100769636503e-09
5.97275,3.0772226196871313e-09
5.973,3.0769507824348094e-09
5.97325,3.0765921518892577e-09
5.9735,3.076145784904383e-09
5.97375,3.0756114390525003e-09
5.974,3.0749913047746345e-09
5.97425,3.0742898081614934e-09
5.9745,3.0735121770228656e-09
5.97475,3.072665853482273e-09
5.975,3.0717602215892227e-09
5.97525,3.0708046650361099e-09
5.9755,3.0698085191827317e-09
5.97575,3.0687833173555583e-09
5.976,3.0677398481808921e-09
5.97625,3.0666851940691415e-09
5.9765,3.0656279088526081e-09
5.97675,3.0645747323421124e-09
5.977,3.0635281208174455e-09
5.97725,3.0624895194300636e-09
5.9775,3.0614573470889788e-09
5.97775,3.0604283716823782e-09
5.978,3.0593971513940222e-09
5.97825,3.0583545725793119e-09
5.9785,3.0572922570438923e-09
5.97875,3.056198636597156e-09
5.979,3.0550651248431024e-09
5.97925,3.0538821773896508e-09
5.9795,3.0526406471938954e-09
5.97975,3.0513346956315015e-09
5.98,3.0499586432487446e-09
5.98025,3.0485075916369293e-09
5.9805,3.0469799007245256e-09
5.98075,3.0453753881564274e-09
5.981,3.0436956350037081e-09
5.98125,3.0419439670802076e-09
5.9815,3.0401232924463788e-09
5.98175,3.0382377759787529e-09
5.982,3.0362920816156606e-09
5.98225,3.0342906222091477e-09
5.9825,3.0322370051863295e-09
5.98275,3.0301344989107201e-09
5.983,3.0279848567714424e-09
5.98325,3.0257901598699582e-09
5.9835,3.0235491335759283e-09
5.98375,3.0212639419483844e-09
5.984,3.0189308090736914e-09
5.98425,3.0165503100975058e-09
5.9845,3.0141194817115058e-09
5.98475,3.0116371110693451e-09
5.985,3.0090999998239258e-09
5.98525,3.0065055542982203e-09
5.9855,3.0038518265782808e-09
5.98575,3.001137919158355e-09
5.986,2.9983618046541145e-09
5.98625,2.9955234650435242e-09
5.9865,2.9926210593158357e-09
5.98675,2.9896541437384504e-09
5.987,2.98662267114133e-09
5.98725,2.9835263351036667e-09
5.9875,2.9803647376248574e-09
5.98775,2.9771391095567006e-09
5.988,2.9738480422310653e-09
5.98825,2.9704911532679794e-09
5.9885,2.9670671467827456e-09
5.98875,2.9635756220855839e-09
5.989,2.960015271182655e-09
5.98925,2.9563855587106591e-09
5.9895,2.9526838374402577e-09
5.98975,2.9489111926900861e-09
5.99,2.9450664581852993e-09
5.99025,2.9411484081026492e-09
5.9905,2.9371578871504398e-09
5.99075,2.9330927923511307e-09
5.991,2.9289524596777591e-09
5.99125,2.9247374710273964e-09
5.9915,2.9204470184646293e-09
5.99175,2.9160783426049454e-09
5.992,2.9116319176730579e-09
5.99225,2.9071045665334617e-09
5.9925,2.9024920921482157e-09
5.99275,2.8977908316688732e-09
5.993,2.8929962496013034e-09
5.99325,2.8880999441239583e-09
5.9935,2.8830971163114719e-09
5.99375,2.8779807163839943e-09
5.994,2.8727620832098852e-09
5.99425,2.8673974694534288e-09
5.9945,2.8618961306275358e-09
5.99475,2.8562516159206448e-09
5.995,2.8504758016406066e-09
5.99525,2.8445341644989835e-09
5.9955,2.8384382748393039e-09
5.99575,2.8321870036851213e-09
5.996,2.8258044671217648e-09
5.99625,2.8192532490848991e-09
5.9965,2.8125609526620235e-09
5.99675,2.8057320602963818e-09
5.997,2.7987984285544884e-09
5.99725,2.791729874827062e-09
5.9975,2.784558797965932e-09
5.99775,2.7772975606819097e-09
5.998,2.7699818790462282e-09
5.99825,2.7625884151832508e-09
5.9985,2.7551488384573373e-09
5.99875,2.747681542039669e-09
5.999,2.7402020208446809e-09
5.99925,2.7327472939251352e-09
5.9995,2.7252897463719239e-09
5.99975,2.717861097522376e-09
6.0,2.7104721657666063e-09
6.00025,2.7031562520857579e-09
6.0005,2.6958753829469737e-09
6.00075,2.6886537400755927e-09
6.001,2.6814941832942088e-09
6.00125,2.6743971405940165e-09
6.0015,2.6673889235314321e-09
6.00175,2.660417162788645e-09
6.002,2.6534996225381656e-09
6.00225,2.6466289703822287e-09
6.0025,2.6398266874856831e-09
6.00275,2.6330395334898428e-09
6.003,2.626283983650777e-09
6.00325,2.6195506185545656e-09
6.0035,2.612835786098471e-09
6.00375,2.6061554002018439e-09
6.004,2.5994577697761958e-09
6.00425,2.5927608479221656e-09
6.0045,2.5860548526683458e-09
6.00475,2.5793572066711628e-09
6.005,2.572619473426858e-09
6.00525,2.5658541866943572e-09
6.0055,2.5590545631285946e-09
6.00575,2.5522409119051665e-09
6.006,2.5453637919963732e-09
6.00625,2.5384407230651637e-09
6.0065,2.5314650226240389e-09
6.00675,2.5244572780226215e-09
6.007,2.5173789245570447e-09
6.00725,2.5102498965023272e-09
6.0075,2.503070212352998e-09
6.00775,2.4958735556536958e-09
6.008,2.488616531389051e-09
6.00825,2.4813307521074382e-09
6.0085,2.4740192926161862e-09
6.00875,2.466716683565481e-09
6.009,2.4593853711471175e-09
6.00925,2.4520553291752662e-09
6.0095,2.444731499447848e-09
6.00975,2.43744321492193e-09
6.01,2.4301527108046104e-09
6.01025,2.422886476690673e-09
6.0105,2.4156469627626192e-09
6.01075,2.4084571024623174e-09
6.011,2.4012808757823417e-09
6.01125,2.3941366310028074e-09
6.0115,2.3870229878735372e-09
6.01175,2.3799639122080498e-09
6.012,2.3729143839059794e-09
6.01225,2.3658926800027193e-09
6.0125,2.3588946307051252e-09
6.01275,2.3519407796702227e-09
6.013,2.3449836473584097e-09
6.01325,2.3380419124983939e-09
6.0135,2.3311115418934351e-09
6.01375,2.3242116530455867e-09
6.014,2.3173012536577197e-09
6.01425,2.3104010333328993e-09
6.0145,2.3035090970099677e-09
6.01475,2.2966521752444809e-09
6.015,2.2897937656291126e-09
6.01525,2.2829599680292519e-09
6.0155,2.2761575715831011e-09
6.01575,2.2693959982378079e-09
6.016,2.2627051840221351e-09
6.01625,2.2560551223363943e-09
6.0165,2.2494722034558299e-09
6.01675,2.2429657871068492e-09
6.017,2.2365628461629466e-09
6.01725,2.2302323073380668e-09
6.0175,2.2239989568729687e-09
6.01775,2.2178674661308048e-09
6.018,2.211860101158236e-09
6.01825,2.205945160579032e-09
6.0185,2.2001408790466574e-09
6.01875,2.1944486143584099e-09
6.019,2.188885305849648e-09
6.01925,2.1834187161144531e-09
6.0195,2.1780633266900074e-09
6.01975,2.1728168427294251e-09
6.02,2.1676921239996523e-09
6.02025,2.1626565687256384e-09
6.0205,2.1577211237216224e-09
6.02075,2.1528808498031686e-09
6.021,2.1481489254273074e-09
6.02125,2.1434947321483032e-09
6.0215,2.1389301650134408e-09
6.02175,2.1344548067667821e-09
6.022,2.1300824005213096e-09
6.02225,2.1257901508929568e-09
6.0225,2.1215929273894096e-09
6.02275,2.1174935465697219e-09
6.023,2.1135109927582215e-09
6.02325,2.1096254624118071e-09
6.0235,2.1058510799550076e-09
6.02375,2.1021903546558112e-09
6.024,2.098658194953286e-09
6.02425,2.095233603489803e-09
6.0245,2.0919246945237295e-09
6.02475,2.0887287297144602e-09
6.025,2.085654646900452e-09
6.02525,2.0826745053987936e-09
6.0255,2.0797912660326015e-09
6.02575,2.0769971215356556e-09
6.026,2.0742960365152224e-09
6.02625,2.0716597912213193e-09
6.0265,2.0690895035909902e-09
6.02675,2.0665779480530074e-09
6.027,2.0641192852428467e-09
6.02725,2.0617186809824115e-09
6.0275,2.0593527084941212e-09
6.02775,2.0570285424140497e-09
6.028,2.0547444484237722e-09
6.02825,2.0525097572395322e-09
6.0285,2.0503105294708635e-09
6.02875,2.048157723598367e-09
6.029,2.0460558488958919e-09
6.02925,2.0440175908160318e-09
6.0295,2.042035573266868e-09
6.02975,2.0401234441450242e-09
6.03,2.0382877959904377e-09
6.03025,2.0365423230516894e-09
6.0305,2.0348801397984638e-09
6.03075,2.0333137476065188e-09
6.031,2.03184764859361e-09
6.03125,2.0304852986530297e-09
6.0315,2.0292335653316189e-09
6.03175,2.0280820772718128e-09
6.032,2.0270327510909261e-09
6.03225,2.0260821190900066e-09
6.0325,2.0252287723689143e-09
6.03275,2.0244542371904552e-09
6.033,2.0237536043328437e-09
6.03325,2.0231150998176849e-09
6.0335,2.0225269230077176e-09
6.03375,2.0219797979986518e-09
6.034,2.0214527562606405e-09
6.03425,2.0209380630153507e-09
6.0345,2.0204233846180833e-09
6.03475,2.0199025497803546e-09
6.035,2.0193615369093469e-09
6.03525,2.0187989121253037e-09
6.0355,2.018211921424834e-09
6.03575,2.0176002278525288e-09
6.036,2.0169677688171244e-09
6.03625,2.0163171082630097e-09
6.0365,2.0156559731069364e-09
6.03675,2.0149935389954065e-09
6.037,2.0143420414095392e-09
6.03725,2.0137115989554766e-09
6.0375,2.0131159073918101e-09
6.03775,2.012567948201938e-09
6.038,2.012081849092126e-09
6.03825,2.0116705068002833e-09
6.0385,2.0113465787412765e-09
6.03875,2.0111207654243039e-09
6.039,2.0110032326766261e-09
6.03925,2.0110035545882481e-09
6.0395,2.0111276487975176e-09
6.03975,2.0113796869494996e-09
6.04,2.0117624542084994e-09
6.04025,2.0122778741559628e-09
6.0405,2.0129241392683103e-09
6.04075,2.0136988840961464e-09
6.041,2.0145976992826253e-09
6.04125,2.0156157530868648e-09
6.0415,2.0167488928823852e-09
6.04175,2.0179906132811968e-09
6.042,2.0193329718791878e-09
6.04225,2.0207708886445677e-09
6.0425,2.0222955513138343e-09
6.04275,2.0239007563056436e-09
6.043,2.0255770969044807e-09
6.04325,2.0273150601716419e-09
6.0435,2.0291036110620793e-09
6.04375,2.0309321475217603e-09
6.044,2.0327837628392986e-09
6.04425,2.0346461053788389e-09
6.0445,2.0365037195233034e-09
6.04475,2.0383390410257045e-09
6.045,2.0401360727156757e-09
6.04525,2.0418796058669727e-09
6.0455,2.0435544443123121e-09
6.04575,2.0451482169803855e-09
6.046,2.0466471484781255e-09
6.04625,2.0480447140873236e-09
6.0465,2.0493326159193134e-09
6.04675,2.050506357090389e-09
6.047,2.0515617690811687e-09
6.04725,2.0525027805280904e-09
6.0475,2.0533294091853016e-09
6.04775,2.0540476023057271e-09
6.048,2.0546614155237032e-09
6.04825,2.0551853577411652e-09
6.0485,2.0556254891620166e-09
6.04875,2.0559953535490495e-09
6.049,2.0563047166114691e-09
6.04925,2.0565749937316857e-09
6.0495,2.0568183186983257e-09
6.04975,2.0570519481573388e-09
6.05,2.057288154209036e-09
6.05025,2.0575484565586771e-09
6.0505,2.0578467316461105e-09
6.05075,2.0581954061926078e-09
6.051,2.0586056078129687e-09
6.05125,2.0590861856011717e-09
6.0515,2.0596479968666156e-09
6.05175,2.060292244449219e-09
6.052,2.0610202492621028e-09
6.05225,2.0618277884424379e-09
6.0525,2.06271531611094e-09
6.05275,2.0636741287716262e-09
6.053,2.064695999463406e-09
6.05325,2.0657688210289739e-09
6.0535,2.0668878602393572e-09
6.05375,2.0680403484974483e-09
6.054,2.0692157728744708e-09
6.05425,2.0704036580426417e-09
6.0545,2.0715985455331152e-09
6.05475,2.072794214142208e-09
6.055,2.0739846734727923e-09
6.05525,2.0751630316160278e-09
6.0555,2.0763342588616799e-09
6.05575,2.0774941747506006e-09
6.056,2.0786436360899415e-09
6.05625,2.0797814022295612e-09
6.0565,2.0809162509170934e-09
6.05675,2.0820480400446092e-09
6.057,2.0831802227083982e-09
6.05725,2.0843136384927445e-09
6.0575,2.0854562154815371e-09
6.05775,2.0866174979086897e-09
6.058,2.0878007412924823e-09
6.05825,2.0890058073441573e-09
6.0585,2.0902455508998432e-09
6.05875,2.0915318912659636e-09
6.059,2.0928685258645716e-09
6.05925,2.0942566682632706e-09
6.0595,2.0957094831475858e-09
6.05975,2.0972384799790954e-09
6.06,2.0988459275954483e-09
6.06025,2.1005312583334389e-09
6.0605,2.1023072379097999e-09
6.06075,2.1041822291182923e-09
6.061,2.1061558817263643e-09
6.06125,2.1082229879551809e-09
6.0615,2.1103941826240495e-09
6.06175,2.112678197530758e-09
6.062,2.1150676085599267e-09
6.06225,2.1175558059731496e-09
6.0625,2.1201571935037575e-09
6.06275,2.1228626243336769e-09
6.063,2.125670890465939e-09
6.06325,2.1285702382446657e-09
6.0635,2.1315719108774744e-09
6.06375,2.134663600672995e-09
6.064,2.1378394777343187e-09
6.06425,2.141083874930108e-09
6.0645,2.144408882477865e-09
6.06475,2.1477994159046315e-09
6.065,2.1512510219114055e-09
6.06525,2.1547485673486387e-09
6.0655,2.1582954994579768e-09
6.06575,2.1618980989267687e-09
6.066,2.1655500801401432e-09
6.06625,2.1692426216377675e-09
6.0665,2.1729856038954046e-09
6.06675,2.1767879161998398e-09
6.067,2.1806464802234806e-09
6.06725,2.184553286455782e-09
6.0675,2.1885229312641283e-09
6.06775,2.1925698734129121e-09
6.068,2.1966906970521703e-09
6.06825,2.2008745572476245e-09
6.0685,2.2051508597906221e-09
6.06875,2.2095120636324965e-09
6.069,2.2139472901476963e-09
6.06925,2.218485693525107e-09
6.0695,2.2231189342432592e-09
6.06975,2.2278480006498303e-09
6.07,2.2326623486192717e-09
6.07025,2.2375707301260324e-09
6.0705,2.2425907230595911e-09
6.07075,2.2477084785466351e-09
6.071,2.2529071266651081e-09
6.07125,2.2582010271846115e-09
6.0715,2.263598367533564e-09
6.07175,2.2690857016415535e-09
6.072,2.2746418917384303e-09
6.07225,2.2802832626478469e-09
6.0725,2.2860163207788953e-09
6.07275,2.2918256610490896e-09
6.073,2.2976956017313646e-09
6.07325,2.3036397351802272e-09
6.0735,2.3096661644135837e-09
6.07375,2.31576724571458e-09
6.074,2.3219215865564116e-09
6.07425,2.3281523420748181e-09
6.0745,2.3344744580104885e-09
6.07475,2.3408782420406503e-09
6.075,2.3473494331880024e-09
6.07525,2.3539107450870927e-09
6.0755,2.3605782603251927e-09
6.07575,2.3673455260487868e-09
6.076,2.3741935142818642e-09
6.07625,2.3811451573396587e-09
6.0765,2.3882202642615081e-09
6.07675,2.3954007005870629e-09
6.077,2.4026664837561213e-09
6.07725,2.4100353380029623e-09
6.0775,2.4175164261624123e-09
6.07775,2.4250888376594049e-09
6.078,2.4327260750460551e-09
6.07825,2.4404407499987672e-09
6.0785,2.448234582090879e-09
6.07875,2.4560901878451703e-09
6.079,2.4639787907927664e-09
6.07925,2.4719135090439497e-09
6.0795,2.4798975020636205e-09
6.07975,2.4879102971763181e-09
6.08,2.4959304243820169e-09
6.08025,2.5039734335792227e-09
6.0805,2.5120473146506253e-09
6.08075,2.5201391441735429e-09
6.081,2.5282226778273296e-09
6.08125,2.5363154920556817e-09
6.0815,2.5444244606118016e-09
6.08175,2.5525378803927909e-09
6.082,2.5606282849734316e-09
6.08225,2.568712711343844e-09
6.0825,2.5767953715808322e-09
6.08275,2.5848608481771106e-09
6.083,2.5928817872137804e-09
6.08325,2.600873473913467e-09
6.0835,2.6088385042399187e-09
6.08375,2.6167577933555477e-09
6.084,2.6246062661041619e-09
6.08425,2.6323938408335019e-09
6.0845,2.6401224422791707e-09
6.08475,2.647775418219507e-09
6.085,2.6553216220094555e-09
6.08525,2.6627750898664823e-09
6.0855,2.6701382794263426e-09
6.08575,2.6773878543839366e-09
6.086,2.6844976855189321e-09
6.08625,2.6914775268187203e-09
6.0865,2.6983344054899889e-09
6.08675,2.7050526004977529e-09
6.087,2.7116117562169845e-09
6.08725,2.7180286148041448e-09
6.0875,2.7243246479885133e-09
6.08775,2.7304905570528392e-09
6.088,2.7365155544958584e-09
6.08825,2.7424349200317257e-09
6.0885,2.7482766165224857e-09
6.08875,2.7540410385398457e-09
6.089,2.7597239180144933e-09
6.08925,2.7653642770615903e-09
6.0895,2.7709932104258696e-09
6.08975,2.7766087858862747e-09
6.09,2.7822032124124456e-09
6.09025,2.7878067839995356e-09
6.0905,2.7934434523581899e-09
6.09075,2.7991020181134615e-09
6.091,2.8047638514045478e-09
6.09125,2.8104474962687408e-09
6.0915,2.8161653178865606e-09
6.09175,2.8218981173161288e-09
6.092,2.8276229054566883e-09
6.09225,2.8333508200038202e-09
6.0925,2.8390878972720358e-09
6.09275,2.8448193409177425e-09
6.093,2.8505151797410964e-09
6.09325,2.8562103470260013e-09
6.0935,2.8618826566880316e-09
6.09375,2.8675147285544729e-09
6.094,2.8731343508288111e-09
6.09425,2.8787274036122378e-09
6.0945,2.8842973778511283e-09
6.09475,2.8898279436017972e-09
6.095,2.8953302081550362e-09
6.09525,2.9008222557282814e-09
6.0955,2.9062923925398452e-09
6.09575,2.9117189845514202e-09
6.096,2.9171325909377842e-09
6.09625,2.9225095897657558e-09
6.0965,2.9278427657871603e-09
6.09675,2.933108586723831e-09
6.097,2.9383162623694061e-09
6.09725,2.9434429591419323e-09
6.0975,2.9484749946707249e-09
6.09775,2.9533864477027445e-09
6.098,2.9581659715790811e-09
6.09825,2.9628136180885535e-09
6.0985,2.9673088314863258e-09
6.09875,2.9716307294982245e-09
6.099,2.9757845798216755e-09
6.09925,2.9797710216787303e-09
6.0995,2.9835843985610642e-09
6.09975,2.9872106780021382e-09
6.1,2.9906806351226009e-09
6.10025,2.9939921289614604e-09
6.1005,2.9971543452699057e-09
6.10075,3.0001656001367704e-09
6.101,3.0030600735462675e-09
6.10125,3.0058408098447127e-09
6.1015,3.0085219330753487e-09
6.10175,3.0111046616294744e-09
6.102,3.0136185995001651e-09
6.10225,3.0160636385155724e-09
6.1025,3.018447790722318e-09
6.10275,3.0207689478831428e-09
6.103,3.0230493882933471e-09
6.10325,3.0252848661135689e-09
6.1035,3.0274777947874834e-09
6.10375,3.0296229585327943e-09
6.104,3.0317378091166928e-09
6.10425,3.0338164851424535e-09
6.1045,3.0358610056120939e-09
6.10475,3.0378666661844605e-09
6.105,3.0398485515385261e-09
6.10525,3.0418031937318033e-09
6.1055,3.0437322283684293e-09
6.10575,3.0456297375832802e-09
6.106,3.047507089493799e-09
6.10625,3.0493596251932019e-09
6.1065,3.0511828840641598e-09
6.10675,3.0529703186738994e-09
6.107,3.054727202277094e-09
6.10725,3.0564436825676146e-09
6.1075,3.0581141401353591e-09
6.10775,3.059730001640973e-09
6.108,3.0612928164277201e-09
6.10825,3.0627944786120873e-09
6.1085,3.0642319978416563e-09
6.10875,3.0656006725292558e-09
6.109,3.0668950863617872e-09
6.10925,3.0681240899077935e-09
6.1095,3.0692860118216817e-09
6.10975,3.0703832513829659e-09
6.11,3.0714164540023347e-09
6.11025,3.0723965587684516e-09
6.1105,3.0733258361362479e-09
6.11075,3.0742102704203141e-09
6.111,3.075054828511284e-09
6.11125,3.0758610383569263e-09
6.1115,3.0766393246072729e-09
6.11175,3.0773892336444638e-09
6.112,3.0781139364603184e-09
6.11225,3.0788159380143244e-09
6.1125,3.0794962843450858e-09
6.11275,3.0801565598107107e-09
6.113,3.080797064047509e-09
6.11325,3.0814188201867811e-09
6.1135,3.0820227296698735e-09
6.11375,3.0826098668109077e-09
6.114,3.0831804825569747e-09
6.11425,3.08373412629575e-09
6.1145,3.0842692973527908e-09
6.11475,3.0847848027177532e-09
6.115,3.0852783331902174e-09
6.11525,3.0857464401892824e-09
6.1155,3.0861860869705133e-09
6.11575,3.0865938873631165e-09
6.116,3.0869658389749601e-09
6.11625,3.0872990060081238e-09
6.1165,3.0875897124003266e-09
6.11675,3.0878360279840759e-09
6.117,3.0880360063391549e-09
6.11725,3.0881882075598242e-09
6.1175,3.0882911089747833e-09
6.11775,3.0883431930771471e-09
6.118,3.0883426864117049e-09
6.11825,3.0882865562925528e-09
6.1185,3.0881710400200568e-09
6.11875,3.0879913204841326e-09
6.119,3.0877408323624255e-09
6.11925,3.0874125872644065e-09
6.1195,3.0869987295204285e-09
6.11975,3.086491367615203e-09
6.12,3.0858823256697938e-09
6.12025,3.0851630926355852e-09
6.1205,3.0843281067039573e-09
6.12075,3.0833716031330801e-09
6.121,3.0822903857544326e-09
6.12125,3.0810825831623212e-09
6.1215,3.0797493663188264e-09
6.12175,3.0782936825839972e-09
6.122,3.0767220466806242e-09
6.12225,3.0750429417627409e-09
6.1225,3.0732677923274476e-09
6.12275,3.0714076860045788e-09
6.123,3.069478830457684e-09
6.12325,3.0674964564182806e-09
6.1235,3.0654787202825005e-09
6.12375,3.0634423330159023e-09
6.124,3.0614040406226916e-09
6.12425,3.0593814046580512e-09
6.1245,3.0573901995727496e-09
6.12475,3.0554432125342651e-09
6.125,3.0535517275896024e-09
6.12525,3.0517245788373704e-09
6.1255,3.0499669350067618e-09
6.12575,3.0482828503084761e-09
6.126,3.0466718397222978e-09
6.12625,3.0451323095839753e-09
6.1265,3.0436601075641893e-09
6.12675,3.0422501131581059e-09
6.127,3.0408966790040044e-09
6.12725,3.0395944354750931e-09
6.1275,3.0383372245556229e-09
6.12775,3.0371203477792352e-09
6.128,3.0359393358378415e-09
6.12825,3.0347914285517304e-09
6.1285,3.0336746308756187e-09
6.12875,3.0325873245299978e-09
6.129,3.0315284090550478e-09
6.12925,3.0304968560370917e-09
6.1295,3.0294911945948185e-09
6.12975,3.0285096407145554e-09
6.13,3.0275483748250838e-09
6.13025,3.0266028670117832e-09
6.1305,3.02566793290075e-09
6.13075,3.0247360939136109e-09
6.131,3.0237994725746081e-09
6.13125,3.0228488308403933e-09
6.1315,3.0218742132623159e-09
6.13175,3.0208659202864851e-09
6.132,3.0198141791138771e-09
6.13225,3.0187105463297599e-09
6.1325,3.0175473783197754e-09
6.13275,3.0163189338665852e-09
6.133,3.0150208092537539e-09
6.13325,3.0136495482341701e-09
6.1335,3.012205897830284e-09
6.13375,3.0106909183812394e-09
6.134,3.0091069754411421e-09
6.13425,3.0074593086467415e-09
6.1345,3.0057514458659328e-09
6.13475,3.0039899719933474e-09
6.135,3.0021799564446937e-09
6.13525,3.0003265680076833e-09
6.1355,2.9984338035398801e-09
6.13575,2.9965049445363344e-09
6.136,2.9945408791192876e-09
6.13625,2.9925406482926635e-09
6.1365,2.9905012892874543e-09
6.13675,2.988418682388251e-09
6.137,2.9862862444166124e-09
6.13725,2.9840951250693316e-09
6.1375,2.9818367254428761e-09
6.13775,2.9794998767106747e-09
6.138,2.9770747045479542e-09
6.13825,2.9745511271438096e-09
6.1385,2.971920437921531e-09
6.13875,2.9691746664354532e-09
6.139,2.9663089121692007e-09
6.13925,2.9633188494022533e-09
6.1395,2.9602041215302716e-09
6.13975,2.9569651726401866e-09
6.14,2.9536062319475505e-09
6.14025,2.9501315984379138e-09
6.1405,2.9465485428982486e-09
6.14075,2.9428653386219669e-09
6.141,2.9390908179175624e-09
6.14125,2.9352355460904918e-09
6.1415,2.9313095099818822e-09
6.14175,2.9273229029624215e-09
6.142,2.9232867016011044e-09
6.14225,2.9192094463955011e-09
6.1425,2.9151013987611316e-09
6.14275,2.9109709886113164e-09
6.143,2.9068240261704495e-09
6.14325,2.9026648343251609e-09
6.1435,2.898500381087031e-09
6.14375,2.8943301830387471e-09
6.144,2.8901546898611896e-09
6.14425,2.8859727037283373e-09
6.1445,2.8817775002259915e-09
6.14475,2.8775653436278148e-09
6.145,2.8733262108830876e-09
6.14525,2.869052300090523e-09
6.1455,2.8647335723666955e-09
6.14575,2.8603591597600256e-09
6.146,2.855918615474407e-09
6.14625,2.8514045681351372e-09
6.1465,2.8468080998186843e-09
6.14675,2.8421238305228369e-09
6.147,2.8373457882707165e-09
6.14725,2.8324699808811365e-09
6.1475,2.8274950033527132e-09
6.14775,2.8224198615816864e-09
6.148,2.8172454125930309e-09
6.14825,2.8119730806656933e-09
6.1485,2.8066069109700671e-09
6.14875,2.8011520127180593e-09
6.149,2.7956114330287776e-09
6.14925,2.7899894622507637e-09
6.1495,2.7842907743691192e-09
6.14975,2.7785199798596836e-09
6.15,2.772680853447881e-09
6.15025,2.7667766237091875e-09
6.1505,2.7608117759558037e-09
6.15075,2.7547879147557498e-09
6.151,2.7487093029278479e-09
6.15125,2.7425776630888014e-09
6.1515,2.7363913388576136e-09
6.15175,2.7301553882557536e-09
6.152,2.7238673431287149e-09
6.15225,2.7175268992067095e-09
6.1525,2.7111345073519305e-09
6.15275,2.7046893585060425e-09
6.153,2.6981899674556001e-09
6.15325,2.6916339452686619e-09
6.1535,2.6850217437850716e-09
6.15375,2.6783524106248536e-09
6.154,2.6716271592902e-09
6.15425,2.6648481031342615e-09
6.1545,2.658016053284179e-09
6.15475,2.6511365682485768e-09
6.155,2.6442142303094209e-09
6.15525,2.637252200219973e-09
6.1555,2.6302550562221523e-09
6.15575,2.6232314023601232e-09
6.156,2.6161833424422995e-09
6.15625,2.6091129905798153e-09
6.1565,2.6020268315877799e-09
6.15675,2.5949279291259265e-09
6.157,2.5878175237637226e-09
6.15725,2.5806895564578664e-09
6.1575,2.5735445605764777e-09
6.15775,2.5663781135301443e-09
6.158,2.5591819555004293e-09
6.15825,2.5519479051082888e-09
6.1585,2.5446663950031336e-09
6.15875,2.5373298260924817e-09
6.159,2.5299267845299193e-09
6.15925,2.5224496579381004e-09
6.1595,2.5148881654185668e-09
6.15975,2.507235924799465e-09
6.16,2.4994910695803312e-09
6.16025,2.4916537833454063e-09
6.1605,2.4837263868243716e-09
6.16075,2.4757139210255985e-09
6.161,2.4676244800333266e-09
6.16125,2.4594681924928577e-09
6.1615,2.4512595048400086e-09
6.16175,2.4430136294986984e-09
6.162,2.434746261767436e-09
6.16225,2.4264791570484343e-09
6.1625,2.4182298597661796e-09
6.16275,2.4100170203309519e-09
6.163,2.4018601189416682e-09
6.16325,2.3937813971191256e-09
6.1635,2.3857936949726239e-09
6.16375,2.3779139837701818e-09
6.164,2.3701559155218415e-09
6.16425,2.3625274499842357e-09
6.1645,2.3550377771197524e-09
6.16475,2.3476926856814604e-09
6.165,2.3404942306446629e-09
6.16525,2.33344693211933e-09
6.1655,2.3265479580261225e-09
6.16575,2.3197978663654577e-09
6.166,2.3131952977735929e-09
6.16625,2.3067377437189028e-09
6.1665,2.300423954822651e-09
6.16675,2.2942509770680019e-09
6.167,2.2882182721710854e-09
6.16725,2.2823242730593104e-09
6.1675,2.276567535530243e-09
6.16775,2.2709473418806456e-09
6.168,2.2654608665055971e-09
6.16825,2.2601062756802332e-09
6.1685,2.2548797804290001e-09
6.16875,2.2497750609757306e-09
6.169,2.2447841780161022e-09
6.16925,2.2398984067478396e-09
6.1695,2.2351087511298238e-09
6.16975,2.2304031017985668e-09
6.17,2.2257699098822091e-09
6.17025,2.2211961300329583e-09
6.1705,2.216669137721341e-09
6.17075,2.2121746817658503e-09
6.171,2.2076990748738891e-09
6.17125,2.2032315144964016e-09
6.1715,2.1987587968535906e-09
6.17175,2.1942707198183292e-09
6.172,2.1897578860028259e-09
6.17225,2.1852135737553769e-09
6.1725,2.1806308578697227e-09
6.17275,2.1760071928497529e-09
6.173,2.1713427877504611e-09
6.17325,2.1666374357331696e-09
6.1735,2.1618961351003928e-09
6.17375,2.1571280614898019e-09
6.174,2.1523429392253556e-09
6.17425,2.1475563043745038e-09
6.1745,2.1427826219819219e-09
6.17475,2.138040223540225e-09
6.175,2.1333475005786268e-09
6.17525,2.1287250395253764e-09
6.1755,2.1241913845522957e-09
6.17575,2.1197661506121426e-09
6.176,2.1154643847088118e-09
6.17625,2.1113002872070935e-09
6.1765,2.1072863041014962e-09
6.17675,2.1034294832670398e-09
6.177,2.0997337587570122e-09
6.17725,2.0962019373303778e-09
6.1775,2.0928317872698681e-09
6.17775,2.0896195474508125e-09
6.178,2.0865562845932366e-09
6.17825,2.0836341536097548e-09
6.1785,2.080841504005147e-09
6.17875,2.0781666980888677e-09
6.179,2.07559754742564e-09
6.17925,2.0731226525510378e-09
6.1795,2.0707299587836203e-09
6.17975,2.0684096362264644e-09
6.18,2.0661531009434376e-09
6.18025,2.0639516724278039e-09
6.1805,2.0617994794456978e-09
6.18075,2.0596926048404773e-09
6.181,2.0576265674035808e-09
6.18125,2.0555989943480526e-09
6.1815,2.053609504740554e-09
6.18175,2.0516583371955661e-09
6.182,2.0497472144245639e-09
6.18225,2.0478781747485036e-09
6.1825,2.0460531828287171e-09
6.18275,2.0442760199354641e-09
6.183,2.0425490010091523e-09
6.18325,2.0408752859300927e-09
6.1835,2.0392583419654757e-09
6.18375,2.037701518178192e-09
6.184,2.0362060209248247e-09
6.18425,2.0347743121306832e-09
6.1845,2.0334065355367843e-09
6.18475,2.0321032305160107e-09
6.185,2.0308635305639519e-09
6.18525,2.0296877716647531e-09
6.1855,2.0285759805884343e-09
6.18575,2.027525794761046e-09
6.186,2.0265370346445609e-09
6.18625,2.0256092727370611e-09
6.1865,2.0247440023618726e-09
6.18675,2.0239413336328592e-09
6.187,2.0232014737171809e-09
6.18725,2.0225260182551565e-09
6.1875,2.0219165521052298e-09
6.18775,2.0213737712547876e-09
6.188,2.0208970203166318e-09
6.18825,2.0204865828967377e-09
6.1885,2.0201394339555733e-09
6.18875,2.0198546868733551e-09
6.189,2.0196279970368064e-09
6.18925,2.0194547346390422e-09
6.1895,2.0193300415635762e-09
6.18975,2.0192470090953553e-09
6.19,2.0191997342324723e-09
6.19025,2.0191813754168904e-09
6.1905,2.0191854813680385e-09
6.19075,2.0192066378515353e-09
6.191,2.019237001380045e-09
6.19125,2.0192717554232818e-09
6.1915,2.0193057088636005e-09
6.19175,2.019334835362933e-09
6.192,2.0193552074333751e-09
6.19225,2.0193646907129051e-09
6.1925,2.0193608358083201e-09
6.19275,2.0193442089910648e-09
6.193,2.0193142679357719e-09
6.19325,2.0192740397495835e-09
6.1935,2.0192267936111916e-09
6.19375,2.0191741664284797e-09
6.194,2.0191217536534199e-09
6.19425,2.0190745167941337e-09
6.1945,2.0190366716292595e-09
6.19475,2.0190109067153801e-09
6.195,2.0190028834485033e-09
6.19525,2.0190125562231317e-09
6.1955,2.0190425120868236e-09
6.19575,2.0190946193351592e-09
6.196,2.0191671942058634e-09
6.19625,2.0192600271860716e-09
6.1965,2.0193699398150531e-09
6.19675,2.0194938497966873e-09
6.197,2.0196296332885899e-09
6.19725,2.0197753793519626e-09
6.1975,2.0199278504335719e-09
6.19775,2.0200872164331548e-09
6.198,2.0202527419426193e-09
6.19825,2.0204245740848828e-09
6.1985,2.0206034569782293e-09
6.19875,2.0207929394805185e-09
6.199,2.0209968109043024e-09
6.19925,2.0212201622007559e-09
6.1995,2.0214683898659919e-09
6.19975,2.0217482615908831e-09
6.2,2.0220661992806402e-09
6.20025,2.0224297024899629e-09
6.2005,2.0228473583134037e-09
6.20075,2.0233272229917058e-09
6.201,2.0238756619467724e-09
6.20125,2.0245005658381756e-09
6.2015,2.0252078750645329e-09
6.20175,2.0260036038035602e-09
6.202,2.0268930777795845e-09
6.20225,2.0278776679718334e-09
6.2025,2.0289609165047458e-09
6.20275,2.0301431863455092e-09
6.203,2.0314232737289913e-09
6.20325,2.0328000193893851e-09
6.2035,2.0342725168224625e-09
6.20375,2.0358367852863984e-09
6.204,2.0374891810869718e-09
6.20425,2.0392257104516091e-09
6.2045,2.0410411772927893e-09
6.20475,2.0429319371320768e-09
6.205,2.0448930758131968e-09
6.20525,2.0469193601854041e-09
6.2055,2.0490072982140704e-09
6.20575,2.0511505935779919e-09
6.206,2.0533435475292828e-09
6.20625,2.0555818923198454e-09
6.2065,2.057860878461389e-09
6.20675,2.0601751352901515e-09
6.207,2.0625208974383527e-09
6.20725,2.0648907267064539e-09
6.2075,2.0672785168245355e-09
6.20775,2.0696826970164979e-09
6.208,2.0720986065884376e-09
6.20825,2.074521931615909e-09
6.2085,2.0769486442554059e-09
6.20875,2.0793763013589324e-09
6.209,2.0818022993141315e-09
6.20925,2.0842253270065781e-09
6.2095,2.0866415779258791e-09
6.20975,2.0890508307049325e-09
6.21,2.0914510068165578e-09
6.21025,2.0938396130152603e-09
6.2105,2.0962158284088811e-09
6.21075,2.0985818824281292e-09
6.211,2.1009352164860819e-09
6.21125,2.1032792484896356e-09
6.2115,2.10561496816126e-09
6.21175,2.1079453034280553e-09
6.212,2.1102741471769468e-09
6.21225,2.1126053925381079e-09
6.2125,2.114942187572398e-09
6.21275,2.1172907657288651e-09
6.213,2.1196550793790637e-09
6.21325,2.1220390493047149e-09
6.2135,2.1244475135760034e-09
6.21375,2.1268848873652582e-09
6.214,2.1293558849200087e-09
6.21425,2.1318635328762397e-09
6.2145,2.134408443205458e-09
6.21475,2.1369971764697327e-09
6.215,2.1396304139302374e-09
6.21525,2.1423122247688834e-09
6.2155,2.1450465689083077e-09
6.21575,2.1478380212309198e-09
6.216,2.1506909643525655e-09
6.21625,2.1536122986587215e-09
6.2165,2.1566085913751466e-09
6.21675,2.1596881766077854e-09
6.217,2.162855284559215e-09
6.21725,2.1661162681270026e-09
6.2175,2.1694786563364498e-09
6.21775,2.1729467474658394e-09
6.218,2.176523625625663e-09
6.21825,2.1802152480681266e-09
6.2185,2.1840229915852395e-09
6.21875,2.187945172103899e-09
6.219,2.1919847843031366e-09
6.21925,2.1961421521184862e-09
6.2195,2.2004136195905868e-09
6.21975,2.2047977494110885e-09
6.22,2.2092902001153222e-09
6.22025,2.2138882635999167e-09
6.2205,2.2185866573401233e-09
6.22075,2.2233813984625474e-09
6.221,2.2282666713730735e-09
6.22125,2.2332326942887937e-09
6.2215,2.2382772225579546e-09
6.22175,2.2433905351696093e-09
6.222,2.2485669143348333e-09
6.22225,2.2538025761987826e-09
6.2225,2.2590872280534841e-09
6.22275,2.2644193722108509e-09
6.223,2.2697917382429106e-09
6.22325,2.275199646415369e-09
6.2235,2.2806417363313427e-09
6.22375,2.2861158178893527e-09
6.224,2.2916197498489729e-09
6.22425,2.2971524572260956e-09
6.2245,2.3027142846098513e-09
6.22475,2.3083050197727842e-09
6.225,2.3139276032652129e-09
6.22525,2.3195830234496916e-09
6.2255,2.3252758754744993e-09
6.22575,2.3310062437793452e-09
6.226,2.3367765023493621e-09
6.22625,2.3425847089940877e-09
6.2265,2.3484322962191082e-09
6.22675,2.3543180677399627e-09
6.227,2.3602406710485205e-09
6.22725,2.3661949634986111e-09
6.2275,2.3721783847709885e-09
6.22775,2.3781878336481913e-09
6.228,2.3842191868876558e-09
6.22825,2.3902672026634374e-09
6.2285,2.3963281641869461e-09
6.22875,2.4024030858070072e-09
6.229,2.40849016867334e-09
6.22925,2.4145904518093515e-09
6.2295,2.4207042736188675e-09
6.22975,2.4268365047560643e-09
6.23,2.4329877373048145e-09
6.23025,2.4391657410430016e-09
6.2305,2.4453761560433051e-09
6.23075,2.4516247863241147e-09
6.231,2.4579152276708672e-09
6.23125,2.4642545649929739e-09
6.2315,2.4706481443390544e-09
6.23175,2.4770994784169953e-09
6.232,2.4836121985974918e-09
6.23225,2.490190358781338e-09
6.2325,2.4968289838878874e-09
6.23275,2.5035309981083825e-09
6.233,2.5102956989904424e-09
6.23325,2.5171187910987662e-09
6.2335,2.5239972064918143e-09
6.23375,2.5309259565271747e-09
6.234,2.5379044457400851e-09
6.23425,2.5449297359338546e-09
6.2345,2.5519995160415696e-09
6.23475,2.5591131559963973e-09
6.235,2.5662715416931389e-09
6.23525,2.5734718559469422e-09
6.2355,2.5807167828449565e-09
6.23575,2.5880056857130667e-09
6.236,2.5953395504972031e-09
6.23625,2.60272119791277e-09
6.2365,2.610149459796046e-09
6.23675,2.6176223853009573e-09
6.237,2.6251367084925121e-09
6.23725,2.6326907617428183e-09
6.2375,2.6402818465663407e-09
6.23775,2.6479054125297617e-09
6.238,2.6555559228465836e-09
6.23825,2.6632276170185597e-09
6.2385,2.6709157680840943e-09
6.23875,2.6786102594366239e-09
6.239,2.6863019092742344e-09
6.23925,2.6939861397639316e-09
6.2395,2.7016528871497411e-09
6.23975,2.7092967920332382e-09
6.24,2.716906862842346e-09
6.24025,2.724479360735664e-09
6.2405,2.7320038886647909e-09
6.24075,2.7394759128934645e-09
6.241,2.746890645187225e-09
6.24125,2.754245544922264e-09
6.2415,2.7615336800636122e-09
6.24175,2.7687556238763671e-09
6.242,2.7759077420377123e-09
6.24225,2.7829913601996355e-09
6.2425,2.7900034539890784e-09
6.24275,2.7969445144612362e-09
6.243,2.803815119366728e-09
6.24325,2.8106155309309253e-09
6.2435,2.8173429182575874e-09
6.24375,2.8239965069619539e-09
6.244,2.8305747627028166e-09
6.24425,2.8370765565553026e-09
6.2445,2.8434971313100549e-09
6.24475,2.8498336747578919e-09
6.245,2.8560814523341709e-09
6.24525,2.862233092523208e-09
6.2455,2.8682853913529612e-09
6.24575,2.8742286032423208e-09
6.246,2.8800562384092389e-09
6.24625,2.8857612708618459e-09
6.2465,2.891336132937763e-09
6.24675,2.8967770303206431e-09
6.247,2.9020776712259616e-09
6.24725,2.9072342356484695e-09
6.2475,2.912245014261953e-09
6.24775,2.9171115939461899e-09
6.248,2.9218356471259446e-09
6.24825,2.9264220156605202e-09
6.2485,2.9308751931471608e-09
6.24875,2.9352043922720694e-09
6.249,2.9394175749828164e-09
6.24925,2.9435243800644008e-09
6.2495,2.947533884218581e-09
6.24975,2.9514548287843675e-09
6.25,2.9552953273756338e-09
6.25025,2.9590628345279287e-09
6.2505,2.9627626946841604e-09
6.25075,2.9664012171146882e-09
6.251,2.9699816956832035e-09
6.25125,2.973507169347364e-09
6.2515,2.9769812796274793e-09
6.25175,2.9804051867029122e-09
6.252,2.9837787167721525e-09
6.25225,2.9871034346382659e-09
6.2525,2.990379688840054e-09
6.25275,2.9936069689815334e-09
6.253,2.9967846080949076e-09
6.25325,2.9999139097600284e-09
6.2535,3.002992836439076e-09
6.25375,3.0060206353818075e-09
6.254,3.0089979486712138e-09
6.25425,3.0119219259184884e-09
6.2545,3.0147924596526204e-09
6.25475,3.0176082652417902e-09
6.255,3.0203691173055309e-09
6.25525,3.0230750688227214e-09
6.2555,3.0257268343627691e-09
6.25575,3.0283242290521414e-09
6.256,3.030870258347915e-09
6.25625,3.033366042027825e-09
6.2565,3.0358148163619232e-09
6.25675,3.038217780319113e-09
6.257,3.0405764671490625e-09
6.25725,3.0428937473941929e-09
6.2575,3.0451699336832471e-09
6.25775,3.0474059428200287e-09
6.258,3.0496014515978573e-09
6.25825,3.0517549615240225e-09
6.2585,3.0538644710699084e-09
6.25875,3.0559270580600819e-09
6.259,3.0579395401830053e-09
6.25925,3.0598973939366761e-09
6.2595,3.0617964524897008e-09
6.25975,3.0636319098634719e-09
6.26,3.0654000321741104e-09
6.26025,3.067096366147724e-09
6.2605,3.0687169473258293e-09
6.26075,3.0702578557614543e-09
6.261,3.0717157614627684e-09
6.26125,3.0730879383402506e-09
6.2615,3.0743706063646831e-09
6.26175,3.0755609952402505e-09
6.262,3.0766566399600314e-09
6.26225,3.0776546908039104e-09
6.2625,3.0785530892312843e-09
6.26275,3.0793499263221838e-09
6.263,3.0800436046456961e-09
6.26325,3.0806335304588943e-09
6.2635,3.0811199309772147e-09
6.26375,3.0815036256731564e-09
6.264,3.0817857958087605e-09
6.26425,3.0819689965936801e-09
6.2645,3.0820562235166055e-09
6.26475,3.082051058512792e-09
6.265,3.0819578069951898e-09
6.26525,3.0817809146506867e-09
6.2655,3.0815251444992215e-09
6.26575,3.0811956190553477e-09
6.266,3.0807977509031312e-09
6.26625,3.0803374656828292e-09
6.2665,3.0798205182192469e-09
6.26675,3.0792538332328299e-09
6.267,3.0786448173797706e-09
6.26725,3.0780017864802272e-09
6.2675,3.0773336582076927e-09
6.26775,3.0766493248490928e-09
6.268,3.0759585211692105e-09
6.26825,3.0752707561654661e-09
6.2685,3.0745951907283135e-09
6.26875,3.0739399490496338e-09
6.269,3.0733122044653309e-09
6.26925,3.0727170225963422e-09
6.2695,3.0721578518291548e-09
6.26975,3.0716357140274023e-09
6.27,3.0711500276242447e-09
6.27025,3.0706978930368489e-09
6.2705,3.0702750690804349e-09
6.27075,3.0698760492144288e-09
6.271,3.0694940957230266e-09
6.27125,3.0691225395466943e-09
6.2715,3.0687537277861835e-09
6.27175,3.0683810032032549e-09
6.272,3.0679973692261934e-09
6.27225,3.0675970080820876e-09
6.2725,3.0671749073749204e-09
6.27275,3.066725979111786e-09
6.273,3.0662470231975057e-09
6.27325,3.0657352238131848e-09
6.2735,3.0651884997804404e-09
6.27375,3.0646060868709333e-09
6.274,3.0639874127735773e-09
6.27425,3.0633328496770167e-09
6.2745,3.0626434463784291e-09
6.27475,3.0619213690295019e-09
6.275,3.0611688161408842e-09
6.27525,3.060389523230426e-09
6.2755,3.0595871270421668e-09
6.27575,3.0587651067300853e-09
6.276,3.0579272724747743e-09
6.27625,3.0570766885878806e-09
6.2765,3.0562170277987882e-09
6.27675,3.0553508992953564e-09
6.277,3.0544801147608763e-09
6.27725,3.0536057408930571e-09
6.2775,3.0527286761618215e-09
6.27775,3.051848054571341e-09
6.278,3.0509627938072888e-09
6.27825,3.0500717976952338e-09
6.2785,3.0491725540154351e-09
6.27875,3.0482635252438713e-09
6.279,3.0473419617668929e-09
6.27925,3.0464053562240512e-09
6.2795,3.0454522637585919e-09
6.27975,3.044481509288619e-09
6.28,3.0434906668451192e-09
6.28025,3.0424799712742491e-09
6.2805,3.0414488866599356e-09
6.28075,3.0403970144936373e-09
6.281,3.0393230392346492e-09
6.28125,3.0382270760604874e-09
6.2815,3.0371070559342909e-09
6.28175,3.0359602254833456e-09
6.282,3.0347843895602307e-09
6.28225,3.033574899762984e-09
6.2825,3.032325897117728e-09
6.28275,3.0310309200258419e-09
6.283,3.0296822231243073e-09
6.28325,3.0282709969986391e-09
6.2835,3.0267885256655474e-09
6.28375,3.0252253480177813e-09
6.284,3.023572038934462e-09
6.28425,3.0218199554999737e-09
6.2845,3.019961429161104e-09
6.28475,3.0179911592912034e-09
6.285,3.0159025623762109e-09
6.28525,3.0136914741816498e-09
6.2855,3.0113566855305237e-09
6.28575,3.0088971939262263e-09
6.286,3.0063135803176253e-09
6.28625,3.00360833394276e-09
6.2865,3.0007867280311108e-09
6.28675,2.997854358437103e-09
6.287,2.9948187595138317e-09
6.28725,2.991688940902796e-09
6.2875,2.9884748234783434e-09
6.28775,2.985187440167736e-09
6.288,2.9818388246895783e-09
6.28825,2.9784401951491391e-09
6.2885,2.9750020010723106e-09
6.28875,2.9715368031569006e-09
6.289,2.9680525247925252e-09
6.28925,2.9645579861914846e-09
6.2895,2.961061177125688e-09
6.28975,2.957566372885033e-09
6.29,2.9540781545387148e-09
6.29025,2.950597322493008e-09
6.2905,2.9471265811433336e-09
6.29075,2.9436653030170269e-09
6.291,2.940214791753547e-09
6.29125,2.936775262984027e-09
6.2915,2.9333463904509469e-09
6.29175,2.9299275834663004e-09
6.292,2.9265187357256204e-09
6.29225,2.9231181499538644e-09
6.2925,2.9197265404348378e-09
6.29275,2.9163421498295662e-09
6.293,2.9129617053294643e-09
6.29325,2.9095816143419659e-09
6.2935,2.9061993472929724e-09
6.29375,2.9028101574509587e-09
6.294,2.8994086384897475e-09
6.29425,2.8959910838869836e-09
6.2945,2.8925505764036954e-09
6.29475,2.8890818916769243e-09
6.295,2.8855792846111485e-09
6.29525,2.8820369705655951e-09
6.2955,2.8784487586152099e-09
6.29575,2.8748081528182591e-09
6.296,2.8711106073566716e-09
6.29625,2.867347296259117e-09
6.2965,2.8635083304459318e-09
6.29675,2.8595882161751317e-09
6.297,2.8555725662864603e-09
6.29725,2.8514518460432811e-09
6.2975,2.8472140239894589e-09
6.29775,2.8428485904488957e-09
6.298,2.8383407711203701e-09
6.29825,2.8336798846536221e-09
6.2985,2.8288539176753788e-09
6.29875,2.8238553230601613e-09
6.299,2.8186800212681098e-09
6.29925,2.8133254180650038e-09
6.2995,2.8077915139303865e-09
6.29975,2.8020826933025762e-09
6.3,2.7962068138521647e-09
6.30025,2.7901775203842362e-09
6.3005,2.7840060943253274e-09
6.30075,2.7777108414346479e-09
6.301,2.7713092747241173e-09
6.30125,2.7648189774252572e-09
6.3015,2.7582605662710506e-09
6.30175,2.7516519526261077e-09
6.302,2.7450105041702509e-09
6.30225,2.7383522123025986e-09
6.3025,2.7316902140794629e-09
6.30275,2.7250351062485588e-09
6.303,2.7183953115177714e-09
6.30325,2.711776295101048e-09
6.3035,2.7051804766959358e-09
6.30375,2.6986100459265934e-09
6.304,2.6920601647922314e-09
6.30425,2.6855257110633622e-09
6.3045,2.6790033137250578e-09
6.30475,2.6724833989294249e-09
6.305,2.6659569280428703e-09
6.30525,2.6594146711130902e-09
6.3055,2.6528472834625204e-09
6.30575,2.6462440970704152e-09
6.306,2.6395965951305747e-09
6.30625,2.6329000629822774e-09
6.3065,2.6261453914372528e-09
6.30675,2.6193337700105663e-09
6.307,2.6124623921460593e-09
6.30725,2.6055328931340976e-09
6.3075,2.5985515037992422e-09
6.30775,2.5915243495472786e-09
6.308,2.5844614128446186e-09
6.30825,2.5773697978396715e-09
6.3085,2.5702636305159779e-09
6.30875,2.5631505348170047e-09
6.309,2.5560415053716694e-09
6.30925,2.5489655068330908e-09
6.3095,2.541894748315929e-09
6.30975,2.5348483440401026e-09
6.31,2.527833323804687e-09
6.31025,2.520866558582694e-09
6.3105,2.5139377249738369e-09
6.31075,2.5070317110470259e-09
6.311,2.5001557994686999e-09
6.31125,2.493326279947896e-09
6.3115,2.4865211129983895e-09
6.31175,2.4797266203921956e-09
6.312,2.4729482593461434e-09
6.31225,2.4662051387591589e-09
6.3125,2.4594767267711923e-09
6.31275,2.4527458072462086e-09
6.313,2.4460264194722069e-09
6.31325,2.4393360722249509e-09
6.3135,2.4326554834609484e-09
6.31375,2.4259685658230482e-09
6.314,2.4192918713079695e-09
6.31425,2.41264864974584e-09
6.3145,2.4059993924690673e-09
6.31475,2.3993667909930147e-09
6.315,2.3927715168686656e-09
6.31525,2.3861787434732209e-09
6.3155,2.3796099081316013e-09
6.31575,2.3730627974754408e-09
6.316,2.3665539313832199e-09
6.31625,2.3600725871301683e-09
6.3165,2.3535946928705958e-09
6.31675,2.3471333929727969e-09
6.317,2.340704407057374e-09
6.31725,2.3342839586577785e-09
6.3175,2.3278573927652847e-09
6.31775,2.3214349263461705e-09
6.318,2.3150325219666431e-09
6.31825,2.3086332530386802e-09
6.3185,2.3022203994524909e-09
6.31875,2.2958153370374993e-09
6.319,2.2894407723334544e-09
6.31925,2.2830614115097581e-09
6.3195,2.2767058147310246e-09
6.31975,2.2703803541810352e-09
6.32,2.2641076036506533e-09
6.32025,2.257863756715153e-09
6.3205,2.2516728446931086e-09
6.32075,2.245536796386217e-09
6.321,2.2394802203094408e-09
6.32125,2.2334713451864046e-09
6.3215,2.2275290515980486e-09
6.32175,2.2216534957920755e-09
6.322,2.2158562047492718e-09
6.32225,2.210128426700022e-09
6.3225,2.2044474989915173e-09
6.32275,2.198822306008874e-09
6.323,2.1932665781157151e-09
6.32325,2.1877552099763011e-09
6.3235,2.1822726112203751e-09
6.32375,2.1768247128155835e-09
6.324,2.1714233660568654e-09
6.32425,2.1660503193811057e-09
6.3245,2.1606963783978605e-09
6.32475,2.1553695168420144e-09
6.325,2.1500882665543625e-09
6.32525,2.1448410625934246e-09
6.3255,2.1396252940416155e-09
6.32575,2.1344602324168734e-09
6.326,2.1293681905712382e-09
6.32625,2.1243463071388392e-09
6.3265,2.1193981281533951e-09
6.32675,2.1145449916529783e-09
6.327,2.1098139120492957e-09
6.32725,2.1051935517779024e-09
6.3275,2.1007074498713563e-09
6.32775,2.0963677679795366e-09
6.328,2.0921947485714424e-09
6.32825,2.0881757570466272e-09
6.3285,2.0843259108805571e-09
6.32875,2.0806478647173711e-09
6.329,2.0771535709751123e-09
6.32925,2.0738210194422865e-09
6.3295,2.0706554137469023e-09
6.32975,2.0676505354262582e-09
6.33,2.0648095521642059e-09
6.33025,2.06210538343533e-09
6.3305,2.0595368439352908e-09
6.33075,2.0570937129760438e-09
6.331,2.0547733419044981e-09
6.33125,2.0525600881376727e-09
6.3315,2.0504372844267796e-09
6.33175,2.0484011695515127e-09
6.332,2.0464552737967555e-09
6.33225,2.0445821840710167e-09
6.3325,2.0427728110999772e-09
6.33275,2.0410281274689821e-09
6.333,2.0393532411883347e-09
6.33325,2.0377377036273608e-09
6.3335,2.0361752711117664e-09
6.33375,2.0346716479551203e-09
6.334,2.0332333870848476e-09
6.33425,2.0318469042601282e-09
6.3345,2.0305194964425228e-09
6.33475,2.0292505551381461e-09
6.335,2.0280449410895855e-09
6.33525,2.026889335811026e-09
6.3355,2.0257839233332729e-09
6.33575,2.0247248924343794e-09
6.336,2.0237121593411816e-09
6.33625,2.0227257856868732e-09
6.3365,2.0217637531006433e-09
6.33675,2.0208162327415065e-09
6.337,2.0198759572405843e-09
6.33725,2.0189237767208474e-09
6.3375,2.017952780262797e-09
6.33775,2.0169522111411075e-09
6.338,2.015919134737063e-09
6.33825,2.0148395056128137e-09
6.3385,2.0137162873970042e-09
6.33875,2.0125483820256324e-09
6.339,2.0113414740787399e-09
6.33925,2.0101018871833622e-09
6.3395,2.0088411713116366e-09
6.33975,2.0075754134739706e-09
6.34,2.0063242347650184e-09
6.34025,2.0051047280609325e-09
6.3405,2.0039408802207193e-09
6.34075,2.0028541627929715e-09
6.341,2.0018667797211243e-09
6.34125,2.000996983097967e-09
6.3415,2.0002630954781626e-09
6.34175,1.9996756587075753e-09
6.342,1.9992436661026234e-09
6.34225,1.9989722774037741e-09
6.3425,1.9988591462239056e-09
6.34275,1.9988997816275412e-09
6.343,1.9990836621587663e-09
6.34325,1.9993986701517426e-09
6.3435,1.9998292332254462e-09
6.34375,2.00036065752129e-09
6.344,2.0009733254469404e-09
6.34425,2.0016519020379673e-09
6.3445,2.0023805312895005e-09
6.34475,2.0031460513705879e-09
6.345,2.0039384698844321e-09
6.34525,2.0047477714536077e-09
6.3455,2.0055693793979902e-09
6.34575,2.0064007470323566e-09
6.346,2.0072410795315391e-09
6.34625,2.0080926672152584e-09
6.3465,2.0089592892016322e-09
6.34675,2.0098475282068466e-09
6.347,2.0107633668769979e-09
6.34725,2.0117160043979875e-09
6.3475,2.0127117549854609e-09
6.34775,2.0137555661451698e-09
6.348,2.0148544347909453e-09
6.34825,2.0160120717072014e-09
6.3485,2.0172308567671765e-09
6.34875,2.0185121813034324e-09
6.349,2.0198556187470298e-09
6.34925,2.0212581301983226e-09
6.3495,2.0227159569006167e-09
6.34975,2.0242244725267048e-09
6.35,2.0257771265968067e-09
6.35025,2.0273679662544754e-09
6.3505,2.028989512077121e-09
6.35075,2.0306333241454565e-09
6.351,2.0322931799559443e-09
6.35125,2.0339592502734122e-09
6.3515,2.0356225186656176e-09
6.35175,2.0372748939922814e-09
6.352,2.0389081096561485e-09
6.35225,2.0405145357143578e-09
6.3525,2.0420881653952434e-09
6.35275,2.0436228210321098e-09
6.353,2.0451140294531357e-09
6.35325,2.0465598944747371e-09
6.3535,2.0479595031054394e-09
6.35375,2.0493149983093427e-09
6.354,2.0506286265966e-09
6.35425,2.0519061526999802e-09
6.3545,2.0531539231547996e-09
6.35475,2.0543794536969315e-09
6.355,2.0555909012635786e-09
6.35525,2.0567963175330892e-09
6.3555,2.058004242497676e-09
6.35575,2.059222277373482e-09
6.356,2.0604570215595867e-09
6.35625,2.0617141380860783e-09
6.3565,2.062997610801858e-09
6.35675,2.0643101263748572e-09
6.357,2.0656530786746927e-09
6.35725,2.0670266002679079e-09
6.3575,2.0684300951438506e-09
6.35775,2.0698640461208436e-09
6.358,2.0713249267968536e-09
6.35825,2.0728137459061582e-09
6.3585,2.0743285345858828e-09
6.35875,2.0758704120291168e-09
6.359,2.0774399006047011e-09
6.35925,2.0790388557781282e-09
6.3595,2.0806718055234631e-09
6.35975,2.0823422204333025e-09
6.36,2.0840551330146097e-09
6.36025,2.0858170406006193e-09
6.3605,2.0876350743763444e-09
6.36075,2.0895154840192902e-09
6.361,2.0914665881145199e-09
6.36125,2.0934947607453676e-09
6.3615,2.0956066562339802e-09
6.36175,2.0978103477854517e-09
6.362,2.1001104748698608e-09
6.36225,2.1025126487509002e-09
6.3625,2.1050195476090962e-09
6.36275,2.1076359692832344e-09
6.363,2.1103621982595826e-09
6.36325,2.1131997384251207e-09
6.3635,2.1161477256791311e-09
6.36375,2.1192045472719754e-09
6.364,2.1223657043038102e-09
6.36425,2.1256265882370462e-09
6.3645,2.1289813068719483e-09
6.36475,2.1324210726467012e-09
6.365,2.1359387124311601e-09
6.36525,2.1395250215235473e-09
6.3655,2.1431693714236122e-09
6.36575,2.1468634131380588e-09
6.366,2.1505965148603784e-09
6.36625,2.1543621026155139e-09
6.3665,2.1581517271591434e-09
6.36675,2.1619570650274003e-09
6.367,2.1657727733285125e-09
6.36725,2.1695951352126342e-09
6.3675,2.1734221126031744e-09
6.36775,2.1772536029506802e-09
6.368,2.1810896328454448e-09
6.36825,2.1849311157114758e-09
6.3685,2.1887799749809727e-09
6.36875,2.192639886312517e-09
6.369,2.1965162585000987e-09
6.36925,2.2004115950256827e-09
6.3695,2.2043311180439995e-09
6.36975,2.2082774387625191e-09
6.37,2.2122553727901809e-09
6.37025,2.2162652757041259e-09
6.3705,2.2203085783337952e-09
6.37075,2.224387112838939e-09
6.371,2.228496508360257e-09
6.37125,2.2326372617010188e-09
6.3715,2.2368079174083514e-09
6.37175,2.2410059173821395e-09
6.372,2.2452297122420721e-09
6.37225,2.2494790087480509e-09
6.3725,2.2537536193149551e-09
6.37275,2.2580517623459744e-09
6.373,2.2623751936525745e-09
6.37325,2.2667301185605984e-09
6.3735,2.2711179559535544e-09
6.37375,2.2755452230616919e-09
6.374,2.2800152524773876e-09
6.37425,2.2845341743511937e-09
6.3745,2.2891069935055189e-09
6.37475,2.2937393703794479e-09
6.375,2.298436506758762e-09
6.37525,2.3032023342672249e-09
6.3755,2.3080396782373774e-09
6.37575,2.3129523744269275e-09
6.376,2.3179405178297649e-09
6.37625,2.3230065338959933e-09
6.3765,2.3281502033337084e-09
6.37675,2.3333729634279516e-09
6.377,2.3386752795405968e-09
6.37725,2.3440545265728601e-09
6.3775,2.3495138961041167e-09
6.37775,2.3550498463137949e-09
6.378,2.3606628937489395e-09
6.37825,2.366349171828692e-09
6.3785,2.37210955369365e-09
6.37875,2.3779407349539734e-09
6.379,2.3838378653074674e-09
6.37925,2.3898002286743113e-09
6.3795,2.39582509338728e-09
6.37975,2.4019099604154728e-09
6.38,2.4080516360757588e-09
6.38025,2.4142476126204754e-09
6.3805,2.4204980536015682e-09
6.38075,2.4268023475697176e-09
6.381,2.4331602764268439e-09
6.38125,2.4395749194644151e-09
6.3815,2.4460464170854899e-09
6.38175,2.4525738581633623e-09
6.382,2.4591599736838117e-09
6.38225,2.465803829108699e-09
6.3825,2.4725105341412176e-09
6.38275,2.4792792837881628e-09
6.383,2.4861108074659399e-09
6.38325,2.4930051224534632e-09
6.3835,2.4999620172914352e-09
6.38375,2.5069780667593544e-09
6.384,2.5140532313346767e-09
6.38425,2.5211806707106409e-09
6.3845,2.5283560685995442e-09
6.38475,2.535575809753725e-09
6.385,2.542834158224685e-09
6.38525,2.5501270943003753e-09
6.3855,2.5574484734504728e-09
6.38575,2.5647892603231834e-09
6.386,2.5721437851134854e-09
6.38625,2.579504538186062e-09
6.3865,2.5868659508327936e-09
6.38675,2.594219708007637e-09
6.387,2.6015595224765959e-09
6.38725,2.6088790900750212e-09
6.3875,2.6161723015904102e-09
6.38775,2.6234374314274128e-09
6.388,2.6306634394202685e-09
6.38825,2.6378495103088081e-09
6.3885,2.644992498460652e-09
6.38875,2.6520881392870949e-09
6.389,2.6591334746900202e-09
6.38925,2.6661289020504974e-09
6.3895,2.6730717167840016e-09
6.38975,2.6799563629754793e-09
6.39,2.6867860002603939e-09
6.39025,2.6935538649050593e-09
6.3905,2.7002590444397399e-09
6.39075,2.7068978329265897e-09
6.391,2.7134678667782675e-09
6.39125,2.7199653099181741e-09
6.3915,2.7263892518953325e-09
6.39175,2.7327383351288631e-09
6.392,2.7390103614190556e-09
6.39225,2.7452067221691539e-09
6.3925,2.7513268335142144e-09
6.39275,2.757373561605355e-09
6.393,2.7633479850977818e-09
6.39325,2.7692536758249886e-09
6.3935,2.7750944360285658e-09
6.39375,2.7808703610502887e-09
6.394,2.7865882586446944e-09
6.39425,2.7922483112176697e-09
6.3945,2.7978533620983189e-09
6.39475,2.803406616866925e-09
6.395,2.8089107107720846e-09
6.39525,2.814366617446488e-09
6.3955,2.8197752209800123e-09
6.39575,2.8251408030297432e-09
6.396,2.8304659951366623e-09
6.39625,2.8357512717186174e-09
6.3965,2.8409994415054625e-09
6.39675,2.8462124345940156e-09
6.397,2.8513949306413432e-09
6.39725,2.8565488541785025e-09
6.3975,2.8616748812151526e-09
6.39775,2.8667762642407513e-09
6.398,2.8718530549879275e-09
6.39825,2.8769074932886082e-09
6.3985,2.8819387252473085e-09
6.39875,2.8869479686631397e-09
6.399,2.8919328873118092e-09
6.39925,2.8968957377695772e-09
6.3995,2.9018361259673315e-09
6.39975,2.9067515302571172e-09
6.4,2.9116444652086754e-09
6.40025,2.9165097262530688e-09
6.4005,2.9213483975313898e-09
6.40075,2.926159109847887e-09
6.401,2.9309381799158683e-09
6.40125,2.9356835972023981e-09
6.4015,2.9403917925412779e-09
6.40175,2.9450600212149553e-09
6.402,2.9496828099670877e-09
6.40225,2.9542557070644789e-09
6.4025,2.9587742050894246e-09
6.40275,2.9632340149437353e-09
6.403,2.967629965856963e-09
6.40325,2.9719580663233588e-09
6.4035,2.9762151803823836e-09
6.40375,2.9803978426332472e-09
6.404,2.984503632420065e-09
6.40425,2.988529808787713e-09
6.4045,2.9924753635057594e-09
6.40475,2.9963391545106582e-09
6.405,3.0001209690570775e-09
6.40525,3.0038220475142787e-09
6.4055,3.0074427749532744e-09
6.40575,3.0109825995557332e-09
6.406,3.0144405431313622e-09
6.40625,3.017815542977204e-09
6.4065,3.0211058417782714e-09
6.40675,3.0243076699436078e-09
6.407,3.0274183212144321e-09
6.40725,3.0304313457897175e-09
6.4075,3.0333409599162479e-09
6.40775,3.03614156823266e-09
6.408,3.0388267791035303e-09
6.40825,3.0413903415950758e-09
6.4085,3.0438260413381544e-09
6.40875,3.0461294926510892e-09
6.409,3.0482987662812226e-09
6.40925,3.0503311283508376e-09
6.4095,3.0522272273493843e-09
6.40975,3.0539903362584619e-09
6.41,3.0556243312178864e-09
6.41025,3.057135666795669e-09
6.4105,3.0585322289751613e-09
6.41075,3.0598219701886863e-09
6.411,3.0610146630975511e-09
6.41125,3.0621214969000826e-09
6.4115,3.0631526641876816e-09
6.41175,3.0641179159066304e-09
6.412,3.065026220901283e-09
6.41225,3.0658863542963895e-09
6.4125,3.0667046016409146e-09
6.41275,3.0674860072198604e-09
6.413,3.0682328536233926e-09
6.41325,3.068945651026231e-09
6.4135,3.0696237005423761e-09
6.41375,3.0702640490641189e-09
6.414,3.0708615658333242e-09
6.41425,3.0714111357676476e-09
6.4145,3.0719070564757301e-09
6.41475,3.0723421484770269e-09
6.415,3.0727115613891379e-09
6.41525,3.0730111448893728e-09
6.4155,3.0732386752224301e-09
6.41575,3.073395182950369e-09
6.416,3.0734835921719807e-09
6.41625,3.0735091016430497e-09
6.4165,3.0734804946976728e-09
6.41675,3.0734060427551411e-09
6.417,3.0732967393583908e-09
6.41725,3.0731643373992359e-09
6.4175,3.0730208954511503e-09
6.41775,3.0728758355618533e-09
6.418,3.0727400094943115e-09
6.41825,3.0726208691612356e-09
6.4185,3.0725233525283461e-09
6.41875,3.0724530799699024e-09
6.419,3.0724114166095416e-09
6.41925,3.0723983288579631e-09
6.4195,3.0724116170312797e-09
6.41975,3.0724481230254081e-09
6.42,3.0725024153213423e-09
6.42025,3.0725688190406781e-09
6.4205,3.0726399548885698e-09
6.42075,3.0727072358104823e-09
6.421,3.0727610274034551e-09
6.42125,3.0727917177415826e-09
6.4215,3.0727889655130719e-09
6.42175,3.0727428717209861e-09
6.422,3.0726439290622462e-09
6.42225,3.0724812788110346e-09
6.4225,3.0722473787583873e-09
6.42275,3.0719342874735671e-09
6.423,3.0715399287579927e-09
6.42325,3.0710498169971686e-09
6.4235,3.0704677223805417e-09
6.42375,3.0697834051796867e-09
6.424,3.0689980884892961e-09
6.42425,3.0681111101903387e-09
6.4245,3.0671244523526946e-09
6.42475,3.0660337207449941e-09
6.425,3.0648425828432438e-09
6.42525,3.0635529394679228e-09
6.4255,3.0621672057714909e-09
6.42575,3.060688079991637e-09
6.426,3.0591182790456489e-09
6.42625,3.0574615862052864e-09
6.4265,3.0557223954505089e-09
6.42675,3.0539063705497021e-09
6.427,3.0520196505227859e-09
6.42725,3.0500694837894974e-09
6.4275,3.0480637175666434e-09
6.42775,3.0460115612516407e-09
6.428,3.0439209556016293e-09
6.42825,3.0417991120796346e-09
6.4285,3.0396563342194531e-09
6.42875,3.037499556862858e-09
6.429,3.0353355250772667e-09
6.42925,3.0331701591323894e-09
6.4295,3.0310058266181727e-09
6.42975,3.0288441862709688e-09
6.43,3.0266855171713135e-09
6.43025,3.0245275207755259e-09
6.4305,3.0223662979712827e-09
6.43075,3.0201980022223338e-09
6.431,3.0180167313958069e-09
6.43125,3.0158170772759754e-09
6.4315,3.0135928768559359e-09
6.43175,3.0113401738975404e-09
6.432,3.0090545731512264e-09
6.43225,3.006732858265379e-09
6.4325,3.0043732346746418e-09
6.43275,3.0019760068720808e-09
6.433,2.9995418484774119e-09
6.43325,2.9970736608869523e-09
6.4335,2.9945758209139736e-09
6.43375,2.9920503913159411e-09
6.434,2.9895035286532022e-09
6.43425,2.986940735469751e-09
6.4345,2.9843687873144406e-09
6.43475,2.9817934524725659e-09
6.435,2.9792212374679721e-09
6.43525,2.9766582480772772e-09
6.4355,2.9741128716227174e-09
6.43575,2.9715908618337182e-09
6.436,2.969097140574731e-09
6.43625,2.9666370216225602e-09
6.4365,2.9642131809338784e-09
6.43675,2.9618272097988343e-09
6.437,2.9594803276447296e-09
6.43725,2.9571694046314536e-09
6.4375,2.9548905029274407e-09
6.43775,2.95263951066436e-09
6.438,2.9504069974825608e-09
6.43825,2.94818314875544e-09
6.4385,2.94595668979643e-09
6.43875,2.9437161890561046e-09
6.439,2.9414490284010905e-09
6.43925,2.9391443448288328e-09
6.4395,2.9367913639818568e-09
6.43975,2.934379110420225e-09
6.44,2.9319001683145545e-09
6.44025,2.9293476644863612e-09
6.4405,2.9267160950384528e-09
6.44075,2.9239997563270972e-09
6.441,2.9211985583350091e-09
6.44125,2.9183099095739067e-09
6.4415,2.9153337661973446e-09
6.44175,2.9122694131909058e-09
6.442,2.9091169308138731e-09
6.44225,2.9058757555109438e-09
6.4425,2.9025469114935835e-09
6.44275,2.8991325155253058e-09
6.443,2.8956308016252086e-09
6.44325,2.8920436250597144e-09
6.4435,2.8883723908545716e-09
6.44375,2.8846200064058516e-09
6.444,2.8807872076768704e-09
6.44425,2.8768779779491783e-09
6.4445,2.8728949399237092e-09
6.44475,2.8688405787022106e-09
6.445,2.8647182767724573e-09
6.44525,2.860531752441113e-09
6.4455,2.8562830795578836e-09
6.44575,2.8519775989289483e-09
6.446,2.8476171997218337e-09
6.44625,2.8432038920816331e-09
6.4465,2.8387407031947071e-09
6.44675,2.8342305014059459e-09
6.447,2.8296762594362979e-09
6.44725,2.8250809539427074e-09
6.4475,2.8204463231006227e-09
6.44775,2.8157757272691941e-09
6.448,2.811071320856153e-09
6.44825,2.8063353720166195e-09
6.4485,2.8015717644463674e-09
6.44875,2.7967830447109373e-09
6.449,2.791966983799961e-09
6.44925,2.7871261322995079e-09
6.4495,2.7822600332877693e-09
6.44975,2.7773681304765471e-09
6.45,2.7724506443829317e-09
6.45025,2.7675053582394682e-09
6.4505,2.7625326143116788e-09
6.45075,2.7575312272257735e-09
6.451,2.7524997982019626e-09
6.45125,2.747436983055972e-09
6.4515,2.7423427331773499e-09
6.45175,2.7372171917949975e-09
6.452,2.7320610812451215e-09
6.45225,2.7268750035945167e-09
6.4525,2.7216590339486797e-09
6.45275,2.7164134232822627e-09
6.453,2.7111399945854794e-09
6.45325,2.7058399752008554e-09
6.4535,2.7005153927125035e-09
6.45375,2.6951654670215974e-09
6.454,2.6897891798385804e-09
6.45425,2.6843888548589856e-09
6.4545,2.6789664323918435e-09
6.45475,2.6735201847715228e-09
6.455,2.6680538413662491e-09
6.45525,2.6625667294014223e-09
6.4555,2.6570585898006297e-09
6.45575,2.6515274027182551e-09
6.456,2.6459736266379157e-09
6.45625,2.6403966105983573e-09
6.4565,2.6347934119463852e-09
6.45675,2.6291641675236237e-09
6.457,2.6235049699775415e-09
6.45725,2.6178121356004733e-09
6.4575,2.6120847199345438e-09
6.45775,2.6063186071150533e-09
6.458,2.6005097934185437e-09
6.45825,2.5946572175833648e-09
6.4585,2.5887574812518634e-09
6.45875,2.5828080034015576e-09
6.459,2.5768084980041288e-09
6.45925,2.5707561028123755e-09
6.4595,2.564650902424859e-09
6.45975,2.5584939903544205e-09
6.46,2.552285513599343e-09
6.46025,2.5460287342691855e-09
6.4605,2.539722956893433e-09
6.46075,2.5333687842820666e-09
6.461,2.5269704213449004e-09
6.46125,2.5205341931930392e-09
6.4615,2.5140601412553716e-09
6.46175,2.5075520206056128e-09
6.462,2.5010114887405733e-09
6.46225,2.4944400619525575e-09
6.4625,2.4878385115725582e-09
6.46275,2.4812074934428673e-09
6.463,2.4745466476607225e-09
6.46325,2.4678575569172154e-09
6.4635,2.4611376666792154e-09
6.46375,2.4543855136520011e-09
6.464,2.4476011977631548e-09
6.46425,2.440784643548211e-09
6.4645,2.4339358990967402e-09
6.46475,2.427057574050372e-09
6.465,2.4201520574026167e-09
6.46525,2.4132217420577023e-09
6.4655,2.4062732591685977e-09
6.46575,2.399311624166004e-09
6.466,2.3923429045230634e-09
6.46625,2.3853765408713866e-09
6.4665,2.3784217644497835e-09
6.46675,2.3714842364111529e-09
6.467,2.3645736091203215e-09
6.46725,2.3576935692445044e-09
6.4675,2.3508537816176603e-09
6.46775,2.3440593920425061e-09
6.468,2.337320727834524e-09
6.46825,2.3306426766315006e-09
6.4685,2.3240285681811348e-09
6.46875,2.3174842618132499e-09
6.469,2.3110152692376215e-09
6.46925,2.3046236067836625e-09
6.4695,2.2983122166968851e-09
6.46975,2.2920806299869975e-09
6.47,2.2859310155218338e-09
6.47025,2.2798644842518859e-09
6.4705,2.2738794047919564e-09
6.47075,2.2679727478531532e-09
6.471,2.262142999161214e-09
6.47125,2.2563863551575311e-09
6.4715,2.2507008075780828e-09
6.47175,2.2450824532938934e-09
6.472,2.2395303389819031e-09
6.47225,2.2340399929312651e-09
6.4725,2.228609909828614e-09
6.47275,2.2232408630696532e-09
6.473,2.2179288355015811e-09
6.47325,2.2126778697480669e-09
6.4735,2.2074887126062989e-09
6.47375,2.2023671814369554e-09
6.474,2.19731711790198e-09
6.47425,2.192343308819145e-09
6.4745,2.1874539404766514e-09
6.47475,2.1826528731198178e-09
6.475,2.1779497493765224e-09
6.47525,2.1733503259837062e-09
6.4755,2.1688605238696052e-09
6.47575,2.16448396871817e-09
6.476,2.1602239966581137e-09
6.47625,2.1560816705788834e-09
6.4765,2.1520591502206863e-09
6.47675,2.1481529197153283e-09
6.477,2.1443601485211052e-09
6.47725,2.1406741774292474e-09
6.4775,2.1370896280987968e-09
6.47775,2.1335960085126825e-09
6.478,2.1301866948519677e-09
6.47825,2.1268508342202769e-09
6.4785,2.1235796254980369e-09
6.47875,2.120362292222363e-09
6.479,2.1171882428272899e-09
6.47925,2.114048591165169e-09
6.4795,2.1109324757166869e-09
6.47975,2.1078335759290397e-09
6.48,2.104744138291318e-09
6.48025,2.1016575061559066e-09
6.4805,2.0985681643223725e-09
6.48075,2.0954745013267003e-09
6.481,2.0923744338475967e-09
6.48125,2.0892669757866802e-09
6.4815,2.0861534007356536e-09
6.48175,2.083035602832365e-09
6.482,2.0799202564893953e-09
6.48225,2.0768129512281582e-09
6.4825,2.0737216003603102e-09
6.48275,2.0706559707089682e-09
6.483,2.0676251399134621e-09
6.48325,2.064640541766342e-09
6.4835,2.0617113469891514e-09
6.48375,2.0588482457435197e-09
6.484,2.0560619794114153e-09
6.48425,2.0533630431628966e-09
6.4845,2.0507609756320462e-09
6.48475,2.0482611071690942e-09
6.485,2.0458707430994909e-09
6.48525,2.0435939350420735e-09
6.4855,2.0414326279066933e-09
6.48575,2.0393896123321225e-09
6.486,2.0374632162513957e-09
6.48625,2.0356532140636018e-09
6.4865,2.0339580155098111e-09
6.48675,2.0323754549825408e-09
6.487,2.0309028319819546e-09
6.48725,2.0295381922585828e-09
6.4875,2.0282801338465192e-09
6.48775,2.027127922153894e-09
6.488,2.026081996303046e-09
6.48825,2.0251423213729865e-09
6.4885,2.0243094038304631e-09
6.48875,2.0235848891564154e-09
6.489,2.0229699076458203e-09
6.48925,2.0224667363676815e-09
6.4895,2.0220758143350334e-09
6.48975,2.0217985703191993e-09
6.49,2.0216349650105522e-09
6.49025,2.0215826718945468e-09
6.4905,2.0216404547219673e-09
6.49075,2.0218027323020889e-09
6.491,2.0220662616046056e-09
6.49125,2.0224228000140916e-09
6.4915,2.0228656189950086e-09
6.49175,2.0233848126270721e-09
6.492,2.0239710604862091e-09
6.49225,2.0246133526123993e-09
6.4925,2.0253013902104788e-09
6.49275,2.0260240355801732e-09
6.493,2.0267696338451034e-09
6.49325,2.0275297576109871e-09
6.4935,2.0282926603724564e-09
6.49375,2.0290502621996917e-09
6.494,2.0297957290203162e-09
6.49425,2.0305218205924557e-09
6.4945,2.0312240057998128e-09
6.49475,2.0318966100719858e-09
6.495,2.0325368237049515e-09
6.49525,2.0331409740702182e-09
6.4955,2.0337080009494617e-09
6.49575,2.0342374233297654e-09
6.496,2.0347290397168734e-09
6.49625,2.0351838838242958e-09
6.4965,2.0356044611393833e-09
6.49675,2.0359926976299664e-09
6.497,2.0363527658446859e-09
6.49725,2.0366894817214407e-09
6.4975,2.037008759378672e-09
6.49775,2.0373161891921894e-09
6.498,2.0376194138265908e-09
6.49825,2.0379251592334804e-09
6.4985,2.0382398697247187e-09
6.49875,2.0385702168390923e-09
6.499,2.0389222317706289e-09
6.49925,2.0393014838204273e-09
6.4995,2.0397127314490783e-09
6.49975,2.0401597103894125e-09
6.5,2.0406454789674851e-09
6.50025,2.0411724348237391e-09
6.5005,2.0417425397844299e-09
6.50075,2.042357546774001e-09
6.501,2.0430180686010661e-09
6.50125,2.0437251888653781e-09
6.5015,2.0444801130132302e-09
6.50175,2.0452833591517936e-09
6.502,2.0461351096328282e-09
6.50225,2.0470366244431504e-09
6.5025,2.0479888882537501e-09
6.50275,2.0489929086836346e-09
6.503,2.0500486355644567e-09
6.50325,2.0511584608688022e-09
6.5035,2.0523224096217452e-09
6.50375,2.0535428946280848e-09
6.504,2.0548202685661605e-09
6.50425,2.0561576571817506e-09
6.5045,2.0575564818650885e-09
6.50475,2.0590202848047917e-09
6.505,2.0605517452408701e-09
6.50525,2.0621533691887338e-09
6.5055,2.0638284592929741e-09
6.50575,2.0655800686079956e-09
6.506,2.0674101659643257e-09
6.50625,2.0693211001871144e-09
6.5065,2.0713133750280027e-09
6.50675,2.0733859786553665e-09
6.507,2.0755367176397492e-09
6.50725,2.0777633927666471e-09
6.5075,2.0800622500892295e-09
6.50775,2.0824281785474803e-09
6.508,2.0848567974617979e-09
6.50825,2.0873415252272241e-09
6.5085,2.0898765891622064e-09
6.50875,2.0924553691112477e-09
6.509,2.0950724513623514e-09
6.50925,2.097724011106232e-09
6.5095,2.1004059755100769e-09
6.50975,2.1031151239783705e-09
6.51,2.1058484553188446e-09
6.51025,2.1086038594659587e-09
6.5105,2.1113803119494204e-09
6.51075,2.1141766271736201e-09
6.511,2.1169918154087063e-09
6.51125,2.1198255938481246e-09
6.5115,2.1226769432100472e-09
6.51175,2.1255453907060139e-09
6.512,2.1284291570510497e-09
6.51225,2.1313282182579943e-09
6.5125,2.1342430598094439e-09
6.51275,2.1371729907504028e-09
6.513,2.1401179920574796e-09
6.51325,2.1430778145507081e-09
6.5135,2.1460532356766169e-09
6.51375,2.1490443670975437e-09
6.514,2.1520528049941996e-09
6.51425,2.1550798814950279e-09
6.5145,2.1581254234330636e-09
6.51475,2.161190466196226e-09
6.515,2.164275000665463e-09
6.51525,2.1673787111881592e-09
6.5155,2.1705014822693504e-09
6.51575,2.1736427780152772e-09
6.516,2.1768012413173169e-09
6.51625,2.1799759526520958e-09
6.5165,2.1831652887352147e-09
6.51675,2.1863691411386667e-09
6.517,2.1895859872437207e-09
6.51725,2.1928149885090509e-09
6.5175,2.1960533944615038e-09
6.51775,2.1993005611874054e-09
6.518,2.2025551492763485e-09
6.51825,2.2058146976315314e-09
6.5185,2.2090768847738332e-09
6.51875,2.2123386153689056e-09
6.519,2.2155976647779942e-09
6.51925,2.2188498943870684e-09
6.5195,2.222092981014574e-09
6.51975,2.2253257303540374e-09
6.52,2.2285470937339241e-09
6.52025,2.2317570148402083e-09
6.5205,2.2349572075137805e-09
6.52075,2.2381515888478028e-09
6.521,2.2413455738429838e-09
6.52125,2.2445468060143408e-09
6.5215,2.2477631163673817e-09
6.52175,2.2510051282537796e-09
6.522,2.254283332136526e-09
6.52225,2.2576091818020867e-09
6.5225,2.2609942722786628e-09
6.52275,2.2644499090006903e-09
6.523,2.2679876265561242e-09
6.52325,2.2716157861049104e-09
6.5235,2.2753450868202456e-09
6.52375,2.2791842682401126e-09
6.524,2.2831387784728844e-09
6.52425,2.2872140677870017e-09
6.5245,2.2914144242662145e-09
6.52475,2.2957424413848479e-09
6.525,2.3001962063484181e-09
6.52525,2.304777218235345e-09
6.5255,2.3094834115329727e-09
6.52575,2.3143113302502833e-09
6.526,2.3192560698764397e-09
6.52625,2.3243112427004262e-09
6.5265,2.3294704025620447e-09
6.52675,2.3347234438040858e-09
6.527,2.3400650464277186e-09
6.52725,2.3454848760937118e-09
6.5275,2.3509761211888138e-09
6.52775,2.3565316441078701e-09
6.528,2.3621415066340054e-09
6.52825,2.3677998661085922e-09
6.5285,2.3735007892914786e-09
6.52875,2.3792383843047939e-09
6.529,2.3850084700701179e-09
6.52925,2.3908045364273619e-09
6.5295,2.3966268783599866e-09
6.52975,2.4024711719093784e-09
6.53,2.4083354567526482e-09
6.53025,2.4142179977904547e-09
6.5305,2.4201133320006935e-09
6.53075,2.4260223019223117e-09
6.531,2.4319384610691925e-09
6.53125,2.4378585659962239e-09
6.5315,2.4437772278247175e-09
6.53175,2.4496890771482809e-09
6.532,2.4555865902075459e-09
6.53225,2.4614621453089501e-09
6.5325,2.4673094955517669e-09
6.53275,2.4731223999642279e-09
6.533,2.4788947800053855e-09
6.53325,2.4846212669940146e-09
6.5335,2.4903007804137993e-09
6.53375,2.4959315347140573e-09
6.534,2.5015128916885435e-09
6.53425,2.5070475825033839e-09
6.5345,2.5125404878221133e-09
6.53475,2.5179969622713547e-09
6.535,2.5234276849428006e-09
6.53525,2.5288388148666084e-09
6.5355,2.5342404081903928e-09
6.53575,2.5396444928049261e-09
6.536,2.5450609939183607e-09
6.53625,2.5505016302644044e-09
6.5365,2.5559782367486178e-09
6.53675,2.5615007335229341e-09
6.537,2.5670770594031606e-09
6.53725,2.5727162909014829e-09
6.5375,2.5784248073662995e-09
6.53775,2.5842035510266864e-09
6.538,2.5900563723397579e-09
6.53825,2.5959816278895405e-09
6.5385,2.6019743335906772e-09
6.53875,2.6080292048432966e-09
6.539,2.6141382871001937e-09
6.53925,2.620290665575117e-09
6.5395,2.6264768218863723e-09
6.53975,2.6326834192735377e-09
6.54,2.6389022430035616e-09
6.54025,2.6451216749359264e-09
6.5405,2.6513313774275702e-09
6.54075,2.6575235130350653e-09
6.541,2.6636918909177001e-09
6.54125,2.6698305519417124e-09
6.5415,2.6759415323353515e-09
6.54175,2.6820186057737209e-09
6.542,2.688066412279609e-09
6.54225,2.6940863674341469e-09
6.5425,2.7000835165897453e-09
6.54275,2.7060606783991352e-09
6.543,2.712025784306342e-09
6.54325,2.7179853981815032e-09
6.5435,2.7239445541414491e-09
6.54375,2.7299127689931565e-09
6.544,2.7358978129813368e-09
6.54425,2.7419066039801365e-09
6.5445,2.7479483344805743e-09
6.54475,2.7540297322929406e-09
6.545,2.7601535301284041e-09
6.54525,2.7663243650160294e-09
6.5455,2.7725421493247463e-09
6.54575,2.7788066602233498e-09
6.546,2.7851132634589179e-09
6.54625,2.7914537387226218e-09
6.5465,2.7978166873326603e-09
6.54675,2.8041893851338577e-09
6.547,2.8105571387823756e-09
6.54725,2.8169017349846079e-09
6.5475,2.8232040211631517e-09
6.54775,2.8294439706563213e-09
6.548,2.8356036183139573e-09
6.54825,2.8416630627721629e-09
6.5485,2.8476080877757306e-09
6.54875,2.8534234376992992e-09
6.549,2.8590933965303671e-09
6.54925,2.8646120605969723e-09
6.5495,2.8699682537445859e-09
6.54975,2.8751575298463096e-09
6.55,2.8801786624677888e-09
6.55025,2.885030160414622e-09
6.5505,2.8897144859190737e-09
6.55075,2.8942373778031564e-09
6.551,2.8986041033239665e-09
6.55125,2.9028248316885696e-09
6.5515,2.9069076290821313e-09
6.55175,2.9108642575493504e-09
6.552,2.9147064995558709e-09
6.55225,2.9184455302791893e-09
6.5525,2.9220932628681886e-09
6.55275,2.9256624165638165e-09
6.553,2.9291640121298918e-09
6.55325,2.9326096363347998e-09
6.5535,2.9360077620815922e-09
6.55375,2.9393669809543618e-09
6.554,2.9426933246891258e-09
6.55425,2.9459921782758444e-09
6.5545,2.9492647275282842e-09
6.55475,2.9525106319042077e-09
6.555,2.9557286100164562e-09
6.55525,2.9589143341322289e-09
6.5555,2.9620617731263505e-09
6.55575,2.9651664095030385e-09
6.556,2.9682213364010998e-09
6.55625,2.971219174207976e-09
6.5565,2.974153878106091e-09
6.55675,2.977020249350491e-09
6.557,2.9798129579465314e-09
6.55725,2.9825280717576785e-09
6.5575,2.9851635714539118e-09
6.55775,2.9877177892915384e-09
6.558,2.99019007722629e-09
6.55825,2.9925810092880442e-09
6.5585,2.9948912451431443e-09
6.55875,2.9971224312035519e-09
6.559,2.9992764250721704e-09
6.55925,3.0013542721637853e-09
6.5595,3.0033578967700975e-09
6.55975,3.0052893764693617e-09
6.56,3.007151367197941e-09
6.56025,3.0089455465557422e-09
6.5605,3.010675201380018e-09
6.56075,3.0123438524939979e-09
6.561,3.0139549562032411e-09
6.56125,3.0155102883870589e-09
6.5615,3.0170132667179661e-09
6.56175,3.0184655296179236e-09
6.562,3.019869700375878e-09
6.56225,3.0212266551649055e-09
6.5625,3.0225375680038171e-09
6.56275,3.0238036362875215e-09
6.563,3.0250238057564102e-09
6.56325,3.0261981022211408e-09
6.5635,3.0273263561975674e-09
6.56375,3.0284082026977327e-09
6.564,3.0294426220319414e-09
6.56425,3.0304298490793143e-09
6.5645,3.0313679915013576e-09
6.56475,3.0322591922344228e-09
6.565,3.0331045408360209e-09
6.56525,3.0339022410004134e-09
6.5655,3.0346529840947646e-09
6.56575,3.0353570876923045e-09
6.566,3.0360141473386227e-09
6.56625,3.0366238906194197e-09
6.5665,3.0371845259828103e-09
6.56675,3.0376936543141229e-09
6.567,3.0381491154678738e-09
6.56725,3.0385472543304365e-09
6.5675,3.0388859688160627e-09
6.56775,3.0391606770274431e-09
6.568,3.0393686421854345e-09
6.56825,3.0395050377458408e-09
6.5685,3.0395660136109162e-09
6.56875,3.0395480378337714e-09
6.569,3.0394471978876295e-09
6.56925,3.0392608198437336e-09
6.5695,3.0389856622180651e-09
6.56975,3.0386211974160292e-09
6.57,3.0381644382366012e-09
6.57025,3.0376155463266716e-09
6.5705,3.0369743829794713e-09
6.57075,3.0362419555146718e-09
6.571,3.0354193719022637e-09
6.57125,3.0345113168667989e-09
6.5715,3.0335195103648141e-09
6.57175,3.0324471785083808e-09
6.572,3.0312989225590625e-09
6.57225,3.0300805706758167e-09
6.5725,3.0287958248174495e-09
6.57275,3.0274544607845125e-09
6.573,3.0260611037429999e-09
6.57325,3.0246249517170435e-09
6.5735,3.0231531155372428e-09
6.57375,3.0216546094698991e-09
6.574,3.0201382198475463e-09
6.57425,3.0186119182987637e-09
6.5745,3.0170827030206929e-09
6.57475,3.0155599502695193e-09
6.575,3.0140501822646041e-09
6.57525,3.0125584259594316e-09
6.5755,3.0110912545409513e-09
6.57575,3.0096521866072971e-09
6.576,3.0082435412479637e-09
6.57625,3.0068682324892195e-09
6.5765,3.0055266620712918e-09
6.57675,3.0042184266685194e-09
6.577,3.0029438489908173e-09
6.57725,3.0017004648256531e-09
6.5775,3.0004862276496236e-09
6.57775,2.9992967390543395e-09
6.578,2.9981292315555263e-09
6.57825,2.9969802646206727e-09
6.5785,2.9958449782780785e-09
6.57875,2.9947193203421203e-09
6.579,2.9935962123214811e-09
6.57925,2.992473442367956e-09
6.5795,2.9913445121464813e-09
6.57975,2.990205719633964e-09
6.58,2.9890533441120763e-09
6.58025,2.9878825649904754e-09
6.5805,2.9866887620583091e-09
6.58075,2.9854670531481327e-09
6.581,2.9842148662476233e-09
6.58125,2.9829287399551138e-09
6.5815,2.9816057341265652e-09
6.58175,2.9802430105475291e-09
6.582,2.9788364741884822e-09
6.58225,2.977383196039621e-09
6.5825,2.9758806951309197e-09
6.58275,2.9743264353130489e-09
6.583,2.9727195203527797e-09
6.58325,2.9710571416713726e-09
6.5835,2.9693372444932518e-09
6.58375,2.967558353137929e-09
6.584,2.9657178349024948e-09
6.58425,2.9638143140472619e-09
6.5845,2.9618487987862904e-09
6.58475,2.9598179259333492e-09
6.585,2.9577222539984942e-09
6.58525,2.9555608210009237e-09
6.5855,2.9533351011654513e-09
6.58575,2.9510477575383796e-09
6.586,2.9487010770156161e-09
6.58625,2.9462968051009791e-09
6.5865,2.943839355897365e-09
6.58675,2.9413311114431799e-09
6.587,2.9387761855634629e-09
6.58725,2.9361794959928856e-09
6.5875,2.9335453157354607e-09
6.58775,2.9308792264656254e-09
6.588,2.9281813630512836e-09
6.58825,2.9254562121106889e-09
6.5885,2.9227070896940972e-09
6.58875,2.9199329155943803e-09
6.589,2.9171384460250274e-09
6.58925,2.9143236580403257e-09
6.5895,2.9114899718121355e-09
6.58975,2.9086387989738788e-09
6.59,2.9057718870994766e-09
6.59025,2.9028904683821132e-09
6.5905,2.8999945542950851e-09
6.59075,2.8970856905221375e-09
6.591,2.89416308888383e-09
6.59125,2.8912270701959075e-09
6.5915,2.888273539159685e-09
6.59175,2.8853034101670608e-09
6.592,2.882313020572059e-09
6.59225,2.879299214268602e-09
6.5925,2.8762600641063152e-09
6.59275,2.873193142103254e-09
6.593,2.8700952817735459e-09
6.59325,2.8669636663581589e-09
6.5935,2.8637968522733907e-09
6.59375,2.8605932203621916e-09
6.594,2.8573512815759559e-09
6.59425,2.8540692962045347e-09
6.5945,2.8507478328450757e-09
6.59475,2.8473866472997646e-09
6.595,2.8439832925373793e-09
6.59525,2.8405374686374448e-09
6.5955,2.8370501059205017e-09
6.59575,2.8335194626266471e-09
6.596,2.8299434850727646e-09
6.59625,2.8263218799209839e-09
6.5965,2.8226566092981524e-09
6.59675,2.8189450737988715e-09
6.597,2.8151868328357069e-09
6.59725,2.8113818401186088e-09
6.5975,2.8075319209101266e-09
6.59775,2.8036359916958664e-09
6.598,2.7996956482288988e-09
6.59825,2.7957118273782313e-09
6.5985,2.7916889913407272e-09
6.59875,2.7876289782101634e-09
6.599,2.7835334230941544e-09
6.59925,2.7794060779866804e-09
6.5995,2.775248344266574e-09
6.59975,2.7710652465164874e-09
6.6,2.7668602106254734e-09
6.60025,2.7626347734344915e-09
6.6005,2.7583906881275704e-09
6.60075,2.7541322206714083e-09
6.601,2.749859029798526e-09
6.60125,2.7455732256622923e-09
6.6015,2.7412763984223184e-09
6.60175,2.736969184589112e-09
6.602,2.7326503030608683e-09
6.60225,2.7283224267364418e-09
6.6025,2.7239855133695809e-09
6.60275,2.7196380279616694e-09
6.603,2.7152813243483245e-09
6.60325,2.7109134637615846e-09
6.6035,2.7065338170632886e-09
6.60375,2.7021397884139854e-09
6.604,2.6977272456004359e-09
6.60425,2.6932925011032384e-09
6.6045,2.6888313202744798e-09
6.60475,2.6843360388035486e-09
6.605,2.6798000451931755e-09
6.60525,2.6752171339956033e-09
6.6055,2.6705795846842418e-09
6.60575,2.6658796671383197e-09
6.606,2.661108876265053e-09
6.60625,2.6562635002796693e-09
6.6065,2.6513349299075382e-09
6.60675,2.6463187843602832e-09
6.607,2.6412132762032368e-09
6.60725,2.6360144768703295e-09
6.6075,2.6307233963132883e-09
6.60775,2.625341346138816e-09
6.608,2.6198724177636688e-09
6.60825,2.6143205154419444e-09
6.6085,2.6086912876200762e-09
6.60875,2.6029907913985721e-09
6.609,2.5972292936867056e-09
6.60925,2.5914148388749929e-09
6.6095,2.5855547105780753e-09
6.60975,2.5796564186305937e-09
6.61,2.5737289347867502e-09
6.61025,2.5677778536549055e-09
6.6105,2.5618073818580848e-09
6.61075,2.5558199360525449e-09
6.611,2.5498222416635572e-09
6.61125,2.5438142686662345e-09
6.6115,2.537801586270123e-09
6.61175,2.5317822287698769e-09
6.612,2.5257592874977817e-09
6.61225,2.5197326399937648e-09
6.6125,2.5137038209153409e-09
6.61275,2.5076773429927228e-09
6.613,2.5016579513571428e-09
6.61325,2.4956485288650656e-09
6.6135,2.4896563868995593e-09
6.61375,2.4836857248377076e-09
6.614,2.4777458033953311e-09
6.61425,2.4718462021358303e-09
6.6145,2.4659944158895852e-09
6.61475,2.4601966903583671e-09
6.615,2.4544598834112731e-09
6.61525,2.4487919322799069e-09
6.6155,2.4431945664059834e-09
6.61575,2.4376733998906887e-09
6.616,2.4322303482857969e-09
6.61625,2.4268674841359434e-09
6.6165,2.4215805799834518e-09
6.61675,2.4163682816328208e-09
6.617,2.4112263255188902e-09
6.61725,2.4061505493635591e-09
6.6175,2.4011315743236442e-09
6.61775,2.3961658280206199e-09
6.618,2.3912408979583706e-09
6.61825,2.3863486964941862e-09
6.6185,2.381484320015516e-09
6.61875,2.3766333437217779e-09
6.619,2.3717902827281998e-09
6.61925,2.3669453303029624e-09
6.6195,2.3620905572140458e-09
6.61975,2.3572188094657358e-09
6.62,2.352321997836664e-09
6.62025,2.347393773251832e-09
6.6205,2.3424269292847306e-09
6.62075,2.3374169919271807e-09
6.621,2.3323604791709852e-09
6.62125,2.327255628355107e-09
6.6215,2.3221003954093302e-09
6.62175,2.3168938290759133e-09
6.622,2.3116404046328961e-09
6.62225,2.3063407926995963e-09
6.6225,2.3009999788055129e-09
6.62275,2.2956222074434987e-09
6.623,2.2902137917548825e-09
6.62325,2.2847798852968071e-09
6.6235,2.2793274782011259e-09
6.62375,2.2738627808789785e-09
6.624,2.2683907258169212e-09
6.62425,2.2629162197175513e-09
6.6245,2.2574449694927803e-09
6.62475,2.2519796292577672e-09
6.625,2.2465262684045703e-09
6.62525,2.2410899619677237e-09
6.6255,2.2356747807449992e-09
6.62575,2.2302855273864611e-09
6.626,2.2249270531080972e-09
6.62625,2.2196079296773189e-09
6.6265,2.2143313172658556e-09
6.62675,2.2091045661154155e-09
6.627,2.203936696859507e-09
6.62725,2.1988346319588221e-09
6.6275,2.193806388022134e-09
6.62775,2.188857834001829e-09
6.628,2.1839975843846465e-09
6.62825,2.179231478187477e-09
6.6285,2.1745666070190374e-09
6.62875,2.170007022934197e-09
6.629,2.1655591816175887e-09
6.62925,2.161224969251273e-09
6.6295,2.1570092294269593e-09
6.62975,2.1529136767325208e-09
6.63,2.1489425727219113e-09
6.63025,2.1450967088649126e-09
6.6305,2.1413771126152316e-09
6.63075,2.1377855098534207e-09
6.631,2.1343210836656897e-09
6.63125,2.1309845721388896e-09
6.6315,2.1277721194825066e-09
6.63175,2.1246823520624372e-09
6.632,2.1217118111730758e-09
6.63225,2.1188559021977087e-09
6.6325,2.1161101967957878e-09
6.63275,2.1134685823930373e-09
6.633,2.1109247621305489e-09
6.63325,2.1084710089365477e-09
6.6335,2.1061007609422018e-09
6.63375,2.1038069877723133e-09
6.634,2.1015825402723193e-09
6.63425,2.0994203672090537e-09
6.6345,2.0973145284134959e-09
6.63475,2.0952593140230683e-09
6.635,2.0932500920114499e-09
6.63525,2.0912822200120303e-09
6.6355,2.0893529691630717e-09
6.63575,2.0874600310018494e-09
6.636,2.0856024794267938e-09
6.63625,2.0837782116960012e-09
6.6365,2.0819881915305883e-09
6.63675,2.0802331483588093e-09
6.637,2.078515757419391e-09
6.63725,2.0768390081408818e-09
6.6375,2.0752068319013938e-09
6.63775,2.0736229902937442e-09
6.638,2.0720933769098598e-09
6.63825,2.0706228563806641e-09
6.6385,2.0692171759777837e-09
6.63875,2.0678822579061402e-09
6.639,2.0666241272587276e-09
6.63925,2.0654467628648741e-09
6.6395,2.064354405642227e-09
6.63975,2.0633499163249556e-09
6.64,2.0624354856326846e-09
6.64025,2.0616117985318884e-09
6.6405,2.0608790237401007e-09
6.64075,2.0602363705199633e-09
6.641,2.0596818064741001e-09
6.64125,2.0592128112943646e-09
6.6415,2.0588251999082985e-09
6.64175,2.0585141858428818e-09
6.642,2.0582738833750773e-09
6.64225,2.0580971556568372e-09
6.6425,2.0579753652674956e-09
6.64275,2.0578998134501458e-09
6.643,2.0578604456697582e-09
6.64325,2.0578468954421415e-09
6.6435,2.0578483818514156e-09
6.64375,2.0578547356005472e-09
6.644,2.0578559452748165e-09
6.64425,2.0578437529892123e-09
6.6445,2.0578115097594032e-09
6.64475,2.0577549529346596e-09
6.645,2.0576719986080761e-09
6.64525,2.0575632180290738e-09
6.6455,2.0574315836585731e-09
6.64575,2.0572828696078721e-09
6.646,2.0571245592332305e-09
6.64625,2.0569659297554532e-09
6.6465,2.0568181353463976e-09
6.64675,2.0566928221536797e-09
6.647,2.0566018687188635e-09
6.64725,2.0565565843047317e-09
6.6475,2.0565685659620596e-09
6.64775,2.056648274526582e-09
6.648,2.0568058104933344e-09
6.64825,2.057049106240436e-09
6.6485,2.0573853291739375e-09
6.64875,2.0578205539236005e-09
6.649,2.0583610561024115e-09
6.64925,2.0590095392564593e-09
6.6495,2.0597691259439342e-09
6.64975,2.0606408827800356e-09
6.65,2.0616258580849063e-09
6.65025,2.0627233824144176e-09
6.6505,2.0639310598463786e-09
6.65075,2.065245516152218e-09
6.651,2.066663354627474e-09
6.65125,2.0681789455058933e-09
6.6515,2.0697861600042215e-09
6.65175,2.0714786110777115e-09
6.652,2.0732488622647506e-09
6.65225,2.0750883207885253e-09
6.6525,2.0769893443375948e-09
6.65275,2.0789435165497964e-09
6.653,2.0809428884371124e-09
6.65325,2.0829790655660253e-09
6.6535,2.0850448395287574e-09
6.65375,2.0871319890487071e-09
6.654,2.0892340039631268e-09
6.65425,2.0913436204643568e-09
6.6545,2.0934551755507816e-09
6.65475,2.0955634847098278e-09
6.655,2.0976619642396468e-09
6.65525,2.099745865365127e-09
6.6555,2.1018109310757616e-09
6.65575,2.1038518916473247e-09
6.656,2.1058662264006264e-09
6.65625,2.1078463909188237e-09
6.6565,2.109791296448596e-09
6.65675,2.1116975939055311e-09
6.657,2.1135627922676732e-09
6.65725,2.1153856300720907e-09
6.6575,2.1171651909855409e-09
6.65775,2.1189025900530417e-09
6.658,2.1205993561970338e-09
6.65825,2.1222594816703691e-09
6.6585,2.1238857379807494e-09
6.65875,2.1254856665921216e-09
6.659,2.1270645722680145e-09
6.65925,2.1286295161836309e-09
6.6595,2.130189059798577e-09
6.65975,2.1317515356097894e-09
6.66,2.13332531448576e-09
6.66025,2.1349193879754952e-09
6.6605,2.1365403431241226e-09
6.66075,2.1381961402513501e-09
6.661,2.1398931784456923e-09
6.66125,2.1416376521168509e-09
6.6615,2.1434338022318936e-09
6.66175,2.145285798635286e-09
6.662,2.1471951456915474e-09
6.66225,2.1491632950777384e-09
6.6625,2.15118758418005e-09
6.66275,2.1532667262047213e-09
6.663,2.1553972641455058e-09
6.66325,2.1575747529718634e-09
6.6635,2.159792797409524e-09
6.66375,2.1620448577959184e-09
6.664,2.1643253343825139e-09
6.66425,2.1666290322350449e-09
6.6645,2.1689502056203644e-09
6.66475,2.1712849554831262e-09
6.665,2.1736309702812518e-09
6.66525,2.1759882873732198e-09
6.6655,2.178357887004e-09
6.66575,2.1807422181720318e-09
6.666,2.1831455653788663e-09
6.66625,2.1855739877402771e-09
6.6665,2.1880336355724227e-09
6.66675,2.1905275770001235e-09
6.667,2.1930639325948658e-09
6.66725,2.1956476789643889e-09
6.6675,2.1982846597315419e-09
6.66775,2.2009798814795253e-09
6.668,2.2037366738345102e-09
6.66825,2.2065581946401502e-09
6.6685,2.2094460207358468e-09
6.66875,2.2124042604681638e-09
6.669,2.2154339480844347e-09
6.66925,2.2185358621069112e-09
6.6695,2.2217119956832384e-09
6.66975,2.2249617784878417e-09
6.67,2.2282858042031159e-09
6.67025,2.2316840865210621e-09
6.6705,2.2351536368031125e-09
6.67075,2.2386916561065909e-09
6.671,2.2422963650017621e-09
6.67125,2.2459622060475711e-09
6.6715,2.2496868856599512e-09
6.67175,2.2534652364498686e-09
6.672,2.2572921303632245e-09
6.67225,2.2611637798505408e-09
6.6725,2.2650774050589934e-09
6.67275,2.26902710074064e-09
6.673,2.2730084132865473e-09
6.67325,2.2770192365998141e-09
6.6735,2.2810529691262895e-09
6.67375,2.2851053108816858e-09
6.674,2.2891700198633472e-09
6.67425,2.2932407964849763e-09
6.6745,2.2973100153484419e-09
6.67475,2.3013715238015261e-09
6.675,2.3054174192920895e-09
6.67525,2.309439579143799e-09
6.6755,2.3134318119286973e-09
6.67575,2.3173880452601019e-09
6.676,2.3213028277306898e-09
6.67625,2.3251727973245503e-09
6.6765,2.3289981134591409e-09
6.67675,2.3327789379554673e-09
6.677,2.3365183796888522e-09
6.67725,2.3402214321389563e-09
6.6775,2.3438942969711177e-09
6.67775,2.3475464798761664e-09
6.678,2.3511870703481458e-09
6.67825,2.3548274277069827e-09
6.6785,2.3584774851417496e-09
6.67875,2.3621512921447543e-09
6.679,2.3658603212552438e-09
6.67925,2.3696152814497465e-09
6.6795,2.3734259211931863e-09
6.67975,2.3773034517158227e-09
6.68,2.3812568191572192e-09
6.68025,2.3852943521066502e-09
6.6805,2.3894228670245937e-09
6.68075,2.3936445993248376e-09
6.681,2.3979634729432139e-09
6.68125,2.4023811831933295e-09
6.6815,2.406898891301717e-09
6.68175,2.4115132300065903e-09
6.682,2.4162219948171828e-09
6.68225,2.4210210013033268e-09
6.6825,2.4259036370741531e-09
6.68275,2.4308623747243007e-09
6.683,2.4358903194771571e-09
6.68325,2.4409790606433686e-09
6.6835,2.446117298484846e-09
6.68375,2.4512967774264419e-09
6.684,2.4565073298230219e-09
6.68425,2.4617392858428109e-09
6.6845,2.4669842408122921e-09
6.68475,2.4722345978383972e-09
6.685,2.477484155065042e-09
6.68525,2.4827264096391479e-09
6.6855,2.4879575576195327e-09
6.68575,2.4931731559896199e-09
6.686,2.4983723849211425e-09
6.68625,2.5035522041667763e-09
6.6865,2.5087129164548068e-09
6.68675,2.5138543043480493e-09
6.687,2.5189784732881773e-09
6.68725,2.5240875191130943e-09
6.6875,2.5291845319786395e-09
6.68775,2.5342733041988424e-09
6.688,2.5393592444393201e-09
6.68825,2.5444478665111082e-09
6.6885,2.5495439761816386e-09
6.68875,2.5546565901663008e-09
6.689,2.5597917139165661e-09
6.68925,2.5649586299833188e-09
6.6895,2.5701652727202449e-09
6.68975,2.5754191987835287e-09
6.69,2.5807271019154756e-09
6.69025,2.5860935527827249e-09
6.6905,2.5915246767016987e-09
6.69075,2.5970251923447071e-09
6.691,2.6025958829148442e-09
6.69125,2.6082386929284144e-09
6.6915,2.6139534851878533e-09
6.69175,2.6197380219983362e-09
6.692,2.6255889565949467e-09
6.69225,2.6315000630756963e-09
6.6925,2.6374668776090627e-09
6.69275,2.6434797566725897e-09
6.693,2.6495273960671806e-09
6.69325,2.6556009468830893e-09
6.6935,2.6616856449576344e-09
6.69375,2.6677692023420667e-09
6.694,2.6738370529905212e-09
6.69425,2.679875376253054e-09
6.6945,2.6858701855821592e-09
6.69475,2.6918053068755767e-09
6.695,2.6976704046190414e-09
6.69525,2.70345285480559e-09
6.6955,2.7091401612633057e-09
6.69575,2.714725519454905e-09
6.696,2.7202037885235938e-09
6.69625,2.7255695426780181e-09
6.6965,2.7308235132238293e-09
6.69675,2.7359629250070714e-09
6.697,2.7409913372103419e-09
6.69725,2.7459116987059891e-09
6.6975,2.7507288053577776e-09
6.69775,2.7554512689902136e-09
6.698,2.7600858292725728e-09
6.69825,2.7646410437760102e-09
6.6985,2.7691285966391357e-09
6.69875,2.7735568461562314e-09
6.699,2.7779365139899971e-09
6.69925,2.7822798969180785e-09
6.6995,2.7865938483127831e-09
6.69975,2.7908883059206271e-09
6.7,2.7951722140216774e-09
6.70025,2.799455017598195e-09
6.7005,2.803740742235404e-09
6.70075,2.8080363640483304e-09
6.701,2.8123454470045696e-09
6.70125,2.8166713706115061e-09
6.7015,2.8210158678489125e-09
6.70175,2.825378510526846e-09
6.702,2.8297603363711407e-09
6.70225,2.8341584707625638e-09
6.7025,2.8385718476588603e-09
6.70275,2.8429971453046103e-09
6.703,2.8474334217125032e-09
6.70325,2.8518770543028639e-09
6.7035,2.8563227360628888e-09
6.70375,2.860766621054528e-09
6.704,2.865205682300788e-09
6.70425,2.8696343464026729e-09
6.7045,2.8740462143490579e-09
6.70475,2.8784342677221085e-09
6.705,2.882793032358551e-09
6.70525,2.8871143582802071e-09
6.7055,2.8913890239369567e-09
6.70575,2.8956092486603143e-09
6.706,2.8997653096700416e-09
6.70625,2.9038504709036959e-09
6.7065,2.9078569791139011e-09
6.70675,2.9117768181988799e-09
6.707,2.9156043218026982e-09
6.70725,2.9193350684453266e-09
6.7075,2.9229620705635639e-09
6.70775,2.9264812993235181e-09
6.708,2.9298887714372307e-09
6.70825,2.9331830130551006e-09
6.7085,2.93636256204746e-09
6.70875,2.9394281588856452e-09
6.709,2.9423781929485382e-09
6.70925,2.945214257828978e-09
6.7095,2.9479381894025585e-09
6.70975,2.9505539239730767e-09
6.71,2.9530644078416295e-09
6.71025,2.9554726798428902e-09
6.7105,2.9577829952027613e-09
6.71075,2.9600003332830138e-09
6.711,2.962128158450613e-09
6.71125,2.9641710249512526e-09
6.7115,2.9661329276350414e-09
6.71175,2.9680165316143061e-09
6.712,2.9698242304319165e-09
6.71225,2.9715581458858558e-09
6.7125,2.9732179734806437e-09
6.71275,2.9748053582560688e-09
6.713,2.9763218493460489e-09
6.71325,2.9777663052974592e-09
6.7135,2.9791392470145516e-09
6.71375,2.9804422470531471e-09
6.714,2.9816762323378518e-09
6.71425,2.9828463852570466e-09
6.7145,2.9839537901864398e-09
6.71475,2.9850009223474735e-09
6.715,2.9859940488114523e-09
6.71525,2.9869387222721242e-09
6.7155,2.9878382389312983e-09
6.71575,2.9886991831237325e-09
6.716,2.9895255944321281e-09
6.71625,2.9903221849461623e-09
6.7165,2.9910928453173429e-09
6.71675,2.9918415314555826e-09
6.717,2.9925704181715594e-09
6.71725,2.9932810218790134e-09
6.7175,2.9939749867119218e-09
6.71775,2.9946522373984887e-09
6.718,2.9953107231325462e-09
6.71825,2.9959503292238686e-09
6.7185,2.9965674493405283e-09
6.71875,2.9971599000612937e-09
6.719,2.9977242022896996e-09
6.71925,2.9982559715143559e-09
6.7195,2.9987499156562321e-09
6.71975,2.9992034925149159e-09
6.72,2.9996111152924376e-09
6.72025,2.999969460138494e-09
6.7205,3.0002736397046156e-09
6.72075,3.0005204259491827e-09
6.721,3.0007078115352919e-09
6.72125,3.0008326570234155e-09
6.7215,3.0008949399370127e-09
6.72175,3.0008940080789088e-09
6.722,3.0008310427288423e-09
6.72225,3.0007075188630963e-09
6.7225,3.0005247200173512e-09
6.72275,3.0002863914101465e-09
6.723,2.9999961732356965e-09
6.72325,2.9996582522319047e-09
6.7235,2.999276863343194e-09
6.72375,2.9988568283353837e-09
6.724,2.9984004643101667e-09
6.72425,2.9979123674779913e-09
6.7245,2.997395483672898e-09
6.72475,2.9968540669919554e-09
6.725,2.9962898623714077e-09
6.72525,2.9957041281904724e-09
6.7255,2.9950964963452901e-09
6.72575,2.9944668031417864e-09
6.726,2.993815329469991e-09
6.72625,2.9931403105403514e-09
6.7265,2.9924407941479349e-09
6.72675,2.9917147198963875e-09
6.727,2.9909613816799746e-09
6.72725,2.9901798465329594e-09
6.7275,2.9893682632140323e-09
6.72775,2.9885266408159336e-09
6.728,2.9876538853518313e-09
6.72825,2.9867521303062591e-09
6.7285,2.985820399849832e-09
6.72875,2.9848598349547013e-09
6.729,2.9838701423262839e-09
6.72925,2.9828511939784459e-09
6.7295,2.9818024120815276e-09
6.72975,2.9807224389752421e-09
6.73,2.979609262762781e-09
6.73025,2.9784609747223837e-09
6.7305,2.9772749261445143e-09
6.73075,2.9760471179404583e-09
6.731,2.974775322129259e-09
6.73125,2.9734561171720199e-09
6.7315,2.9720867832625417e-09
6.73175,2.9706640785935718e-09
6.732,2.9691864480590553e-09
6.73225,2.9676534397742076e-09
6.7325,2.9660657446918325e-09
6.73275,2.9644236294269034e-09
6.733,2.9627298097066523e-09
6.73325,2.9609861372976658e-09
6.7335,2.9591947283159394e-09
6.73375,2.9573585358280276e-09
6.734,2.9554801991496607e-09
6.73425,2.9535613779910288e-09
6.7345,2.9516022988376573e-09
6.73475,2.9496033489917504e-09
6.735,2.9475639081330657e-09
6.73525,2.9454817613400144e-09
6.7355,2.9433544822116455e-09
6.73575,2.9411786281144607e-09
6.736,2.9389516214771153e-09
6.73625,2.9366691844064581e-09
6.7365,2.9343290360248752e-09
6.73675,2.931930785774188e-09
6.737,2.9294728731155609e-09
6.73725,2.9269552179664879e-09
6.7375,2.9243815352899989e-09
6.73775,2.9217554926850031e-09
6.738,2.9190833125288842e-09
6.73825,2.9163718664350635e-09
6.7385,2.9136291432895913e-09
6.73875,2.9108633710715132e-09
6.739,2.9080862940105644e-09
6.73925,2.9053078916160819e-09
6.7395,2.9025386024754817e-09
6.73975,2.8997887313695219e-09
6.74,2.8970670864589153e-09
6.74025,2.8943826304234727e-09
6.7405,2.8917421145578271e-09
6.74075,2.8891512591046245e-09
6.741,2.8866143459207608e-09
6.74125,2.8841339949783702e-09
6.7415,2.8817106664019445e-09
6.74175,2.8793423612699173e-09
6.742,2.8770273107902e-09
6.74225,2.8747626094124349e-09
6.7425,2.8725426552647392e-09
6.74275,2.8703615737648424e-09
6.743,2.8682124529721186e-09
6.74325,2.8660876528639905e-09
6.7435,2.8639786903937041e-09
6.74375,2.8618786431444851e-09
6.744,2.8597770396614071e-09
6.74425,2.857665301683386e-09
6.7445,2.8555340272166918e-09
6.74475,2.8533736350711104e-09
6.745,2.851175360199734e-09
6.74525,2.8489301768717307e-09
6.7455,2.8466305072463965e-09
6.74575,2.8442679423835036e-09
6.746,2.8418382239720552e-09
6.74625,2.8393349853574588e-09
6.7465,2.8367560132568126e-09
6.74675,2.8340972125173155e-09
6.747,2.8313581519766091e-09
6.74725,2.8285381807179398e-09
6.7475,2.8256372168984803e-09
6.74775,2.822656074805059e-09
6.748,2.8195956407940182e-09
6.74825,2.8164566797187153e-09
6.7485,2.813239680596343e-09
6.74875,2.8099461757767696e-09
6.749,2.8065767075718374e-09
6.74925,2.803133006075468e-09
6.7495,2.7996159579161808e-09
6.74975,2.7960266639683112e-09
6.75,2.7923658600934128e-09
6.75025,2.7886358078837293e-09
6.7505,2.7848374200863938e-09
6.75075,2.7809737149218784e-09
6.751,2.7770448243061638e-09
6.75125,2.7730537165364654e-09
6.7515,2.7690034990466592e-09
6.75175,2.7648953546745217e-09
6.752,2.7607324688060304e-09
6.75225,2.7565170137043406e-09
6.7525,2.7522501120512596e-09
6.75275,2.7479346007947335e-09
6.753,2.7435734006775231e-09
6.75325,2.7391679817496589e-09
6.7535,2.7347218914929371e-09
6.75375,2.7302396728458147e-09
6.754,2.7257259675582148e-09
6.75425,2.7211844274283257e-09
6.7545,2.7166210386498739e-09
6.75475,2.7120415868076308e-09
6.755,2.7074506836227739e-09
6.75525,2.702854696587819e-09
6.7555,2.6982591918194802e-09
6.75575,2.6936682353808451e-09
6.756,2.6890872581350023e-09
6.75625,2.6845171996155931e-09
6.7565,2.6799610334447037e-09
6.75675,2.6754212103780518e-09
6.757,2.6708963909935363e-09
6.75725,2.6663855667168439e-09
6.7575,2.6618860237975157e-09
6.75775,2.6573970603987768e-09
6.758,2.6529139283131298e-09
6.75825,2.648434259936997e-09
6.7585,2.6439545544342658e-09
6.75875,2.6394717692874195e-09
6.759,2.6349821060133208e-09
6.75925,2.6304808435782127e-09
6.7595,2.6259665374332173e-09
6.75975,2.6214339708411275e-09
6.76,2.6168801916081305e-09
6.76025,2.6123006231367454e-09
6.7605,2.6076916911343132e-09
6.76075,2.6030489117601795e-09
6.761,2.5983671563635239e-09
6.76125,2.5936439793212116e-09
6.7615,2.5888745406127311e-09
6.76175,2.5840560931801414e-09
6.762,2.5791863511155525e-09
6.76225,2.574263300628493e-09
6.7625,2.5692862537611232e-09
6.76275,2.5642555461121794e-09
6.763,2.5591725175490734e-09
6.76325,2.5540396293666516e-09
6.7635,2.5488607406071661e-09
6.76375,2.5436397834419109e-09
6.764,2.5383847421600541e-09
6.76425,2.5331004885464536e-09
6.7645,2.5277918082345319e-09
6.76475,2.5224668026964091e-09
6.765,2.5171317904491676e-09
6.76525,2.5117928325279749e-09
6.7655,2.5064572968843924e-09
6.76575,2.5011310670532361e-09
6.766,2.4958202247011949e-09
6.76625,2.4905296463732402e-09
6.7665,2.4852630098226468e-09
6.76675,2.4800239996309599e-09
6.767,2.4748137075770865e-09
6.76725,2.4696316343400863e-09
6.7675,2.4644759475780641e-09
6.76775,2.4593414156840305e-09
6.768,2.4542214416942384e-09
6.76825,2.4491092074454785e-09
6.7685,2.4439972087351044e-09
6.76875,2.4388744809998401e-09
6.769,2.433730812816613e-09
6.76925,2.4285569790334865e-09
6.7695,2.4233444936450859e-09
6.76975,2.4180871032168597e-09
6.77,2.4127783230684256e-09
6.77025,2.407416421890296e-09
6.7705,2.4020001990073045e-09
6.77075,2.3965319799157015e-09
6.771,2.3910142255553977e-09
6.77125,2.3854524164456577e-09
6.7715,2.3798540922439098e-09
6.77175,2.3742280322957063e-09
6.772,2.3685831362235078e-09
6.77225,2.3629309111556817e-09
6.7725,2.3572819892088885e-09
6.77275,2.3516473702320009e-09
6.773,2.3460366924138584e-09
6.77325,2.3404624306044865e-09
6.7735,2.3349346328827125e-09
6.77375,2.3294606504380237e-09
6.774,2.324051580712665e-09
6.77425,2.3187148322203037e-09
6.7745,2.3134551636422855e-09
6.77475,2.308277958383401e-09
6.775,2.3031873106789469e-09
6.77525,2.2981858886796601e-09
6.7755,2.2932738695946215e-09
6.77575,2.288452503420637e-09
6.776,2.2837220110852722e-09
6.77625,2.2790791315633681e-09
6.7765,2.2745231395295675e-09
6.77675,2.2700525238096176e-09
6.777,2.2656648954162383e-09
6.77725,2.2613591592168718e-09
6.7775,2.2571336675538115e-09
6.77775,2.2529870676334343e-09
6.778,2.2489174943766882e-09
6.77825,2.244925007535692e-09
6.7785,2.2410075752390597e-09
6.77875,2.2371639974816993e-09
6.779,2.2333935800780413e-09
6.77925,2.2296932534480641e-09
6.7795,2.2260591538077756e-09
6.77975,2.2224869806413636e-09
6.78,2.2189714332174933e-09
6.78025,2.215505558896058e-09
6.7805,2.2120817252360457e-09
6.78075,2.2086901540484583e-09
6.781,2.2053234880978076e-09
6.78125,2.2019716680036908e-09
6.7815,2.1986259388015286e-09
6.78175,2.19527875832678e-09
6.782,2.191924357879173e-09
6.78225,2.1885582373091171e-09
6.7825,2.185177830456632e-09
6.78275,2.1817825458868339e-09
6.783,2.1783776013056795e-09
6.78325,2.174965536392626e-09
6.7835,2.1715554994735327e-09
6.78375,2.1681570370637608e-09
6.784,2.1647807163899207e-09
6.78425,2.1614394680878056e-09
6.7845,2.1581466964524774e-09
6.78475,2.1549167545330491e-09
6.785,2.1517623712099874e-09
6.78525,2.1486969147271469e-09
6.7855,2.1457308952144525e-09
6.78575,2.1428727646020222e-09
6.786,2.1401295517347173e-09
6.78625,2.1375072314502414e-09
6.7865,2.1350055398481801e-09
6.78675,2.1326237000780569e-09
6.787,2.1303565935337764e-09
6.78725,2.1281952318358635e-09
6.7875,2.126130112730492e-09
6.78775,2.1241473385322967e-09
6.788,2.1222316626704211e-09
6.78825,2.120367880467751e-09
6.7885,2.1185383317932434e-09
6.78875,2.1167271764034872e-09
6.789,2.1149201753030376e-09
6.78925,2.1131043223923555e-09
6.7895,2.1112701544894665e-09
6.78975,2.1094125492090491e-09
6.79,2.1075272624105874e-09
6.79025,2.1056157309539587e-09
6.7905,2.1036822361990265e-09
6.79075,2.1017341054023563e-09
6.791,2.0997820220807702e-09
6.79125,2.0978390889288525e-09
6.7915,2.0959169574563212e-09
6.79175,2.0940309201390946e-09
6.792,2.0921951451180007e-09
6.79225,2.0904236002511546e-09
6.7925,2.0887302680970204e-09
6.79275,2.087127446388285e-09
6.793,2.0856264883541958e-09
6.79325,2.0842388802768973e-09
6.7935,2.0829741553725434e-09
6.79375,2.0818397332488223e-09
6.794,2.0808432361407388e-09
6.79425,2.0799899545933103e-09
6.7945,2.0792826481838091e-09
6.79475,2.0787232350895618e-09
6.795,2.0783117334888792e-09
6.79525,2.0780444221316041e-09
6.7955,2.0779172261000668e-09
6.79575,2.0779242603072998e-09
6.796,2.0780564542532645e-09
6.79625,2.078302754622465e-09
6.7965,2.0786523915523055e-09
6.79675,2.0790933243077697e-09
6.797,2.0796118286885143e-09
6.79725,2.0801960672634288e-09
6.7975,2.0808326849463652e-09
6.79775,2.0815100784035014e-09
6.798,2.0822169155282478e-09
6.79825,2.08294293632847e-09
6.7985,2.083682341045812e-09
6.79875,2.0844190570374961e-09
6.799,2.0851512204364557e-09
6.79925,2.08587218181212e-09
6.7995,2.0865771797213232e-09
6.79975,2.0872624547138252e-09
6.8,2.0879259777629778e-09
6.80025,2.0885659061620608e-09
6.8005,2.089181683985721e-09
6.80075,2.0897743248325593e-09
6.801,2.0903447307771455e-09
6.80125,2.0908931790305291e-09
6.8015,2.0914263822600238e-09
6.80175,2.0919458210368837e-09
6.802,2.0924572010939625e-09
6.80225,2.0929651423559551e-09
6.8025,2.0934772481419051e-09
6.80275,2.0939993121825095e-09
6.803,2.0945376057870397e-09
6.80325,2.0950977955267992e-09
6.8035,2.0956838764403331e-09
6.80375,2.0962996699558516e-09
6.804,2.096948275784899e-09
6.80425,2.0976310120782136e-09
6.8045,2.0983477495914572e-09
6.80475,2.0990986526067674e-09
6.805,2.0998817384181266e-09
6.80525,2.1006969275973494e-09
6.8055,2.1015419378775233e-09
6.80575,2.1024151932313543e-09
6.806,2.1033173302634211e-09
6.80625,2.1042438327623428e-09
6.8065,2.1052047089861688e-09
6.80675,2.1061975032287772e-09
6.807,2.1072245556627129e-09
6.80725,2.1082892876563735e-09
6.8075,2.1093944729064295e-09
6.80775,2.1105426166482519e-09
6.808,2.1117364775599185e-09
6.80825,2.1129790399413439e-09
6.8085,2.1142713999486577e-09
6.80875,2.1156139840995297e-09
6.809,2.117007153195291e-09
6.80925,2.1184490020005193e-09
6.8095,2.1199379007002652e-09
6.80975,2.1214692539662312e-09
6.81,2.1230403338626971e-09
6.81025,2.1246459478039931e-09
6.8105,2.1262826351676411e-09
6.81075,2.1279433824025351e-09
6.811,2.1296225343816202e-09
6.81125,2.1313135901331126e-09
6.8115,2.1330102364638679e-09
6.81175,2.1347072541692929e-09
6.812,2.136398462341594e-09
6.81225,2.1380779681730794e-09
6.8125,2.1397430455053235e-09
6.81275,2.1413917596490105e-09
6.813,2.1430217321568163e-09
6.81325,2.1446339529525173e-09
6.8135,2.1462314959648831e-09
6.81375,2.1478201421215883e-09
6.814,2.1494068445661064e-09
6.81425,2.1509974846171638e-09
6.8145,2.1526037418619318e-09
6.81475,2.1542343789479011e-09
6.815,2.1559005117877953e-09
6.81525,2.1576145568242001e-09
6.8155,2.1593880869787719e-09
6.81575,2.1612304043628774e-09
6.816,2.1631528711331374e-09
6.81625,2.1651642102477422e-09
6.8165,2.167273412232418e-09
6.81675,2.1694863687484595e-09
6.817,2.1718097434452737e-09
6.81725,2.174247339123032e-09
6.8175,2.1768026733972621e-09
6.81775,2.1794762063599635e-09
6.818,2.1822670958730913e-09
6.81825,2.1851716362413758e-09
6.8185,2.1881850904748926e-09
6.81875,2.1913022615046389e-09
6.819,2.1945146941154582e-09
6.81925,2.1978130434401161e-09
6.8195,2.2011856077922016e-09
6.81975,2.2046202435571666e-09
6.82,2.2081023239506277e-09
6.82025,2.21161798777625e-09
6.8205,2.2151511182605088e-09
6.82075,2.2186871977930758e-09
6.821,2.2222119314958213e-09
6.82125,2.2257099559159702e-09
6.8215,2.2291682560568199e-09
6.82175,2.2325756649563821e-09
6.822,2.2359237250621211e-09
6.82225,2.2392047885109267e-09
6.8225,2.2424142200798838e-09
6.82275,2.2455506697543781e-09
6.823,2.2486161219084832e-09
6.82325,2.2516139479335856e-09
6.8235,2.2545491082501517e-09
6.82375,2.2574299816392495e-09
6.824,2.260268072349336e-09
6.82425,2.2630758256306391e-09
6.8245,2.2658638020064373e-09
6.82475,2.2686462115874753e-09
6.825,2.2714379223500044e-09
6.82525,2.2742531074922714e-09
6.8255,2.2771058608680292e-09
6.82575,2.2800098293895624e-09
6.826,2.2829790420588966e-09
6.82625,2.2860270489831987e-09
6.8265,2.2891658444202521e-09
6.82675,2.2924062208161519e-09
6.827,2.2957570255614416e-09
6.82725,2.2992254593922652e-09
6.8275,2.3028165866945263e-09
6.82775,2.3065318177365614e-09
6.828,2.3103738281206118e-09
6.82825,2.3143387592414029e-09
6.8285,2.3184210526682579e-09
6.82875,2.3226127871502804e-09
6.829,2.3269067541507137e-09
6.82925,2.3312887027277539e-09
6.8295,2.335747644005595e-09
6.82975,2.3402709727925454e-09
6.83,2.3448447187762585e-09
6.83025,2.3494581135009629e-09
6.8305,2.3540970550730965e-09
6.83075,2.3587522380554196e-09
6.831,2.3634131592672936e-09
6.83125,2.368072021730688e-09
6.8315,2.372723163753854e-09
6.83175,2.3773645756223533e-09
6.832,2.3819898656022016e-09
6.83225,2.3865982100127428e-09
6.8325,2.3911898192290655e-09
6.83275,2.3957654648754132e-09
6.833,2.400328647961825e-09
6.83325,2.4048816544517291e-09
6.8335,2.4094275017059244e-09
6.83375,2.4139689008595376e-09
6.834,2.4185101326448411e-09
6.83425,2.4230547567864367e-09
6.8345,2.4276105770318697e-09
6.83475,2.432178019583211e-09
6.835,2.4367594787912686e-09
6.83525,2.4413585512814652e-09
6.8355,2.4459771242528977e-09
6.83575,2.4506165374979443e-09
6.836,2.4552776512345153e-09
6.83625,2.4599597108755086e-09
6.8365,2.4646637101259153e-09
6.83675,2.4693862060352325e-09
6.837,2.474123667477017e-09
6.83725,2.478872605634982e-09
6.8375,2.4836329752073537e-09
6.83775,2.4884027300030268e-09
6.838,2.493180930696233e-09
6.83825,2.4979666978184712e-09
6.8385,2.5027579009254099e-09
6.83875,2.5075582071987451e-09
6.839,2.5123706958397723e-09
6.83925,2.5171971761588568e-09
6.8395,2.5220426265452041e-09
6.83975,2.5269122329322582e-09
6.84,2.531809750227421e-09
6.84025,2.5367389030917184e-09
6.8405,2.5417049578006833e-09
6.84075,2.5467122266248607e-09
6.841,2.5517586495156687e-09
6.84125,2.5568462299793638e-09
6.8415,2.5619754985365182e-09
6.84175,2.5671452063624531e-09
6.842,2.5723518030109898e-09
6.84225,2.5775907034662468e-09
6.8425,2.5828593178803648e-09
6.84275,2.5881542714299072e-09
6.843,2.5934669733944222e-09
6.84325,2.598796053555521e-09
6.8435,2.6041362403438361e-09
6.84375,2.6094823171900261e-09
6.844,2.6148324411884504e-09
6.84425,2.6201813496043103e-09
6.8445,2.625524282016868e-09
6.84475,2.6308604306143836e-09
6.845,2.6361860629863735e-09
6.84525,2.641499248246905e-09
6.8455,2.6467997353159869e-09
6.84575,2.6520871548422607e-09
6.846,2.6573608920851913e-09
6.84625,2.6626224267284783e-09
6.8465,2.6678688900922348e-09
6.84675,2.6731031716436497e-09
6.847,2.6783247830348191e-09
6.84725,2.6835338384560147e-09
6.8475,2.6887290215500863e-09
6.84775,2.6939107979553333e-09
6.848,2.6990795858863917e-09
6.84825,2.704233414674434e-09
6.8485,2.7093753771314027e-09
6.84875,2.714502518699752e-09
6.849,2.719616400670199e-09
6.84925,2.7247162047255324e-09
6.8495,2.7298017914937721e-09
6.84975,2.7348732636656155e-09
6.85,2.7399304084876537e-09
6.85025,2.7449725539964548e-09
6.8505,2.7499993926196655e-09
6.85075,2.7550110858413661e-09
6.851,2.7600095364181494e-09
6.85125,2.7649921522783311e-09
6.8515,2.7699604972251829e-09
6.85175,2.774915722791676e-09
6.852,2.779858139960512e-09
6.85225,2.7847887711759687e-09
6.8525,2.7897098177469787e-09
6.85275,2.794620411603361e-09
6.853,2.7995196568035392e-09
6.85325,2.804408516431261e-09
6.8535,2.8092825901144245e-09
6.85375,2.8141400516350205e-09
6.854,2.818975371915352e-09
6.85425,2.8237830684770813e-09
6.8545,2.8285573183724064e-09
6.85475,2.8332901874825962e-09
6.855,2.8379757640221524e-09
6.85525,2.8426087347914924e-09
6.8555,2.847182461460532e-09
6.85575,2.8516902898146399e-09
6.856,2.8561262027957561e-09
6.85625,2.8604865490791462e-09
6.8565,2.8647708041191172e-09
6.85675,2.8689774187045142e-09
6.857,2.8731064834066514e-09
6.85725,2.8771618141835028e-09
6.8575,2.8811433350605384e-09
6.85775,2.8850547853291933e-09
6.858,2.8889000578968636e-09
6.85825,2.8926828758210339e-09
6.8585,2.8964062370693733e-09
6.85875,2.9000726827124185e-09
6.859,2.9036831764758369e-09
6.85925,2.9072359946392442e-09
6.8595,2.9107290832262823e-09
6.85975,2.9141601844702203e-09
6.86,2.9175220243628669e-09
6.86025,2.920807801096014e-09
6.8605,2.924008464236905e-09
6.86075,2.9271169307525911e-09
6.861,2.9301254333156288e-09
6.86125,2.9330263052148975e-09
6.8615,2.9358144038670559e-09
6.86175,2.9384819557046546e-09
6.862,2.9410270779370756e-09
6.86225,2.9434491981555398e-09
6.8625,2.9457498818529139e-09
6.86275,2.9479326983629879e-09
6.863,2.9500028947319531e-09
6.86325,2.951968595724708e-09
6.8635,2.9538375449777405e-09
6.86375,2.9556203822230585e-09
6.864,2.9573289367113487e-09
6.86425,2.9589735860810038e-09
6.8645,2.9605656975718127e-09
6.86475,2.9621169178853641e-09
6.865,2.9636359700634894e-09
6.86525,2.9651316220397197e-09
6.8655,2.9666102280945327e-09
6.86575,2.9680785860892076e-09
6.866,2.9695394637718697e-09
6.86625,2.9709946271972077e-09
6.8665,2.9724440985910643e-09
6.86675,2.9738880277135285e-09
6.867,2.9753232142344538e-09
6.86725,2.9767474784702006e-09
6.8675,2.9781571356899643e-09
6.86775,2.9795486643606596e-09
6.868,2.9809197664566892e-09
6.86825,2.9822655921490693e-09
6.8685,2.9835839592292596e-09
6.86875,2.984871086693886e-09
6.869,2.9861236194135678e-09
6.86925,2.9873386721912906e-09
6.8695,2.9885143357243972e-09
6.86975,2.9896474023643336e-09
6.87,2.9907367344739867e-09
6.87025,2.9917805141484487e-09
6.8705,2.9927777312644929e-09
6.87075,2.9937278260687172e-09
6.871,2.994631118846682e-09
6.87125,2.9954866910151817e-09
6.8715,2.9962953388207519e-09
6.87175,2.997057080731074e-09
6.872,2.9977728314776883e-09
6.87225,2.9984419719661989e-09
6.8725,2.9990644054582571e-09
6.87275,2.9996376252005899e-09
6.873,3.0001604414111602e-09
6.87325,3.0006295874165291e-09
6.8735,3.0010406916372954e-09
6.87375,3.0013901775094565e-09
6.874,3.0016728797357328e-09
6.87425,3.0018838969589759e-09
6.8745,3.0020188831812977e-09
6.87475,3.0020734758245403e-09
6.875,3.0020446766021284e-09
6.87525,3.0019296879647563e-09
6.8755,3.0017268370510284e-09
6.87575,3.0014354119341869e-09
6.876,3.0010562209100303e-09
6.87625,3.0005903775490369e-09
6.8765,3.00004076343705e-09
6.87675,2.9994097181791435e-09
6.877,2.9987007136700491e-09
6.87725,2.997917272703598e-09
6.8775,2.9970631913389167e-09
6.87775,2.9961421148262176e-09
6.878,2.9951580770146559e-09
6.87825,2.9941144958149354e-09
6.8785,2.9930163384489639e-09
6.87875,2.9918669123848395e-09
6.879,2.9906709799682836e-09
6.87925,2.9894325855501631e-09
6.8795,2.9881574176329154e-09
6.87975,2.9868494594892077e-09
6.88,2.9855146822100067e-09
6.88025,2.9841578844162253e-09
6.8805,2.9827844964121141e-09
6.88075,2.9813993258871966e-09
6.881,2.9800067117411113e-09
6.88125,2.9786115465108711e-09
6.8815,2.9772165323549243e-09
6.88175,2.9758246589510426e-09
6.882,2.9744373160735419e-09
6.88225,2.9730549185277109e-09
6.8825,2.971677092952076e-09
6.88275,2.9703026867599387e-09
6.883,2.9689295487467426e-09
6.88325,2.9675552088474603e-09
6.8835,2.966176928260653e-09
6.88375,2.9647905417192874e-09
6.884,2.9633921801759697e-09
6.88425,2.9619779128657368e-09
6.8845,2.9605428405955527e-09
6.88475,2.9590835385380097e-09
6.885,2.9575954377155879e-09
6.88525,2.9560760442291074e-09
6.8855,2.9545213760627346e-09
6.88575,2.9529288079706426e-09
6.886,2.9512963797082401e-09
6.88625,2.9496232065373504e-09
6.8865,2.9479094282673728e-09
6.88675,2.9461552303720581e-09
6.887,2.944362119548059e-09
6.88725,2.9425329248847145e-09
6.8875,2.9406704240133258e-09
6.88775,2.938778812015612e-09
6.888,2.9368621736272057e-09
6.88825,2.934924748620043e-09
6.8885,2.9329708430411639e-09
6.88875,2.9310046709022777e-09
6.889,2.9290291747191237e-09
6.88925,2.9270480084827793e-09
6.8895,2.9250640706517761e-09
6.88975,2.9230801869888852e-09
6.89,2.9210987213066536e-09
6.89025,2.9191219993056244e-09
6.8905,2.917150985987342e-09
6.89075,2.9151869613577341e-09
6.891,2.9132300271921191e-09
6.89125,2.9112806531772397e-09
6.8915,2.9093355579007693e-09
6.89175,2.9073921825527662e-09
6.892,2.9054476771434932e-09
6.89225,2.9034958499718176e-09
6.8925,2.9015310218705407e-09
6.89275,2.8995457735712927e-09
6.893,2.8975325436661796e-09
6.89325,2.8954828199271975e-09
6.8935,2.8933893497295019e-09
6.89375,2.8912447113934248e-09
6.894,2.8890439677065151e-09
6.89425,2.8867815162855343e-09
6.8945,2.8844551058300631e-09
6.89475,2.8820621829241315e-09
6.895,2.8796039556555127e-09
6.89525,2.8770815803646652e-09
6.8955,2.8744979490067092e-09
6.89575,2.8718565221430035e-09
6.896,2.8691601823117051e-09
6.89625,2.8664121925901431e-09
6.8965,2.8636149203539744e-09
6.89675,2.8607704666181834e-09
6.897,2.8578795857829014e-09
6.89725,2.8549426135888036e-09
6.8975,2.8519579609936596e-09
6.89775,2.8489240044176691e-09
6.898,2.8458393459873845e-09
6.89825,2.8427011170330394e-09
6.8985,2.8395042450593615e-09
6.89875,2.8362476687262847e-09
6.899,2.8329255419695196e-09
6.89925,2.829537083822392e-09
6.8995,2.8260801380403653e-09
6.89975,2.822552210511292e-09
6.9,2.8189549667054874e-09
6.90025,2.8152887414911211e-09
6.9005,2.8115561721719123e-09
6.90075,2.8077606802417605e-09
6.901,2.8039065513695164e-09
6.90125,2.8000019141596248e-09
6.9015,2.7960536189714043e-09
6.90175,2.7920708018253238e-09
6.902,2.788063695205525e-09
6.90225,2.7840429162214857e-09
6.9025,2.780018831569373e-09
6.90275,2.7760027405502564e-09
6.903,2.772004236313025e-09
6.90325,2.7680313185527459e-09
6.9035,2.7640925282512389e-09
6.90375,2.7601935848042488e-09
6.904,2.7563382677647098e-09
6.90425,2.7525287400700642e-09
6.9045,2.748764532673241e-09
6.90475,2.7450422689747839e-09
6.905,2.7413570125421513e-09
6.90525,2.7377004478410924e-09
6.9055,2.7340618411938994e-09
6.90575,2.7304299385410728e-09
6.906,2.726793140776432e-09
6.90625,2.723138046800003e-09
6.9065,2.7194495302280805e-09
6.90675,2.7157162707682026e-09
6.907,2.7119269561639618e-09
6.90725,2.7080715811735883e-09
6.9075,2.7041431534967546e-09
6.90775,2.7001371691917843e-09
6.908,2.6960509852942428e-09
6.90825,2.6918846287365165e-09
6.9085,2.6876407610396309e-09
6.90875,2.6833242178209974e-09
6.909,2.6789393772598951e-09
6.90925,2.6744946335737855e-09
6.9095,2.6699978688112351e-09
6.90975,2.665457537710902e-09
6.91,2.6608838636066479e-09
6.91025,2.6562866849163379e-09
6.9105,2.6516733299543503e-09
6.91075,2.647052180144475e-09
6.911,2.6424322842515129e-09
6.91125,2.637817946806015e-09
6.9115,2.6332135538591133e-09
6.91175,2.6286207727521286e-09
6.912,2.6240399286040581e-09
6.91225,2.6194691210489011e-09
6.9125,2.6149053361853403e-09
6.91275,2.6103431070586668e-09
6.913,2.6057764000047846e-09
6.91325,2.6011968548932774e-09
6.9135,2.5965966838705274e-09
6.91375,2.5919687796653877e-09
6.914,2.5873035878488784e-09
6.91425,2.5825956238688425e-09
6.9145,2.5778371935338359e-09
6.91475,2.5730240155990021e-09
6.915,2.5681530462821352e-09
6.91525,2.5632175051935786e-09
6.9155,2.5582167411768475e-09
6.91575,2.5531511255006436e-09
6.916,2.5480203869777822e-09
6.91625,2.5428243769470143e-09
6.9165,2.5375644408167718e-09
6.91675,2.5322415505868168e-09
6.917,2.5268573963316311e-09
6.91725,2.521415227847127e-09
6.9175,2.5159184245325123e-09
6.91775,2.5103721342995046e-09
6.918,2.5047821721659282e-09
6.91825,2.4991537930704061e-09
6.9185,2.4934964830358266e-09
6.91875,2.4878170461870614e-09
6.919,2.4821255129067206e-09
6.91925,2.476428993860096e-09
6.9195,2.4707365358571031e-09
6.91975,2.465055637432171e-09
6.92,2.4593947282742886e-09
6.92025,2.4537597192092579e-09
6.9205,2.4481566980586565e-09
6.92075,2.4425932414603091e-09
6.921,2.4370722276602385e-09
6.92125,2.431599458536341e-09
6.9215,2.4261785385495211e-09
6.92175,2.4208121954944728e-09
6.922,2.4155042319175008e-09
6.92225,2.4102609278307583e-09
6.9225,2.4050806549231324e-09
6.92275,2.3999662688057808e-09
6.923,2.3949175282724575e-09
6.92325,2.3899345816686776e-09
6.9235,2.3850160588046565e-09
6.92375,2.3801579453383587e-09
6.924,2.3753543351084637e-09
6.92425,2.3706002907743779e-09
6.9245,2.3658879015934213e-09
6.92475,2.3612085436418257e-09
6.925,2.3565534313251395e-09
6.92525,2.3519145952869584e-09
6.9255,2.3472822625015819e-09
6.92575,2.3426474425130716e-09
6.926,2.3380036670970713e-09
6.92625,2.3333447483724001e-09
6.9265,2.3286664602408774e-09
6.92675,2.323965827308236e-09
6.927,2.3192434929423774e-09
6.92725,2.3144998257874877e-09
6.9275,2.3097385015606448e-09
6.92775,2.3049635492384038e-09
6.928,2.3001796481589761e-09
6.92825,2.2953931657330708e-09
6.9285,2.290610322906144e-09
6.92875,2.2858376161412477e-09
6.929,2.2810808028123194e-09
6.92925,2.2763463572050963e-09
6.9295,2.2716400784570565e-09
6.92975,2.2669665417522291e-09
6.93,2.2623323206956279e-09
6.93025,2.257740897228229e-09
6.9305,2.2531965843819311e-09
6.93075,2.2487028447087518e-09
6.931,2.2442639068540999e-09
6.93125,2.2398837691795898e-09
6.9315,2.2355644152290765e-09
6.93175,2.2313087003616643e-09
6.932,2.227118352447227e-09
6.93225,2.2229922664400289e-09
6.9325,2.2189313055129647e-09
6.93275,2.2149352643038433e-09
6.933,2.2110032378803359e-09
6.93325,2.2071326933290816e-09
6.9335,2.2033220827195982e-09
6.93375,2.1995693041149984e-09
6.934,2.1958703713077403e-09
6.93425,2.1922264714727444e-09
6.9345,2.1886335164426329e-09
6.93475,2.185088187575996e-09
6.935,2.181588548269228e-09
6.93525,2.1781312510630005e-09
6.9355,2.174715375209112e-09
6.93575,2.171337180776799e-09
6.936,2.1679935343725808e-09
6.93625,2.1646827051111582e-09
6.9365,2.1614004988834279e-09
6.93675,2.1581426576053022e-09
6.937,2.1549069644852984e-09
6.93725,2.1516903506538736e-09
6.9375,2.1484926743414723e-09
6.93775,2.1453141760219717e-09
6.938,2.142154587983627e-09
6.93825,2.1390122222511931e-09
6.9385,2.135891289400746e-09
6.93875,2.1327951647661533e-09
6.939,2.1297279746152403e-09
6.93925,2.1266942397904868e-09
6.9395,2.123698944804044e-09
6.93975,2.1207479679378214e-09
6.94,2.1178459198394737e-09
6.94025,2.1150002680435594e-09
6.9405,2.1122179094247587e-09
6.94075,2.10950594683817e-09
6.941,2.1068720061629571e-09
6.94125,2.1043218109223345e-09
6.9415,2.1018648051801788e-09
6.94175,2.0995048274079111e-09
6.942,2.0972506300520012e-09
6.94225,2.0951083286178817e-09
6.9425,2.0930830754143568e-09
6.94275,2.0911797475570285e-09
6.943,2.0894010700585063e-09
6.94325,2.0877485446413419e-09
6.9435,2.0862234643467311e-09
6.94375,2.0848247927600133e-09
6.944,2.0835499556384265e-09
6.94425,2.0823954881597603e-09
6.9445,2.081355923044571e-09
6.94475,2.0804275917005798e-09
6.945,2.0796037175314997e-09
6.94525,2.0788772799873434e-09
6.9455,2.0782423182776868e-09
6.94575,2.0776911516048293e-09
6.946,2.0772151990746865e-09
6.94625,2.076807031470887e-09
6.9465,2.0764587855960733e-09
6.94675,2.0761617737001669e-09
6.947,2.0759071853561917e-09
6.94725,2.0756877312508145e-09
6.9475,2.0754938110183615e-09
6.94775,2.0753161599242411e-09
6.948,2.0751483933484357e-09
6.94825,2.0749830620849573e-09
6.9485,2.0748133002395279e-09
6.94875,2.0746351091938245e-09
6.949,2.0744449173949052e-09
6.94925,2.0742395921536571e-09
6.9495,2.0740203253551992e-09
6.94975,2.0737882156747578e-09
6.95,2.0735473016428751e-09
6.95025,2.0733044723770968e-09
6.9505,2.0730669252599428e-09
6.95075,2.0728415763586708e-09
6.951,2.0726436629261326e-09
6.95125,2.0724802580991329e-09
6.9515,2.072365309278337e-09
6.95175,2.0723102771053859e-09
6.952,2.0723272182396704e-09
6.95225,2.0724287857229781e-09
6.9525,2.0726265760249759e-09
6.95275,2.0729300151226051e-09
6.953,2.073348980231638e-09
6.95325,2.0738895330718815e-09
6.9535,2.0745577721971163e-09
6.95375,2.0753560699760182e-09
6.954,2.0762843506058456e-09
6.95425,2.0773414596339338e-09
6.9545,2.0785221084094397e-09
6.95475,2.0798189476806299e-09
6.955,2.0812229725783974e-09
6.95525,2.0827222355450861e-09
6.9555,2.0843037012071732e-09
6.95575,2.0859545089797979e-09
6.956,2.0876585737616277e-09
6.95625,2.0893997168438149e-09
6.9565,2.0911650151723759e-09
6.95675,2.0929398075412302e-09
6.957,2.0947106025382437e-09
6.95725,2.0964660605903378e-09
6.9575,2.0981955333021193e-09
6.95775,2.0998919793666708e-09
6.958,2.1015494422826124e-09
6.95825,2.1031632093831078e-09
6.9585,2.104734792967463e-09
6.95875,2.1062644517495407e-09
6.959,2.1077566608633245e-09
6.95925,2.1092170066913458e-09
6.9595,2.1106534867749233e-09
6.95975,2.1120754499470838e-09
6.96,2.1134921171019614e-09
6.96025,2.1149141985624964e-09
6.9605,2.1163511013066629e-09
6.96075,2.1178120867876633e-09
6.961,2.1193044923332435e-09
6.96125,2.1208359426489016e-09
6.9615,2.1224099493694827e-09
6.96175,2.1240281239465681e-09
6.962,2.1256933013673347e-09
6.96225,2.1274033843912778e-09
6.9625,2.12915771066263e-09
6.96275,2.130951926201576e-09
6.963,2.1327822515501299e-09
6.96325,2.134645896188541e-09
6.9635,2.1365408636176556e-09
6.96375,2.1384644133673676e-09
6.964,2.1404149600090157e-09
6.96425,2.142393124931044e-09
6.9645,2.1444001168851934e-09
6.96475,2.1464381303817269e-09
6.965,2.1485100222686054e-09
6.96525,2.1506185963564668e-09
6.9655,2.1527692640382629e-09
6.96575,2.1549664163409804e-09
6.966,2.1572131464055925e-09
6.96625,2.1595131601184297e-09
6.9665,2.1618670416876963e-09
6.96675,2.1642786534120637e-09
6.967,2.1667505051496836e-09
6.96725,2.1692802909319749e-09
6.9675,2.1718682143284521e-09
6.96775,2.174509899261808e-09
6.968,2.1772010803477717e-09
6.96825,2.1799380698565095e-09
6.9685,2.1827118071302584e-09
6.96875,2.1855156761877412e-09
6.969,2.1883417981960987e-09
6.96925,2.1911801838744406e-09
6.9695,2.1940226008634279e-09
6.96975,2.1968596710839749e-09
6.97,2.1996845944246825e-09
6.97025,2.2024896739586572e-09
6.9705,2.2052691853960857e-09
6.97075,2.2080183880474047e-09
6.971,2.2107342962905557e-09
6.97125,2.2134182512058861e-09
6.9715,2.2160711244665083e-09
6.97175,2.2186959611028203e-09
6.972,2.2212990834125144e-09
6.97225,2.2238863077916926e-09
6.9725,2.2264647816582138e-09
6.97275,2.2290460431950294e-09
6.973,2.23164073847862e-09
6.97325,2.2342601853522367e-09
6.9735,2.2369124249772317e-09
6.97375,2.2396102211254504e-09
6.974,2.2423622120943157e-09
6.97425,2.2451770671687782e-09
6.9745,2.2480601800162381e-09
6.97475,2.2510166100236159e-09
6.975,2.2540485972333373e-09
6.97525,2.2571577549205151e-09
6.9755,2.2603451946204289e-09
6.97575,2.2636080556122277e-09
6.976,2.2669426187743559e-09
6.97625,2.2703462643837409e-09
6.9765,2.2738147295387751e-09
6.97675,2.2773439447707651e-09
6.977,2.2809310041187169e-09
6.97725,2.2845705058464769e-09
6.9775,2.2882614742361609e-09
6.97775,2.2920011821689133e-09
6.978,2.2957886798154282e-09
6.97825,2.2996218688874766e-09
6.9785,2.3035010715244556e-09
6.97875,2.3074263249714079e-09
6.979,2.3113971413692165e-09
6.97925,2.3154138298604326e-09
6.9795,2.319476584152134e-09
6.97975,2.3235828789197257e-09
6.98,2.3277348831695431e-09
6.98025,2.3319294141785822e-09
6.9805,2.3361659775072967e-09
6.98075,2.3404431118638739e-09
6.981,2.3447621673962187e-09
6.98125,2.3491197035214702e-09
6.9815,2.3535139767815139e-09
6.98175,2.3579461121291211e-09
6.982,2.362415367808136e-09
6.98225,2.3669230416051086e-09
6.9825,2.3714681103287269e-09
6.98275,2.3760524055069667e-09
6.983,2.3806740980862183e-09
6.98325,2.3853353843007126e-09
6.9835,2.3900344504000349e-09
6.98375,2.394771450270503e-09
6.984,2.39954240246741e-09
6.98425,2.4043458466358769e-09
6.9845,2.409178497290996e-09
6.98475,2.4140328118698477e-09
6.985,2.4189022190635972e-09
6.98525,2.4237812685493859e-09
6.9855,2.4286645828148864e-09
6.98575,2.4335480591274599e-09
6.986,2.4384246300302517e-09
6.98625,2.4432903172639631e-09
6.9865,2.4481425307365771e-09
6.98675,2.4529771220336098e-09
6.987,2.4577941879592688e-09
6.98725,2.4625930956792978e-09
6.9875,2.4673768525107124e-09
6.98775,2.4721463668874382e-09
6.988,2.4769059434714466e-09
6.98825,2.4816602983410682e-09
6.9885,2.4864138961595988e-09
6.98875,2.4911715404670076e-09
6.989,2.4959399029480687e-09
6.98925,2.5007222506014872e-09
6.9895,2.5055239221461411e-09
6.98975,2.5103476155044887e-09
6.99,2.5151995682385992e-09
6.99025,2.5200795769366959e-09
6.9905,2.5249881259096454e-09
6.99075,2.5299240971100956e-09
6.991,2.534887816029392e-09
6.99125,2.5398769775136435e-09
6.9915,2.5448886400917633e-09
6.99175,2.5499191695585846e-09
6.992,2.5549621495982788e-09
6.99225,2.5600178824736787e-09
6.9925,2.5650819038462374e-09
6.99275,2.5701505348526422e-09
6.993,2.5752198627434007e-09
6.99325,2.580290252583288e-09
6.9935,2.5853572873634279e-09
6.99375,2.5904196120830277e-09
6.994,2.5954766932224129e-09
6.99425,2.6005290548104511e-09
6.9945,2.6055782036841854e-09
6.99475,2.6106243109610211e-09
6.995,2.6156716188296669e-09
6.99525,2.6207214541063227e-09
6.9955,2.6257815947117033e-09
6.99575,2.6308547805792064e-09
6.996,2.6359480507129192e-09
6.99625,2.6410655224251407e-09
6.9965,2.6462151573927448e-09
6.99675,2.6513993383089725e-09
6.997,2.6566229071329765e-09
6.99725,2.6618893894934679e-09
6.9975,2.6671971188225974e-09
6.99775,2.6725476947467711e-09
6.998,2.6779357157195475e-09
6.99825,2.6833577372572304e-09
6.9985,2.6888049959224835e-09
6.99875,2.694270987503701e-09
6.999,2.6997459962190346e-09
6.99925,2.7052190641098839e-09
6.9995,2.7106797119740679e-09
6.99975,2.7161158857548984e-09
7.0,2.7215191146814244e-09
7.00025,2.7268766008383667e-09
7.0005,2.73217975555763e-09
7.00075,2.7374189049473055e-09
7.001,2.7425851305218316e-09
7.00125,2.7476722396030546e-09
7.0015,2.7526750642553839e-09
7.00175,2.7575904694262816e-09
7.002,2.7624145589046125e-09
7.00225,2.7671469422464397e-09
7.0025,2.7717876935951576e-09
7.00275,2.7763390904691142e-09
7.003,2.7808061570385928e-09
7.00325,2.7851961368913519e-09
7.0035,2.7895146749038217e-09
7.00375,2.7937714009463492e-09
7.004,2.7979761372774149e-09
7.00425,2.8021393144237508e-09
7.0045,2.8062714366105888e-09
7.00475,2.8103834898923449e-09
7.005,2.8144842212058579e-09
7.00525,2.8185826486491946e-09
7.0055,2.8226882115631774e-09
7.00575,2.8268061796493685e-09
7.006,2.8309408488360758e-09
7.00625,2.8350936517911557e-09
7.0065,2.8392649562418155e-09
7.00675,2.8434538604275887e-09
7.007,2.847656648276957e-09
7.00725,2.8518687194639899e-09
7.0075,2.8560849242537584e-09
7.00775,2.860298619467645e-09
7.008,2.8645018033745263e-09
7.00825,2.8686863689274988e-09
7.0085,2.8728455280998092e-09
7.00875,2.8769697170119397e-09
7.009,2.881050114372382e-09
7.00925,2.8850792705178229e-09
7.0095,2.8890473724935539e-09
7.00975,2.8929453162819574e-09
7.01,2.8967653691778044e-09
7.01025,2.9004993147948265e-09
7.0105,2.9041396482662929e-09
7.01075,2.9076801104029485e-09
7.011,2.9111160627281666e-09
7.01125,2.9144438968359801e-09
7.0115,2.9176623997088208e-09
7.01175,2.9207710644296529e-09
7.012,2.9237720035029407e-09
7.01225,2.9266678586130425e-09
7.0125,2.9294634954868089e-09
7.01275,2.9321648281411164e-09
7.013,2.9347799164106277e-09
7.01325,2.9373163485571745e-09
7.0135,2.9397831416015245e-09
7.01375,2.9421896482037261e-09
7.014,2.94454556689021e-09
7.01425,2.9468617579906996e-09
7.0145,2.9491484177463178e-09
7.01475,2.951415110455612e-09
7.015,2.9536718269325755e-09
7.01525,2.9559283750599818e-09
7.0155,2.9581928205574617e-09
7.01575,2.9604729617086286e-09
7.016,2.9627748916872162e-09
7.01625,2.9651019356633584e-09
7.0165,2.9674564238567956e-09
7.01675,2.9698366736311633e-09
7.017,2.9722396267940099e-09
7.01725,2.9746588347524646e-09
7.0175,2.9770857161040294e-09
7.01775,2.9795093091272151e-09
7.018,2.9819162565000932e-09
7.01825,2.9842936093963616e-09
7.0185,2.9866267078184634e-09
7.01875,2.9889011097583409e-09
7.019,2.9911027472347114e-09
7.01925,2.9932195938373386e-09
7.0195,2.9952396891924303e-09
7.01975,2.9971539291326358e-09
7.02,2.9989549486004214e-09
7.02025,3.0006372020836994e-09
7.0205,3.002198575698431e-09
7.02075,3.0036375741941241e-09
7.021,3.0049548314414336e-09
7.02125,3.0061525589006532e-09
7.0215,3.0072340813604596e-09
7.02175,3.0082035218920619e-09
7.022,3.0090663384983347e-09
7.02225,3.0098284973502891e-09
7.0225,3.0104957915159098e-09
7.02275,3.0110737277011992e-09
7.023,3.0115680041249375e-09
7.02325,3.0119826259576202e-09
7.0235,3.0123218871543301e-09
7.02375,3.0125889551307932e-09
7.024,3.0127853444094548e-09
7.02425,3.0129117193537824e-09
7.0245,3.0129680633926687e-09
7.02475,3.0129531481015082e-09
7.025,3.0128653666320506e-09
7.02525,3.0127021820909231e-09
7.0255,3.0124620351257917e-09
7.02575,3.0121430376004245e-09
7.026,3.0117449726424469e-09
7.02625,3.0112682412889361e-09
7.0265,3.0107146991135421e-09
7.02675,3.0100875190623432e-09
7.027,3.0093922011610886e-09
7.02725,3.0086354623288841e-09
7.0275,3.0078247238765559e-09
7.02775,3.0069705708927531e-09
7.028,3.0060816942653307e-09
7.02825,3.0051687440073621e-09
7.0285,3.0042411724521248e-09
7.02875,3.0033077412189907e-09
7.029,3.0023757216808638e-09
7.02925,3.0014511831645355e-09
7.0295,3.0005374464502095e-09
7.02975,2.9996365593552935e-09
7.03,2.9987461642641608e-09
7.03025,2.9978636792501604e-09
7.0305,2.9969824798533128e-09
7.03075,2.9960958261808445e-09
7.031,2.9951941197620193e-09
7.03125,2.994268473055806e-09
7.0315,2.9933084696480837e-09
7.03175,2.9923044473923386e-09
7.032,2.9912478617628422e-09
7.03225,2.9901312322231825e-09
7.0325,2.9889480161091459e-09
7.03275,2.9876940810027084e-09
7.033,2.9863676404782784e-09
7.03325,2.9849673117741553e-09
7.0335,2.983493894961683e-09
7.03375,2.9819514797070453e-09
7.034,2.9803425282804718e-09
7.03425,2.978673027567278e-09
7.0345,2.9769483408136907e-09
7.03475,2.9751762670850616e-09
7.035,2.973364267796785e-09
7.03525,2.9715194441035931e-09
7.0355,2.9696508968641772e-09
7.03575,2.9677652450208675e-09
7.036,2.965869222087911e-09
7.03625,2.9639689700840356e-09
7.0365,2.9620696889882894e-09
7.03675,2.9601739821582384e-09
7.037,2.9582856947931015e-09
7.03725,2.9564057529098911e-09
7.0375,2.9545344155257594e-09
7.03775,2.9526712691380331e-09
7.038,2.9508166567669691e-09
7.03825,2.9489692350123072e-09
7.0385,2.9471282267393662e-09
7.03875,2.9452935638843343e-09
7.039,2.943466300202881e-09
7.03925,2.9416459232305958e-09
7.0395,2.939834840406387e-09
7.03975,2.9380343400884367e-09
7.04,2.9362458661509504e-09
7.04025,2.9344702800908341e-09
7.0405,2.9327066820651937e-09
7.04075,2.9309548960727156e-09
7.041,2.9292120644599367e-09
7.04125,2.9274729228719738e-09
7.0415,2.9257321964948493e-09
7.04175,2.9239819329644439e-09
7.042,2.9222140871742627e-09
7.04225,2.920418770050864e-09
7.0425,2.9185856256962621e-09
7.04275,2.9167049549596984e-09
7.043,2.9147667089696893e-09
7.04325,2.9127617614037306e-09
7.0435,2.9106801166902459e-09
7.04375,2.9085144091177626e-09
7.044,2.9062560773772607e-09
7.04425,2.9039062679258941e-09
7.0445,2.9014471240100725e-09
7.04475,2.8988781381967407e-09
7.045,2.8961978188181018e-09
7.04525,2.8934038828550559e-09
7.0455,2.8904975069498684e-09
7.04575,2.8874788964743136e-09
7.046,2.8843533895155839e-09
7.04625,2.8811258428614568e-09
7.0465,2.8778029291911296e-09
7.04675,2.8743968105586782e-09
7.047,2.8709167538898413e-09
7.04725,2.8673733416253621e-09
7.0475,2.8637795359084034e-09
7.04775,2.8601475427051466e-09
7.048,2.8564897716301401e-09
7.04825,2.8528194681965692e-09
7.0485,2.8491459354489018e-09
7.04875,2.8454790566114392e-09
7.049,2.8418265284895413e-09
7.04925,2.8381947425406845e-09
7.0495,2.8345883540493276e-09
7.04975,2.8310098114520021e-09
7.05,2.8274613015717111e-09
7.05025,2.8239426160753412e-09
7.0505,2.8204528558560316e-09
7.05075,2.8169917108341299e-09
7.051,2.8135566965915408e-09
7.05125,2.810143220743914e-09
7.0515,2.8067493329416153e-09
7.05175,2.8033682952178442e-09
7.052,2.7999979031837979e-09
7.05225,2.796632125818185e-09
7.0525,2.793264398407835e-09
7.05275,2.7898882229973188e-09
7.053,2.7864944752379341e-09
7.05325,2.7830769067124384e-09
7.0535,2.7796247649940931e-09
7.05375,2.7761297879976303e-09
7.054,2.7725831045846118e-09
7.05425,2.7689758207850085e-09
7.0545,2.7653019548223614e-09
7.05475,2.7615528258337674e-09
7.055,2.7577246742540031e-09
7.05525,2.7538128876764301e-09
7.0555,2.7498153454247293e-09
7.05575,2.7457347409235267e-09
7.056,2.7415723449995526e-09
7.05625,2.7373337241807041e-09
7.0565,2.7330246282852086e-09
7.05675,2.7286525869826112e-09
7.057,2.7242273004409301e-09
7.05725,2.7197600026836247e-09
7.0575,2.715258514657171e-09
7.05775,2.7107333457379916e-09
7.058,2.7061956619980197e-09
7.05825,2.7016548895821002e-09
7.0585,2.697120067697056e-09
7.05875,2.6925994214126176e-09
7.059,2.6880968001801158e-09
7.05925,2.6836175147244079e-09
7.0595,2.679164126838632e-09
7.05975,2.6747376709564367e-09
7.06,2.6703381312573197e-09
7.06025,2.6659631626008277e-09
7.0605,2.6616089058962769e-09
7.06075,2.65727083049218e-09
7.061,2.6529444793674461e-09
7.06125,2.6486209799054964e-09
7.0615,2.6442935231336076e-09
7.06175,2.6399542292266856e-09
7.062,2.6355969315581775e-09
7.06225,2.6312171086527781e-09
7.0625,2.626807252100764e-09
7.06275,2.6223618360855125e-09
7.063,2.6178776125597137e-09
7.06325,2.6133509648600889e-09
7.0635,2.6087775154878645e-09
7.06375,2.6041559446610841e-09
7.064,2.599484809550792e-09
7.06425,2.5947647567442605e-09
7.0645,2.5899951569021134e-09
7.06475,2.5851765858032105e-09
7.065,2.5803089484316703e-09
7.06525,2.5753957726068097e-09
7.0655,2.5704384459222146e-09
7.06575,2.5654403855552741e-09
7.066,2.5604016414375202e-09
7.06625,2.5553260039454018e-09
7.0665,2.550215177564537e-09
7.06675,2.545071795387231e-09
7.067,2.5398971525416144e-09
7.06725,2.534691326495328e-09
7.0675,2.529458171039943e-09
7.06775,2.5241982414885207e-09
7.068,2.5189120196169445e-09
7.06825,2.5136012254782767e-09
7.0685,2.5082670921621452e-09
7.06875,2.5029119833106793e-09
7.069,2.4975367715365653e-09
7.06925,2.4921442663793021e-09
7.0695,2.4867377295440755e-09
7.06975,2.4813199763564768e-09
7.07,2.4758943283332285e-09
7.07025,2.4704661718478551e-09
7.0705,2.4650376485257628e-09
7.07075,2.4596138210383822e-09
7.071,2.4541962031508961e-09
7.07125,2.4487917046313858e-09
7.0715,2.443399338427466e-09
7.07175,2.4380243582540564e-09
7.072,2.432666653115782e-09
7.07225,2.4273275119439232e-09
7.0725,2.4220069087049037e-09
7.07275,2.4167041735425932e-09
7.073,2.4114160492204587e-09
7.07325,2.4061446741553514e-09
7.0735,2.4008873253876027e-09
7.07375,2.3956416715710009e-09
7.074,2.3904037548348077e-09
7.07425,2.3851712811266869e-09
7.0745,2.3799424617930564e-09
7.07475,2.3747166570406533e-09
7.075,2.3694926637783978e-09
7.07525,2.3642685574317534e-09
7.0755,2.3590482278895932e-09
7.07575,2.3538339058628576e-09
7.076,2.348628460614566e-09
7.07625,2.3434349046502125e-09
7.0765,2.3382634245229207e-09
7.07675,2.3331173473925814e-09
7.077,2.3280051618220796e-09
7.07725,2.322933737260492e-09
7.0775,2.3179130418225819e-09
7.07775,2.3129494787488014e-09
7.078,2.3080498451994425e-09
7.07825,2.3032208883223949e-09
7.0785,2.2984694409145501e-09
7.07875,2.293800519903944e-09
7.079,2.2892194992099283e-09
7.07925,2.2847264094986398e-09
7.0795,2.2803251883098194e-09
7.07975,2.2760148699349359e-09
7.08,2.2717958055999195e-09
7.08025,2.2676673832143322e-09
7.0805,2.2636249457823318e-09
7.08075,2.2596658298226162e-09
7.081,2.2557853269271256e-09
7.08125,2.2519786257226046e-09
7.0815,2.248241883116521e-09
7.08175,2.2445688241597022e-09
7.082,2.2409511503853828e-09
7.08225,2.2373849813246783e-09
7.0825,2.233864033016795e-09
7.08275,2.2303810521366148e-09
7.083,2.226930493571051e-09
7.08325,2.2235048841835171e-09
7.0835,2.2201016613642857e-09
7.08375,2.216716915057986e-09
7.084,2.213343350766985e-09
7.08425,2.2099816067357093e-09
7.0845,2.2066289893864707e-09
7.08475,2.2032856487370813e-09
7.085,2.199951705829161e-09
7.08525,2.1966249866327954e-09
7.0855,2.1933058725653011e-09
7.08575,2.1899959299711578e-09
7.086,2.1866944670756372e-09
7.08625,2.1834042459905888e-09
7.0865,2.1801234304957354e-09
7.08675,2.1768543274472384e-09
7.087,2.1735990294265802e-09
7.08725,2.1703581730839633e-09
7.0875,2.1671342842691893e-09
7.08775,2.163931362566393e-09
7.088,2.1607539819493375e-09
7.08825,2.1576065026829319e-09
7.0885,2.1544959016207019e-09
7.08875,2.151430825341208e-09
7.089,2.1484172141168106e-09
7.08925,2.1454636779286293e-09
7.0895,2.1425800196715013e-09
7.08975,2.1397726510148372e-09
7.09,2.1370497454076046e-09
7.09025,2.134417796631141e-09
7.0905,2.1318815195167446e-09
7.09075,2.1294435970146038e-09
7.091,2.1271065529693379e-09
7.09125,2.1248725865963984e-09
7.0915,2.1227409395843505e-09
7.09175,2.1207081959729871e-09
7.092,2.118770845916778e-09
7.09225,2.1169243417836595e-09
7.0925,2.1151640924955598e-09
7.09275,2.1134820635303325e-09
7.093,2.1118732722934186e-09
7.09325,2.1103310142739556e-09
7.0935,2.1088486062192077e-09
7.09375,2.1074203745564408e-09
7.094,2.1060392771248893e-09
7.09425,2.1046995511081108e-09
7.0945,2.1033961934928216e-09
7.09475,2.1021256131101554e-09
7.095,2.1008839058503258e-09
7.09525,2.0996693840209446e-09
7.0955,2.0984802655243943e-09
7.09575,2.0973158508526572e-09
7.096,2.0961742940526553e-09
7.09625,2.0950574505961363e-09
7.0965,2.0939643245992846e-09
7.09675,2.0928970723049843e-09
7.097,2.0918558070977615e-09
7.09725,2.0908419319939126e-09
7.0975,2.0898571262917385e-09
7.09775,2.0889008675964307e-09
7.098,2.0879741518232362e-09
7.09825,2.0870779807438408e-09
7.0985,2.0862126013569583e-09
7.09875,2.0853804905174139e-09
7.099,2.0845812981672207e-09
7.09925,2.0838159158799424e-09
7.0995,2.0830866433523885e-09
7.09975,2.0823940904579372e-09
7.1,2.0817426363117911e-09
7.10025,2.081135436481742e-09
7.1005,2.0805769626653049e-09
7.10075,2.0800716314504838e-09
7.101,2.0796271311280242e-09
7.10125,2.0792504840625143e-09
7.1015,2.0789480440808849e-09
7.10175,2.078728487034876e-09
7.102,2.0785985166496739e-09
7.10225,2.078565352126448e-09
7.1025,2.0786358766858984e-09
7.10275,2.0788153602298814e-09
7.103,2.0791065617317438e-09
7.10325,2.0795125244118845e-09
7.1035,2.0800335795934454e-09
7.10375,2.0806679199176164e-09
7.104,2.0814118629340032e-09
7.10425,2.0822595464836028e-09
7.1045,2.0832050791722924e-09
7.10475,2.084241624506384e-09
7.105,2.0853599030487329e-09
7.10525,2.0865518384665187e-09
7.1055,2.0878089641601535e-09
7.10575,2.089122341017964e-09
7.106,2.0904840526411774e-09
7.10625,2.0918879903518419e-09
7.1065,2.0933291985274039e-09
7.10675,2.0948043754082674e-09
7.107,2.0963114888349806e-09
7.10725,2.097848025419287e-09
7.1075,2.0994153132647125e-09
7.10775,2.1010142163333517e-09
7.108,2.1026457934191284e-09
7.10825,2.1043121871460802e-09
7.1085,2.1060134566509731e-09
7.10875,2.1077517522314719e-09
7.109,2.1095263929626558e-09
7.10925,2.1113384537112428e-09
7.1095,2.1131846136770726e-09
7.10975,2.1150648309357796e-09
7.11,2.1169760762149234e-09
7.11025,2.1189162304819807e-09
7.1105,2.1208820641129752e-09
7.11075,2.1228721457166408e-09
7.111,2.1248843342412526e-09
7.11125,2.1269181519200808e-09
7.1115,2.128972714745803e-09
7.11175,2.1310511118645815e-09
7.112,2.1331547664631868e-09
7.11225,2.1352879010688316e-09
7.1125,2.1374531509666082e-09
7.11275,2.1396570961703638e-09
7.113,2.1419028967642985e-09
7.11325,2.1441960967459621e-09
7.1135,2.1465423033427723e-09
7.11375,2.1489455287450759e-09
7.114,2.151408027121535e-09
7.11425,2.1539320786190823e-09
7.1145,2.1565169157989695e-09
7.11475,2.1591611714046667e-09
7.115,2.1618617627081345e-09
7.11525,2.1646141404884149e-09
7.1155,2.1674110154429442e-09
7.11575,2.1702450340707945e-09
7.116,2.1731075479985511e-09
7.11625,2.1759886979885156e-09
7.1165,2.1788782381847929e-09
7.11675,2.1817658039257313e-09
7.117,2.1846416013629324e-09
7.11725,2.1874976775600775e-09
7.1175,2.1903266230883219e-09
7.11775,2.1931210263387797e-09
7.118,2.1958768245225194e-09
7.11825,2.1985894628000895e-09
7.1185,2.2012572441843469e-09
7.11875,2.2038792860908007e-09
7.119,2.2064564497090723e-09
7.11925,2.2089915783807247e-09
7.1195,2.2114885218557357e-09
7.11975,2.2139515481733109e-09
7.12,2.2163862477043749e-09
7.12025,2.2188016558534513e-09
7.1205,2.2212057988015459e-09
7.12075,2.223606797116906e-09
7.121,2.2260141228772133e-09
7.12125,2.2284381607347116e-09
7.1215,2.2308875492965288e-09
7.12175,2.233371894612319e-09
7.122,2.2358977327863651e-09
7.12225,2.2384736759683344e-09
7.1225,2.2411051778645679e-09
7.12275,2.2437958012976511e-09
7.123,2.2465506921379461e-09
7.12325,2.2493714299452816e-09
7.1235,2.2522606991919087e-09
7.12375,2.2552185888136424e-09
7.124,2.2582455562652061e-09
7.12425,2.2613405269425056e-09
7.1245,2.264501968239378e-09
7.12475,2.2677287010178561e-09
7.125,2.2710193277567776e-09
7.12525,2.2743702454169032e-09
7.1255,2.2777783767988873e-09
7.12575,2.2812398546232967e-09
7.126,2.2847498207880227e-09
7.12625,2.2883035065840338e-09
7.1265,2.2918954573939339e-09
7.12675,2.2955186603598266e-09
7.127,2.2991664756299979e-09
7.12725,2.3028317733730116e-09
7.1275,2.3065073924889582e-09
7.12775,2.3101869911534354e-09
7.128,2.3138625828482976e-09
7.12825,2.317529887529351e-09
7.1285,2.3211844199364439e-09
7.12875,2.3248216076369048e-09
7.129,2.3284401317669908e-09
7.12925,2.3320386336716029e-09
7.1295,2.3356189155585596e-09
7.12975,2.3391824057914059e-09
7.13,2.3427329259945767e-09
7.13025,2.3462768156400048e-09
7.1305,2.3498195707458138e-09
7.13075,2.3533688294676142e-09
7.131,2.3569326195484575e-09
7.13125,2.3605195830024347e-09
7.1315,2.3641373134358091e-09
7.13175,2.3677950588194019e-09
7.132,2.3715014281558872e-09
7.13225,2.375263318553294e-09
7.1325,2.3790870188526462e-09
7.13275,2.3829785196802963e-09
7.133,2.3869429387354608e-09
7.13325,2.3909837673035748e-09
7.1335,2.3951020618153357e-09
7.13375,2.3992975827261492e-09
7.134,2.403567919531858e-09
7.13425,2.4079101375844726e-09
7.1345,2.4123168479071198e-09
7.13475,2.4167814083384182e-09
7.135,2.4212952552386676e-09
7.13525,2.4258479345871701e-09
7.1355,2.4304312348354581e-09
7.13575,2.4350334358720693e-09
7.136,2.4396460288696054e-09
7.13625,2.4442598428179786e-09
7.1365,2.4488660801907813e-09
7.13675,2.453458130569722e-09
7.137,2.4580300690083789e-09
7.13725,2.4625789389221673e-09
7.1375,2.4671011368578767e-09
7.13775,2.4715980925472481e-09
7.138,2.4760696801337803e-09
7.13825,2.4805206569791456e-09
7.1385,2.4849519997537111e-09
7.13875,2.4893724969590165e-09
7.139,2.4937890374999183e-09
7.13925,2.4982094925569942e-09
7.1395,2.5026411550693614e-09
7.13975,2.507093953291926e-09
7.14,2.5115771509064663e-09
7.14025,2.516098855349021e-09
7.1405,2.5206662624917927e-09
7.14075,2.5252855820763663e-09
7.141,2.5299620478793584e-09
7.14125,2.5346971369258821e-09
7.1415,2.53949119468248e-09
7.14175,2.5443407813215311e-09
7.142,2.5492437305137111e-09
7.14225,2.554193295078718e-09
7.1425,2.5591814784479546e-09
7.14275,2.5641995200413576e-09
7.143,2.5692421176727245e-09
7.14325,2.5743003212141695e-09
7.1435,2.5793681903068029e-09
7.14375,2.5844374723809165e-09
7.144,2.5895082608692256e-09
7.14425,2.5945765899646251e-09
7.1445,2.5996389987985446e-09
7.14475,2.6046977895052751e-09
7.145,2.6097508706125098e-09
7.14525,2.6148030673502364e-09
7.1455,2.619856804208225e-09
7.14575,2.6249115380690354e-09
7.146,2.6299717756579584e-09
7.14625,2.6350381732281091e-09
7.1465,2.6401127337703776e-09
7.14675,2.6451948613856712e-09
7.147,2.6502863461444281e-09
7.14725,2.6553853344843921e-09
7.1475,2.6604898362094981e-09
7.14775,2.665600400020484e-09
7.148,2.6707128033499548e-09
7.14825,2.6758242624635307e-09
7.1485,2.6809312491472233e-09
7.14875,2.6860278177972828e-09
7.149,2.6911106994353786e-09
7.14925,2.6961721308765451e-09
7.1495,2.7012059964013822e-09
7.14975,2.7062049689193638e-09
7.15,2.7111628335694468e-09
7.15025,2.7160739754237904e-09
7.1505,2.7209320629147406e-09
7.15075,2.7257310720571914e-09
7.151,2.7304689631803464e-09
7.15125,2.7351431829514543e-09
7.1515,2.7397530913007987e-09
7.15175,2.7442984807788641e-09
7.152,2.7487818170246395e-09
7.15225,2.7532098875731877e-09
7.1525,2.7575849363239101e-09
7.15275,2.7619142051122327e-09
7.153,2.7662031536308659e-09
7.15325,2.770458690957795e-09
7.1535,2.7746862640020809e-09
7.15375,2.7788904056202756e-09
7.154,2.7830763154602268e-09
7.15425,2.7872449475377744e-09
7.1545,2.7913981096362781e-09
7.15475,2.7955367854895947e-09
7.155,2.7996604444850594e-09
7.15525,2.8037648060698895e-09
7.1555,2.8078477072131296e-09
7.15575,2.8119047138641278e-09
7.156,2.8159321689200559e-09
7.15625,2.8199267435807567e-09
7.1565,2.8238875733234963e-09
7.15675,2.827810572546587e-09
7.157,2.8316963328629131e-09
7.15725,2.8355450123955565e-09
7.1575,2.8393548714209186e-09
7.15775,2.8431307035801763e-09
7.158,2.846872621331043e-09
7.15825,2.8505862583783088e-09
7.1585,2.8542746740140298e-09
7.15875,2.857937523384629e-09
7.159,2.8615795888906594e-09
7.15925,2.8652001793795119e-09
7.1595,2.8688014160586986e-09
7.15975,2.8723837186644412e-09
7.16,2.8759438153107234e-09
7.16025,2.8794773752041342e-09
7.1605,2.8829828253486719e-09
7.16075,2.8864516989162009e-09
7.161,2.889877994459661e-09
7.16125,2.893252099579681e-09
7.1615,2.8965650826257724e-09
7.16175,2.8998070447082887e-09
7.162,2.9029701124224843e-09
7.16225,2.9060459314272925e-09
7.1625,2.9090255297143956e-09
7.16275,2.9119062692606365e-09
7.163,2.9146849075332294e-09
7.16325,2.9173559917082988e-09
7.1635,2.9199366919213909e-09
7.16375,2.9224266658126935e-09
7.164,2.9248369247726637e-09
7.16425,2.9271808466356257e-09
7.1645,2.9294721599893417e-09
7.16475,2.9317289238930461e-09
7.165,2.9339673740354718e-09
7.16525,2.9362040807116791e-09
7.1655,2.9384549542082829e-09
7.16575,2.9407364961418617e-09
7.166,2.9430585345076192e-09
7.16625,2.9454311828046859e-09
7.1665,2.9478593692446117e-09
7.16675,2.9503468796382574e-09
7.167,2.9528939299928077e-09
7.16725,2.955497338083361e-09
7.1675,2.958150249986736e-09
7.16775,2.9608434170366e-09
7.168,2.9635662604533614e-09
7.16825,2.9663035151053386e-09
7.1685,2.9690391582901398e-09
7.16875,2.9717572670219663e-09
7.169,2.9744393029028498e-09
7.16925,2.9770675793180453e-09
7.1695,2.9796232944442934e-09
7.16975,2.9820902548130799e-09
7.17,2.9844514308772349e-09
7.17025,2.9866924464626524e-09
7.1705,2.9888024676973284e-09
7.17075,2.9907727926868177e-09
7.171,2.9925985614504984e-09
7.17125,2.9942736578294032e-09
7.1715,2.9957992116360825e-09
7.17175,2.9971796606098558e-09
7.172,2.9984194566216742e-09
7.17225,2.9995256375830724e-09
7.1725,3.0005060000773654e-09
7.17275,3.0013687506811125e-09
7.173,3.0021232177654897e-09
7.17325,3.002777204191448e-09
7.1735,3.0033385302556592e-09
7.17375,3.0038145430816313e-09
7.174,3.0042099514131329e-09
7.17425,3.0045282396481279e-09
7.1745,3.0047721872042567e-09
7.17475,3.0049433851673798e-09
7.175,3.0050430828815997e-09
7.17525,3.0050713164919381e-09
7.1755,3.0050296163311172e-09
7.17575,3.0049176920964403e-09
7.176,3.0047359984692668e-09
7.17625,3.0044876712475836e-09
7.1765,3.0041735844196304e-09
7.17675,3.0037976812753664e-09
7.177,3.0033634313344525e-09
7.17725,3.0028735299878576e-09
7.1775,3.002331666699449e-09
7.17775,3.0017414497880036e-09
7.178,3.0011078222023518e-09
7.17825,3.0004333793515209e-09
7.1785,2.9997215320081212e-09
7.17875,2.9989738946764674e-09
7.179,2.9981953797452614e-09
7.17925,2.9973850510315858e-09
7.1795,2.9965463448064638e-09
7.17975,2.9956796738265815e-09
7.18,2.9947862129639805e-09
7.18025,2.9938663045560316e-09
7.1805,2.9929188923550865e-09
7.18075,2.9919435020575065e-09
7.181,2.9909373198291546e-09
7.18125,2.9898979359706342e-09
7.1815,2.9888204536684697e-09
7.18175,2.9877003182817028e-09
7.182,2.9865327556587753e-09
7.18225,2.9853110070793754e-09
7.1825,2.9840311334377812e-09
7.18275,2.9826882971634505e-09
7.183,2.981279297012806e-09
7.18325,2.9798025094333914e-09
7.1835,2.9782552750353588e-09
7.18375,2.9766388188192273e-09
7.184,2.9749563826919466e-09
7.18425,2.9732103483338262e-09
7.1845,2.9714052236079108e-09
7.18475,2.9695463466665759e-09
7.185,2.9676378467033941e-09
7.18525,2.9656852264617304e-09
7.1855,2.9636940947405782e-09
7.18575,2.9616678637441943e-09
7.186,2.9596109893510544e-09
7.18625,2.957528760939573e-09
7.1865,2.9554236472775501e-09
7.18675,2.9533002181408027e-09
7.187,2.9511648934493655e-09
7.18725,2.9490219946710085e-09
7.1875,2.9468779864344177e-09
7.18775,2.9447396461824082e-09
7.188,2.9426130419205251e-09
7.18825,2.9405064307226699e-09
7.1885,2.9384256808757625e-09
7.18875,2.9363737226787643e-09
7.189,2.934355478444249e-09
7.18925,2.9323734136085878e-09
7.1895,2.9304272879327709e-09
7.18975,2.9285162713162423e-09
7.19,2.9266355327318375e-09
7.19025,2.9247800048504038e-09
7.1905,2.9229427274367416e-09
7.19075,2.9211153346395729e-09
7.191,2.919287966386179e-09
7.19125,2.9174509376714334e-09
7.1915,2.9155921621037246e-09
7.19175,2.9137005474034144e-09
7.192,2.9117641778797213e-09
7.19225,2.9097716166400827e-09
7.1925,2.9077099229263335e-09
7.19275,2.9055658603180701e-09
7.193,2.9033283050981776e-09
7.19325,2.9009866987939522e-09
7.1935,2.8985306678601146e-09
7.19375,2.8959527919287399e-09
7.194,2.8932469867100506e-09
7.19425,2.8904094364571277e-09
7.1945,2.8874398788027379e-09
7.19475,2.8843395758931324e-09
7.195,2.8811138551357905e-09
7.19525,2.8777700617919151e-09
7.1955,2.8743188279639247e-09
7.19575,2.8707725593624934e-09
7.196,2.8671439721650272e-09
7.19625,2.8634492969284971e-09
7.1965,2.8597037132919077e-09
7.19675,2.8559204789781539e-09
7.197,2.8521155827862963e-09
7.19725,2.8483011150562246e-09
7.1975,2.844490219697731e-09
7.19775,2.8406919356362062e-09
7.198,2.8369163008122602e-09
7.19825,2.833170194294765e-09
7.1985,2.8294597148380264e-09
7.19875,2.8257881952621868e-09
7.199,2.8221585525784713e-09
7.19925,2.8185716433348535e-09
7.1995,2.8150296007885027e-09
7.19975,2.811532555461597e-09
7.2,2.8080780231320155e-09
7.20025,2.804663553273856e-09
7.2005,2.8012861145085204e-09
7.20075,2.7979431653538665e-09
7.201,2.7946313534863912e-09
7.20125,2.7913476469917178e-09
7.2015,2.7880867967765792e-09
7.20175,2.7848461993805968e-09
7.202,2.7816219318193063e-09
7.20225,2.7784097935525656e-09
7.2025,2.7752056532872061e-09
7.20275,2.7720062915091179e-09
7.203,2.7688072836529999e-09
7.20325,2.765603945082145e-09
7.2035,2.7623905589815815e-09
7.20375,2.7591615598938985e-09
7.204,2.7559106578894233e-09
7.20425,2.7526322637308939e-09
7.2045,2.7493208287230204e-09
7.20475,2.7459677087347025e-09
7.205,2.7425664203647885e-09
7.20525,2.7391111466154396e-09
7.2055,2.7355956489921274e-09
7.20575,2.7320141902881109e-09
7.206,2.7283646971720483e-09
7.20625,2.7246435310984123e-09
7.2065,2.7208498217988008e-09
7.20675,2.7169836189087129e-09
7.207,2.7130464636420016e-09
7.20725,2.7090430511485139e-09
7.2075,2.7049801405269725e-09
7.20775,2.7008660417288382e-09
7.208,2.6967096801130372e-09
7.20825,2.6925220319103445e-09
7.2085,2.6883143878924519e-09
7.20875,2.6840975299637916e-09
7.209,2.6798883275943141e-09
7.20925,2.6756972870252227e-09
7.2095,2.6715346770563028e-09
7.20975,2.6674112533786279e-09
7.21,2.6633339724295149e-09
7.21025,2.6593089264075984e-09
7.2105,2.655340230560345e-09
7.21075,2.6514280327368738e-09
7.211,2.6475690691069059e-09
7.21125,2.6437608585507499e-09
7.2115,2.6399956797854816e-09
7.21175,2.6362651820188456e-09
7.212,2.6325597585638552e-09
7.21225,2.6288687015204831e-09
7.2125,2.6251807336173944e-09
7.21275,2.6214855722417833e-09
7.213,2.6177722395862891e-09
7.21325,2.6140311499807079e-09
7.2135,2.6102530670285948e-09
7.21375,2.6064298620993255e-09
7.214,2.6025570462322532e-09
7.21425,2.5986287211523977e-09
7.2145,2.5946417608259374e-09
7.21475,2.590592897310126e-09
7.215,2.5864823825554589e-09
7.21525,2.5823098178612025e-09
7.2155,2.5780771806536014e-09
7.21575,2.573785106187616e-09
7.216,2.5694401572180155e-09
7.21625,2.5650423409224773e-09
7.2165,2.560596027418191e-09
7.21675,2.5561069825000644e-09
7.217,2.5515782534348843e-09
7.21725,2.5470151853924853e-09
7.2175,2.5424201525922596e-09
7.21775,2.5377989029065817e-09
7.218,2.5331541098989653e-09
7.21825,2.5284884448723567e-09
7.2185,2.5238043631740487e-09
7.21875,2.5191070275316536e-09
7.219,2.5143962035059024e-09
7.21925,2.5096778507763534e-09
7.2195,2.5049521989708355e-09
7.21975,2.5002231816877814e-09
7.22,2.4954962685227862e-09
7.22025,2.4907731346750252e-09
7.2205,2.4860594798661665e-09
7.22075,2.4813574608856719e-09
7.221,2.4766719426849979e-09
7.22125,2.4720057649661126e-09
7.2215,2.4673616039625224e-09
7.22175,2.4627437140002689e-09
7.222,2.458155892956041e-09
7.22225,2.4535972693527704e-09
7.2225,2.4490696868989224e-09
7.22275,2.444571558994671e-09
7.223,2.4401000115212159e-09
7.22325,2.4356539612346992e-09
7.2235,2.4312267429788462e-09
7.22375,2.4268143993124102e-09
7.224,2.4224091309193262e-09
7.22425,2.4180064744861576e-09
7.2245,2.4135970594339625e-09
7.22475,2.4091756208280889e-09
7.225,2.4047374935828872e-09
7.22525,2.4002759001827948e-09
7.2255,2.395788167257371e-09
7.22575,2.3912723800864652e-09
7.226,2.3867277151817456e-09
7.22625,2.3821542620678138e-09
7.2265,2.377555948261434e-09
7.22675,2.3729341880547051e-09
7.227,2.3682971699915241e-09
7.22725,2.3636482912230794e-09
7.2275,2.3589953554830043e-09
7.22775,2.3543457241233289e-09
7.228,2.3497040091340281e-09
7.22825,2.3450779358844566e-09
7.2285,2.340473064498553e-09
7.22875,2.335892878542116e-09
7.229,2.3313434561045629e-09
7.22925,2.3268270870998667e-09
7.2295,2.3223477739716574e-09
7.22975,2.3179090700753612e-09
7.23,2.313512583872545e-09
7.23025,2.3091610265938768e-09
7.2305,2.3048556732542545e-09
7.23075,2.300602437829616e-09
7.231,2.2964019664928699e-09
7.23125,2.2922598854014096e-09
7.2315,2.2881811218369831e-09
7.23175,2.2841705550393805e-09
7.232,2.2802331448142896e-09
7.23225,2.2763749074240936e-09
7.2325,2.2725997643212854e-09
7.23275,2.2689119486623881e-09
7.233,2.265315515412114e-09
7.23325,2.2618117327260503e-09
7.2335,2.2584003702827777e-09
7.23375,2.2550794431907599e-09
7.234,2.2518469737067127e-09
7.23425,2.2486974048622776e-09
7.2345,2.2456250355871838e-09
7.23475,2.2426212504387319e-09
7.235,2.2396786446470577e-09
7.23525,2.2367883786507331e-09
7.2355,2.2339402741217773e-09
7.23575,2.2311275301679664e-09
7.236,2.2283414928075693e-09
7.23625,2.2255757301487356e-09
7.2365,2.2228251131405961e-09
7.23675,2.2200852966838301e-09
7.237,2.2173536818749615e-09
7.23725,2.2146302193481701e-09
7.2375,2.2119164840715745e-09
7.23775,2.2092149716348767e-09
7.238,2.2065290515507105e-09
7.23825,2.2038648619390007e-09
7.2385,2.2012274587628506e-09
7.23875,2.1986230446739314e-09
7.239,2.1960579749719248e-09
7.23925,2.1935379106243239e-09
7.2395,2.1910675244111094e-09
7.23975,2.1886518265214007e-09
7.24,2.1862945298492943e-09
7.24025,2.1839973665257314e-09
7.2405,2.1817623021482083e-09
7.24075,2.1795885431615977e-09
7.241,2.177475841237661e-09
7.24125,2.1754212780851904e-09
7.2415,2.173423587844791e-09
7.24175,2.1714793367158357e-09
7.242,2.1695850695601694e-09
7.24225,2.1677371624483706e-09
7.2425,2.1659311871495231e-09
7.24275,2.1641641583110672e-09
7.243,2.1624320290474297e-09
7.24325,2.1607312687376681e-09
7.2435,2.1590603063341793e-09
7.24375,2.1574183627168142e-09
7.244,2.1558050377965865e-09
7.24425,2.1542207504362822e-09
7.2445,2.1526677200511106e-09
7.24475,2.1511483605331118e-09
7.245,2.1496678431861359e-09
7.24525,2.1482314808302657e-09
7.2455,2.1468443873877821e-09
7.24575,2.1455125187005911e-09
7.246,2.1442422017503823e-09
7.24625,2.143038206521386e-09
7.2465,2.141905498327808e-09
7.24675,2.1408477373095789e-09
7.247,2.1398674726174948e-09
7.24725,2.1389649006096873e-09
7.2475,2.1381403652969058e-09
7.24775,2.1373924424834079e-09
7.248,2.1367189547498362e-09
7.24825,2.1361167738201043e-09
7.2485,2.1355824766595966e-09
7.24875,2.1351116493044918e-09
7.249,2.1347008895567339e-09
7.24925,2.1343457893692585e-09
7.2495,2.1340434603349055e-09
7.24975,2.1337894310818196e-09
7.25,2.1335813008724539e-09
7.25025,2.1334161236297619e-09
7.2505,2.133291341148374e-09
7.25075,2.1332047328927716e-09
7.251,2.1331539447662556e-09
7.25125,2.133137644987338e-09
7.2515,2.1331536149904733e-09
7.25175,2.1332014322333e-09
7.252,2.1332807128917589e-09
7.25225,2.1333913129659451e-09
7.2525,2.133532713767555e-09
7.25275,2.1337059385333035e-09
7.253,2.1339126748926325e-09
7.25325,2.1341536768398069e-09
7.2535,2.1344302054783445e-09
7.25375,2.1347437461367836e-09
7.254,2.1350951236822788e-09
7.25425,2.135485058159229e-09
7.2545,2.1359133005105865e-09
7.25475,2.1363791071379021e-09
7.255,2.13688167715968e-09
7.25525,2.1374191311498161e-09
7.2555,2.1379897921518649e-09
7.25575,2.1385914859195399e-09
7.256,2.139221994989065e-09
7.25625,2.1398797502195033e-09
7.2565,2.1405629685999762e-09
7.25675,2.1412705752237215e-09
7.257,2.1420019719106103e-09
7.25725,2.1427571116613847e-09
7.2575,2.1435368417352336e-09
7.25775,2.1443419135295864e-09
7.258,2.1451732098791944e-09
7.25825,2.1460318465305866e-09
7.2585,2.1469189144534616e-09
7.25875,2.1478352124341699e-09
7.259,2.1487808914773021e-09
7.25925,2.1497559276256749e-09
7.2595,2.1507602423263685e-09
7.25975,2.1517932024691927e-09
7.26,2.1528545609216952e-09
7.26025,2.1539438183562719e-09
7.2605,2.155061230392099e-09
7.26075,2.1562068590709711e-09
7.261,2.1573818404141439e-09
7.26125,2.1585878329632858e-09
7.2615,2.1598273553715706e-09
7.26175,2.1611040783673546e-09
7.262,2.1624214574748595e-09
7.26225,2.1637841955698806e-09
7.2625,2.1651975160317719e-09
7.26275,2.1666654517459952e-09
7.263,2.1681929590791669e-09
7.26325,2.169785692035336e-09
7.2635,2.1714488350116453e-09
7.26375,2.173186870819877e-09
7.264,2.1750046317658203e-09
7.26425,2.1769053953589591e-09
7.2645,2.1788927364830331e-09
7.26475,2.1809696697700117e-09
7.265,2.1831374014432941e-09
7.26525,2.1853959581080246e-09
7.2655,2.1877441502875332e-09
7.26575,2.190179106898351e-09
7.266,2.192695587563583e-09
7.26625,2.1952873743254939e-09
7.2665,2.1979463284710082e-09
7.26675,2.2006634079521748e-09
7.267,2.2034268993225423e-09
7.26725,2.2062252579703235e-09
7.2675,2.2090484131122489e-09
7.26775,2.2118839366657683e-09
7.268,2.2147234309405546e-09
7.26825,2.2175575846927878e-09
7.2685,2.2203789687833694e-09
7.26875,2.2231835021489847e-09
7.269,2.2259673949980826e-09
7.26925,2.2287308382906516e-09
7.2695,2.2314767619112106e-09
7.26975,2.2342081878473471e-09
7.27,2.2369317458775926e-09
7.27025,2.2396533228231121e-09
7.2705,2.2423810332746382e-09
7.27075,2.2451226833625568e-09
7.271,2.2478872807278826e-09
7.27125,2.2506832991144963e-09
7.2715,2.2535207824190149e-09
7.27175,2.2564078004319336e-09
7.272,2.2593525873676985e-09
7.27225,2.2623603049073629e-09
7.2725,2.2654371249901689e-09
7.27275,2.2685868065424611e-09
7.273,2.2718114521119421e-09
7.27325,2.2751121024399924e-09
7.2735,2.2784879677511295e-09
7.27375,2.281936276689878e-09
7.274,2.2854525419328274e-09
7.27425,2.2890311184302159e-09
7.2745,2.2926642692668471e-09
7.27475,2.2963442546781283e-09
7.275,2.3000625980934124e-09
7.27525,2.3038104274428148e-09
7.2755,2.3075788775766776e-09
7.27575,2.3113596374079855e-09
7.276,2.3151466454751508e-09
7.27625,2.3189329041270697e-09
7.2765,2.3227136723141777e-09
7.27675,2.3264836828405104e-09
7.277,2.3302407088258404e-09
7.27725,2.3339825518823941e-09
7.2775,2.3377071587075096e-09
7.27775,2.3414148327780392e-09
7.278,2.3451040748081571e-09
7.27825,2.34877422108462e-09
7.2785,2.3524236754656613e-09
7.27875,2.356049505203927e-09
7.279,2.3596489479189169e-09
7.27925,2.3632179811194274e-09
7.2795,2.3667519027657926e-09
7.27975,2.370245697720174e-09
7.28,2.3736896596906159e-09
7.28025,2.3770894290103829e-09
7.2805,2.3804360580768881e-09
7.28075,2.3837275386801723e-09
7.281,2.3869628116406066e-09
7.28125,2.3901447709254407e-09
7.2815,2.3932758991439348e-09
7.28175,2.3963624179907384e-09
7.282,2.3994126755512784e-09
7.28225,2.4024360866742012e-09
7.2825,2.4054450868287687e-09
7.28275,2.4084524955516078e-09
7.283,2.4114708661126032e-09
7.28325,2.4145160330729639e-09
7.2835,2.4176004771405376e-09
7.28375,2.4207394918287066e-09
7.284,2.4239451835688122e-09
7.28425,2.4272307161694325e-09
7.2845,2.4306046053512172e-09
7.28475,2.4340748607648511e-09
7.285,2.4376488107447529e-09
7.28525,2.4413301389789056e-09
7.2855,2.4451173956587766e-09
7.28575,2.4490101348579812e-09
7.286,2.4530022740424499e-09
7.28625,2.4570860676122016e-09
7.2865,2.4612530148770485e-09
7.28675,2.4654913661933889e-09
7.287,2.4697873589767526e-09
7.28725,2.474126767314149e-09
7.2875,2.4784958806736968e-09
7.28775,2.4828803594926959e-09
7.288,2.4872674633134553e-09
7.28825,2.4916449344264065e-09
7.2885,2.4960056627525151e-09
7.28875,2.5003419032555544e-09
7.289,2.5046480452253293e-09
7.28925,2.5089224842024273e-09
7.2895,2.5131626791866933e-09
7.28975,2.5173695455452559e-09
7.29,2.5215455842246649e-09
7.29025,2.5256925432628726e-09
7.2905,2.5298152550434823e-09
7.29075,2.5339179791374131e-09
7.291,2.5380049313204445e-09
7.29125,2.5420826388504304e-09
7.2915,2.5461556949706584e-09
7.29175,2.5502303490217012e-09
7.292,2.5543137084597233e-09
7.29225,2.5584097531121607e-09
7.2925,2.5625275221524223e-09
7.29275,2.5666704559944988e-09
7.293,2.5708357916330508e-09
7.29325,2.5750435253582909e-09
7.2935,2.5792872035795853e-09
7.29375,2.5835672454107469e-09
7.294,2.587885034661931e-09
7.29425,2.5922386051696089e-09
7.2945,2.5966252928344976e-09
7.29475,2.6010383982965996e-09
7.295,2.6054746617870991e-09
7.29525,2.609928760954931e-09
7.2955,2.6143974666858249e-09
7.29575,2.6188759802568795e-09
7.296,2.6233594646471487e-09
7.29625,2.6278461429303638e-09
7.2965,2.6323351244538723e-09
7.29675,2.6368244159143836e-09
7.297,2.6413153726322918e-09
7.29725,2.6458088541183276e-09
7.2975,2.6503050444634971e-09
7.29775,2.6548036288355843e-09
7.298,2.6593059825990067e-09
7.29825,2.6638123831383381e-09
7.2985,2.6683214945388062e-09
7.29875,2.6728314007846964e-09
7.299,2.6773411791059307e-09
7.29925,2.6818476496346052e-09
7.2995,2.6863492709779949e-09
7.29975,2.6908405899402136e-09
7.3,2.6953197869505696e-09
7.30025,2.6997825868861511e-09
7.3005,2.704226295646873e-09
7.30075,2.7086484715511115e-09
7.301,2.7130411659876215e-09
7.30125,2.7174134124530394e-09
7.3015,2.7217559288565582e-09
7.30175,2.7260675540711951e-09
7.302,2.7303467547866196e-09
7.30225,2.7345899043145337e-09
7.3025,2.7387949351237933e-09
7.30275,2.7429606387977957e-09
7.303,2.7470840476774154e-09
7.30325,2.7511636688134366e-09
7.3035,2.7551965590343139e-09
7.30375,2.7591821182053538e-09
7.304,2.7631243828962074e-09
7.30425,2.7670221291321908e-09
7.3045,2.7708800116108094e-09
7.30475,2.7747002773483534e-09
7.305,2.7784897105494454e-09
7.30525,2.7822519291039885e-09
7.3055,2.7859936643553454e-09
7.30575,2.7897204459935713e-09
7.306,2.7934387307793503e-09
7.30625,2.7971533748575473e-09
7.3065,2.800866838028358e-09
7.30675,2.8045780728085116e-09
7.307,2.8082999421647813e-09
7.30725,2.8120285561686761e-09
7.3075,2.8157619682905056e-09
7.30775,2.8194972487787803e-09
7.308,2.823231587797923e-09
7.30825,2.8269609732241448e-09
7.3085,2.8306807871554078e-09
7.30875,2.834382359748574e-09
7.309,2.8380604584391201e-09
7.30925,2.8417036721665128e-09
7.3095,2.8453033891152618e-09
7.30975,2.8488495151920041e-09
7.31,2.8523318173946789e-09
7.31025,2.8557394809668303e-09
7.3105,2.8590607850968326e-09
7.31075,2.8622865669319973e-09
7.311,2.8654069284739061e-09
7.31125,2.8684153136717301e-09
7.3115,2.8713051149379089e-09
7.31175,2.8740716023565038e-09
7.312,2.8767150731797366e-09
7.31225,2.8792363496539032e-09
7.3125,2.8816390340600246e-09
7.31275,2.8839292906317786e-09
7.313,2.8861155503037165e-09
7.31325,2.8882110875596898e-09
7.3135,2.8902289920676435e-09
7.31375,2.8921838712918025e-09
7.314,2.8940918925970525e-09
7.31425,2.8959726133299232e-09
7.3145,2.8978398770792619e-09
7.31475,2.8997119518166627e-09
7.315,2.9016048049106039e-09
7.31525,2.9035324931872815e-09
7.3155,2.9055071990175102e-09
7.31575,2.907538068810171e-09
7.316,2.909631876272393e-09
7.31625,2.9117933484734326e-09
7.3165,2.9140216536530169e-09
7.31675,2.9163136609466528e-09
7.317,2.9186633141895168e-09
7.31725,2.9210619558376734e-09
7.3175,2.9234974472436639e-09
7.31775,2.9259548927142624e-09
7.318,2.9284182618723827e-09
7.31825,2.9308697238279026e-09
7.3185,2.9332930571660919e-09
7.31875,2.935668775966054e-09
7.319,2.9379780698775641e-09
7.31925,2.9402042488577901e-09
7.3195,2.9423298748843962e-09
7.31975,2.9443416019051883e-09
7.32,2.9462255512210785e-09
7.32025,2.9479717885209775e-09
7.3205,2.9495718559940815e-09
7.32075,2.9510215549933309e-09
7.321,2.9523168830339928e-09
7.32125,2.9534586346268829e-09
7.3215,2.9544513969283098e-09
7.32175,2.955300771189074e-09
7.322,2.9560145408937922e-09
7.32225,2.9566039218601625e-09
7.3225,2.9570803521379157e-09
7.32275,2.9574573566952195e-09
7.323,2.9577500643195027e-09
7.32325,2.9579743257399838e-09
7.3235,2.9581456272163296e-09
7.32375,2.9582795233865165e-09
7.324,2.9583923299228518e-09
7.32425,2.9584989853863471e-09
7.3245,2.9586124599946901e-09
7.32475,2.9587496102635774e-09
7.325,2.9589218644126876e-09
7.32525,2.9591406342102557e-09
7.3255,2.9594141512258369e-09
7.32575,2.9597490262087685e-09
7.326,2.9601526667537554e-09
7.32625,2.9606265142109208e-09
7.3265,2.9611710563370099e-09
7.32675,2.9617869758750055e-09
7.327,2.9624683475658803e-09
7.32725,2.9632111588383406e-09
7.3275,2.9640069049775211e-09
7.32775,2.964845428756735e-09
7.328,2.9657148482727608e-09
7.32825,2.9666036596534397e-09
7.3285,2.9674955096888812e-09
7.32875,2.9683770186564982e-09
7.329,2.969232368362625e-09
7.32925,2.970044708551253e-09
7.3295,2.9707994838124104e-09
7.32975,2.971478341458629e-09
7.33,2.9720664993798885e-09
7.33025,2.9725484720441974e-09
7.3305,2.9729086654571976e-09
7.33075,2.9731339200966715e-09
7.331,2.9732113327899613e-09
7.33125,2.9731305444907825e-09
7.3315,2.9728828949887896e-09
7.33175,2.9724619101195581e-09
7.332,2.9718621476417949e-09
7.33225,2.9710832726724877e-09
7.3325,2.9701251360066526e-09
7.33275,2.968988234398302e-09
7.333,2.96768063509784e-09
7.33325,2.9662088166289668e-09
7.3335,2.9645821354030675e-09
7.33375,2.9628119190541966e-09
7.334,2.9609130273325724e-09
7.33425,2.9588999664905322e-09
7.3345,2.9567880514801014e-09
7.33475,2.9545933265638657e-09
7.335,2.9523324404884675e-09
7.33525,2.9500220386442035e-09
7.3355,2.9476770232770301e-09
7.33575,2.9453120897003295e-09
7.336,2.9429415618035719e-09
7.33625,2.9405762193318539e-09
7.3365,2.9382282074490943e-09
7.33675,2.9359068670517144e-09
7.337,2.9336187039090666e-09
7.33725,2.9313732595055011e-09
7.3375,2.9291746128684409e-09
7.33775,2.9270301100715352e-09
7.338,2.9249436001982317e-09
7.33825,2.9229169871256476e-09
7.3385,2.9209533930989126e-09
7.33875,2.9190544646345021e-09
7.339,2.9172190437182557e-09
7.33925,2.9154450163959154e-09
7.3395,2.9137296077400129e-09
7.33975,2.9120682997988567e-09
7.34,2.9104543053445928e-09
7.34025,2.9088812940374687e-09
7.3405,2.9073388637552832e-09
7.34075,2.9058180315673029e-09
7.341,2.9043063413842968e-09
7.34125,2.9027934833818099e-09
7.3415,2.9012673350522001e-09
7.34175,2.8997157947715046e-09
7.342,2.8981274210662936e-09
7.34225,2.8964905549976068e-09
7.3425,2.8947948969851711e-09
7.34275,2.8930302037000789e-09
7.343,2.8911873879079518e-09
7.34325,2.8892611557021439e-09
7.3435,2.8872451964219782e-09
7.34375,2.8851377360771548e-09
7.344,2.8829366029782197e-09
7.34425,2.8806420825949854e-09
7.3445,2.8782566873313605e-09
7.34475,2.8757861975671151e-09
7.345,2.8732371254422842e-09
7.34525,2.8706170285050712e-09
7.3455,2.8679358952841365e-09
7.34575,2.8652041796883634e-09
7.346,2.8624333501036373e-09
7.34625,2.8596346629430801e-09
7.3465,2.8568199980244198e-09
7.34675,2.8540008846542046e-09
7.347,2.8511863952539992e-09
7.34725,2.8483876139863118e-09
7.3475,2.8456109270735548e-09
7.34775,2.8428657233358106e-09
7.348,2.840154409323099e-09
7.34825,2.8374811106284089e-09
7.3485,2.8348453727415022e-09
7.34875,2.8322482126996691e-09
7.349,2.8296874936746069e-09
7.34925,2.8271618063006378e-09
7.3495,2.8246677223907026e-09
7.34975,2.8222000197882555e-09
7.35,2.819753879775041e-09
7.35025,2.8173248041861239e-09
7.3505,2.8149088554026506e-09
7.35075,2.8125012225207622e-09
7.351,2.8100983545922192e-09
7.35125,2.8076930061147714e-09
7.3515,2.8052833383514167e-09
7.35175,2.802863538897068e-09
7.352,2.800428764179059e-09
7.35225,2.7979733324280602e-09
7.3525,2.7954922871082608e-09
7.35275,2.7929796901841396e-09
7.353,2.7904308375092441e-09
7.35325,2.7878400777913013e-09
7.3535,2.7852007505933736e-09
7.35375,2.7825085197240643e-09
7.354,2.7797564408014977e-09
7.35425,2.7769411203533122e-09
7.3545,2.7740590518112066e-09
7.35475,2.7711071651616733e-09
7.355,2.7680866966813149e-09
7.35525,2.7649975582033887e-09
7.3555,2.7618414649123195e-09
7.35575,2.75862283960155e-09
7.356,2.7553478701503122e-09
7.35625,2.7520209254713152e-09
7.3565,2.748650227847779e-09
7.35675,2.7452448909709425e-09
7.357,2.7418142605383374e-09
7.35725,2.7383670210709018e-09
7.3575,2.7349125207903769e-09
7.35775,2.7314568268343088e-09
7.358,2.7280071728767005e-09
7.35825,2.7245680454543001e-09
7.3585,2.7211423060611063e-09
7.35875,2.7177326258542918e-09
7.359,2.7143379285791329e-09
7.35925,2.7109592495085307e-09
7.3595,2.7075925384189864e-09
7.35975,2.7042345112985324e-09
7.36,2.7008803729389558e-09
7.36025,2.697525968444981e-09
7.3605,2.694163864661944e-09
7.36075,2.6907918363115871e-09
7.361,2.6874035760356036e-09
7.36125,2.6839945883883411e-09
7.3615,2.6805603951190858e-09
7.36175,2.6770998458810824e-09
7.362,2.6736097577898685e-09
7.36225,2.6700892456789462e-09
7.3625,2.6665372775646447e-09
7.36275,2.6629547243600001e-09
7.363,2.6593390060841662e-09
7.36325,2.6556898614752565e-09
7.3635,2.6520085952905992e-09
7.36375,2.6482949506096111e-09
7.364,2.6445479505040943e-09
7.36425,2.6407675140908189e-09
7.3645,2.6369523537763636e-09
7.36475,2.6330991475335679e-09
7.365,2.6292057513105603e-09
7.36525,2.6252676542268984e-09
7.3655,2.621282247755161e-09
7.36575,2.6172449226243376e-09
7.366,2.6131536420325493e-09
7.36625,2.6090045700568082e-09
7.3665,2.6047955917541038e-09
7.36675,2.6005234101563592e-09
7.367,2.5961862842114436e-09
7.36725,2.5917831821209792e-09
7.3675,2.5873119120876346e-09
7.36775,2.5827738504369935e-09
7.368,2.5781694660639474e-09
7.36825,2.573502644679752e-09
7.3685,2.5687756557770031e-09
7.36875,2.5639953947198158e-09
7.369,2.559167020894769e-09
7.36925,2.5542967274573137e-09
7.3695,2.5493937948770968e-09
7.36975,2.5444677306830576e-09
7.37,2.5395297020857613e-09
7.37025,2.534590053683547e-09
7.3705,2.5296602257130138e-09
7.37075,2.5247515402048846e-09
7.371,2.5198731684889012e-09
7.37125,2.5150361773946672e-09
7.3715,2.5102472189685899e-09
7.37175,2.505515083649778e-09
7.372,2.500845237653861e-09
7.37225,2.4962417969019404e-09
7.3725,2.4917086289934504e-09
7.37275,2.4872476689053442e-09
7.373,2.4828591494909642e-09
7.37325,2.4785437912869695e-09
7.3735,2.4743010535785752e-09
7.37375,2.4701316605285349e-09
7.374,2.4660317240391381e-09
7.37425,2.4619999386881202e-09
7.3745,2.4580356100175515e-09
7.37475,2.4541371909489508e-09
7.375,2.4503049302764913e-09
7.37525,2.446538345291068e-09
7.3755,2.4428351330106403e-09
7.37575,2.4391959532132964e-09
7.376,2.4356188684696936e-09
7.37625,2.4321041041631917e-09
7.3765,2.428649809120023e-09
7.37675,2.4252537097422516e-09
7.377,2.4219144788196708e-09
7.37725,2.4186293800570871e-09
7.3775,2.4153951954316253e-09
7.37775,2.4122081528473481e-09
7.378,2.4090641251035287e-09
7.37825,2.4059599870894757e-09
7.3785,2.4028915355817053e-09
7.37875,2.399854451894849e-09
7.379,2.3968443751942505e-09
7.37925,2.3938561292644873e-09
7.3795,2.3908845507810795e-09
7.37975,2.387925361993569e-09
7.38,2.3849733935813259e-09
7.38025,2.3820254952719896e-09
7.3805,2.3790765427964449e-09
7.38075,2.3761234086444193e-09
7.381,2.3731628476782618e-09
7.38125,2.370193617978642e-09
7.3815,2.3672127836071793e-09
7.38175,2.3642201903073983e-09
7.382,2.3612138986186675e-09
7.38225,2.3581935788655866e-09
7.3825,2.3551604801982426e-09
7.38275,2.3521123919348877e-09
7.383,2.3490508178762562e-09
7.38325,2.3459740613221798e-09
7.3835,2.3428799582046056e-09
7.38375,2.3397678389844058e-09
7.384,2.3366343450016046e-09
7.38425,2.3334765198413173e-09
7.3845,2.3302920945925256e-09
7.38475,2.3270757740750852e-09
7.385,2.3238249248881535e-09
7.38525,2.3205364505103928e-09
7.3855,2.3172069631464509e-09
7.38575,2.3138360642189315e-09
7.386,2.3104211429950358e-09
7.38625,2.3069628709270149e-09
7.3865,2.3034635129284989e-09
7.38675,2.2999262511081416e-09
7.387,2.2963544594757994e-09
7.38725,2.2927547516905667e-09
7.3875,2.2891334259105222e-09
7.38775,2.2854998349492262e-09
7.388,2.2818641720252793e-09
7.38825,2.2782368920603528e-09
7.3885,2.2746297629843566e-09
7.38875,2.2710556095495612e-09
7.389,2.2675270369911967e-09
7.38925,2.264056987949529e-09
7.3895,2.2606574568812695e-09
7.38975,2.2573392744150842e-09
7.39,2.2541124827194912e-09
7.39025,2.2509835103643773e-09
7.3905,2.247958042364577e-09
7.39075,2.2450378546175253e-09
7.391,2.2422224788316798e-09
7.39125,2.2395090086751187e-09
7.3915,2.2368916245554676e-09
7.39175,2.2343637902587564e-09
7.392,2.2319164543126868e-09
7.39225,2.2295401588706727e-09
7.3925,2.2272256335901232e-09
7.39275,2.2249630575048913e-09
7.393,2.2227442812247759e-09
7.39325,2.2205621687942788e-09
7.3935,2.2184102456023105e-09
7.39375,2.2162844575355437e-09
7.394,2.2141822193234906e-09
7.39425,2.2121027772078603e-09
7.3945,2.2100458688480342e-09
7.39475,2.2080124415293811e-09
7.395,2.2060061342798001e-09
7.39525,2.2040300235216044e-09
7.3955,2.2020879381613327e-09
7.39575,2.2001845854525251e-09
7.396,2.1983251660223862e-09
7.39625,2.1965157284728041e-09
7.3965,2.1947621717800223e-09
7.39675,2.1930710145114132e-09
7.397,2.1914492198076935e-09
7.39725,2.1899035557728124e-09
7.3975,2.1884397723027984e-09
7.39775,2.1870645325964498e-09
7.398,2.1857833983596282e-09
7.39825,2.1846010051322049e-09
7.3985,2.1835221578074552e-09
7.39875,2.1825498682132366e-09
7.399,2.181686666965545e-09
7.39925,2.1809346560302146e-09
7.3995,2.1802947038710241e-09
7.39975,2.1797669719443552e-09
7.4,2.1793510458628639e-09
7.40025,2.1790456982799645e-09
7.4005,2.1788500556706455e-09
7.40075,2.1787622607793449e-09
7.401,2.1787795216340516e-09
7.40125,2.1788995466135456e-09
7.4015,2.1791187198752114e-09
7.40175,2.1794334166393307e-09
7.402,2.1798386125017242e-09
7.40225,2.1803289486600838e-09
7.4025,2.1808985916456038e-09
7.40275,2.1815387979233522e-09
7.403,2.1822415092443589e-09
7.40325,2.1829971515903535e-09
7.4035,2.1837946010011104e-09
7.40375,2.1846222023790485e-09
7.404,2.1854667486550619e-09
7.40425,2.1863157850899155e-09
7.4045,2.1871555755821262e-09
7.40475,2.1879742570740312e-09
7.405,2.1887606326897075e-09
7.40525,2.1895048596311073e-09
7.4055,2.1901994595764577e-09
7.40575,2.1908396997501598e-09
7.406,2.1914230019830989e-09
7.40625,2.1919493522224311e-09
7.4065,2.1924227604208121e-09
7.40675,2.1928490680643549e-09
7.407,2.1932361388583451e-09
7.40725,2.1935958636294006e-09
7.4075,2.1939409832956644e-09
7.40775,2.1942859109843516e-09
7.408,2.1946459504673794e-09
7.40825,2.1950365523420813e-09
7.4085,2.1954728594674446e-09
7.40875,2.1959694875500087e-09
7.409,2.1965404196165391e-09
7.40925,2.1971980301223511e-09
7.4095,2.1979513222102646e-09
7.40975,2.198809868866168e-09
7.41,2.1997784230327403e-09
7.41025,2.2008605034264108e-09
7.4105,2.2020538380272487e-09
7.41075,2.2033577099634598e-09
7.411,2.2047659894802524e-09
7.41125,2.2062723260702509e-09
7.4115,2.2078671602926862e-09
7.41175,2.2095408508055665e-09
7.412,2.2112841108262556e-09
7.41225,2.2130867085806183e-09
7.4125,2.2149407283141045e-09
7.41275,2.2168339713399794e-09
7.413,2.2187601175092347e-09
7.41325,2.2207140917926233e-09
7.4135,2.2226895101819028e-09
7.41375,2.2246822705884817e-09
7.414,2.2266903465155616e-09
7.41425,2.2287096714299846e-09
7.4145,2.230735984735061e-09
7.41475,2.2327671599441944e-09
7.415,2.2347984241570158e-09
7.41525,2.2368249811387775e-09
7.4155,2.2388416504576664e-09
7.41575,2.2408429615045045e-09
7.416,2.2428234052620852e-09
7.41625,2.2447776383808047e-09
7.4165,2.2466984290769412e-09
7.41675,2.2485807575034504e-09
7.417,2.2504189728904192e-09
7.41725,2.2522079648658949e-09
7.4175,2.2539429644866547e-09
7.41775,2.2556189893134682e-09
7.418,2.2572356296997389e-09
7.41825,2.2587883124707297e-09
7.4185,2.2602757480851078e-09
7.41875,2.2616944213576107e-09
7.419,2.2630533515461058e-09
7.41925,2.2643519153407714e-09
7.4195,2.2655952436967992e-09
7.41975,2.2667908808670304e-09
7.42,2.2679400859991794e-09
7.42025,2.2690698171525444e-09
7.4205,2.270185656518131e-09
7.42075,2.2713030287282729e-09
7.421,2.2724381190314364e-09
7.42125,2.2735997368014193e-09
7.4215,2.2748244043425518e-09
7.42175,2.2761190768844906e-09
7.422,2.2774928219269643e-09
7.42225,2.2789741426823137e-09
7.4225,2.2805683279511273e-09
7.42275,2.2822837812000596e-09
7.423,2.2841237264919341e-09
7.42325,2.2860987848288944e-09
7.4235,2.2882075270558043e-09
7.42375,2.290445923636296e-09
7.424,2.2928099327627067e-09
7.42425,2.2952925884453959e-09
7.4245,2.2978861524668207e-09
7.42475,2.3005768713169227e-09
7.425,2.303353212682753e-09
7.42525,2.3062001007567786e-09
7.4255,2.3091043667592578e-09
7.42575,2.3120512047217579e-09
7.426,2.3150254018397434e-09
7.42625,2.3180132399456293e-09
7.4265,2.3210008332387201e-09
7.42675,2.3239733480232042e-09
7.427,2.3269206131315975e-09
7.42725,2.329831826590137e-09
7.4275,2.3326972433043807e-09
7.42775,2.335511148348533e-09
7.428,2.3382681584233326e-09
7.42825,2.3409675679689748e-09
7.4285,2.3436086677405872e-09
7.42875,2.3461960174633792e-09
7.429,2.348736953045261e-09
7.42925,2.3512403341400649e-09
7.4295,2.3537176120256817e-09
7.42975,2.3561815091261332e-09
7.43,2.3586470104169673e-09
7.43025,2.3611302589044758e-09
7.4305,2.3636453893880999e-09
7.43075,2.3662069326779468e-09
7.431,2.3688304464678889e-09
7.43125,2.3715291999687708e-09
7.4315,2.3743125933594485e-09
7.43175,2.3771899211872352e-09
7.432,2.3801721188046632e-09
7.43225,2.3832645602114397e-09
7.4325,2.3864730542461374e-09
7.43275,2.3897996152877015e-09
7.433,2.3932445112685199e-09
7.43325,2.3968095420547681e-09
7.4335,2.4004934040050994e-09
7.43375,2.4042881406069183e-09
7.434,2.4081911665872147e-09
7.43425,2.4121935716559599e-09
7.4345,2.4162862440171736e-09
7.43475,2.4204594849658976e-09
7.435,2.424703425243811e-09
7.43525,2.4290040677041229e-09
7.4355,2.4333483174468637e-09
7.43575,2.437722354708851e-09
7.436,2.4421130261046051e-09
7.43625,2.4465061554640214e-09
7.4365,2.4508911245545715e-09
7.43675,2.4552572155349925e-09
7.437,2.4595924827575857e-09
7.43725,2.4638874828701316e-09
7.4375,2.4681324519530142e-09
7.43775,2.4723187747560425e-09
7.438,2.4764399353982254e-09
7.43825,2.4804903719244843e-09
7.4385,2.4844653991455021e-09
7.43875,2.4883625159983326e-09
7.439,2.4921811318844893e-09
7.43925,2.4959219529858048e-09
7.4395,2.4995859102147458e-09
7.43975,2.5031795795371141e-09
7.44,2.5067074974270087e-09
7.44025,2.5101770001561208e-09
7.4405,2.5135946509306729e-09
7.44075,2.5169654038836626e-09
7.441,2.5202990095290741e-09
7.44125,2.5236017860751808e-09
7.4415,2.5268787803806311e-09
7.44175,2.5301355860626986e-09
7.442,2.5333762454873809e-09
7.44225,2.5366043090802373e-09
7.4425,2.5398214264505494e-09
7.44275,2.5430313698478597e-09
7.443,2.5462361043216858e-09
7.44325,2.5494361303358115e-09
7.4435,2.5526316130119003e-09
7.44375,2.5558261162943987e-09
7.444,2.5590194621218384e-09
7.44425,2.5622143877106469e-09
7.4445,2.5654122026952837e-09
7.44475,2.5686146661640581e-09
7.445,2.5718223339530496e-09
7.44525,2.5750374423719309e-09
7.4455,2.5782625187295637e-09
7.44575,2.5814969685607704e-09
7.446,2.5847440871569733e-09
7.44625,2.5880072056731012e-09
7.4465,2.5912905380871775e-09
7.44675,2.5945918765158147e-09
7.447,2.5979191917219642e-09
7.44725,2.6012726983458283e-09
7.4475,2.6046568156132005e-09
7.44775,2.6080757502703709e-09
7.448,2.6115319180985738e-09
7.44825,2.6150286386155147e-09
7.4485,2.6185677789053262e-09
7.44875,2.6221528493576746e-09
7.449,2.6257844263682309e-09
7.44925,2.6294662205675825e-09
7.4495,2.6331998349019813e-09
7.44975,2.6369876338140913e-09
7.45,2.6408323325665331e-09
7.45025,2.6447342063736056e-09
7.4505,2.6486951689188311e-09
7.45075,2.6527176579949637e-09
7.451,2.6568028544351715e-09
7.45125,2.6609519648058383e-09
7.4515,2.6651655722703247e-09
7.45175,2.6694457050056942e-09
7.452,2.6737911083182185e-09
7.45225,2.678198468561251e-09
7.4525,2.6826657835762178e-09
7.45275,2.6871884008755364e-09
7.453,2.6917596035129518e-09
7.45325,2.6963727601476974e-09
7.4535,2.7010205098813623e-09
7.45375,2.7056946914792529e-09
7.454,2.7103846216619827e-09
7.45425,2.7150780508390398e-09
7.4545,2.7197650354939719e-09
7.45475,2.7244336562612053e-09
7.455,2.7290740702006601e-09
7.45525,2.7336754910972348e-09
7.4555,2.7382273370502575e-09
7.45575,2.7427212901913087e-09
7.456,2.7471478164991104e-09
7.45625,2.7515007892508443e-09
7.4565,2.755770246127441e-09
7.45675,2.7599539104186312e-09
7.457,2.7640497593303881e-09
7.45725,2.7680548317956623e-09
7.4575,2.7719667118559459e-09
7.45775,2.7757894036172718e-09
7.458,2.7795237964819081e-09
7.45825,2.783176091463065e-09
7.4585,2.7867496882533041e-09
7.45875,2.790251985863249e-09
7.459,2.7936891312290561e-09
7.45925,2.7970682167425752e-09
7.4595,2.8003962662787631e-09
7.45975,2.8036798471682914e-09
7.46,2.8069253106804036e-09
7.46025,2.8101370790577431e-09
7.4605,2.8133213883970234e-09
7.46075,2.8164793669538855e-09
7.461,2.8196161834498508e-09
7.46125,2.8227311631936029e-09
7.4615,2.8258307111899791e-09
7.46175,2.8289153261587394e-09
7.462,2.83198677781067e-09
7.46225,2.8350476105558471e-09
7.4625,2.8381019992378604e-09
7.46275,2.8411516341582347e-09
7.463,2.8441994224604103e-09
7.46325,2.8472466329577399e-09
7.4635,2.8502949769290013e-09
7.46375,2.853345935353001e-09
7.464,2.8563971610443957e-09
7.46425,2.8594493242498447e-09
7.4645,2.8624992768194315e-09
7.46475,2.8655445681595776e-09
7.465,2.8685810236796584e-09
7.46525,2.8716033719245277e-09
7.4655,2.8746046353578847e-09
7.46575,2.8775776059897537e-09
7.466,2.8805138086877373e-09
7.46625,2.8834055349161956e-09
7.4665,2.8862438493372415e-09
7.46675,2.8890191078251469e-09
7.467,2.8917225128861906e-09
7.46725,2.8943444671194548e-09
7.4675,2.8968794021838716e-09
7.46775,2.899318586835817e-09
7.468,2.901656482360949e-09
7.46825,2.903889317811739e-09
7.4685,2.9060133764393317e-09
7.46875,2.9080270270267573e-09
7.469,2.9099308589181166e-09
7.46925,2.9117265819829069e-09
7.4695,2.9134199176586613e-09
7.46975,2.915016021688701e-09
7.47,2.9165226019507142e-09
7.47025,2.9179476639576057e-09
7.4705,2.9193027136854188e-09
7.47075,2.9205971211299163e-09
7.471,2.9218409374333843e-09
7.47125,2.9230446868090142e-09
7.4715,2.9242206252280234e-09
7.47175,2.925378215896228e-09
7.472,2.9265260722829319e-09
7.47225,2.9276695233017477e-09
7.4725,2.9288151779661116e-09
7.47275,2.9299639810786229e-09
7.473,2.9311191415602678e-09
7.47325,2.9322774657795713e-09
7.4735,2.9334359492366104e-09
7.47375,2.9345889866764393e-09
7.474,2.9357313083857603e-09
7.47425,2.936855664054103e-09
7.4745,2.9379546496856342e-09
7.47475,2.9390207334952693e-09
7.475,2.9400478368947589e-09
7.47525,2.9410290407218797e-09
7.4755,2.941959195536467e-09
7.47575,2.942834951212118e-09
7.476,2.9436524540984705e-09
7.47625,2.9444097712461044e-09
7.4765,2.9451054530539266e-09
7.47675,2.94573813886517e-09
7.477,2.9463085018332302e-09
7.47725,2.946817327620231e-09
7.4775,2.9472634168865343e-09
7.47775,2.9476469706494524e-09
7.478,2.947968463039925e-09
7.47825,2.9482279014640816e-09
7.4785,2.9484238944596324e-09
7.47875,2.948557222762665e-09
7.479,2.9486282444541273e-09
7.47925,2.9486384195156587e-09
7.4795,2.9485887699801441e-09
7.47975,2.9484810921225701e-09
7.48,2.9483201737363113e-09
7.48025,2.9481103672330116e-09
7.4805,2.9478572348907952e-09
7.48075,2.9475672698750461e-09
7.481,2.94724868501629e-09
7.48125,2.9469093686380765e-09
7.4815,2.9465580040921911e-09
7.48175,2.9462035509657316e-09
7.482,2.9458533844498085e-09
7.48225,2.9455151696774634e-09
7.4825,2.9451947164961214e-09
7.48275,2.9448965018920323e-09
7.483,2.9446248305671456e-09
7.48325,2.9443808377211399e-09
7.4835,2.9441642656440029e-09
7.48375,2.9439732935811404e-09
7.484,2.9438056087115724e-09
7.48425,2.9436574665236894e-09
7.4845,2.9435231893731412e-09
7.48475,2.9433986358035582e-09
7.485,2.9432767881618617e-09
7.48525,2.9431517977924442e-09
7.4855,2.9430175895822815e-09
7.48575,2.9428693554530931e-09
7.486,2.9427019804709817e-09
7.48625,2.9425100095373606e-09
7.4865,2.9422894041270679e-09
7.48675,2.9420363817229365e-09
7.487,2.941748376242333e-09
7.48725,2.9414225187194368e-09
7.4875,2.9410568139233067e-09
7.48775,2.9406486547844583e-09
7.488,2.940195793228279e-09
7.48825,2.939694841596379e-09
7.4885,2.9391434873112902e-09
7.48875,2.938538309789685e-09
7.489,2.9378746935027984e-09
7.48925,2.9371491358136569e-09
7.4895,2.9363567168206584e-09
7.48975,2.9354917962212668e-09
7.49,2.9345492522301804e-09
7.49025,2.9335231924575556e-09
7.4905,2.9324077869804703e-09
7.49075,2.9311977705533257e-09
7.491,2.9298890846165667e-09
7.49125,2.9284761488076686e-09
7.4915,2.9269557435290648e-09
7.49175,2.9253237659730292e-09
7.492,2.9235778800324396e-09
7.49225,2.9217161668780895e-09
7.4925,2.9197379072387765e-09
7.49275,2.9176438532530526e-09
7.493,2.9154353774959631e-09
7.49325,2.9131155701361294e-09
7.4935,2.9106885943370156e-09
7.49375,2.9081605485641569e-09
7.494,2.9055384620100105e-09
7.49425,2.9028343035015371e-09
7.4945,2.9000573197410586e-09
7.49475,2.8972194062411595e-09
7.495,2.8943323481663538e-09
7.49525,2.8914101237786642e-09
7.4955,2.8884640172669232e-09
7.49575,2.885506063571223e-09
7.496,2.8825460885001556e-09
7.49625,2.8795936182531194e-09
7.4965,2.8766564776828817e-09
7.49675,2.8737409899418477e-09
7.497,2.870850711105478e-09
7.49725,2.8679884062460826e-09
7.4975,2.8651554718652467e-09
7.49775,2.8623515482522503e-09
7.498,2.8595770280935546e-09
7.49825,2.8568291095013874e-09
7.4985,2.8541058571354081e-09
7.49875,2.8514039855355657e-09
7.499,2.8487202973982673e-09
7.49925,2.8460523662512279e-09
7.4995,2.8433966627480738e-09
7.49975,2.8407517045010697e-09
7.5,2.8381141852210811e-09
