Physical Time (s),etp_left Monitor (W)
0.0025,1.4965407093569243e-12
0.005,3.0319460045656915e-10
0.0075,1.1533614225436964e-08
0.01,1.0612740362044687e-07
0.0125,3.9260343011356802e-07
0.015,7.5463026506195266e-07
0.0175,6.9987006232486603e-07
0.02,1.679381880438411e-07
0.0225,3.3371499224771176e-08
0.025,5.0039978651736643e-07
0.0275,6.3775350204070094e-07
0.03,2.3255896346163821e-07
0.0325,-1.0966860294793928e-07
0.035,-1.6355313877841733e-07
0.0375,-6.2760716093348117e-08
0.04,2.3936923877000612e-08
0.0425,7.4994711042934043e-09
0.045,-7.786610123226722e-08
0.0475,-1.2682641564325265e-07
0.05,-9.7695191636531555e-08
0.0525,-4.0722373253755509e-08
0.055,-8.1514334953741567e-09
0.0575,-1.7613891697564965e-09
0.06,-4.0939755987077882e-09
0.0625,-5.9516571135772946e-09
0.065,-2.575692061376323e-09
0.0675,8.1329065990437734e-09
0.07,2.1776891932880595e-08
0.0725,3.066344661894388e-08
0.075,3.0398478371893189e-08
0.0775,2.202764793121945e-08
0.08,1.0037900299378845e-08
0.0825,-3.6239494530625311e-10
0.085,-5.6258926309047166e-09
0.0875,-5.2616066925900447e-09
0.09,-1.7803610593175284e-09
0.0925,1.1469308914800353e-09
0.095,1.4191632051935226e-09
0.0975,-5.9649175558176661e-11
0.1,-4.9049818407618618e-10
0.1025,2.269363531301107e-09
0.105,8.0064589891571343e-09
0.1075,1.4460780303798025e-08
0.11,1.8922284341676356e-08
0.1125,1.9785572944243744e-08
0.115,1.7091736166968008e-08
0.1175,1.2152197914514276e-08
0.12,6.6384784412465836e-09
0.1225,1.8559076490893833e-09
0.125,-1.5536405357870607e-09
0.1275,-3.4747085892225131e-09
0.13,-4.0825679649423855e-09
0.1325,-3.7005061782841367e-09
0.135,-2.6864039612482565e-09
0.1375,-1.385759519255848e-09
0.14,-6.9702852170393139e-11
0.1425,1.1162477874696305e-09
0.145,2.1141979608565431e-09
0.1475,2.8460889964458338e-09
0.15,3.1463973935557128e-09
0.1525,2.7783094860895497e-09
0.155,1.5317606520142399e-09
0.1575,-6.6402499855647666e-10
0.16,-3.6772697687630648e-09
0.1625,-7.166130963778363e-09
0.165,-1.0592298894763779e-08
0.1675,-1.3218907345336654e-08
0.17,-1.4119273576342922e-08
0.1725,-1.2297311998322512e-08
0.175,-7.0234201286605172e-09
0.1775,1.6816919316231979e-09
0.18,1.2653468114777429e-08
0.1825,2.363171784431259e-08
0.185,3.1933365373075105e-08
0.1875,3.5433421005441236e-08
0.19,3.339358146099963e-08
0.1925,2.6690819254355314e-08
0.195,1.7363425809617677e-08
0.1975,7.7581018294873362e-09
0.2,-1.765089251603955e-10
0.2025,-5.3087537277429179e-09
0.205,-7.3856443327419923e-09
0.2075,-6.8623877676966797e-09
0.21,-4.6044540744728029e-09
0.2125,-1.613780966637037e-09
0.215,1.1359095385741638e-09
0.2175,2.8368012958139822e-09
0.22,2.9779859824404445e-09
0.2225,1.4261644319397423e-09
0.225,-1.6176663950377732e-09
0.2275,-5.7455826623480752e-09
0.23,-1.043855823683139e-08
0.2325,-1.5056305044830536e-08
0.235,-1.8857258836634901e-08
0.2375,-2.1037055489224412e-08
0.24,-2.0845063547396937e-08
0.2425,-1.7802093462855237e-08
0.245,-1.1947645416631169e-08
0.2475,-3.9549390687732603e-09
0.25,4.9470900043064165e-09
0.2525,1.3273584067543208e-08
0.255,1.9664396092217414e-08
0.2575,2.3215863527738647e-08
0.26,2.3672250120856476e-08
0.2625,2.1411178622562244e-08
0.265,1.7271482572333884e-08
0.2675,1.2288182663670419e-08
0.27,7.448760247887288e-09
0.2725,3.4974802517007841e-09
0.275,8.2307050484118671e-10
0.2775,-5.4209144367821952e-10
0.28,-8.3568977426654698e-10
0.2825,-4.4129634720915464e-10
0.285,2.3777202290461091e-10
0.2875,8.7860056051665759e-10
0.29,1.2900997187759943e-09
0.2925,1.413705849966328e-09
0.295,1.2896218604898203e-09
0.2975,1.0091444046822019e-09
0.3,6.7312571347985738e-10
0.3025,3.6675977949725481e-10
0.305,1.4760769883710119e-10
0.3075,4.3310875253678779e-11
0.31,5.436830932651338e-11
0.3125,1.6108173706512738e-10
0.315,3.3514197323178977e-10
0.3175,5.4715454611046329e-10
0.32,7.7313956061250407e-10
0.3225,9.9820937600168369e-10
0.325,1.210884687907156e-09
0.3275,1.4029062472301085e-09
0.33,1.5690916328504344e-09
0.3325,1.7109834640361082e-09
0.335,1.8387141066950218e-09
0.3375,1.9718572804201239e-09
0.34,2.1399810971532524e-09
0.3425,2.3740547517091396e-09
0.345,2.7001416823027527e-09
0.3475,3.1347103775705965e-09
0.35,3.6843650805989765e-09
0.3525,4.3524001695716666e-09
0.355,5.1350601838061151e-09
0.3575,6.021920091431506e-09
0.36,6.9928570662757382e-09
0.3625,8.0105157735207004e-09
0.365,9.0130997349734012e-09
0.3675,9.9171002852818655e-09
0.37,1.0626358593514033e-08
0.3725,1.1050653930515791e-08
0.375,1.111826220279566e-08
0.3775,1.0791652953088497e-08
0.38,1.0069049879531105e-08
0.3825,8.9935455492067314e-09
0.385,7.6461213152182092e-09
0.3875,6.1372440429082909e-09
0.39,4.5912992450474114e-09
0.3925,3.1301573142255067e-09
0.395,1.8570774013511463e-09
0.3975,8.3988575109535564e-10
0.4,9.743072775868576e-11
0.4025,-4.0810843203858216e-10
0.405,-7.6553053071239661e-10
0.4075,-1.1043670175762102e-09
0.41,-1.5656787747647156e-09
0.4125,-2.2704533443368547e-09
0.415,-3.2805064381367737e-09
0.4175,-4.5735845276213639e-09
0.42,-6.0304472342362383e-09
0.4225,-7.4425241272846076e-09
0.425,-8.5434474213475839e-09
0.4275,-9.056708592381302e-09
0.43,-8.7540682345823754e-09
0.4325,-7.5061044954860751e-09
0.435,-5.320556316420001e-09
0.4375,-2.3566377700866679e-09
0.44,1.0985662138855533e-09
0.4425,4.6711138649014925e-09
0.445,7.966886771790848e-09
0.4475,1.0642420883079659e-08
0.45,1.2442527299846256e-08
0.4525,1.3241365281126893e-08
0.455,1.304422761604393e-08
0.4575,1.1983824548676997e-08
0.46,1.0283032450882904e-08
0.4625,8.2259618444159243e-09
0.465,6.0956049003918001e-09
0.4675,4.1273636032859241e-09
0.47,2.4830844061211128e-09
0.4725,1.2320748196946023e-09
0.475,3.538039603244093e-10
0.4775,-2.5224775260134343e-10
0.48,-7.422645934898428e-10
0.4825,-1.2896969507963111e-09
0.485,-2.0508450448310698e-09
0.4875,-3.1248506102058386e-09
0.49,-4.5299953566916e-09
0.4925,-6.1930687071981009e-09
0.495,-7.9574002437833828e-09
0.4975,-9.6063526038548288e-09
0.5,-1.0900497108546641e-08
0.5025,-1.1626712108658768e-08
0.505,-1.1638614706635968e-08
0.5075,-1.0877437650059694e-08
0.51,-9.379853984816688e-09
0.5125,-7.2685516463710476e-09
0.515,-4.730354527854631e-09
0.5175,-1.9842703678081629e-09
0.52,7.4323886697407565e-10
0.5225,3.2468938354574135e-09
0.525,5.3587942386234012e-09
0.5275,6.9662385700846352e-09
0.53,8.0165166015079367e-09
0.5325,8.5193581300745021e-09
0.535,8.536037157997287e-09
0.5375,8.1668317123259347e-09
0.54,7.53287692559193e-09
0.5425,6.7561839026236715e-09
0.545,5.942141374629277e-09
0.5475,5.1655914153478219e-09
0.55,4.4658331026442828e-09
0.5525,3.8501020702887817e-09
0.555,3.3012553773846145e-09
0.5575,2.7887551692665013e-09
0.56,2.2804692125439395e-09
0.5625,1.7519920538850214e-09
0.565,1.1936246889256289e-09
0.5675,6.1208539198008132e-10
0.57,3.1186485747292211e-11
0.5725,-5.1356599781787013e-10
0.575,-9.8179475638263298e-10
0.5775,-1.3352212112662449e-09
0.58,-1.5441516819126634e-09
0.5825,-1.5911075390657534e-09
0.585,-1.4725431813491705e-09
0.5875,-1.1993289070870112e-09
0.59,-7.9325968666701662e-10
0.5925,-2.8288562299635907e-10
0.595,3.0016693627052869e-10
0.5975,9.245794356032473e-10
0.6,1.5627574271007862e-09
0.6025,2.1940566413274711e-09
0.605,2.8053677971523231e-09
0.6075,3.3913176077461973e-09
0.61,3.9523831412028913e-09
0.6125,4.4931612506006243e-09
0.615,5.019164887894305e-09
0.6175,5.5369774588304397e-09
0.62,6.0510552488845884e-09
0.6225,6.5628159822638397e-09
0.625,7.0704693775106082e-09
0.6275,7.5662778520612677e-09
0.63,8.0380332432110611e-09
0.6325,8.4685320015291039e-09
0.635,8.8365482391869204e-09
0.6375,9.1168953985788239e-09
0.64,9.2832857931545076e-09
0.6425,9.3116116338713615e-09
0.645,9.1828447765817728e-09
0.6475,8.8860784238979257e-09
0.65,8.4208190248716021e-09
0.6525,7.7983241321523405e-09
0.655,7.0428539042387319e-09
0.6575,6.1871505989182292e-09
0.66,5.2703183045572134e-09
0.6625,4.3335364687919235e-09
0.665,3.4135712198173232e-09
0.6675,2.5393774997582135e-09
0.67,1.7289302008944937e-09
0.6725,9.896282150172451e-10
0.675,3.1918095050652107e-10
0.6775,-2.9027587551556548e-10
0.68,-8.4438469507194679e-10
0.6825,-1.3456350889171287e-09
0.685,-1.7853410065123022e-09
0.6875,-2.1445400574921108e-09
0.69,-2.3930106230503282e-09
0.6925,-2.4938803323700082e-09
0.695,-2.4082156924458261e-09
0.6975,-2.1015874294342522e-09
0.7,-1.5516721202975609e-09
0.7025,-7.5348931458274652e-10
0.705,2.7633002261231124e-10
0.7075,1.4974613736449441e-09
0.71,2.848130023539236e-09
0.7125,4.2478525033757062e-09
0.715,5.6056791871078717e-09
0.7175,6.8260479037901513e-09
0.72,7.821195855068898e-09
0.7225,8.5210719890371938e-09
0.725,8.8791649120005222e-09
0.7275,8.879419114164415e-09
0.73,8.53674624508414e-09
0.7325,7.8938750759216336e-09
0.735,7.0198989219051796e-09
0.7375,5.9981882660777423e-09
0.74,4.9097218420848812e-09
0.7425,3.8256395894175913e-09
0.745,2.7995657325905281e-09
0.7475,1.8611733056480892e-09
0.75,1.0182698310772718e-09
0.7525,2.5614391242374952e-10
0.755,-4.5277059439816571e-10
0.7575,-1.1414538321102783e-09
0.76,-1.8401431938538328e-09
0.7625,-2.5689051152643237e-09
0.765,-3.3332953763157398e-09
0.7675,-4.1209750992677058e-09
0.77,-4.9021739622457322e-09
0.7725,-5.6341945470330911e-09
0.775,-6.2656362708969897e-09
0.7775,-6.7412601792475265e-09
0.78,-7.010350614936845e-09
0.7825,-7.03581794363711e-09
0.785,-6.7955636604530375e-09
0.7875,-6.2869608504464677e-09
0.79,-5.5280235977050494e-09
0.7925,-4.5568768276197702e-09
0.795,-3.4272305589578963e-09
0.7975,-2.2064231686539635e-09
0.8,-9.6526233518006811e-10
0.8025,2.276246904708694e-10
0.805,1.3115180322098938e-09
0.8075,2.2380447273059021e-09
0.81,2.9772134141079204e-09
0.8125,3.5162303851981399e-09
0.815,3.8578860279237222e-09
0.8175,4.0174808822677606e-09
0.82,4.019051098843992e-09
0.8225,3.890249157449321e-09
0.825,3.6590606653532251e-09
0.8275,3.3513007649362593e-09
0.83,2.9895256781793626e-09
0.8325,2.5918210316431956e-09
0.835,2.171726182544656e-09
0.8375,1.7396205891344578e-09
0.84,1.3029938896671897e-09
0.8425,8.6757213695538717e-10
0.845,4.3856973745302192e-10
0.8475,2.1196148732368151e-11
0.85,-3.7907229111913285e-10
0.8525,-7.5625660535950314e-10
0.855,-1.1037276140753127e-09
0.8575,-1.4145808266345765e-09
0.86,-1.6823128864826769e-09
0.8625,-1.9006696997844282e-09
0.865,-2.0639345566491203e-09
0.8675,-2.1676081904746624e-09
0.87,-2.2083053729606747e-09
0.8725,-2.1840952215734863e-09
0.875,-2.0940748197788425e-09
0.8775,-1.9389946487065178e-09
0.88,-1.7210128394218825e-09
0.8825,-1.4424826947626274e-09
0.885,-1.1060036304640998e-09
0.8875,-7.1427574280659402e-10
0.89,-2.7035253871000144e-10
0.8925,2.2259060772886022e-10
0.895,7.6148478318904548e-10
0.8975,1.3424283723866798e-09
0.9,1.9605619173438626e-09
0.9025,2.6088561144916154e-09
0.905,3.2787833121577422e-09
0.9075,3.959205716959921e-09
0.91,4.6359826769313095e-09
0.9125,5.2931522446065503e-09
0.915,5.9130378679198235e-09
0.9175,6.4765560418032396e-09
0.92,6.964386262995346e-09
0.9225,7.3590613530885771e-09
0.925,7.6455549445593162e-09
0.9275,7.812745873877443e-09
0.93,7.8548934462812505e-09
0.9325,7.7719578471929997e-09
0.935,7.5698591315888636e-09
0.9375,7.259285778605545e-09
0.94,6.8557903530683782e-09
0.9425,6.377522366017561e-09
0.945,5.8446511489565787e-09
0.9475,5.2772024300771902e-09
0.95,4.6946086752957144e-09
0.9525,4.1138622922044361e-09
0.955,3.5498486205868546e-09
0.9575,3.01417184401275e-09
0.96,2.516115165092708e-09
0.9625,2.0628669222237513e-09
0.965,1.6603840250710021e-09
0.9675,1.3138470072365528e-09
0.97,1.0287110121612449e-09
0.9725,8.1077549023271448e-10
0.975,6.6724383514474253e-10
0.9775,6.0582384285358051e-10
0.98,6.3603940599136309e-10
0.9825,7.6619647361141275e-10
0.985,9.9975973516460442e-10
0.9875,1.3380843119407249e-09
0.99,1.7781202473288441e-09
0.9925,2.3104745554677023e-09
0.995,2.9201353863437419e-09
0.9975,3.586100752533802e-09
1.0,4.2830299382533957e-09
1.0025,4.9807535842254003e-09
1.005,5.6480369168054833e-09
1.0075,6.2552565384629268e-09
1.01,6.775651988400838e-09
1.0125,7.1877316802909719e-09
1.015,7.4767847294347628e-09
1.0175,7.6358836056440823e-09
1.02,7.666139465733931e-09
1.0225,7.5753844548726903e-09
1.025,7.3761676219753018e-09
1.0275,7.0854448192450706e-09
1.03,6.7232779267702448e-09
1.0325,6.3085900804084154e-09
1.035,5.8578805673744997e-09
1.0375,5.3855545692998166e-09
1.04,4.902813651103709e-09
1.0425,4.4170586482891717e-09
1.045,3.9338099981315261e-09
1.0475,3.4565259718654208e-09
1.05,2.9879587513006018e-09
1.0525,2.529934894293664e-09
1.055,2.0840535116152701e-09
1.0575,1.6530662291000291e-09
1.06,1.2403177394407806e-09
1.0625,8.5042185565019264e-10
1.065,4.8867988197141934e-10
1.0675,1.6047796262040839e-10
1.07,-1.2823930906795394e-10
1.0725,-3.722729098985484e-10
1.075,-5.6742826678396978e-10
1.0775,-7.0926547277371512e-10
1.08,-7.9501101428683248e-10
1.0825,-8.2623552957866374e-10
1.085,-8.0604032837011015e-10
1.0875,-7.3863764985890286e-10
1.09,-6.2930068500639394e-10
1.0925,-4.8434119989363613e-10
1.095,-3.1087354334584351e-10
1.0975,-1.1566640802889614e-10
1.1,9.5064176164311971e-11
1.1025,3.15128260335508e-10
1.105,5.3859080543075706e-10
1.1075,7.5990150746517464e-10
1.11,9.7450131474765207e-10
1.1125,1.1781635563396455e-09
1.115,1.3672014224624333e-09
1.1175,1.538625835410597e-09
1.12,1.6898250914056388e-09
1.1225,1.8181143150897765e-09
1.125,1.9213966906096908e-09
1.1275,1.9965419832579778e-09
1.13,2.041749431679848e-09
1.1325,2.0554291095214803e-09
1.135,2.0360575683907969e-09
1.1375,1.9822157939458594e-09
1.14,1.8925143773745455e-09
1.1425,1.766524278820224e-09
1.145,1.6034574964573045e-09
1.1475,1.406560182320298e-09
1.15,1.178572121083707e-09
1.1525,9.2315320604771479e-10
1.155,6.4371923772805544e-10
1.1575,3.4619738327572613e-10
1.16,3.5888137112262596e-11
1.1625,-2.8178867139835786e-10
1.165,-6.0143828106215981e-10
1.1675,-9.1810180493151528e-10
1.17,-1.2267622174646132e-09
1.1725,-1.5226357783957955e-09
1.175,-1.8002777622475025e-09
1.1775,-2.0557739073475123e-09
1.18,-2.2849030345033386e-09
1.1825,-2.4834173690816059e-09
1.185,-2.6449281157359085e-09
1.1875,-2.7665506982049241e-09
1.19,-2.8439561668894633e-09
1.1925,-2.8730718348358397e-09
1.195,-2.8500487378176277e-09
1.1975,-2.7711610465131811e-09
1.2,-2.6315481063645538e-09
1.2025,-2.4326216395529627e-09
1.205,-2.1757186912765727e-09
1.2075,-1.8635940825938169e-09
1.21,-1.5010289475139411e-09
1.2125,-1.0950934968588822e-09
1.215,-6.5498446966850799e-10
1.2175,-1.9197199407726238e-10
1.22,2.8185071836538675e-10
1.2225,7.5316205211612637e-10
1.225,1.2084731744033716e-09
1.2275,1.6350114382231469e-09
1.23,2.0208419983896411e-09
1.2325,2.3560675704738258e-09
1.235,2.633037589019858e-09
1.2375,2.8434054256017789e-09
1.24,2.9876243475678737e-09
1.2425,3.0653498030400801e-09
1.245,3.0794451259305433e-09
1.2475,3.0344066429677239e-09
1.25,2.9361189242722023e-09
1.2525,2.7915389689296504e-09
1.255,2.6083695008326594e-09
1.2575,2.3948043671172386e-09
1.26,2.1571609917972233e-09
1.2625,1.9046225746150396e-09
1.265,1.6451164739961308e-09
1.2675,1.3849080191124466e-09
1.27,1.129204431629137e-09
1.2725,8.8302841867724038e-10
1.275,6.5115710824453373e-10
1.2775,4.3832488330300282e-10
1.28,2.5097068204227775e-10
1.2825,9.3626779929921562e-11
1.285,-2.9014732214719792e-11
1.2875,-1.1261830690545654e-10
1.29,-1.5290059129320368e-10
1.2925,-1.4628662436938033e-10
1.295,-8.9973420429179647e-11
1.2975,1.7765998108560784e-11
1.3,1.7726375736861425e-10
1.3025,3.8716765667149525e-10
1.305,6.4508755028293313e-10
1.3075,9.4685207918517711e-10
1.31,1.2872497658387365e-09
1.3125,1.6563968069911548e-09
1.315,2.0456162086289375e-09
1.3175,2.4460152407039523e-09
1.32,2.8484668637478088e-09
1.3225,3.2437587830369129e-09
1.325,3.6231901840459639e-09
1.3275,3.9790908021917734e-09
1.33,4.3049406255220982e-09
1.3325,4.595354743997126e-09
1.335,4.8440669440245755e-09
1.3375,5.0493257150944471e-09
1.34,5.2114051808572816e-09
1.3425,5.3290437525177665e-09
1.345,5.403986267449402e-09
1.3475,5.4379254915610404e-09
1.35,5.4336272649361087e-09
1.3525,5.3941202948717578e-09
1.355,5.322691704532973e-09
1.3575,5.2228342564435012e-09
1.36,5.0981428362695997e-09
1.3625,4.9523722924324677e-09
1.365,4.7891869844728363e-09
1.3675,4.6123176665814753e-09
1.37,4.425435946745227e-09
1.3725,4.2319402615340793e-09
1.375,4.0351310737185287e-09
1.3775,3.838172411166043e-09
1.38,3.6440796688659615e-09
1.3825,3.4557499393845407e-09
1.385,3.2759933533829216e-09
1.3875,3.1073980323808392e-09
1.39,2.9524791750325122e-09
1.3925,2.8135004887791213e-09
1.395,2.6924826006002943e-09
1.3975,2.5911419170648262e-09
1.4,2.5109013514091052e-09
1.4025,2.4528960533759016e-09
1.405,2.4177467147375929e-09
1.4075,2.4057968993756291e-09
1.41,2.4170144246791572e-09
1.4125,2.4510161309520382e-09
1.415,2.5070457385353746e-09
1.4175,2.5840371273624233e-09
1.42,2.6805607726009838e-09
1.4225,2.7947919249116648e-09
1.425,2.9246272819111308e-09
1.4275,3.0675897273547897e-09
1.43,3.2208589045371742e-09
1.4325,3.3813134230041249e-09
1.435,3.5455205948850052e-09
1.4375,3.709877214281736e-09
1.44,3.8706202644018614e-09
1.4425,4.0238984709741422e-09
1.445,4.1658400094269682e-09
1.4475,4.2927092712958723e-09
1.45,4.4010335244460557e-09
1.4525,4.4876710535103208e-09
1.455,4.549899850001865e-09
1.4575,4.5855183951223732e-09
1.46,4.5928611700258736e-09
1.4625,4.5708523967050378e-09
1.465,4.5189497735591894e-09
1.4675,4.4371511539682531e-09
1.47,4.3260696137258645e-09
1.4725,4.1868826522801411e-09
1.475,4.0213707221800896e-09
1.4775,3.8318632105006453e-09
1.48,3.6211229812536684e-09
1.4825,3.3923422647149597e-09
1.485,3.148854480811207e-09
1.4875,2.8941809180185194e-09
1.49,2.631911721200769e-09
1.4925,2.3655282546118269e-09
1.495,2.098512758066239e-09
1.4975,1.8341682728603341e-09
1.5,1.5757990608974002e-09
1.5025,1.3264610766133061e-09
1.505,1.0891034820342397e-09
1.5075,8.6650013386654391e-10
1.51,6.6122703562051918e-10
1.5125,4.7566638119823954e-10
1.515,3.119684237160417e-10
1.5175,1.7202664834902199e-10
1.52,5.7558635295466963e-11
1.5225,-3.0097639166680582e-11
1.525,-8.9918139870539846e-11
1.5275,-1.2129742117106433e-10
1.53,-1.2411635939293747e-10
1.5325,-9.8806625826415757e-11
1.535,-4.6403522706879361e-11
1.5375,3.1410647929476956e-11
1.54,1.3228641506304188e-10
1.5425,2.5323599212069528e-10
1.545,3.9064955038165964e-10
1.5475,5.4044231303464939e-10
1.55,6.9809959124723154e-10
1.5525,8.5878927986921746e-10
1.555,1.0176439817982222e-09
1.5575,1.1698588613974729e-09
1.56,1.3108561428440417e-09
1.5625,1.4364536461097171e-09
1.565,1.5430252617556724e-09
1.5675,1.6275212383218635e-09
1.57,1.6877049711910155e-09
1.5725,1.7220257128539311e-09
1.575,1.7297222868969996e-09
1.5775,1.7107302450067999e-09
1.58,1.6656719407800647e-09
1.5825,1.5957401348491473e-09
1.585,1.5026461367677117e-09
1.5875,1.3884623576732439e-09
1.59,1.2555462360573396e-09
1.5925,1.1064643862769079e-09
1.595,9.4387263399180355e-10
1.5975,7.7055265047680532e-10
1.6,5.8934243942822915e-10
1.6025,4.0301675045862462e-10
1.605,2.1435316452231374e-10
1.6075,2.6018799014417476e-11
1.61,-1.5934889094839097e-10
1.6125,-3.3913463964076056e-10
1.615,-5.1073115636658915e-10
1.6175,-6.7166346184853034e-10
1.62,-8.1946416187575064e-10
1.6225,-9.5180791484267083e-10
1.625,-1.0664807997904535e-09
1.6275,-1.1615204449468712e-09
1.63,-1.2351617792190993e-09
1.6325,-1.2859921395632243e-09
1.635,-1.3129450253400769e-09
1.6375,-1.3153818233241592e-09
1.64,-1.293102767833312e-09
1.6425,-1.2463805180496891e-09
1.645,-1.1760015362291788e-09
1.6475,-1.0832345508267436e-09
1.65,-9.6980757293237607e-10
1.6525,-8.378741783657425e-10
1.655,-6.899711119620712e-10
1.6575,-5.289109540910987e-10
1.66,-3.5772677741361177e-10
1.6625,-1.7957025372645368e-10
1.665,2.3950175229314457e-12
1.6675,1.8502411431600531e-10
1.67,3.6529195956759199e-10
1.6725,5.4039680133962803e-10
1.675,7.0780978398904284e-10
1.6775,8.653291250778171e-10
1.68,1.011039913181991e-09
1.6825,1.1434219670203942e-09
1.685,1.2612711326960933e-09
1.6875,1.3637771458306062e-09
1.69,1.4504243760416435e-09
1.6925,1.5210238100226358e-09
1.695,1.5756834466454126e-09
1.6975,1.6147333766745487e-09
1.7,1.6387624932190192e-09
1.7025,1.6485620129557632e-09
1.705,1.6451195113302225e-09
1.7075,1.6295580733895291e-09
1.71,1.603143909354048e-09
1.7125,1.56722827272386e-09
1.715,1.5232457611292564e-09
1.7175,1.472661644487965e-09
1.72,1.4170233319692857e-09
1.7225,1.3578996309406692e-09
1.725,1.296855778461161e-09
1.7275,1.2354652681209007e-09
1.73,1.1752925300947584e-09
1.7325,1.1178701055530452e-09
1.735,1.0646668439887493e-09
1.7375,1.0170942556034802e-09
1.74,9.7647451515431053e-10
1.7425,9.4405641866672725e-10
1.745,9.2098266462097782e-10
1.7475,9.0828324592008289e-10
1.75,9.0688455802974628e-10
1.7525,9.1756595911407432e-10
1.755,9.4096474878574631e-10
1.7575,9.7755256104398799e-10
1.76,1.0276284618155873e-09
1.7625,1.0912979265534821e-09
1.765,1.1684661310397575e-09
1.7675,1.2588508297324706e-09
1.77,1.3619368921340039e-09
1.7725,1.4769961095988331e-09
1.775,1.6030905586505447e-09
1.7775,1.7390681487571625e-09
1.78,1.8835756952351031e-09
1.7825,2.0350178924562026e-09
1.785,2.1916711776544918e-09
1.7875,2.3516128756426366e-09
1.79,2.5127803144842189e-09
1.7925,2.6730320774109362e-09
1.795,2.830165947731778e-09
1.7975,2.9820534466279299e-09
1.8,3.1265365443507936e-09
1.8025,3.261601600055159e-09
1.805,3.3854562925592015e-09
1.8075,3.4964008746717527e-09
1.81,3.5930028319796747e-09
1.8125,3.6740688057625454e-09
1.815,3.7386769649042131e-09
1.8175,3.7863161900672663e-09
1.82,3.8167127120334329e-09
1.8225,3.8298950623482207e-09
1.825,3.8262098469179032e-09
1.8275,3.8062879667460211e-09
1.83,3.7710528749093478e-09
1.8325,3.7216570758117376e-09
1.835,3.659482618098751e-09
1.8375,3.5860585416061941e-09
1.84,3.5030382383459415e-09
1.8425,3.4121576439225767e-09
1.845,3.315192157606912e-09
1.8475,3.2139362544236658e-09
1.85,3.1102195479165271e-09
1.8525,3.0058281957436665e-09
1.855,2.9025118549758664e-09
1.8575,2.8018896037370866e-09
1.86,2.705522711182103e-09
1.8625,2.6148427985975319e-09
1.865,2.5311892875711224e-09
1.8675,2.4557537772101611e-09
1.87,2.3896182815411955e-09
1.8725,2.333720656496925e-09
1.875,2.2888472605804994e-09
1.8775,2.255574066829418e-09
1.88,2.2342893162035098e-09
1.8825,2.2251553229864231e-09
1.885,2.2281169723430212e-09
1.8875,2.2428952845449574e-09
1.89,2.268960781875674e-09
1.8925,2.3055840985238167e-09
1.895,2.3517118561736324e-09
1.8975,2.4062028596654594e-09
1.9,2.4676037725350121e-09
1.9025,2.5344036141710988e-09
1.905,2.6048752320247407e-09
1.9075,2.6773023869864118e-09
1.91,2.7498418765407127e-09
1.9125,2.8207538682956294e-09
1.915,2.8881964193382383e-09
1.9175,2.9506021741775562e-09
1.92,3.0063046794136716e-09
1.9225,3.0539739478491347e-09
1.925,3.0923003469975398e-09
1.9275,3.120337510752783e-09
1.93,3.1371874372483553e-09
1.9325,3.142366631711798e-09
1.935,3.1354266352659069e-09
1.9375,3.116384339318652e-09
1.94,3.0852243287670491e-09
1.9425,3.0422737538006075e-09
1.945,2.9879885105625915e-09
1.9475,2.9229410976678302e-09
1.95,2.8478699873939449e-09
1.9525,2.7635713911328404e-09
1.955,2.6709922387286194e-09
1.9575,2.571099270751943e-09
1.96,2.4649517647532017e-09
1.9625,2.3536128163205396e-09
1.965,2.2381281100843609e-09
1.9675,2.1195726266679948e-09
1.97,1.9989603614814882e-09
1.9725,1.8774119499547741e-09
1.975,1.7558748940129122e-09
1.9775,1.6353466167016274e-09
1.98,1.5168584001621557e-09
1.9825,1.4013453934308247e-09
1.985,1.2896204414895606e-09
1.9875,1.1825150611768235e-09
1.99,1.0807199180648238e-09
1.9925,9.8501497267415612e-10
1.995,8.9573891863368478e-10
1.9975,8.1364515287743108e-10
2.0,7.3906768238056378e-10
2.0025,6.7239376529433559e-10
2.005,6.1389229067862901e-10
2.0075,5.6373629023458612e-10
2.01,5.2197575181257025e-10
2.0125,4.8856787907302466e-10
2.015,4.6337599768080401e-10
2.0175,4.4617926232871806e-10
2.02,4.3669035813049625e-10
2.0225,4.3454710980218225e-10
2.025,4.3931014545248913e-10
2.0275,4.5045774019727831e-10
2.03,4.6738428473013217e-10
2.0325,4.8941030424219552e-10
2.035,5.157877303269068e-10
2.0375,5.4571839419198003e-10
2.04,5.7837935867948129e-10
2.0425,6.1292301541316439e-10
2.045,6.4850921874119831e-10
2.0475,6.8429103692057719e-10
2.05,7.1942664177924098e-10
2.0525,7.5308526586293635e-10
2.055,7.8445044971668946e-10
2.0575,8.1273236599228755e-10
2.06,8.3720270242315767e-10
2.0625,8.5719572327014001e-10
2.065,8.7214124851862482e-10
2.0675,8.8156813986174407e-10
2.07,8.8510925638221234e-10
2.0725,8.8249779601094644e-10
2.075,8.7356451738966025e-10
2.0775,8.5824392983933191e-10
2.08,8.3656483362691077e-10
2.0825,8.0867351611948071e-10
2.085,7.7482115479429062e-10
2.0875,7.3536353985889238e-10
2.09,6.9076808037837765e-10
2.0925,6.4159221634871954e-10
2.095,5.8846045733289749e-10
2.0975,5.3206338488555398e-10
2.1,4.7315160828307239e-10
2.1025,4.1252963440511367e-10
2.105,3.5103352820251325e-10
2.1075,2.8951923502410074e-10
2.11,2.2888268339411413e-10
2.1125,1.7000837043142416e-10
2.115,1.137778263836271e-10
2.1175,6.1044318986134264e-11
2.12,1.2648058763028484e-11
2.1225,-3.0623369733158398e-11
2.125,-6.8007042954006055e-11
2.1275,-9.8772429409617783e-11
2.13,-1.2225051474024273e-10
2.1325,-1.3776494474167961e-10
2.135,-1.4488922285919326e-10
2.1375,-1.4322347240314835e-10
2.14,-1.324779192853233e-10
2.1425,-1.1248438573062962e-10
2.145,-8.319734815377143e-11
2.1475,-4.4698404972538988e-11
2.15,2.9332563894969282e-12
2.1525,5.9210204880683065e-11
2.155,1.2364733975779492e-10
2.1575,1.9567261055491967e-10
2.16,2.7455029900883718e-10
2.1625,3.5945603310793094e-10
2.165,4.4943637766432971e-10
2.1675,5.4348595481095121e-10
2.17,6.4053063520752534e-10
2.1725,7.3948152255782398e-10
2.175,8.3926409974657225e-10
2.1775,9.3879007957568836e-10
2.18,1.0370406702660029e-09
2.1825,1.1330087100467939e-09
2.185,1.2257557370075149e-09
2.1875,1.3144312789049056e-09
2.19,1.3982711964573765e-09
2.1925,1.4766137292406521e-09
2.195,1.5488951343313931e-09
2.1975,1.6146807797616932e-09
2.2,1.6736671622474134e-09
2.2025,1.7256627443335937e-09
2.205,1.7706363832689268e-09
2.2075,1.8086876691141763e-09
2.21,1.840039604699975e-09
2.2125,1.8650036553889551e-09
2.215,1.8839910168572061e-09
2.2175,1.8974615190707705e-09
2.22,1.9059252408279488e-09
2.2225,1.9099288529875757e-09
2.225,1.9100493212339486e-09
2.2275,1.9069004881551407e-09
2.23,1.9011203760039614e-09
2.2325,1.8933587796134524e-09
2.235,1.8842681872784643e-09
2.2375,1.8744848966702165e-09
2.24,1.8646325559007074e-09
2.2425,1.8552944401254407e-09
2.245,1.8470245455226152e-09
2.2475,1.8403391553547765e-09
2.25,1.8357168728645546e-09
2.2525,1.8335949189543495e-09
2.255,1.8343616601171749e-09
2.2575,1.8383586679699258e-09
2.26,1.8458732581718266e-09
2.2625,1.8571364191191544e-09
2.265,1.872321164022374e-09
2.2675,1.8915371134898213e-09
2.27,1.9148435424780487e-09
2.2725,1.9422533818905128e-09
2.275,1.9737129509289895e-09
2.2775,2.0091300067493017e-09
2.28,2.0483636342262651e-09
2.2825,2.0912155250786326e-09
2.285,2.1374480200918747e-09
2.2875,2.1867657867997953e-09
2.29,2.2388344671461409e-09
2.2925,2.2932763231153238e-09
2.295,2.3496816764403429e-09
2.2975,2.4076045989903939e-09
2.3,2.4665780586753166e-09
2.3025,2.5261191209002767e-09
2.305,2.5857200921250219e-09
2.3075,2.6448722012811482e-09
2.31,2.7030505797729714e-09
2.3125,2.7597285647123182e-09
2.315,2.8143893480395952e-09
2.3175,2.8665071876944611e-09
2.32,2.9155781623779371e-09
2.3225,2.9611134296904526e-09
2.325,3.002656967459869e-09
2.3275,3.0397839205117135e-09
2.33,3.0721054444881133e-09
2.3325,3.0992885229594644e-09
2.335,3.1210646580496227e-09
2.3375,3.137221545215219e-09
2.34,3.1476292480500313e-09
2.3425,3.1522090359003176e-09
2.345,3.1509421715252175e-09
2.3475,3.1438448223860088e-09
2.35,3.1309747855379086e-09
2.3525,3.1124663961084599e-09
2.355,3.0884524745809966e-09
2.3575,3.0591390546835367e-09
2.36,3.0247978844493125e-09
2.3625,2.9857662036361037e-09
2.365,2.9423178778226302e-09
2.3675,2.8950036585795967e-09
2.37,2.844301084288649e-09
2.3725,2.7906719594721639e-09
2.375,2.7346439400049062e-09
2.3775,2.6766776832227121e-09
2.38,2.6172544358443734e-09
2.3825,2.5568744379306923e-09
2.385,2.4960158461508293e-09
2.3875,2.4351755941982277e-09
2.39,2.3748381288680321e-09
2.3925,2.3155155709207738e-09
2.395,2.2577180107448451e-09
2.3975,2.2019057858138684e-09
2.4,2.1485135342887758e-09
2.4025,2.0979317292425661e-09
2.405,2.050431333172532e-09
2.4075,2.0063630367693493e-09
2.41,1.9657403575186888e-09
2.4125,1.9286798414094555e-09
2.415,1.8952669037792228e-09
2.4175,1.8655587092274267e-09
2.42,1.8395801268536721e-09
2.4225,1.8172957199268409e-09
2.425,1.7986149465150998e-09
2.4275,1.7833796160006964e-09
2.43,1.7713662092921519e-09
2.4325,1.7622566616976133e-09
2.435,1.7557382805075536e-09
2.4375,1.7513922468399754e-09
2.44,1.7487734182482148e-09
2.4425,1.7474095675204471e-09
2.445,1.7468336161945621e-09
2.4475,1.7465848390519305e-09
2.45,1.7462040071310145e-09
2.4525,1.7452500925940323e-09
2.455,1.7432855216174222e-09
2.4575,1.7398890867936167e-09
2.46,1.7346710096735446e-09
2.4625,1.7272824585244958e-09
2.465,1.7174267314054345e-09
2.4675,1.7048544452682086e-09
2.47,1.6893616320805384e-09
2.4725,1.6707957749838654e-09
2.475,1.6490390167411777e-09
2.4775,1.624013866708615e-09
2.48,1.5956912403825254e-09
2.4825,1.5640704829917651e-09
2.485,1.5291920603298439e-09
2.4875,1.4911387196176746e-09
2.49,1.4500521289559861e-09
2.4925,1.4060874610427382e-09
2.495,1.3594650083760728e-09
2.4975,1.3104210792955148e-09
2.5,1.2592250085089884e-09
2.5025,1.2061798832086869e-09
2.505,1.1515974517324157e-09
2.5075,1.0958051036157705e-09
2.51,1.0391390483773536e-09
2.5125,9.8193632303172631e-10
2.515,9.245413495187089e-10
2.5175,8.6729281859481924e-10
2.52,8.1054484649338024e-10
2.5225,7.546412992304231e-10
2.525,6.999300131444472e-10
2.5275,6.4673963863115085e-10
2.53,5.9538965623807675e-10
2.5325,5.4617208156266262e-10
2.535,4.9937289861369482e-10
2.5375,4.5526736470687911e-10
2.54,4.1411890033764016e-10
2.5425,3.7617340475014299e-10
2.545,3.4164450264280779e-10
2.5475,3.1072779496305731e-10
2.55,2.8356967021371598e-10
2.5525,2.6029955317589868e-10
2.555,2.4100708668838908e-10
2.5575,2.2576571630652539e-10
2.56,2.1461502152058192e-10
2.5625,2.0757432588176564e-10
2.565,2.0463527781879586e-10
2.5675,2.0575563900695307e-10
2.57,2.1086271231828535e-10
2.5725,2.1984927401817063e-10
2.575,2.3257705489124604e-10
2.5775,2.4888401908232841e-10
2.58,2.6857719937665148e-10
2.5825,2.9144266312818675e-10
2.585,3.1723351011038567e-10
2.5875,3.456830295361124e-10
2.59,3.765050802644126e-10
2.5925,4.0940403629137053e-10
2.595,4.4408025035653713e-10
2.5975,4.8021650764052612e-10
2.6,5.1751592178951024e-10
2.6025,5.5564848931224868e-10
2.605,5.9431873083558849e-10
2.6075,6.3318940428322804e-10
2.61,6.719378794083047e-10
2.6125,7.1022009119356211e-10
2.615,7.4770938692653192e-10
2.6175,7.8397739532475276e-10
2.62,8.1885672397614406e-10
2.6225,8.5210502616948505e-10
2.625,8.835264875449106e-10
2.6275,9.1296489740496095e-10
2.63,9.4028987392729381e-10
2.6325,9.6540778904033706e-10
2.635,9.8826091716487776e-10
2.6375,1.0088221723762932e-09
2.64,1.0271021584330279e-09
2.6425,1.0431525657627166e-09
2.645,1.0570481539860574e-09
2.6475,1.0688937960081293e-09
2.65,1.0788163326346228e-09
2.6525,1.086984584311308e-09
2.655,1.0936023772755002e-09
2.6575,1.0989168455777045e-09
2.66,1.1032153454474502e-09
2.6625,1.1068053003010945e-09
2.665,1.1100075682884766e-09
2.6675,1.1131489881814619e-09
2.67,1.1165552600086774e-09
2.6725,1.1205450858082538e-09
2.675,1.1254268643208375e-09
2.6775,1.1314970514911043e-09
2.68,1.1390395128657225e-09
2.6825,1.1483357360329163e-09
2.685,1.1596431814264436e-09
2.6875,1.1732248237928429e-09
2.69,1.1893188024302984e-09
2.6925,1.2081595954437915e-09
2.695,1.2299350184332638e-09
2.6975,1.2548732795068384e-09
2.7,1.2830083513173323e-09
2.7025,1.3143827621295025e-09
2.705,1.3490134198966839e-09
2.7075,1.3868435157157465e-09
2.71,1.427801147349504e-09
2.7125,1.4717447050648881e-09
2.715,1.5185147686878175e-09
2.7175,1.5678993297290281e-09
2.72,1.6196679875685013e-09
2.7225,1.6735501392159549e-09
2.725,1.7292350110781495e-09
2.7275,1.786412462524432e-09
2.73,1.8447276461879745e-09
2.7325,1.9038224554668637e-09
2.735,1.9633269435096464e-09
2.7375,2.0228635187090562e-09
2.74,2.0820578351539711e-09
2.7425,2.140551000018772e-09
2.745,2.1979750239098429e-09
2.7475,2.2539528227853407e-09
2.75,2.3081070423682721e-09
2.7525,2.3600718636141106e-09
2.755,2.4094854998844473e-09
2.7575,2.4560323271130153e-09
2.76,2.4994568954091582e-09
2.7625,2.5395573359736996e-09
2.765,2.5761599462492822e-09
2.7675,2.6091532936286691e-09
2.77,2.6384352019946008e-09
2.7725,2.6639406515343051e-09
2.775,2.6856268995563146e-09
2.7775,2.7034856382488228e-09
2.78,2.717554001030828e-09
2.7825,2.7278988411516967e-09
2.785,2.7346262373706487e-09
2.7875,2.7378696252136273e-09
2.79,2.7377860864788618e-09
2.7925,2.7345446048037362e-09
2.795,2.7283195903551603e-09
2.7975,2.7193062894773058e-09
2.8,2.7077068014964113e-09
2.8025,2.6937439867728653e-09
2.805,2.6776448889560413e-09
2.8075,2.6596529060969693e-09
2.81,2.6400296978138952e-09
2.8125,2.6190338289295866e-09
2.815,2.5969403342863494e-09
2.8175,2.5740278120071629e-09
2.82,2.5505616231698733e-09
2.8225,2.5267939456140726e-09
2.825,2.5029741556879013e-09
2.8275,2.4793408328575947e-09
2.83,2.4560967836469458e-09
2.8325,2.433446497021006e-09
2.835,2.4115704529089493e-09
2.8375,2.3906480134797208e-09
2.84,2.37081311585622e-09
2.8425,2.3521897202472516e-09
2.845,2.3348850501910627e-09
2.8475,2.3189818100471565e-09
2.85,2.3045351332797902e-09
2.8525,2.2915913985929906e-09
2.855,2.2801656715638329e-09
2.8575,2.2702835116568079e-09
2.86,2.2618855379476246e-09
2.8625,2.2549089539126786e-09
2.865,2.2492560611617574e-09
2.8675,2.2447884432638758e-09
2.87,2.2413315354295041e-09
2.8725,2.238690805188189e-09
2.875,2.2366506325616744e-09
2.8775,2.2349975981686634e-09
2.88,2.2335206707318533e-09
2.8825,2.2320051370813816e-09
2.885,2.2302171009037631e-09
2.8875,2.2279082357607995e-09
2.89,2.2248223257568455e-09
2.8925,2.2207124820481846e-09
2.895,2.2153524841320473e-09
2.8975,2.2085423454713245e-09
2.9,2.2001108504302981e-09
2.9025,2.1899039385698687e-09
2.905,2.1777719535947067e-09
2.9075,2.163571445180236e-09
2.91,2.1471666137306922e-09
2.9125,2.1284233441580371e-09
2.915,2.1072178753046116e-09
2.9175,2.0834495695562104e-09
2.92,2.0570414562783395e-09
2.9225,2.0279682662624848e-09
2.925,1.9962513379838248e-09
2.9275,1.9619548397646352e-09
2.93,1.925182710233222e-09
2.9325,1.8860647798423168e-09
2.935,1.8447418092411325e-09
2.9375,1.8013731249488862e-09
2.94,1.756133037945751e-09
2.9425,1.7092053688688543e-09
2.945,1.6608009423900291e-09
2.9475,1.6111388267625365e-09
2.95,1.5604505813605779e-09
2.9525,1.5088310770781862e-09
2.955,1.456739540669444e-09
2.9575,1.4044009983635714e-09
2.96,1.3520872247254e-09
2.9625,1.3000396734264366e-09
2.965,1.24852334728545e-09
2.9675,1.1977820256233875e-09
2.97,1.1480742057688894e-09
2.9725,1.0996420636534326e-09
2.975,1.0527151294874066e-09
2.9775,1.0075082635685633e-09
2.98,9.6423098158753176e-10
2.9825,9.2305944771122448e-10
2.985,8.8416594511023338e-10
2.9875,8.476826638970201e-10
2.99,8.137170140217883e-10
2.9925,7.8237074057510978e-10
2.995,7.5374786422309823e-10
2.9975,7.2788670504230425e-10
3.0,7.048242515945765e-10
3.0025,6.8454337184680098e-10
3.005,6.6700408127057077e-10
3.0075,6.5212108757154301e-10
3.01,6.3979410966987287e-10
3.0125,6.2993443119674123e-10
3.015,6.2239722574081457e-10
3.0175,6.1705853242032727e-10
3.02,6.1379743931121938e-10
3.0225,6.1248100378281342e-10
3.025,6.12959253591557e-10
3.0275,6.1508237344203369e-10
3.03,6.1867538198218146e-10
3.0325,6.2358261108896371e-10
3.035,6.2964450916031184e-10
3.0375,6.3671071051232106e-10
3.04,6.4461685561750929e-10
3.0425,6.5319109089983415e-10
3.045,6.6224347351244104e-10
3.0475,6.7158888020715221e-10
3.05,6.8104337122172971e-10
3.0525,6.904555495300472e-10
3.055,6.9973062605583672e-10
3.0575,7.0878511800305362e-10
3.06,7.1757359591093185e-10
3.0625,7.2604175826055962e-10
3.065,7.3412913500747544e-10
3.0675,7.4177017886113421e-10
3.07,7.4889791851957749e-10
3.0725,7.5547174219559664e-10
3.075,7.6148622268618522e-10
3.0775,7.6698725049849193e-10
3.08,7.7204228067347771e-10
3.0825,7.7673296794052031e-10
3.085,7.8112054577152328e-10
3.0875,7.8526299612540594e-10
3.09,7.8921487391682757e-10
3.0925,7.9302803364040483e-10
3.095,7.9678032268172709e-10
3.0975,8.0056612238686992e-10
3.1,8.0450485151803355e-10
3.1025,8.0873153572512707e-10
3.105,8.133717770482392e-10
3.1075,8.1854430319043012e-10
3.11,8.2435474924507229e-10
3.1125,8.3090107574550131e-10
3.115,8.3827338101166071e-10
3.1175,8.4655819203324533e-10
3.12,8.5582971627829969e-10
3.1225,8.6613575910444609e-10
3.125,8.7755389689374359e-10
3.1275,8.9014940444639935e-10
3.13,9.0398900330550977e-10
3.1325,9.1913950004577311e-10
3.135,9.3567233713025157e-10
3.1375,9.5364417625044843e-10
3.14,9.7310893219600297e-10
3.1425,9.9410665635462332e-10
3.145,1.0166738076755048e-09
3.1475,1.0408246456276713e-09
3.15,1.0665658540120732e-09
3.1525,1.0938842152099188e-09
3.155,1.1227503422448556e-09
3.1575,1.1531310525922733e-09
3.16,1.1849880206174299e-09
3.1625,1.2182854214655463e-09
3.165,1.2530023491156989e-09
3.1675,1.2890956346734607e-09
3.17,1.3265191155043603e-09
3.1725,1.3652071160699341e-09
3.175,1.4050664381076987e-09
3.1775,1.4459913935437051e-09
3.18,1.48785541312567e-09
3.1825,1.5305188687218342e-09
3.185,1.5738285101586374e-09
3.1875,1.6176185377951585e-09
3.19,1.6617252798117542e-09
3.1925,1.7059890913088211e-09
3.195,1.7502680947514183e-09
3.1975,1.7944199795984253e-09
3.2,1.8383099867784636e-09
3.2025,1.8817906394617059e-09
3.205,1.9247091844734016e-09
3.2075,1.9669042951279451e-09
3.21,2.0082032180471275e-09
3.2125,2.0484566314499267e-09
3.215,2.0874927890270607e-09
3.2175,2.1253651562044342e-09
3.22,2.1615322476873647e-09
3.2225,2.1962482891094278e-09
3.225,2.2290649888168073e-09
3.2275,2.2602218848559555e-09
3.23,2.2893232141517669e-09
3.2325,2.3166362634312621e-09
3.235,2.3418125020626669e-09
3.2375,2.3651048109242421e-09
3.24,2.3862464386028071e-09
3.2425,2.4054796523064216e-09
3.245,2.422575052470938e-09
3.2475,2.4376650053605506e-09
3.25,2.4508005079818107e-09
3.2525,2.4619787216715971e-09
3.255,2.4712618630433249e-09
3.2575,2.4787389301639514e-09
3.26,2.4845087380394987e-09
3.2625,2.4886754782460788e-09
3.265,2.4913311856734153e-09
3.2675,2.4925750499258596e-09
3.27,2.4924919116333835e-09
3.2725,2.4911764263889626e-09
3.275,2.4887438424782017e-09
3.2775,2.4853332355242408e-09
3.28,2.481104235049185e-09
3.2825,2.4762279684383009e-09
3.285,2.4708675716835184e-09
3.2875,2.4651589179917729e-09
3.29,2.459210276403287e-09
3.2925,2.4531752670881491e-09
3.295,2.4471144011058582e-09
3.2975,2.4411583525632302e-09
3.3,2.435399919520807e-09
3.3025,2.4299448200620017e-09
3.305,2.4248892282088074e-09
3.3075,2.4203221074245523e-09
3.31,2.4162968714798988e-09
3.3125,2.4128323786190725e-09
3.315,2.4099086968648933e-09
3.3175,2.4074922356193668e-09
3.32,2.4055522511500674e-09
3.3225,2.4040595631439375e-09
3.325,2.402998872088276e-09
3.3275,2.4023792339082053e-09
3.33,2.402193009781489e-09
3.3325,2.4024075826803896e-09
3.335,2.4029221910789258e-09
3.3375,2.4035768472632621e-09
3.34,2.4041669615761774e-09
3.3425,2.4045112393806085e-09
3.345,2.4044785436786253e-09
3.3475,2.4039963326250055e-09
3.35,2.4030048035902777e-09
3.3525,2.4014330825084047e-09
3.355,2.3991517372900432e-09
3.3575,2.3959807070141219e-09
3.36,2.3917338623757576e-09
3.3625,2.3862493658388617e-09
3.365,2.3794009268723284e-09
3.3675,2.3710633125040547e-09
3.37,2.3612635252938316e-09
3.3725,2.3498754764305683e-09
3.375,2.3368223510449762e-09
3.3775,2.3220281673778131e-09
3.38,2.305427477675002e-09
3.3825,2.286954974998125e-09
3.385,2.2665774032814402e-09
3.3875,2.2442780560769558e-09
3.39,2.2200651292907557e-09
3.3925,2.1939602282966107e-09
3.395,2.1660011496308133e-09
3.3975,2.1362304858033456e-09
3.4,2.1046932950411651e-09
3.4025,2.0714443796786065e-09
3.405,2.0365592253158945e-09
3.4075,2.0001427359608811e-09
3.41,1.9623526392598782e-09
3.4125,1.9233787573400203e-09
3.415,1.8834250833940134e-09
3.4175,1.8427068177090311e-09
3.42,1.8014216219854137e-09
3.4225,1.7597387322688554e-09
3.425,1.7178172248662824e-09
3.4275,1.6758005240176057e-09
3.43,1.6338509096919879e-09
3.4325,1.5921493923542992e-09
3.435,1.5508966628203502e-09
3.4375,1.51031118309089e-09
3.44,1.4706240205557206e-09
3.4425,1.432061650687336e-09
3.445,1.3948287118251499e-09
3.4475,1.3591095516720434e-09
3.45,1.3250643434281904e-09
3.4525,1.2928286400291574e-09
3.455,1.2625103023441286e-09
3.4575,1.2342202385936299e-09
3.46,1.2080506844570848e-09
3.4625,1.1840724300047293e-09
3.465,1.1623369106170689e-09
3.4675,1.1428751551166086e-09
3.47,1.1256891496198528e-09
3.4725,1.1107620372338749e-09
3.475,1.09804879608943e-09
3.4775,1.0874909777068653e-09
3.48,1.0790285728155261e-09
3.4825,1.0725910704533602e-09
3.485,1.0680972526155441e-09
3.4875,1.0654592964239009e-09
3.49,1.064559612746566e-09
3.4925,1.0652572826998089e-09
3.495,1.0673942475295375e-09
3.4975,1.0707972478233495e-09
3.5,1.0752843149964443e-09
3.5025,1.0806656793389139e-09
3.505,1.0867560083863666e-09
3.5075,1.0933711169330897e-09
3.51,1.1003300054922719e-09
3.5125,1.1074505001464078e-09
3.515,1.1145567872399538e-09
3.5175,1.1214776895477392e-09
3.52,1.1280538091105077e-09
3.5225,1.1341431751639546e-09
3.525,1.1396311005482537e-09
3.5275,1.1444212426522686e-09
3.53,1.1484456882277562e-09
3.5325,1.1516569033697315e-09
3.535,1.1540246224362177e-09
3.5375,1.1555409834499399e-09
3.54,1.1562151197719359e-09
3.5425,1.1560722097106057e-09
3.545,1.1551591403518916e-09
3.5475,1.1535464439041925e-09
3.55,1.1513232242699948e-09
3.5525,1.1485773933487848e-09
3.555,1.1454132337039526e-09
3.5575,1.1419614547496228e-09
3.56,1.1383443947935778e-09
3.5625,1.1346909456285807e-09
3.565,1.1311392909971115e-09
3.5675,1.1278355021470258e-09
3.57,1.1249332856043531e-09
3.5725,1.1225952084449058e-09
3.575,1.1209621800530881e-09
3.5775,1.1202278540423364e-09
3.58,1.1205216592108032e-09
3.5825,1.1220076511136014e-09
3.585,1.1248025353581794e-09
3.5875,1.1290951479432322e-09
3.59,1.134983241410025e-09
3.5925,1.1425465983362055e-09
3.595,1.1518006004302895e-09
3.5975,1.1628166423247401e-09
3.6,1.17565131514233e-09
3.6025,1.1903504302764903e-09
3.605,1.2069473136562252e-09
3.6075,1.2254715757520892e-09
3.61,1.2459902071512388e-09
3.6125,1.2683157687202424e-09
3.615,1.2926019185614057e-09
3.6175,1.3185253044082979e-09
3.62,1.3461185331416135e-09
3.6225,1.3752922521593054e-09
3.625,1.4059624393382043e-09
3.6275,1.4380537642635199e-09
3.63,1.4714686670010978e-09
3.6325,1.5060994799049828e-09
3.635,1.5417959510136233e-09
3.6375,1.5783580362179506e-09
3.64,1.615538513680719e-09
3.6425,1.65306570081408e-09
3.645,1.6906675467179863e-09
3.6475,1.7281088533848626e-09
3.65,1.7652213425076665e-09
3.6525,1.8019179921155484e-09
3.655,1.838157448413662e-09
3.6575,1.8739163329571617e-09
3.66,1.9091519143841815e-09
3.6625,1.9437729016232686e-09
3.665,1.9776457246253525e-09
3.6675,2.01061395194816e-09
3.67,2.0425267030017245e-09
3.6725,2.0732669268693021e-09
3.675,2.1027973898752041e-09
3.6775,2.131110496826696e-09
3.68,2.1582398286691963e-09
3.6825,2.1842307402868365e-09
3.685,2.2091210589392836e-09
3.6875,2.2329190523140327e-09
3.69,2.2556252203048237e-09
3.6925,2.2772300109373845e-09
3.695,2.2977305646832064e-09
3.6975,2.3171556243666776e-09
3.7,2.3355344785648567e-09
3.7025,2.3529206509153841e-09
3.705,2.3693615088076838e-09
3.7075,2.3849216681571109e-09
3.71,2.399657435658704e-09
3.7125,2.4136244006764869e-09
3.715,2.4268694215041438e-09
3.7175,2.43943779969483e-09
3.72,2.4513790748617512e-09
3.7225,2.4627187626345328e-09
3.725,2.4735039303158057e-09
3.7275,2.4837682156529317e-09
3.73,2.4935527572031434e-09
3.7325,2.5029021546788421e-09
3.735,2.5118550017930431e-09
3.7375,2.5204414687969818e-09
3.74,2.5286905285515724e-09
3.7425,2.5366113245368918e-09
3.745,2.5441984791675711e-09
3.7475,2.5514301722816548e-09
3.75,2.5582785416070098e-09
3.7525,2.5647036383073098e-09
3.755,2.5706692392935415e-09
3.7575,2.5761457045533231e-09
3.76,2.5811079229791913e-09
3.7625,2.5855314056045795e-09
3.765,2.5893917082507949e-09
3.7675,2.5926631133690086e-09
3.77,2.5953180976814912e-09
3.7725,2.5973258312789478e-09
3.775,2.5986617126078558e-09
3.7775,2.5993066604035655e-09
3.78,2.5992469832236836e-09
3.7825,2.5984739961923239e-09
3.785,2.5969844303830003e-09
3.7875,2.5947753468097784e-09
3.79,2.5918442519359808e-09
3.7925,2.5882022873319462e-09
3.795,2.5838456459133206e-09
3.7975,2.5788338961956982e-09
3.8,2.5731527410099728e-09
3.8025,2.5668738145662463e-09
3.805,2.5599711128533512e-09
3.8075,2.5524631922704847e-09
3.81,2.5443618701171895e-09
3.8125,2.5356255245864036e-09
3.815,2.5262396489862894e-09
3.8175,2.5161569121397105e-09
3.82,2.5053757438945673e-09
3.8225,2.4937931148949148e-09
3.825,2.4813587926127298e-09
3.8275,2.4680606957078016e-09
3.83,2.4538656592419279e-09
3.8325,2.4388158463495585e-09
3.835,2.4228483099562627e-09
3.8375,2.4060269708304018e-09
3.84,2.3883516325876025e-09
3.8425,2.369798135191821e-09
3.845,2.3503489091673602e-09
3.8475,2.3300155674388103e-09
3.85,2.3088258396475088e-09
3.8525,2.2868331630035615e-09
3.855,2.2641050792483364e-09
3.8575,2.2407038314030259e-09
3.86,2.2166708289139277e-09
3.8625,2.1920423035304475e-09
3.865,2.1668471331768439e-09
3.8675,2.1411174775501753e-09
3.87,2.1149264847545265e-09
3.8725,2.0882484646698517e-09
3.875,2.0613410455906899e-09
3.8775,2.0340296233794321e-09
3.88,2.0062590669109402e-09
3.8825,1.9779564149223289e-09
3.885,1.9490559659284515e-09
3.8875,1.9195381877566433e-09
3.89,1.8894477021479589e-09
3.8925,1.8588744601640748e-09
3.895,1.8279342534668323e-09
3.8975,1.7967304611958739e-09
3.9,1.7653504665654114e-09
3.9025,1.7338475016448286e-09
3.905,1.70224624635882e-09
3.9075,1.6705677060828298e-09
3.91,1.638854007908605e-09
3.9125,1.6071787915690698e-09
3.915,1.575657861714579e-09
3.9175,1.5444459826405717e-09
3.92,1.5137032646821114e-09
3.9225,1.4835651337659549e-09
3.925,1.4541467513654076e-09
3.9275,1.4255246918534031e-09
3.93,1.3977395410925817e-09
3.9325,1.3708260147377199e-09
3.935,1.3448292627500238e-09
3.9375,1.3198007743345834e-09
3.94,1.2958254874449121e-09
3.9425,1.2730026193358349e-09
3.945,1.2514262720169342e-09
3.9475,1.2311879581439219e-09
3.95,1.2123344462209268e-09
3.9525,1.1948919176527994e-09
3.955,1.178857116476861e-09
3.9575,1.1642112370819622e-09
3.96,1.1509354907582572e-09
3.9625,1.1390337487410378e-09
3.965,1.1284998252454819e-09
3.9675,1.1193383221934536e-09
3.97,1.1115346946706656e-09
3.9725,1.1050533774401777e-09
3.975,1.0998333427267098e-09
3.9775,1.0958021845740171e-09
3.98,1.0928708841662473e-09
3.9825,1.0909530388214667e-09
3.985,1.0899526502200412e-09
3.9875,1.0897795053523602e-09
3.99,1.0903365257230658e-09
3.9925,1.0915255858792371e-09
3.995,1.0932311335761336e-09
3.9975,1.0953299860392708e-09
4.0,1.0977012693241549e-09
4.0025,1.1002388016629676e-09
4.005,1.102844880111185e-09
4.0075,1.1054433261959281e-09
4.01,1.1079757560495697e-09
4.0125,1.110400895215647e-09
4.015,1.1126837176235731e-09
4.0175,1.1147927762520906e-09
4.02,1.1167016656257451e-09
4.0225,1.1183927853647885e-09
4.025,1.1198494995321874e-09
4.0275,1.1210673793782315e-09
4.03,1.1220547564165783e-09
4.0325,1.1228271029606439e-09
4.035,1.1234127974608153e-09
4.0375,1.1238482960445384e-09
4.04,1.1241926893686778e-09
4.0425,1.1245057732415722e-09
4.045,1.1248730297610132e-09
4.0475,1.1254081561940938e-09
4.05,1.1261991350099761e-09
4.0525,1.1274049507344452e-09
4.055,1.1291209095310945e-09
4.0575,1.1315209435362413e-09
4.06,1.1347500708681593e-09
4.0625,1.1389318496335659e-09
4.065,1.1441840543823877e-09
4.0675,1.1506397128005116e-09
4.07,1.1584032908633979e-09
4.0725,1.1675799891861208e-09
4.075,1.1782669465039844e-09
4.0775,1.1905428863500732e-09
4.08,1.2044330865926274e-09
4.0825,1.2200540329104301e-09
4.085,1.2373866048825913e-09
4.0875,1.2565310746332417e-09
4.09,1.2774244131968725e-09
4.0925,1.300075941551812e-09
4.095,1.3244847530763801e-09
4.0975,1.3506239184713989e-09
4.1,1.3784357208199676e-09
4.1025,1.4078402120588882e-09
4.105,1.4387451360539844e-09
4.1075,1.4711230465807113e-09
4.11,1.5046521780596783e-09
4.1125,1.5393799373158186e-09
4.115,1.5751368178768696e-09
4.1175,1.6118242566080211e-09
4.12,1.6494133849701209e-09
4.1225,1.6874504534095319e-09
4.125,1.7261253917672268e-09
4.1275,1.7648211829796413e-09
4.13,1.8035451848317134e-09
4.1325,1.842101484687669e-09
4.135,1.8803043137616106e-09
4.1375,1.9179668702454692e-09
4.14,1.9548974595890759e-09
4.1425,1.9909281416500043e-09
4.145,2.0259146758088949e-09
4.1475,2.0597557023299149e-09
4.15,2.0923835989980776e-09
4.1525,2.1237395266071877e-09
4.155,2.1537575551244789e-09
4.1575,2.182352424791854e-09
4.16,2.2094233928819171e-09
4.1625,2.2348713734632144e-09
4.165,2.2586404388753531e-09
4.1675,2.2807145796763484e-09
4.17,2.3011543061087849e-09
4.1725,2.3200503729961419e-09
4.175,2.3375070826895244e-09
4.1775,2.3536072150058012e-09
4.18,2.3683928527495364e-09
4.1825,2.3818900259804641e-09
4.185,2.394130621419105e-09
4.1875,2.4051725431453191e-09
4.19,2.4151224957600155e-09
4.1925,2.424135004622875e-09
4.195,2.4323862640491008e-09
4.1975,2.4400475122077301e-09
4.2,2.4472735898713139e-09
4.2025,2.4541824521510739e-09
4.205,2.460894019220268e-09
4.2075,2.4675073267164571e-09
4.21,2.4741256580816719e-09
4.2125,2.4808479222868843e-09
4.215,2.487760467223914e-09
4.2175,2.4949397295160393e-09
4.22,2.5024373839442476e-09
4.2225,2.510283090458905e-09
4.225,2.5184704054537606e-09
4.2275,2.5269817498462627e-09
4.23,2.5357786092849097e-09
4.2325,2.5448222612017396e-09
4.235,2.5540729034157771e-09
4.2375,2.5634991288442812e-09
4.24,2.5730736456195307e-09
4.2425,2.582774217661727e-09
4.245,2.5925685614081609e-09
4.2475,2.6024063910962999e-09
4.25,2.6122218183953785e-09
4.2525,2.6219199255376376e-09
4.255,2.6314037891095169e-09
4.2575,2.6405515688101794e-09
4.26,2.6492398035487097e-09
4.2625,2.6573481711745051e-09
4.265,2.6647539861241097e-09
4.2675,2.6713344428930225e-09
4.27,2.6769701169983525e-09
4.2725,2.6815450637660276e-09
4.275,2.6849518462969346e-09
4.2775,2.6870959372317074e-09
4.28,2.6878969033522901e-09
4.2825,2.6872905592551836e-09
4.285,2.6852374343966317e-09
4.2875,2.6817102466949084e-09
4.29,2.6767026144394824e-09
4.2925,2.6702171337727229e-09
4.295,2.6622164818699575e-09
4.2975,2.6528093649928416e-09
4.3,2.6419235088412333e-09
4.3025,2.6296930335600368e-09
4.305,2.6160619141500576e-09
4.3075,2.6010929822869507e-09
4.31,2.5848659239193253e-09
4.3125,2.5674556200134885e-09
4.315,2.548893029703337e-09
4.3175,2.5292213061359717e-09
4.32,2.5085120411374425e-09
4.3225,2.4868313190071263e-09
4.325,2.4642662699666737e-09
4.3275,2.4408998120214784e-09
4.33,2.4168419184234673e-09
4.3325,2.3921606936081818e-09
4.335,2.3669511413365643e-09
4.3375,2.3413102618687627e-09
4.34,2.3153510345872063e-09
4.3425,2.289168327201079e-09
4.345,2.26285515105327e-09
4.3475,2.2365856463284669e-09
4.35,2.2103395786160745e-09
4.3525,2.1841648964421687e-09
4.355,2.1581327221247077e-09
4.3575,2.1323273056603198e-09
4.36,2.1067671324641801e-09
4.3625,2.0816329322351483e-09
4.365,2.0567199884938684e-09
4.3675,2.0323008225184523e-09
4.37,2.0081696662964705e-09
4.3725,1.9846210933069546e-09
4.375,1.9614112028063125e-09
4.3775,1.9388283323392211e-09
4.38,1.9167218335387763e-09
4.3825,1.8950590808973775e-09
4.385,1.8737872466588801e-09
4.3875,1.8528302423269748e-09
4.39,1.8321068788482254e-09
4.3925,1.811545874334656e-09
4.395,1.7910874772444403e-09
4.3975,1.7707187180882143e-09
4.4,1.7504623631302687e-09
4.4025,1.7303463944293276e-09
4.405,1.7104000386184322e-09
4.4075,1.6906157561749091e-09
4.41,1.6709715947167864e-09
4.4125,1.6514338477912135e-09
4.415,1.6319921649250007e-09
4.4175,1.6126790719833258e-09
4.42,1.5935434328687617e-09
4.4225,1.5746518878821768e-09
4.425,1.5560673494394536e-09
4.4275,1.537828729244441e-09
4.43,1.5199733614818984e-09
4.4325,1.5025162180244702e-09
4.435,1.4854707390028363e-09
4.4375,1.4688623579130891e-09
4.44,1.4527247930494799e-09
4.4425,1.4371043292589779e-09
4.445,1.4220426961563583e-09
4.4475,1.4075819052314767e-09
4.45,1.393762181575595e-09
4.4525,1.3806211858047362e-09
4.455,1.3681984942731859e-09
4.4575,1.3565192144053803e-09
4.46,1.3456060278261011e-09
4.4625,1.3354746745042547e-09
4.465,1.3261444037410222e-09
4.4675,1.3176397368220177e-09
4.47,1.3099821818368626e-09
4.4725,1.3031940180567162e-09
4.475,1.2972936146475907e-09
4.4775,1.2922671646807327e-09
4.48,1.2881053079080697e-09
4.4825,1.2847853351283917e-09
4.485,1.2822877070627286e-09
4.4875,1.2806039001602661e-09
4.49,1.2797169127021429e-09
4.4925,1.2796205872471176e-09
4.495,1.2802972255652946e-09
4.4975,1.2817178135827169e-09
4.5,1.28383388172306e-09
4.5025,1.2865809042273518e-09
4.505,1.2898857003730542e-09
4.5075,1.293675341317826e-09
4.51,1.2978778401387463e-09
4.5125,1.3024302907848822e-09
4.515,1.3072883743060582e-09
4.5175,1.3124207173607401e-09
4.52,1.3178022139945516e-09
4.5225,1.323408242728664e-09
4.525,1.3292179139926913e-09
4.5275,1.335208959644842e-09
4.53,1.3413701545027293e-09
4.5325,1.3477016649756785e-09
4.535,1.3542291748902976e-09
4.5375,1.3609884977320794e-09
4.54,1.3680297241987703e-09
4.5425,1.3754051773830917e-09
4.545,1.3831687678716424e-09
4.5475,1.3913730154635411e-09
4.55,1.4001258951803595e-09
4.5525,1.4093546889196416e-09
4.555,1.4192197549274629e-09
4.5575,1.4296796624289469e-09
4.56,1.4408882602402588e-09
4.5625,1.4528622883532451e-09
4.565,1.4656336741168908e-09
4.5675,1.4792473627367544e-09
4.57,1.4937576460166544e-09
4.5725,1.5091899634491226e-09
4.575,1.5255767765341316e-09
4.5775,1.5429307361590718e-09
4.58,1.561301341101922e-09
4.5825,1.5806676131110869e-09
4.585,1.6010346324941286e-09
4.5875,1.6224087593514807e-09
4.59,1.6447832342377669e-09
4.5925,1.6681499337579024e-09
4.595,1.6924648011957752e-09
4.5975,1.7176971127287693e-09
4.6,1.743777844343767e-09
4.6025,1.7706346518231077e-09
4.605,1.798191269496865e-09
4.6075,1.8263636080871209e-09
4.61,1.8550810258398837e-09
4.6125,1.8842495959259612e-09
4.615,1.9136060203206599e-09
4.6175,1.9433144889425719e-09
4.62,1.9730294958097971e-09
4.6225,2.0029193135180463e-09
4.625,2.0326116381895501e-09
4.6275,2.062314696313112e-09
4.63,2.0915818511061097e-09
4.6325,2.1206123879782555e-09
4.635,2.1489218893348711e-09
4.6375,2.176516025514648e-09
4.64,2.2032493432446658e-09
4.6425,2.2289972459491133e-09
4.645,2.2536578526968276e-09
4.6475,2.2771540038165028e-09
4.65,2.2994329124498026e-09
4.6525,2.320451369224162e-09
4.655,2.3401825114553208e-09
4.6575,2.3586003777749629e-09
4.66,2.375681396615561e-09
4.6625,2.3914087280093928e-09
4.665,2.4057753573963716e-09
4.6675,2.4187930961479897e-09
4.67,2.430493927111101e-09
4.6725,2.4409397510947425e-09
4.675,2.4502152242215254e-09
4.6775,2.458421553212702e-09
4.68,2.4656627466830115e-09
4.6825,2.4720420136190878e-09
4.685,2.4776529086245103e-09
4.6875,2.4825807026443129e-09
4.69,2.4869112592075981e-09
4.6925,2.4907397356405461e-09
4.695,2.4941554630915652e-09
4.6975,2.497263391305907e-09
4.7,2.5001680551989822e-09
4.7025,2.5029783600395253e-09
4.705,2.5057944908228704e-09
4.7075,2.5087006706473116e-09
4.71,2.5117822552212477e-09
4.7125,2.5150889247793607e-09
4.715,2.5186742815504003e-09
4.7175,2.522578192984151e-09
4.72,2.5268316716997687e-09
4.7225,2.531453532256965e-09
4.725,2.5364438673919112e-09
4.7275,2.5417741604904862e-09
4.73,2.5474009203315932e-09
4.7325,2.5532579586255533e-09
4.735,2.5592740401651154e-09
4.7375,2.5653818181393994e-09
4.74,2.5715182608352145e-09
4.7425,2.5776154915909951e-09
4.745,2.5836164127988874e-09
4.7475,2.5894560247302641e-09
4.75,2.5950586390630013e-09
4.7525,2.6003334906044249e-09
4.755,2.6051779004280077e-09
4.7575,2.6094776213224113e-09
4.76,2.6131145839689818e-09
4.7625,2.6159643484756752e-09
4.765,2.6179019770671124e-09
4.7675,2.618812386919381e-09
4.77,2.618581925028046e-09
4.7725,2.6171004268728793e-09
4.775,2.6142631082468383e-09
4.7775,2.6099851505001942e-09
4.78,2.6041963205748532e-09
4.7825,2.5968503575384e-09
4.785,2.5879230952884314e-09
4.7875,2.5774164762059719e-09
4.79,2.5652742512729771e-09
4.7925,2.5516591257868469e-09
4.795,2.5365370004695882e-09
4.7975,2.5198506811303161e-09
4.8,2.5018431002172303e-09
4.8025,2.4823959797143848e-09
4.805,2.4617594669643041e-09
4.8075,2.4398568094497226e-09
4.81,2.4169628344514326e-09
4.8125,2.3930141150313671e-09
4.815,2.3681806503864462e-09
4.8175,2.3426189439399983e-09
4.82,2.3164384937196013e-09
4.8225,2.2897822619737775e-09
4.825,2.2627747374517916e-09
4.8275,2.2355651222999862e-09
4.83,2.2082576525744773e-09
4.8325,2.1809760130358879e-09
4.835,2.1538266177387227e-09
4.8375,2.1269410997798563e-09
4.84,2.100425539188051e-09
4.8425,2.0744598168090928e-09
4.845,2.0490404995938356e-09
4.8475,2.0242911926626737e-09
4.85,2.0002212796862527e-09
4.8525,1.9768426900106679e-09
4.855,1.9542144509980288e-09
4.8575,1.9324017278984299e-09
4.86,1.9113992719914945e-09
4.8625,1.8912097311284972e-09
4.865,1.8718325199617017e-09
4.8675,1.8532740943942735e-09
4.87,1.8355256914139716e-09
4.8725,1.8186898997210069e-09
4.875,1.802571800570362e-09
4.8775,1.7873549937908589e-09
4.88,1.7729436805560678e-09
4.8825,1.7592092390874809e-09
4.885,1.746250486304883e-09
4.8875,1.7338410129945163e-09
4.89,1.7218354409100127e-09
4.8925,1.710103075777584e-09
4.895,1.6985601954974119e-09
4.8975,1.6871619561159245e-09
4.9,1.6758790815899795e-09
4.9025,1.6646838473418833e-09
4.905,1.6535227711982779e-09
4.9075,1.64231878230451e-09
4.91,1.6309905953037428e-09
4.9125,1.6194724459427322e-09
4.915,1.6077240269187874e-09
4.9175,1.5957220805584858e-09
4.92,1.5834654083187928e-09
4.9225,1.5709753968809853e-09
4.925,1.5582771268088153e-09
4.9275,1.5454085420602816e-09
4.93,1.5324113381562689e-09
4.9325,1.5193230110342757e-09
4.935,1.5061752192991556e-09
4.9375,1.4930086421618228e-09
4.94,1.4798788501740422e-09
4.9425,1.4668594437954453e-09
4.945,1.454035790810341e-09
4.9475,1.4415063511948736e-09
4.95,1.4293814364700536e-09
4.9525,1.4177624012870014e-09
4.955,1.4067456078619544e-09
4.9575,1.3963978810682838e-09
4.96,1.3867760072172152e-09
4.9625,1.37793024436765e-09
4.965,1.3699106785996932e-09
4.9675,1.3627740791672401e-09
4.97,1.3565911974786875e-09
4.9725,1.3514331865751487e-09
4.975,1.347352112610151e-09
4.9775,1.3443856663028891e-09
4.98,1.3425488755338594e-09
4.9825,1.3418265163017521e-09
4.985,1.342206747689306e-09
4.9875,1.3436630394136586e-09
4.99,1.3461833020625327e-09
4.9925,1.3497485658120493e-09
4.995,1.3543442919374892e-09
4.9975,1.359963750345988e-09
5.0,1.3665950789133897e-09
5.00025,1.3718371638269687e-09
5.0005,1.3771008148082398e-09
5.00075,1.3824304520417004e-09
5.001,1.3878724947073668e-09
5.00125,1.3934042337244314e-09
5.0015,1.3990247078673759e-09
5.00175,1.4047012244616958e-09
5.002,1.4104724387921518e-09
5.00225,1.4163503823506916e-09
5.0025,1.4223453131255699e-09
5.00275,1.4284599413133202e-09
5.003,1.4346852504326368e-09
5.00325,1.4410171266637195e-09
5.0035,1.4474490055114133e-09
5.00375,1.4539785322138983e-09
5.004,1.4606582845166646e-09
5.00425,1.4673764267321167e-09
5.0045,1.4741820995622165e-09
5.00475,1.4810616743834421e-09
5.005,1.4880083886730234e-09
5.00525,1.4950199997238293e-09
5.0055,1.502096192557489e-09
5.00575,1.5092468668447893e-09
5.006,1.5164606329096366e-09
5.00625,1.5236596854042901e-09
5.0065,1.5308779067273757e-09
5.00675,1.5380034701024527e-09
5.007,1.5450613591501926e-09
5.00725,1.551926222598191e-09
5.0075,1.5585950015679778e-09
5.00775,1.5649325275906834e-09
5.008,1.5709299747896906e-09
5.00825,1.5764488034364436e-09
5.0085,1.5814776555203671e-09
5.00875,1.5859311590165217e-09
5.009,1.5897517753371058e-09
5.00925,1.5929311135227533e-09
5.0095,1.5955080390260769e-09
5.00975,1.5974935635440762e-09
5.01,1.5989216678069458e-09
5.01025,1.599902417927188e-09
5.0105,1.6006271266187209e-09
5.01075,1.6011532661790723e-09
5.011,1.6016913914997648e-09
5.01125,1.6023611168571557e-09
5.0115,1.6033306528928252e-09
5.01175,1.604654688825947e-09
5.012,1.6064942901881031e-09
5.01225,1.6088837369292517e-09
5.0125,1.611823909684785e-09
5.01275,1.6153329904474261e-09
5.013,1.6193919289478985e-09
5.01325,1.6239445246321895e-09
5.0135,1.6288920071941771e-09
5.01375,1.634137863779494e-09
5.014,1.6395676447262916e-09
5.01425,1.6451014755507198e-09
5.0145,1.6506682068387326e-09
5.01475,1.6562196611733923e-09
5.015,1.6617027683743094e-09
5.01525,1.6671738282428463e-09
5.0155,1.6727264770909242e-09
5.01575,1.6784218758736176e-09
5.016,1.6843520509457653e-09
5.01625,1.6906092094479035e-09
5.0165,1.6972659554634572e-09
5.01675,1.704388751882389e-09
5.017,1.7119146962424016e-09
5.01725,1.7198210040903309e-09
5.0175,1.7280508585017999e-09
5.01775,1.7364825215331634e-09
5.018,1.7449655763413197e-09
5.01825,1.7534408494559354e-09
5.0185,1.7618797120156963e-09
5.01875,1.7702254836865036e-09
5.019,1.7784662503818998e-09
5.01925,1.7866989897655777e-09
5.0195,1.7950415624847217e-09
5.01975,1.803598941053854e-09
5.02,1.812462466819345e-09
5.02025,1.8217556988866507e-09
5.0205,1.8315851980470963e-09
5.02075,1.8419870015986883e-09
5.021,1.8528897752284554e-09
5.02125,1.8642847980605931e-09
5.0215,1.8761235477483646e-09
5.02175,1.8882639458044827e-09
5.022,1.9005503223870863e-09
5.02225,1.9129175584252577e-09
5.0225,1.9253481534382846e-09
5.02275,1.9377865006607026e-09
5.023,1.9502200582285197e-09
5.02325,1.9627640637088333e-09
5.0235,1.9755798266297673e-09
5.02375,1.988766014021792e-09
5.024,2.0024059213174509e-09
5.02425,2.0166557322071794e-09
5.0245,2.0316261124653252e-09
5.02475,2.0473029727177337e-09
5.025,2.0636157482506018e-09
5.02525,2.0805211767584306e-09
5.0255,2.0979409618718622e-09
5.02575,2.115700914712437e-09
5.026,2.1335939420374857e-09
5.02625,2.1515153346972639e-09
5.0265,2.1693768621682425e-09
5.02675,2.1870437772471791e-09
5.027,2.204406418830233e-09
5.02725,2.2214897287707337e-09
5.0275,2.2383417668281712e-09
5.02775,2.2549619693966182e-09
5.028,2.2713568196876692e-09
5.02825,2.2876182885318343e-09
5.0285,2.3038224807950818e-09
5.02875,2.3199768415639612e-09
5.029,2.3360438344553842e-09
5.02925,2.352062972498806e-09
5.0295,2.3680524723429286e-09
5.02975,2.3839504958196434e-09
5.03,2.3996641017933173e-09
5.03025,2.4151972595610329e-09
5.0305,2.430572601485823e-09
5.03075,2.4457165044022629e-09
5.031,2.4605613942399548e-09
5.03125,2.4751398282401253e-09
5.0315,2.4894871836125646e-09
5.03175,2.5035631650186743e-09
5.032,2.5173193903395102e-09
5.03225,2.5307932322623268e-09
5.0325,2.5440215342712208e-09
5.03275,2.5569624019050323e-09
5.033,2.5695699166179495e-09
5.03325,2.5818733006380748e-09
5.0335,2.5939104787449121e-09
5.03375,2.6056551960454848e-09
5.034,2.6170748927539353e-09
5.03425,2.6282254939225989e-09
5.0345,2.6391677216214687e-09
5.03475,2.6498951795742234e-09
5.035,2.6603961046236129e-09
5.03525,2.6707269829785605e-09
5.0355,2.6809340349047974e-09
5.03575,2.6910060069947627e-09
5.036,2.7009153784302266e-09
5.03625,2.7106851507033351e-09
5.0365,2.7203224951816592e-09
5.03675,2.7297865058217373e-09
5.037,2.7390216028016938e-09
5.03725,2.748018295829185e-09
5.0375,2.756761913570547e-09
5.03775,2.7652047775726597e-09
5.038,2.7732946945636171e-09
5.03825,2.7810161191959363e-09
5.0385,2.7883602494564304e-09
5.03875,2.7952910895350292e-09
5.039,2.8017764298376404e-09
5.03925,2.8078130612729061e-09
5.0395,2.8133956516812095e-09
5.03975,2.8185044980813615e-09
5.04,2.8231160055822023e-09
5.04025,2.8272365231431768e-09
5.0405,2.8308699566801449e-09
5.04075,2.8340066278181406e-09
5.041,2.8366386757990621e-09
5.04125,2.8387777234489781e-09
5.0415,2.8404453965216338e-09
5.04175,2.841644897593091e-09
5.042,2.8423841585966415e-09
5.04225,2.8426920871107547e-09
5.0425,2.8425955856350846e-09
5.04275,2.8421111554403406e-09
5.043,2.8412580887470581e-09
5.04325,2.8400613084579968e-09
5.0435,2.8385450035553839e-09
5.04375,2.8367249650715873e-09
5.044,2.8346123187821019e-09
5.04425,2.8322234917609823e-09
5.0445,2.8295679672499533e-09
5.04475,2.8266466542930613e-09
5.045,2.823464654686462e-09
5.04525,2.8200230813415877e-09
5.0455,2.8163203371251213e-09
5.04575,2.8123543560489235e-09
5.046,2.8081331542624316e-09
5.04625,2.8036549071713464e-09
5.0465,2.7989150314868188e-09
5.04675,2.7939257742537441e-09
5.047,2.7887064074344571e-09
5.04725,2.7832656313777779e-09
5.0475,2.7776139181210609e-09
5.04775,2.7717815115203452e-09
5.048,2.7657984327359912e-09
5.04825,2.7596865012619812e-09
5.0485,2.7534690178236392e-09
5.04875,2.747179418429167e-09
5.049,2.7408549442191255e-09
5.04925,2.7345136791526798e-09
5.0495,2.7281742975454158e-09
5.04975,2.721862715301919e-09
5.05,2.7156084420425484e-09
5.05025,2.7094166124543255e-09
5.0505,2.7032847916386128e-09
5.05075,2.6972284041563933e-09
5.051,2.6912646695350906e-09
5.05125,2.6853837725102154e-09
5.0515,2.6795780432520109e-09
5.05175,2.6738583435162879e-09
5.052,2.6682379603023249e-09
5.05225,2.6627089425021176e-09
5.0525,2.6572722020153885e-09
5.05275,2.6519419250394772e-09
5.053,2.6467409314880848e-09
5.05325,2.6416719896070003e-09
5.0535,2.6367364804264796e-09
5.05375,2.6319579590493479e-09
5.054,2.6273648432760434e-09
5.05425,2.6229588885309256e-09
5.0545,2.6187450344771228e-09
5.05475,2.6147435015250715e-09
5.055,2.610973439464861e-09
5.05525,2.6074333555619908e-09
5.0555,2.6041228236968187e-09
5.05575,2.60106675690987e-09
5.056,2.598239136889665e-09
5.05625,2.59566491697559e-09
5.0565,2.5933342842960665e-09
5.05675,2.5912342908980363e-09
5.057,2.5893734333048044e-09
5.05725,2.5877542231796472e-09
5.0575,2.586368181117618e-09
5.05775,2.5852164112692307e-09
5.058,2.5842811234748084e-09
5.05825,2.5835655804592914e-09
5.0585,2.5830660998354678e-09
5.05875,2.5827664492626246e-09
5.059,2.582661810023881e-09
5.05925,2.5827309375197216e-09
5.0595,2.5829651698720695e-09
5.05975,2.5833572678994469e-09
5.06,2.5838862535875976e-09
5.06025,2.5845343511560342e-09
5.0605,2.5852821074551661e-09
5.06075,2.5861184831293318e-09
5.061,2.5870322694048678e-09
5.06125,2.5880043694633752e-09
5.0615,2.5890203012900394e-09
5.06175,2.5900676824791562e-09
5.062,2.5911420225846173e-09
5.06225,2.5922398718302622e-09
5.0625,2.5933525778678715e-09
5.06275,2.594474040050342e-09
5.063,2.5956037892060863e-09
5.06325,2.5967449846172764e-09
5.0635,2.5979017926520389e-09
5.06375,2.5990764520827901e-09
5.064,2.6002719637741462e-09
5.06425,2.6014980007745351e-09
5.0645,2.6027636942244874e-09
5.06475,2.6040779318194061e-09
5.065,2.6054496185779751e-09
5.06525,2.6068837159308579e-09
5.0655,2.6083917642519415e-09
5.06575,2.6099800676439074e-09
5.066,2.6116543144426098e-09
5.06625,2.6134179593321384e-09
5.0665,2.6152661003179304e-09
5.06675,2.6172001576282191e-09
5.067,2.6192077973317203e-09
5.06725,2.6212889419413768e-09
5.0675,2.6234342747103958e-09
5.06775,2.6256238557180389e-09
5.068,2.6278471964755659e-09
5.06825,2.6300849904743436e-09
5.0685,2.6323290163061777e-09
5.06875,2.6345545759700653e-09
5.069,2.6367537413977385e-09
5.06925,2.6389167151765122e-09
5.0695,2.6410212714237268e-09
5.06975,2.6430619916892303e-09
5.07,2.6450339989701866e-09
5.07025,2.646921279271261e-09
5.0705,2.6487260063604347e-09
5.07075,2.6504412057518221e-09
5.071,2.6520707054630086e-09
5.07125,2.6536062329840754e-09
5.0715,2.6550496552648054e-09
5.07175,2.6564041822674717e-09
5.072,2.6576717427383263e-09
5.07225,2.6588557361368272e-09
5.0725,2.6599595783942598e-09
5.07275,2.6609870510394937e-09
5.073,2.6619361334136246e-09
5.07325,2.6628125156984266e-09
5.0735,2.6636113374664544e-09
5.07375,2.6643312749016913e-09
5.074,2.6649676576562347e-09
5.07425,2.6655136330912274e-09
5.0745,2.6659580507237582e-09
5.07475,2.6662832402133224e-09
5.075,2.6664794040195174e-09
5.07525,2.6665319865540866e-09
5.0755,2.6664205685677502e-09
5.07575,2.6661274371537442e-09
5.076,2.6656325506014517e-09
5.07625,2.6649329914007415e-09
5.0765,2.6640087590836146e-09
5.07675,2.6628513256552782e-09
5.077,2.6614418844798733e-09
5.07725,2.6597887526623941e-09
5.0775,2.6578789707622272e-09
5.07775,2.6557107991341516e-09
5.078,2.6532705711656163e-09
5.07825,2.650577047838262e-09
5.0785,2.6476159003734645e-09
5.07875,2.6443742729289318e-09
5.079,2.6408783695980929e-09
5.07925,2.6371117804044238e-09
5.0795,2.6330590741545401e-09
5.07975,2.6287513364349692e-09
5.08,2.6241707407980986e-09
5.08025,2.6193033846611566e-09
5.0805,2.6141805235179797e-09
5.08075,2.6087854124488745e-09
5.081,2.603098449025818e-09
5.08125,2.5971582838764541e-09
5.0815,2.5909399963136462e-09
5.08175,2.5844213182711008e-09
5.082,2.5776414937532332e-09
5.08225,2.5705738692384312e-09
5.0825,2.5631884896187643e-09
5.08275,2.5555368566834559e-09
5.083,2.5475848832113114e-09
5.08325,2.5393023477378306e-09
5.0835,2.5307507999660091e-09
5.08375,2.5219039862967665e-09
5.084,2.5127741959814862e-09
5.08425,2.5033254007154521e-09
5.0845,2.4936438722853418e-09
5.08475,2.4836957053812374e-09
5.085,2.4735221143971909e-09
5.08525,2.463091483998608e-09
5.0855,2.4525051388217434e-09
5.08575,2.4417318365459588e-09
5.086,2.43081645863929e-09
5.08625,2.4197225937843089e-09
5.0865,2.4085574619690667e-09
5.08675,2.3972882600815424e-09
5.087,2.3859587878131182e-09
5.08725,2.3745314046243707e-09
5.0875,2.3631054972312618e-09
5.08775,2.3516438443379429e-09
5.088,2.3401839830978245e-09
5.08825,2.3286812753650926e-09
5.0885,2.3172341009002897e-09
5.08875,2.3058034488478271e-09
5.089,2.2944182271801432e-09
5.08925,2.2830294829401914e-09
5.0895,2.2717420764133395e-09
5.08975,2.260500650737362e-09
5.09,2.2493366296246541e-09
5.09025,2.2381866956959426e-09
5.0905,2.227157839592283e-09
5.09075,2.2161924813264795e-09
5.091,2.2053092295040153e-09
5.09125,2.1944506996786331e-09
5.0915,2.1837163155962378e-09
5.09175,2.1730382811362529e-09
5.092,2.1624401562435169e-09
5.09225,2.1518465234970305e-09
5.0925,2.1413658859774092e-09
5.09275,2.1309254434309431e-09
5.093,2.1205420007415277e-09
5.09325,2.1101449009595231e-09
5.0935,2.0998290097019367e-09
5.09375,2.089531471709588e-09
5.094,2.0792676425611202e-09
5.09425,2.0689714606200645e-09
5.0945,2.0587387785532812e-09
5.09475,2.0485083076395488e-09
5.095,2.0382969329811478e-09
5.09525,2.0280423774706734e-09
5.0955,2.0178418095739947e-09
5.09575,2.0076399347507144e-09
5.096,1.9974560780685272e-09
5.09625,1.9872306485973744e-09
5.0965,1.9770602188420645e-09
5.09675,1.9668906634957956e-09
5.097,1.9567379708835028e-09
5.09725,1.9465414826424588e-09
5.0975,1.9364003589281216e-09
5.09775,1.9262549281188443e-09
5.098,1.9160638065652615e-09
5.09825,1.9059162092993783e-09
5.0985,1.8957660365838993e-09
5.09875,1.8855793427005366e-09
5.099,1.8754415490122921e-09
5.09925,1.8653103959621689e-09
5.0995,1.8551467465300784e-09
5.09975,1.8450425975882938e-09
5.1,1.8349613841935298e-09
5.10025,1.8248741895321671e-09
5.1005,1.8148716016626817e-09
5.10075,1.8049235016130306e-09
5.101,1.7949963020671344e-09
5.10125,1.7851849763220492e-09
5.1015,1.7754475709435046e-09
5.10175,1.7658071578515368e-09
5.102,1.7562097759002242e-09
5.10225,1.7467436848014674e-09
5.1025,1.7373677013217406e-09
5.10275,1.7281057662419083e-09
5.103,1.7188989663215269e-09
5.10325,1.7098278932682005e-09
5.1035,1.7008429357030647e-09
5.10375,1.6919021540930015e-09
5.104,1.6830864849389944e-09
5.10425,1.6743444340010403e-09
5.1045,1.6656237665349321e-09
5.10475,1.6570080635020934e-09
5.105,1.6484443836225078e-09
5.10525,1.6398796867890311e-09
5.1055,1.6314003876831457e-09
5.10575,1.6229521844572022e-09
5.106,1.6144984421152632e-09
5.10625,1.606112299581531e-09
5.1065,1.5977541655190757e-09
5.10675,1.5893941497674964e-09
5.107,1.5811077078094852e-09
5.10725,1.5728565701865382e-09
5.1075,1.5646129281800391e-09
5.10775,1.5564495307293861e-09
5.108,1.5483307721406844e-09
5.10825,1.5402244163830338e-09
5.1085,1.5322062824482869e-09
5.10875,1.5242357341661811e-09
5.109,1.5162708660536968e-09
5.10925,1.5083470468571781e-09
5.1095,1.5004743246847139e-09
5.10975,1.4926343747493111e-09
5.11,1.4848458953640512e-09
5.11025,1.4770508229507719e-09
5.1105,1.4692696388653302e-09
5.11075,1.4615161621756401e-09
5.111,1.4537669291001051e-09
5.11125,1.4460480658644376e-09
5.1115,1.4383139233002797e-09
5.11175,1.4305825372063695e-09
5.112,1.42287196993437e-09
5.11225,1.4151647437047429e-09
5.1125,1.4074891509599435e-09
5.11275,1.3997971642106453e-09
5.113,1.3921177203211162e-09
5.11325,1.3844690735976824e-09
5.1135,1.3768347145437901e-09
5.11375,1.3692492320294025e-09
5.114,1.3616666083808232e-09
5.11425,1.3541172772885728e-09
5.1145,1.3466268884259273e-09
5.11475,1.3391806522363983e-09
5.115,1.3318091241685378e-09
5.11525,1.3244779306031965e-09
5.1155,1.3172205630322172e-09
5.11575,1.3100605550651707e-09
5.116,1.3029953547653703e-09
5.11625,1.2960581541320013e-09
5.1165,1.2892232811735939e-09
5.11675,1.2825247339228966e-09
5.117,1.2759885702216264e-09
5.11725,1.2696128171379345e-09
5.1175,1.2634325570993717e-09
5.11775,1.2574205205015538e-09
5.118,1.2516095890323921e-09
5.11825,1.2460261809121517e-09
5.1185,1.2406689979266581e-09
5.11875,1.2355684794031643e-09
5.119,1.2307006627763417e-09
5.11925,1.2260968644241397e-09
5.1195,1.2217818772419424e-09
5.11975,1.2177521443239261e-09
5.12,1.2140325423906135e-09
5.12025,1.2106074066106149e-09
5.1205,1.2074970620639942e-09
5.12075,1.2047198418326592e-09
5.121,1.2022691143242792e-09
5.12125,1.2001557449635272e-09
5.1215,1.1983685220772471e-09
5.12175,1.1969160961199433e-09
5.122,1.1958055192546285e-09
5.12225,1.1950265353883358e-09
5.1225,1.1945786958647564e-09
5.12275,1.1944469849901829e-09
5.123,1.1946316310550797e-09
5.12325,1.1951293911196383e-09
5.1235,1.1959306619670918e-09
5.12375,1.1970226196605908e-09
5.124,1.1983979609031968e-09
5.12425,1.2000536431698168e-09
5.1245,1.2019818054319952e-09
5.12475,1.2041760805796722e-09
5.125,1.2066235495179324e-09
5.12525,1.2093287374872248e-09
5.1255,1.2122851074708945e-09
5.12575,1.2154865405241006e-09
5.126,1.2189311819050327e-09
5.12625,1.2226003155836404e-09
5.1265,1.2265029143653923e-09
5.12675,1.2306268912715362e-09
5.127,1.2349611312321007e-09
5.12725,1.2394971981093987e-09
5.1275,1.2442207069737886e-09
5.12775,1.2491200839405326e-09
5.128,1.2541689485329614e-09
5.12825,1.2593637240933214e-09
5.1285,1.26470445527108e-09
5.12875,1.2701665675221232e-09
5.129,1.2757278466276566e-09
5.12925,1.2813844130841325e-09
5.1295,1.2871385085232021e-09
5.12975,1.2929670340694254e-09
5.13,1.298846523095433e-09
5.13025,1.3047836402612516e-09
5.1305,1.3107807046834233e-09
5.13075,1.3168179640972849e-09
5.131,1.3228664826215774e-09
5.13125,1.3289331950241977e-09
5.1315,1.3350245760489591e-09
5.13175,1.341115470539722e-09
5.132,1.3471791269357352e-09
5.13225,1.3532251714294596e-09
5.1325,1.3592611680887158e-09
5.13275,1.3652625193096325e-09
5.133,1.3712030105923733e-09
5.13325,1.3770919105078615e-09
5.1335,1.3829358971661248e-09
5.13375,1.3887135488148786e-09
5.134,1.394395674920371e-09
5.13425,1.3999905409809251e-09
5.1345,1.4055102033831448e-09
5.13475,1.4109266542899336e-09
5.135,1.4162084024790768e-09
5.13525,1.4213639039627706e-09
5.1355,1.4264040527532113e-09
5.13575,1.4312964515865121e-09
5.136,1.4360187613858851e-09
5.13625,1.4405753317477335e-09
5.1365,1.4449729519626574e-09
5.13675,1.4491891108995097e-09
5.137,1.4532015260513761e-09
5.13725,1.457017970033401e-09
5.1375,1.4606431337898079e-09
5.13775,1.4640602539880359e-09
5.138,1.4672495858505691e-09
5.13825,1.4702132602092586e-09
5.1385,1.4729557751805662e-09
5.13875,1.4754567581586137e-09
5.139,1.4776955757500884e-09
5.13925,1.4796741514728844e-09
5.1395,1.4813904510287436e-09
5.13975,1.4828284523390309e-09
5.14,1.4839736442615746e-09
5.14025,1.4848273151104125e-09
5.1405,1.4853903328398624e-09
5.14075,1.4856555183538073e-09
5.141,1.4856199008774304e-09
5.14125,1.4852910853478631e-09
5.1415,1.4846775658058862e-09
5.14175,1.4837847368022021e-09
5.142,1.4826228757495151e-09
5.14225,1.4812063338781018e-09
5.1425,1.4795477277084226e-09
5.14275,1.4776608787475398e-09
5.143,1.4755644728602682e-09
5.14325,1.4732738868379577e-09
5.1435,1.4708013286583983e-09
5.14375,1.4681638060340158e-09
5.144,1.4653829199088831e-09
5.14425,1.4624672167642804e-09
5.1445,1.4594246958074185e-09
5.14475,1.4562724245869636e-09
5.145,1.4530316275012176e-09
5.14525,1.4497030574239109e-09
5.1455,1.4462822581648285e-09
5.14575,1.4427885727570697e-09
5.146,1.4392387397306136e-09
5.14625,1.4356268290504894e-09
5.1465,1.4319483836219733e-09
5.14675,1.4282166879364838e-09
5.147,1.4244466704125018e-09
5.14725,1.4206327880359491e-09
5.1475,1.416777301601514e-09
5.14775,1.4128919160940303e-09
5.148,1.4089975636384452e-09
5.14825,1.4050943663266427e-09
5.1485,1.4011913867902973e-09
5.14875,1.3973096276806147e-09
5.149,1.3934740317140387e-09
5.14925,1.3897004077735564e-09
5.1495,1.3860001002637455e-09
5.14975,1.3824035845829269e-09
5.15,1.3789418980914735e-09
5.15025,1.3756310474415921e-09
5.1505,1.3724866777538967e-09
5.15075,1.3695374044648633e-09
5.151,1.3668135442956984e-09
5.15125,1.3643255993414127e-09
5.1515,1.3620875757176363e-09
5.15175,1.360123858387791e-09
5.152,1.3584499715057926e-09
5.15225,1.3570733143171274e-09
5.1525,1.3560052693319747e-09
5.15275,1.3552551366084304e-09
5.153,1.3548281019057685e-09
5.15325,1.3547266377354552e-09
5.1535,1.3549538684507774e-09
5.15375,1.3555108412852857e-09
5.154,1.3563913102666524e-09
5.15425,1.3575973009294808e-09
5.1545,1.3591289400307296e-09
5.15475,1.3609801438804846e-09
5.155,1.3631388202442611e-09
5.15525,1.3656086472192202e-09
5.1555,1.3683967976213658e-09
5.15575,1.3714924108153349e-09
5.156,1.3748763927617995e-09
5.15625,1.3785594807719204e-09
5.1565,1.3825569613193143e-09
5.15675,1.3868522478802139e-09
5.157,1.391425197450133e-09
5.15725,1.3962889892636777e-09
5.1575,1.4014631692919536e-09
5.15775,1.4069294156982085e-09
5.158,1.4126607638784072e-09
5.15825,1.4186773354091419e-09
5.1585,1.4250057650622876e-09
5.15875,1.4316224764629149e-09
5.159,1.4384941086605419e-09
5.15925,1.4456532488362287e-09
5.1595,1.4531296014008002e-09
5.15975,1.4608962608471761e-09
5.16,1.4689181128889016e-09
5.16025,1.4772256127340269e-09
5.1605,1.4858523985262455e-09
5.16075,1.49476775050112e-09
5.161,1.5039326166005581e-09
5.16125,1.513373696788053e-09
5.1615,1.5231247208865804e-09
5.16175,1.5331471580421818e-09
5.162,1.5433925392281151e-09
5.16225,1.5538928196530118e-09
5.1625,1.5646822239521471e-09
5.16275,1.5757176762868549e-09
5.163,1.5869417523859049e-09
5.16325,1.5983907590006243e-09
5.1635,1.6100980854821087e-09
5.16375,1.6220172207574879e-09
5.164,1.634089622639861e-09
5.16425,1.6463504129413982e-09
5.1645,1.6588323550613396e-09
5.16475,1.6714833771106522e-09
5.165,1.6842477422946103e-09
5.16525,1.6971534711942747e-09
5.1655,1.7102385727286454e-09
5.16575,1.7234512153905265e-09
5.166,1.7367249701544414e-09
5.16625,1.7500887892481159e-09
5.1665,1.763595682531428e-09
5.16675,1.7771795924052686e-09
5.167,1.7907678010927773e-09
5.16725,1.8044089419096834e-09
5.1675,1.818151281427292e-09
5.16775,1.8319269294433743e-09
5.168,1.845669484267419e-09
5.16825,1.8594243774545943e-09
5.1685,1.8732324168920684e-09
5.16875,1.8870383013909298e-09
5.169,1.9007735709045379e-09
5.16925,1.9144854183167292e-09
5.1695,1.9282213289427032e-09
5.16975,1.94191948465733e-09
5.17,1.9555195521669677e-09
5.17025,1.9690654325603794e-09
5.1705,1.9826035169802218e-09
5.17075,1.9960726679492073e-09
5.171,2.0094171853242085e-09
5.17125,2.0226773695099215e-09
5.1715,2.0358966380824575e-09
5.17175,2.0490241673580196e-09
5.172,2.0619982219360034e-09
5.17225,2.0748596850369309e-09
5.1725,2.087641242894665e-09
5.17275,2.1003029228499785e-09
5.173,2.1127843029616469e-09
5.17325,2.125127941472652e-09
5.1735,2.1373849883501415e-09
5.17375,2.1495034567118204e-09
5.174,2.1614289703451517e-09
5.17425,2.1732050385473414e-09
5.1745,2.1848789002851909e-09
5.17475,2.1964053779888683e-09
5.175,2.2077331700604583e-09
5.17525,2.2189035092164693e-09
5.1755,2.2299599108385397e-09
5.17575,2.2408594047447604e-09
5.176,2.2515561157378962e-09
5.17625,2.2620880351150013e-09
5.1765,2.2724319285206329e-09
5.17675,2.2826562728362193e-09
5.177,2.2927124606939829e-09
5.17725,2.3025591453590888e-09
5.1775,2.3122298111835174e-09
5.17775,2.3216916137245362e-09
5.178,2.3310117237515284e-09
5.17825,2.3401472362532016e-09
5.1785,2.349066884608491e-09
5.17875,2.3578084007892437e-09
5.179,2.3663479101344836e-09
5.17925,2.3747491722440274e-09
5.1795,2.3829807617551611e-09
5.17975,2.3910218718904797e-09
5.18,2.3988994886831207e-09
5.18025,2.4065978844168599e-09
5.1805,2.4141779483786141e-09
5.18075,2.4216091614614721e-09
5.181,2.4288722836114448e-09
5.18125,2.4359905893554691e-09
5.1815,2.4429452039159072e-09
5.18175,2.4497843987145013e-09
5.182,2.4564798653565441e-09
5.18225,2.4630084278438747e-09
5.1825,2.4693934472111351e-09
5.18275,2.4756155043384047e-09
5.183,2.4817207929289043e-09
5.18325,2.4876828126329251e-09
5.1835,2.493486679415371e-09
5.18375,2.4991602154672943e-09
5.184,2.5046928138807516e-09
5.18425,2.5101255934945745e-09
5.1845,2.5154478717394573e-09
5.18475,2.5206492919702333e-09
5.185,2.5257537723764125e-09
5.18525,2.5307516067404217e-09
5.1855,2.5356836898351774e-09
5.18575,2.5405359939687684e-09
5.186,2.5452938967589509e-09
5.18625,2.5499798736533854e-09
5.1865,2.5545818301092571e-09
5.18675,2.5591341620692915e-09
5.187,2.5636195643277742e-09
5.18725,2.5680195654288725e-09
5.1875,2.5723512719701686e-09
5.18775,2.5766009630085209e-09
5.188,2.5808012595939501e-09
5.18825,2.5849286602220797e-09
5.1885,2.5889649490836357e-09
5.18875,2.5929273102435553e-09
5.189,2.5968229139435758e-09
5.18925,2.6006399612766611e-09
5.1895,2.6043568404341353e-09
5.18975,2.6079928202500922e-09
5.19,2.6115667615436286e-09
5.19025,2.6150633555574147e-09
5.1905,2.6184667745754464e-09
5.19075,2.621797209599329e-09
5.191,2.6250491141629623e-09
5.19125,2.6282526300511928e-09
5.1915,2.6313928299396335e-09
5.19175,2.6344604447657787e-09
5.192,2.6374730266484722e-09
5.19225,2.6404210536517611e-09
5.1925,2.6433314805218449e-09
5.19275,2.6461890352408629e-09
5.193,2.6489794178754767e-09
5.19325,2.6517133320270688e-09
5.1935,2.6543801180771089e-09
5.19375,2.6569948803045218e-09
5.194,2.6595376019905516e-09
5.19425,2.6619901079002096e-09
5.1945,2.6643593945199337e-09
5.19475,2.6666317966852239e-09
5.195,2.6688236359976113e-09
5.19525,2.6709185064144557e-09
5.1955,2.6729041571695481e-09
5.19575,2.6747926497150529e-09
5.196,2.6765808168492453e-09
5.19625,2.6782893853760164e-09
5.1965,2.679914160272147e-09
5.19675,2.6814529252838518e-09
5.197,2.6829222102485456e-09
5.19725,2.684326641641819e-09
5.1975,2.6856879410824705e-09
5.19775,2.6870038558511674e-09
5.198,2.6882731067435329e-09
5.19825,2.6895102140708764e-09
5.1985,2.6907176256371004e-09
5.19875,2.6919092285996194e-09
5.199,2.693079519666364e-09
5.19925,2.69422241503113e-09
5.1995,2.6953432585554386e-09
5.19975,2.6964431715649919e-09
5.2,2.6975120470958147e-09
5.20025,2.6985371096598048e-09
5.2005,2.6995148839460682e-09
5.20075,2.7004397027062555e-09
5.201,2.7012950251763891e-09
5.20125,2.702064407125949e-09
5.2015,2.7027383974720844e-09
5.20175,2.7033068832258671e-09
5.202,2.7037559968251486e-09
5.20225,2.7040732993509076e-09
5.2025,2.7042529241483627e-09
5.20275,2.7042868376958491e-09
5.203,2.7041712442223644e-09
5.20325,2.7039049817263743e-09
5.2035,2.7034872911623603e-09
5.20375,2.7029188552571402e-09
5.204,2.7022049387900516e-09
5.20425,2.7013528699327959e-09
5.2045,2.7003656639255047e-09
5.20475,2.6992475402112371e-09
5.205,2.698007188656487e-09
5.20525,2.6966514774263042e-09
5.2055,2.6951861238173655e-09
5.20575,2.6936160496971254e-09
5.206,2.6919522111636832e-09
5.20625,2.6902082698173435e-09
5.2065,2.6883853274657442e-09
5.20675,2.6864896832660173e-09
5.207,2.6845341792221471e-09
5.20725,2.6825323143217197e-09
5.2075,2.6804892041270244e-09
5.20775,2.6784052096486443e-09
5.208,2.6762925732593751e-09
5.20825,2.6741694481653543e-09
5.2085,2.6720353000018681e-09
5.20875,2.6698834166641731e-09
5.209,2.6677266764310279e-09
5.20925,2.6655765543990916e-09
5.2095,2.6634249197667606e-09
5.20975,2.6612603179154814e-09
5.21,2.6590943807287182e-09
5.21025,2.6569338411852315e-09
5.2105,2.6547695225135102e-09
5.21075,2.6525916390247099e-09
5.211,2.6504210286147664e-09
5.21125,2.6482335250502226e-09
5.2115,2.646054046777033e-09
5.21175,2.6438739657895915e-09
5.212,2.6416807602571882e-09
5.21225,2.6394882026054086e-09
5.2125,2.6373069760165116e-09
5.21275,2.6351292289029586e-09
5.213,2.6329622263624966e-09
5.21325,2.6307906785399653e-09
5.2135,2.6286273505906105e-09
5.21375,2.6264796368149446e-09
5.214,2.6243371379979914e-09
5.21425,2.6222073573716266e-09
5.2145,2.6200761190446039e-09
5.21475,2.617950348129478e-09
5.215,2.6158373415406496e-09
5.21525,2.6137276361808981e-09
5.2155,2.6116274692954581e-09
5.21575,2.6095203776350447e-09
5.216,2.6074177255512582e-09
5.21625,2.6053268544006988e-09
5.2165,2.6032409659260964e-09
5.21675,2.6011685730097703e-09
5.217,2.599099833401323e-09
5.21725,2.5970463764532442e-09
5.2175,2.5950196595377298e-09
5.21775,2.5930169867518225e-09
5.218,2.5910492292175725e-09
5.21825,2.5891078692176594e-09
5.2185,2.5872063049428656e-09
5.21875,2.5853548591075037e-09
5.219,2.5835486402462545e-09
5.21925,2.5817885501066194e-09
5.2195,2.5800791468179298e-09
5.21975,2.5784284122206101e-09
5.22,2.5768293510278305e-09
5.22025,2.5752747858988468e-09
5.2205,2.573768359394017e-09
5.22075,2.5723136116549968e-09
5.221,2.5709039077425266e-09
5.22125,2.5695362453790803e-09
5.2215,2.5682125624975738e-09
5.22175,2.5669365122736831e-09
5.222,2.5657046368775813e-09
5.22225,2.564515604489292e-09
5.2225,2.5633733192550683e-09
5.22275,2.562281121410874e-09
5.223,2.5612370231119437e-09
5.22325,2.5602401235032732e-09
5.2235,2.5592915113871865e-09
5.22375,2.5583915659115739e-09
5.224,2.5575355450100603e-09
5.22425,2.5567193093269561e-09
5.2245,2.55594161217349e-09
5.22475,2.5552005566414015e-09
5.225,2.5544879907258083e-09
5.22525,2.5538003144035232e-09
5.2255,2.5531334932744419e-09
5.22575,2.552486019033802e-09
5.226,2.5518519681151841e-09
5.22625,2.5512276620803348e-09
5.2265,2.5506106745559773e-09
5.22675,2.5500020515397416e-09
5.227,2.5493968680295175e-09
5.22725,2.5487911115343551e-09
5.2275,2.5481848139172957e-09
5.22775,2.5475783405527565e-09
5.228,2.5469671601918833e-09
5.22825,2.5463450432038242e-09
5.2285,2.5457104835530534e-09
5.22875,2.5450618240538308e-09
5.229,2.5443914199005049e-09
5.22925,2.5436894361618302e-09
5.2295,2.5429516840904563e-09
5.22975,2.5421765550741605e-09
5.23,2.5413522557839901e-09
5.23025,2.5404664275737097e-09
5.2305,2.5395143098127797e-09
5.23075,2.5384958222784862e-09
5.231,2.5373957970182598e-09
5.23125,2.5362009193027702e-09
5.2315,2.534910377619705e-09
5.23175,2.5335250167036813e-09
5.232,2.5320301887865991e-09
5.23225,2.5304081616323473e-09
5.2325,2.5286614937954335e-09
5.23275,2.526794324773955e-09
5.233,2.5247901879756803e-09
5.23325,2.5226322719657885e-09
5.2335,2.5203236367192167e-09
5.23375,2.517870497618805e-09
5.234,2.5152545399516636e-09
5.23425,2.5124534699545521e-09
5.2345,2.5094732817737653e-09
5.23475,2.5063200576349586e-09
5.235,2.5029742912589072e-09
5.23525,2.4994088551195947e-09
5.2355,2.4956310695468643e-09
5.23575,2.4916509855304692e-09
5.236,2.4874462586352678e-09
5.23625,2.4829909739244016e-09
5.2365,2.4782968994026882e-09
5.23675,2.4733776456438283e-09
5.237,2.4682127975460746e-09
5.23725,2.4628146001398274e-09
5.2375,2.4571465413907717e-09
5.23775,2.4512328526007871e-09
5.238,2.4450908573936097e-09
5.23825,2.4387106843909537e-09
5.2385,2.4321139292660134e-09
5.23875,2.4252673805468439e-09
5.239,2.4181943542616201e-09
5.23925,2.41092184603487e-09
5.2395,2.4034252150382895e-09
5.23975,2.3957332967391264e-09
5.24,2.3877865877319779e-09
5.24025,2.3796170145285581e-09
5.2405,2.371247796444244e-09
5.24075,2.362649336029683e-09
5.241,2.353844576298291e-09
5.24125,2.3447725815585359e-09
5.2415,2.3354644561988025e-09
5.24175,2.3259470126568292e-09
5.242,2.3161897875652494e-09
5.24225,2.3062210902331434e-09
5.2425,2.2959765698473819e-09
5.24275,2.285496077240628e-09
5.243,2.2748112672102941e-09
5.24325,2.2638987104909559e-09
5.2435,2.2527920660548468e-09
5.24375,2.2414262462468551e-09
5.244,2.2298396893591376e-09
5.24425,2.2180738485924421e-09
5.2445,2.2060929491620568e-09
5.24475,2.1939390456925083e-09
5.245,2.1815446198491878e-09
5.24525,2.1689526065984202e-09
5.2455,2.156200309188317e-09
5.24575,2.1432622527107761e-09
5.246,2.1301815582586455e-09
5.24625,2.116879752916991e-09
5.2465,2.1034085125696077e-09
5.24675,2.0898166711459181e-09
5.247,2.0760719665526166e-09
5.24725,2.0621613436076916e-09
5.2475,2.0481223455801784e-09
5.24775,2.0340220196339811e-09
5.248,2.0198193576795898e-09
5.24825,2.0054667448330141e-09
5.2485,1.9910319519857816e-09
5.24875,1.9765825152207521e-09
5.249,1.9620741579707981e-09
5.24925,1.9474808269676441e-09
5.2495,1.9328618152733048e-09
5.24975,1.9182890888294475e-09
5.25,1.9037213378691028e-09
5.25025,1.8891340306852749e-09
5.2505,1.8745904876866634e-09
5.25075,1.8601477944467382e-09
5.251,1.8457777163375457e-09
5.25125,1.8315345835046258e-09
5.2515,1.8173466512247392e-09
5.25175,1.8032809646140897e-09
5.252,1.7893770257458077e-09
5.25225,1.7756191030417508e-09
5.2525,1.7620676794713575e-09
5.25275,1.748655044394657e-09
5.253,1.7354240388141444e-09
5.25325,1.7224109299211362e-09
5.2535,1.7095967960231644e-09
5.25375,1.6970250907949128e-09
5.254,1.6846286861052684e-09
5.25425,1.6724504461221697e-09
5.2545,1.6605242259929086e-09
5.25475,1.6488257876787817e-09
5.255,1.637399937932639e-09
5.25525,1.626174010395757e-09
5.2555,1.6151884370680837e-09
5.25575,1.6044732088127162e-09
5.256,1.5940022809684762e-09
5.25625,1.5838113337784842e-09
5.2565,1.5738393559157201e-09
5.25675,1.5641149374731022e-09
5.257,1.5546593760477503e-09
5.25725,1.5454476062416265e-09
5.2575,1.5365132892752339e-09
5.25775,1.5277916788641075e-09
5.258,1.5193147692012278e-09
5.25825,1.5111067412590195e-09
5.2585,1.5031390117328852e-09
5.25875,1.4954051411770255e-09
5.259,1.4879167093265102e-09
5.25925,1.4807056483522333e-09
5.2595,1.473739852880847e-09
5.25975,1.4669944637379313e-09
5.26,1.4604922589153912e-09
5.26025,1.4542556851675533e-09
5.2605,1.4482633565990322e-09
5.26075,1.4424941691787629e-09
5.261,1.4369654654167096e-09
5.26125,1.431698809453457e-09
5.2615,1.4266740936602825e-09
5.26175,1.4218786051790593e-09
5.262,1.4173306370224797e-09
5.26225,1.4130513680489507e-09
5.2625,1.4090271336801574e-09
5.26275,1.4052510382515037e-09
5.263,1.401740208729631e-09
5.26325,1.3985133471897728e-09
5.2635,1.3955607103749847e-09
5.26375,1.3928736877861688e-09
5.264,1.3904648751037012e-09
5.26425,1.3883465695532334e-09
5.2645,1.3865029940279382e-09
5.26475,1.384922810319602e-09
5.265,1.3836085564299962e-09
5.26525,1.3825634803002734e-09
5.2655,1.3817653219222384e-09
5.26575,1.3811957506444877e-09
5.266,1.3808527579301018e-09
5.26625,1.3807273520450821e-09
5.2665,1.3807997201653278e-09
5.26675,1.3810509824018365e-09
5.267,1.3814718692403498e-09
5.26725,1.3820558768055078e-09
5.2675,1.3827835327414096e-09
5.26775,1.3836368702667586e-09
5.268,1.3846097053494384e-09
5.26825,1.385692776108772e-09
5.2685,1.386869560027703e-09
5.26875,1.3881277186551886e-09
5.269,1.3894589145122539e-09
5.26925,1.3908617212902424e-09
5.2695,1.3923202190353918e-09
5.26975,1.3938241137393564e-09
5.27,1.3953666339085736e-09
5.27025,1.396944434467928e-09
5.2705,1.3985522613800574e-09
5.27075,1.4001825407041612e-09
5.271,1.4018224396948346e-09
5.27125,1.4034689487277034e-09
5.2715,1.4051160288171558e-09
5.27175,1.4067602497011354e-09
5.272,1.4083926395819716e-09
5.27225,1.4100011910551282e-09
5.2725,1.411583182852806e-09
5.27275,1.4131331251076656e-09
5.273,1.4146470379914846e-09
5.27325,1.4161177751941045e-09
5.2735,1.4175376465609252e-09
5.27375,1.4189015830991909e-09
5.274,1.4202063551079022e-09
5.27425,1.4214493224125427e-09
5.2745,1.4226217528074559e-09
5.27475,1.4237146470312551e-09
5.275,1.4247220348795045e-09
5.27525,1.4256388311796667e-09
5.2755,1.4264586466454133e-09
5.27575,1.4271722492725956e-09
5.276,1.4277710159775732e-09
5.27625,1.428248359539057e-09
5.2765,1.4286011128691372e-09
5.27675,1.4288278113568482e-09
5.277,1.428925424155627e-09
5.27725,1.4288961662271167e-09
5.2775,1.4287421469604078e-09
5.27775,1.4284704117506937e-09
5.278,1.4280884988720748e-09
5.27825,1.4276033430662753e-09
5.2785,1.4270262324315604e-09
5.27875,1.4263616782800356e-09
5.279,1.4256196194640426e-09
5.27925,1.4248084753298628e-09
5.2795,1.4239321124447134e-09
5.27975,1.4229989018553326e-09
5.28,1.4220055037759124e-09
5.28025,1.4209573866021842e-09
5.2805,1.4198557745747456e-09
5.28075,1.418698741124755e-09
5.281,1.4174905471729361e-09
5.28125,1.4162248731573518e-09
5.2815,1.4149043197642624e-09
5.28175,1.413529186386809e-09
5.282,1.4121010427172658e-09
5.28225,1.410625220079914e-09
5.2825,1.4090962710317092e-09
5.28275,1.4075200752048001e-09
5.283,1.4059019674306746e-09
5.28325,1.4042455007221872e-09
5.2835,1.4025586380476365e-09
5.28375,1.4008408485864101e-09
5.284,1.3990981461014255e-09
5.28425,1.3973397248017192e-09
5.2845,1.395568109339005e-09
5.28475,1.3937978004526667e-09
5.285,1.3920270867586132e-09
5.28525,1.3902692475900703e-09
5.2855,1.388536433900971e-09
5.28575,1.3868326037102788e-09
5.286,1.3851792038503714e-09
5.28625,1.3835796198690305e-09
5.2865,1.3820466971303992e-09
5.28675,1.3805914494864889e-09
5.287,1.379222477982152e-09
5.28725,1.3779545593647036e-09
5.2875,1.3767911115598554e-09
5.28775,1.3757424770360668e-09
5.288,1.3748118846043373e-09
5.28825,1.3740053534213545e-09
5.2885,1.3733267043342639e-09
5.28875,1.3727752010682122e-09
5.289,1.372348437844217e-09
5.28925,1.3720450180998464e-09
5.2895,1.3718614315893814e-09
5.28975,1.371793441403816e-09
5.29,1.3718332829861972e-09
5.29025,1.3719755035083789e-09
5.2905,1.3722140517551435e-09
5.29075,1.3725411037045414e-09
5.291,1.3729494302725842e-09
5.29125,1.3734328579547573e-09
5.2915,1.3739854975021308e-09
5.29175,1.3746011202441496e-09
5.292,1.37527614772881e-09
5.29225,1.3760043098662116e-09
5.2925,1.3767854862148591e-09
5.29275,1.3776167854470573e-09
5.293,1.3784958696112511e-09
5.29325,1.3794250365254894e-09
5.2935,1.3804026465045028e-09
5.29375,1.381435587954835e-09
5.294,1.3825247559437915e-09
5.29425,1.3836718495668446e-09
5.2945,1.3848828933547841e-09
5.29475,1.3861585116028435e-09
5.295,1.3875094360318424e-09
5.29525,1.3889345162528612e-09
5.2955,1.3904324470594433e-09
5.29575,1.3920076278185591e-09
5.296,1.3936556351937327e-09
5.29625,1.3953857346229241e-09
5.2965,1.3971908861064061e-09
5.29675,1.3990656054781228e-09
5.297,1.4010128540693295e-09
5.29725,1.4030232769488183e-09
5.2975,1.4051068291031498e-09
5.29775,1.4072558584944305e-09
5.298,1.4094665167604078e-09
5.29825,1.4117428811907674e-09
5.2985,1.4140775915683305e-09
5.29875,1.4164829638922152e-09
5.299,1.4189547838778322e-09
5.29925,1.4214885300221239e-09
5.2995,1.4240913937057633e-09
5.29975,1.4267556287069417e-09
5.3,1.4294936272698834e-09
5.30025,1.4323006063923433e-09
5.3005,1.4351675950933728e-09
5.30075,1.4381018032248955e-09
5.301,1.441093114827879e-09
5.30125,1.4441550467315552e-09
5.3015,1.4472768850106521e-09
5.30175,1.4504525898579398e-09
5.302,1.4536851620058376e-09
5.30225,1.4569613800863848e-09
5.3025,1.4602939091176288e-09
5.30275,1.4636726735831784e-09
5.303,1.4670864490536482e-09
5.30325,1.4705385381798437e-09
5.3035,1.4740143998316234e-09
5.30375,1.4775275129467617e-09
5.304,1.4810651941647053e-09
5.30425,1.484616028724926e-09
5.3045,1.4881875201649784e-09
5.30475,1.4917675816910714e-09
5.305,1.495375109575635e-09
5.30525,1.4990013423641397e-09
5.3055,1.5026402117011387e-09
5.30575,1.5063027873372379e-09
5.306,1.5099834562033923e-09
5.30625,1.5137061791888308e-09
5.3065,1.5174628464603551e-09
5.30675,1.5212484437077335e-09
5.307,1.5250767773998562e-09
5.30725,1.5289407900693518e-09
5.3075,1.5328641293161361e-09
5.30775,1.5368374604490975e-09
5.308,1.5408505871718762e-09
5.30825,1.5449164513752194e-09
5.3085,1.5490224696429791e-09
5.30875,1.5531913746563335e-09
5.309,1.5574127839252736e-09
5.30925,1.5616751984577154e-09
5.3095,1.565990163884486e-09
5.30975,1.5703472321900731e-09
5.31,1.5747703110160568e-09
5.31025,1.5792501470688147e-09
5.3105,1.5837754299273502e-09
5.31075,1.5883622911462711e-09
5.311,1.5930035354943179e-09
5.31125,1.5977275488158861e-09
5.3115,1.6024997574461483e-09
5.31175,1.6073531046554808e-09
5.312,1.6123104251981382e-09
5.31225,1.6173346318550117e-09
5.3125,1.6224527628380209e-09
5.31275,1.6276641172124411e-09
5.313,1.6330020317590812e-09
5.31325,1.6384257552859153e-09
5.3135,1.6439654895221303e-09
5.31375,1.6496170249788343e-09
5.314,1.6554170861407877e-09
5.31425,1.661311255340626e-09
5.3145,1.6673344372357793e-09
5.31475,1.6734824195054249e-09
5.315,1.6797857373914695e-09
5.31525,1.6861874965183091e-09
5.3155,1.692721616004501e-09
5.31575,1.6993772188991496e-09
5.316,1.7061870177287939e-09
5.31625,1.7130894896119678e-09
5.3165,1.7201222870822247e-09
5.31675,1.7272738986286261e-09
5.317,1.7345818011191156e-09
5.31725,1.7419857944091011e-09
5.3175,1.7495277810300594e-09
5.31775,1.7572049011617406e-09
5.318,1.7650569303474002e-09
5.31825,1.7730238988639056e-09
5.3185,1.7811535756545123e-09
5.31875,1.7894347932153808e-09
5.319,1.7979157250716372e-09
5.31925,1.8065281616354097e-09
5.3195,1.8153164534745962e-09
5.31975,1.8242677361495884e-09
5.32,1.833426468394789e-09
5.32025,1.8427131987547901e-09
5.3205,1.8521698744137028e-09
5.32075,1.8617752023151965e-09
5.321,1.8715697832593268e-09
5.32125,1.8814691270690615e-09
5.3215,1.8915161606736877e-09
5.32175,1.9016878636026274e-09
5.322,1.9120203678081132e-09
5.32225,1.9224320757537925e-09
5.3225,1.9329629758401206e-09
5.32275,1.9435898282635843e-09
5.323,1.9543566917294223e-09
5.32325,1.9651748600060242e-09
5.3235,1.9760909729515681e-09
5.32375,1.9870837598886507e-09
5.324,1.9981966462093536e-09
5.32425,2.0093410721585742e-09
5.3245,2.0205727092735862e-09
5.32475,2.0318726528496645e-09
5.325,2.0432915489101713e-09
5.32525,2.0547419274551772e-09
5.3255,2.066274423927195e-09
5.32575,2.0778696816919886e-09
5.326,2.089581474542202e-09
5.32625,2.1013106327894815e-09
5.3265,2.1131040225635421e-09
5.32675,2.1249405152108755e-09
5.327,2.1368733931425856e-09
5.32725,2.1487878820916429e-09
5.3275,2.1607421256559703e-09
5.32775,2.1726956272698589e-09
5.328,2.1846976558424633e-09
5.32825,2.1966497330401552e-09
5.3285,2.2085951047582478e-09
5.32875,2.2204991549274103e-09
5.329,2.2324103993487949e-09
5.32925,2.2442316099809634e-09
5.3295,2.2560031386768005e-09
5.32975,2.2677004404993961e-09
5.33,2.2793626673379983e-09
5.33025,2.2908969415408253e-09
5.3305,2.3023438270528444e-09
5.33075,2.3136715991423548e-09
5.331,2.3249136646856561e-09
5.33125,2.3359823387419763e-09
5.3315,2.3469143793484594e-09
5.33175,2.3576837900236187e-09
5.332,2.3683251418216441e-09
5.33225,2.3787545862690141e-09
5.3325,2.3890170181953736e-09
5.33275,2.3990873547141691e-09
5.333,2.4090120904473605e-09
5.33325,2.4187148051850163e-09
5.3335,2.4282408913975294e-09
5.33375,2.4375806402573075e-09
5.334,2.446784844386498e-09
5.33425,2.4557843209559844e-09
5.3345,2.4646307701641791e-09
5.33475,2.4733194536444239e-09
5.335,2.4818888545700211e-09
5.33525,2.4902758250649272e-09
5.3355,2.4985271800907482e-09
5.33575,2.5066328693611178e-09
5.336,2.5146307459795145e-09
5.33625,2.5224572323519303e-09
5.3365,2.5301469357387381e-09
5.33675,2.5376817058825962e-09
5.337,2.5450958378346793e-09
5.33725,2.5523202933510302e-09
5.3375,2.5593853203868137e-09
5.33775,2.566271186373542e-09
5.338,2.5730031171735234e-09
5.33825,2.5795195685003846e-09
5.3385,2.5858411917082375e-09
5.33875,2.5919521503682085e-09
5.339,2.5978703554315685e-09
5.33925,2.60355070700457e-09
5.3395,2.6090132150361526e-09
5.33975,2.614243159233079e-09
5.34,2.6192618319198659e-09
5.34025,2.6240261296180407e-09
5.3405,2.6285586453387494e-09
5.34075,2.6328521981926066e-09
5.341,2.6369243454620514e-09
5.34125,2.6407437739630035e-09
5.3415,2.6443331981321669e-09
5.34175,2.6476866944998844e-09
5.342,2.6508232442757637e-09
5.34225,2.6537182985558143e-09
5.3425,2.6563928187427247e-09
5.34275,2.6588450147040166e-09
5.343,2.6610943405242012e-09
5.34325,2.6631240552002383e-09
5.3435,2.6649524528724169e-09
5.34375,2.6665774075042033e-09
5.344,2.6680139544120654e-09
5.34425,2.6692472651544294e-09
5.3445,2.6702892638893043e-09
5.34475,2.6711345908050945e-09
5.345,2.6717922148661874e-09
5.34525,2.6722493043085658e-09
5.3455,2.6725109607156002e-09
5.34575,2.6725792101850315e-09
5.346,2.6724471655831184e-09
5.34625,2.6721203087152326e-09
5.3465,2.6716024245646533e-09
5.34675,2.6708939338583889e-09
5.347,2.6700014821483105e-09
5.34725,2.6689322344729767e-09
5.3475,2.6676944102362824e-09
5.34775,2.6662955980248586e-09
5.348,2.6647474464972958e-09
5.34825,2.663061344544677e-09
5.3485,2.6612484941613676e-09
5.34875,2.6593170558967243e-09
5.349,2.6572835314587954e-09
5.34925,2.6551575914834032e-09
5.3495,2.6529444151269731e-09
5.34975,2.6506618543206305e-09
5.35,2.6483140794930619e-09
5.35025,2.6459053274720964e-09
5.3505,2.6434525666103496e-09
5.35075,2.6409554915010684e-09
5.351,2.6384187155968681e-09
5.35125,2.6358539174194722e-09
5.3515,2.6332628651226584e-09
5.35175,2.6306446457444686e-09
5.352,2.6280129793664747e-09
5.35225,2.6253689516973412e-09
5.3525,2.6227084389773761e-09
5.35275,2.6200501897333526e-09
5.353,2.617391591174513e-09
5.35325,2.6147319907435685e-09
5.3535,2.6120827187521352e-09
5.35375,2.6094530935281712e-09
5.354,2.6068480924611373e-09
5.35425,2.6042807078825364e-09
5.3545,2.6017499728025745e-09
5.35475,2.5992682953310908e-09
5.355,2.5968468784888018e-09
5.35525,2.5944912884191639e-09
5.3555,2.5922179119467923e-09
5.35575,2.5900260416068729e-09
5.356,2.5879273495872681e-09
5.35625,2.5859305716808904e-09
5.3565,2.5840404561068927e-09
5.35675,2.5822683593795274e-09
5.357,2.5806095583970596e-09
5.35725,2.5790717084974457e-09
5.3575,2.5776608929934124e-09
5.35775,2.5763748071797558e-09
5.358,2.5752183896874761e-09
5.35825,2.5741848869752482e-09
5.3585,2.5732773208038902e-09
5.35875,2.5724972979543372e-09
5.359,2.5718402106503678e-09
5.35925,2.5713072218573343e-09
5.3595,2.5708903612685054e-09
5.35975,2.5705902036254358e-09
5.36,2.5704052253332448e-09
5.36025,2.5703312379432443e-09
5.3605,2.5703650556197374e-09
5.36075,2.5705014128090425e-09
5.361,2.5707376375985677e-09
5.36125,2.5710709947553736e-09
5.3615,2.5714968479082611e-09
5.36175,2.5720103981711481e-09
5.362,2.5726071086852796e-09
5.36225,2.5732851965045316e-09
5.3625,2.5740424755629571e-09
5.36275,2.5748758993500818e-09
5.363,2.5757822165542699e-09
5.36325,2.5767623989711371e-09
5.3635,2.5778160216686406e-09
5.36375,2.578942896810762e-09
5.364,2.5801432064150821e-09
5.36425,2.5814140250725807e-09
5.3645,2.5827598274292097e-09
5.36475,2.5841797873402691e-09
5.365,2.5856722741924696e-09
5.36525,2.5872383461653207e-09
5.3655,2.588871820953287e-09
5.36575,2.5905759770100182e-09
5.366,2.5923464640031236e-09
5.36625,2.5941777706319478e-09
5.3665,2.5960677914119047e-09
5.36675,2.5980067152601551e-09
5.367,2.599996293260681e-09
5.36725,2.6020292381633218e-09
5.3675,2.6040972393776126e-09
5.36775,2.606196914360919e-09
5.368,2.6083230835171695e-09
5.36825,2.6104693836202131e-09
5.3685,2.6126262351347992e-09
5.36875,2.6147899745682144e-09
5.369,2.616959056059065e-09
5.36925,2.6191228422442491e-09
5.3695,2.6212707680593564e-09
5.36975,2.6233986105704395e-09
5.37,2.6254981490328694e-09
5.37025,2.6275594837752053e-09
5.3705,2.629569300530972e-09
5.37075,2.6315227431618518e-09
5.371,2.6334081424435799e-09
5.37125,2.6352146397664994e-09
5.3715,2.6369305564598026e-09
5.37175,2.6385502127526255e-09
5.372,2.6400680540387658e-09
5.37225,2.6414745371130159e-09
5.3725,2.6427624633596022e-09
5.37275,2.6439290141210712e-09
5.373,2.6449716071865641e-09
5.37325,2.6458855803866333e-09
5.3735,2.646670918824994e-09
5.37375,2.6473264911952802e-09
5.374,2.647854590529145e-09
5.37425,2.6482558503748402e-09
5.3745,2.6485308612659816e-09
5.37475,2.6486812081147406e-09
5.375,2.6487068052558496e-09
5.37525,2.6486115202806576e-09
5.3755,2.6483928970996871e-09
5.37575,2.6480511674184394e-09
5.376,2.6475832076701367e-09
5.37625,2.6469855684324734e-09
5.3765,2.6462556958285797e-09
5.37675,2.6453848167774952e-09
5.377,2.6443616074400941e-09
5.37725,2.643181060963307e-09
5.3775,2.6418401053491157e-09
5.37775,2.6403225117541176e-09
5.378,2.638614510240063e-09
5.37825,2.6367109189799317e-09
5.3785,2.6346114050324902e-09
5.37875,2.6322992857167914e-09
5.379,2.6297670693393305e-09
5.37925,2.6270135415204813e-09
5.3795,2.6240444816367308e-09
5.37975,2.620854209235078e-09
5.38,2.6174295428079781e-09
5.38025,2.613785572287751e-09
5.3805,2.6099369107776592e-09
5.38075,2.6058776846033252e-09
5.381,2.601604392634378e-09
5.38125,2.5971335042039209e-09
5.3815,2.592484843423915e-09
5.38175,2.5876534221488148e-09
5.382,2.5826375437294206e-09
5.38225,2.5774530870799759e-09
5.3825,2.572126526028865e-09
5.38275,2.5666457869084911e-09
5.383,2.5610018782588194e-09
5.38325,2.5552114084092661e-09
5.3835,2.5492987199588064e-09
5.38375,2.5432462487751489e-09
5.384,2.5370326065495378e-09
5.38425,2.5306736598882666e-09
5.3845,2.5241891615854378e-09
5.38475,2.5175531139712559e-09
5.385,2.5107390583604721e-09
5.38525,2.5037629026550423e-09
5.3855,2.4966460589676822e-09
5.38575,2.48935975867098e-09
5.386,2.4818758377775619e-09
5.38625,2.474213539836348e-09
5.3865,2.4664032231800143e-09
5.38675,2.4584223414135536e-09
5.387,2.4502430728637835e-09
5.38725,2.4418959476830811e-09
5.3875,2.4334223543350654e-09
5.38775,2.424800044700072e-09
5.388,2.416014340478051e-09
5.38825,2.407104079062012e-09
5.3885,2.3981185055023603e-09
5.38875,2.3890380690339243e-09
5.389,2.379845967438291e-09
5.38925,2.3705883145254637e-09
5.3895,2.3613126873482837e-09
5.38975,2.352005119814651e-09
5.39,2.3426517432679473e-09
5.39025,2.3332896913816824e-09
5.3905,2.323965847697779e-09
5.39075,2.3146619774314351e-09
5.391,2.3053559461732457e-09
5.39125,2.2960834898412663e-09
5.3915,2.2868917498578071e-09
5.39175,2.2777476687276036e-09
5.392,2.2686178804924633e-09
5.39225,2.2595386278208185e-09
5.3925,2.2505466190294265e-09
5.39275,2.2416067479951374e-09
5.393,2.2326803801206346e-09
5.39325,2.2237987274816135e-09
5.3935,2.2149952683150531e-09
5.39375,2.206230113538488e-09
5.394,2.1974662994123311e-09
5.39425,2.1887311570570783e-09
5.3945,2.1800563296449968e-09
5.39475,2.1714075425012273e-09
5.395,2.1627540467197552e-09
5.39525,2.1541233541450883e-09
5.3955,2.1455533701911348e-09
5.39575,2.1370071631935434e-09
5.396,2.1284498882246691e-09
5.39625,2.1199141913575939e-09
5.3965,2.1114357679575135e-09
5.39675,2.1029788908572945e-09
5.397,2.0945051110882694e-09
5.39725,2.0860444706563573e-09
5.3975,2.0776326248721427e-09
5.39775,2.0692314073772851e-09
5.398,2.0607942122240052e-09
5.39825,2.0523528941338749e-09
5.3985,2.0439489163467584e-09
5.39875,2.0355388802358724e-09
5.399,2.0270793247674901e-09
5.39925,2.0186046532521891e-09
5.3995,2.0101568433669551e-09
5.39975,2.0016950645840287e-09
5.4,1.9931874554692961e-09
5.40025,1.9846618803539003e-09
5.4005,1.9761557138905146e-09
5.40075,1.9676346855661487e-09
5.401,1.9590625703920461e-09
5.40125,1.9504711035397157e-09
5.4015,1.941891260733725e-09
5.40175,1.9332923521122243e-09
5.402,1.9246441711990093e-09
5.40225,1.9159746238027199e-09
5.4025,1.9073232565820074e-09
5.40275,1.8986564923305202e-09
5.403,1.8899458877059698e-09
5.40325,1.881226868448514e-09
5.4035,1.8725361032091124e-09
5.40375,1.8638449045114484e-09
5.404,1.8551340534757677e-09
5.40425,1.8464317196522868e-09
5.4045,1.8377802750578811e-09
5.40475,1.8291554325146239e-09
5.405,1.8205234133946371e-09
5.40525,1.8119202318434842e-09
5.4055,1.803380498265883e-09
5.40575,1.7948784252049069e-09
5.406,1.7863833992943035e-09
5.40625,1.7779247728032975e-09
5.4065,1.7695359094841239e-09
5.40675,1.7611877331887194e-09
5.407,1.7528510632240948e-09
5.40725,1.7445478670419194e-09
5.4075,1.7363105627929997e-09
5.40775,1.7281078834471813e-09
5.408,1.7199058066013401e-09
5.40825,1.7117283763590149e-09
5.4085,1.7036081029413625e-09
5.40875,1.6955161538042069e-09
5.409,1.6874116705159608e-09
5.40925,1.6793249055434721e-09
5.4095,1.6712891948719493e-09
5.40975,1.6632720436363244e-09
5.41,1.6552387699348836e-09
5.41025,1.6472191344600163e-09
5.4105,1.6392474906505719e-09
5.41075,1.6312962090700966e-09
5.411,1.623340290590756e-09
5.41125,1.6154090609955767e-09
5.4115,1.6075379505205849e-09
5.41175,1.5997075000879759e-09
5.412,1.5918997864629899e-09
5.41225,1.5841473941330945e-09
5.4125,1.5764906250412478e-09
5.41275,1.5689139419648305e-09
5.413,1.5614004751301756e-09
5.41325,1.5539875350373513e-09
5.4135,1.5467116053935464e-09
5.41375,1.5395580957515688e-09
5.414,1.532509241712431e-09
5.41425,1.5255973281244803e-09
5.4145,1.5188514995056548e-09
5.41475,1.5122545486124904e-09
5.415,1.5057901692290079e-09
5.41525,1.4994767713941109e-09
5.4155,1.4933378606490437e-09
5.41575,1.4873530031492223e-09
5.416,1.4814949385126284e-09
5.41625,1.4757808596260432e-09
5.4165,1.4702281405615127e-09
5.41675,1.4648120578835125e-09
5.417,1.4595060136818383e-09
5.41725,1.4543222313984665e-09
5.4175,1.4492798940042675e-09
5.41775,1.4443535847179149e-09
5.418,1.4395193573443588e-09
5.41825,1.4347947678009359e-09
5.4185,1.4302002744599027e-09
5.41875,1.4257186136210885e-09
5.419,1.4213359937176529e-09
5.41925,1.4170744256016408e-09
5.4195,1.4129555657707045e-09
5.41975,1.4089728656270076e-09
5.42,1.4051171372530667e-09
5.42025,1.4014117907671353e-09
5.4205,1.3978769278109175e-09
5.42075,1.3945063787264967e-09
5.421,1.3912940045764517e-09
5.42125,1.3882557905532178e-09
5.4215,1.3854082414553665e-09
5.42175,1.3827427815737749e-09
5.422,1.3802495921551797e-09
5.42225,1.3779381606965969e-09
5.4225,1.3758193526002002e-09
5.42275,1.3738824794629082e-09
5.423,1.3721183599805337e-09
5.42325,1.3705323349757094e-09
5.4235,1.3691308152216367e-09
5.42375,1.3679042234620075e-09
5.424,1.3668456455024122e-09
5.42425,1.3659599693608141e-09
5.4245,1.365249158006082e-09
5.42475,1.364709660311786e-09
5.425,1.3643369532469334e-09
5.42525,1.3641356231093762e-09
5.4255,1.364108996305499e-09
5.42575,1.3642518168572331e-09
5.426,1.3645666151720903e-09
5.42625,1.3650540707403846e-09
5.4265,1.365713314775381e-09
5.42675,1.3665416910337739e-09
5.427,1.3675368869232186e-09
5.42725,1.3686963637600355e-09
5.4275,1.370012359604245e-09
5.42775,1.3714779575247355e-09
5.428,1.3730872153646119e-09
5.42825,1.3748273112279179e-09
5.4285,1.376684464384505e-09
5.42875,1.3786472230288186e-09
5.429,1.3807058477013774e-09
5.42925,1.3828435299544287e-09
5.4295,1.3850401509380258e-09
5.42975,1.3872872922731552e-09
5.43,1.3895758820506779e-09
5.43025,1.3918900802244581e-09
5.4305,1.3942129982780375e-09
5.43075,1.396540624322219e-09
5.431,1.3988746171548416e-09
5.43125,1.4012025500923171e-09
5.4315,1.4035117123399246e-09
5.43175,1.4058064769968039e-09
5.432,1.4080918507992393e-09
5.43225,1.4103587640967724e-09
5.4325,1.4125978163976666e-09
5.43275,1.4148162646789492e-09
5.433,1.4170191796956652e-09
5.43325,1.4191977246255423e-09
5.4335,1.4213425165928569e-09
5.43375,1.4234583893692641e-09
5.434,1.4255499499946164e-09
5.43425,1.4276080694461727e-09
5.4345,1.4296212777557111e-09
5.43475,1.431594394970906e-09
5.435,1.4335311212131747e-09
5.43525,1.4354209299072869e-09
5.4355,1.4372542159928478e-09
5.43575,1.4390339144154167e-09
5.436,1.4407639328287834e-09
5.43625,1.4424348785653129e-09
5.4365,1.4440376409338498e-09
5.43675,1.4455750586735042e-09
5.437,1.4470522329319023e-09
5.43725,1.4484609152109342e-09
5.4375,1.4497932088386674e-09
5.43775,1.4510544539808398e-09
5.438,1.4522490692979485e-09
5.43825,1.4533713653849675e-09
5.4385,1.4544142821381984e-09
5.43875,1.455383788842341e-09
5.439,1.4562832868073902e-09
5.43925,1.4571070332782569e-09
5.4395,1.4578493562117731e-09
5.43975,1.4585131368901197e-09
5.44,1.4591003378100632e-09
5.44025,1.4596039673394479e-09
5.4405,1.4600170474513967e-09
5.44075,1.4603411096206367e-09
5.441,1.4605741210175515e-09
5.44125,1.4607108627794875e-09
5.4415,1.4607469828645556e-09
5.44175,1.4606820815029393e-09
5.442,1.4605173823587127e-09
5.44225,1.4602491933206621e-09
5.4425,1.4598782759774156e-09
5.44275,1.4594063102832764e-09
5.443,1.4588351123463863e-09
5.44325,1.4581679252850441e-09
5.4435,1.457408953855917e-09
5.44375,1.4565606864637749e-09
5.444,1.4556271947455207e-09
5.44425,1.454616075649171e-09
5.4445,1.4535321716302171e-09
5.44475,1.4523826249722046e-09
5.445,1.4511725988330335e-09
5.44525,1.4499120777320608e-09
5.4455,1.4486117355377365e-09
5.44575,1.4472773630128666e-09
5.446,1.4459168442355522e-09
5.44625,1.4445425608016665e-09
5.4465,1.44316285888948e-09
5.44675,1.4417862591575229e-09
5.447,1.4404201057156699e-09
5.44725,1.4390701436268578e-09
5.4475,1.4377445119402204e-09
5.44775,1.4364457250431714e-09
5.448,1.4351792299055902e-09
5.44825,1.4339464128471097e-09
5.4485,1.4327534660495146e-09
5.44875,1.4315978011470361e-09
5.449,1.430483046496213e-09
5.44925,1.4294099213730172e-09
5.4495,1.4283847042597174e-09
5.44975,1.4274047980985721e-09
5.45,1.4264735502179727e-09
5.45025,1.4255958983121901e-09
5.4505,1.4247776425706248e-09
5.45075,1.4240225483722829e-09
5.451,1.4233341982501542e-09
5.45125,1.4227209403926815e-09
5.4515,1.4221889925094878e-09
5.45175,1.4217454188272982e-09
5.452,1.4213974747519886e-09
5.45225,1.4211507792028485e-09
5.4525,1.4210145220634524e-09
5.45275,1.4209980154368139e-09
5.453,1.4211059451893022e-09
5.45325,1.4213437142637326e-09
5.4535,1.4217150389011159e-09
5.45375,1.4222273704786063e-09
5.454,1.4228874274148457e-09
5.45425,1.4236964869303994e-09
5.4545,1.4246522439551698e-09
5.45475,1.4257585403225137e-09
5.455,1.427021706509666e-09
5.45525,1.428439042021404e-09
5.4555,1.4300026970003216e-09
5.45575,1.4317190044362982e-09
5.456,1.4335903707526115e-09
5.45625,1.4356114768510627e-09
5.4565,1.437771788257219e-09
5.45675,1.4400769967420765e-09
5.457,1.4425346929056917e-09
5.45725,1.4451368933873206e-09
5.4575,1.4478704314248661e-09
5.45775,1.4507468694479586e-09
5.458,1.4537778037305331e-09
5.45825,1.4569558492893826e-09
5.4585,1.4602716181739812e-09
5.45875,1.4637429347043263e-09
5.459,1.4673867892002894e-09
5.45925,1.4711981117394509e-09
5.4595,1.4751681475751587e-09
5.45975,1.4793182250851831e-09
5.46,1.4836730603704961e-09
5.46025,1.4882242230914228e-09
5.4605,1.4929574318541139e-09
5.46075,1.4978983638306222e-09
5.461,1.5030669514292958e-09
5.46125,1.5084495663223921e-09
5.4615,1.5140233080776891e-09
5.46175,1.5198102977487258e-09
5.462,1.5258314763125668e-09
5.46225,1.5320648425431768e-09
5.4625,1.5384791974091661e-09
5.46275,1.5450972857916538e-09
5.463,1.5519401178114104e-09
5.46325,1.5589821697030466e-09
5.4635,1.5661912758080743e-09
5.46375,1.5735946509878021e-09
5.464,1.5812171391471889e-09
5.46425,1.58903282566155e-09
5.4645,1.5970136673794499e-09
5.46475,1.6051860221343414e-09
5.465,1.6135738782905028e-09
5.46525,1.6221511380347371e-09
5.4655,1.630880448744053e-09
5.46575,1.6397958540298171e-09
5.466,1.6489237015227746e-09
5.46625,1.6582291915839937e-09
5.4665,1.6676782651061498e-09
5.46675,1.6772953772817709e-09
5.467,1.6870530366925431e-09
5.46725,1.6970060473087481e-09
5.4675,1.7071056281039284e-09
5.46775,1.7173176933518358e-09
5.468,1.7276611724026493e-09
5.46825,1.7381101458291311e-09
5.4685,1.7487030810293527e-09
5.46875,1.7594010153547027e-09
5.469,1.7701582706794438e-09
5.46925,1.780999639723506e-09
5.4695,1.7918884406552902e-09
5.46975,1.8028737060022934e-09
5.47,1.8139072264674365e-09
5.47025,1.8249465670137111e-09
5.4705,1.836012349592904e-09
5.47075,1.847069276598429e-09
5.471,1.8581726853311298e-09
5.47125,1.8692738016476946e-09
5.4715,1.8803302713726814e-09
5.47175,1.8913777762033082e-09
5.472,1.9023817020971232e-09
5.47225,1.9133972524264119e-09
5.4725,1.9243866094786092e-09
5.47275,1.9353197311544179e-09
5.473,1.9462287197376074e-09
5.47325,1.9570892175936391e-09
5.4735,1.9679564154905782e-09
5.47375,1.978801214345361e-09
5.474,1.9895939291899134e-09
5.47425,2.0003650302975428e-09
5.4745,2.0110851395538798e-09
5.47475,2.0218113029579545e-09
5.475,2.0325137353220204e-09
5.47525,2.0431540049206199e-09
5.4755,2.0537626165867784e-09
5.47575,2.0643095743853086e-09
5.476,2.0748489686312468e-09
5.47625,2.0853392702872902e-09
5.4765,2.0957476570161497e-09
5.47675,2.106096464703073e-09
5.477,2.1163467684766596e-09
5.47725,2.1265502454403037e-09
5.4775,2.1366642629803895e-09
5.47775,2.1466557125460692e-09
5.478,2.1565429293879291e-09
5.47825,2.1662939304199645e-09
5.4785,2.1759572619001482e-09
5.47875,2.1854917493703888e-09
5.479,2.1948722922466647e-09
5.47925,2.2041165421611487e-09
5.4795,2.2132091166971876e-09
5.47975,2.2221938217426042e-09
5.48,2.2310465606491457e-09
5.48025,2.2397416403310313e-09
5.4805,2.248312224818136e-09
5.48075,2.2567411591104396e-09
5.481,2.2650783571581523e-09
5.48125,2.2733019462555438e-09
5.4815,2.2813945813683737e-09
5.48175,2.2893843899171009e-09
5.482,2.2972874483095783e-09
5.48225,2.3050880375527265e-09
5.4825,2.3127607888215073e-09
5.48275,2.3203307143506198e-09
5.483,2.3278245631519018e-09
5.48325,2.3352144338366816e-09
5.4835,2.3424774553031963e-09
5.48375,2.3496345138913698e-09
5.484,2.3567043720750303e-09
5.48425,2.3636671702169144e-09
5.4845,2.3704961498946313e-09
5.48475,2.3772126330055085e-09
5.485,2.3838370392091222e-09
5.48525,2.3903473691979555e-09
5.4855,2.3967174091664954e-09
5.48575,2.4029667174088955e-09
5.486,2.4091178208675237e-09
5.48625,2.4151471722832731e-09
5.4865,2.4210287807933578e-09
5.48675,2.4267850934421759e-09
5.487,2.4324320133083276e-09
5.48725,2.4379522568569064e-09
5.4875,2.4433249533642764e-09
5.48775,2.4485732966750853e-09
5.488,2.4537100271085824e-09
5.48825,2.4587234545309772e-09
5.4885,2.463597876531205e-09
5.48875,2.4683547366345843e-09
5.489,2.4730128352511881e-09
5.48925,2.4775629765729253e-09
5.4895,2.4819942560805895e-09
5.48975,2.4863274577264882e-09
5.49,2.4905829064593897e-09
5.49025,2.494754139282545e-09
5.4905,2.498830527826242e-09
5.49075,2.5028315713638594e-09
5.491,2.5067772365404304e-09
5.49125,2.5106588772960451e-09
5.4915,2.5144644278423206e-09
5.49175,2.5182102017603675e-09
5.492,2.5219099362931751e-09
5.49225,2.5255533033631018e-09
5.4925,2.5291270567683183e-09
5.49275,2.5326460627135658e-09
5.493,2.5361189508150089e-09
5.49325,2.5395372830215956e-09
5.4935,2.5428870431274207e-09
5.49375,2.5461819776577857e-09
5.494,2.5494329734694496e-09
5.49425,2.5526318493187182e-09
5.4945,2.5557666674007024e-09
5.49475,2.5588491342968767e-09
5.495,2.5618888143888822e-09
5.49525,2.5648774824164711e-09
5.4955,2.5678037386740471e-09
5.49575,2.5706756642992284e-09
5.496,2.5735000459322288e-09
5.49625,2.5762680372957884e-09
5.4965,2.5789652705996121e-09
5.49675,2.581598994330198e-09
5.497,2.5841759893883692e-09
5.49725,2.586685130834662e-09
5.4975,2.5891130740310763e-09
5.49775,2.5914677720851748e-09
5.498,2.5937585314817222e-09
5.49825,2.5959756466336853e-09
5.4985,2.5981094826204275e-09
5.49875,2.6001732347976821e-09
5.499,2.602178529502752e-09
5.49925,2.604121508635608e-09
5.4995,2.6059978191961634e-09
5.49975,2.6078231963468176e-09
5.5,2.6096138302941197e-09
5.50025,2.6113695722953751e-09
5.5005,2.6130900096824722e-09
5.50075,2.6147925093663904e-09
5.501,2.6164899246124654e-09
5.50125,2.6181824162921089e-09
5.5015,2.6198690542100719e-09
5.50175,2.6215586995496467e-09
5.502,2.6232569242513885e-09
5.50225,2.6249576707044193e-09
5.5025,2.6266528519185175e-09
5.50275,2.6283415882663125e-09
5.503,2.630019502954476e-09
5.50325,2.6316742282668679e-09
5.5035,2.6332910669151491e-09
5.50375,2.6348627953455343e-09
5.504,2.636380371448898e-09
5.50425,2.6378296068466613e-09
5.5045,2.6391963705354542e-09
5.50475,2.6404740924016642e-09
5.505,2.64165624485406e-09
5.50525,2.642733779150521e-09
5.5055,2.6437001264870705e-09
5.50575,2.6445540098257418e-09
5.506,2.6452966132125445e-09
5.50625,2.6459277864112559e-09
5.5065,2.6464495429065862e-09
5.50675,2.6468696319035194e-09
5.507,2.6471961313778848e-09
5.50725,2.6474382699733963e-09
5.5075,2.6476068246367266e-09
5.50775,2.6477147826109285e-09
5.508,2.6477743751691018e-09
5.50825,2.6477968057883222e-09
5.5085,2.6477934107974246e-09
5.50875,2.6477746662697907e-09
5.509,2.6477463318909507e-09
5.50925,2.647714589322236e-09
5.5095,2.6476825729983562e-09
5.50975,2.6476492431258646e-09
5.51,2.6476091658436564e-09
5.51025,2.6475557692244829e-09
5.5105,2.6474838148782992e-09
5.51075,2.6473768367798827e-09
5.511,2.6472260143745955e-09
5.51125,2.6470211991519862e-09
5.5115,2.6467447592585029e-09
5.51175,2.6463878088236623e-09
5.512,2.6459434033684618e-09
5.51225,2.6453963206649425e-09
5.5125,2.6447436902720558e-09
5.51275,2.6439855739014094e-09
5.513,2.6431188866229418e-09
5.51325,2.6421394731603817e-09
5.5135,2.6410545330705091e-09
5.51375,2.6398733178148153e-09
5.514,2.638601391674782e-09
5.51425,2.6372472832630754e-09
5.5145,2.6358216257402193e-09
5.51475,2.6343434037832918e-09
5.515,2.6328184029883375e-09
5.51525,2.6312576364202892e-09
5.5155,2.6296767210837255e-09
5.51575,2.6280930813607165e-09
5.516,2.6265144032980609e-09
5.51625,2.6249478119767301e-09
5.5165,2.6234067310980614e-09
5.51675,2.6219045613581762e-09
5.517,2.6204432449798743e-09
5.51725,2.619022556499244e-09
5.5175,2.6176500595121142e-09
5.51775,2.6163322381551149e-09
5.518,2.6150628996887964e-09
5.51825,2.6138355353948623e-09
5.5185,2.6126511151351789e-09
5.51875,2.6115115836346058e-09
5.519,2.6104071803914311e-09
5.51925,2.6093297854242683e-09
5.5195,2.6082792594107273e-09
5.51975,2.60725681723536e-09
5.52,2.6062544779162202e-09
5.52025,2.6052661981411296e-09
5.5205,2.6042939663299845e-09
5.52075,2.6033406560839875e-09
5.521,2.6024000051127149e-09
5.52125,2.6014684167598642e-09
5.5215,2.6005481170002485e-09
5.52175,2.5996422510296184e-09
5.522,2.5987466324301988e-09
5.52225,2.597856512074303e-09
5.5225,2.5969745396218167e-09
5.52275,2.5961054799560045e-09
5.523,2.5952445802904098e-09
5.52325,2.5943875260469404e-09
5.5235,2.5935395815907882e-09
5.52375,2.5927044336757169e-09
5.524,2.5918785648265593e-09
5.52425,2.5910578402332189e-09
5.5245,2.5902480050743961e-09
5.52475,2.5894515821312106e-09
5.525,2.5886632314094708e-09
5.52525,2.5878785476956708e-09
5.5255,2.5870988973994492e-09
5.52575,2.5863254539519884e-09
5.526,2.5855502433840048e-09
5.52625,2.584764536773525e-09
5.5265,2.5839675522676397e-09
5.52675,2.5831576375743043e-09
5.527,2.5823265887578241e-09
5.52725,2.5814632608689751e-09
5.5275,2.5805665169734645e-09
5.52775,2.579635202978919e-09
5.528,2.5786584285187752e-09
5.52825,2.5776295023755334e-09
5.5285,2.5765486865373863e-09
5.52875,2.5754177782486972e-09
5.529,2.5742308994436685e-09
5.52925,2.5729827780583179e-09
5.5295,2.5716786899344221e-09
5.52975,2.5703246951696066e-09
5.53,2.5689176096163538e-09
5.53025,2.5674549578374844e-09
5.5305,2.5659441585604434e-09
5.53075,2.5643940985930768e-09
5.531,2.5628012298097793e-09
5.53125,2.5611606922319292e-09
5.5315,2.5594795227813289e-09
5.53175,2.5577632831612417e-09
5.532,2.5560028390323497e-09
5.53225,2.5541875775469436e-09
5.5325,2.5523205172884221e-09
5.53275,2.5504010335878352e-09
5.533,2.5484143128309631e-09
5.53325,2.5463394093422688e-09
5.5335,2.5441746918408168e-09
5.53375,2.5419226139504563e-09
5.534,2.5395586945874626e-09
5.53425,2.5370626461833448e-09
5.5345,2.5344313988227358e-09
5.53475,2.5316693314980563e-09
5.535,2.5287571662747076e-09
5.53525,2.5256710143181266e-09
5.5355,2.5224176954368376e-09
5.53575,2.5190082669902545e-09
5.536,2.5154263073004611e-09
5.53625,2.5116576712503167e-09
5.5365,2.5077165048803414e-09
5.53675,2.5036210802580352e-09
5.537,2.4993570305127889e-09
5.53725,2.4949170244626963e-09
5.5375,2.4903158697420881e-09
5.53775,2.4855756819959763e-09
5.538,2.4806829842880892e-09
5.53825,2.4756232525679847e-09
5.5385,2.4704142095975678e-09
5.53875,2.4650766762833849e-09
5.539,2.4595920353775999e-09
5.53925,2.4539457936511494e-09
5.5395,2.4481490257076156e-09
5.53975,2.4422225980599474e-09
5.54,2.436144532008399e-09
5.54025,2.4299286217995961e-09
5.5405,2.4235362827684598e-09
5.54075,2.4169911576182605e-09
5.541,2.4103048477037997e-09
5.54125,2.4034611469068857e-09
5.5415,2.3964811902711541e-09
5.54175,2.3893274445427612e-09
5.542,2.3820164141981529e-09
5.54225,2.3745671447665531e-09
5.5425,2.3669572103997673e-09
5.54275,2.3592096460858281e-09
5.543,2.351276681734749e-09
5.54325,2.3431807179694479e-09
5.5435,2.3349438863009186e-09
5.54375,2.3265429512639723e-09
5.544,2.3180035937557723e-09
5.54425,2.3092750193940355e-09
5.5445,2.3003839393110297e-09
5.54475,2.2913601633380995e-09
5.545,2.282176024920041e-09
5.54525,2.2728589223209721e-09
5.5455,2.2633576523055091e-09
5.54575,2.2537032573307207e-09
5.546,2.2439245679649923e-09
5.54625,2.2339992948890823e-09
5.5465,2.2239582824864619e-09
5.54675,2.2137517403669771e-09
5.547,2.2034153902003636e-09
5.54725,2.1929841434388415e-09
5.5475,2.1824364415083908e-09
5.54775,2.1718019972891659e-09
5.548,2.1610358611764129e-09
5.54825,2.1501769480346486e-09
5.5485,2.1392565645071946e-09
5.54875,2.1282540342038803e-09
5.549,2.1172058258717982e-09
5.54925,2.1060648386524212e-09
5.5495,2.0948673031333794e-09
5.54975,2.083644998314603e-09
5.55,2.0723742690949744e-09
5.55025,2.0610972224901059e-09
5.5505,2.0497610959098989e-09
5.55075,2.0384047750896682e-09
5.551,2.0270686489294563e-09
5.55125,2.01572768822692e-09
5.5515,2.0044241804755982e-09
5.55175,1.9931042019407231e-09
5.552,1.9818124988242643e-09
5.55225,1.9705956177564849e-09
5.5525,1.9594160486849812e-09
5.55275,1.9483175833814938e-09
5.553,1.9372469170710635e-09
5.55325,1.926241790618246e-09
5.5535,1.9153354513670892e-09
5.55375,1.9044997456137823e-09
5.554,1.8937609484145605e-09
5.55425,1.8830672774005052e-09
5.5545,1.8724439772927815e-09
5.55475,1.8619213780001139e-09
5.555,1.8514618970127877e-09
5.55525,1.8410922167772806e-09
5.5555,1.8307551099303263e-09
5.55575,1.8204793843690375e-09
5.556,1.8102920815754413e-09
5.55625,1.8001601015670893e-09
5.5565,1.7901157556915704e-09
5.55675,1.780104401959203e-09
5.557,1.77015803251517e-09
5.55725,1.7603083162431775e-09
5.5575,1.7505311671395269e-09
5.55775,1.7408537712924994e-09
5.558,1.731243778238649e-09
5.55825,1.7217309460959719e-09
5.5585,1.7123434194329167e-09
5.55875,1.703066844343435e-09
5.559,1.6939324823660158e-09
5.55925,1.6849011259908033e-09
5.5595,1.6760054326324986e-09
5.55975,1.6672767543855555e-09
5.56,1.6586965053196186e-09
5.56025,1.6502914009025059e-09
5.5605,1.6420291895843718e-09
5.56075,1.633937957672467e-09
5.561,1.6260386029374014e-09
5.56125,1.6183199097079776e-09
5.5615,1.6108032476146163e-09
5.56175,1.6034604298860207e-09
5.562,1.5963145292879356e-09
5.56225,1.5893832831622671e-09
5.5625,1.5826504731148883e-09
5.56275,1.5761370126394357e-09
5.563,1.5698156247361432e-09
5.56325,1.5637030576115876e-09
5.5635,1.5578122032750315e-09
5.56375,1.5521284493860968e-09
5.564,1.5466634490863769e-09
5.56425,1.5413904144614058e-09
5.5645,1.5363221623814437e-09
5.56475,1.5314656481687236e-09
5.565,1.5268030281673348e-09
5.56525,1.5223437143980483e-09
5.5655,1.5180591124700438e-09
5.56575,1.5139511949873834e-09
5.566,1.5100287089695855e-09
5.56625,1.5062703126837773e-09
5.5665,1.5026777228407134e-09
5.56675,1.4992231014695129e-09
5.567,1.4959097158935498e-09
5.56725,1.4927412989131264e-09
5.5675,1.4896984896314919e-09
5.56775,1.4867830323510505e-09
5.568,1.4839714163536991e-09
5.56825,1.4812684485569391e-09
5.5685,1.4786769619555336e-09
5.56875,1.476182898912679e-09
5.569,1.4737870745655842e-09
5.56925,1.4714692166834273e-09
5.5695,1.4692359168347696e-09
5.56975,1.4670924409330447e-09
5.57,1.4650238235966219e-09
5.57025,1.4630354063290072e-09
5.5705,1.4611120398983163e-09
5.57075,1.4592619349768255e-09
5.571,1.4574921090516314e-09
5.57125,1.4557935656237559e-09
5.5715,1.4541706977912075e-09
5.57175,1.4526140759229849e-09
5.572,1.4511306362550158e-09
5.57225,1.449727246779842e-09
5.5725,1.4483959097803216e-09
5.57275,1.4471416442621853e-09
5.573,1.4459547719506287e-09
5.57325,1.4448390570095083e-09
5.5735,1.4437984611307481e-09
5.57375,1.4428264605304647e-09
5.574,1.4419216176875003e-09
5.57425,1.4410747228774419e-09
5.5745,1.4402883189060071e-09
5.57475,1.4395639860208631e-09
5.575,1.4388938413830643e-09
5.57525,1.4382769108387301e-09
5.5755,1.4377040310112433e-09
5.57575,1.4371782014263944e-09
5.576,1.4367008430689667e-09
5.57625,1.4362645023802221e-09
5.5765,1.4358673341346164e-09
5.57675,1.435503764913328e-09
5.577,1.4351752851299782e-09
5.57725,1.4348822276472284e-09
5.5775,1.4346187211329269e-09
5.57775,1.4343839144258098e-09
5.578,1.4341689703681806e-09
5.57825,1.4339744499271228e-09
5.5785,1.4337992775586383e-09
5.57875,1.4336339558160195e-09
5.579,1.433475848019369e-09
5.57925,1.4333155458292058e-09
5.5795,1.433149949500826e-09
5.57975,1.4329768321399881e-09
5.58,1.4327850686913644e-09
5.58025,1.4325724792412117e-09
5.5805,1.4323261090188476e-09
5.58075,1.4320439849714567e-09
5.581,1.4317229455275382e-09
5.58125,1.4313539896644379e-09
5.5815,1.4309328520792244e-09
5.58175,1.4304523536292927e-09
5.582,1.4299100435363293e-09
5.58225,1.4293065346118569e-09
5.5825,1.4286361716984124e-09
5.58275,1.427899370775473e-09
5.583,1.4270938754127365e-09
5.58325,1.4262235000532853e-09
5.5835,1.4252909816401142e-09
5.58375,1.4242993517930899e-09
5.584,1.4232549396934747e-09
5.58425,1.4221612655549738e-09
5.5845,1.4210247017040545e-09
5.58475,1.4198568533937243e-09
5.585,1.4186609374692382e-09
5.58525,1.4174481133959672e-09
5.5855,1.416219338784363e-09
5.58575,1.4149861160630831e-09
5.586,1.4137531164138917e-09
5.58625,1.4125255179863651e-09
5.5865,1.4113109495892505e-09
5.58675,1.4101115238885367e-09
5.587,1.4089334834184806e-09
5.58725,1.4077807660283003e-09
5.5875,1.4066559270270521e-09
5.58775,1.4055651132317223e-09
5.588,1.4045093222209316e-09
5.58825,1.4034950772319343e-09
5.5885,1.4025236826094844e-09
5.58875,1.4015972288542375e-09
5.589,1.4007225134739715e-09
5.58925,1.3998989826582463e-09
5.5895,1.3991299266698275e-09
5.58975,1.398417470447905e-09
5.59,1.3977632862935031e-09
5.59025,1.397169990491038e-09
5.5905,1.3966365317099609e-09
5.59075,1.3961648094155386e-09
5.591,1.3957548891432187e-09
5.59125,1.3954080333292359e-09
5.5915,1.3951245521101506e-09
5.59175,1.3949053358750021e-09
5.592,1.3947487017092934e-09
5.59225,1.3946584236870743e-09
5.5925,1.3946336408441207e-09
5.59275,1.3946744755828024e-09
5.593,1.3947820318362179e-09
5.59325,1.3949555194347354e-09
5.5935,1.3951921034304792e-09
5.59375,1.395491399210283e-09
5.594,1.3958508678843258e-09
5.59425,1.3962655341222123e-09
5.5945,1.396731709278294e-09
5.59475,1.3972435744701779e-09
5.595,1.3977980609338831e-09
5.59525,1.398387646880301e-09
5.5955,1.3990106711465612e-09
5.59575,1.3996618370182025e-09
5.596,1.4003371339375602e-09
5.59625,1.4010368564302206e-09
5.5965,1.4017568449708986e-09
5.59675,1.4025020961039879e-09
5.597,1.4032708155749235e-09
5.59725,1.4040625775920736e-09
5.5975,1.4048827318848114e-09
5.59775,1.4057323714669331e-09
5.598,1.4066189943719964e-09
5.59825,1.4075427260762041e-09
5.5985,1.4085039193260471e-09
5.59875,1.4095094474724238e-09
5.599,1.4105599601144243e-09
5.59925,1.4116652903524168e-09
5.5995,1.4128263458320526e-09
5.59975,1.4140429223497194e-09
5.6,1.4153237285740115e-09
5.60025,1.4166691849889855e-09
5.6005,1.4180920636178976e-09
5.60075,1.4195934681225047e-09
5.601,1.4211741305311889e-09
5.60125,1.4228439438978473e-09
5.6015,1.4246007790869957e-09
5.60175,1.4264580105936662e-09
5.602,1.4284144925210583e-09
5.60225,1.4304666540752427e-09
5.6025,1.4326191257631489e-09
5.60275,1.4348654442871191e-09
5.603,1.4372135338759575e-09
5.60325,1.4396548927097431e-09
5.6035,1.4421793695792579e-09
5.60375,1.4447882890708532e-09
5.604,1.4474703780661893e-09
5.60425,1.4502334574113846e-09
5.6045,1.4530657858654985e-09
5.60475,1.4559534919093987e-09
5.605,1.4589022204180308e-09
5.60525,1.4619026565985646e-09
5.6055,1.4649690907960243e-09
5.60575,1.468091304259084e-09
5.606,1.4712621433436952e-09
5.60625,1.4744907454532779e-09
5.6065,1.4777683487080132e-09
5.60675,1.4811144230819967e-09
5.607,1.4845197577409935e-09
5.60725,1.4879765510141338e-09
5.6075,1.4914968419376775e-09
5.60775,1.495082611843858e-09
5.608,1.4987301580097062e-09
5.60825,1.5024255880899739e-09
5.6085,1.5061796395331363e-09
5.60875,1.5100072203701272e-09
5.609,1.5138960727903519e-09
5.60925,1.5178319464126752e-09
5.6095,1.5218271428358018e-09
5.60975,1.5258963377921179e-09
5.61,1.5300274158933059e-09
5.61025,1.5342057208287847e-09
5.6105,1.5384489884381259e-09
5.61075,1.5427711198501989e-09
5.611,1.5471604695992493e-09
5.61125,1.5516034790245155e-09
5.6115,1.5561140582972779e-09
5.61175,1.5607107408293132e-09
5.612,1.5653789246361482e-09
5.61225,1.5701049651887091e-09
5.6125,1.5749071353477935e-09
5.61275,1.5797968041845695e-09
5.613,1.5847647907252449e-09
5.61325,1.5897964810083221e-09
5.6135,1.5949070065808187e-09
5.61375,1.6001141808288937e-09
5.614,1.6054070785719709e-09
5.61425,1.6107695891050003e-09
5.6145,1.616219813911161e-09
5.61475,1.6217767054500746e-09
5.615,1.6274257947753638e-09
5.61525,1.63315256123228e-09
5.6155,1.6389789701953666e-09
5.61575,1.6449221273729369e-09
5.616,1.6509709153766714e-09
5.61625,1.6571045420436363e-09
5.6165,1.6633471172215024e-09
5.61675,1.6697150811484384e-09
5.617,1.6761928040632979e-09
5.61725,1.6827546055212288e-09
5.6175,1.6894247563943971e-09
5.61775,1.6962183714902338e-09
5.618,1.7031157840138662e-09
5.61825,1.7100895266315429e-09
5.6185,1.7171581905052468e-09
5.61875,1.7243387613015055e-09
5.619,1.7316095427371231e-09
5.61925,1.7389405951930291e-09
5.6195,1.7463518363250717e-09
5.61975,1.753862447088227e-09
5.62,1.7614485049103818e-09
5.62025,1.7690780213223995e-09
5.6205,1.7767750392241736e-09
5.62075,1.7845685538874506e-09
5.621,1.7924283806730006e-09
5.62125,1.8003255207209185e-09
5.6215,1.8082912086230205e-09
5.62175,1.8163475086668546e-09
5.622,1.8244698261290072e-09
5.62225,1.8326324076256942e-09
5.6225,1.8408610627801499e-09
5.62275,1.8491870257064861e-09
5.623,1.857584168465955e-09
5.62325,1.8660134504584104e-09
5.6235,1.8745530864208203e-09
5.62375,1.8831659175857156e-09
5.624,1.8918184318809661e-09
5.62425,1.9005878186144623e-09
5.6245,1.9094405166415795e-09
5.62475,1.918343295926088e-09
5.625,1.9273791332983389e-09
5.62525,1.93651227267756e-09
5.6255,1.9457126031279644e-09
5.62575,1.9550581402846106e-09
5.626,1.9645113901752548e-09
5.62625,1.9740414901603479e-09
5.6265,1.9836767734525417e-09
5.62675,1.9934550764937049e-09
5.627,2.0033384350927336e-09
5.62725,2.0132895782014579e-09
5.6275,2.0233279726837628e-09
5.62775,2.0334669072244386e-09
5.628,2.0436751394435204e-09
5.62825,2.053907009986118e-09
5.6285,2.0641778904541123e-09
5.62875,2.0745076299215532e-09
5.629,2.0848563935299991e-09
5.62925,2.0951784348572836e-09
5.6295,2.1054831938856305e-09
5.62975,2.1157897472403308e-09
5.63,2.1260601076232891e-09
5.63025,2.1362470808177799e-09
5.6305,2.1463743758463944e-09
5.63075,2.1564546718681955e-09
5.631,2.1664550945997659e-09
5.63125,2.1763350926136196e-09
5.6315,2.1861211024890694e-09
5.63175,2.1958324528588468e-09
5.632,2.2054464532495945e-09
5.63225,2.2149287973249305e-09
5.6325,2.2243150321463211e-09
5.63275,2.2336373328794985e-09
5.633,2.2428773815863677e-09
5.63325,2.2520069947544406e-09
5.6335,2.2610673814746627e-09
5.63375,2.2701012275012112e-09
5.634,2.2790891502567519e-09
5.63425,2.2880086020957975e-09
5.6345,2.2968964677746277e-09
5.63475,2.3057840727010421e-09
5.635,2.3146495598872017e-09
5.63525,2.3234615834834972e-09
5.6355,2.3322480978717283e-09
5.63575,2.3410325504307631e-09
5.636,2.3497815421629354e-09
5.63625,2.3584512770834089e-09
5.6365,2.3670629161074515e-09
5.63675,2.3756294242506222e-09
5.637,2.384112187520443e-09
5.63725,2.3924640643058905e-09
5.6375,2.4007013696568473e-09
5.63775,2.4088426673896829e-09
5.638,2.4168425618285782e-09
5.63825,2.424663093561267e-09
5.6385,2.4323200437614635e-09
5.63875,2.4398334532126836e-09
5.639,2.4471694658316725e-09
5.63925,2.454296409048746e-09
5.6395,2.4612413825204243e-09
5.63975,2.4680326195651808e-09
5.64,2.4746475802012215e-09
5.64025,2.4810651029873761e-09
5.6405,2.4873160878693525e-09
5.64075,2.4934355217195211e-09
5.641,2.4994096215830203e-09
5.64125,2.5052184490792244e-09
5.6415,2.510896128366351e-09
5.64175,2.5164713831816866e-09
5.642,2.5219258893981094e-09
5.64225,2.5272378733538868e-09
5.6425,2.5324301759050656e-09
5.64275,2.5375181163523515e-09
5.643,2.5424777080050766e-09
5.64325,2.5472818387035973e-09
5.6435,2.5519453041380577e-09
5.64375,2.5564764018146977e-09
5.644,2.5608515432031868e-09
5.64425,2.5650468500572353e-09
5.6445,2.5690762033674428e-09
5.64475,2.5729479582696237e-09
5.645,2.5766493317679396e-09
5.64525,2.580165719224989e-09
5.6455,2.5835142506151048e-09
5.64575,2.5867119091451536e-09
5.646,2.5897518990200497e-09
5.64625,2.5926259908969906e-09
5.6465,2.5953541745433928e-09
5.64675,2.5979521172365166e-09
5.647,2.600415312485021e-09
5.64725,2.6027365115100526e-09
5.6475,2.6049430480040753e-09
5.64775,2.6070275089260521e-09
5.648,2.6089810027749992e-09
5.64825,2.6108257384674529e-09
5.6485,2.6125533744045862e-09
5.64875,2.614164294358838e-09
5.649,2.6156513894630981e-09
5.64925,2.6170278246884388e-09
5.6495,2.6182863570008366e-09
5.64975,2.6194267358165451e-09
5.65,2.6204414661956833e-09
5.65025,2.6213428304311542e-09
5.6505,2.6221245227994876e-09
5.65075,2.622787175926904e-09
5.651,2.6233280181204758e-09
5.65125,2.6237584922770207e-09
5.6515,2.6240777481689944e-09
5.65175,2.6242897292008315e-09
5.652,2.624396263699287e-09
5.65225,2.62440880742078e-09
5.6525,2.6243301357693376e-09
5.65275,2.6241659375332409e-09
5.653,2.623920353151833e-09
5.65325,2.6236022828491692e-09
5.6535,2.6232146759159751e-09
5.65375,2.6227615638217503e-09
5.654,2.622246549135264e-09
5.65425,2.6216731924857919e-09
5.6545,2.6210432247938191e-09
5.65475,2.6203582942263291e-09
5.655,2.6196211050323646e-09
5.65525,2.6188312842265973e-09
5.6555,2.6179917466683817e-09
5.65575,2.6171040723121834e-09
5.656,2.6161721012093467e-09
5.65625,2.6151973263165293e-09
5.6565,2.6141848404734313e-09
5.65675,2.6131392425592921e-09
5.657,2.6120693946605883e-09
5.65725,2.6109784977572288e-09
5.6575,2.6098765139991338e-09
5.65775,2.6087711770831028e-09
5.658,2.6076737944114846e-09
5.65825,2.6065875855493622e-09
5.6585,2.605521676520059e-09
5.65875,2.6044824068584659e-09
5.659,2.6034789930884608e-09
5.65925,2.6025087655592664e-09
5.6595,2.6015774427441562e-09
5.65975,2.6006859809798934e-09
5.66,2.599837537439176e-09
5.66025,2.5990264420124065e-09
5.6605,2.5982536900187864e-09
5.66075,2.597518312974422e-09
5.661,2.5968197781408437e-09
5.66125,2.5961521125403263e-09
5.6615,2.5955172923694744e-09
5.66175,2.5949139915377319e-09
5.662,2.5943450570082223e-09
5.66225,2.5938068009156e-09
5.6625,2.5933010408185496e-09
5.66275,2.5928304212963556e-09
5.663,2.5924003822919817e-09
5.66325,2.5920076698430034e-09
5.6635,2.59165821035226e-09
5.66375,2.5913559319956066e-09
5.664,2.5911053139843828e-09
5.66425,2.5909076329469572e-09
5.6645,2.5907688859556058e-09
5.66475,2.5906918061045681e-09
5.665,2.5906821276334914e-09
5.66525,2.5907385183766689e-09
5.6655,2.590865621325914e-09
5.66575,2.591062506940537e-09
5.666,2.5913302967036671e-09
5.66625,2.5916645244485e-09
5.6665,2.59206295643442e-09
5.66675,2.5925185098047062e-09
5.667,2.593025907713563e-09
5.66725,2.5935775444696848e-09
5.6675,2.5941658921903875e-09
5.66775,2.5947831608005839e-09
5.668,2.5954229332187423e-09
5.66825,2.5960754868274137e-09
5.6685,2.5967360486623892e-09
5.66875,2.5973992967751019e-09
5.669,2.598060517825249e-09
5.66925,2.5987141496256756e-09
5.6695,2.5993570865912314e-09
5.66975,2.5999862929791489e-09
5.67,2.6005999561577966e-09
5.67025,2.6011953373247738e-09
5.6705,2.6017698536060386e-09
5.67075,2.6023225646084201e-09
5.671,2.602851146749657e-09
5.67125,2.6033545081955879e-09
5.6715,2.6038317426240609e-09
5.67175,2.6042822285487454e-09
5.672,2.6047054213538635e-09
5.67225,2.6051002795307938e-09
5.6725,2.6054663473747899e-09
5.67275,2.6058025310238913e-09
5.673,2.6061076795975669e-09
5.67325,2.6063796667857964e-09
5.6735,2.606616551192452e-09
5.67375,2.6068148108377008e-09
5.674,2.6069721457820919e-09
5.67425,2.6070825009957691e-09
5.6745,2.607142506989527e-09
5.67475,2.6071479698967872e-09
5.675,2.607092391559666e-09
5.67525,2.6069721531932423e-09
5.6755,2.6067837552637964e-09
5.67575,2.6065195212465154e-09
5.676,2.6061772952374313e-09
5.67625,2.6057563058719971e-09
5.6765,2.6052463270291513e-09
5.67675,2.6046486137820413e-09
5.677,2.6039635244915148e-09
5.67725,2.6031807209881061e-09
5.6775,2.6023025597054114e-09
5.67775,2.6013314657297701e-09
5.678,2.6002558558056724e-09
5.67825,2.5990788047993835e-09
5.6785,2.5978046999342211e-09
5.67875,2.5964177510980001e-09
5.679,2.5949222770715682e-09
5.67925,2.5933230158169329e-09
5.6795,2.5916026789828536e-09
5.67975,2.5897637872790908e-09
5.68,2.5878120764287868e-09
5.68025,2.5857257413643281e-09
5.6805,2.5835100405237775e-09
5.68075,2.5811700146885635e-09
5.681,2.5786811753849976e-09
5.68125,2.5760510271508999e-09
5.6815,2.573285482240556e-09
5.68175,2.5703593509895706e-09
5.682,2.5672814852907711e-09
5.68225,2.5640601394556309e-09
5.6825,2.5606683087492501e-09
5.68275,2.5571164685134888e-09
5.683,2.5534182941337339e-09
5.68325,2.5495444171112695e-09
5.6835,2.5455108600740099e-09
5.68375,2.5413348181486572e-09
5.684,2.5369859442605725e-09
5.68425,2.5324848036496174e-09
5.6845,2.5278532504687537e-09
5.68475,2.5230610627932003e-09
5.685,2.5181309673869797e-09
5.68525,2.5130884225231888e-09
5.6855,2.5079012533054435e-09
5.68575,2.5025925613925602e-09
5.686,2.4971902634673228e-09
5.68625,2.4916802454251166e-09
5.6865,2.4860463728278173e-09
5.68675,2.4803115482710442e-09
5.687,2.4744987894897961e-09
5.68725,2.4685938130409131e-09
5.6875,2.4625860661247229e-09
5.68775,2.4564938570495256e-09
5.688,2.4503415329334906e-09
5.68825,2.4441125256759097e-09
5.6885,2.4377892487050524e-09
5.68875,2.4313907160009702e-09
5.689,2.424944012700865e-09
5.68925,2.4184249367487837e-09
5.6895,2.4118151731436063e-09
5.68975,2.4051339980807478e-09
5.69,2.3984060251737437e-09
5.69025,2.3916098524800717e-09
5.6905,2.3847210578207147e-09
5.69075,2.377758795849342e-09
5.691,2.3707496168983828e-09
5.69125,2.3636722057294585e-09
5.6915,2.3565015267779341e-09
5.69175,2.3492603375571302e-09
5.692,2.3419798080910102e-09
5.69225,2.3346361633578904e-09
5.6925,2.327199137022299e-09
5.69275,2.3196975867061217e-09
5.693,2.3121650069602215e-09
5.69325,2.304570260944347e-09
5.6935,2.296885933370501e-09
5.69375,2.2891397230993207e-09
5.694,2.281363746760738e-09
5.69425,2.2735244116717765e-09
5.6945,2.2655966131560412e-09
5.69475,2.2576045915855503e-09
5.695,2.2495815285254397e-09
5.69525,2.2414962588548777e-09
5.6955,2.2333302061135292e-09
5.69575,2.2251081688633925e-09
5.696,2.2168668497984594e-09
5.69625,2.2085811635813079e-09
5.6965,2.2002315266922188e-09
5.69675,2.1918456323656433e-09
5.697,2.1834587380308142e-09
5.69725,2.1750479253073985e-09
5.6975,2.1665996682468514e-09
5.69775,2.1581397740396182e-09
5.698,2.1496973888541198e-09
5.69825,2.1412520450919826e-09
5.6985,2.1327834784700591e-09
5.69875,2.1243228264886001e-09
5.699,2.1158996266911025e-09
5.69925,2.1074888160620849e-09
5.6995,2.099062799686614e-09
5.69975,2.0906527780857907e-09
5.7,2.0822950787727652e-09
5.70025,2.0739564132180668e-09
5.7005,2.0656099830327959e-09
5.70075,2.0572819292422181e-09
5.701,2.0490078423165686e-09
5.70125,2.0407537954926635e-09
5.7015,2.0324934365712171e-09
5.70175,2.024253483067374e-09
5.702,2.0160654332606415e-09
5.70225,2.0078960235531156e-09
5.7025,1.9997179314714893e-09
5.70275,1.9915540293862913e-09
5.703,1.9834336827860244e-09
5.70325,1.9753256329129478e-09
5.7035,1.967200849599381e-09
5.70375,1.9590796033581168e-09
5.704,1.9509913962250853e-09
5.70425,1.9429002957145667e-09
5.7045,1.9347740481206063e-09
5.70475,1.926636533985469e-09
5.705,1.9185180929544771e-09
5.70525,1.9103832172777904e-09
5.7055,1.9021955203943627e-09
5.70575,1.8939876203205525e-09
5.706,1.8857928834828137e-09
5.70625,1.8775736830119805e-09
5.7065,1.8693052218860593e-09
5.70675,1.8610174062850881e-09
5.707,1.8527417027250804e-09
5.70725,1.8444497581857757e-09
5.7075,1.8361180060216578e-09
5.70775,1.8277735160010406e-09
5.708,1.8194486500382622e-09
5.70825,1.8111149770131085e-09
5.7085,1.8027436115419679e-09
5.70875,1.7943635748968153e-09
5.709,1.7860123437357501e-09
5.70925,1.7776530750640214e-09
5.7095,1.7692637626332711e-09
5.70975,1.7608721078908022e-09
5.71,1.7525095437815757e-09
5.71025,1.7441503064586441e-09
5.7105,1.7357734490341022e-09
5.71075,1.7274088918950594e-09
5.711,1.7190884368183075e-09
5.71125,1.7107978467701958e-09
5.7115,1.7025191342072421e-09
5.71175,1.6942865741969355e-09
5.712,1.6861400422312935e-09
5.71225,1.6780614943666524e-09
5.7125,1.6700381118579533e-09
5.71275,1.6621030934928646e-09
5.713,1.6542996485177728e-09
5.71325,1.6466099584258056e-09
5.7135,1.639023377109851e-09
5.71375,1.6315698987449507e-09
5.714,1.6242825328864474e-09
5.71425,1.6171411445669801e-09
5.7145,1.6101313862646137e-09
5.71475,1.6032760166333455e-09
5.715,1.5966009517995938e-09
5.71525,1.5900818062393676e-09
5.7155,1.5836955586492582e-09
5.71575,1.5774557226430865e-09
5.716,1.5713812103815195e-09
5.71625,1.5654439384926202e-09
5.7165,1.5596194813744208e-09
5.71675,1.5539173471789356e-09
5.717,1.548357680533078e-09
5.71725,1.5429112206033911e-09
5.7175,1.5375538061150852e-09
5.71775,1.5322999170974834e-09
5.718,1.5271638048392993e-09
5.71825,1.5221236886487004e-09
5.7185,1.5171596702150886e-09
5.71875,1.5122844500399911e-09
5.719,1.5075164802167683e-09
5.71925,1.5028343179176746e-09
5.7195,1.498222628298447e-09
5.71975,1.4936967001269854e-09
5.72,1.4892738820935926e-09
5.72025,1.4849360918662708e-09
5.7205,1.4806715579034085e-09
5.72075,1.4764948753105085e-09
5.721,1.47242552549904e-09
5.72125,1.4684506732022971e-09
5.7215,1.4645578571670949e-09
5.72175,1.4607627691544038e-09
5.722,1.4570850135298718e-09
5.72225,1.4535120657418554e-09
5.7225,1.4500347997003448e-09
5.72275,1.446665283766349e-09
5.723,1.4434181705497528e-09
5.72325,1.4402816751936347e-09
5.7235,1.4372453087388984e-09
5.72375,1.434318476867683e-09
5.724,1.4315118420952047e-09
5.72425,1.4288113894205825e-09
5.7245,1.4262096198775935e-09
5.72475,1.4237117545917908e-09
5.725,1.4213249513025619e-09
5.72525,1.419039841936965e-09
5.7255,1.416849890190801e-09
5.72575,1.4147614106847989e-09
5.726,1.4127825336099389e-09
5.72625,1.4109078258264074e-09
5.7265,1.4091359540593582e-09
5.72675,1.4074733596093668e-09
5.727,1.4059318428366284e-09
5.72725,1.4045076291000866e-09
5.7275,1.4032001445324353e-09
5.72775,1.4020162378107816e-09
5.728,1.4009651598624592e-09
5.72825,1.4000365902889172e-09
5.7285,1.3992358980646792e-09
5.72875,1.3985670290611445e-09
5.729,1.3980196003211531e-09
5.72925,1.3975942309344142e-09
5.7295,1.3972882756586348e-09
5.72975,1.3970990662458481e-09
5.73,1.3970159029064419e-09
5.73025,1.3970373605167176e-09
5.7305,1.3971573869705332e-09
5.73075,1.3973713162646866e-09
5.731,1.3976695836704249e-09
5.73125,1.3980477365146311e-09
5.7315,1.3985005255963123e-09
5.73175,1.3990223793577007e-09
5.732,1.3996047595953518e-09
5.73225,1.4002440649209624e-09
5.7325,1.400933482430041e-09
5.73275,1.4016680293209735e-09
5.733,1.4024423502584971e-09
5.73325,1.403251984257358e-09
5.7335,1.4040921000002795e-09
5.73375,1.4049579378962268e-09
5.734,1.4058478639647811e-09
5.73425,1.4067571165240901e-09
5.7345,1.4076841788129167e-09
5.73475,1.4086243960763695e-09
5.735,1.4095804322331489e-09
5.73525,1.4105495919679722e-09
5.7355,1.4115317119418511e-09
5.73575,1.4125255510058774e-09
5.736,1.4135355160344448e-09
5.73625,1.4145598975849392e-09
5.7365,1.4155997264377297e-09
5.73675,1.4166537412431972e-09
5.737,1.4177264641913781e-09
5.73725,1.4188157608672554e-09
5.7375,1.4199213464343977e-09
5.73775,1.4210401191807388e-09
5.738,1.4221741505176632e-09
5.73825,1.4233194505501663e-09
5.7385,1.4244730567579761e-09
5.73875,1.4256289303923776e-09
5.739,1.4267887890952042e-09
5.73925,1.4279474036145115e-09
5.7395,1.4291017703526856e-09
5.73975,1.4302459671000741e-09
5.74,1.4313832089252642e-09
5.74025,1.4325094153170927e-09
5.7405,1.4336228513892715e-09
5.74075,1.4347205170413592e-09
5.741,1.4358028381078183e-09
5.74125,1.4368720090074675e-09
5.7415,1.4379246020482726e-09
5.74175,1.4389589829696447e-09
5.742,1.439974591160659e-09
5.74225,1.4409707161560679e-09
5.7425,1.4419442146395192e-09
5.74275,1.4428883594826778e-09
5.743,1.4438034939160301e-09
5.74325,1.4446863013342013e-09
5.7435,1.4455317100050454e-09
5.74375,1.4463326461814981e-09
5.744,1.447087706393096e-09
5.74425,1.4477942093465589e-09
5.7445,1.4484476352431446e-09
5.74475,1.4490435081423657e-09
5.745,1.4495823878864491e-09
5.74525,1.4500655538728807e-09
5.7455,1.4504914303350809e-09
5.74575,1.4508597147264247e-09
5.746,1.4511776099344086e-09
5.74625,1.4514469856354644e-09
5.7465,1.4516724791856201e-09
5.74675,1.451857582906024e-09
5.747,1.4520126158101527e-09
5.74725,1.4521408995097203e-09
5.7475,1.452249889316465e-09
5.74775,1.4523440217103923e-09
5.748,1.452435407225598e-09
5.74825,1.4525281478320568e-09
5.7485,1.4526297410089156e-09
5.74875,1.4527442303745715e-09
5.749,1.4528830706965021e-09
5.74925,1.453051884939515e-09
5.7495,1.4532582658836891e-09
5.74975,1.4535058307372389e-09
5.75,1.4538081067819415e-09
5.75025,1.4541689823355361e-09
5.7505,1.4545956891091537e-09
5.75075,1.4550910293703245e-09
5.751,1.4556664825337074e-09
5.75125,1.4563237713014581e-09
5.7515,1.457065889312175e-09
5.75175,1.4578925192958692e-09
5.752,1.4588100114393299e-09
5.75225,1.4598152529831774e-09
5.7525,1.4609067011045236e-09
5.75275,1.4620813091932053e-09
5.753,1.463340688255101e-09
5.75325,1.4646789634753012e-09
5.7535,1.4660944933483746e-09
5.75375,1.4675782116002128e-09
5.754,1.4691319423467321e-09
5.75425,1.4707469306560153e-09
5.7545,1.4724180179462731e-09
5.75475,1.4741360297161368e-09
5.755,1.4759005365039838e-09
5.75525,1.4777026518733362e-09
5.7555,1.4795351812316335e-09
5.75575,1.4813889789226853e-09
5.756,1.4832614293797993e-09
5.75625,1.4851543236555597e-09
5.7565,1.4870620628400943e-09
5.75675,1.4889789597119892e-09
5.757,1.4909101130152256e-09
5.75725,1.492867591773952e-09
5.7575,1.4948528659618213e-09
5.75775,1.4968653297462124e-09
5.758,1.4989225870766616e-09
5.75825,1.501043476194451e-09
5.7585,1.5032358226129445e-09
5.75875,1.50550164514117e-09
5.759,1.5078624546715959e-09
5.75925,1.5103406778746071e-09
5.7595,1.5129376042118968e-09
5.75975,1.5156524727889927e-09
5.76,1.5185130452079116e-09
5.76025,1.5215144912661364e-09
5.7605,1.5246598835924498e-09
5.76075,1.5279377562904998e-09
5.761,1.5313713003928633e-09
5.76125,1.5349478551591719e-09
5.7615,1.5386650525669047e-09
5.76175,1.5425068119138858e-09
5.762,1.5464918188372379e-09
5.76225,1.5506052169963654e-09
5.7625,1.5548434222238994e-09
5.76275,1.5591876875672022e-09
5.763,1.563662464916715e-09
5.76325,1.56825357182138e-09
5.7635,1.5729561604213561e-09
5.76375,1.5777547261429354e-09
5.764,1.5826791344203823e-09
5.76425,1.5877131638385309e-09
5.7645,1.592859229965345e-09
5.76475,1.5981010079568011e-09
5.765,1.6034523800759568e-09
5.76525,1.6089390109282376e-09
5.7655,1.6145469835347944e-09
5.76575,1.6202603632870477e-09
5.766,1.6261011842059945e-09
5.76625,1.6320842337052907e-09
5.7665,1.6381989733182596e-09
5.76675,1.6444225251881372e-09
5.767,1.65077738798771e-09
5.76725,1.6572824974995247e-09
5.7675,1.6639196002811883e-09
5.76775,1.6706646697207414e-09
5.768,1.6775366942767681e-09
5.76825,1.6845505077426083e-09
5.7685,1.691690243972695e-09
5.76875,1.6989325359407408e-09
5.769,1.7062987900003377e-09
5.76925,1.7138140178171914e-09
5.7695,1.7214555047383616e-09
5.76975,1.7292040519587308e-09
5.77,1.7370883772824677e-09
5.77025,1.745128731675381e-09
5.7705,1.7533076487267015e-09
5.77075,1.7616036585326378e-09
5.771,1.7700394055557082e-09
5.77125,1.778633098362108e-09
5.7715,1.7873654782080955e-09
5.77175,1.7962111364297372e-09
5.772,1.8051824213344543e-09
5.77225,1.8142897551126188e-09
5.7725,1.8235094105459281e-09
5.77275,1.832810172426915e-09
5.773,1.8421990028075722e-09
5.77325,1.8516896928789805e-09
5.7735,1.8612504854001082e-09
5.77375,1.870845705407306e-09
5.774,1.8804827617301219e-09
5.77425,1.8901720538770176e-09
5.7745,1.8998819034489544e-09
5.77475,1.9095678305590518e-09
5.775,1.9192469613095101e-09
5.77525,1.9289272038720281e-09
5.7755,1.9385797224225929e-09
5.77575,1.9481667045413945e-09
5.776,1.9577060387158885e-09
5.77625,1.9672087577847087e-09
5.7765,1.9766545191066777e-09
5.77675,1.9860111838823806e-09
5.777,1.9953034933792751e-09
5.77725,2.0045525081578389e-09
5.7775,2.0137399396588826e-09
5.77775,2.0228420414093445e-09
5.778,2.0318900448488375e-09
5.77825,2.0409152389371584e-09
5.7785,2.049900079575898e-09
5.77875,2.0588197813960042e-09
5.779,2.067706662522688e-09
5.77925,2.0765959927118461e-09
5.7795,2.0854655744752756e-09
5.77975,2.0942862248748449e-09
5.78,2.1030879941090354e-09
5.78025,2.1118960010481843e-09
5.7805,2.1206852994302188e-09
5.78075,2.1294243063302925e-09
5.781,2.1381358369353441e-09
5.78125,2.146831323892639e-09
5.7815,2.1554879895676955e-09
5.78175,2.164065823273982e-09
5.782,2.1725864815672524e-09
5.78225,2.1810682458494212e-09
5.7825,2.1894767590137801e-09
5.78275,2.1977743131424926e-09
5.783,2.2059827255595032e-09
5.78325,2.2141195617051616e-09
5.7835,2.2221523444713743e-09
5.78375,2.230046837405726e-09
5.784,2.2378288953759681e-09
5.78425,2.2455152450139381e-09
5.7845,2.2530821809323596e-09
5.78475,2.2605015283602722e-09
5.785,2.2677957131946465e-09
5.78525,2.274990690218074e-09
5.7855,2.2820689765698658e-09
5.78575,2.2890080480225378e-09
5.786,2.2958382600201968e-09
5.78625,2.3025833549218053e-09
5.7865,2.3092299364953086e-09
5.78675,2.3157626940704769e-09
5.787,2.322209002359699e-09
5.78725,2.3285968841285943e-09
5.7875,2.3349105504999665e-09
5.78775,2.3411326850439055e-09
5.788,2.3472901231145308e-09
5.78825,2.3534059130185696e-09
5.7885,2.3594648217772294e-09
5.78875,2.3654494712956368e-09
5.789,2.3713811993425412e-09
5.78925,2.3772723174329037e-09
5.7895,2.3831101164624163e-09
5.78975,2.3888785707069025e-09
5.79,2.3945936517219498e-09
5.79025,2.400264795618603e-09
5.7905,2.4058799017446992e-09
5.79075,2.4114210020266391e-09
5.791,2.4169018778946474e-09
5.79125,2.422332353651699e-09
5.7915,2.4277009041282658e-09
5.79175,2.4329890294937794e-09
5.792,2.4382079600862687e-09
5.79225,2.4433691328519902e-09
5.7925,2.4484608502771439e-09
5.79275,2.4534697820519498e-09
5.793,2.4584080539642141e-09
5.79325,2.4632859653119515e-09
5.7935,2.4680931322018022e-09
5.79375,2.4728134834176287e-09
5.794,2.4774586554474412e-09
5.79425,2.4820329416583208e-09
5.7945,2.486522785139239e-09
5.79475,2.4909089429533544e-09
5.795,2.4951965176356362e-09
5.79525,2.4993851021893379e-09
5.7955,2.5034582333901775e-09
5.79575,2.5073940520839835e-09
5.796,2.5111978480286916e-09
5.79625,2.5148710236023166e-09
5.7965,2.51839931527307e-09
5.79675,2.5217709118506402e-09
5.797,2.5249951241962013e-09
5.79725,2.5280835313424554e-09
5.7975,2.5310311007161412e-09
5.79775,2.5338350855805145e-09
5.798,2.536515580435887e-09
5.79825,2.5390926865145715e-09
5.7985,2.5415700842781491e-09
5.79875,2.5439482815274046e-09
5.799,2.5462497325866697e-09
5.79925,2.5484964373967967e-09
5.7995,2.5506929096708073e-09
5.79975,2.5528387911148937e-09
5.8,2.5549530140674325e-09
5.80025,2.5570508087830983e-09
5.8005,2.5591302235768474e-09
5.80075,2.5611875029818289e-09
5.801,2.5632313533206438e-09
5.80125,2.565268835788668e-09
5.8015,2.5672893778659483e-09
5.80175,2.5692831760881464e-09
5.802,2.5712521456656361e-09
5.80225,2.573194188776983e-09
5.8025,2.5750958192234465e-09
5.80275,2.5769425544297863e-09
5.803,2.5787322368443588e-09
5.80325,2.5804613318590565e-09
5.8035,2.5821188435814774e-09
5.80375,2.5836928430232021e-09
5.804,2.5851841621795422e-09
5.80425,2.5865912710338479e-09
5.8045,2.5879085363005908e-09
5.80475,2.5891323410495278e-09
5.805,2.5902676913559573e-09
5.80525,2.591318027698242e-09
5.8055,2.5922857025765132e-09
5.80575,2.5931714523620727e-09
5.806,2.5939844976737671e-09
5.80625,2.5947306150067078e-09
5.8065,2.595413529833075e-09
5.80675,2.5960349262050695e-09
5.807,2.5966018462020958e-09
5.80725,2.5971190959931358e-09
5.8075,2.5975870059862236e-09
5.80775,2.5980067439093186e-09
5.808,2.5983810470125779e-09
5.80825,2.598712289225295e-09
5.8085,2.5989998849165371e-09
5.80875,2.5992430804057088e-09
5.809,2.5994439338064393e-09
5.80925,2.5996018185343921e-09
5.8095,2.5997194881926734e-09
5.80975,2.5997955129337451e-09
5.81,2.5998304129226351e-09
5.81025,2.5998250036183045e-09
5.8105,2.5997786146403762e-09
5.81075,2.5996912221158616e-09
5.811,2.599561150235294e-09
5.81125,2.599385562714445e-09
5.8115,2.5991641081190805e-09
5.81175,2.598894280423224e-09
5.812,2.5985738115050397e-09
5.81225,2.5981975632471139e-09
5.8125,2.5977668813301163e-09
5.81275,2.5972808539705573e-09
5.813,2.5967368447970684e-09
5.81325,2.5961344659201e-09
5.8135,2.5954741430916961e-09
5.81375,2.594759494394688e-09
5.814,2.5939898068028086e-09
5.81425,2.5931661830378167e-09
5.8145,2.592291577580189e-09
5.81475,2.591371065432218e-09
5.815,2.590405323968711e-09
5.81525,2.5893966331077195e-09
5.8155,2.5883489412453046e-09
5.81575,2.5872703764659088e-09
5.816,2.5861606319991237e-09
5.81625,2.585021240457344e-09
5.8165,2.5838593175215217e-09
5.81675,2.5826803078977068e-09
5.817,2.5814850035288021e-09
5.81725,2.5802738666503614e-09
5.8175,2.579049926899402e-09
5.81775,2.5778187731736374e-09
5.818,2.576575725289517e-09
5.81825,2.5753173871887435e-09
5.8185,2.574044256487741e-09
5.81875,2.5727589646231646e-09
5.819,2.5714542716388512e-09
5.81925,2.5701250452422327e-09
5.8195,2.5687713034287617e-09
5.81975,2.5673953651148069e-09
5.82,2.5659919999216759e-09
5.82025,2.5645587021967209e-09
5.8205,2.5630981852831903e-09
5.82075,2.5616171403035506e-09
5.821,2.5601151869156775e-09
5.82125,2.5585946212545739e-09
5.8215,2.5570624669615686e-09
5.82175,2.5555283602929004e-09
5.822,2.5539950833021849e-09
5.82225,2.5524651532858597e-09
5.8225,2.5509476412334429e-09
5.82275,2.5494523299097914e-09
5.823,2.5479781123382553e-09
5.82325,2.5465279747934249e-09
5.8235,2.5451053820971132e-09
5.82375,2.5437173846646691e-09
5.824,2.5423606613076414e-09
5.82425,2.5410298437861744e-09
5.8245,2.5397248567093189e-09
5.82475,2.5384490536597169e-09
5.825,2.5371931771206948e-09
5.82525,2.5359481883311438e-09
5.8255,2.5347149105331353e-09
5.82575,2.5334934383497049e-09
5.826,2.5322742007939897e-09
5.82625,2.5310501184712139e-09
5.8265,2.529821215557815e-09
5.82675,2.5285888738831721e-09
5.827,2.5273461553880853e-09
5.82725,2.5260878338575716e-09
5.8275,2.5248136680355007e-09
5.82775,2.5235310759598544e-09
5.828,2.5222309837934194e-09
5.82825,2.5209097165243688e-09
5.8285,2.5195716300408915e-09
5.82875,2.5182205322408307e-09
5.829,2.5168511393273485e-09
5.82925,2.5154599370172658e-09
5.8295,2.5140494429353931e-09
5.82975,2.5126263519870242e-09
5.83,2.511182582884406e-09
5.83025,2.5097133459838771e-09
5.8305,2.5082230390619128e-09
5.83075,2.506714244630262e-09
5.831,2.5051765207158467e-09
5.83125,2.5036001508729059e-09
5.8315,2.5019875518664582e-09
5.83175,2.5003375580912393e-09
5.832,2.4986358480463312e-09
5.83225,2.4968681855976533e-09
5.8325,2.4950306576411111e-09
5.83275,2.4931223440380826e-09
5.833,2.4911262028459268e-09
5.83325,2.4890275099814252e-09
5.8335,2.4868214692787341e-09
5.83375,2.4845109925350511e-09
5.834,2.4820790110591524e-09
5.83425,2.4795108953768405e-09
5.8345,2.4768077769445167e-09
5.83475,2.4739749534078826e-09
5.835,2.4709988185328119e-09
5.83525,2.4678704367204514e-09
5.8355,2.4645955585594608e-09
5.83575,2.4611850685555727e-09
5.836,2.4576308596093268e-09
5.83625,2.4539292200100282e-09
5.8365,2.4500899567937387e-09
5.83675,2.4461295345753364e-09
5.837,2.4420455558151269e-09
5.83725,2.437839242561681e-09
5.8375,2.4335265481670026e-09
5.83775,2.4291298033113039e-09
5.838,2.4246503859130104e-09
5.83825,2.420092639929402e-09
5.8385,2.4154761099478999e-09
5.83875,2.4108235854252071e-09
5.839,2.4061342743278342e-09
5.83925,2.4014121371270581e-09
5.8395,2.3966709038570225e-09
5.83975,2.3919313869098938e-09
5.84,2.3871836246424184e-09
5.84025,2.3824209289269014e-09
5.8405,2.3776515512366061e-09
5.84075,2.3728914091620056e-09
5.841,2.3681217469793279e-09
5.84125,2.36332664867532e-09
5.8415,2.3585132481984095e-09
5.84175,2.3536911667409378e-09
5.842,2.3488395498006596e-09
5.84225,2.3439390395104414e-09
5.8425,2.3389932920432428e-09
5.84275,2.3340103026673262e-09
5.843,2.3289665272611633e-09
5.84325,2.3238359093910171e-09
5.8435,2.3186207268740871e-09
5.84375,2.3133353113647427e-09
5.844,2.3079447941161986e-09
5.84425,2.3024197744318989e-09
5.8445,2.2967663124166078e-09
5.84475,2.2909998524238427e-09
5.845,2.2850875084085854e-09
5.84525,2.2789993743492586e-09
5.8455,2.2727476981951479e-09
5.84575,2.2663528522469847e-09
5.846,2.2597889487092829e-09
5.84625,2.2530421917664185e-09
5.8465,2.2461298043658468e-09
5.84675,2.2390794124476615e-09
5.847,2.2318746294081215e-09
5.84725,2.2245053568202551e-09
5.8475,2.216998349827884e-09
5.84775,2.2093817243781213e-09
5.848,2.2016439089617586e-09
5.84825,2.1937770628257925e-09
5.8485,2.1858088510333913e-09
5.84875,2.1777670431343566e-09
5.849,2.1696385732597616e-09
5.84925,2.1614110923158782e-09
5.8495,2.1531066986330621e-09
5.84975,2.1447556110976166e-09
5.85,2.1363367575916261e-09
5.85025,2.1278397666812633e-09
5.8505,2.1192826100798519e-09
5.85075,2.1106955716473576e-09
5.851,2.1020522904724205e-09
5.85125,2.0933398373646653e-09
5.8515,2.0845757669500799e-09
5.85175,2.0757877541124802e-09
5.852,2.066953172977014e-09
5.85225,2.0580541226448063e-09
5.8525,2.0491051379307047e-09
5.85275,2.040144352960025e-09
5.853,2.0311395530407705e-09
5.85325,2.0220794313663757e-09
5.8535,2.012982499734163e-09
5.85375,2.0038803893773226e-09
5.854,1.9947515856621125e-09
5.85425,1.9855823548303415e-09
5.8545,1.9763982335465134e-09
5.85475,1.9672392692156088e-09
5.855,1.9580860278747171e-09
5.85525,1.9489246576182761e-09
5.8555,1.9397851945180314e-09
5.85575,1.9307051479344464e-09
5.856,1.9216651420429243e-09
5.85625,1.9126543981465821e-09
5.8565,1.9036973772895945e-09
5.85675,1.8948284206238652e-09
5.857,1.8860201072824134e-09
5.85725,1.8772571312179614e-09
5.8575,1.8685576208151713e-09
5.85775,1.8599463425869352e-09
5.858,1.8513973039994164e-09
5.85825,1.8428842146081217e-09
5.8585,1.8344279833517097e-09
5.85875,1.8260536155044962e-09
5.859,1.8177324081844389e-09
5.85925,1.8094379581584202e-09
5.8595,1.8011936324240651e-09
5.85975,1.793029122986061e-09
5.86,1.7849168957964184e-09
5.86025,1.7768369339667289e-09
5.8605,1.7688144831856772e-09
5.86075,1.7608805540014949e-09
5.861,1.752988950579492e-09
5.86125,1.7451719444948532e-09
5.8615,1.7374590884151232e-09
5.86175,1.7298095567081853e-09
5.862,1.7222518348416598e-09
5.86225,1.7148207085010322e-09
5.8625,1.7074691185670766e-09
5.86275,1.700226688522955e-09
5.863,1.6930943453370867e-09
5.86325,1.6861013276388606e-09
5.8635,1.6792361363779879e-09
5.86375,1.6724736688823387e-09
5.864,1.6658352398285379e-09
5.86425,1.6593463747339123e-09
5.8645,1.6529819766500769e-09
5.86475,1.646729845116143e-09
5.865,1.6406063074306096e-09
5.86525,1.6346316083641746e-09
5.8655,1.6287834313721152e-09
5.86575,1.6230461656972288e-09
5.866,1.6174341742962707e-09
5.86625,1.6119645095756614e-09
5.8665,1.606597810745352e-09
5.86675,1.6013483144726557e-09
5.867,1.5962105364732312e-09
5.86725,1.5911993938567975e-09
5.8675,1.5862764605434502e-09
5.86775,1.5814525164054352e-09
5.868,1.5767177930864518e-09
5.86825,1.5720812524327897e-09
5.8685,1.5675260285371172e-09
5.86875,1.5630266047144639e-09
5.869,1.5585918251113762e-09
5.86925,1.5542317185256216e-09
5.8695,1.549921202939823e-09
5.86975,1.5456466593663138e-09
5.87,1.5414181826276141e-09
5.87025,1.5372493396852528e-09
5.8705,1.5331122401646134e-09
5.87075,1.529023319057266e-09
5.871,1.52498348087693e-09
5.87125,1.521010941700907e-09
5.8715,1.5170879409281695e-09
5.87175,1.5132307766709458e-09
5.872,1.509444295005504e-09
5.87225,1.5057457876153646e-09
5.8725,1.5021242603367007e-09
5.87275,1.498594575160535e-09
5.873,1.4951617245104571e-09
5.87325,1.4918444899274507e-09
5.8735,1.4886303054082009e-09
5.87375,1.4855348420427457e-09
5.874,1.4825645957161415e-09
5.87425,1.4797265126781705e-09
5.8745,1.4770355966626266e-09
5.87475,1.4744797479103424e-09
5.875,1.4720724192128052e-09
5.87525,1.4698169323747178e-09
5.8755,1.4677239765803972e-09
5.87575,1.4657791731287214e-09
5.876,1.4639899024442244e-09
5.87625,1.4623533771871696e-09
5.8765,1.4608738837340724e-09
5.87675,1.4595326184600599e-09
5.877,1.4583307089827886e-09
5.87725,1.4572617081241278e-09
5.8775,1.4563243801283539e-09
5.87775,1.4555001925726124e-09
5.878,1.4547874916266156e-09
5.87825,1.4541775069576034e-09
5.8785,1.4536676552094955e-09
5.87875,1.4532392416270601e-09
5.879,1.4528892888698809e-09
5.87925,1.4526080758314218e-09
5.8795,1.4523866927776226e-09
5.87975,1.4522183521494521e-09
5.88,1.4520840014755139e-09
5.88025,1.4519764652889715e-09
5.8805,1.4518842106992767e-09
5.88075,1.4517976901143723e-09
5.881,1.4517094191265734e-09
5.88125,1.4516046384580303e-09
5.8815,1.4514793562735944e-09
5.88175,1.4513284623617325e-09
5.882,1.4511531426574867e-09
5.88225,1.4509483600244043e-09
5.8825,1.4507195186461387e-09
5.88275,1.4504727157322311e-09
5.883,1.4502155480482802e-09
5.88325,1.4499539277008369e-09
5.8835,1.4496979051266169e-09
5.88375,1.4494574082944982e-09
5.884,1.4492408005208832e-09
5.88425,1.4490528363497722e-09
5.8845,1.4488983953391978e-09
5.88475,1.448779629667187e-09
5.885,1.4486956169907232e-09
5.88525,1.4486437292075344e-09
5.8855,1.4486175830176859e-09
5.88575,1.4486109188688177e-09
5.886,1.4486168780062789e-09
5.88625,1.4486281610646495e-09
5.8865,1.4486370636645094e-09
5.88675,1.4486377817523537e-09
5.887,1.448626238479769e-09
5.88725,1.4485997586050574e-09
5.8875,1.4485587480953887e-09
5.88775,1.4485049128141365e-09
5.888,1.4484417837785074e-09
5.88825,1.4483750979056581e-09
5.8885,1.448310429234186e-09
5.88875,1.4482541417389864e-09
5.889,1.4482112651418471e-09
5.88925,1.4481882441587454e-09
5.8895,1.4481879302843026e-09
5.88975,1.4482122202607208e-09
5.89,1.44826154050182e-09
5.89025,1.4483347039868757e-09
5.8905,1.4484285706480782e-09
5.89075,1.4485387877424734e-09
5.891,1.4486598368361627e-09
5.89125,1.448785580049306e-09
5.8915,1.4489098751249275e-09
5.89175,1.4490275372356138e-09
5.892,1.4491341090158737e-09
5.89225,1.4492273227629553e-09
5.8925,1.4493062543757803e-09
5.89275,1.4493732038818768e-09
5.893,1.4494323284676273e-09
5.89325,1.4494906515779774e-09
5.8935,1.4495579022214643e-09
5.89375,1.4496448105233403e-09
5.894,1.4497635574297254e-09
5.89425,1.449928164154519e-09
5.8945,1.4501519678771637e-09
5.89475,1.4504480201381637e-09
5.895,1.4508273471838128e-09
5.89525,1.451299136667711e-09
5.8955,1.4518701175714839e-09
5.89575,1.4525437661395506e-09
5.896,1.4533213251896031e-09
5.89625,1.4542013924239661e-09
5.8965,1.4551795991250749e-09
5.89675,1.4562492110131747e-09
5.897,1.4574023023931688e-09
5.89725,1.4586292956678754e-09
5.8975,1.4599203591646599e-09
5.89775,1.4612649990611394e-09
5.898,1.4626533629220033e-09
5.89825,1.4640755225240164e-09
5.8985,1.4655230487647562e-09
5.89875,1.4669889835160546e-09
5.899,1.4684661091954916e-09
5.89925,1.4699492021224061e-09
5.8995,1.4714343639140912e-09
5.89975,1.4729176304172449e-09
5.9,1.4743977939714689e-09
5.90025,1.4758734101739837e-09
5.9005,1.47734353500649e-09
5.90075,1.4788088427329807e-09
5.901,1.4802703120828117e-09
5.90125,1.4817297911810294e-09
5.9015,1.4831891068903982e-09
5.90175,1.4846509879885494e-09
5.902,1.4861179218735739e-09
5.90225,1.4875927108842338e-09
5.9025,1.489078541522826e-09
5.90275,1.4905783020787197e-09
5.903,1.4920937764180718e-09
5.90325,1.4936294087737794e-09
5.9035,1.4951877824192e-09
5.90375,1.4967716973327641e-09
5.904,1.4983844980290442e-09
5.90425,1.5000291212435462e-09
5.9045,1.5017096986229834e-09
5.90475,1.503430936591401e-09
5.905,1.5051959842335704e-09
5.90525,1.5070106239163108e-09
5.9055,1.5088786902326752e-09
5.90575,1.5108065280673596e-09
5.906,1.5127983444312097e-09
5.90625,1.5148609569798126e-09
5.9065,1.5169974432156278e-09
5.90675,1.5192114474546042e-09
5.907,1.5215068228200117e-09
5.90725,1.5238844412581773e-09
5.9075,1.5263459183603847e-09
5.90775,1.5288882505834913e-09
5.908,1.5315084263074211e-09
5.90825,1.5341995753614194e-09
5.9085,1.5369538951302626e-09
5.90875,1.5397617016535833e-09
5.909,1.5426112291366884e-09
5.90925,1.5454916328024749e-09
5.9095,1.5483894198094781e-09
5.90975,1.5512931333942759e-09
5.91,1.5541926110955519e-09
5.91025,1.5570791695932947e-09
5.9105,1.5599482874202352e-09
5.91075,1.5627967738037273e-09
5.911,1.5656258297147632e-09
5.91125,1.5684400669230936e-09
5.9115,1.5712479459414661e-09
5.91175,1.5740603964466513e-09
5.912,1.5768927192184389e-09
5.91225,1.5797610803443613e-09
5.9125,1.5826846585175646e-09
5.91275,1.5856818690514028e-09
5.913,1.5887714770030856e-09
5.91325,1.5919723302689256e-09
5.9135,1.595302375435975e-09
5.91375,1.598775430699933e-09
5.914,1.6024060176898342e-09
5.91425,1.6062032869665286e-09
5.9145,1.6101738012678619e-09
5.91475,1.6143235437555513e-09
5.915,1.6186528208536621e-09
5.91525,1.6231594003192882e-09
5.9155,1.6278366457859898e-09
5.91575,1.6326810709007056e-09
5.916,1.6376837095810488e-09
5.91625,1.6428346807223557e-09
5.9165,1.6481246452181807e-09
5.91675,1.6535453064464256e-09
5.917,1.6590873245823016e-09
5.91725,1.6647399518786045e-09
5.9175,1.6704955983069925e-09
5.91775,1.6763490232465194e-09
5.918,1.6822894126387604e-09
5.91825,1.6883145772971157e-09
5.9185,1.6944172467944778e-09
5.91875,1.7005876908842446e-09
5.919,1.7068230249778192e-09
5.91925,1.7131103858723058e-09
5.9195,1.7194419267660631e-09
5.91975,1.725807048275736e-09
5.92,1.7321970979923851e-09
5.92025,1.7385986256354229e-09
5.9205,1.744997788141457e-09
5.92075,1.7513885624265483e-09
5.921,1.7577592250196035e-09
5.92125,1.7641005207891038e-09
5.9215,1.7704068079761723e-09
5.92175,1.7766749698193696e-09
5.922,1.7829021722845451e-09
5.92225,1.7890889682633503e-09
5.9225,1.7952387724942542e-09
5.92275,1.8013581057073019e-09
5.923,1.8074570440358129e-09
5.92325,1.8135444179280405e-09
5.9235,1.8196332136882696e-09
5.92375,1.8257406039406948e-09
5.924,1.8318785772322983e-09
5.92425,1.8380638416123571e-09
5.9245,1.8443125808363583e-09
5.92475,1.8506427557227657e-09
5.925,1.8570671483571626e-09
5.92525,1.8635959781070174e-09
5.9255,1.8702408784479239e-09
5.92575,1.8770103072916844e-09
5.926,1.8839072982168396e-09
5.92625,1.8909331281334375e-09
5.9265,1.8980843666921369e-09
5.92675,1.9053559189647212e-09
5.927,1.9127409378440172e-09
5.92725,1.9202304223006382e-09
5.9275,1.9278113674085816e-09
5.92775,1.935472178080591e-09
5.928,1.9432013309315307e-09
5.92825,1.9509846995058192e-09
5.9285,1.9588066560536067e-09
5.92875,1.9666603912864439e-09
5.929,1.974534026737381e-09
5.92925,1.9824164947313624e-09
5.9295,1.9903030263907327e-09
5.92975,1.9981866438526434e-09
5.93,2.0060663649318764e-09
5.93025,2.0139368053030694e-09
5.9305,2.0217939662794607e-09
5.93075,2.0296440668483531e-09
5.931,2.0374824743923761e-09
5.93125,2.0453134314554884e-09
5.9315,2.0531353311770911e-09
5.93175,2.0609507720896732e-09
5.932,2.0687630118754606e-09
5.93225,2.0765737554341274e-09
5.9325,2.0843832489567271e-09
5.93275,2.0921923952379335e-09
5.933,2.1000015510287288e-09
5.93325,2.1078131558107194e-09
5.9335,2.1156286024146316e-09
5.93375,2.1234499589499293e-09
5.934,2.1312810666898301e-09
5.93425,2.1391211836292817e-09
5.9345,2.1469759201348416e-09
5.93475,2.1548434060852396e-09
5.935,2.1627240953411987e-09
5.93525,2.1706181535338921e-09
5.9355,2.1785229016913049e-09
5.93575,2.1864339650854007e-09
5.936,2.1943472405477645e-09
5.93625,2.2022561349273525e-09
5.9365,2.2101519771806492e-09
5.93675,2.2180301562447373e-09
5.937,2.2258814397990517e-09
5.93725,2.2336953551039889e-09
5.9375,2.241436474224946e-09
5.93775,2.2491470610143414e-09
5.938,2.2567949215449174e-09
5.93825,2.2643730116321267e-09
5.9385,2.2718504587368585e-09
5.93875,2.2792366145239286e-09
5.939,2.2865523477511971e-09
5.93925,2.293768281833803e-09
5.9395,2.3008828992584666e-09
5.93975,2.3078737896137657e-09
5.94,2.3147481665027532e-09
5.94025,2.3215253769170503e-09
5.9405,2.3281886783152204e-09
5.94075,2.3347388815458018e-09
5.941,2.3411604550019102e-09
5.94125,2.3474696170478469e-09
5.9415,2.3536884810519084e-09
5.94175,2.3598039399276e-09
5.942,2.3658207572423102e-09
5.94225,2.3717256442164378e-09
5.9425,2.3775307919703882e-09
5.94275,2.3832626706486672e-09
5.943,2.3889056608046274e-09
5.94325,2.3944633064379995e-09
5.9435,2.3999160608032597e-09
5.94375,2.4052755943459724e-09
5.944,2.4105574930684474e-09
5.94425,2.4157482561185523e-09
5.9445,2.420842988178174e-09
5.94475,2.4258264529936996e-09
5.945,2.430701496516096e-09
5.94525,2.4354826337616033e-09
5.9455,2.4401560840375483e-09
5.94575,2.4447166033582114e-09
5.946,2.4491479893800628e-09
5.94625,2.4534591923524403e-09
5.9465,2.457662671077902e-09
5.94675,2.4617460723419818e-09
5.947,2.4657087571761167e-09
5.94725,2.4695380767229047e-09
5.9475,2.4732461265325158e-09
5.94775,2.4768494258061082e-09
5.948,2.4803372689267995e-09
5.94825,2.4837157082655697e-09
5.9485,2.4869790479584733e-09
5.94875,2.4901389545681561e-09
5.949,2.4932096584500559e-09
5.94925,2.496186161380208e-09
5.9495,2.4990738584315133e-09
5.94975,2.50186615445418e-09
5.95,2.5045729837522962e-09
5.95025,2.5072077742369687e-09
5.9505,2.5097638479859209e-09
5.95075,2.5122419518755342e-09
5.951,2.5146336407656509e-09
5.95125,2.5169532475192294e-09
5.9515,2.5191944756585975e-09
5.95175,2.521357355950995e-09
5.952,2.5234413389751909e-09
5.95225,2.5254452310246372e-09
5.9525,2.5273678670698896e-09
5.95275,2.5292127036199912e-09
5.953,2.5309777079373141e-09
5.95325,2.5326643491741507e-09
5.9535,2.5342754667245132e-09
5.95375,2.5358102805939833e-09
5.954,2.5372708677658032e-09
5.95425,2.5386588964375548e-09
5.9545,2.539976037042794e-09
5.95475,2.5412231062235314e-09
5.955,2.542400458606478e-09
5.95525,2.54350902565021e-09
5.9555,2.5445470910417028e-09
5.95575,2.545514539926023e-09
5.956,2.5464106943751928e-09
5.95625,2.5472335098439303e-09
5.9565,2.5479801571120722e-09
5.95675,2.5486489937879232e-09
5.957,2.5492347301515619e-09
5.95725,2.549736744946408e-09
5.9575,2.550151876799979e-09
5.95775,2.5504772142418436e-09
5.958,2.5507108938322076e-09
5.95825,2.5508520631962273e-09
5.9585,2.5508996906719176e-09
5.95875,2.5508528059365175e-09
5.959,2.5507100367117188e-09
5.95925,2.5504730940268729e-09
5.9595,2.5501431268862111e-09
5.95975,2.5497200951001127e-09
5.96,2.5492030740984087e-09
5.96025,2.54859522919303e-09
5.9605,2.5478951461080275e-09
5.96075,2.5471032944608978e-09
5.961,2.5462224835509675e-09
5.96125,2.5452530188222266e-09
5.9615,2.5441971286732707e-09
5.96175,2.5430577942796286e-09
5.962,2.5418412884206886e-09
5.96225,2.5405535148047783e-09
5.9625,2.5392030082847521e-09
5.96275,2.5377998585762922e-09
5.963,2.5363544447622514e-09
5.96325,2.534879709446258e-09
5.9635,2.5333891006512122e-09
5.96375,2.5318956369097446e-09
5.964,2.5304135699252139e-09
5.96425,2.5289581518853822e-09
5.9645,2.5275416630453503e-09
5.96475,2.5261776430541761e-09
5.965,2.524877876421805e-09
5.96525,2.5236544171412877e-09
5.9655,2.5225169052815006e-09
5.96575,2.5214736958534051e-09
5.966,2.5205312192038484e-09
5.96625,2.519693635886093e-09
5.9665,2.5189663519596253e-09
5.96675,2.5183508658979134e-09
5.967,2.5178481661497256e-09
5.96725,2.5174566420051599e-09
5.9675,2.5171726801497539e-09
5.96775,2.5169918331922998e-09
5.968,2.5169067400692686e-09
5.96825,2.5169094285661567e-09
5.9685,2.5169911379838061e-09
5.96875,2.5171385730165671e-09
5.969,2.5173435531802127e-09
5.96925,2.5175921955994703e-09
5.9695,2.5178736666368662e-09
5.96975,2.5181777504413714e-09
5.97,2.5184918177460423e-09
5.97025,2.5188040464022653e-09
5.9705,2.51910555382573e-09
5.97075,2.5193861086843012e-09
5.971,2.5196365969330227e-09
5.97125,2.5198486918633735e-09
5.9715,2.5200151039438973e-09
5.97175,2.5201278507299457e-09
5.972,2.5201793913271565e-09
5.97225,2.5201632112622554e-09
5.9725,2.5200731922643291e-09
5.97275,2.5199043417343114e-09
5.973,2.5196519149330695e-09
5.97325,2.519313610282104e-09
5.9735,2.5188885839254287e-09
5.97375,2.5183766765618832e-09
5.974,2.5177801414344563e-09
5.97425,2.5171034416011747e-09
5.9745,2.5163518141750633e-09
5.97475,2.5155326826967273e-09
5.975,2.5146553830129228e-09
5.97525,2.513729222635799e-09
5.9755,2.512763435454061e-09
5.97575,2.5117694309713988e-09
5.976,2.510757856085824e-09
5.97625,2.5097356421553201e-09
5.9765,2.5087111860757098e-09
5.97675,2.5076910694168994e-09
5.977,2.5066775975816212e-09
5.97725,2.505672077716952e-09
5.9775,2.5046728059436772e-09
5.97775,2.5036764455756937e-09
5.978,2.5026774683742365e-09
5.97825,2.5016666945984613e-09
5.9785,2.5006356953601972e-09
5.97875,2.4995728669400464e-09
5.979,2.4984695946966695e-09
5.97925,2.49731631024381e-09
5.9795,2.4961038438351959e-09
5.97975,2.4948263303801356e-09
5.98,2.4934780594894496e-09
5.98025,2.4920540964638789e-09
5.9805,2.4905527569036894e-09
5.98075,2.4889738080470271e-09
5.981,2.4873187763522733e-09
5.98125,2.4855909310626431e-09
5.9815,2.4837931260958629e-09
5.98175,2.4819294775525588e-09
5.982,2.4800046086963193e-09
5.98225,2.4780229027551208e-09
5.9825,2.4759879501815277e-09
5.98275,2.473903016129572e-09
5.983,2.4717698660776564e-09
5.98325,2.4695906059023962e-09
5.9835,2.4673640015996838e-09
5.98375,2.4650922670448751e-09
5.984,2.4627716873636509e-09
5.98425,2.4604029028915662e-09
5.9845,2.4579830206624179e-09
5.98475,2.4555108969096973e-09
5.985,2.4529834011712921e-09
5.98525,2.4503980035210034e-09
5.9855,2.4477528152150804e-09
5.98575,2.4450469920782536e-09
5.986,2.4422785559929441e-09
5.98625,2.4394475352940166e-09
5.9865,2.4365521392685054e-09
5.98675,2.4335919773658088e-09
5.987,2.430567061947356e-09
5.98725,2.4274771516351085e-09
5.9875,2.4243219225371255e-09
5.98775,2.4211026833621668e-09
5.988,2.4178181102076611e-09
5.98825,2.4144679130042243e-09
5.9885,2.4110508866525232e-09
5.98875,2.4075667202947477e-09
5.989,2.4040141870010841e-09
5.98925,2.4003928178777722e-09
5.9895,2.3967000130434051e-09
5.98975,2.3929368828051113e-09
5.99,2.3891022640255957e-09
5.99025,2.3851949116944922e-09
5.9905,2.3812156264070702e-09
5.99075,2.3771622406427013e-09
5.991,2.3730340094600611e-09
5.99125,2.3688314218763617e-09
5.9915,2.3645535693608421e-09
5.99175,2.3601975944095497e-09
5.992,2.355763873785096e-09
5.99225,2.3512491427311688e-09
5.9925,2.346649129501778e-09
5.99275,2.3419601157042962e-09
5.993,2.3371775242557066e-09
5.99325,2.3322929385448916e-09
5.9935,2.3273015572894316e-09
5.99375,2.3221963513038217e-09
5.994,2.3169886981165568e-09
5.99425,2.3116348934608925e-09
5.9945,2.3061442477518511e-09
5.99475,2.3005103654755249e-09
5.995,2.2947451931414058e-09
5.99525,2.2888142581105317e-09
5.9955,2.2827291820841975e-09
5.99575,2.2764888838456767e-09
5.996,2.2701175260739555e-09
5.99625,2.2635777188379414e-09
5.9965,2.2568970847690558e-09
5.99675,2.2500801167719449e-09
5.997,2.2431586859799751e-09
5.99725,2.2361025972497847e-09
5.9975,2.228944228473666e-09
5.99775,2.2216959115839992e-09
5.998,2.2143933340424292e-09
5.99825,2.2070130995096775e-09
5.9985,2.1995868139195195e-09
5.99875,2.1921327855889785e-09
5.999,2.184666417928218e-09
5.99925,2.1772246398853499e-09
5.9995,2.1697797236286018e-09
5.99975,2.1623632727978589e-09
6.0,2.154985991575688e-09
6.00025,2.1476810809828866e-09
6.0005,2.1404104478285386e-09
6.00075,2.1331981671274738e-09
6.001,2.1260470040192023e-09
6.00125,2.118957306466153e-09
6.0015,2.1119553245984844e-09
6.00175,2.1049886268937644e-09
6.002,2.0980749351212607e-09
6.00225,2.0912068944882417e-09
6.0025,2.0844059844544256e-09
6.00275,2.0776189602855858e-09
6.003,2.0708623105989943e-09
6.00325,2.0641266475912031e-09
6.0035,2.0574083634323752e-09
6.00375,2.0507234391878221e-09
6.004,2.0440202532747235e-09
6.00425,2.0373168488141642e-09
6.0045,2.0306035516332535e-09
6.00475,2.0238979180883093e-09
6.005,2.0171516366096519e-09
6.00525,2.0103773857957044e-09
6.0055,2.0035685418244337e-09
6.00575,1.9967455856096328e-09
6.006,1.9898592269252887e-09
6.00625,1.9829271384095901e-09
6.0065,1.9759427843596861e-09
6.00675,1.9689268981669256e-09
6.007,1.9618410275909289e-09
6.00725,1.9547052069607603e-09
6.0075,1.9475195335006231e-09
6.00775,1.9403177565840763e-09
6.008,1.9330565093068767e-09
6.00825,1.9257674092353364e-09
6.0085,1.9184535156762923e-09
6.00875,1.9111493346547005e-09
6.009,1.9038172554553212e-09
6.00925,1.8964871867327032e-09
6.0095,1.8891639938819552e-09
6.00975,1.88187693435298e-09
6.01,1.8745881453022573e-09
6.01025,1.8673240184471002e-09
6.0105,1.8600869090986873e-09
6.01075,1.8528996732586578e-09
6.011,1.8457261985671919e-09
6.01125,1.8385847531192906e-09
6.0115,1.8314738916353425e-09
6.01175,1.8244175404116154e-09
6.012,1.8173706394759543e-09
6.01225,1.8103514498015855e-09
6.0125,1.8033557974960525e-09
6.01275,1.7964042480082527e-09
6.013,1.7894493361716042e-09
6.01325,1.7825097637028114e-09
6.0135,1.7755815272094522e-09
6.01375,1.768683776577747e-09
6.014,1.7617755369212754e-09
6.01425,1.7548775099170374e-09
6.0145,1.7479878079286287e-09
6.01475,1.7411331687440458e-09
6.015,1.7342770661669326e-09
6.01525,1.7274455768391636e-09
6.0155,1.7206454536503787e-09
6.01575,1.7138860792342006e-09
6.016,1.7071973502391136e-09
6.01625,1.7005492009726081e-09
6.0165,1.6939679675228676e-09
6.01675,1.6874629528222608e-09
6.017,1.6810610834945108e-09
6.01725,1.6747312207485465e-09
6.0175,1.6684980923619883e-09
6.01775,1.6623663099691191e-09
6.018,1.6563580952187061e-09
6.01825,1.6504416870745139e-09
6.0185,1.6446352687490771e-09
6.01875,1.6389401543281005e-09
6.019,1.6333732590567651e-09
6.01925,1.6279023172743474e-09
6.0195,1.6225417986832763e-09
6.01975,1.617289412335337e-09
6.02,1.6121580429316115e-09
6.02025,1.6071151136796535e-09
6.0205,1.602171611890463e-09
6.02075,1.5973226533713016e-09
6.021,1.5925814853791781e-09
6.02125,1.58791755061026e-09
6.0215,1.5833428088883298e-09
6.02175,1.5788569038545755e-09
6.022,1.5744736359258788e-09
6.02225,1.570170244155707e-09
6.0225,1.5659616221877914e-09
6.02275,1.561850599829227e-09
6.023,1.5578561675572624e-09
6.02325,1.5539585104251128e-09
6.0235,1.5501717382427087e-09
6.02375,1.5464983487529209e-09
6.024,1.5429532431984106e-09
6.02425,1.539515413128604e-09
6.0245,1.5361929693621602e-09
6.02475,1.5329831749197469e-09
6.025,1.5298949825673852e-09
6.02525,1.5269004714284495e-09
6.0255,1.5240026377322993e-09
6.02575,1.5211937191689765e-09
6.026,1.5184777351133046e-09
6.02625,1.5158265145314196e-09
6.0265,1.5132412253972126e-09
6.02675,1.5107146903406661e-09
6.027,1.5082411148030916e-09
6.02725,1.5058257062005337e-09
6.0275,1.5034450683441808e-09
6.02775,1.5011063965363765e-09
6.028,1.4988079678897832e-09
6.02825,1.4965591165400704e-09
6.0285,1.4943458877617905e-09
6.02875,1.4921792127758154e-09
6.029,1.490063562337903e-09
6.02925,1.4880115756289925e-09
6.0295,1.4860158137450261e-09
6.02975,1.484089852028867e-09
6.03,1.4822402025841297e-09
6.03025,1.4804804741457455e-09
6.0305,1.478803687660488e-09
6.03075,1.4772222480235767e-09
6.031,1.4757405627141131e-09
6.03125,1.4743619960260187e-09
6.0315,1.4730933358849588e-09
6.03175,1.4719241407581045e-09
6.032,1.4708562723240361e-09
6.03225,1.4698862248900013e-09
6.0325,1.4690125776449692e-09
6.03275,1.4682168697396611e-09
6.033,1.4674942341517685e-09
6.03325,1.466832967364885e-09
6.0335,1.4662213676005009e-09
6.03375,1.465650282635591e-09
6.034,1.4650988867946644e-09
6.03425,1.4645596062919386e-09
6.0345,1.4640202814796856e-09
6.03475,1.4634749230612731e-09
6.035,1.4629096922155538e-09
6.03525,1.4623233308768645e-09
6.0355,1.4617132537579925e-09
6.03575,1.461079276505493e-09
6.036,1.4604254691266705e-09
6.03625,1.4597545008724603e-09
6.0365,1.4590741794296565e-09
6.03675,1.458393733517374e-09
6.037,1.4577254229030215e-09
6.03725,1.4570793583243889e-09
6.0375,1.4564691996520872e-09
6.03775,1.455907864428567e-09
6.038,1.4554093918805414e-09
6.03825,1.4549865629563445e-09
6.0385,1.4546519013141593e-09
6.03875,1.4544159610634267e-09
6.039,1.4542887530708236e-09
6.03925,1.4542796870704618e-09
6.0395,1.4543945133146438e-09
6.03975,1.4546372345619041e-09
6.04,1.4550104685140914e-09
6.04025,1.4555159716178166e-09
6.0405,1.4561517730413599e-09
6.04075,1.4569153490896263e-09
6.041,1.4578021367359717e-09
6.04125,1.4588071588434319e-09
6.0415,1.459926119003649e-09
6.04175,1.4611523732306069e-09
6.042,1.4624778446554076e-09
6.04225,1.4638973324823618e-09
6.0425,1.4654019169108456e-09
6.04275,1.4669853044408997e-09
6.043,1.468638015320106e-09
6.04325,1.4703504958881958e-09
6.0435,1.472111702779656e-09
6.04375,1.4739110639338552e-09
6.044,1.4757317429134221e-09
6.04425,1.4775615044976776e-09
6.0445,1.4793850466830346e-09
6.04475,1.4811849981039573e-09
6.045,1.4829455786458136e-09
6.04525,1.4846518271714283e-09
6.0455,1.4862888091926332e-09
6.04575,1.4878444228923898e-09
6.046,1.4893051586501513e-09
6.04625,1.4906647503014041e-09
6.0465,1.4919151431304111e-09
6.04675,1.4930520647448209e-09
6.047,1.494071545116968e-09
6.04725,1.4949776864488512e-09
6.0475,1.4957706560911466e-09
6.04775,1.4964565256693063e-09
6.048,1.4970394483083406e-09
6.04825,1.4975340042040122e-09
6.0485,1.4979463040157934e-09
6.04875,1.4982899195382503e-09
6.049,1.4985746216569301e-09
6.04925,1.4988218042055572e-09
6.0495,1.4990435566387598e-09
6.04975,1.4992570656080424e-09
6.05,1.4994745098938237e-09
6.05025,1.4997172962711377e-09
6.0505,1.4999991673099628e-09
6.05075,1.500332405074468e-09
6.051,1.5007279851845887e-09
6.05125,1.5011945983510341e-09
6.0515,1.5017429532101973e-09
6.05175,1.5023741158965565e-09
6.052,1.5030892885007264e-09
6.05225,1.5038841477240531e-09
6.0525,1.5047590768308439e-09
6.05275,1.5057053283074739e-09
6.053,1.5067146592641419e-09
6.05325,1.5077749697173963e-09
6.0535,1.5088815613136097e-09
6.05375,1.5100217182482382e-09
6.054,1.5111849957510928e-09
6.05425,1.5123609909955342e-09
6.0545,1.5135443293081988e-09
6.05475,1.514728871852077e-09
6.055,1.5159087064989608e-09
6.05525,1.5170770113420774e-09
6.0555,1.518238817896433e-09
6.05575,1.519389996412191e-09
6.056,1.5205314437264091e-09
6.05625,1.5216619441259966e-09
6.0565,1.5227902931807677e-09
6.05675,1.5239163570949166e-09
6.057,1.5250435910516106e-09
6.05725,1.5261728272860815e-09
6.0575,1.5273119735005207e-09
6.05775,1.5284705479916919e-09
6.058,1.5296517687574496e-09
6.05825,1.5308554521130869e-09
6.0585,1.5320943956907745e-09
6.05875,1.5333804497990427e-09
6.059,1.534717231574988e-09
6.05925,1.5361058652627883e-09
6.0595,1.5375594195561164e-09
6.05975,1.5390893035231648e-09
6.06,1.5406976817024914e-09
6.06025,1.5423838816260226e-09
6.0605,1.5441605661017724e-09
6.06075,1.5460360062540998e-09
6.061,1.5480097689838478e-09
6.06125,1.5500765736444456e-09
6.0615,1.5522469955562221e-09
6.06175,1.5545297236706495e-09
6.062,1.5569173101806722e-09
6.06225,1.5594031341224638e-09
6.0625,1.562001615297563e-09
6.06275,1.564703637497057e-09
6.063,1.567508035743116e-09
6.06325,1.5704031084750717e-09
6.0635,1.5734001701859751e-09
6.06375,1.5764869922605409e-09
6.064,1.5796578313517752e-09
6.06425,1.5828971009764469e-09
6.0645,1.5862169762063412e-09
6.06475,1.5896024510075775e-09
6.065,1.593049142710959e-09
6.06525,1.5965419787932263e-09
6.0655,1.6000844593487704e-09
6.06575,1.6036829111456591e-09
6.066,1.6073310836209516e-09
6.06625,1.6110201649483607e-09
6.0665,1.6147600457123708e-09
6.06675,1.6185596288352208e-09
6.067,1.6224158408376704e-09
6.06725,1.6263206646480452e-09
6.0675,1.6302886905692958e-09
6.06775,1.6343343785905826e-09
6.068,1.6384543121913766e-09
6.06825,1.6426376399082506e-09
6.0685,1.6469137850477944e-09
6.06875,1.6512752231941732e-09
6.069,1.655711088173435e-09
6.06925,1.6602505643562292e-09
6.0695,1.6648853427767644e-09
6.06975,1.6696164457860078e-09
6.07,1.6744333619647379e-09
6.07025,1.6793448808847676e-09
6.0705,1.6843686336330452e-09
6.07075,1.6894908283544366e-09
6.071,1.6946946499657838e-09
6.07125,1.6999945253351604e-09
6.0715,1.7053987202147551e-09
6.07175,1.710893867550209e-09
6.072,1.716458905836678e-09
6.07225,1.722110242320192e-09
6.0725,1.7278544725422977e-09
6.07275,1.7336762801737178e-09
6.073,1.7395600535496572e-09
6.07325,1.7455194470944398e-09
6.0735,1.7515626217918566e-09
6.07375,1.7576819694310312e-09
6.074,1.7638561000493125e-09
6.07425,1.7701081457582658e-09
6.0745,1.7764530097561802e-09
6.07475,1.7828809239657772e-09
6.075,1.7893775088037225e-09
6.07525,1.7959653350575651e-09
6.0755,1.8026603237885493e-09
6.07575,1.8094558359771297e-09
6.076,1.8163326315320779e-09
6.07625,1.8233134251753218e-09
6.0765,1.8304178190378249e-09
6.07675,1.8376274792653171e-09
6.077,1.8449222209561098e-09
6.07725,1.8523195869025117e-09
6.0775,1.8598285967845138e-09
6.07775,1.8674282161946197e-09
6.078,1.8750918344949855e-09
6.07825,1.882831984723432e-09
6.0785,1.8906503501474681e-09
6.07875,1.8985295224836549e-09
6.079,1.9064407039366201e-09
6.07925,1.9143970040598072e-09
6.0795,1.9224016029571372e-09
6.07975,1.9304340555246367e-09
6.08,1.938472904090564e-09
6.08025,1.9465337192945278e-09
6.0805,1.9546245245862064e-09
6.08075,1.9627324259462237e-09
6.081,1.9708311935565181e-09
6.08125,1.9789384283334172e-09
6.0815,1.98706104534366e-09
6.08175,1.9951873808361178e-09
6.082,2.0032899980028034e-09
6.08225,2.0113859714422631e-09
6.0825,2.0194795738241264e-09
6.08275,2.0275554453492066e-09
6.083,2.0355862793443956e-09
6.08325,2.0435874165517906e-09
6.0835,2.0515615231207742e-09
6.08375,2.0594895831896751e-09
6.084,2.0673465799217975e-09
6.08425,2.0751425014325799e-09
6.0845,2.0828793615476812e-09
6.08475,2.0905405948606448e-09
6.085,2.0980951360284923e-09
6.08525,2.1055571200561861e-09
6.0855,2.1129291227486524e-09
6.08575,2.1201879339982941e-09
6.086,2.1273075480386251e-09
6.08625,2.1342978525363902e-09
6.0865,2.1411660204659244e-09
6.08675,2.1478964604483128e-09
6.087,2.1544689229740035e-09
6.08725,2.1609002422209296e-09
6.0875,2.1672119666181596e-09
6.08775,2.1733948356585948e-09
6.088,2.179438055440569e-09
6.08825,2.1853768634472986e-09
6.0885,2.1912391543088257e-09
6.08875,2.1970252236732816e-09
6.089,2.202730671613715e-09
6.08925,2.2083943716056236e-09
6.0895,2.2140472650740231e-09
6.08975,2.2196872621433147e-09
6.09,2.2253064051731869e-09
6.09025,2.2309348365007046e-09
6.0905,2.2365963801251751e-09
6.09075,2.2422797221296565e-09
6.091,2.2479661255589872e-09
6.09125,2.2536740510252504e-09
6.0915,2.2594158076471114e-09
6.09175,2.2651721550525633e-09
6.092,2.2709200662566106e-09
6.09225,2.2766706529583043e-09
6.0925,2.2824299380194377e-09
6.09275,2.2881831048216379e-09
6.093,2.2939001576718935e-09
6.09325,2.299616004281945e-09
6.0935,2.3053084245920462e-09
6.09375,2.3109599872460149e-09
6.094,2.3165984322825758e-09
6.09425,2.3222095824530725e-09
6.0945,2.3277968619556682e-09
6.09475,2.3333438751059119e-09
6.095,2.3388616683545199e-09
6.09525,2.3443682863184824e-09
6.0955,2.3498520052936634e-09
6.09575,2.3552911749526083e-09
6.096,2.3607163760943564e-09
6.09625,2.3661040339049554e-09
6.0965,2.371447008989363e-09
6.09675,2.3767218690523322e-09
6.097,2.3819379631496268e-09
6.09725,2.3870726130556721e-09
6.0975,2.392112305628487e-09
6.09775,2.3970312924390364e-09
6.098,2.4018184158239285e-09
6.09825,2.4064739208076426e-09
6.0985,2.4109774356615598e-09
6.09875,2.4153082421006492e-09
6.099,2.4194717624143166e-09
6.09925,2.4234687816390158e-09
6.0995,2.4272937617559192e-09
6.09975,2.4309327664483918e-09
6.1,2.4344166523574765e-09
6.10025,2.4377433327480396e-09
6.1005,2.4409220288292785e-09
6.10075,2.4439510754336783e-09
6.101,2.446864663819454e-09
6.10125,2.4496658332557921e-09
6.1015,2.4523686853598266e-09
6.10175,2.4549744035605865e-09
6.102,2.4575125518988515e-09
6.10225,2.4599829712073357e-09
6.1025,2.4623936082393088e-09
6.10275,2.4647422736906775e-09
6.103,2.4670511546185005e-09
6.10325,2.4693158955643158e-09
6.1035,2.47153878113887e-09
6.10375,2.4737144437261981e-09
6.104,2.4758601717393316e-09
6.10425,2.4779699257038954e-09
6.1045,2.4800455321026605e-09
6.10475,2.4820820814158027e-09
6.105,2.484094457084103e-09
6.10525,2.4860789894374667e-09
6.1055,2.4880371187237799e-09
6.10575,2.4899627443654103e-09
6.106,2.4918670811654166e-09
6.10625,2.4937453410672416e-09
6.1065,2.4955929701278394e-09
6.10675,2.4974033574322177e-09
6.107,2.4991817536116755e-09
6.10725,2.500918316243497e-09
6.1075,2.5026074693388594e-09
6.10775,2.5042407063133558e-09
6.108,2.5058196687944499e-09
6.10825,2.5073363566101089e-09
6.1085,2.5087878914134646e-09
6.10875,2.5101696885936435e-09
6.109,2.5114764440982436e-09
6.10925,2.5127171107311281e-09
6.1095,2.5138901052605526e-09
6.10975,2.5149979039650388e-09
6.11,2.5160412114454036e-09
6.11025,2.5170310177492311e-09
6.1105,2.5179696340971045e-09
6.11075,2.5188630806494015e-09
6.111,2.519716358872133e-09
6.11125,2.5205310316614063e-09
6.1115,2.52131756693443e-09
6.11175,2.5220755641153874e-09
6.112,2.5228082570623545e-09
6.11225,2.5235182214058538e-09
6.1125,2.5242065829551838e-09
6.11275,2.524875011724167e-09
6.113,2.5255238962724042e-09
6.11325,2.5261543478065095e-09
6.1135,2.5267673488328609e-09
6.11375,2.5273640446249861e-09
6.114,2.5279447432188781e-09
6.11425,2.5285090378656021e-09
6.1145,2.5290554569141862e-09
6.11475,2.5295828215588723e-09
6.115,2.5300888254692458e-09
6.11525,2.5305700103259006e-09
6.1155,2.5310233213012305e-09
6.11575,2.5314453411945186e-09
6.116,2.5318320303990663e-09
6.11625,2.5321804076842146e-09
6.1165,2.5324867471122575e-09
6.11675,2.5327490632752737e-09
6.117,2.5329653513689632e-09
6.11725,2.533134110856528e-09
6.1175,2.5332537558844736e-09
6.11775,2.5333227051170986e-09
6.118,2.5333391214359844e-09
6.11825,2.5332999123166191e-09
6.1185,2.533201261897691e-09
6.11875,2.5330383087497975e-09
6.119,2.532804455925481e-09
6.11925,2.5324926965122598e-09
6.1195,2.5320951695037472e-09
6.11975,2.5316039894023972e-09
6.12,2.5310109965960089e-09
6.12025,2.530307707932671e-09
6.1205,2.5294885951918639e-09
6.12075,2.5285479332033483e-09
6.121,2.5274825655603716e-09
6.12125,2.5262906572748043e-09
6.1215,2.5249734064109584e-09
6.12175,2.523533778950186e-09
6.122,2.521978294304028e-09
6.12225,2.5203154235143452e-09
6.1225,2.5185565596718277e-09
6.12275,2.5167127404612722e-09
6.123,2.514800101652963e-09
6.12325,2.5128337834758508e-09
6.1235,2.51083183639445e-09
6.12375,2.5088108530440772e-09
6.124,2.5067874557037385e-09
6.12425,2.5047790800114219e-09
6.1245,2.5028013810953571e-09
6.12475,2.500867035412297e-09
6.125,2.4989872277476039e-09
6.12525,2.4971707086096455e-09
6.1255,2.4954225789030389e-09
6.12575,2.4937468411314478e-09
6.126,2.4921429763892314e-09
6.12625,2.4906093725359027e-09
6.1265,2.4891418716091229e-09
6.12675,2.487735358423196e-09
6.127,2.486384194935164e-09
6.12725,2.4850830215034025e-09
6.1275,2.483825688981024e-09
6.12775,2.4826075053023026e-09
6.128,2.4814240036302847e-09
6.12825,2.4802724217758039e-09
6.1285,2.4791507613225089e-09
6.12875,2.4780574017342197e-09
6.129,2.4769912447600041e-09
6.12925,2.4759512703190394e-09
6.1295,2.4749360265858547e-09
6.12975,2.4739437614985415e-09
6.13,2.4729707038451629e-09
6.13025,2.4720123919749993e-09
6.1305,2.4710637314336461e-09
6.13075,2.4701173524390253e-09
6.131,2.4691655013896468e-09
6.13125,2.4681990737703476e-09
6.1315,2.4672082559270436e-09
6.13175,2.4661834956260378e-09
6.132,2.4651151688023397e-09
6.13225,2.4639949746114115e-09
6.1325,2.46281540294172e-09
6.13275,2.4615708321107374e-09
6.133,2.4602569567377503e-09
6.13325,2.4588703953284147e-09
6.1335,2.4574119414819599e-09
6.13375,2.4558826737518143e-09
6.134,2.4542849511391959e-09
6.13425,2.4526239814262042e-09
6.1345,2.4509032438225727e-09
6.13475,2.4491292584425411e-09
6.135,2.4473070209850326e-09
6.13525,2.4454416224272453e-09
6.1355,2.4435369833730376e-09
6.13575,2.4415963151067673e-09
6.136,2.4396204478409308e-09
6.13625,2.4376083799040082e-09
6.1365,2.4355571240101243e-09
6.13675,2.4334625525068544e-09
6.137,2.4313180911302672e-09
6.13725,2.4291149137647933e-09
6.1375,2.4268444551404449e-09
6.13775,2.4244955860522103e-09
6.138,2.422058469670583e-09
6.13825,2.4195230557464862e-09
6.1385,2.4168806576276519e-09
6.13875,2.4141233141502162e-09
6.139,2.4112461195688764e-09
6.13925,2.408244729229945e-09
6.1395,2.4051187520412068e-09
6.13975,2.4018685870219714e-09
6.14,2.3984984066449386e-09
6.14025,2.3950124482995387e-09
6.1405,2.3914179174300589e-09
6.14075,2.3877230211021945e-09
6.141,2.3839365264262629e-09
6.14125,2.3800689306173568e-09
6.1415,2.3761301575415671e-09
6.14175,2.372130336653803e-09
6.142,2.3680803755173937e-09
6.14225,2.3639887405118407e-09
6.1425,2.359865612088582e-09
6.14275,2.3557193289394237e-09
6.143,2.3515556075577056e-09
6.14325,2.3473786791513294e-09
6.1435,2.3431954228468056e-09
6.14375,2.3390052734787974e-09
6.144,2.334808609227563e-09
6.14425,2.3306041756419338e-09
6.1445,2.326385214736709e-09
6.14475,2.3221479800121389e-09
6.145,2.3178824677492042e-09
6.14525,2.3135809214968199e-09
6.1455,2.3092333751456207e-09
6.14575,2.3048290551362501e-09
6.146,2.3003576258327113e-09
6.14625,2.2958118377032868e-09
6.1465,2.2911829014362809e-09
6.14675,2.2864655662872517e-09
6.147,2.2816539856147662e-09
6.14725,2.2767442892420772e-09
6.1475,2.2717351876764022e-09
6.14775,2.2666257935732037e-09
6.148,2.2614170645326052e-09
6.14825,2.2561105168673312e-09
6.1485,2.2507102763148429e-09
6.14875,2.2452215211412776e-09
6.149,2.2396473553012767e-09
6.14925,2.2339921150809902e-09
6.1495,2.2282605047337835e-09
6.14975,2.2224571541518339e-09
6.15,2.2165858474803433e-09
6.15025,2.2106498178774145e-09
6.1505,2.2046535414831078e-09
6.15075,2.1985986027969092e-09
6.151,2.1924892335849989e-09
6.15125,2.1863271161916624e-09
6.1515,2.1801105499701661e-09
6.15175,2.1738445449151006e-09
6.152,2.1675265858131308e-09
6.15225,2.1611563212659926e-09
6.1525,2.1547341594371032e-09
6.15275,2.1482592523068363e-09
6.153,2.1417300818489775e-09
6.15325,2.1351442347688019e-09
6.1535,2.128502141445407e-09
6.15375,2.1218028315461563e-09
6.154,2.1150475052300021e-09
6.15425,2.1082382643943485e-09
6.1545,2.1013759126700263e-09
6.15475,2.0944659931555884e-09
6.155,2.087513069018184e-09
6.15525,2.0805202818264898e-09
6.1555,2.0734921832210225e-09
6.15575,2.0664373429410422e-09
6.156,2.0593578305466881e-09
6.15625,2.0522557284964763e-09
6.1565,2.0451374917330762e-09
6.15675,2.0380061589170125e-09
6.157,2.0308629561368731e-09
6.15725,2.0237018267877781e-09
6.1575,2.0165233212586602e-09
6.15775,2.0093230568414971e-09
6.158,2.0020928387104443e-09
6.15825,1.9948245769942156e-09
6.1585,1.9875088178043281e-09
6.15875,1.9801380908552995e-09
6.159,1.9727011287456971e-09
6.15925,1.965190475046675e-09
6.1595,1.9575960122505956e-09
6.15975,1.9499115181868868e-09
6.16,1.9421352814163679e-09
6.16025,1.9342676269835864e-09
6.1605,1.9263110030211457e-09
6.16075,1.918270558758817e-09
6.161,1.910154471556382e-09
6.16125,1.9019729267554633e-09
6.1615,1.8937404021548748e-09
6.16175,1.8854721170806902e-09
6.162,1.8771837487311354e-09
6.16225,1.8688970114422135e-09
6.1625,1.8606293861221533e-09
6.16275,1.8523994451878331e-09
6.163,1.8442265790690527e-09
6.16325,1.8361329286047175e-09
6.1635,1.828131224825341e-09
6.16375,1.8202383272206644e-09
6.164,1.8124677735079438e-09
6.16425,1.8048274143224008e-09
6.1645,1.7973263354606312e-09
6.16475,1.789970223070611e-09
6.165,1.7827610314444555e-09
6.16525,1.7757031819153821e-09
6.1655,1.768793738443724e-09
6.16575,1.7620331465784383e-09
6.166,1.755419926011144e-09
6.16625,1.7489514371201745e-09
6.1665,1.7426262904038157e-09
6.16675,1.736441377309361e-09
6.167,1.7303959989263635e-09
6.16725,1.7244884217531635e-09
6.1675,1.7187170358390814e-09
6.16775,1.7130809642922021e-09
6.168,1.707577244022823e-09
6.16825,1.7022039256992753e-09
6.1685,1.6969571318162183e-09
6.16875,1.6918304902301207e-09
6.169,1.6868160490127853e-09
6.16925,1.6819051113409685e-09
6.1695,1.677088746058661e-09
6.16975,1.6723549471264325e-09
6.17,1.6676923005208516e-09
6.17025,1.6630879229034787e-09
6.1705,1.6585293758613542e-09
6.17075,1.6540026119774382e-09
6.171,1.6494941591638837e-09
6.17125,1.6449934357438759e-09
6.1715,1.6404874619845507e-09
6.17175,1.6359662610593311e-09
6.172,1.63142065806437e-09
6.17225,1.6268441476109223e-09
6.1725,1.6222300108989583e-09
6.17275,1.6175758998131739e-09
6.173,1.6128822035756183e-09
6.17325,1.6081488801897292e-09
6.1735,1.603381070318921e-09
6.17375,1.5985880656811714e-09
6.174,1.5937796806143494e-09
6.17425,1.5889715090849724e-09
6.1745,1.5841780420292061e-09
6.17475,1.5794176014956672e-09
6.175,1.5747085384597582e-09
6.17525,1.5700713652256556e-09
6.1755,1.5655245234509149e-09
6.17575,1.5610875010791833e-09
6.176,1.5567752023048724e-09
6.17625,1.5526016718314924e-09
6.1765,1.5485791905996939e-09
6.17675,1.5447146416197157e-09
6.177,1.5410118020350901e-09
6.17725,1.5374733323468285e-09
6.1775,1.5340968740954893e-09
6.17775,1.5308785579058672e-09
6.178,1.5278093667347842e-09
6.17825,1.5248813940659546e-09
6.1785,1.5220829528297409e-09
6.17875,1.5194023908226361e-09
6.179,1.5168275228276257e-09
6.17925,1.5143469688511882e-09
6.1795,1.5119487085241406e-09
6.17975,1.5096229558159692e-09
6.18,1.5073611758634393e-09
6.18025,1.5051547406891832e-09
6.1805,1.5029978308911524e-09
6.18075,1.5008865776814663e-09
6.181,1.4988165473375187e-09
6.18125,1.4967854107297354e-09
6.1815,1.494792824815624e-09
6.18175,1.4928390599253357e-09
6.182,1.4909258628609347e-09
6.18225,1.4890552880116023e-09
6.1825,1.4872293093951379e-09
6.18275,1.4854517089050381e-09
6.183,1.4837247962180448e-09
6.18325,1.482051718713989e-09
6.1835,1.4804359234552545e-09
6.18375,1.4788807304367637e-09
6.184,1.4773873106782015e-09
6.18425,1.4759580808902487e-09
6.1845,1.4745931342210444e-09
6.18475,1.4732929508617875e-09
6.185,1.4720565978549037e-09
6.18525,1.4708843384140786e-09
6.1855,1.4697761182058324e-09
6.18575,1.4687294919050118e-09
6.186,1.4677441933096197e-09
6.18625,1.4668197065134756e-09
6.1865,1.4659574373995523e-09
6.18675,1.4651574120580961e-09
6.187,1.4644197600278871e-09
6.18725,1.463746008819384e-09
6.1875,1.4631376847025e-09
6.18775,1.4625954368574458e-09
6.188,1.4621185796911754e-09
6.18825,1.4617073828414496e-09
6.1885,1.4613588259866177e-09
6.18875,1.4610720415459917e-09
6.189,1.4608427166023918e-09
6.18925,1.4606662653862564e-09
6.1895,1.4605378813174562e-09
6.18975,1.4604507140782576e-09
6.19,1.4603989228744665e-09
6.19025,1.4603757299793911e-09
6.1905,1.4603747465465055e-09
6.19075,1.460390617840596e-09
6.191,1.4604155559468242e-09
6.19125,1.4604447938668857e-09
6.1915,1.4604731830101675e-09
6.19175,1.4604967324812988e-09
6.192,1.4605115456542373e-09
6.19225,1.4605155143559396e-09
6.1925,1.4605062145896383e-09
6.19275,1.4604842336799073e-09
6.193,1.4604490504132379e-09
6.19325,1.4604037119150652e-09
6.1935,1.4603515079307007e-09
6.19375,1.4602940997687569e-09
6.194,1.4602371113211113e-09
6.19425,1.4601855381317606e-09
6.1945,1.46014363651791e-09
6.19475,1.4601141445526487e-09
6.195,1.4601027775411975e-09
6.19525,1.4601095549346867e-09
6.1955,1.4601371347870507e-09
6.19575,1.4601874614151873e-09
6.196,1.4602589356651165e-09
6.19625,1.4603514389803763e-09
6.1965,1.4604618894359316e-09
6.19675,1.460587306084351e-09
6.197,1.4607256701717071e-09
6.19725,1.4608751732192257e-09
6.1975,1.4610326788488998e-09
6.19775,1.4611984538019711e-09
6.198,1.4613718492579587e-09
6.19825,1.4615530906185633e-09
6.1985,1.4617429910033366e-09
6.19875,1.4619451524021019e-09
6.199,1.4621633948727037e-09
6.19925,1.4624028211455262e-09
6.1995,1.4626688153163996e-09
6.19975,1.4629681093402511e-09
6.2,1.4633070661766798e-09
6.20025,1.4636931026311322e-09
6.2005,1.4641346994149375e-09
6.20075,1.4646397841571019e-09
6.201,1.4652145767631592e-09
6.20125,1.465866808612125e-09
6.2015,1.4666022507495635e-09
6.20175,1.4674267425707861e-09
6.202,1.4683454329936455e-09
6.20225,1.4693595196152854e-09
6.2025,1.4704723723254084e-09
6.20275,1.471684194725277e-09
6.203,1.4729936355837224e-09
6.20325,1.4743994019893681e-09
6.2035,1.4759004664305577e-09
6.20375,1.4774927415385711e-09
6.204,1.4791724919874471e-09
6.20425,1.4809356520639421e-09
6.2045,1.482776970415777e-09
6.20475,1.4846927552354765e-09
6.205,1.4866780612118631e-09
6.20525,1.4887276391648457e-09
6.2055,1.4908379936522298e-09
6.20575,1.4930028379405564e-09
6.206,1.4952164952747234e-09
6.20625,1.4974747317105768e-09
6.2065,1.4997728440924537e-09
6.20675,1.5021055196509651e-09
6.207,1.5044690579588725e-09
6.20725,1.5068560983715487e-09
6.2075,1.5092606185993378e-09
6.20775,1.511681135897762e-09
6.208,1.514113079261453e-09
6.20825,1.5165522258806345e-09
6.2085,1.518994640264176e-09
6.20875,1.5214379723192545e-09
6.209,1.5238797121808208e-09
6.20925,1.5263186413724892e-09
6.2095,1.5287510435277642e-09
6.20975,1.5311767843567419e-09
6.21,1.5335938690657127e-09
6.21025,1.5359998854239293e-09
6.2105,1.5383940905739342e-09
6.21075,1.5407787881290683e-09
6.211,1.5431514905783672e-09
6.21125,1.5455156807724105e-09
6.2115,1.5478724074978332e-09
6.21175,1.5502246506058751e-09
6.212,1.5525763460791911e-09
6.21225,1.5549314225479043e-09
6.2125,1.5572930588538775e-09
6.21275,1.5596675102481036e-09
6.213,1.5620587502848519e-09
6.21325,1.5644707205579147e-09
6.2135,1.5669082781484173e-09
6.21375,1.5693758567258541e-09
6.214,1.5718781852892727e-09
6.21425,1.5744183021987928e-09
6.2145,1.5769968313720467e-09
6.21475,1.5796203328448073e-09
6.215,1.5822894788172503e-09
6.21525,1.5850083157382783e-09
6.2155,1.5877807617548047e-09
6.21575,1.5906113346745851e-09
6.216,1.5935043442068952e-09
6.21625,1.5964665985632151e-09
6.2165,1.5995045576212607e-09
6.21675,1.6026264336074297e-09
6.217,1.605836329970716e-09
6.21725,1.6091404699735152e-09
6.2175,1.6125462504868701e-09
6.21775,1.6160578423257413e-09
6.218,1.6196782110038197e-09
6.21825,1.6234132044304001e-09
6.2185,1.6272640935477506e-09
6.21875,1.6312290996377951e-09
6.219,1.6353111327627535e-09
6.21925,1.6395104383615495e-09
6.2195,1.6438232920651743e-09
6.21975,1.6482481972302488e-09
6.22,1.6527807580823288e-09
6.22025,1.6574182195746672e-09
6.2205,1.6621552596678377e-09
6.22075,1.6669878611369492e-09
6.221,1.6719101856154759e-09
6.22125,1.6769124439079001e-09
6.2215,1.6819923954458445e-09
6.22175,1.6871403328760094e-09
6.222,1.6923505633126092e-09
6.22225,1.6976193371686666e-09
6.2225,1.7029364088817933e-09
6.22275,1.7083003361553438e-09
6.223,1.7137039197989454e-09
6.22325,1.7191425646923528e-09
6.2235,1.7246149942557421e-09
6.22375,1.730119105295185e-09
6.224,1.7356528503421734e-09
6.22425,1.7412152496087779e-09
6.2245,1.7468067378760577e-09
6.22475,1.7524271861817306e-09
6.225,1.7580796132146248e-09
6.22525,1.7637650760005904e-09
6.2255,1.7694882301973484e-09
6.22575,1.7752492195927036e-09
6.226,1.7810504663676729e-09
6.22625,1.7868900684945341e-09
6.2265,1.7927694960581374e-09
6.22675,1.7986875851384719e-09
6.227,1.8046430176549257e-09
6.22725,1.8106306788001525e-09
6.2275,1.8166480373460023e-09
6.22775,1.8226920124062131e-09
6.228,1.8287584950572465e-09
6.22825,1.8348422539492522e-09
6.2285,1.8409395736275462e-09
6.22875,1.8470514527787458e-09
6.229,1.8531760569289768e-09
6.22925,1.8593143712902279e-09
6.2295,1.8654666625516902e-09
6.22975,1.8716377086115967e-09
6.23,1.8778279957076333e-09
6.23025,1.8840451702470149e-09
6.2305,1.8902947351752339e-09
6.23075,1.8965823465098028e-09
6.231,1.9029114553728297e-09
6.23125,1.9092889979435498e-09
6.2315,1.9157201794122047e-09
6.23175,1.9222083804136089e-09
6.232,1.928757117371231e-09
6.23225,1.935370337736323e-09
6.2325,1.9420429921014957e-09
6.23275,1.9487779465890675e-09
6.233,1.9555744567524733e-09
6.23325,1.9624282080581285e-09
6.2335,1.9693361282737626e-09
6.23375,1.976293233016028e-09
6.234,1.9832989369015839e-09
6.23425,1.9903503165104787e-09
6.2345,1.9974450726562442e-09
6.23475,2.004582583129635e-09
6.235,2.0117637382574665e-09
6.23525,2.0189857250401751e-09
6.2355,2.026251231357685e-09
6.23575,2.0335596192214524e-09
6.236,2.0409118809767645e-09
6.23625,2.048310846629087e-09
6.2365,2.05575537222587e-09
6.23675,2.0632435471408269e-09
6.237,2.0707721658205548e-09
6.23725,2.0783396410604461e-09
6.2375,2.0859433719330767e-09
6.23775,2.0935789186836693e-09
6.238,2.1012408684990771e-09
6.23825,2.1089235931455783e-09
6.2385,2.1166225008456673e-09
6.23875,2.124327607434691e-09
6.239,2.1320298602592094e-09
6.23925,2.1397247950351714e-09
6.2395,2.1474024506825723e-09
6.23975,2.155057554336519e-09
6.24,2.1626791865800302e-09
6.24025,2.1702636598255651e-09
6.2405,2.177800614949817e-09
6.24075,2.1852855447069038e-09
6.241,2.1927136734297079e-09
6.24125,2.2000824652488575e-09
6.2415,2.2073849890380659e-09
6.24175,2.2146218088445957e-09
6.242,2.2217892756015925e-09
6.24225,2.2288886931721557e-09
6.2425,2.2359170048701062e-09
6.24275,2.2428746623250308e-09
6.243,2.2497621966867741e-09
6.24325,2.2565798107353332e-09
6.2435,2.2633246104081355e-09
6.24375,2.2699957495808425e-09
6.244,2.2765916144275403e-09
6.24425,2.283110991613992e-09
6.2445,2.2895490355690367e-09
6.24475,2.2959028450671444e-09
6.245,2.3021675946204294e-09
6.24525,2.3083358298316139e-09
6.2455,2.3144042680381621e-09
6.24575,2.3203630983192908e-09
6.246,2.32620577665356e-09
6.24625,2.3319252373829123e-09
6.2465,2.3375138843392795e-09
6.24675,2.3429679032524394e-09
6.247,2.3482809902384788e-09
6.24725,2.3534493211704273e-09
6.2475,2.3584711837783707e-09
6.24775,2.3633481599988347e-09
6.248,2.3680819134380666e-09
6.24825,2.3726772725337603e-09
6.2485,2.3771387096224117e-09
6.24875,2.381475409213826e-09
6.249,2.3856952949933552e-09
6.24925,2.3898079634168507e-09
6.2495,2.3938224504414136e-09
6.24975,2.3977474540769953e-09
6.25,2.4015910492139382e-09
6.25025,2.4053606551816466e-09
6.2505,2.4090615883082463e-09
6.25075,2.4127001341521622e-09
6.251,2.4162795732342913e-09
6.25125,2.4198029383245255e-09
6.2515,2.4232738729415549e-09
6.25175,2.4266935465910083e-09
6.252,2.4300618006731686e-09
6.25225,2.4333802224985035e-09
6.2525,2.4366491869957902e-09
6.25275,2.4398682168516825e-09
6.253,2.44303668437612e-09
6.25325,2.4461559364215462e-09
6.2535,2.4492239845029197e-09
6.25375,2.4522401303594151e-09
6.254,2.4552050745896538e-09
6.25425,2.4581160295517522e-09
6.2545,2.4609729539867807e-09
6.25475,2.4637746298441065e-09
6.255,2.4665208957240025e-09
6.25525,2.4692118654514875e-09
6.2555,2.4718483101085145e-09
6.25575,2.4744300957674716e-09
6.256,2.4769602671329877e-09
6.25625,2.4794399723988179e-09
6.2565,2.4818724681156965e-09
6.25675,2.4842589700027541e-09
6.257,2.4866010256615182e-09
6.25725,2.4889015183184945e-09
6.2575,2.4911607733884538e-09
6.25775,2.4933797196755288e-09
6.258,2.495558044078653e-09
6.25825,2.4976942597274748e-09
6.2585,2.4997863769215635e-09
6.25875,2.5018314872274321e-09
6.259,2.5038264228920908e-09
6.25925,2.5057666744938795e-09
6.2595,2.5076480902142221e-09
6.25975,2.5094658789094875e-09
6.26,2.5112163207154216e-09
6.26025,2.5128949760608409e-09
6.2605,2.5144978947322981e-09
6.26075,2.5160211746923009e-09
6.261,2.5174615063867101e-09
6.26125,2.5188161877361253e-09
6.2615,2.5200814665313207e-09
6.26175,2.5212546069678287e-09
6.262,2.5223331851724249e-09
6.26225,2.5233143948176669e-09
6.2625,2.5241962205674965e-09
6.26275,2.5249767937464868e-09
6.263,2.5256545532334636e-09
6.26325,2.5262289349710803e-09
6.2635,2.5267001868971494e-09
6.26375,2.527069139044273e-09
6.264,2.5273369732557941e-09
6.26425,2.5275062351352957e-09
6.2645,2.527579901185586e-09
6.26475,2.5275615269021498e-09
6.265,2.5274553847254032e-09
6.26525,2.5272658834132441e-09
6.2655,2.5269977463969586e-09
6.26575,2.5266560544740161e-09
6.266,2.5262461762903894e-09
6.26625,2.525773988517279e-09
6.2665,2.5252451915162469e-09
6.26675,2.5246666476802012e-09
6.267,2.5240456888662776e-09
6.26725,2.5233905429880823e-09
6.2675,2.5227100271521906e-09
6.26775,2.5220129232380505e-09
6.268,2.5213088497697753e-09
6.26825,2.520607195693e-09
6.2685,2.5199170016488369e-09
6.26875,2.5192462774994118e-09
6.269,2.5186020935881341e-09
6.26925,2.5179894293818149e-09
6.2695,2.517411668210557e-09
6.26975,2.516869791494688e-09
6.27,2.5163632035520157e-09
6.27025,2.515889015691843e-09
6.2705,2.5154430198417562e-09
6.27075,2.5150197610930721e-09
6.271,2.514612566412786e-09
6.27125,2.5142148398450701e-09
6.2715,2.5138190065718271e-09
6.27175,2.5134184892330351e-09
6.272,2.5130063703287583e-09
6.27225,2.5125769089727762e-09
6.2725,2.5121251685981492e-09
6.27275,2.5116461339745202e-09
6.273,2.5111366731400677e-09
6.27325,2.5105940349354121e-09
6.2735,2.5100162002820264e-09
6.27375,2.5094024630213949e-09
6.274,2.5087523104758718e-09
6.27425,2.5080661760234367e-09
6.2745,2.5073451688443057e-09
6.27475,2.5065915120240423e-09
6.275,2.5058074566009861e-09
6.27525,2.5049967818607073e-09
6.2755,2.5041631593916403e-09
6.27575,2.5033100937016671e-09
6.276,2.5024414111541181e-09
6.27625,2.5015601816058543e-09
6.2765,2.50067007135863e-09
6.27675,2.4997736723426387e-09
6.277,2.4988727685123713e-09
6.27725,2.4979683889596192e-09
6.2775,2.4970613869011943e-09
6.27775,2.49615084460281e-09
6.278,2.4952356251085406e-09
6.27825,2.4943145757457294e-09
6.2785,2.4933851272431069e-09
6.27875,2.4924456847597782e-09
6.279,2.4914934426066894e-09
6.27925,2.4905258402131332e-09
6.2795,2.4895413823826731e-09
6.27975,2.4885388466128635e-09
6.28,2.48751576519042e-09
6.28025,2.48647233538251e-09
6.2805,2.4854079891221272e-09
6.28075,2.4843223014181543e-09
6.281,2.483213938278001e-09
6.28125,2.4820830033134489e-09
6.2815,2.4809274258344967e-09
6.28175,2.4797444613559244e-09
6.282,2.4785319342893652e-09
6.28225,2.477285230501244e-09
6.2825,2.4759985362959806e-09
6.28275,2.4746654468162591e-09
6.283,2.4732782860542414e-09
6.28325,2.4718283226958785e-09
6.2835,2.4703069275220859e-09
6.28375,2.4687047339126273e-09
6.284,2.4670124167180213e-09
6.28425,2.465221433835097e-09
6.2845,2.4633242190157964e-09
6.28475,2.4613155692452356e-09
6.285,2.4591889943747075e-09
6.28525,2.4569404211097639e-09
6.2855,2.4545687233579776e-09
6.28575,2.4520729761837466e-09
6.286,2.4494538295617518e-09
6.28625,2.4467138323755349e-09
6.2865,2.4438583052403974e-09
6.28675,2.4408928782632121e-09
6.287,2.4378251050270013e-09
6.28725,2.4346639995013304e-09
6.2875,2.4314194709132072e-09
6.28775,2.4281025264425495e-09
6.288,2.4247251621146344e-09
6.28825,2.4212985470226716e-09
6.2885,2.4178330728840553e-09
6.28875,2.4143412335082782e-09
6.289,2.4108308797921422e-09
6.28925,2.4073107555067724e-09
6.2895,2.4037887702357115e-09
6.28975,2.4002691169936537e-09
6.29,2.3967562919288058e-09
6.29025,2.3932510097771418e-09
6.2905,2.3897558833846015e-09
6.29075,2.3862701902952068e-09
6.291,2.3827951327229538e-09
6.29125,2.3793308186619463e-09
6.2915,2.3758768066738417e-09
6.29175,2.3724323844765316e-09
6.292,2.3689973199372683e-09
6.29225,2.365569791020773e-09
6.2925,2.3621503912943069e-09
6.29275,2.3587372491118442e-09
6.293,2.3553269910353501e-09
6.29325,2.3519159410242328e-09
6.2935,2.3485015011046649e-09
6.29375,2.3450788755167145e-09
6.294,2.3416426267727219e-09
6.29425,2.3381890352672936e-09
6.2945,2.3347111854618107e-09
6.29475,2.3312038694108092e-09
6.295,2.3276613697195563e-09
6.29525,2.3240779405128202e-09
6.2955,2.3204474401559665e-09
6.29575,2.3167634308202649e-09
6.296,2.3130214347340472e-09
6.29625,2.3092127086171236e-09
6.2965,2.3053274647985432e-09
6.29675,2.3013603270606985e-09
6.297,2.297297050542639e-09
6.29725,2.293128264877375e-09
6.2975,2.2888421263578988e-09
6.29775,2.2844283334536928e-09
6.298,2.2798723399066502e-09
6.29825,2.2751637053855593e-09
6.2985,2.2702906630124732e-09
6.29875,2.2652459098020197e-09
6.299,2.2600255991353236e-09
6.29925,2.2546273480341135e-09
6.2995,2.2490513401526851e-09
6.29975,2.2433021069721459e-09
6.3,2.2373876138870451e-09
6.30025,2.231321567053006e-09
6.3005,2.2251152661333294e-09
6.30075,2.2187869962669358e-09
6.301,2.2123542111825122e-09
6.30125,2.2058344027141349e-09
6.3015,2.1992480636998067e-09
6.30175,2.1926129624548949e-09
6.302,2.1859463084017677e-09
6.30225,2.1792639285198287e-09
6.3025,2.1725787952057956e-09
6.30275,2.1659013497357648e-09
6.303,2.1592398663383466e-09
6.30325,2.1525996804162638e-09
6.3035,2.1459830965290478e-09
6.30375,2.1393922053984345e-09
6.304,2.1328220922498999e-09
6.30425,2.1262675834473826e-09
6.3045,2.1197252789038572e-09
6.30475,2.1131855999897439e-09
6.305,2.1066395225903934e-09
6.30525,2.1000778520215655e-09
6.3055,2.0934912958848827e-09
6.30575,2.0868692497527454e-09
6.306,2.0802032695034164e-09
6.30625,2.0734887156354532e-09
6.3065,2.066716556331794e-09
6.30675,2.0598880530728451e-09
6.307,2.0530004648518728e-09
6.30725,2.0460554820598753e-09
6.3075,2.0390593746839033e-09
6.30775,2.0320182930782143e-09
6.308,2.0249422259037983e-09
6.30825,2.0178382683747742e-09
6.3085,2.0107205217690818e-09
6.30875,2.0035965753574232e-09
6.309,1.996477375900672e-09
6.30925,1.9893918359760217e-09
6.3095,1.9823120953945745e-09
6.30975,1.9752572040087228e-09
6.31,1.9682341212858544e-09
6.31025,1.9612596571286444e-09
6.3105,1.9543234273705323e-09
6.31075,1.9474102526550021e-09
6.311,1.9405273546304236e-09
6.31125,1.9336909844498425e-09
6.3115,1.9268790585586062e-09
6.31175,1.9200778529767546e-09
6.312,1.9132927911505585e-09
6.31225,1.906542959190231e-09
6.3125,1.8998078020809792e-09
6.31275,1.8930700808121721e-09
6.313,1.8863438138835271e-09
6.31325,1.8796465146928713e-09
6.3135,1.8729589045966275e-09
6.31375,1.8662648996446114e-09
6.314,1.8595810637540319e-09
6.31425,1.8529306718245565e-09
6.3145,1.8462742393379645e-09
6.31475,1.8396344896499303e-09
6.315,1.8330321391739808e-09
6.31525,1.8264324047076466e-09
6.3155,1.8198567744970107e-09
6.31575,1.8133030970352471e-09
6.316,1.8067879665897796e-09
6.31625,1.8003007352386515e-09
6.3165,1.7938173987667508e-09
6.31675,1.7873511717544944e-09
6.317,1.7809178460610505e-09
6.31725,1.7744937082960647e-09
6.3175,1.7680641509057779e-09
6.31775,1.7616394315583976e-09
6.318,1.7552355493074559e-09
6.31825,1.7488355946369759e-09
6.3185,1.7424228477223461e-09
6.31875,1.7360186621419081e-09
6.319,1.7296457190649138e-09
6.31925,1.7232686802190431e-09
6.3195,1.7169160520847279e-09
6.31975,1.7105941497793399e-09
6.32,1.7043254942447969e-09
6.32025,1.6980862201815169e-09
6.3205,1.6919003072494978e-09
6.32075,1.685769645882909e-09
6.321,1.6797188247180529e-09
6.32125,1.6737160656809496e-09
6.3215,1.6677802613905867e-09
6.32175,1.6619116007468322e-09
6.322,1.6561216732562524e-09
6.32225,1.6504017958323301e-09
6.3225,1.6447293919919613e-09
6.32275,1.6391134475203001e-09
6.323,1.6335678090206667e-09
6.32325,1.6280674929213795e-09
6.3235,1.622597025849816e-09
6.32375,1.6171624561894192e-09
6.324,1.6117757518102673e-09
6.32425,1.6064187614103328e-09
6.3245,1.6010823719595744e-09
6.32475,1.5957746232795226e-09
6.325,1.5905140955147779e-09
6.32525,1.5852892492791909e-09
6.3255,1.5800974745059982e-09
6.32575,1.5749580166850273e-09
6.326,1.5698931406715782e-09
6.32625,1.5648999115580578e-09
6.3265,1.559981774003035e-09
6.32675,1.5551599448781742e-09
6.327,1.5504613016044161e-09
6.32725,1.5458743451549135e-09
6.3275,1.5414224416750349e-09
6.32775,1.5371175698755485e-09
6.328,1.532979783750657e-09
6.32825,1.5289962548119156e-09
6.3285,1.5251819089049741e-09
6.32875,1.5215392184762882e-09
6.329,1.5180799653624775e-09
6.32925,1.514781986657336e-09
6.3295,1.5116503516510744e-09
6.32975,1.5086787294008598e-09
6.33,1.5058701994971571e-09
6.33025,1.5031976141681522e-09
6.3305,1.5006597451742754e-09
6.33075,1.498246352114451e-09
6.331,1.495954787080756e-09
6.33125,1.4937694276477877e-09
6.3315,1.4916736436710734e-09
6.33175,1.4896637266411102e-09
6.332,1.4877432644776347e-09
6.33225,1.4858949079620657e-09
6.3325,1.48410963465318e-09
6.33275,1.4823884789791191e-09
6.333,1.4807366000076838e-09
6.33325,1.479143592916935e-09
6.3335,1.4776032520726954e-09
6.33375,1.4761213030108916e-09
6.334,1.4747043066829336e-09
6.33425,1.4733386816643942e-09
6.3345,1.4720317187123496e-09
6.33475,1.4707828001053347e-09
6.335,1.4695967807934483e-09
6.33525,1.4684603537251912e-09
6.3355,1.4673737303032721e-09
6.33575,1.4663331461994192e-09
6.336,1.4653385814881564e-09
6.33625,1.4643701996978219e-09
6.3365,1.4634261115463164e-09
6.33675,1.4624966423142224e-09
6.337,1.4615747034127487e-09
6.33725,1.4606413509888622e-09
6.3375,1.4596898962324309e-09
6.33775,1.4587098159322395e-09
6.338,1.4576984012159352e-09
6.33825,1.4566418323839704e-09
6.3385,1.4555432730167434e-09
6.33875,1.4544017959692308e-09
6.339,1.453223216078809e-09
6.33925,1.4520139403248872e-09
6.3395,1.4507855470871599e-09
6.33975,1.4495540949290179e-09
6.34,1.4483391169283407e-09
6.34025,1.4471575666850585e-09
6.3405,1.4460332450780268e-09
6.34075,1.4449874006360725e-09
6.341,1.4440419870171248e-09
6.34125,1.4432149968523982e-09
6.3415,1.4425244918702885e-09
6.34175,1.4419807699767599e-09
6.342,1.4415926052102562e-09
6.34225,1.4413649683122582e-09
6.3425,1.4412953634181704e-09
6.34275,1.4413791887421672e-09
6.343,1.4416058515334074e-09
6.34325,1.4419631945063681e-09
6.3435,1.4424356349670206e-09
6.34375,1.4430084822703469e-09
6.344,1.44366213742208e-09
6.34425,1.4443812859315524e-09
6.3445,1.4451500937295617e-09
6.34475,1.4459554124355736e-09
6.345,1.4467872522739324e-09
6.34525,1.4476355936453845e-09
6.3455,1.4484958453610272e-09
6.34575,1.449365439011845e-09
6.346,1.4502435577444781e-09
6.34625,1.4511324685237094e-09
6.3465,1.4520359318659378e-09
6.34675,1.452960516235738e-09
6.347,1.4539121955129458e-09
6.34725,1.4549001641853591e-09
6.3475,1.4559307404612677e-09
6.34775,1.4570088853695454e-09
6.348,1.4581416138722885e-09
6.34825,1.4593326561002465e-09
6.3485,1.4605844085841289e-09
6.34875,1.4618982757811327e-09
6.349,1.4632738370398237e-09
6.34925,1.4647080523394066e-09
6.3495,1.4661971558720787e-09
6.34975,1.4677365070209786e-09
6.35,1.4693195346184521e-09
6.35025,1.4709402656568006e-09
6.3505,1.4725912064009632e-09
6.35075,1.4742639167609931e-09
6.351,1.4759521873728683e-09
6.35125,1.4776462265679959e-09
6.3515,1.4793370838497472e-09
6.35175,1.4810167643010645e-09
6.352,1.4826771258431659e-09
6.35225,1.4843106893511626e-09
6.3525,1.4859116196198973e-09
6.35275,1.4874739227339483e-09
6.353,1.4889933153226735e-09
6.35325,1.4904680826799405e-09
6.3535,1.4918974766333752e-09
6.35375,1.4932837774381531e-09
6.354,1.4946293362961464e-09
6.35425,1.4959399819128233e-09
6.3545,1.4972220789831011e-09
6.35475,1.4984831164467375e-09
6.355,1.4997311779833238e-09
6.35525,1.500974202873176e-09
6.3555,1.5022205823255791e-09
6.35575,1.5034777432607101e-09
6.356,1.5047520935064916e-09
6.35625,1.5060490956917864e-09
6.3565,1.5073725358511845e-09
6.35675,1.5087249133159957e-09
6.357,1.5101074528436131e-09
6.35725,1.5115201439227175e-09
6.3575,1.5129622735674719e-09
6.35775,1.514434234481022e-09
6.358,1.5159324393648558e-09
6.35825,1.5174578585722629e-09
6.3585,1.5190085040986969e-09
6.35875,1.5205854888522459e-09
6.359,1.5221893391969417e-09
6.35925,1.5238219179729245e-09
6.3595,1.5254877562441168e-09
6.35975,1.5271903234196031e-09
6.36,1.5289346458750935e-09
6.36025,1.5307272112024314e-09
6.3605,1.5325751359143601e-09
6.36075,1.5344846559521089e-09
6.361,1.5364640775908731e-09
6.36125,1.5385197659652146e-09
6.3615,1.5406583764236004e-09
6.36175,1.5428879914230288e-09
6.362,1.5452132717630246e-09
6.36225,1.5476398575980245e-09
6.3625,1.5501704661070761e-09
6.36275,1.5528099407979425e-09
6.363,1.5555586177001472e-09
6.36325,1.558418053095026e-09
6.3635,1.5613874341791221e-09
6.36375,1.5644652000855423e-09
6.364,1.567646903826987e-09
6.36425,1.5709279878557737e-09
6.3645,1.5743026112681486e-09
6.36475,1.5777620410638402e-09
6.365,1.5812991618007471e-09
6.36525,1.5849048319910634e-09
6.3655,1.5885684956232368e-09
6.36575,1.5922818831991379e-09
6.366,1.5960344514546636e-09
6.36625,1.5998197182603887e-09
6.3665,1.6036293326767599e-09
6.36675,1.6074550713491329e-09
6.367,1.6112916906026788e-09
6.36725,1.6151355694447817e-09
6.3675,1.6189847549107734e-09
6.36775,1.6228392174999008e-09
6.368,1.6266990404429923e-09
6.36825,1.6305651776197517e-09
6.3685,1.6344395750527107e-09
6.36875,1.6383259126045788e-09
6.369,1.642229579942251e-09
6.36925,1.6461530395751911e-09
6.3695,1.650101455147455e-09
6.36975,1.6540773627503798e-09
6.37,1.6580854891981249e-09
6.37025,1.6621260947312039e-09
6.3705,1.6662005079063905e-09
6.37075,1.670310457649764e-09
6.371,1.6744514743527762e-09
6.37125,1.6786239550418114e-09
6.3715,1.6828263435367161e-09
6.37175,1.6870559807866161e-09
6.372,1.6913112171788524e-09
6.37225,1.6955916567352547e-09
6.3725,1.6998970070190936e-09
6.37275,1.7042253844031272e-09
6.373,1.708578442673425e-09
6.37325,1.7129622799862397e-09
6.3735,1.7173782108024055e-09
6.37375,1.7218326486665965e-09
6.374,1.7263288298436585e-09
6.37425,1.7308728006807168e-09
6.3745,1.7354694915138462e-09
6.37475,1.7401244993662049e-09
6.375,1.7448429729249315e-09
6.37525,1.7496288046613221e-09
6.3755,1.7544847903268736e-09
6.37575,1.759414746444923e-09
6.376,1.7644187569527221e-09
6.37625,1.7694992458808559e-09
6.3765,1.7746559975038813e-09
6.37675,1.7798904556421205e-09
6.377,1.7852030977362025e-09
6.37725,1.7905913222731397e-09
6.3775,1.7960583453899709e-09
6.37775,1.8016006582364264e-09
6.378,1.8072188154197159e-09
6.37825,1.8129089999853574e-09
6.3785,1.8186721449933733e-09
6.37875,1.8245050165929304e-09
6.379,1.8304028468598171e-09
6.37925,1.8363650116910279e-09
6.3795,1.8423888771267859e-09
6.37975,1.8484720450091406e-09
6.38,1.8546114254287014e-09
6.38025,1.8608046171767762e-09
6.3805,1.8670518903966592e-09
6.38075,1.8733527308948369e-09
6.381,1.8797070091861896e-09
6.38125,1.8861178801203322e-09
6.3815,1.8925855499237184e-09
6.38175,1.8991091683124013e-09
6.382,1.9056915114217495e-09
6.38225,1.9123316797743114e-09
6.3825,1.9190348063458877e-09
6.38275,1.9258000916270716e-09
6.383,1.93262825718887e-09
6.38325,1.9395193023123761e-09
6.3835,1.9464729863233068e-09
6.38375,1.953485850365833e-09
6.384,1.9605578128958399e-09
6.38425,1.9676819928205092e-09
6.3845,1.9748540320379125e-09
6.38475,1.9820702726546982e-09
6.385,1.9893249421628953e-09
6.38525,1.9966139853324191e-09
6.3855,2.0039312226964882e-09
6.38575,2.0112675925914014e-09
6.386,2.0186174038522523e-09
6.38625,2.0259731298899836e-09
6.3865,2.0333291899570825e-09
6.38675,2.040677256919109e-09
6.387,2.0480110357477928e-09
6.38725,2.0553242127264347e-09
6.3875,2.0626106682943991e-09
6.38775,2.0698686593899715e-09
6.388,2.077087126449748e-09
6.38825,2.0842652275002833e-09
6.3885,2.0913997855073233e-09
6.38875,2.0984865030971929e-09
6.389,2.1055223865640539e-09
6.38925,2.1125077987948515e-09
6.3895,2.1194400089693174e-09
6.38975,2.1263134424692407e-09
6.39,2.1331312480771219e-09
6.39025,2.139886662155254e-09
6.3905,2.1465787836715844e-09
6.39075,2.153203923949668e-09
6.391,2.1597597422148444e-09
6.39125,2.166242430463227e-09
6.3915,2.1726511060786483e-09
6.39175,2.1789844379011034e-09
6.392,2.1852402545050476e-09
6.39225,2.191419963448342e-09
6.3925,2.197522990963909e-09
6.39275,2.2035522046162144e-09
6.393,2.2095086800322316e-09
6.39325,2.2153959868209796e-09
6.3935,2.2212179244233874e-09
6.39375,2.2269745876012943e-09
6.394,2.2326727888287521e-09
6.39425,2.2383127246447052e-09
6.3945,2.2438972615874289e-09
6.39475,2.249429629088327e-09
6.395,2.254912488494483e-09
6.39525,2.2603468390454877e-09
6.3955,2.2657335874278424e-09
6.39575,2.2710770291495605e-09
6.396,2.2763798023217077e-09
6.39625,2.2816423803287975e-09
6.3965,2.2868675619034355e-09
6.39675,2.2920572601625979e-09
6.397,2.2972161247107205e-09
6.39725,2.3023460422930131e-09
6.3975,2.3074476441379116e-09
6.39775,2.312524128564616e-09
6.398,2.3175754925214824e-09
6.39825,2.3226039227943947e-09
6.3985,2.327608519409975e-09
6.39875,2.3325904551774519e-09
6.399,2.3375473558784844e-09
6.39925,2.3424814414133764e-09
6.3995,2.3473922839382155e-09
6.39975,2.3522773381528927e-09
6.4,2.3571390973461677e-09
6.40025,2.3619723477623765e-09
6.4005,2.3667781723119341e-09
6.40075,2.3715552082393092e-09
6.401,2.376299784840029e-09
6.40125,2.3810099151310696e-09
6.4015,2.3856820583783691e-09
6.40175,2.3903135029595233e-09
6.402,2.3948988157710207e-09
6.40225,2.3994335892147528e-09
6.4025,2.4039133637898842e-09
6.40275,2.4083339018776228e-09
6.403,2.4126900818683717e-09
6.40325,2.4169779634726044e-09
6.4035,2.4211944571172545e-09
6.40375,2.4253361385953323e-09
6.404,2.4294006219628688e-09
6.40425,2.4333851973172454e-09
6.4045,2.4372888795577644e-09
6.40475,2.4411105454858188e-09
6.405,2.4448499956841193e-09
6.40525,2.4485084795612102e-09
6.4055,2.4520863913952008e-09
6.40575,2.4555831887329639e-09
6.406,2.4589979080664731e-09
6.40625,2.4623295114575954e-09
6.4065,2.4655762729131678e-09
6.40675,2.4687344679356623e-09
6.407,2.4718014465838881e-09
6.40725,2.4747708282836477e-09
6.4075,2.4776369074819975e-09
6.40775,2.4803941766968535e-09
6.408,2.4830363391559804e-09
6.40825,2.4855572425025154e-09
6.4085,2.4879507683225594e-09
6.40875,2.4902126205821241e-09
6.409,2.4923409505664967e-09
6.40925,2.4943330899892474e-09
6.4095,2.4961897382522856e-09
6.40975,2.4979141981031365e-09
6.41,2.4995103556347803e-09
6.41025,2.5009846565654148e-09
6.4105,2.502344959556903e-09
6.41075,2.5035991745209889e-09
6.411,2.5047570202841662e-09
6.41125,2.5058296190953884e-09
6.4115,2.5068270869015164e-09
6.41175,2.5077590926691682e-09
6.412,2.5086345229371543e-09
6.41225,2.5094620700580367e-09
6.4125,2.5102479432134925e-09
6.41275,2.510997122709168e-09
6.413,2.5117118439394896e-09
6.41325,2.5123925889194519e-09
6.4135,2.513038647976805e-09
6.41375,2.5136470730876533e-09
6.414,2.5142127555776551e-09
6.41425,2.5147306140464816e-09
6.4145,2.5151949909454174e-09
6.41475,2.5155987577674244e-09
6.415,2.5159371145971746e-09
6.41525,2.5162059557726692e-09
6.4155,2.5164030916934551e-09
6.41575,2.5165295691412001e-09
6.416,2.5165883069638137e-09
6.41625,2.5165844779062509e-09
6.4165,2.5165268139476784e-09
6.41675,2.5164235190288054e-09
6.417,2.5162855011088365e-09
6.41725,2.5161244141857293e-09
6.4175,2.5159522071550743e-09
6.41775,2.5157781942533902e-09
6.418,2.5156131210874712e-09
6.41825,2.5154643388993152e-09
6.4185,2.5153366982766121e-09
6.41875,2.5152357405424466e-09
6.419,2.5151627618677942e-09
6.41925,2.5151176723344795e-09
6.4195,2.5150982239503202e-09
6.41975,2.5151012198013652e-09
6.42,2.5151211982459208e-09
6.42025,2.5151524620447158e-09
6.4205,2.5151876170254606e-09
6.42075,2.5152180735211571e-09
6.421,2.5152342066593109e-09
6.42125,2.5152264302109139e-09
6.4215,2.5151844479778778e-09
6.42175,2.5150984234978016e-09
6.422,2.5149589328153214e-09
6.42225,2.5147552215727974e-09
6.4225,2.5144798697400285e-09
6.42275,2.5141250754407156e-09
6.423,2.5136889113713266e-09
6.42325,2.513157053918895e-09
6.4235,2.5125334390935232e-09
6.42375,2.5118079911379592e-09
6.424,2.5109820911454122e-09
6.42425,2.5100552266740469e-09
6.4245,2.5090295218365319e-09
6.42475,2.5079007031897803e-09
6.425,2.5066725417310803e-09
6.42525,2.5053470233682722e-09
6.4255,2.5039266265736642e-09
6.42575,2.5024140900619162e-09
6.426,2.5008121498581348e-09
6.42625,2.4991245853204845e-09
6.4265,2.4973557640947958e-09
6.42675,2.4955113025953956e-09
6.427,2.4935972725841918e-09
6.42725,2.4916208381686405e-09
6.4275,2.489589747339478e-09
6.42775,2.4875130969446723e-09
6.428,2.4853987100968256e-09
6.42825,2.4832536810078918e-09
6.4285,2.4810881960244914e-09
6.42875,2.4789090788881002e-09
6.429,2.4767229764293113e-09
6.42925,2.4745357245460779e-09
6.4295,2.4723496251262628e-09
6.42975,2.4701662941227957e-09
6.43,2.4679859935012355e-09
6.43025,2.4658064283836219e-09
6.4305,2.463623725595284e-09
6.43075,2.4614340833976107e-09
6.431,2.4592316605109974e-09
6.43125,2.4570111244749359e-09
6.4315,2.4547663965553655e-09
6.43175,2.4524936076717631e-09
6.432,2.4501884478868469e-09
6.43225,2.4478477821336483e-09
6.4325,2.4454698901434496e-09
6.43275,2.4430551377264894e-09
6.433,2.4406042445899995e-09
6.43325,2.4381201424247903e-09
6.4335,2.4356072205795538e-09
6.43375,2.4330675413036742e-09
6.434,2.4305072434645168e-09
6.43425,2.4279317959858055e-09
6.4345,2.4253479226943125e-09
6.43475,2.4227613278264001e-09
6.435,2.4201784414986444e-09
6.43525,2.4176052818619583e-09
6.4355,2.4150501342770319e-09
6.43575,2.4125186425208983e-09
6.436,2.410015613116166e-09
6.43625,2.4075462407426496e-09
6.4365,2.4051130786374894e-09
6.43675,2.4027175974269391e-09
6.437,2.4003609030383523e-09
6.43725,2.3980397617318564e-09
6.4375,2.395750144152981e-09
6.43775,2.3934878603766114e-09
6.438,2.3912434246903834e-09
6.43825,2.389006987613961e-09
6.4385,2.3867672646788175e-09
6.43875,2.3845128340168383e-09
6.439,2.3822311120630709e-09
6.43925,2.3799112894794276e-09
6.4395,2.3775426623627938e-09
6.43975,2.3751143361008443e-09
6.44,2.372618982864306e-09
6.44025,2.3700498195647112e-09
6.4405,2.3674014359786851e-09
6.44075,2.3646682236147154e-09
6.441,2.361850183798353e-09
6.44125,2.3589448142074718e-09
6.4415,2.3559521575499556e-09
6.44175,2.3528715827808898e-09
6.442,2.3497032518199463e-09
6.44225,2.3464466828131846e-09
6.4425,2.3431029784622749e-09
6.44275,2.3396743258794499e-09
6.443,2.3361590258787289e-09
6.44325,2.3325589917765576e-09
6.4435,2.3288756746591249e-09
6.44375,2.3251120148121816e-09
6.444,2.3212687678911161e-09
6.44425,2.3173499199163341e-09
6.4445,2.3133580814862625e-09
6.44475,2.3092957113238571e-09
6.445,2.3051661556270945e-09
6.44525,2.3009730867726238e-09
6.4455,2.2967185287970885e-09
6.44575,2.2924077667894789e-09
6.446,2.2880426380528566e-09
6.44625,2.2836251077422885e-09
6.4465,2.2791581631435129e-09
6.44675,2.2746446445064551e-09
6.447,2.2700875054390339e-09
6.44725,2.2654897116861712e-09
6.4475,2.2608530000742579e-09
6.44775,2.2561807335484416e-09
6.448,2.2514750776279163e-09
6.44825,2.2467383163921451e-09
6.4485,2.2419743521120903e-09
6.44875,2.2371857569836085e-09
6.449,2.2323703319581626e-09
6.44925,2.2275306563546999e-09
6.4495,2.222666305598285e-09
6.44975,2.2177767554034022e-09
6.45,2.212862254430075e-09
6.45025,2.2079206152431922e-09
6.4505,2.2029522073902214e-09
6.45075,2.1979558664886809e-09
6.451,2.1929302114238923e-09
6.45125,2.1878739091551773e-09
6.4515,2.1827869155597416e-09
6.45175,2.1776693719649744e-09
6.452,2.1725219932885155e-09
6.45225,2.1673453654063077e-09
6.4525,2.1621395456763373e-09
6.45275,2.1569047593512898e-09
6.453,2.1516427976703876e-09
6.45325,2.1463548513100721e-09
6.4535,2.1410429028372125e-09
6.45375,2.1357061264982899e-09
6.454,2.1303434569853258e-09
6.45425,2.1249571694916116e-09
6.4545,2.1195491493380015e-09
6.45475,2.1141176166931167e-09
6.455,2.1086662490484862e-09
6.45525,2.1031943220419941e-09
6.4555,2.0977015286292049e-09
6.45575,2.0921858085503425e-09
6.456,2.0866475834668355e-09
6.45625,2.08108616975873e-09
6.4565,2.0754986040872914e-09
6.45675,2.0698850082115744e-09
6.457,2.0642414684940747e-09
6.45725,2.0585643003509137e-09
6.4575,2.0528525614625552e-09
6.45775,2.0471021433694686e-09
6.458,2.041309056629006e-09
6.45825,2.0354722524501157e-09
6.4585,2.0295883460410223e-09
6.45875,2.0236547690653662e-09
6.459,2.0176712451822235e-09
6.45925,2.0116349224139719e-09
6.4595,2.005545895845001e-09
6.45975,1.9994052669875282e-09
6.46,1.9932131919185163e-09
6.46025,1.986972935456481e-09
6.4605,1.9806838073860357e-09
6.46075,1.9743464196944536e-09
6.461,1.9679649862569511e-09
6.46125,1.9615458413189339e-09
6.4615,1.9550890361689514e-09
6.46175,1.9485983427784704e-09
6.462,1.9420754424409516e-09
6.46225,1.935521884369527e-09
6.4625,1.9289384806239473e-09
6.46275,1.9223259366067625e-09
6.463,1.9156839476658102e-09
6.46325,1.9090141595658792e-09
6.4635,1.9023140818624193e-09
6.46375,1.8955823198807406e-09
6.464,1.8888190418347866e-09
6.46425,1.8820242289712414e-09
6.4645,1.8751979819469776e-09
6.46475,1.8683429469984199e-09
6.465,1.8614615384422114e-09
6.46525,1.854556157512387e-09
6.4655,1.8476334303528737e-09
6.46575,1.8406983558190185e-09
6.466,1.8337569752395845e-09
6.46625,1.8268186947472167e-09
6.4665,1.8198927116045195e-09
6.46675,1.8129846501192707e-09
6.467,1.8061041290374076e-09
6.46725,1.7992548098491445e-09
6.4675,1.7924463274854257e-09
6.46775,1.7856838050333071e-09
6.468,1.7789775421064462e-09
6.46825,1.7723324021688104e-09
6.4685,1.7657516898085531e-09
6.46875,1.7592412315260121e-09
6.469,1.7528065034896825e-09
6.46925,1.7464494799106106e-09
6.4695,1.740173061054514e-09
6.46975,1.7339767368964198e-09
6.47,1.7278626339177704e-09
6.47025,1.7218318222261389e-09
6.4705,1.7158826359532582e-09
6.47075,1.7100120149173749e-09
6.471,1.704218422644463e-09
6.47125,1.6984980395277517e-09
6.4715,1.6928488538527631e-09
6.47175,1.6872669650361157e-09
6.472,1.6817514250332501e-09
6.47225,1.6762977748551208e-09
6.4725,1.6709045249012966e-09
6.47275,1.6655724636279636e-09
6.473,1.6602975883483782e-09
6.47325,1.6550839545220407e-09
6.4735,1.6499323109939694e-09
6.47375,1.6448484624326153e-09
6.474,1.6398362232988713e-09
6.47425,1.6349003412342948e-09
6.4745,1.6300489507049376e-09
6.47475,1.6252858513937598e-09
6.475,1.6206206116883254e-09
6.47525,1.6160589051934046e-09
6.4755,1.61160656997507e-09
6.47575,1.6072671479257699e-09
6.476,1.6030439030002319e-09
6.47625,1.5989378371737333e-09
6.4765,1.5949510634325978e-09
6.47675,1.5910800380940131e-09
6.477,1.5873219234094978e-09
6.47725,1.5836700745910357e-09
6.4775,1.5801191481093394e-09
6.47775,1.5766587073802101e-09
6.478,1.5732821981597866e-09
6.47825,1.5699788519548253e-09
6.4785,1.5667399619763381e-09
6.47875,1.5635548517228246e-09
6.479,1.5604130345989232e-09
6.47925,1.5573057278139499e-09
6.4795,1.5542221707441546e-09
6.47975,1.5511561360436382e-09
6.48,1.5480999562193688e-09
6.48025,1.5450470507526515e-09
6.4805,1.5419919702681449e-09
6.48075,1.5389331552848558e-09
6.481,1.5358685619884952e-09
6.48125,1.5327972329058611e-09
6.4815,1.5297204592598644e-09
6.48175,1.5266401436898892e-09
6.482,1.5235629555363171e-09
6.48225,1.5204944681236647e-09
6.4825,1.517442565531944e-09
6.48275,1.5144169722657312e-09
6.483,1.511426711130811e-09
6.48325,1.5084831441685511e-09
6.4835,1.5055953608998553e-09
6.48375,1.502773958662718e-09
6.484,1.5000295735359494e-09
6.48425,1.4973725864929386e-09
6.4845,1.4948124140293518e-09
6.48475,1.4923542657464145e-09
6.485,1.4900053271888912e-09
6.48525,1.4877695363826326e-09
6.4855,1.4856487354417434e-09
6.48575,1.4836456249105468e-09
6.486,1.4817584554931642e-09
6.48625,1.4799869380344238e-09
6.4865,1.4783294348692999e-09
6.48675,1.476783747628641e-09
6.487,1.4753471562219041e-09
6.48725,1.4740176959291075e-09
6.4875,1.4727939601804123e-09
6.48775,1.4716752111525097e-09
6.488,1.4706618847243367e-09
6.48825,1.4697539395736206e-09
6.4885,1.4689518740933726e-09
6.48875,1.4682573234226005e-09
6.489,1.4676714064190103e-09
6.48925,1.467196385194556e-09
6.4895,1.4668326868866516e-09
6.48975,1.466581728112099e-09
6.49,1.4664434610662193e-09
6.49025,1.466415558509931e-09
6.4905,1.4664967918751957e-09
6.49075,1.4666816024993008e-09
6.491,1.4669667795703302e-09
6.49125,1.4673441285617265e-09
6.4915,1.4678069794683953e-09
6.49175,1.4683454963088168e-09
6.492,1.4689504385839585e-09
6.49225,1.4696108815730705e-09
6.4925,1.4703166160094141e-09
6.49275,1.4710565970141959e-09
6.493,1.4718192666549741e-09
6.49325,1.4725962917610331e-09
6.4935,1.4733760200620398e-09
6.49375,1.474150464421053e-09
6.494,1.4749128782251287e-09
6.49425,1.4756561067912304e-09
6.4945,1.4763757011334625e-09
6.49475,1.4770660671126531e-09
6.495,1.4777244734514169e-09
6.49525,1.4783473251408179e-09
6.4955,1.4789336368409359e-09
6.49575,1.479482995060429e-09
6.496,1.4799952575521007e-09
6.49625,1.4804715045387907e-09
6.4965,1.480914270530843e-09
6.49675,1.4813254917556198e-09
6.497,1.4817093294996384e-09
6.49725,1.4820705644737216e-09
6.4975,1.4824150513410997e-09
6.49775,1.4827482994339884e-09
6.498,1.4830778494097133e-09
6.49825,1.4834103050927137e-09
6.4985,1.4837519773168576e-09
6.49875,1.4841093974543769e-09
6.499,1.4844884526070872e-09
6.49925,1.4848945660116485e-09
6.4995,1.4853323518007315e-09
6.49975,1.4858054078526086e-09
6.5,1.4863166629746479e-09
6.50025,1.4868683942847421e-09
6.5005,1.4874624538734129e-09
6.50075,1.4881004948362128e-09
6.501,1.4887830408739368e-09
6.50125,1.4895110965087594e-09
6.5015,1.4902857981492832e-09
6.50175,1.4911076043373107e-09
6.502,1.4919766502247754e-09
6.50225,1.4928941576585455e-09
6.5025,1.4938610824391384e-09
6.50275,1.4948784134493378e-09
6.503,1.4959460940840816e-09
6.50325,1.4970665186279107e-09
6.5035,1.4982397243200417e-09
6.50375,1.4994681420725324e-09
6.504,1.5007521517639768e-09
6.50425,1.5020949085084708e-09
6.5045,1.5034978669075367e-09
6.50475,1.5049646043657674e-09
6.505,1.5064978392890006e-09
6.50525,1.508100115677463e-09
6.5055,1.5097747735885223e-09
6.50575,1.511524905650834e-09
6.506,1.5133525265693468e-09
6.50625,1.5152600381368304e-09
6.5065,1.5172480069677903e-09
6.50675,1.5193154938152937e-09
6.507,1.521460387682816e-09
6.50725,1.5236805782600487e-09
6.5075,1.5259724083493653e-09
6.50775,1.5283308684348636e-09
6.508,1.530751683972675e-09
6.50825,1.5332283797228729e-09
6.5085,1.5357552875058172e-09
6.50875,1.5383258885973214e-09
6.509,1.5409348676304147e-09
6.50925,1.5435784900521637e-09
6.5095,1.5462527658434346e-09
6.50975,1.5489545472870406e-09
6.51,1.5516808962356289e-09
6.51025,1.5544297557964416e-09
6.5105,1.5572001446808287e-09
6.51075,1.5599909144078406e-09
6.511,1.5628011032183314e-09
6.51125,1.5656304477329891e-09
6.5115,1.5684779398353473e-09
6.51175,1.571343106369973e-09
6.512,1.5742241555571357e-09
6.51225,1.5771210384550784e-09
6.5125,1.5800342013971127e-09
6.51275,1.5829628997976875e-09
6.513,1.5859070467691112e-09
6.51325,1.5888663130160285e-09
6.5135,1.591841386095542e-09
6.51375,1.5948322826149996e-09
6.514,1.5978404985884919e-09
6.51425,1.6008672649532037e-09
6.5145,1.6039123099530648e-09
6.51475,1.6069765752308557e-09
6.515,1.6100599645416434e-09
6.51525,1.6131620848612003e-09
6.5155,1.6162827513934372e-09
6.51575,1.6194213658321166e-09
6.516,1.6225765149968229e-09
6.51625,1.6257472298783726e-09
6.5165,1.6289318447216235e-09
6.51675,1.6321302140710828e-09
6.517,1.6353407830751593e-09
6.51725,1.6385626882666724e-09
6.5175,1.6417931646315065e-09
6.51775,1.6450315675705298e-09
6.518,1.6482765712002927e-09
6.51825,1.6515257444919746e-09
6.5185,1.6547768170213464e-09
6.51875,1.6580267657236195e-09
6.519,1.6612734562948801e-09
6.51925,1.6645128583352299e-09
6.5195,1.6677427693667988e-09
6.51975,1.6709621229066299e-09
6.52,1.6741699987917615e-09
6.52025,1.6773664628891284e-09
6.5205,1.6805533424696217e-09
6.52075,1.6837346529650386e-09
6.521,1.6869158868565208e-09
6.52125,1.6901047436061106e-09
6.5215,1.6933090881428431e-09
6.52175,1.6965395537798443e-09
6.522,1.6998066165972025e-09
6.52225,1.7031216918800815e-09
6.5225,1.7064963125832467e-09
6.52275,1.7099417064835811e-09
6.523,1.7134693219340072e-09
6.52325,1.7170874290556028e-09
6.5235,1.7208066282969431e-09
6.52375,1.7246355538617882e-09
6.524,1.7285795461884453e-09
6.52425,1.7326439473176555e-09
6.5245,1.7368329405259168e-09
6.52475,1.7411490215345868e-09
6.525,1.7455901897952302e-09
6.52525,1.7501578604835992e-09
6.5255,1.7548498964993799e-09
6.52575,1.7596627754433022e-09
6.526,1.7645915344670144e-09
6.52625,1.7696297407980617e-09
6.5265,1.7747709145408181e-09
6.52675,1.780004933204213e-09
6.527,1.7853264682866578e-09
6.52725,1.7907251926024603e-09
6.5275,1.7961943118089339e-09
6.52775,1.8017267154206576e-09
6.528,1.8073125020885303e-09
6.52825,1.8129458716702965e-09
6.5285,1.8186209366880711e-09
6.52875,1.8243318549431896e-09
6.529,1.8300744973693246e-09
6.52925,1.835842406072139e-09
6.5295,1.8416359264471715e-09
6.52975,1.8474507846519356e-09
6.53,1.8532850716359437e-09
6.53025,1.8591371038629237e-09
6.5305,1.8650014720592407e-09
6.53075,1.8708790763686937e-09
6.531,1.8767635374508784e-09
6.53125,1.8826516860909138e-09
6.5315,1.8885382138514822e-09
6.53175,1.8944178373588748e-09
6.532,1.900283125741587e-09
6.53225,1.9061265601839979e-09
6.5325,1.9119420003636349e-09
6.53275,1.9177233084963283e-09
6.533,1.9234645077016008e-09
6.53325,1.9291603246099365e-09
6.5335,1.9348097649625721e-09
6.53375,1.940411114491633e-09
6.534,1.9459637944384517e-09
6.53425,1.9514705788026898e-09
6.5345,1.9569363731760346e-09
6.53475,1.9623665432772995e-09
6.535,1.967771758276178e-09
6.53525,1.9731581542833104e-09
6.5355,1.9785357475420977e-09
6.53575,1.9839165128973385e-09
6.536,1.9893103115970202e-09
6.53625,1.9947287859795842e-09
6.5365,2.0001836856060064e-09
6.53675,2.0056848380797768e-09
6.537,2.011240086791007e-09
6.53725,2.0168584088950755e-09
6.5375,2.0225460865586118e-09
6.53775,2.0283039701252577e-09
6.538,2.0341358263599512e-09
6.53825,2.0400399415047731e-09
6.5385,2.0460112728920837e-09
6.53875,2.0520444897614033e-09
6.539,2.0581316049477807e-09
6.53925,2.0642616862970097e-09
6.5395,2.0704252078708191e-09
6.53975,2.076608835360373e-09
6.54,2.0828043582211666e-09
6.54025,2.0890001719481446e-09
6.5405,2.0951859538405934e-09
6.54075,2.1013538836969687e-09
6.541,2.1074977837300283e-09
6.54125,2.1136117080245013e-09
6.5415,2.1196977014713857e-09
6.54175,2.1257495461138293e-09
6.542,2.1317718864218374e-09
6.54225,2.1377661411105552e-09
6.5425,2.1437373548336091e-09
6.54275,2.1496883404244565e-09
6.543,2.155627017261489e-09
6.54325,2.1615599296518368e-09
6.5435,2.1674920795287619e-09
6.54375,2.1734329400736661e-09
6.544,2.1793902240654769e-09
6.54425,2.1853707760406533e-09
6.5445,2.1913836988039699e-09
6.54475,2.1974356173543986e-09
6.545,2.2035291556664303e-09
6.54525,2.2096688429208427e-09
6.5455,2.2158544882480289e-09
6.54575,2.2220857760851257e-09
6.546,2.2283580005123632e-09
6.54625,2.234662895860765e-09
6.5465,2.2409890544060816e-09
6.54675,2.2473237796602773e-09
6.547,2.2536524429279829e-09
6.54725,2.2599569373268262e-09
6.5475,2.2662182505361995e-09
6.54775,2.2724165312730123e-09
6.548,2.278534014290649e-09
6.54825,2.2845510154556409e-09
6.5485,2.2904535423345995e-09
6.54875,2.2962265672798251e-09
6.549,2.3018545803082133e-09
6.54925,2.3073318987768426e-09
6.5495,2.3126475445440787e-09
6.54975,2.3177972475560688e-09
6.55,2.322779934059211e-09
6.55025,2.3275942385129221e-09
6.5505,2.332242720702215e-09
6.55075,2.3367311920047452e-09
6.551,2.3410649632914227e-09
6.55125,2.3452542181926076e-09
6.5515,2.3493070101494154e-09
6.55175,2.3532350571671942e-09
6.552,2.3570500701155881e-09
6.55225,2.3607631291575808e-09
6.5525,2.3643860293255225e-09
6.55275,2.3679313484212076e-09
6.553,2.3714099511893114e-09
6.55325,2.3748332507620703e-09
6.5535,2.3782095382951359e-09
6.55375,2.3815472207613672e-09
6.554,2.3848521472199687e-09
6.55425,2.3881295292583655e-09
6.5545,2.391380393910395e-09
6.55475,2.3946042656692713e-09
6.555,2.3977997567149406e-09
6.55525,2.4009624602312538e-09
6.5555,2.4040863003656678e-09
6.55575,2.4071667465971149e-09
6.556,2.4101969119036411e-09
6.55625,2.4131694639671548e-09
6.5565,2.4160784275529223e-09
6.55675,2.4189186961940334e-09
6.557,2.4216850480475777e-09
6.55725,2.4243736716127176e-09
6.5575,2.4269826721459108e-09
6.55775,2.4295105084375189e-09
6.558,2.4319566563758396e-09
6.55825,2.4343218082691981e-09
6.5585,2.4366067339154334e-09
6.55875,2.4388131785904345e-09
6.559,2.4409430859612761e-09
6.55925,2.4429975768030399e-09
6.5595,2.4449786377650727e-09
6.55975,2.4468883959016914e-09
6.56,2.4487295427601e-09
6.56025,2.4505037805178879e-09
6.5605,2.4522144068387425e-09
6.56075,2.4538649408765254e-09
6.561,2.4554588241227739e-09
6.56125,2.4569978079503681e-09
6.5615,2.4584852728105968e-09
6.56175,2.4599228115067436e-09
6.562,2.4613129925782388e-09
6.56225,2.4626566321600427e-09
6.5625,2.4639548338123925e-09
6.56275,2.4652087213827466e-09
6.563,2.4664171629560557e-09
6.56325,2.467580105511963e-09
6.5635,2.4686973008274667e-09
6.56375,2.4697683081206299e-09
6.564,2.4707920364377247e-09
6.56425,2.4717686547669042e-09
6.5645,2.4726962151689332e-09
6.56475,2.4735768137514544e-09
6.565,2.4744114988434344e-09
6.56525,2.4751984452445761e-09
6.5655,2.4759383227306291e-09
6.56575,2.4766314360699071e-09
6.566,2.477277375443104e-09
6.56625,2.4778758693258814e-09
6.5665,2.4784251347446295e-09
6.56675,2.478922789652265e-09
6.567,2.4793666954069904e-09
6.56725,2.4797532231217276e-09
6.5675,2.4800802999542574e-09
6.56775,2.4803433766154812e-09
6.568,2.4805397499091794e-09
6.56825,2.4806646260283793e-09
6.5685,2.4807141881684518e-09
6.56875,2.4806849350546042e-09
6.569,2.480572982859234e-09
6.56925,2.4803756813108102e-09
6.5695,2.480089808953064e-09
6.56975,2.4797148538868793e-09
6.57,2.4792478439346955e-09
6.57025,2.4786889562817265e-09
6.5705,2.4780380695015957e-09
6.57075,2.4772962122437725e-09
6.571,2.4764645179379738e-09
6.57125,2.475547702250037e-09
6.5715,2.4745475240621624e-09
6.57175,2.4734672558435944e-09
6.572,2.4723115504114928e-09
6.57225,2.4710862883143736e-09
6.5725,2.4697952274176426e-09
6.57275,2.4684481945967987e-09
6.573,2.4670498644141905e-09
6.57325,2.4656094768561664e-09
6.5735,2.4641341775778066e-09
6.57375,2.462633006458847e-09
6.574,2.4611147645391161e-09
6.57425,2.4595874316393579e-09
6.5745,2.4580580061786552e-09
6.57475,2.4565358561223655e-09
6.575,2.4550274884290353e-09
6.57525,2.4535379168235744e-09
6.5755,2.4520737006077318e-09
6.57575,2.4506383440680004e-09
6.576,2.449234153175521e-09
6.57625,2.4478640283481218e-09
6.5765,2.4465283622985235e-09
6.57675,2.4452267457520554e-09
6.577,2.4439594963516713e-09
6.57725,2.4427241470950096e-09
6.5775,2.441518648742573e-09
6.57775,2.4403385999251665e-09
6.578,2.4391812286808059e-09
6.57825,2.438043090426361e-09
6.5785,2.4369193174492109e-09
6.57875,2.4358058439231094e-09
6.579,2.4346955732574722e-09
6.57925,2.4335862637597393e-09
6.5795,2.4324713839094003e-09
6.57975,2.431347193265386e-09
6.58,2.4302099263444775e-09
6.58025,2.4290547140786015e-09
6.5805,2.4278768848275061e-09
6.58075,2.4266715067711912e-09
6.581,2.4254359592769735e-09
6.58125,2.4241667343210819e-09
6.5815,2.4228608503703783e-09
6.58175,2.4215154289056879e-09
6.582,2.4201263401743186e-09
6.58225,2.4186906268728029e-09
6.5825,2.4172057848809794e-09
6.58275,2.4156692582489858e-09
6.583,2.414080130110635e-09
6.58325,2.4124355750272273e-09
6.5835,2.4107335273079769e-09
6.58375,2.4089725033787881e-09
6.584,2.4071498674188697e-09
6.58425,2.4052642426414109e-09
6.5845,2.4033166352603042e-09
6.58475,2.4013036859863225e-09
6.585,2.3992259558691953e-09
6.58525,2.3970824882169988e-09
6.5855,2.3948747586252413e-09
6.58575,2.3926054307536428e-09
6.586,2.390276790495794e-09
6.58625,2.3878905805152423e-09
6.5865,2.3854512090601314e-09
6.58675,2.3829610526997212e-09
6.587,2.3804242180012261e-09
6.58725,2.3778456165044083e-09
6.5875,2.3752295168641589e-09
6.58775,2.3725814925071852e-09
6.588,2.3699016753571613e-09
6.58825,2.3671945493299793e-09
6.5885,2.364463427068872e-09
6.58875,2.3617072273510839e-09
6.589,2.3589306974644235e-09
6.58925,2.3561338021068218e-09
6.5895,2.3533179458719738e-09
6.58975,2.3504845164666209e-09
6.59,2.3476352340946247e-09
6.59025,2.344771299145828e-09
6.5905,2.3418926899477315e-09
6.59075,2.3390009222045346e-09
6.591,2.3360951875855219e-09
6.59125,2.3331757930818318e-09
6.5915,2.3302386449180496e-09
6.59175,2.3272846701051489e-09
6.592,2.3243102348480764e-09
6.59225,2.3213122291499014e-09
6.5925,2.3182887829516594e-09
6.59275,2.3152375351589736e-09
6.593,2.312155392691314e-09
6.59325,2.3090396187977137e-09
6.5935,2.3058888512620421e-09
6.59375,2.302701550314753e-09
6.594,2.2994763054856179e-09
6.59425,2.2962114509354523e-09
6.5945,2.2929076217993786e-09
6.59475,2.2895646316466501e-09
6.595,2.2861800856463688e-09
6.59525,2.2827537304634652e-09
6.5955,2.2792865341919313e-09
6.59575,2.2757767867639e-09
6.596,2.2722224552123779e-09
6.59625,2.268623260485761e-09
6.5965,2.2649811689548654e-09
6.59675,2.2612935786965978e-09
6.597,2.2575600385263889e-09
6.59725,2.2537804856326274e-09
6.5975,2.2499567194874034e-09
6.59775,2.2460876253266107e-09
6.598,2.242174761411939e-09
6.59825,2.2382190230195839e-09
6.5985,2.2342248202731633e-09
6.59875,2.2301939325429092e-09
6.599,2.2261279280261168e-09
6.59925,2.2220304882173918e-09
6.5995,2.2179029369807786e-09
6.59975,2.2137502157030729e-09
6.6,2.2095756642831237e-09
6.60025,2.2053807331415276e-09
6.6005,2.2011670892251748e-09
6.60075,2.1969389115436075e-09
6.601,2.1926957732448836e-09
6.60125,2.1884396999935693e-09
6.6015,2.1841721972895601e-09
6.60175,2.1798938188856463e-09
6.602,2.1756032099239844e-09
6.60225,2.17130297308945e-09
6.6025,2.1669930010166404e-09
6.60275,2.1626717015309315e-09
6.603,2.1583403772548078e-09
6.60325,2.1539970494487285e-09
6.6035,2.1496410579201505e-09
6.60375,2.1452697886123694e-09
6.604,2.1408791072010774e-09
6.60425,2.1364653392228718e-09
6.6045,2.1320242787429529e-09
6.60475,2.1275483079855909e-09
6.605,2.1230308762554535e-09
6.60525,2.1184658521662453e-09
6.6055,2.1138455986314846e-09
6.60575,2.109162479016467e-09
6.606,2.1044080904463398e-09
6.60625,2.0995788276830529e-09
6.6065,2.094666192573121e-09
6.60675,2.0896659151577847e-09
6.607,2.0845763142432667e-09
6.60725,2.0793935669741524e-09
6.6075,2.0741187811299351e-09
6.60775,2.068753358018785e-09
6.608,2.0633014639716093e-09
6.60825,2.0577670666850687e-09
6.6085,2.0521558615102559e-09
6.60875,2.0464739432336339e-09
6.609,2.040731600279929e-09
6.60925,2.0349368837345817e-09
6.6095,2.0290970742128444e-09
6.60975,2.0232196716485965e-09
6.61,2.0173136330425806e-09
6.61025,2.0113845369687562e-09
6.6105,2.0054365742484069e-09
6.61075,1.999472148618695e-09
6.611,1.9934979681031885e-09
6.61125,1.9875139918783014e-09
6.6115,1.981525775707216e-09
6.61175,1.9755313413311035e-09
6.612,1.9695337652307516e-09
6.61225,1.9635329023216762e-09
6.6125,1.9575302552928554e-09
6.61275,1.9515302919768372e-09
6.613,1.9455376984907209e-09
6.61325,1.9395552859898584e-09
6.6135,1.9335902792145359e-09
6.61375,1.9276467828570299e-09
6.614,1.9217339543841194e-09
6.61425,1.9158612590674819e-09
6.6145,1.9100360746018516e-09
6.61475,1.9042645315446762e-09
6.615,1.898553375453786e-09
6.61525,1.8929104363608716e-09
6.6155,1.8873373539844304e-09
6.61575,1.8818396614860266e-09
6.616,1.8764192091906939e-09
6.61625,1.8710780144712373e-09
6.6165,1.8658118135258563e-09
6.61675,1.8606192259572658e-09
6.617,1.8554959749169236e-09
6.61725,1.850437894466444e-09
6.6175,1.8454356154004102e-09
6.61775,1.8404855778350697e-09
6.618,1.8355753940100607e-09
6.61825,1.830697008971043e-09
6.6185,1.8258455575873668e-09
6.61875,1.8210066641297202e-09
6.619,1.8161749027367509e-09
6.61925,1.811340540948419e-09
6.6195,1.8064957359881184e-09
6.61975,1.8016334344858237e-09
6.62,1.7967456588417748e-09
6.62025,1.7918261803869947e-09
6.6205,1.786867925046325e-09
6.62075,1.7818665594883625e-09
6.621,1.7768187459987087e-09
6.62125,1.7717228636920231e-09
6.6215,1.7665770045609905e-09
6.62175,1.7613803406216021e-09
6.622,1.7561374531325654e-09
6.62225,1.750849102647365e-09
6.6225,1.7455203411667542e-09
6.62275,1.7401554552256774e-09
6.623,1.734760786351903e-09
6.62325,1.7293414987820099e-09
6.6235,1.7239045774754675e-09
6.62375,1.7184562144471376e-09
6.624,1.7130013100078808e-09
6.62425,1.7075447339828604e-09
6.6245,1.7020921496347761e-09
6.62475,1.6966461669755796e-09
6.625,1.6912128080409374e-09
6.62525,1.6857970949433266e-09
6.6255,1.680403040918331e-09
6.62575,1.6750353858351923e-09
6.626,1.6696989163189324e-09
6.62625,1.6644021298148933e-09
6.6265,1.6591481077414903e-09
6.62675,1.6539441165195974e-09
6.627,1.6487990846519388e-09
6.62725,1.6437198349171324e-09
6.6275,1.6387142798109215e-09
6.62775,1.6337881792125623e-09
6.628,1.6289500328596938e-09
6.62825,1.6242055653811927e-09
6.6285,1.6195617495648204e-09
6.62875,1.6150225231799972e-09
6.629,1.610594230649289e-09
6.62925,1.6062786535186567e-09
6.6295,1.6020805296082758e-09
6.62975,1.5980014735153935e-09
6.63,1.5940456513135851e-09
6.63025,1.5902137669355261e-09
6.6305,1.586506770785573e-09
6.63075,1.5829263233695506e-09
6.631,1.579471553464859e-09
6.63125,1.5761431574514544e-09
6.6315,1.5729372539485579e-09
6.63175,1.5698524564582206e-09
6.632,1.5668853068879589e-09
6.63225,1.5640312256535595e-09
6.6325,1.5612858148326628e-09
6.63275,1.5586430073781421e-09
6.633,1.5560965688062012e-09
6.63325,1.5536388532282494e-09
6.6335,1.5512633942094124e-09
6.63375,1.5489632721887088e-09
6.634,1.5467314628242436e-09
6.63425,1.5445610551265118e-09
6.6345,1.5424462619755262e-09
6.63475,1.5403815372942573e-09
6.635,1.5383624203785653e-09
6.63525,1.5363844460703364e-09
6.6355,1.5344450643438787e-09
6.63575,1.532542144541486e-09
6.636,1.5306749293810512e-09
6.63625,1.5288414724130465e-09
6.6365,1.5270428758103082e-09
6.63675,1.5252799849101787e-09
6.637,1.5235555649239036e-09
6.63725,1.5218726675166875e-09
6.6375,1.5202352570129612e-09
6.63775,1.5186470999477319e-09
6.638,1.5171140664490436e-09
6.63825,1.5156409732921217e-09
6.6385,1.5142334990110335e-09
6.63875,1.5128974782797799e-09
6.639,1.5116388334233849e-09
6.63925,1.5104614307950347e-09
6.6395,1.5093693923676565e-09
6.63975,1.5083654570886314e-09
6.64,1.5074516934702701e-09
6.64025,1.506628666001184e-09
6.6405,1.5058964253565376e-09
6.64075,1.5052540652515036e-09
6.641,1.5046994401688763e-09
6.64125,1.5042299202109994e-09
6.6415,1.5038412184691622e-09
6.64175,1.5035284582046926e-09
6.642,1.5032856760747687e-09
6.64225,1.5031056749219208e-09
6.6425,1.5029797774308506e-09
6.64275,1.5028992675954735e-09
6.643,1.5028540988950733e-09
6.64325,1.5028339387518207e-09
6.6435,1.502828066323471e-09
6.64375,1.5028263944024892e-09
6.644,1.5028190119420757e-09
6.64425,1.5027977730298476e-09
6.6445,1.502756144570631e-09
6.64475,1.5026899769471764e-09
6.645,1.5025972901200534e-09
6.64525,1.5024787450230391e-09
6.6455,1.5023373865231373e-09
6.64575,1.5021790405633393e-09
6.646,1.5020112216395583e-09
6.64625,1.5018432187225723e-09
6.6465,1.501686177224226e-09
6.64675,1.5015517154731816e-09
6.647,1.5014516683450089e-09
6.64725,1.5013972875553357e-09
6.6475,1.5014001057894431e-09
6.64775,1.5014705166735548e-09
6.648,1.5016185504576683e-09
6.64825,1.5018520667665845e-09
6.6485,1.5021781566794567e-09
6.64875,1.5026028168541572e-09
6.649,1.5031322425536745e-09
6.64925,1.5037690575655856e-09
6.6495,1.5045163056563778e-09
6.64975,1.5053749778298559e-09
6.65,1.5063460509137011e-09
6.65025,1.5074287865581149e-09
6.6505,1.5086207274724016e-09
6.65075,1.5099184477433053e-09
6.651,1.5113185091848556e-09
6.65125,1.5128152538242829e-09
6.6515,1.5144025394981423e-09
6.65175,1.5160739816647755e-09
6.652,1.5178221622376199e-09
6.65225,1.5196385257202595e-09
6.6525,1.5215154814949934e-09
6.65275,1.5234446779601044e-09
6.653,1.5254182405925371e-09
6.65325,1.5274278581177786e-09
6.6535,1.5294664102134077e-09
6.65375,1.531525766316829e-09
6.654,1.5335995071010201e-09
6.65425,1.5356804592155542e-09
6.6545,1.5377630458039988e-09
6.65475,1.5398421649023112e-09
6.655,1.541911310552545e-09
6.65525,1.543965807865959e-09
6.6555,1.5460014715248057e-09
6.65575,1.5480131013235833e-09
6.656,1.5499982383331856e-09
6.65625,1.551949407948953e-09
6.6565,1.5538655859099167e-09
6.65675,1.5557434850376654e-09
6.657,1.5575806733434713e-09
6.65725,1.5593759459972374e-09
6.6575,1.5611284382705155e-09
6.65775,1.562839309261113e-09
6.658,1.5645101217813915e-09
6.65825,1.5661448888188537e-09
6.6585,1.5677463913048457e-09
6.65875,1.5693221642208489e-09
6.659,1.5708774929394716e-09
6.65925,1.572419405984797e-09
6.6595,1.5739564214916089e-09
6.65975,1.5754968187699891e-09
6.66,1.5770489074582687e-09
6.66025,1.5786216143818009e-09
6.6605,1.5802214608545802e-09
6.66075,1.5818563401087622e-09
6.661,1.5835325860454333e-09
6.66125,1.5852563313017068e-09
6.6615,1.5870317632938245e-09
6.66175,1.588863002926273e-09
6.662,1.5907515189891171e-09
6.66225,1.5926987393822444e-09
6.6625,1.5947019949736714e-09
6.66275,1.5967600083360863e-09
6.663,1.5988693456627637e-09
6.66325,1.6010255960245543e-09
6.6635,1.6032224097517872e-09
6.66375,1.6054533006640462e-09
6.664,1.6077127266049286e-09
6.66425,1.6099955484467499e-09
6.6645,1.6122960711703613e-09
6.66475,1.6146104383137573e-09
6.665,1.6169363667631914e-09
6.66525,1.619273911005905e-09
6.6655,1.6216240493106881e-09
6.66575,1.6239892098886759e-09
6.666,1.626373641555401e-09
6.66625,1.6287833563504005e-09
6.6665,1.6312244482415534e-09
6.66675,1.6336999268078159e-09
6.667,1.6362178491187182e-09
6.66725,1.6387831307725235e-09
6.6675,1.6414015571399642e-09
6.66775,1.6440780778051371e-09
6.668,1.6468159724816268e-09
6.66825,1.6496183535969641e-09
6.6685,1.6524867566273377e-09
6.66875,1.6554252476954712e-09
6.669,1.658434819818723e-09
6.66925,1.6615162115233025e-09
6.6695,1.6646713762560843e-09
6.66975,1.6678997070000675e-09
6.67,1.6712017670246371e-09
6.67025,1.6745775484077285e-09
6.6705,1.6780240492855716e-09
6.67075,1.6815384675441268e-09
6.671,1.6851190362372693e-09
6.67125,1.688760221589941e-09
6.6715,1.6924597668151675e-09
6.67175,1.6962125547665121e-09
6.672,1.7000135183354092e-09
6.67225,1.7038589381660936e-09
6.6725,1.7077461037157433e-09
6.67275,1.7116691852778898e-09
6.673,1.7156238026479239e-09
6.67325,1.7196079248994448e-09
6.6735,1.7236150285666247e-09
6.67375,1.7276408948108238e-09
6.674,1.7316793674941455e-09
6.67425,1.7357242381876894e-09
6.6745,1.7397679653329754e-09
6.67475,1.7438045042686717e-09
6.675,1.7478260592004486e-09
6.67525,1.7518246166469185e-09
6.6755,1.755794091239971e-09
6.67575,1.7597285116922983e-09
6.676,1.7636225198097598e-09
6.67625,1.7674728354675821e-09
6.6765,1.7712796824538112e-09
6.67675,1.7750432687281101e-09
6.677,1.7787667295708928e-09
6.67725,1.7824550619842475e-09
6.6775,1.786114448843283e-09
6.67775,1.7897543521563826e-09
6.678,1.7933837989161372e-09
6.67825,1.7970140645374247e-09
6.6785,1.8006549825335192e-09
6.67875,1.8043204877437842e-09
6.679,1.8080219256478713e-09
6.67925,1.8117698707177267e-09
6.6795,1.8155739358763255e-09
6.67975,1.8194451953844778e-09
6.68,1.8233924585688002e-09
6.68025,1.8274239258403558e-09
6.6805,1.8315462886070568e-09
6.68075,1.835761669934896e-09
6.681,1.8400738970683545e-09
6.68125,1.8444845752550876e-09
6.6815,1.8489947946787582e-09
6.68175,1.8536011264507189e-09
6.682,1.858301322596741e-09
6.68225,1.863091170801912e-09
6.6825,1.867964044911222e-09
6.68275,1.8729124197544005e-09
6.683,1.8779294104107762e-09
6.68325,1.8830066322570973e-09
6.6835,1.8881328259223525e-09
6.68375,1.893299791155878e-09
6.684,1.8984974285792651e-09
6.68425,1.9037161512563394e-09
6.6845,1.9089476520776091e-09
6.68475,1.9141844423251973e-09
6.685,1.9194204402687517e-09
6.68525,1.9246492702890254e-09
6.6855,1.9298672648184812e-09
6.68575,1.9350701237990418e-09
6.686,1.9402571738585826e-09
6.68625,1.9454255190166815e-09
6.6865,1.9505756012301391e-09
6.68675,1.9557073329415977e-09
6.687,1.9608229308997399e-09
6.68725,1.9659245823177773e-09
6.6875,1.9710154449970742e-09
6.68775,1.9760993490580312e-09
6.688,1.981181711925317e-09
6.68825,1.9862680265599003e-09
6.6885,1.9913630501740237e-09
6.68875,1.9964757205357112e-09
6.689,2.0016119413400938e-09
6.68925,2.0067808671936065e-09
6.6895,2.0119902829213809e-09
6.68975,2.0172475840393974e-09
6.69,2.022559293693998e-09
6.69025,2.0279298118195858e-09
6.6905,2.0333650939124756e-09
6.69075,2.0388696930758497e-09
6.691,2.0444442373902724e-09
6.69125,2.0500905285234582e-09
6.6915,2.0558082979548518e-09
6.69175,2.0615951981187763e-09
6.692,2.0674477897241487e-09
6.69225,2.073359777417946e-09
6.6925,2.0793266500763362e-09
6.69275,2.0853387381211361e-09
6.693,2.0913847394547588e-09
6.69325,2.0974558204714184e-09
6.6935,2.1035372596593775e-09
6.69375,2.1096168227472111e-09
6.694,2.1156800125717683e-09
6.69425,2.1217130876726972e-09
6.6945,2.1277021529583336e-09
6.69475,2.1336311352112346e-09
6.695,2.1394898017592609e-09
6.69525,2.1452656365121652e-09
6.6955,2.1509462620096467e-09
6.69575,2.1565249903317987e-09
6.696,2.1619967951799057e-09
6.69625,2.1673563662206378e-09
6.6965,2.17260454265394e-09
6.69675,2.1777386548849337e-09
6.697,2.1827623595278509e-09
6.69725,2.1876786954212377e-09
6.6975,2.1924925339147642e-09
6.69775,2.1972125438614266e-09
6.698,2.2018455038233343e-09
6.69825,2.2063999883466247e-09
6.6985,2.2108876809620144e-09
6.69875,2.2153169213404169e-09
6.699,2.219698397921418e-09
6.69925,2.2240443592319368e-09
6.6995,2.2283616048824621e-09
6.69975,2.2326600102791659e-09
6.7,2.2369484494368639e-09
6.70025,2.2412362997346269e-09
6.7005,2.2455275280095608e-09
6.70075,2.249829061584183e-09
6.701,2.2541444206967608e-09
6.70125,2.2584769525096595e-09
6.7015,2.2628283712070887e-09
6.70175,2.2671982388052718e-09
6.702,2.2715875944484932e-09
6.70225,2.2759935683566065e-09
6.7025,2.2804151015565553e-09
6.70275,2.2848488820472435e-09
6.703,2.28929397546764e-09
6.70325,2.2937467588104633e-09
6.7035,2.2982019244451963e-09
6.70375,2.3026556178345958e-09
6.704,2.3071047958454117e-09
6.70425,2.3115438639799476e-09
6.7045,2.3159664010845999e-09
6.70475,2.3203653657030041e-09
6.705,2.3247352595019235e-09
6.70525,2.3290679099388545e-09
6.7055,2.3333540811445173e-09
6.70575,2.3375859825804415e-09
6.706,2.3417538878992903e-09
6.70625,2.3458510623543271e-09
6.7065,2.3498697601279541e-09
6.70675,2.353801973030304e-09
6.707,2.3576420448473463e-09
6.70725,2.3613855606750711e-09
6.7075,2.3650255405988006e-09
6.70775,2.3685579600080468e-09
6.708,2.371978840806816e-09
6.70825,2.3752867070238765e-09
6.7085,2.3784800912768203e-09
6.70875,2.381559719103501e-09
6.709,2.3845239624451118e-09
6.70925,2.3873743927431759e-09
6.7095,2.3901128219555247e-09
6.70975,2.3927431575755268e-09
6.71,2.3952683204899925e-09
6.71025,2.3976913264286805e-09
6.7105,2.4000164136532292e-09
6.71075,2.4022485464899348e-09
6.711,2.4043911866267876e-09
6.71125,2.4064488931523062e-09
6.7115,2.4084256770445092e-09
6.71175,2.4103242280060183e-09
6.712,2.4121469713605844e-09
6.71225,2.4138960653876196e-09
6.7125,2.415571249949751e-09
6.71275,2.4171742111955922e-09
6.713,2.4187065331163904e-09
6.71325,2.4201671030343241e-09
6.7135,2.421556458811655e-09
6.71375,2.4228761733402077e-09
6.714,2.4241271556870809e-09
6.71425,2.4253145500425638e-09
6.7145,2.4264393876720831e-09
6.71475,2.4275040773953833e-09
6.715,2.428514807240071e-09
6.71525,2.4294770439127874e-09
6.7155,2.4303939964861272e-09
6.71575,2.431272162777982e-09
6.716,2.4321155039876598e-09
6.71625,2.4329286659440972e-09
6.7165,2.4337154868140441e-09
6.71675,2.434479885075083e-09
6.717,2.4352240143637496e-09
6.71725,2.4359493880529186e-09
6.7175,2.4366576616999778e-09
6.71775,2.4373487861571917e-09
6.718,2.438020752867358e-09
6.71825,2.4386734994639809e-09
6.7185,2.4393034842908165e-09
6.71875,2.4399085968581348e-09
6.719,2.4404854358136857e-09
6.71925,2.4410297009344541e-09
6.7195,2.4415361912625564e-09
6.71975,2.4420024570260312e-09
6.72,2.4424230071682807e-09
6.72025,2.4427946136813512e-09
6.7205,2.4431124866917114e-09
6.72075,2.4433734969539805e-09
6.721,2.4435757326124979e-09
6.72125,2.4437161469114982e-09
6.7215,2.4437948052105502e-09
6.72175,2.4438111361914584e-09
6.722,2.4437663904056283e-09
6.72225,2.4436620991712089e-09
6.7225,2.4434995900625035e-09
6.72275,2.4432826345384991e-09
6.723,2.4430148819141973e-09
6.72325,2.4427005073761499e-09
6.7235,2.4423437135474838e-09
6.72375,2.4419492697490203e-09
6.724,2.4415194211695295e-09
6.72425,2.4410586742404739e-09
6.7245,2.4405698723015093e-09
6.72475,2.4400571508893232e-09
6.725,2.4395221293873012e-09
6.72525,2.4389659378585398e-09
6.7255,2.4383880809095492e-09
6.72575,2.4377882746140131e-09
6.726,2.4371666833839081e-09
6.72625,2.4365214329690041e-09
6.7265,2.4358514742508735e-09
6.72675,2.4351546641944611e-09
6.727,2.4344302248872101e-09
6.72725,2.4336771607143449e-09
6.7275,2.4328935698568347e-09
6.72775,2.4320794175233535e-09
6.728,2.4312335741838391e-09
6.72825,2.4303581397459413e-09
6.7285,2.4294521108884551e-09
6.72875,2.428516604810212e-09
6.729,2.4275513086169013e-09
6.72925,2.4265560795393852e-09
6.7295,2.4255303298626136e-09
6.72975,2.4244726979061726e-09
6.73,2.4233811758477554e-09
6.73025,2.4222538644702894e-09
6.7305,2.4210881334852528e-09
6.73075,2.4198800132927462e-09
6.731,2.4186273119506782e-09
6.73125,2.4173266508603333e-09
6.7315,2.4159753601012711e-09
6.73175,2.4145702521954916e-09
6.732,2.4131098289780618e-09
6.73225,2.4115936944279074e-09
6.7325,2.4100225881352835e-09
6.73275,2.4083968215513354e-09
6.733,2.4067191470166684e-09
6.73325,2.404991445573343e-09
6.7335,2.4032158567015057e-09
6.73375,2.4013953518771464e-09
6.734,2.399532586710577e-09
6.73425,2.397629239592777e-09
6.7345,2.395685561751833e-09
6.73475,2.3937019737240254e-09
6.735,2.3916778970988136e-09
6.73525,2.3896111722430599e-09
6.7355,2.3874994410549364e-09
6.73575,2.3853393422209149e-09
6.736,2.383128386715793e-09
6.73625,2.3808623909132811e-09
6.7365,2.3785391654063403e-09
6.73675,2.3761584025917758e-09
6.737,2.3737186151126666e-09
6.73725,2.3712197790964146e-09
6.7375,2.3686656427249301e-09
6.73775,2.3660598820845256e-09
6.738,2.363408700820474e-09
6.73825,2.3607189268220408e-09
6.7385,2.3579984819798661e-09
6.73875,2.3552555048994278e-09
6.739,2.352501630162667e-09
6.73925,2.349746711786714e-09
6.7395,2.3470010519353402e-09
6.73975,2.3442748129213504e-09
6.74,2.3415766581596647e-09
6.74025,2.3389154084799188e-09
6.7405,2.3362976775460954e-09
6.74075,2.3337290557127369e-09
6.741,2.3312137004406836e-09
6.74125,2.3287541167302324e-09
6.7415,2.3263506589483163e-09
6.74175,2.3240012329499061e-09
6.742,2.3217039842741261e-09
6.74225,2.3194559301801608e-09
6.7425,2.317251401801513e-09
6.74275,2.3150844670965465e-09
6.743,2.3129481653117192e-09
6.74325,2.3108348203697484e-09
6.7435,2.3087359275158516e-09
6.74375,2.3066445579570507e-09
6.744,2.3045502529865773e-09
6.74425,2.3024444668237845e-09
6.7445,2.3003178488654952e-09
6.74475,2.2981608900681327e-09
6.745,2.2959649146857604e-09
6.74525,2.293721002819097e-09
6.7455,2.2914216913056866e-09
6.74575,2.2890586935011938e-09
6.746,2.2866278711892626e-09
6.74625,2.2841229753278355e-09
6.7465,2.2815419025184264e-09
6.74675,2.2788806586561573e-09
6.747,2.2761389019344922e-09
6.74725,2.2733160610244338e-09
6.7475,2.2704121233522637e-09
6.74775,2.2674279652380678e-09
6.748,2.2643645284833337e-09
6.74825,2.2612226320248427e-09
6.7485,2.2580028149073583e-09
6.74875,2.2547066575581376e-09
6.749,2.2513347513510268e-09
6.74925,2.2478888765717576e-09
6.7495,2.2443699694515448e-09
6.74975,2.2407791810618582e-09
6.75,2.2371172958925273e-09
6.75025,2.2333866194918411e-09
6.7505,2.2295881049708105e-09
6.75075,2.2257248034321692e-09
6.751,2.2217968782567029e-09
6.75125,2.2178073219385034e-09
6.7515,2.2137592593551077e-09
6.75175,2.2096538866019407e-09
6.752,2.205494393576027e-09
6.75225,2.2012829484443299e-09
6.7525,2.1970206638568942e-09
6.75275,2.1927103548142314e-09
6.753,2.1883549084865518e-09
6.75325,2.183955752153395e-09
6.7535,2.1795163782402911e-09
6.75375,2.1750412631836736e-09
6.754,2.1705349669153045e-09
6.75425,2.1660010461779852e-09
6.7545,2.1614453752937393e-09
6.75475,2.1568736158323545e-09
6.755,2.1522902483269324e-09
6.75525,2.1477015054776603e-09
6.7555,2.1431128157964834e-09
6.75575,2.1385281105774793e-09
6.756,2.1339526895193694e-09
6.75625,2.1293873691572617e-09
6.7565,2.124835007487607e-09
6.75675,2.1202979465987065e-09
6.757,2.1157747465725563e-09
6.75725,2.1112643090632523e-09
6.7575,2.106763840312757e-09
6.75775,2.1022725711582035e-09
6.758,2.0977856989707656e-09
6.75825,2.0933008127344886e-09
6.7585,2.0888143797289896e-09
6.75875,2.0843233383374808e-09
6.759,2.079823887676638e-09
6.75925,2.0753113226975328e-09
6.7595,2.070784233697115e-09
6.75975,2.0662374598218099e-09
6.76,2.0616681272638521e-09
6.76025,2.0570717590283715e-09
6.7605,2.0524449000396372e-09
6.76075,2.0477832009760433e-09
6.761,2.0430816788492681e-09
6.76125,2.0383380415788721e-09
6.7615,2.033547606507333e-09
6.76175,2.0287077848370194e-09
6.762,2.0238164441073935e-09
6.76225,2.0188717157867405e-09
6.7625,2.0138730466599062e-09
6.76275,2.0088208928290149e-09
6.763,2.0037167010425503e-09
6.76325,1.9985630227359971e-09
6.7635,1.9933637898667949e-09
6.76375,1.9881229927270497e-09
6.764,1.9828486547711555e-09
6.76425,1.9775456708546753e-09
6.7645,1.9722188370359503e-09
6.76475,1.9668762487618717e-09
6.765,1.9615241993776208e-09
6.76525,1.9561687090637359e-09
6.7655,1.950817086090874e-09
6.76575,1.945475143449021e-09
6.766,1.9401488742790246e-09
6.76625,1.9348430612848008e-09
6.7665,1.9295612838864407e-09
6.76675,1.9243071271027248e-09
6.767,1.9190815862969769e-09
6.76725,1.9138840744608983e-09
6.7675,1.9087126837895812e-09
6.76775,1.9035621244942711e-09
6.768,1.8984257649740217e-09
6.76825,1.8932967749686547e-09
6.7685,1.8881676601562271e-09
6.76875,1.8830274891085442e-09
6.769,1.8778661012933749e-09
6.76925,1.872674336975782e-09
6.7695,1.8674437824261503e-09
6.76975,1.8621682632874413e-09
6.77,1.8568413760884191e-09
6.77025,1.8514614656701225e-09
6.7705,1.8460274046367052e-09
6.77075,1.8405415798812617e-09
6.771,1.83500650960429e-09
6.77125,1.8294277222392732e-09
6.7715,1.823812795060217e-09
6.77175,1.8181705317736845e-09
6.772,1.812509845328667e-09
6.77225,1.8068422407326508e-09
6.7725,1.801178337509407e-09
6.77275,1.7955291180713018e-09
6.773,1.7899041933303547e-09
6.77325,1.7843160024384402e-09
6.7735,1.7787745454774465e-09
6.77375,1.7732871165271304e-09
6.774,1.7678647487539285e-09
6.77425,1.7625147769686899e-09
6.7745,1.7572418841032347e-09
6.77475,1.7520513757044117e-09
6.775,1.7469472680448148e-09
6.77525,1.7419321533395542e-09
6.7755,1.7370061364363497e-09
6.77575,1.7321703983211945e-09
6.776,1.7274250955355588e-09
6.77625,1.7227669082093994e-09
6.7765,1.7181950605991679e-09
6.77675,1.7137079957890467e-09
6.777,1.7093032850059703e-09
6.77725,1.7049797993565254e-09
6.7775,1.7007358624324807e-09
6.77775,1.6965700953365258e-09
6.778,1.6924806157293742e-09
6.77825,1.6884674690648737e-09
6.7785,1.6845286182240776e-09
6.77875,1.6806628681109631e-09
6.779,1.6768695412971952e-09
6.77925,1.673145598198352e-09
6.7795,1.6694872207033147e-09
6.77975,1.6658901701186446e-09
6.78,1.6623492244506114e-09
6.78025,1.6588575286300025e-09
6.7805,1.6554075643066411e-09
6.78075,1.6519896813637797e-09
6.781,1.648596659122609e-09
6.78125,1.6452185789287772e-09
6.7815,1.6418468264506826e-09
6.78175,1.638473992612224e-09
6.782,1.6350944295064789e-09
6.78225,1.6317037413722113e-09
6.7825,1.6282994437701404e-09
6.78275,1.6248810008552092e-09
6.783,1.6214536545404179e-09
6.78325,1.6180199413203721e-09
6.7835,1.6145889739990738e-09
6.78375,1.6111702356568664e-09
6.784,1.6077742061549622e-09
6.78425,1.6044137080211586e-09
6.7845,1.6011020198786093e-09
6.78475,1.5978533555329667e-09
6.785,1.5946802984218695e-09
6.78525,1.5915960671382473e-09
6.7855,1.5886110255658348e-09
6.78575,1.5857334880709847e-09
6.786,1.5829703607477203e-09
6.78625,1.5803275131088119e-09
6.7865,1.5778046004837696e-09
6.78675,1.5754007960372482e-09
6.787,1.5731109677546618e-09
6.78725,1.5709261479830428e-09
6.7875,1.5688368902675902e-09
6.78775,1.566829387563152e-09
6.788,1.5648885179012852e-09
6.78825,1.5629992263438118e-09
6.7885,1.5611440269912536e-09
6.78875,1.5593072715983126e-09
6.789,1.5574749194511458e-09
6.78925,1.5556341633962471e-09
6.7895,1.5537757288622058e-09
6.78975,1.5518946641963582e-09
6.79,1.5499868743810145e-09
6.79025,1.5480539170423199e-09
6.7905,1.5461001644966135e-09
6.79075,1.5441330018590531e-09
6.791,1.5421631375361879e-09
6.79125,1.5402036680421083e-09
6.7915,1.5382662133539634e-09
6.79175,1.5363660083187975e-09
6.792,1.5345171430834225e-09
6.79225,1.5327334891196941e-09
6.7925,1.5310289149364862e-09
6.79275,1.529415589406469e-09
6.793,1.5279047218233149e-09
6.79325,1.5265076388829128e-09
6.7935,1.5252337011315709e-09
6.79375,1.5240901448586795e-09
6.794,1.5230843990944306e-09
6.79425,1.5222215563008525e-09
6.7945,1.5215041797247157e-09
6.79475,1.5209339976372426e-09
6.795,1.5205108494658849e-09
6.79525,1.5202308569488777e-09
6.7955,1.520089815259958e-09
6.79575,1.5200817388530403e-09
6.796,1.5201974957683158e-09
6.79625,1.5204260132661403e-09
6.7965,1.5207565436383086e-09
6.79675,1.5211771069071023e-09
6.797,1.5216740756328708e-09
6.79725,1.5222357402189944e-09
6.7975,1.5228488986976372e-09
6.79775,1.5235021188770162e-09
6.798,1.5241842524377068e-09
6.79825,1.5248852284190553e-09
6.7985,1.5255994318024931e-09
6.79875,1.5263109781442353e-09
6.799,1.5270181785705934e-09
6.79925,1.5277145451422742e-09
6.7995,1.5283954611012614e-09
6.79975,1.5290572942302106e-09
6.8,1.5296981254037845e-09
6.80025,1.5303162029358424e-09
6.8005,1.5309110424041855e-09
6.80075,1.5314837091510235e-09
6.801,1.5320351365656597e-09
6.80125,1.5325656194059635e-09
6.8015,1.5330818640249923e-09
6.80175,1.5335853305439837e-09
6.802,1.5340816872589509e-09
6.80225,1.5345755039309026e-09
6.8025,1.5350743167758609e-09
6.80275,1.5355838412060872e-09
6.803,1.5361102625910584e-09
6.80325,1.5366591582172822e-09
6.8035,1.5372344378234891e-09
6.80375,1.5378398407026248e-09
6.804,1.5384783923902154e-09
6.80425,1.5391513482126327e-09
6.8045,1.5398585298926408e-09
6.80475,1.540600065556461e-09
6.805,1.5413739537696056e-09
6.80525,1.5421801083367648e-09
6.8055,1.5430162517432748e-09
6.80575,1.5438808225982961e-09
6.806,1.5447744772487492e-09
6.80625,1.5456927204608204e-09
6.8065,1.54664558120131e-09
6.80675,1.5476306182532717e-09
6.807,1.5486501797107138e-09
6.80725,1.5497076853448935e-09
6.8075,1.5508058972008769e-09
6.80775,1.5519472994876118e-09
6.808,1.5531346209407772e-09
6.80825,1.5543708070010081e-09
6.8085,1.5556569112474633e-09
6.80875,1.5569933171028693e-09
6.809,1.5583803417168572e-09
6.80925,1.5598160434004163e-09
6.8095,1.5612987635718906e-09
6.80975,1.5628238886973108e-09
6.81,1.5643886845898223e-09
6.81025,1.5659879651904883e-09
6.8105,1.5676182883332249e-09
6.81075,1.569272674484052e-09
6.811,1.5709455175943712e-09
6.81125,1.5726303778026921e-09
6.8115,1.5743210154726256e-09
6.81175,1.5760122924671806e-09
6.812,1.5776981168038568e-09
6.81225,1.5793726892659631e-09
6.8125,1.5810333757613971e-09
6.81275,1.5826783289160488e-09
6.813,1.58430525306406e-09
6.81325,1.5859152147372963e-09
6.8135,1.5875113556375463e-09
6.81375,1.5890995106759669e-09
6.814,1.5906866697300548e-09
6.81425,1.5922787395076244e-09
6.8145,1.5938874066268253e-09
6.81475,1.5955214260652861e-09
6.815,1.5971918921471368e-09
6.81525,1.5989111832771205e-09
6.8155,1.6006908191451044e-09
6.81575,1.6025400378394159e-09
6.816,1.6044701218615605e-09
6.81625,1.6064897061239692e-09
6.8165,1.6086076834391815e-09
6.81675,1.6108298384706295e-09
6.817,1.6131627230586165e-09
6.81725,1.6156100182795866e-09
6.8175,1.618175114749406e-09
6.81775,1.620858342398759e-09
6.818,1.6236587286970248e-09
6.81825,1.6265724405608704e-09
6.8185,1.629594617915477e-09
6.81875,1.6327199512114268e-09
6.819,1.6359398849203996e-09
6.81925,1.6392449943157246e-09
6.8195,1.6426235203925429e-09
6.81975,1.6460632941884327e-09
6.82,1.6495496962472884e-09
6.82025,1.6530689072900044e-09
6.8205,1.6566048851711408e-09
6.82075,1.6601432221531539e-09
6.821,1.6636697632607353e-09
6.82125,1.6671693135027957e-09
6.8215,1.6706290443155033e-09
6.82175,1.6740379860388414e-09
6.822,1.6773878758903415e-09
6.82225,1.6806712545853129e-09
6.8225,1.6838836652533901e-09
6.82275,1.6870239189656416e-09
6.823,1.6900941397680405e-09
6.82325,1.6930978128336861e-09
6.8235,1.696039986751821e-09
6.82375,1.6989291026339782e-09
6.824,1.7017766983839191e-09
6.82425,1.7045952306911854e-09
6.8245,1.7073952515385006e-09
6.82475,1.710190939872107e-09
6.825,1.7129971153391346e-09
6.82525,1.7158278871801675e-09
6.8255,1.7186972702477099e-09
6.82575,1.7216188161831196e-09
6.826,1.7246064462338343e-09
6.82625,1.7276735920156855e-09
6.8265,1.7308321214051508e-09
6.82675,1.7340926958829688e-09
6.827,1.737464029175923e-09
6.82725,1.7409531917579557e-09
6.8275,1.7445651244327315e-09
6.82775,1.7483011255906469e-09
6.828,1.7521637765294467e-09
6.82825,1.7561491426642686e-09
6.8285,1.7602516136649626e-09
6.82875,1.7644632414091808e-09
6.829,1.7687768132613414e-09
6.82925,1.7731781041646729e-09
6.8295,1.7776561760766528e-09
6.82975,1.7821984954550955e-09
6.83,1.7867911816394989e-09
6.83025,1.7914235693726348e-09
6.8305,1.7960816719395802e-09
6.83075,1.8007562995737379e-09
6.831,1.8054370671628982e-09
6.83125,1.8101162908368352e-09
6.8315,1.8147884120462259e-09
6.83175,1.8194515122492963e-09
6.832,1.8240992810733616e-09
6.83225,1.8287309578344398e-09
6.8325,1.8333467984042233e-09
6.83275,1.8379476008757902e-09
6.833,1.842536873093305e-09
6.83325,1.8471168900453999e-09
6.8335,1.8516906438572377e-09
6.83375,1.8562608058247939e-09
6.834,1.86083160174101e-09
6.83425,1.8654065228946051e-09
6.8345,1.8699932884933228e-09
6.83475,1.8745922334099491e-09
6.835,1.8792056557598175e-09
6.83525,1.8838370483984839e-09
6.8355,1.8884881944696675e-09
6.83575,1.8931603317723223e-09
6.836,1.8978542261380741e-09
6.83625,1.9025690389287625e-09
6.8365,1.9073056859485026e-09
6.83675,1.9120606601468036e-09
6.837,1.9168303801335383e-09
6.83725,1.9216113255227645e-09
6.8375,1.9264034258275919e-09
6.83775,1.9312046224965523e-09
6.838,1.9360139664547013e-09
6.83825,1.9408305739083015e-09
6.8385,1.9456523153746585e-09
6.83875,1.9504828538331824e-09
6.839,1.9553252554674197e-09
6.83925,1.9601813112827127e-09
6.8395,1.9650559726541797e-09
6.83975,1.9699543910941971e-09
6.84,1.9748802795935761e-09
6.84025,1.9798373185542617e-09
6.8405,1.9848307275644984e-09
6.84075,1.9898647708565252e-09
6.841,1.9949373490876956e-09
6.84125,2.0000504327247106e-09
6.8415,2.0052045258403297e-09
6.84175,2.0103983599988276e-09
6.842,2.0156283736709403e-09
6.84225,2.0208899845936689e-09
6.8425,2.0261806110248889e-09
6.84275,2.0314968923650441e-09
6.843,2.0368302651263755e-09
6.84325,2.0421793940820516e-09
6.8435,2.0475390485458891e-09
6.84375,2.0529040622190287e-09
6.844,2.0582726461634741e-09
6.84425,2.0636396012586839e-09
6.8445,2.0690002412551262e-09
6.84475,2.0743538327991241e-09
6.845,2.0796967261904692e-09
6.84525,2.0850270782364344e-09
6.8455,2.0903447303722017e-09
6.84575,2.0956494093564485e-09
6.846,2.1009405987407099e-09
6.84625,2.1062198779849451e-09
6.8465,2.111484483462482e-09
6.84675,2.1167374050244574e-09
6.847,2.1219782544327017e-09
6.84725,2.1272072374067167e-09
6.8475,2.132423126882042e-09
6.84775,2.1376264656889178e-09
6.848,2.1428177341216225e-09
6.84825,2.1479950123523217e-09
6.8485,2.153161425668824e-09
6.84875,2.1583140369649291e-09
6.849,2.1634544068604625e-09
6.84925,2.1685816923349582e-09
6.8495,2.1736957120290606e-09
6.84975,2.1787965051337266e-09
6.85,2.1838837823404244e-09
6.85025,2.188956779628866e-09
6.8505,2.194015088177069e-09
6.85075,2.1990587560348894e-09
6.851,2.2040895633607324e-09
6.85125,2.2091047936124812e-09
6.8515,2.2141058860503292e-09
6.85175,2.2190938651143368e-09
6.852,2.2240689223224451e-09
6.85225,2.2290319590558699e-09
6.8525,2.2339850630404041e-09
6.85275,2.2389272594333917e-09
6.853,2.2438575549992883e-09
6.85325,2.2487768260345784e-09
6.8535,2.2536805987347526e-09
6.85375,2.2585669807148555e-09
6.854,2.2634303926942209e-09
6.85425,2.2682653165493312e-09
6.8545,2.2730659046770399e-09
6.85475,2.2778242133661629e-09
6.855,2.2825343320815268e-09
6.85525,2.2871909562717923e-09
6.8555,2.2917874642524039e-09
6.85575,2.296317227235871e-09
6.856,2.3007742572280475e-09
6.85625,2.3051549379118989e-09
6.8565,2.309458772853193e-09
6.85675,2.3136842407936224e-09
6.857,2.3178314558659034e-09
6.85725,2.3219042476214927e-09
6.8575,2.3259025517629096e-09
6.85775,2.3298301169855902e-09
6.858,2.3336908387944248e-09
6.85825,2.3374884401556283e-09
6.8585,2.3412259200375414e-09
6.85875,2.3449058240455748e-09
6.859,2.3485291281518577e-09
6.85925,2.352094131619584e-09
6.8595,2.3555988192189109e-09
6.85975,2.3590409865798177e-09
6.86,2.3624134339827792e-09
6.86025,2.365709449420519e-09
6.8605,2.3689200897862097e-09
6.86075,2.3720383889105176e-09
6.861,2.3750566994826602e-09
6.86125,2.3779674752108341e-09
6.8615,2.380765688244175e-09
6.86175,2.3834436712202868e-09
6.862,2.3859996339657545e-09
6.86225,2.3884330786103927e-09
6.8625,2.3907456227575507e-09
6.86275,2.3929408625564103e-09
6.863,2.3950240520553808e-09
6.86325,2.3970032988907691e-09
6.8635,2.3988863127064986e-09
6.86375,2.4006836818436349e-09
6.864,2.402407170256384e-09
6.86425,2.404067078704192e-09
6.8645,2.4056746894528569e-09
6.86475,2.40724156192173e-09
6.865,2.4087763307807506e-09
6.86525,2.4102876773775851e-09
6.8655,2.4117818731830869e-09
6.86575,2.413265636041477e-09
6.866,2.4147416602023265e-09
6.86625,2.4162116433457584e-09
6.8665,2.4176755439338053e-09
6.86675,2.4191334518217999e-09
6.867,2.4205821120803622e-09
6.86725,2.4220192938973762e-09
6.8675,2.4234412631616422e-09
6.86775,2.4248444525246456e-09
6.868,2.4262265193323813e-09
6.86825,2.4275825748058028e-09
6.8685,2.4289103996652427e-09
6.86875,2.4302061844376271e-09
6.869,2.431466554710654e-09
6.86925,2.4326886163944755e-09
6.8695,2.4338704604530232e-09
6.86975,2.4350088890170332e-09
6.87,2.4361027795420714e-09
6.87025,2.4371503342850313e-09
6.8705,2.4381505658936138e-09
6.87075,2.4391029374205459e-09
6.871,2.4400077878810925e-09
6.87125,2.4408642157319242e-09
6.8715,2.4416730298092744e-09
6.87175,2.4424342593347621e-09
6.872,2.4431488251864505e-09
6.87225,2.4438161126983825e-09
6.8725,2.4444360318070656e-09
6.87275,2.4450060890337759e-09
6.873,2.4455251132933636e-09
6.87325,2.4459898654938606e-09
6.8735,2.4463960126185283e-09
6.87375,2.4467400259761746e-09
6.874,2.447016798357335e-09
6.87425,2.4472214957676309e-09
6.8745,2.4473498467820095e-09
6.87475,2.4473975696857175e-09
6.875,2.4473617519232775e-09
6.87525,2.4472396834182864e-09
6.8755,2.4470297801606428e-09
6.87575,2.4467314195613201e-09
6.876,2.4463454984824649e-09
6.87625,2.445873217211124e-09
6.8765,2.4453175395415937e-09
6.87675,2.4446808846465465e-09
6.877,2.4439667989448856e-09
6.87725,2.4431788730295523e-09
6.8775,2.4423209626260834e-09
6.87775,2.4413967626686471e-09
6.878,2.4404103435899987e-09
6.87825,2.4393651445167869e-09
6.8785,2.4382661360023865e-09
6.87875,2.4371166137002415e-09
6.879,2.4359213064732942e-09
6.87925,2.4346842015952788e-09
6.8795,2.4334109063243823e-09
6.87975,2.4321053045749188e-09
6.88,2.4307732511446923e-09
6.88025,2.4294194159293441e-09
6.8805,2.4280490893598437e-09
6.88075,2.4266669310098205e-09
6.881,2.4252771261314367e-09
6.88125,2.4238844100963786e-09
6.8815,2.4224913291471362e-09
6.88175,2.4211007222559913e-09
6.882,2.4197138376880081e-09
6.88225,2.4183309614465627e-09
6.8825,2.416951607652243e-09
6.88275,2.4155745284809087e-09
6.883,2.4141974979656777e-09
6.88325,2.4128179909708237e-09
6.8835,2.4114332353520591e-09
6.88375,2.4100390541884516e-09
6.884,2.4086315883354008e-09
6.88425,2.4072069363542226e-09
6.8845,2.4057602468559674e-09
6.88475,2.4042881610200211e-09
6.885,2.4027861913639012e-09
6.88525,2.4012519343518496e-09
6.8855,2.3996815039575003e-09
6.88575,2.3980723719618079e-09
6.886,2.3964226720902854e-09
6.88625,2.3947316086337917e-09
6.8865,2.3929994023216417e-09
6.88675,2.3912263099983714e-09
6.887,2.3894139001726156e-09
6.88725,2.3875650524107202e-09
6.8875,2.385682586690149e-09
6.88775,2.3837707320259019e-09
6.888,2.381833600040958e-09
6.88825,2.3798754513493645e-09
6.8885,2.3779006084358017e-09
6.88875,2.375913300051505e-09
6.889,2.3739164817125348e-09
6.88925,2.371913817775653e-09
6.8895,2.3699082147688813e-09
6.88975,2.3679025011628104e-09
6.89,2.3658990364499573e-09
6.89025,2.3639001341147806e-09
6.8905,2.3619067389124144e-09
6.89075,2.3599201074445497e-09
6.891,2.3579403140554487e-09
6.89125,2.355967798534596e-09
6.8915,2.3539992544099084e-09
6.89175,2.3520321030188565e-09
6.892,2.3500634825011438e-09
6.89225,2.3480872017567623e-09
6.8925,2.3460975960505993e-09
6.89275,2.3440872738085612e-09
6.893,2.3420487127309368e-09
6.89325,2.3399734504344315e-09
6.8935,2.3378542884096283e-09
6.89375,2.3356838582786737e-09
6.894,2.3334572695399693e-09
6.89425,2.3311689564319666e-09
6.8945,2.3288166909616382e-09
6.89475,2.3263979309968339e-09
6.895,2.3239138802059874e-09
6.89525,2.3213656801017759e-09
6.8955,2.318756198920114e-09
6.89575,2.3160888657427592e-09
6.896,2.3133665270886575e-09
6.89625,2.3105924090031962e-09
6.8965,2.3077688473002585e-09
6.89675,2.3048979204844689e-09
6.897,2.3019803755890486e-09
6.89725,2.2990165554176698e-09
6.8975,2.2960048929131634e-09
6.89775,2.2929437984533721e-09
6.898,2.2898319180024093e-09
6.89825,2.2866664355198432e-09
6.8985,2.2834423402372546e-09
6.89875,2.2801586368236904e-09
6.899,2.2768095475368799e-09
6.89925,2.2733943590797427e-09
6.8995,2.2699109792680211e-09
6.89975,2.2663569731330702e-09
6.9,2.2627340554737343e-09
6.90025,2.2590425996696916e-09
6.9005,2.2552852680832159e-09
6.90075,2.251465494453582e-09
6.901,2.2475875612383812e-09
6.90125,2.2436595778153265e-09
6.9015,2.239688357719381e-09
6.90175,2.2356829820473269e-09
6.902,2.2316536090771998e-09
6.90225,2.2276107660140063e-09
6.9025,2.2235647140943643e-09
6.90275,2.2195266316932108e-09
6.903,2.2155059807447378e-09
6.90325,2.211510621854274e-09
6.9035,2.2075489531466711e-09
6.90375,2.203626550359723e-09
6.904,2.1997470558806121e-09
6.90425,2.1959125062391091e-09
6.9045,2.1921223220903066e-09
6.90475,2.1883730393710874e-09
6.905,2.1846596573366396e-09
6.90525,2.1809738251465943e-09
6.9055,2.1773048035696506e-09
6.90575,2.1736413606328521e-09
6.906,2.1699719452581846e-09
6.90625,2.1662832270452461e-09
6.9065,2.1625601732110926e-09
6.90675,2.1587915720010003e-09
6.907,2.1549662297498651e-09
6.90725,2.1510742669038943e-09
6.9075,2.1471088123339595e-09
6.90775,2.1430654781324444e-09
6.908,2.1389417293890627e-09
6.90825,2.1347376914660303e-09
6.9085,2.1304561104909689e-09
6.90875,2.1261018930565236e-09
6.909,2.1216794745185704e-09
6.90925,2.1171972927321149e-09
6.9095,2.1126632595938064e-09
6.90975,2.1080858444275967e-09
6.91,2.103475273855371e-09
6.91025,2.0988413771925346e-09
6.9105,2.0941914645404007e-09
6.91075,2.0895338924669922e-09
6.911,2.0848776779783991e-09
6.91125,2.0802270924724301e-09
6.9115,2.0755864919604848e-09
6.91175,2.0709575165166553e-09
6.912,2.0663404698846732e-09
6.91225,2.061733438603682e-09
6.9125,2.0571334052500944e-09
6.91275,2.0525349089318512e-09
6.913,2.047931935542951e-09
6.91325,2.0433161513508277e-09
6.9135,2.0386798030785439e-09
6.91375,2.0340158256058369e-09
6.914,2.029314715375111e-09
6.91425,2.0245710427541316e-09
6.9145,2.0197771748803642e-09
6.91475,2.0149288922519132e-09
6.915,2.010023218237848e-09
6.91525,2.0050534448269676e-09
6.9155,2.0000189990518765e-09
6.91575,1.9949203324179594e-09
6.916,1.9897572577828625e-09
6.91625,1.9845297151436292e-09
6.9165,1.9792391430650046e-09
6.91675,1.9738866022097665e-09
6.917,1.968473869417492e-09
6.91725,1.963004272923268e-09
6.9175,1.9574812581300672e-09
6.91775,1.9519100191270902e-09
6.918,1.9462963929820697e-09
6.91825,1.9406456307101599e-09
6.9185,1.9349671872769389e-09
6.91875,1.9292678082726189e-09
6.919,1.9235574389335736e-09
6.91925,1.9178430832805083e-09
6.9195,1.9121336616233542e-09
6.91975,1.90643653220186e-09
6.92,1.900759977446509e-09
6.92025,1.8951097584366603e-09
6.9205,1.8894918175295412e-09
6.92075,1.8839135898209713e-09
6.921,1.8783778200634238e-09
6.92125,1.8728901877346041e-09
6.9215,1.867454184596611e-09
6.92175,1.8620724366431492e-09
6.922,1.8567486549064522e-09
6.92225,1.8514890342008154e-09
6.9225,1.8462918742952996e-09
6.92275,1.8411599684365684e-09
6.923,1.8360930276163505e-09
6.92325,1.8310911648005976e-09
6.9235,1.8261529888610093e-09
6.92375,1.8212744831210442e-09
6.924,1.8164497577985618e-09
6.92425,1.8116739132860226e-09
6.9245,1.8069390952383504e-09
6.92475,1.8022367597905901e-09
6.925,1.7975582205184411e-09
6.92525,1.7928956241213778e-09
6.9255,1.7882393303718604e-09
6.92575,1.7835804915019998e-09
6.926,1.778912787545489e-09
6.92625,1.7742301794505806e-09
6.9265,1.769528584629456e-09
6.92675,1.7648051643526299e-09
6.927,1.7600606852132851e-09
6.92725,1.7552956204281396e-09
6.9275,1.7505137313543108e-09
6.92775,1.7457191109921467e-09
6.928,1.7409164796393967e-09
6.92825,1.736112225486663e-09
6.9285,1.7313125716834242e-09
6.92875,1.7265239985659376e-09
6.929,1.7217522340167646e-09
6.92925,1.7170037121821173e-09
6.9295,1.7122841841752738e-09
6.92975,1.7075981755434308e-09
6.93,1.7029522063748976e-09
6.93025,1.6983497003978693e-09
6.9305,1.693794916298483e-09
6.93075,1.6892912645739989e-09
6.931,1.6848429222058085e-09
6.93125,1.6804538368597844e-09
6.9315,1.6761259444306246e-09
6.93175,1.671862054132124e-09
6.932,1.6676638465071732e-09
6.93225,1.6635301748003897e-09
6.9325,1.659461859278617e-09
6.93275,1.6554586501756365e-09
6.933,1.6515196030523785e-09
6.93325,1.6476421506436799e-09
6.9335,1.6438247147182909e-09
6.93375,1.6400651686107356e-09
6.934,1.6363595096204664e-09
6.93425,1.6327089156226549e-09
6.9345,1.6291092990185177e-09
6.93475,1.6255573548609632e-09
6.935,1.6220511745172671e-09
6.93525,1.6185874532972479e-09
6.9355,1.6151653234634794e-09
6.93575,1.6117811109797485e-09
6.936,1.6084317613222372e-09
6.93625,1.6051156297697536e-09
6.9365,1.6018286187746379e-09
6.93675,1.5985665710449467e-09
6.937,1.5953273701093125e-09
6.93725,1.5921080447777945e-09
6.9375,1.5889085425265129e-09
6.93775,1.5857291825520219e-09
6.938,1.5825697615404413e-09
6.93825,1.5794286449683842e-09
6.9385,1.5763100792173855e-09
6.93875,1.5732174568897766e-09
6.939,1.5701549056311266e-09
6.93925,1.5671269325327715e-09
6.9395,1.5641384960260393e-09
6.93975,1.5611954373938946e-09
6.94,1.5583023244522966e-09
6.94025,1.5554665744693233e-09
6.9405,1.5526950290161202e-09
6.94075,1.5499947290775287e-09
6.941,1.5473732386304438e-09
6.94125,1.5448362191851886e-09
6.9415,1.5423930501879088e-09
6.94175,1.5400475089254588e-09
6.942,1.5378082828972885e-09
6.94225,1.5356814241388341e-09
6.9425,1.5336720205011518e-09
6.94275,1.5317848856788003e-09
6.943,1.5300226804324293e-09
6.94325,1.5283868422481013e-09
6.9435,1.5268785971480452e-09
6.94375,1.5254968421240916e-09
6.944,1.5242389394513505e-09
6.94425,1.5231013628222769e-09
6.9445,1.5220785883903877e-09
6.94475,1.5211668922532981e-09
6.945,1.5203594497819686e-09
6.94525,1.5196491996028325e-09
6.9455,1.5190301453878338e-09
6.94575,1.518494581599626e-09
6.946,1.5180339127567087e-09
6.94625,1.5176407023956089e-09
6.9465,1.5173070900503989e-09
6.94675,1.5170244011953454e-09
6.947,1.5167838485042114e-09
6.94725,1.5165781746688717e-09
6.9475,1.516397822867127e-09
6.94775,1.5162335818400255e-09
6.948,1.5160791263934303e-09
6.94825,1.5159270727118133e-09
6.9485,1.5157706266137734e-09
6.94875,1.5156058612362395e-09
6.949,1.5154292748158259e-09
6.94925,1.5152378037546826e-09
6.9495,1.5150327000448923e-09
6.94975,1.5148151147354021e-09
6.95,1.5145891275447295e-09
6.95025,1.5143616554695916e-09
6.9505,1.514139908871793e-09
6.95075,1.5139308038158127e-09
6.951,1.5137495590847215e-09
6.95125,1.5136032215268308e-09
6.9515,1.5135056964618575e-09
6.95175,1.5134683914315564e-09
6.952,1.5135032993274062e-09
6.95225,1.5136230011221682e-09
6.9525,1.5138390161966266e-09
6.95275,1.5141606911436542e-09
6.953,1.5145978210168762e-09
6.95325,1.5151563894086782e-09
6.9535,1.5158424186735708e-09
6.95375,1.5166582139259864e-09
6.954,1.5176036446407259e-09
6.95425,1.5186775172320497e-09
6.9545,1.5198745240924743e-09
6.95475,1.5211873191353492e-09
6.955,1.5226069248209148e-09
6.95525,1.5241214449078583e-09
6.9555,1.5257179196139447e-09
6.95575,1.5273835904661843e-09
6.956,1.5291024958955215e-09
6.95625,1.530858600142657e-09
6.9565,1.5326391368606075e-09
6.95675,1.5344296137624341e-09
6.957,1.5362167161330139e-09
6.95725,1.5379892866521783e-09
6.9575,1.5397368572909367e-09
6.95775,1.5414525550297661e-09
6.958,1.5431305774552722e-09
6.95825,1.5447663461127701e-09
6.9585,1.5463614841041073e-09
6.95875,1.5479163338729725e-09
6.959,1.5494354230731925e-09
6.95925,1.5509243590221789e-09
6.9595,1.5523911258925421e-09
6.95975,1.5538450256695684e-09
6.96,1.5552952038732119e-09
6.96025,1.5567522710897029e-09
6.9605,1.5582255206369986e-09
6.96075,1.5597240859346845e-09
6.961,1.5612551678091901e-09
6.96125,1.5628262506653482e-09
6.9615,1.5644407101615005e-09
6.96175,1.5661000325724719e-09
6.962,1.5678069340410097e-09
6.96225,1.5695592110181552e-09
6.9625,1.5713561023825612e-09
6.96275,1.5731931600145766e-09
6.963,1.5750665176302291e-09
6.96325,1.5769732986949361e-09
6.9635,1.5789114164023161e-09
6.96375,1.5808780366438288e-09
6.964,1.5828714762601604e-09
6.96425,1.5848922542573673e-09
6.9645,1.5869414715689108e-09
6.96475,1.5890212139630144e-09
6.965,1.5911342283362251e-09
6.96525,1.5932832165766096e-09
6.9655,1.5954734911608819e-09
6.96575,1.5977093508924427e-09
6.966,1.5999938091316698e-09
6.96625,1.6023305006849839e-09
6.9665,1.6047199563334349e-09
6.96675,1.6071659963372524e-09
6.967,1.6096711002595801e-09
6.96725,1.6122329501717691e-09
6.9675,1.6148517470942146e-09
6.96775,1.6175231272358839e-09
6.968,1.6202428526804358e-09
6.96825,1.6230072743548894e-09
6.9685,1.625807386942082e-09
6.96875,1.6286366434169493e-09
6.969,1.6314872414627868e-09
6.96925,1.6343492808446632e-09
6.9695,1.6372146262823465e-09
6.96975,1.6400740064529296e-09
6.97,1.6429207313078281e-09
6.97025,1.6457472206548723e-09
6.9705,1.6485478714139131e-09
6.97075,1.6513180667818742e-09
6.971,1.6540549470478052e-09
6.97125,1.656759976154699e-09
6.9715,1.6594341457362938e-09
6.97175,1.662080620141459e-09
6.972,1.6647058317151509e-09
6.97225,1.6673156983290654e-09
6.9725,1.6699174586094778e-09
6.97275,1.6725227272881573e-09
6.973,1.675142212048063e-09
6.97325,1.677787277414699e-09
6.9735,1.6804659995795648e-09
6.97375,1.6831911609462938e-09
6.974,1.6859714055510215e-09
6.97425,1.6888153947817817e-09
6.9745,1.6917285030763364e-09
6.97475,1.6947157609486259e-09
6.975,1.6977793728073813e-09
6.97525,1.7009209129120965e-09
6.9755,1.7041414498611002e-09
6.97575,1.7074380765741829e-09
6.976,1.7108070242343559e-09
6.97625,1.7142456202249589e-09
6.9765,1.7177495465916139e-09
6.97675,1.7213146763610735e-09
6.977,1.7249380452649128e-09
6.97725,1.7286141926666774e-09
6.9775,1.7323420795598373e-09
6.97775,1.7361189160596213e-09
6.978,1.7399436850866011e-09
6.97825,1.7438142243481096e-09
6.9785,1.7477307901566954e-09
6.97875,1.7516933552193207e-09
6.979,1.7557013700373211e-09
6.97925,1.7597550850875499e-09
6.9795,1.76385464314577e-09
6.97975,1.7679974747789239e-09
6.98,1.772185709844594e-09
6.98025,1.7764161352474786e-09
6.9805,1.7806882300177506e-09
6.98075,1.7850005094611658e-09
6.981,1.7893543004053174e-09
6.98125,1.7937461413431524e-09
6.9815,1.7981742638448556e-09
6.98175,1.8026397642639114e-09
6.982,1.8071418667601154e-09
6.98225,1.8116818307499308e-09
6.9825,1.8162585935085482e-09
6.98275,1.8208739443686712e-09
6.983,1.8255260146206431e-09
6.98325,1.8302169638729213e-09
6.9835,1.8349449510433194e-09
6.98375,1.8397101097477371e-09
6.984,1.8445084591330368e-09
6.98425,1.8493385553924871e-09
6.9845,1.8541971482577829e-09
6.98475,1.8590767511233877e-09
6.985,1.8639708708621725e-09
6.98525,1.868874152140504e-09
6.9855,1.873781322293672e-09
6.98575,1.8786883886660723e-09
6.986,1.8835883963009277e-09
6.98625,1.8884774744583664e-09
6.9865,1.8933531277858881e-09
6.98675,1.8982112858551406e-09
6.987,1.903052104585751e-09
6.98725,1.9078749860204312e-09
6.9875,1.9126829490600761e-09
6.98775,1.9174768926323318e-09
6.988,1.9222610871440097e-09
6.98825,1.9270401985664241e-09
6.9885,1.9318186273069162e-09
6.98875,1.9366011015789981e-09
6.989,1.9413942122040926e-09
6.98925,1.9462011414550292e-09
6.9895,1.9510271443078806e-09
6.98975,1.9558748434412238e-09
6.99,1.9607504014488784e-09
6.99025,1.9656535500051687e-09
6.9905,1.9705847196204299e-09
6.99075,1.9755427449242928e-09
6.991,1.9805279137616638e-09
6.99125,1.9855378915787723e-09
6.9915,1.9905697144756888e-09
6.99175,1.9956197306565618e-09
6.992,2.0006815155559464e-09
6.99225,2.0057553703430175e-09
6.9925,2.0108368353277059e-09
6.99275,2.0159222407073964e-09
6.993,2.0210076884616174e-09
6.99325,2.0260935629652457e-09
6.9935,2.0311754760796033e-09
6.99375,2.036252107856756e-09
6.994,2.0413229666579673e-09
6.99425,2.0463886192451374e-09
6.9945,2.0514506124320533e-09
6.99475,2.0565091537714155e-09
6.995,2.0615685134355848e-09
6.99525,2.0666300362108156e-09
6.9955,2.0717015036754524e-09
6.99575,2.0767856459876029e-09
6.996,2.0818894728679589e-09
6.99625,2.087017056061666e-09
6.9965,2.0921762926666085e-09
6.99675,2.0973694943513652e-09
6.997,2.1026014184780359e-09
6.99725,2.1078755033797597e-09
6.9975,2.1131899997864065e-09
6.99775,2.1185464321375268e-09
6.998,2.1239393385819299e-09
6.99825,2.1293652318084188e-09
6.9985,2.1348153238780515e-09
6.99875,2.1402831052987913e-09
6.999,2.1457588762301171e-09
6.99925,2.1512317149429375e-09
6.9995,2.156691202810255e-09
6.99975,2.1621253624520903e-09
7.0,2.1675258216578985e-09
7.00025,2.1728798951396468e-09
7.0005,2.1781791227343367e-09
7.00075,2.1834139659413702e-09
7.001,2.188575649916871e-09
7.00125,2.1936581285584734e-09
7.0015,2.1986563798520947e-09
7.00175,2.2035674116625217e-09
7.002,2.2083874643859564e-09
7.00225,2.2131162700186604e-09
7.0025,2.2177540040492139e-09
7.00275,2.2223030264461741e-09
7.003,2.2267684171880054e-09
7.00325,2.231157449631405e-09
7.0035,2.2354757728447777e-09
7.00375,2.2397329929273715e-09
7.004,2.243938882253161e-09
7.00425,2.2481037912447884e-09
7.0045,2.252238122241506e-09
7.00475,2.2563527392365733e-09
7.005,2.2604562534903663e-09
7.00525,2.2645575390412605e-09
7.0055,2.2686658821672228e-09
7.00575,2.2727863953619806e-09
7.006,2.276923215541034e-09
7.00625,2.281077618925544e-09
7.0065,2.2852498182904908e-09
7.00675,2.2894387621116839e-09
7.007,2.2936405916621139e-09
7.00725,2.2978505753375146e-09
7.0075,2.3020634453924399e-09
7.00775,2.3062724545217523e-09
7.008,2.3104695151959609e-09
7.00825,2.3146464570619604e-09
7.0085,2.3187964498721489e-09
7.00875,2.3229099097031799e-09
7.009,2.3269780236277156e-09
7.00925,2.3309933748254511e-09
7.0095,2.3349462098744728e-09
7.00975,2.3388275112514884e-09
7.01,2.3426296578188446e-09
7.01025,2.3463445662677006e-09
7.0105,2.3499648786938788e-09
7.01075,2.3534844936868296e-09
7.011,2.3568989325203577e-09
7.01125,2.3602047442265226e-09
7.0115,2.3634008645105832e-09
7.01175,2.3664869235538414e-09
7.012,2.3694651554069887e-09
7.01225,2.3723383069467231e-09
7.0125,2.3751113317045074e-09
7.01275,2.3777902122252612e-09
7.013,2.380383057788708e-09
7.01325,2.3828974874943573e-09
7.0135,2.3853425306465523e-09
7.01375,2.3877275335303286e-09
7.014,2.3900621682506171e-09
7.01425,2.3923572476091794e-09
7.0145,2.3946229015692661e-09
7.01475,2.3968686115304604e-09
7.015,2.3991042681252443e-09
7.01525,2.4013395657093867e-09
7.0155,2.4035824448917892e-09
7.01575,2.4058405712158301e-09
7.016,2.408119903732297e-09
7.01625,2.4104236404233578e-09
7.0165,2.4127539956647572e-09
7.01675,2.4151091926102766e-09
7.017,2.4174861020744404e-09
7.01725,2.4198782321345494e-09
7.0175,2.4222769889046004e-09
7.01775,2.4246714281906946e-09
7.018,2.4270482385090916e-09
7.01825,2.4293945401812022e-09
7.0185,2.4316957618323369e-09
7.01875,2.4339375636680252e-09
7.019,2.4361059920977783e-09
7.01925,2.4381891390207217e-09
7.0195,2.4401751636085358e-09
7.01975,2.4420550800866382e-09
7.02,2.4438216360458453e-09
7.02025,2.4454693897466418e-09
7.0205,2.4469963189021887e-09
7.02075,2.4484010088960701e-09
7.021,2.449684160565433e-09
7.02125,2.4508480433958978e-09
7.0215,2.4518960318894589e-09
7.02175,2.4528322911760359e-09
7.022,2.4536623091940971e-09
7.02225,2.4543920697007349e-09
7.0225,2.4550273700734574e-09
7.02275,2.4555737102509668e-09
7.023,2.4560367740560524e-09
7.02325,2.4564205477912394e-09
7.0235,2.4567293025985319e-09
7.02375,2.4569661809599716e-09
7.024,2.4571326727892818e-09
7.02425,2.4572294204749714e-09
7.0245,2.4572563883762967e-09
7.02475,2.4572123345644822e-09
7.025,2.4570956449960114e-09
7.02525,2.4569037828019093e-09
7.0255,2.4566351947206476e-09
7.02575,2.4562880032958066e-09
7.026,2.4558620044318307e-09
7.02625,2.4553576114078564e-09
7.0265,2.4547766873690011e-09
7.02675,2.454122405033711e-09
7.027,2.4534002524971068e-09
7.02725,2.4526169213295593e-09
7.0275,2.4517797940883688e-09
7.02775,2.4508994009446892e-09
7.028,2.4499843644320795e-09
7.02825,2.4490452542471713e-09
7.0285,2.4480914323522013e-09
7.02875,2.447131562927962e-09
7.029,2.4461728200295396e-09
7.02925,2.4452211769765484e-09
7.0295,2.4442798661865847e-09
7.02975,2.4433508601153106e-09
7.03,2.44243173460992e-09
7.03025,2.4415198569189407e-09
7.0305,2.4406085693418094e-09
7.03075,2.4396911133338051e-09
7.031,2.4387578872371839e-09
7.03125,2.4378000137729584e-09
7.0315,2.4368071004754215e-09
7.03175,2.435769517491273e-09
7.032,2.4346787582879135e-09
7.03225,2.4335273828694592e-09
7.0325,2.4323088918161711e-09
7.03275,2.4310191977383351e-09
7.033,2.429656556268623e-09
7.03325,2.4282196281186649e-09
7.0335,2.42670925871001e-09
7.03375,2.425129582254736e-09
7.034,2.4234831079810167e-09
7.03425,2.4217758696138128e-09
7.0345,2.4200132778376489e-09
7.03475,2.4182031774056625e-09
7.035,2.4163530721867728e-09
7.03525,2.4144701107442335e-09
7.0355,2.4125634258523534e-09
7.03575,2.4106396698966891e-09
7.036,2.4087056091301618e-09
7.03625,2.4067674178350045e-09
7.0365,2.4048303251040125e-09
7.03675,2.4028969633942684e-09
7.037,2.4009712023068986e-09
7.03725,2.3990539969066964e-09
7.0375,2.397145617669831e-09
7.03775,2.3952456602213123e-09
7.038,2.3933544688380863e-09
7.03825,2.3914706940058171e-09
7.0385,2.3895935445228133e-09
7.03875,2.3877229265750729e-09
7.039,2.3858598552194905e-09
7.03925,2.38400376801241e-09
7.0395,2.3821570151288814e-09
7.03975,2.3803208229284318e-09
7.04,2.378496570534399e-09
7.04025,2.3766850590281392e-09
7.0405,2.374885336882696e-09
7.04075,2.3730971867930817e-09
7.041,2.3713177240324416e-09
7.04125,2.3695416758696677e-09
7.0415,2.3677637808787086e-09
7.04175,2.3659761168215567e-09
7.042,2.3641706861016968e-09
7.04225,2.3623376615383755e-09
7.0425,2.3604667608551053e-09
7.04275,2.3585483652735511e-09
7.043,2.3565725133120995e-09
7.04325,2.3545301677845314e-09
7.0435,2.3524114263814845e-09
7.04375,2.35020901626326e-09
7.044,2.3479144704780983e-09
7.04425,2.3455290304022313e-09
7.0445,2.3430349343242585e-09
7.04475,2.340431777042575e-09
7.045,2.3377181693575743e-09
7.04525,2.3348919328589245e-09
7.0455,2.3319543447644233e-09
7.04575,2.3289057077743474e-09
7.046,2.3257514485449386e-09
7.04625,2.3224964989717958e-09
7.0465,2.3191475868553145e-09
7.04675,2.3157169042850439e-09
7.047,2.31221372144982e-09
7.04725,2.3086485977626839e-09
7.0475,2.3050344434760377e-09
7.04775,2.3013833834741415e-09
7.048,2.2977077230476304e-09
7.04825,2.2940205760010685e-09
7.0485,2.2903310959156533e-09
7.04875,2.2866490019464485e-09
7.049,2.2829818170022199e-09
7.04925,2.2793357538310076e-09
7.0495,2.2757152875361528e-09
7.04975,2.2721226904132933e-09
7.05,2.2685599816568872e-09
7.05025,2.2650267966967297e-09
7.0505,2.2615220938030161e-09
7.05075,2.2580454334821063e-09
7.051,2.2545942202895136e-09
7.05125,2.2511637690429309e-09
7.0515,2.2477520549583903e-09
7.05175,2.2443522925172794e-09
7.052,2.2409622458920519e-09
7.05225,2.23757587492947e-09
7.0525,2.234186629003375e-09
7.05275,2.2307880434047088e-09
7.053,2.2273710530074946e-09
7.05325,2.2239294863606371e-09
7.0535,2.2204526907431332e-09
7.05375,2.216932519590753e-09
7.054,2.2133602355153614e-09
7.05425,2.2097270901428868e-09
7.0545,2.206027255993623e-09
7.05475,2.2022522139983533e-09
7.055,2.1983983646194215e-09
7.05525,2.1944612516856538e-09
7.0555,2.1904388991718572e-09
7.05575,2.1863341260462287e-09
7.056,2.1821483099287037e-09
7.05625,2.1778870978828727e-09
7.0565,2.1735562913020488e-09
7.05675,2.1691634415450927e-09
7.057,2.1647182385683919e-09
7.05725,2.160231874858638e-09
7.0575,2.1557121056974369e-09
7.05775,2.1511693501062153e-09
7.058,2.146614667410556e-09
7.05825,2.1420573658261906e-09
7.0585,2.137506360586435e-09
7.05875,2.1329697514235045e-09
7.059,2.1284512724237952e-09
7.05925,2.1239561300176554e-09
7.0595,2.1194867974132738e-09
7.05975,2.1150442403674812e-09
7.06,2.110628392439032e-09
7.06025,2.1062368757652961e-09
7.0605,2.1018658184002024e-09
7.06075,2.0975106925450988e-09
7.061,2.0931670603293298e-09
7.06125,2.0888260838875338e-09
7.0615,2.0844810028686331e-09
7.06175,2.0801239953632706e-09
7.062,2.0757489603535063e-09
7.06225,2.071351447240654e-09
7.0625,2.0669240247188254e-09
7.06275,2.0624612491519073e-09
7.063,2.0579599586657991e-09
7.06325,2.0534166265561293e-09
7.0635,2.0488269681735139e-09
7.06375,2.044189754486899e-09
7.064,2.0395036346227221e-09
7.06425,2.0347693418551411e-09
7.0645,2.0299863306046359e-09
7.06475,2.0251552547001964e-09
7.065,2.0202760939208871e-09
7.06525,2.015352440829664e-09
7.0655,2.0103857472137141e-09
7.06575,2.0053794892338541e-09
7.066,2.0003337712077812e-09
7.06625,1.9952524295958193e-09
7.0665,1.990137216867407e-09
7.06675,1.9849908070144147e-09
7.067,1.9798145286381573e-09
7.06725,1.9746084926435908e-09
7.0675,1.9693765750707275e-09
7.06775,1.9641193440639652e-09
7.068,1.9588372827600065e-09
7.06825,1.9535321017426018e-09
7.0685,1.9482050129822485e-09
7.06875,1.9428583451459589e-09
7.069,1.9374929294488741e-09
7.06925,1.9321115240392603e-09
7.0695,1.9267173307540637e-09
7.06975,1.9213130965889028e-09
7.07,1.9159020737862868e-09
7.07025,1.9104895692523417e-09
7.0705,1.9050776438452339e-09
7.07075,1.899671274034793e-09
7.071,1.8942718885194231e-09
7.07125,1.8888863081637839e-09
7.0715,1.8835134592245194e-09
7.07175,1.8781585086219674e-09
7.072,1.8728212604823811e-09
7.07225,1.867502918709182e-09
7.0725,1.8622033737300012e-09
7.07275,1.8569218778229776e-09
7.073,1.8516550982831675e-09
7.07325,1.8464050999818903e-09
7.0735,1.8411690935139539e-09
7.07375,1.8359446836234687e-09
7.074,1.8307278595210845e-09
7.07425,1.8255162776867498e-09
7.0745,1.8203081064691613e-09
7.07475,1.8151026676770466e-09
7.075,1.8098987265620075e-09
7.07525,1.8046943351995293e-09
7.0755,1.7994933613055245e-09
7.07575,1.7942980147051757e-09
7.076,1.7891111471145529e-09
7.07625,1.7839357615864944e-09
7.0765,1.7787820323919297e-09
7.07675,1.7736532829435852e-09
7.077,1.7685579983076196e-09
7.07725,1.7635030451856427e-09
7.0775,1.7584983907186402e-09
7.07775,1.7535504379538708e-09
7.078,1.748665984573464e-09
7.07825,1.7438517790123641e-09
7.0785,1.7391146528101361e-09
7.07875,1.7344596217482791e-09
7.079,1.7298920595861336e-09
7.07925,1.725412001990425e-09
7.0795,1.7210233941459189e-09
7.07975,1.716725280188889e-09
7.08,1.7125180273777621e-09
7.08025,1.708401041572379e-09
7.0805,1.7043696929426483e-09
7.08075,1.7004213498269615e-09
7.081,1.6965513441615532e-09
7.08125,1.6927549142755178e-09
7.0815,1.6890282748523063e-09
7.08175,1.6853652201543607e-09
7.082,1.6817575331986993e-09
7.08225,1.6782014276703929e-09
7.0825,1.6746907258716779e-09
7.08275,1.6712182912337986e-09
7.083,1.667778705303246e-09
7.08325,1.664364632455991e-09
7.0835,1.660973649505632e-09
7.08375,1.6576019820097481e-09
7.084,1.654242479030177e-09
7.08425,1.6508959138290616e-09
7.0845,1.6475597206941777e-09
7.08475,1.6442341676273763e-09
7.085,1.6409194782232987e-09
7.08525,1.6376135729950095e-09
7.0855,1.6343169154219339e-09
7.08575,1.6310311430019547e-09
7.086,1.627755624540708e-09
7.08625,1.6244931689649217e-09
7.0865,1.6212419840850383e-09
7.08675,1.6180044106461889e-09
7.087,1.6147825554380149e-09
7.08725,1.6115770573567047e-09
7.0875,1.6083904225225668e-09
7.08775,1.6052266120613567e-09
7.088,1.602090138092584e-09
7.08825,1.5989852753993399e-09
7.0885,1.5959188926882388e-09
7.08875,1.592899502885985e-09
7.089,1.5899328947961855e-09
7.08925,1.5870275117854296e-09
7.0895,1.5841929760375477e-09
7.08975,1.5814355097917944e-09
7.09,1.578763092480137e-09
7.09025,1.5761820231265518e-09
7.0905,1.573696827262873e-09
7.09075,1.5713100080852767e-09
7.091,1.5690239189455729e-09
7.09125,1.5668405991965981e-09
7.0915,1.564759143845878e-09
7.09175,1.5627760076131406e-09
7.092,1.5608875693725059e-09
7.09225,1.559089188013189e-09
7.0925,1.5573761936118887e-09
7.09275,1.5557404910662964e-09
7.093,1.5541770518077153e-09
7.09325,1.5526791410393964e-09
7.0935,1.5512400579858569e-09
7.09375,1.5498541223253076e-09
7.094,1.5485142951712056e-09
7.09425,1.5472148254176021e-09
7.0945,1.5459507291850784e-09
7.09475,1.5447184377211403e-09
7.095,1.5435140756043988e-09
7.09525,1.5423359880033725e-09
7.0955,1.5411824306497588e-09
7.09575,1.5400527455314185e-09
7.096,1.5389451373702545e-09
7.09625,1.5378615167877966e-09
7.0965,1.5368009514448387e-09
7.09675,1.5357656643212511e-09
7.097,1.5347558426381568e-09
7.09725,1.5337729688406081e-09
7.0975,1.5328188072520696e-09
7.09775,1.5318929232351319e-09
7.098,1.5309964040653564e-09
7.09825,1.5301303432502514e-09
7.0985,1.5292950791131723e-09
7.09875,1.5284931734984306e-09
7.099,1.5277243588393301e-09
7.09925,1.5269896005410994e-09
7.0995,1.5262912637472857e-09
7.09975,1.5256300141792774e-09
7.1,1.5250102717043542e-09
7.10025,1.524435218720646e-09
7.1005,1.5239093351780341e-09
7.10075,1.5234370300029562e-09
7.101,1.5230259663560429e-09
7.10125,1.5226831210985916e-09
7.1015,1.5224147919715763e-09
7.10175,1.5222295867568048e-09
7.102,1.5221341345703491e-09
7.10225,1.5221355719809975e-09
7.1025,1.5222406962128831e-09
7.10275,1.5224546900209583e-09
7.103,1.5227802274770946e-09
7.10325,1.5232202706740354e-09
7.1035,1.5237750793416973e-09
7.10375,1.5244427850291664e-09
7.104,1.5252196551128686e-09
7.10425,1.5260997916341607e-09
7.1045,1.5270772773608029e-09
7.10475,1.5281452628383945e-09
7.105,1.5292944704046746e-09
7.10525,1.530516831565012e-09
7.1055,1.5318038941985947e-09
7.10575,1.5331467409878023e-09
7.106,1.5345374788917524e-09
7.10625,1.5359700252564496e-09
7.1065,1.5374394484819663e-09
7.10675,1.5389424691719989e-09
7.107,1.5404770727793298e-09
7.10725,1.5420407637866544e-09
7.1075,1.5436348842236613e-09
7.10775,1.5452603138686212e-09
7.108,1.5469181320954723e-09
7.10825,1.5486105060472886e-09
7.1085,1.5503375302442445e-09
7.10875,1.5521014016223292e-09
7.109,1.5539015016903653e-09
7.10925,1.555738981654498e-09
7.1095,1.5576106135356654e-09
7.10975,1.5595164575038394e-09
7.11,1.5614535922247838e-09
7.11025,1.5634200072200991e-09
7.1105,1.5654125776803674e-09
7.11075,1.5674299647919794e-09
7.111,1.5694701052550015e-09
7.11125,1.5715325773501068e-09
7.1115,1.5736165314656233e-09
7.11175,1.575725062681825e-09
7.112,1.5778595711373687e-09
7.11225,1.580024228258921e-09
7.1125,1.5822215962977208e-09
7.11275,1.5844581605415456e-09
7.113,1.5867369726761516e-09
7.11325,1.5890634583115184e-09
7.1135,1.5914430988548828e-09
7.11375,1.5938797781307978e-09
7.114,1.5963756277567858e-09
7.11425,1.5989328118672927e-09
7.1145,1.6015504580512893e-09
7.11475,1.6042271058824795e-09
7.115,1.6069595927284468e-09
7.11525,1.6097433027691146e-09
7.1155,1.6125708934868736e-09
7.11575,1.6154349680305211e-09
7.116,1.6183268433422509e-09
7.11625,1.6212366328723094e-09
7.1165,1.6241540709292362e-09
7.11675,1.6270687790408417e-09
7.117,1.6299709551467868e-09
7.11725,1.6328526399545534e-09
7.1175,1.6357064170471601e-09
7.11775,1.6385248723532809e-09
7.118,1.6413039437494919e-09
7.11825,1.6440390863821899e-09
7.1185,1.6467286208493451e-09
7.11875,1.6493716898193478e-09
7.119,1.6519691853824788e-09
7.11925,1.6545239843098574e-09
7.1195,1.6570399718564429e-09
7.11975,1.6595214523791066e-09
7.12,1.6619740525803521e-09
7.12025,1.6644068358822956e-09
7.1205,1.6668278476848179e-09
7.12075,1.6692452180299066e-09
7.121,1.671668419818145e-09
7.12125,1.6741078249355174e-09
7.1215,1.6765720464046944e-09
7.12175,1.6790706561280897e-09
7.122,1.6816101501583157e-09
7.12225,1.6841990935315979e-09
7.1225,1.6868428931962133e-09
7.12275,1.6895450659413256e-09
7.123,1.6923107137937336e-09
7.12325,1.6951413753865682e-09
7.1235,1.6980396978572471e-09
7.12375,1.701005738105405e-09
7.124,1.7040399285592844e-09
7.12425,1.7071411777530555e-09
7.1245,1.7103079453822854e-09
7.12475,1.7135390528949783e-09
7.125,1.7168331125983579e-09
7.12525,1.7201865411125076e-09
7.1255,1.72359629023599e-09
7.12575,1.727058532215934e-09
7.126,1.7305684600672377e-09
7.12625,1.734121369471923e-09
7.1265,1.7377118797968815e-09
7.12675,1.7413330647400719e-09
7.127,1.7449783790532189e-09
7.12725,1.7486407947303741e-09
7.1275,1.7523132570075184e-09
7.12775,1.7559895354161942e-09
7.128,1.7596617565532851e-09
7.12825,1.763325755618657e-09
7.1285,1.7669771568093843e-09
7.12875,1.7706114921846104e-09
7.129,1.7742275390570455e-09
7.12925,1.7778240240512908e-09
7.1295,1.7814028240896122e-09
7.12975,1.7849654275372087e-09
7.13,1.788515703026158e-09
7.13025,1.792060019195877e-09
7.1305,1.7956038813981398e-09
7.13075,1.7991549164424804e-09
7.131,1.8027211214520115e-09
7.13125,1.806311086352142e-09
7.1315,1.809932332914343e-09
7.13175,1.813594021292932e-09
7.132,1.8173046538083409e-09
7.13225,1.821071012476374e-09
7.1325,1.8248992662541263e-09
7.13275,1.8287952823524646e-09
7.133,1.8327640512662955e-09
7.13325,1.8368089422974464e-09
7.1335,1.8409308981618426e-09
7.13375,1.8451295774846662e-09
7.134,1.8494024855912857e-09
7.13425,1.8537466174022115e-09
7.1345,1.858154531453822e-09
7.13475,1.8626195546451417e-09
7.135,1.8671331126768561e-09
7.13525,1.8716847577628098e-09
7.1355,1.8762662991520169e-09
7.13575,1.8808660496062495e-09
7.136,1.8854755413443612e-09
7.13625,1.8900856505247409e-09
7.1365,1.8946876338419162e-09
7.13675,1.8992749361484009e-09
7.137,1.9038416875517755e-09
7.13725,1.9083849853305051e-09
7.1375,1.91290127693487e-09
7.13775,1.9173920361204205e-09
7.138,1.9218571721301516e-09
7.13825,1.9263014642344701e-09
7.1385,1.9307258973537412e-09
7.13875,1.9351392507343935e-09
7.139,1.9395483831519087e-09
7.13925,1.943961117309832e-09
7.1395,1.9483846786848436e-09
7.13975,1.95282891357738e-09
7.14,1.9573029884790925e-09
7.14025,1.9618149009728481e-09
7.1405,1.9663717324569611e-09
7.14075,1.9709795807936926e-09
7.141,1.9756435808854781e-09
7.14125,1.980365129507645e-09
7.1415,1.9851445092782172e-09
7.14175,1.989978247630334e-09
7.142,1.9948641678199953e-09
7.14225,1.9997955386868483e-09
7.1425,2.0047644028228802e-09
7.14275,2.0097620595889541e-09
7.143,2.0147832755963585e-09
7.14325,2.0198191797722158e-09
7.1435,2.024863914063355e-09
7.14375,2.0299093087453909e-09
7.144,2.0349555294165737e-09
7.14425,2.0399986732216142e-09
7.1445,2.045035341241683e-09
7.14475,2.0500678813612181e-09
7.145,2.05509424535543e-09
7.14525,2.0601192912453916e-09
7.1455,2.0651454719653178e-09
7.14575,2.0701722800790416e-09
7.146,2.075204258121357e-09
7.14625,2.0802421060737603e-09
7.1465,2.0852878678987087e-09
7.14675,2.0903409897591384e-09
7.147,2.095403302927964e-09
7.14725,2.1004729946447496e-09
7.1475,2.1055481106130584e-09
7.14775,2.1106292318042607e-09
7.148,2.1157121643548657e-09
7.14825,2.1207941470145763e-09
7.1485,2.125871667257828e-09
7.14875,2.1309387892327741e-09
7.149,2.1359922528831803e-09
7.14925,2.1410243031800002e-09
7.1495,2.146028830314632e-09
7.14975,2.1509985159730752e-09
7.15,2.155927158493646e-09
7.15025,2.160809160388519e-09
7.1505,2.165638213861464e-09
7.15075,2.1704083275530363e-09
7.151,2.175117499521619e-09
7.15125,2.17976321314435e-09
7.1515,2.1843448657690244e-09
7.15175,2.188862285778709e-09
7.152,2.193317969508483e-09
7.15225,2.1977187224205098e-09
7.1525,2.2020667987395209e-09
7.15275,2.2063694417207914e-09
7.153,2.2106320993642568e-09
7.15325,2.2148616611478557e-09
7.1535,2.2190635447260923e-09
7.15375,2.2232422480024963e-09
7.154,2.2274029303395386e-09
7.15425,2.2315465020716506e-09
7.1545,2.2356747280531438e-09
7.15475,2.2397885479927376e-09
7.155,2.2438873896715642e-09
7.15525,2.2479669350513205e-09
7.1555,2.2520249853776824e-09
7.15575,2.2560570737387515e-09
7.156,2.2600595115154485e-09
7.15625,2.264028931605793e-09
7.1565,2.2679644264790918e-09
7.15675,2.2718618585619896e-09
7.157,2.2757217596530784e-09
7.15725,2.2795442206486857e-09
7.1575,2.2833274315489405e-09
7.15775,2.2870761071945034e-09
7.158,2.2907902809704004e-09
7.15825,2.2944755052331792e-09
7.1585,2.2981347590828365e-09
7.15875,2.3017676305576206e-09
7.159,2.305378843057463e-09
7.15925,2.3089676600164229e-09
7.1595,2.3125361734241717e-09
7.15975,2.3160847916616807e-09
7.16,2.3196102494592006e-09
7.16025,2.3231082485266359e-09
7.1605,2.326577267129312e-09
7.16075,2.3300089169001548e-09
7.161,2.333397297900165e-09
7.16125,2.3367329217954785e-09
7.1615,2.3400070046628336e-09
7.16175,2.3432098092640185e-09
7.162,2.3463336325383496e-09
7.16225,2.3493702958106617e-09
7.1625,2.3523109960996966e-09
7.16275,2.3551532509660649e-09
7.163,2.3578939534287162e-09
7.16325,2.3605277627696243e-09
7.1635,2.3630719245817584e-09
7.16375,2.3655261370070206e-09
7.164,2.3679014138096654e-09
7.16425,2.3702110919973007e-09
7.1645,2.3724688254778314e-09
7.16475,2.3746925626527856e-09
7.165,2.3768983998844994e-09
7.16525,2.3791027509220349e-09
7.1655,2.3813213531994517e-09
7.16575,2.383570527471308e-09
7.166,2.3858599223608441e-09
7.16625,2.388199478020624e-09
7.1665,2.3905939616126705e-09
7.16675,2.3930470115159407e-09
7.167,2.3955587168877239e-09
7.16725,2.3981257908998223e-09
7.1675,2.4007413028552245e-09
7.16775,2.4033959552374638e-09
7.168,2.4060791462345743e-09
7.16825,2.4087756216976116e-09
7.1685,2.4114694010098084e-09
7.16875,2.4141446317427201e-09
7.169,2.4167828763690423e-09
7.16925,2.419366577564536e-09
7.1695,2.4218770895688383e-09
7.16975,2.4242983989628813e-09
7.17,2.4266136741149669e-09
7.17025,2.428808749619602e-09
7.1705,2.430873007759034e-09
7.17075,2.4327979610831162e-09
7.171,2.4345789505031745e-09
7.17125,2.4362100569798917e-09
7.1715,2.4376925847785223e-09
7.17175,2.4390311210925447e-09
7.172,2.4402302412295326e-09
7.17225,2.4412970799964403e-09
7.1725,2.4422395067472902e-09
7.17275,2.4430657767820885e-09
7.173,2.4437852461101183e-09
7.17325,2.4444057289310263e-09
7.1735,2.4449350414296893e-09
7.17375,2.4453805137699886e-09
7.174,2.4457468284787295e-09
7.17425,2.4460374381454054e-09
7.1745,2.4462550839525479e-09
7.17475,2.4464013140342475e-09
7.175,2.4464773295750909e-09
7.17525,2.4464831150096337e-09
7.1755,2.4464201399952914e-09
7.17575,2.4462880469747772e-09
7.176,2.4460872174272323e-09
7.17625,2.4458207025721801e-09
7.1765,2.4454892880675857e-09
7.17675,2.4450968216981861e-09
7.177,2.444646669683443e-09
7.17725,2.4441414231406877e-09
7.1775,2.4435846676122611e-09
7.17775,2.4429799145225285e-09
7.178,2.4423320167833945e-09
7.17825,2.4416434882462823e-09
7.1785,2.4409176701251132e-09
7.17875,2.4401561192148059e-09
7.179,2.4393636978123233e-09
7.17925,2.4385394304357007e-09
7.1795,2.4376867192846757e-09
7.17975,2.4368059487179779e-09
7.18,2.4358982685178265e-09
7.18025,2.4349639981145382e-09
7.1805,2.4340020612080904e-09
7.18075,2.4330119637856029e-09
7.181,2.4319908739008944e-09
7.18125,2.4309363637024784e-09
7.1815,2.4298435207641006e-09
7.18175,2.4287077795236354e-09
7.182,2.4275243569863063e-09
7.18225,2.4262864881541326e-09
7.1825,2.42499023004093e-09
7.18275,2.4236307426503092e-09
7.183,2.4222048239074984e-09
7.18325,2.4207108500802674e-09
7.1835,2.4191461657557048e-09
7.18375,2.4175120038761829e-09
7.184,2.4158116140640658e-09
7.18425,2.414047391539913e-09
7.1845,2.4122238614722454e-09
7.18475,2.4103463855742565e-09
7.185,2.4084191251753825e-09
7.18525,2.4064476225324571e-09
7.1855,2.4044375296434781e-09
7.18575,2.4023923081044219e-09
7.186,2.4003164648693953e-09
7.18625,2.3982153384578511e-09
7.1865,2.3960914399941956e-09
7.18675,2.3939493725095269e-09
7.187,2.3917955742138829e-09
7.18725,2.3896343685142086e-09
7.1875,2.387472201508072e-09
7.18775,2.3853158140941875e-09
7.188,2.3831712248992363e-09
7.18825,2.3810466269639811e-09
7.1885,2.3789478188292968e-09
7.18875,2.3768776620579738e-09
7.189,2.3748410142189377e-09
7.18925,2.3728402845527114e-09
7.1895,2.3708751958216399e-09
7.18975,2.368944902330594e-09
7.19,2.3670445840522758e-09
7.19025,2.3651692102863368e-09
7.1905,2.3633118822941601e-09
7.19075,2.3614643224413078e-09
7.191,2.3596167813952679e-09
7.19125,2.3577597061478708e-09
7.1915,2.3558811596859073e-09
7.19175,2.3539702115429017e-09
7.192,2.35201511984299e-09
7.19225,2.3500046268250282e-09
7.1925,2.3479259769265786e-09
7.19275,2.3457661234840098e-09
7.193,2.3435141308143886e-09
7.19325,2.3411596262320294e-09
7.1935,2.3386924140900104e-09
7.19375,2.3361052439566919e-09
7.194,2.3333921885264145e-09
7.19425,2.3305495730589903e-09
7.1945,2.3275772551077889e-09
7.19475,2.3244765892259671e-09
7.195,2.3212529668547948e-09
7.19525,2.3179137625718072e-09
7.1955,2.3144696067071229e-09
7.19575,2.3109328686388799e-09
7.196,2.3073161946912428e-09
7.19625,2.3036357100263133e-09
7.1965,2.2999064628063836e-09
7.19675,2.2961415549727277e-09
7.197,2.2923567946049224e-09
7.19725,2.2885640741331733e-09
7.1975,2.2847763227761358e-09
7.19775,2.2810023571766626e-09
7.198,2.2772519824909517e-09
7.19825,2.2735318442189508e-09
7.1985,2.2698478062733358e-09
7.19875,2.2662029733674648e-09
7.199,2.2626000433914899e-09
7.19925,2.2590396656535394e-09
7.1995,2.2555237792387337e-09
7.19975,2.252052337377088e-09
7.2,2.2486227015042475e-09
7.20025,2.2452322859017111e-09
7.2005,2.2418779443075567e-09
7.20075,2.2385570417815028e-09
7.201,2.2352661511688276e-09
7.20125,2.2320021861939544e-09
7.2015,2.2287598642520759e-09
7.20175,2.2255365618408376e-09
7.202,2.2223283531832338e-09
7.20225,2.2191310496956549e-09
7.2025,2.2159405437614533e-09
7.20275,2.2127536524204105e-09
7.203,2.2095659990078604e-09
7.20325,2.2063729583166052e-09
7.2035,2.2031688836773203e-09
7.20375,2.1999482935781774e-09
7.204,2.1967049927283268e-09
7.20425,2.1934334985035552e-09
7.2045,2.190128379375422e-09
7.20475,2.1867811170540994e-09
7.205,2.183385362481023e-09
7.20525,2.179935435880776e-09
7.2055,2.1764252371866222e-09
7.20575,2.1728491719689904e-09
7.206,2.1692053030603982e-09
7.20625,2.1654901236454212e-09
7.2065,2.1617028847588905e-09
7.20675,2.1578437442135416e-09
7.207,2.1539143356567781e-09
7.20725,2.14991943278872e-09
7.2075,2.1458658507826854e-09
7.20775,2.1417619332136967e-09
7.208,2.1376166122227984e-09
7.20825,2.13344084864991e-09
7.2085,2.1292458982841869e-09
7.20875,2.1250424873634826e-09
7.209,2.1208474074420436e-09
7.20925,2.1166710739805072e-09
7.2095,2.1125236570129836e-09
7.20975,2.1084158088576464e-09
7.21,2.1043543851551998e-09
7.21025,2.1003453850552004e-09
7.2105,2.0963928426350598e-09
7.21075,2.0924968424614872e-09
7.211,2.0886540775455043e-09
7.21125,2.0848620420697285e-09
7.2115,2.0811130138646631e-09
7.21175,2.077398660846842e-09
7.212,2.0737094107249083e-09
7.21225,2.0700346019923885e-09
7.2125,2.066363013197251e-09
7.21275,2.06268442115233e-09
7.213,2.0589879133313356e-09
7.21325,2.0552639733201387e-09
7.2135,2.0515034354293364e-09
7.21375,2.0476982432712912e-09
7.214,2.0438439806792296e-09
7.21425,2.0399348233489718e-09
7.2145,2.0359677184780436e-09
7.21475,2.0319394772912454e-09
7.215,2.0278504292893384e-09
7.21525,2.0237002480501897e-09
7.2155,2.0194909781359674e-09
7.21575,2.015223318475183e-09
7.216,2.0109038823875543e-09
7.21625,2.006532718401606e-09
7.2165,2.0021142259267499e-09
7.21675,1.9976541825644047e-09
7.217,1.9931556346718879e-09
7.21725,1.9886239106535773e-09
7.2175,1.9840613500216538e-09
7.21775,1.9794736533962385e-09
7.218,1.9748634357739909e-09
7.21825,1.9702332977706804e-09
7.2185,1.9655856111673683e-09
7.21875,1.9609254454509115e-09
7.219,1.9562524664334927e-09
7.21925,1.9515725220833943e-09
7.2195,1.9468857326211624e-09
7.21975,1.9421959181286397e-09
7.22,1.9375084337510173e-09
7.22025,1.9328248433186143e-09
7.2205,1.928150736925934e-09
7.22075,1.9234881674607568e-09
7.221,1.918841901917191e-09
7.22125,1.9142146899450688e-09
7.2215,1.9096091273064985e-09
7.22175,1.9050293958133256e-09
7.222,1.9004792275969639e-09
7.22225,1.8959577010755617e-09
7.2225,1.8914666176560829e-09
7.22275,1.8870043625357331e-09
7.223,1.8825680495494925e-09
7.22325,1.878156594383996e-09
7.2235,1.8737633438963391e-09
7.22375,1.8693843661813586e-09
7.224,1.8650118993385973e-09
7.22425,1.8606415245053379e-09
7.2245,1.856263921782913e-09
7.22475,1.8518738808902981e-09
7.225,1.8474667866747147e-09
7.22525,1.8430359094851353e-09
7.2255,1.8385786165963145e-09
7.22575,1.8340930244035903e-09
7.226,1.8295783321943567e-09
7.22625,1.8250346424902502e-09
7.2265,1.8204658845470311e-09
7.22675,1.8158734674475281e-09
7.227,1.811265564144076e-09
7.22725,1.8066455517362724e-09
7.2275,1.8020212112652277e-09
7.22775,1.7973998806515504e-09
7.228,1.7927861552301902e-09
7.22825,1.7881877477267149e-09
7.2285,1.7836102127168039e-09
7.22875,1.779057037620283e-09
7.229,1.7745343116150199e-09
7.22925,1.7700443434323613e-09
7.2295,1.7655911603291071e-09
7.22975,1.7611783435921647e-09
7.23,1.7568075343976108e-09
7.23025,1.7524814743073125e-09
7.2305,1.7482014671319989e-09
7.23075,1.7439734441578866e-09
7.231,1.7397980607602466e-09
7.23125,1.7356809381937312e-09
7.2315,1.7316269853237836e-09
7.23175,1.7276410489072737e-09
7.232,1.7237280457475782e-09
7.23225,1.7198939416235456e-09
7.2325,1.7161426041939348e-09
7.23275,1.7124782151553988e-09
7.233,1.7089047825333928e-09
7.23325,1.705423538900985e-09
7.2335,1.7020342332149648e-09
7.23375,1.6987348800656182e-09
7.234,1.6955235207334672e-09
7.23425,1.6923946403247343e-09
7.2345,1.6893426002720765e-09
7.23475,1.6863588668733798e-09
7.235,1.6834361331673114e-09
7.23525,1.6805656664076142e-09
7.2355,1.677737403858036e-09
7.23575,1.6749446572133018e-09
7.236,1.6721788847530885e-09
7.23625,1.669433760173628e-09
7.2365,1.6667042500580331e-09
7.23675,1.6639860930614698e-09
7.237,1.6612767614573954e-09
7.23725,1.658576261231529e-09
7.2375,1.6558862066068564e-09
7.23775,1.6532091218199447e-09
7.238,1.6505483945483873e-09
7.23825,1.6479101739447229e-09
7.2385,1.6452995210076909e-09
7.23875,1.642722640990395e-09
7.239,1.6401858886301486e-09
7.23925,1.6376949228898568e-09
7.2395,1.6352544119587721e-09
7.23975,1.6328693568014446e-09
7.24,1.6305434556424971e-09
7.24025,1.6282784192070083e-09
7.2405,1.6260761826420246e-09
7.24075,1.6239359136278238e-09
7.241,1.621857313029834e-09
7.24125,1.6198374010117549e-09
7.2415,1.6178748358851387e-09
7.24175,1.6159660986979269e-09
7.242,1.6141076390681622e-09
7.24225,1.6122957305676863e-09
7.2425,1.6105258364310295e-09
7.24275,1.6087948604515241e-09
7.243,1.6070986459369438e-09
7.24325,1.6054335548369763e-09
7.2435,1.6037979114982034e-09
7.24375,1.6021908331193258e-09
7.244,1.6006118180581726e-09
7.24425,1.5990611832379716e-09
7.2445,1.5975410448040294e-09
7.24475,1.5960537126105234e-09
7.245,1.5946042518172996e-09
7.24525,1.5931978681434236e-09
7.2455,1.5918395685884875e-09
7.24575,1.5905352036754748e-09
7.246,1.5892909962677575e-09
7.24625,1.5881116205191096e-09
7.2465,1.5870019557701752e-09
7.24675,1.5859655893099796e-09
7.247,1.5850050112230697e-09
7.24725,1.5841203771136357e-09
7.2475,1.5833120063518478e-09
7.24775,1.5825784665983814e-09
7.248,1.5819175883127551e-09
7.24825,1.5813262680364263e-09
7.2485,1.5808011241890252e-09
7.24875,1.580337800106471e-09
7.249,1.5799329634960473e-09
7.24925,1.5795822885838305e-09
7.2495,1.5792829808678562e-09
7.24975,1.5790306749574898e-09
7.25,1.5788230861139913e-09
7.25025,1.5786573927861351e-09
7.2505,1.5785311678611322e-09
7.25075,1.5784423267269117e-09
7.251,1.5783886540922372e-09
7.25125,1.5783689550984202e-09
7.2515,1.5783811452774723e-09
7.25175,1.5784249300630581e-09
7.252,1.5785000433241842e-09
7.25225,1.5786064470050374e-09
7.2525,1.5787437174027231e-09
7.25275,1.5789129606302397e-09
7.253,1.5791159304361613e-09
7.25325,1.5793534310486492e-09
7.2535,1.5796267588779217e-09
7.25375,1.5799374253416653e-09
7.254,1.5802862754874238e-09
7.25425,1.580674045142237e-09
7.2545,1.5811004985657714e-09
7.25475,1.581564903316433e-09
7.255,1.5820664678403326e-09
7.25525,1.5826033203014e-09
7.2555,1.5831737891822324e-09
7.25575,1.5837757033295339e-09
7.256,1.5844068455585182e-09
7.25625,1.5850656423789994e-09
7.2565,1.5857503031350819e-09
7.25675,1.5864597412999712e-09
7.257,1.5871933452094768e-09
7.25725,1.5879510534684746e-09
7.2575,1.5887336980989267e-09
7.25775,1.5895420154714711e-09
7.258,1.5903768746952506e-09
7.25825,1.5912393814624195e-09
7.2585,1.5921306217440113e-09
7.25875,1.5930513940631372e-09
7.259,1.5940018537215965e-09
7.25925,1.594981986042118e-09
7.2595,1.5959917223696026e-09
7.25975,1.5970304374698416e-09
7.26,1.5980978868314032e-09
7.26025,1.5991935664884406e-09
7.2605,1.6003177162300725e-09
7.26075,1.6014703702067348e-09
7.261,1.6026526222349098e-09
7.26125,1.6038660746474266e-09
7.2615,1.6051131776996826e-09
7.26175,1.6063975203359646e-09
7.262,1.6077224656561069e-09
7.26225,1.6090926131168735e-09
7.2625,1.6105130740944207e-09
7.26275,1.6119877642769527e-09
7.263,1.613521517923819e-09
7.26325,1.6151198606234215e-09
7.2635,1.6167878443864787e-09
7.26375,1.6185298165405731e-09
7.264,1.6203504703323723e-09
7.26425,1.6222529463580681e-09
7.2645,1.6242406831495811e-09
7.26475,1.6263165622016812e-09
7.265,1.6284816631529636e-09
7.26525,1.6307359005103386e-09
7.2655,1.6330779903440592e-09
7.26575,1.6355049894648287e-09
7.266,1.6380116143640005e-09
7.26625,1.6405916335062538e-09
7.2665,1.6432369272401334e-09
7.26675,1.6459385047975245e-09
7.267,1.6486847340427682e-09
7.26725,1.6514641788434942e-09
7.2675,1.6542668968760955e-09
7.26775,1.6570806049063714e-09
7.268,1.6598970591009146e-09
7.26825,1.6627071075578366e-09
7.2685,1.6655034817317066e-09
7.26875,1.6682822605489372e-09
7.269,1.6710398077327958e-09
7.26925,1.6737764554400479e-09
7.2695,1.6764952599834718e-09
7.26975,1.6791993577776761e-09
7.27,1.6818954755888099e-09
7.27025,1.6845895860171691e-09
7.2705,1.6872898815314014e-09
7.27075,1.690004233971375e-09
7.271,1.6927417045409623e-09
7.27125,1.6955108086689433e-09
7.2715,1.6983216179635233e-09
7.27175,1.7011822174815817e-09
7.272,1.7041008450092085e-09
7.27225,1.7070826596465876e-09
7.2725,1.7101338213395274e-09
7.27275,1.7132580713708101e-09
7.273,1.7164574893787926e-09
7.27325,1.7197330873221501e-09
7.2735,1.7230840443301516e-09
7.27375,1.7265075588667226e-09
7.274,1.7299991144120834e-09
7.27425,1.7335530392292647e-09
7.2745,1.7371615761013644e-09
7.27475,1.7408169709942657e-09
7.275,1.7445107413501658e-09
7.27525,1.7482340167385172e-09
7.2755,1.7519779403129695e-09
7.27575,1.7557342133240638e-09
7.276,1.7594967875697673e-09
7.27625,1.7632586786564263e-09
7.2765,1.7670151579467528e-09
7.27675,1.7707609679794901e-09
7.277,1.7744938900281832e-09
7.27725,1.7782117305867815e-09
7.2775,1.7819124418416111e-09
7.27775,1.785596332563317e-09
7.278,1.7892619138405381e-09
7.27825,1.7929085386155245e-09
7.2785,1.7965346341667368e-09
7.27875,1.8001373005706631e-09
7.279,1.8037138179939586e-09
7.27925,1.8072602169513803e-09
7.2795,1.8107718584777376e-09
7.27975,1.8142437986244002e-09
7.28,1.8176663976745617e-09
7.28025,1.8210453796256457e-09
7.2805,1.824371877364332e-09
7.28075,1.8276439514222191e-09
7.281,1.8308605983633183e-09
7.28125,1.8340247493080112e-09
7.2815,1.8371389028758989e-09
7.28175,1.8402092706776721e-09
7.282,1.8432441654213443e-09
7.28225,1.8462529407006536e-09
7.2825,1.8492479479735541e-09
7.28275,1.8522418996063059e-09
7.283,1.8552472247522182e-09
7.28325,1.8582796178587033e-09
7.2835,1.8613514081872716e-09
7.28375,1.8644777318357518e-09
7.284,1.8676705329448359e-09
7.28425,1.8709428098217145e-09
7.2845,1.8743029193830749e-09
7.28475,1.8777587192557335e-09
7.285,1.8813173967493881e-09
7.28525,1.8849825023821803e-09
7.2855,1.8887524796047231e-09
7.28575,1.892626792966897e-09
7.286,1.8965992948483361e-09
7.28625,1.9006621985984498e-09
7.2865,1.9048069871887475e-09
7.28675,1.9090219178958138e-09
7.287,1.9132932589250864e-09
7.28725,1.917606831206307e-09
7.2875,1.9219489864596337e-09
7.28775,1.9263054605671003e-09
7.288,1.9306635945616675e-09
7.28825,1.9350112181941477e-09
7.2885,1.939341309684354e-09
7.28875,1.9436462075257877e-09
7.289,1.9479203832988199e-09
7.28925,1.9521623085330781e-09
7.2895,1.9563695176611554e-09
7.28975,1.9605429964101214e-09
7.29,1.9646853155834064e-09
7.29025,1.9687982940720105e-09
7.2905,1.972886830759391e-09
7.29075,1.9769552491245901e-09
7.291,1.9810078256250645e-09
7.29125,1.9850511413616278e-09
7.2915,1.9890898371259993e-09
7.29175,1.993130197820967e-09
7.292,1.9971793535884118e-09
7.29225,2.0012412973045493e-09
7.2925,2.0053250631262659e-09
7.29275,2.0094340814069446e-09
7.293,2.0135655602382224e-09
7.29325,2.0177394806487498e-09
7.2935,2.0219493754459296e-09
7.29375,2.0261956528990486e-09
7.294,2.0304796983374593e-09
7.29425,2.0347995633452592e-09
7.2945,2.0391526166611041e-09
7.29475,2.0435322125388109e-09
7.295,2.0479351586610711e-09
7.29525,2.0523562138264995e-09
7.2955,2.0567922377320858e-09
7.29575,2.0612385204629397e-09
7.296,2.0656903134390072e-09
7.29625,2.0701459210706864e-09
7.2965,2.0746045210511717e-09
7.29675,2.0790641779760603e-09
7.297,2.0835262868744471e-09
7.29725,2.0879917298785471e-09
7.2975,2.0924606988816992e-09
7.29775,2.0969328755117702e-09
7.298,2.1014096215064064e-09
7.29825,2.1058911937142033e-09
7.2985,2.1103762312621054e-09
7.29875,2.1148627918958538e-09
7.299,2.1193499254515253e-09
7.29925,2.1238344295727821e-09
7.2995,2.1283147385892398e-09
7.29975,2.1327853760543767e-09
7.3,2.1372444972213867e-09
7.30025,2.1416877998769192e-09
7.3005,2.146112564006771e-09
7.30075,2.1505163206882414e-09
7.301,2.1548910803811099e-09
7.30125,2.1592458625912733e-09
7.3015,2.1635713690927184e-09
7.30175,2.1678664283991076e-09
7.302,2.1721295012179025e-09
7.30225,2.1763569649087547e-09
7.3025,2.1805467643947679e-09
7.30275,2.1846977100084534e-09
7.303,2.1888068627974745e-09
7.30325,2.1928727597819022e-09
7.3035,2.1968924962640609e-09
7.30375,2.2008655068893337e-09
7.304,2.2047958564573755e-09
7.30425,2.2086823446387238e-09
7.3045,2.212529636342786e-09
7.30475,2.2163399765848138e-09
7.305,2.2201201284753626e-09
7.30525,2.2238736691709236e-09
7.3055,2.2276072708384406e-09
7.30575,2.2313263865450993e-09
7.306,2.2350373789910122e-09
7.30625,2.2387449921110726e-09
7.3065,2.2424515614379499e-09
7.30675,2.2461558964959942e-09
7.307,2.2498707255375177e-09
7.30725,2.2535920182156136e-09
7.3075,2.2573176903526284e-09
7.30775,2.2610446812513994e-09
7.308,2.2647700598268315e-09
7.30825,2.2684897068521845e-09
7.3085,2.2721989153848097e-09
7.30875,2.275888951006088e-09
7.309,2.2795545379054149e-09
7.30925,2.2831842504962634e-09
7.3095,2.286769489206687e-09
7.30975,2.2903001997489167e-09
7.31,2.2937662120902204e-09
7.31025,2.297156800411293e-09
7.3105,2.3004603541188779e-09
7.31075,2.3036678400576252e-09
7.311,2.3067695046912528e-09
7.31125,2.3097589477568778e-09
7.3115,2.312629724571494e-09
7.31175,2.3153772685938934e-09
7.312,2.318002034979522e-09
7.31225,2.3205049926579547e-09
7.3125,2.3228898755527002e-09
7.31275,2.3251629569479548e-09
7.313,2.3273327500876519e-09
7.31325,2.3294125798318098e-09
7.3135,2.3314155555483591e-09
7.31375,2.3333562706644105e-09
7.314,2.3352508477018231e-09
7.31425,2.3371187644196733e-09
7.3145,2.3389737639190833e-09
7.31475,2.3408339896481875e-09
7.315,2.3427152675175671e-09
7.31525,2.3446315046699983e-09
7.3155,2.3465947343586864e-09
7.31575,2.3486139614566089e-09
7.316,2.3506958296233689e-09
7.31625,2.3528449534940885e-09
7.3165,2.3550604141241773e-09
7.31675,2.3573390219816541e-09
7.317,2.3596746921952248e-09
7.31725,2.3620587738167111e-09
7.3175,2.3644791689680772e-09
7.31775,2.3669210587997209e-09
7.318,2.3693685239195822e-09
7.31825,2.3718038792702657e-09
7.3185,2.3742110778108988e-09
7.31875,2.3765708363443384e-09
7.319,2.378864576201728e-09
7.31925,2.3810758551024654e-09
7.3195,2.3831874949393139e-09
7.31975,2.385186411594279e-09
7.32,2.3870589865057844e-09
7.32025,2.3887955319341307e-09
7.3205,2.3903878201114786e-09
7.32075,2.3918318566321267e-09
7.321,2.3931238160817354e-09
7.32125,2.3942646321718976e-09
7.3215,2.3952589884434075e-09
7.32175,2.3961125418953479e-09
7.322,2.3968330895344704e-09
7.32225,2.3974318180896838e-09
7.3225,2.3979200947662074e-09
7.32275,2.3983113358517268e-09
7.323,2.398620521941239e-09
7.32325,2.3988633205728685e-09
7.3235,2.3990550049219433e-09
7.32375,2.3992108909335636e-09
7.324,2.3993470297879909e-09
7.32425,2.3994780779107492e-09
7.3245,2.399616711763612e-09
7.32475,2.3997794823418868e-09
7.325,2.3999775072983265e-09
7.32525,2.4002218879207547e-09
7.3255,2.4005205553535051e-09
7.32575,2.4008798354026379e-09
7.326,2.4013068657678977e-09
7.32625,2.4018028383936479e-09
7.3265,2.4023680198288928e-09
7.32675,2.4030029004066401e-09
7.327,2.4037013982312069e-09
7.32725,2.4044593787009934e-09
7.3275,2.4052682521600823e-09
7.32775,2.406117816826554e-09
7.328,2.4069961849658775e-09
7.32825,2.407891881864866e-09
7.3285,2.4087886240111944e-09
7.32875,2.4096731371514935e-09
7.329,2.4105297439813084e-09
7.32925,2.411341765071511e-09
7.3295,2.41209484092856e-09
7.32975,2.4127708378693545e-09
7.33,2.4133552089696287e-09
7.33025,2.4138327167892809e-09
7.3305,2.4141880267655112e-09
7.33075,2.4144082402649656e-09
7.331,2.4144807160195283e-09
7.33125,2.4143953509941069e-09
7.3315,2.4141437299819505e-09
7.33175,2.4137196148513075e-09
7.332,2.4131177871397624e-09
7.33225,2.4123381126861305e-09
7.3325,2.4113806237735101e-09
7.33275,2.4102459818643558e-09
7.333,2.4089423910681179e-09
7.33325,2.4074764434407358e-09
7.3335,2.4058575815321091e-09
7.33375,2.4040971928193567e-09
7.334,2.4022101719003683e-09
7.33425,2.400211029802687e-09
7.3345,2.3981150587366209e-09
7.33475,2.3959382566717668e-09
7.335,2.393697204985502e-09
7.33525,2.3914084614653694e-09
7.3355,2.3890868244705365e-09
7.33575,2.3867468702337755e-09
7.336,2.3844027924259135e-09
7.33625,2.3820652296392362e-09
7.3365,2.3797461732379516e-09
7.33675,2.3774548016156456e-09
7.337,2.3751974506768073e-09
7.33725,2.3729834825207266e-09
7.3375,2.3708167924458315e-09
7.33775,2.3687045404441346e-09
7.338,2.3666503877023414e-09
7.33825,2.3646560531980378e-09
7.3385,2.3627244806812961e-09
7.33875,2.3608571482033165e-09
7.339,2.3590527423333729e-09
7.33925,2.3573090128534074e-09
7.3395,2.3556230684989658e-09
7.33975,2.3539902951402251e-09
7.34,2.3524038334544925e-09
7.34025,2.3508573020561926e-09
7.3405,2.3493402735168525e-09
7.34075,2.3478437601190357e-09
7.341,2.3463553258128744e-09
7.34125,2.344864699673788e-09
7.3415,2.3433598168574897e-09
7.34175,2.3418286533316403e-09
7.342,2.3402598580148523e-09
7.34225,2.3386418767838124e-09
7.3425,2.3369645266047018e-09
7.34275,2.3352176912199656e-09
7.343,2.3333924198056109e-09
7.34325,2.3314835567229226e-09
7.3435,2.3294849299477718e-09
7.34375,2.3273948984412957e-09
7.344,2.325211418251773e-09
7.34425,2.3229348966586282e-09
7.3445,2.3205679550453407e-09
7.34475,2.3181164659913662e-09
7.345,2.3155870166252969e-09
7.34525,2.3129872242948313e-09
7.3455,2.3103271205165927e-09
7.34575,2.3076171867477852e-09
7.346,2.304868901141684e-09
7.34625,2.3020935122301327e-09
7.3465,2.2993028795078669e-09
7.34675,2.2965084982357531e-09
7.347,2.2937193982893814e-09
7.34725,2.2909466086844179e-09
7.3475,2.2881964535071984e-09
7.34775,2.285478253163432e-09
7.348,2.2827943456229149e-09
7.34825,2.2801487855802681e-09
7.3485,2.2775410512684607e-09
7.34875,2.2749720934124667e-09
7.349,2.2724397080742849e-09
7.34925,2.2699424173602708e-09
7.3495,2.2674767225724332e-09
7.34975,2.2650373323969318e-09
7.35,2.2626193571796874e-09
7.35025,2.2602182279174318e-09
7.3505,2.2578299337970582e-09
7.35075,2.2554495905299036e-09
7.351,2.2530735732446196e-09
7.35125,2.250694571367445e-09
7.3515,2.2483106846667328e-09
7.35175,2.2459160475550444e-09
7.352,2.2435057749520857e-09
7.35225,2.2410741597834337e-09
7.3525,2.2386162342813328e-09
7.35275,2.2361260663148635e-09
7.353,2.2335989712330351e-09
7.35325,2.2310293308200177e-09
7.3535,2.2284105346515226e-09
7.35375,2.225738308258982e-09
7.354,2.2230057831774422e-09
7.35425,2.2202096497070639e-09
7.3545,2.2173464897664156e-09
7.35475,2.2144133226411049e-09
7.355,2.2114114673930386e-09
7.35525,2.2083409094496163e-09
7.3555,2.2052034303308726e-09
7.35575,2.2020035016029262e-09
7.356,2.1987473452819624e-09
7.35625,2.1954393488520237e-09
7.3565,2.1920877408238548e-09
7.35675,2.1887016248835324e-09
7.357,2.1852903245360159e-09
7.35725,2.1818624930355782e-09
7.3575,2.1784274442958488e-09
7.35775,2.1749912149189775e-09
7.358,2.1715610115452177e-09
7.35825,2.1681413038498015e-09
7.3585,2.1647349499181209e-09
7.35875,2.1613446310727602e-09
7.359,2.1579692941758117e-09
7.35925,2.1546100060050681e-09
7.3595,2.1512627556888237e-09
7.35975,2.1479243031886926e-09
7.36,2.1445898965717155e-09
7.36025,2.1412554186114549e-09
7.3605,2.1379134664160941e-09
7.36075,2.1345618283807834e-09
7.361,2.1311941972599879e-09
7.36125,2.1278060633454387e-09
7.3615,2.1243929199851055e-09
7.36175,2.1209535727700945e-09
7.362,2.1174847829366982e-09
7.36225,2.1139855978370624e-09
7.3625,2.1104549153645339e-09
7.36275,2.1068935310300857e-09
7.363,2.1032987959660188e-09
7.36325,2.0996703876380304e-09
7.3635,2.0960095579281278e-09
7.36375,2.092316008953903e-09
7.364,2.0885887354381877e-09
7.36425,2.0848276412894087e-09
7.3645,2.0810314376965427e-09
7.36475,2.0771968159153401e-09
7.365,2.0733216556655967e-09
7.36525,2.0694014839197573e-09
7.3655,2.065433737755204e-09
7.36575,2.0614138601880703e-09
7.366,2.0573398702338716e-09
7.36625,2.0532079894886011e-09
7.3665,2.0490161550402928e-09
7.36675,2.0447611205180441e-09
7.367,2.0404411946087681e-09
7.36725,2.0360553910340813e-09
7.3675,2.0316015633929731e-09
7.36775,2.0270811225755373e-09
7.368,2.0224945694014802e-09
7.36825,2.0178458110845258e-09
7.3685,2.0131371338602308e-09
7.36875,2.0083754335690417e-09
7.369,2.0035658582239668e-09
7.36925,1.9987145741269603e-09
7.3695,1.993830816353576e-09
7.36975,1.9889240285516437e-09
7.37,1.984005291298408e-09
7.37025,1.9790848481098473e-09
7.3705,1.9741740194357571e-09
7.37075,1.9692839982086896e-09
7.371,1.9644238197131703e-09
7.37125,1.9596044096380921e-09
7.3715,1.9548322804367106e-09
7.37175,1.9501160820805513e-09
7.372,1.945461147209835e-09
7.37225,1.9408714706362697e-09
7.3725,1.9363508114077778e-09
7.37275,1.9319010121065342e-09
7.373,1.9275222318178843e-09
7.37325,1.9232151349245138e-09
7.3735,1.9189791427433691e-09
7.37375,1.9148149590720321e-09
7.374,1.9107186950118827e-09
7.37425,1.9066890619984296e-09
7.3745,1.9027254004362657e-09
7.37475,1.8988262141385294e-09
7.375,1.8949918156479209e-09
7.37525,1.8912218001677751e-09
7.3755,1.8875139524894065e-09
7.37575,1.8838690281667201e-09
7.376,1.8802851933914465e-09
7.37625,1.8767627803610921e-09
7.3765,1.8733000481971406e-09
7.37675,1.8698948348967544e-09
7.377,1.8665459249621063e-09
7.37725,1.8632506931378705e-09
7.3775,1.8600060310612408e-09
7.37775,1.8568082692269588e-09
7.378,1.8536533786108017e-09
7.37825,1.8505383267735819e-09
7.3785,1.8474589987681213e-09
7.37875,1.8444111629472524e-09
7.379,1.841390542419248e-09
7.37925,1.8383920393361163e-09
7.3795,1.8354105593380293e-09
7.37975,1.8324418845776479e-09
7.38,1.829480895242601e-09
7.38025,1.8265244806558598e-09
7.3805,1.8235675465686718e-09
7.38075,1.8206069884289824e-09
7.381,1.817639572662462e-09
7.38125,1.8146640574541518e-09
7.3815,1.8116775011459968e-09
7.38175,1.8086797358764437e-09
7.382,1.805668805328241e-09
7.38225,1.8026443576716887e-09
7.3825,1.7996076186923657e-09
7.38275,1.7965563563295785e-09
7.383,1.7934920546602442e-09
7.38325,1.790413005447158e-09
7.3835,1.787317041422907e-09
7.38375,1.7842035003003187e-09
7.384,1.7810690378406167e-09
7.38425,1.7779107177982847e-09
7.3845,1.774726294308955e-09
7.38475,1.771510501522741e-09
7.385,1.7682607365628812e-09
7.38525,1.7649739303456956e-09
7.3855,1.7616467214046874e-09
7.38575,1.7582787315731786e-09
7.386,1.7548673687591751e-09
7.38625,1.7514133166283888e-09
7.3865,1.7479188419147646e-09
7.38675,1.7443871169616697e-09
7.387,1.7408214933898337e-09
7.38725,1.7372285471226115e-09
7.3875,1.7336145236844662e-09
7.38775,1.7299887038275712e-09
7.388,1.726361187334593e-09
7.38825,1.7227423142225692e-09
7.3885,1.719143712197576e-09
7.38875,1.7155780409638293e-09
7.389,1.7120577205569723e-09
7.38925,1.7085954932569096e-09
7.3895,1.7052031422843879e-09
7.38975,1.7018912848259983e-09
7.39,1.6986697529328698e-09
7.39025,1.6955447762021569e-09
7.3905,1.6925218594443578e-09
7.39075,1.6896026246820033e-09
7.391,1.6867864814070118e-09
7.39125,1.684070436779344e-09
7.3915,1.6814486204496036e-09
7.39175,1.6789144806656319e-09
7.392,1.6764589818400178e-09
7.39225,1.6740727095861043e-09
7.3925,1.6717464577680964e-09
7.39275,1.6694704845041238e-09
7.393,1.6672367301163815e-09
7.39325,1.6650381552194895e-09
7.3935,1.6628683857477678e-09
7.39375,1.660723471118624e-09
7.394,1.6586009309064157e-09
7.39425,1.6565001144976646e-09
7.3945,1.6544208614425528e-09
7.39475,1.6523642209764175e-09
7.395,1.6503339304205808e-09
7.39525,1.6483331670514809e-09
7.3955,1.6463658645808623e-09
7.39575,1.6444368374220463e-09
7.396,1.6425513924296946e-09
7.39625,1.6407156777338375e-09
7.3965,1.6389356842709179e-09
7.39675,1.637218013279862e-09
7.397,1.6355696994786468e-09
7.39725,1.6339975706323859e-09
7.3975,1.6325074251550569e-09
7.39775,1.6311059620325176e-09
7.398,1.6297987674135816e-09
7.39825,1.6285904906293057e-09
7.3985,1.6274859397695382e-09
7.39875,1.6264881219577396e-09
7.399,1.6255995563953367e-09
7.39925,1.6248223278673855e-09
7.3995,1.6241572840565084e-09
7.39975,1.623604564356025e-09
7.4,1.6231637311378418e-09
7.40025,1.6228335340958628e-09
7.4005,1.6226130753952804e-09
7.40075,1.6225004729998097e-09
7.401,1.6224929107422285e-09
7.40125,1.6225880741820001e-09
7.4015,1.6227823260371637e-09
7.40175,1.6230720240040254e-09
7.402,1.623452131229812e-09
7.40225,1.6239172822287743e-09
7.4025,1.6244616445008054e-09
7.40275,1.6250764876139026e-09
7.403,1.6257537787396408e-09
7.40325,1.6264839825366473e-09
7.4035,1.6272560281461364e-09
7.40375,1.6280583262299807e-09
7.404,1.6288777492542801e-09
7.40425,1.6297019313677167e-09
7.4045,1.6305172346343159e-09
7.40475,1.6313118999432649e-09
7.405,1.6320748344001671e-09
7.40525,1.6327962950343831e-09
7.4055,1.6334688931148021e-09
7.40575,1.634087972010524e-09
7.406,1.6346510134168727e-09
7.40625,1.6351580437437912e-09
7.4065,1.6356130903615307e-09
7.40675,1.636021990731102e-09
7.407,1.6363925840086083e-09
7.40725,1.6367367152233609e-09
7.4075,1.6370670608758686e-09
7.40775,1.6373979538443388e-09
7.408,1.6377446033934415e-09
7.40825,1.6381223546023192e-09
7.4085,1.6385462370501549e-09
7.40875,1.6390307483490109e-09
7.409,1.6395897511684324e-09
7.40925,1.6402354988421642e-09
7.4095,1.640976879366115e-09
7.40975,1.6418233529240821e-09
7.41,1.6427795712612001e-09
7.41025,1.643848962416787e-09
7.4105,1.6450291827895685e-09
7.41075,1.6463194567476667e-09
7.411,1.6477136107428603e-09
7.41125,1.6492052616067933e-09
7.4115,1.6507848286924617e-09
7.41175,1.6524426577910708e-09
7.412,1.654169453260822e-09
7.41225,1.6559549753973368e-09
7.4125,1.6577912958273074e-09
7.41275,1.6596662080133746e-09
7.413,1.6615733833556007e-09
7.41325,1.6635077338917485e-09
7.4135,1.6654628607472784e-09
7.41375,1.6674346474285814e-09
7.414,1.6694210532146864e-09
7.41425,1.6714180038008281e-09
7.4145,1.6734212420507101e-09
7.41475,1.6754286548416269e-09
7.415,1.6774354950304926e-09
7.41525,1.6794370060463255e-09
7.4155,1.6814280583997601e-09
7.41575,1.6834032417059171e-09
7.416,1.685357114745236e-09
7.41625,1.6872844086433078e-09
7.4165,1.6891779713989423e-09
7.41675,1.6910328642959601e-09
7.417,1.6928435204289631e-09
7.41725,1.6946049131670002e-09
7.4175,1.6963123580422176e-09
7.41775,1.6979609551050462e-09
7.418,1.6995503823556425e-09
7.41825,1.7010761568538387e-09
7.4185,1.7025370808519001e-09
7.41875,1.7039297312834168e-09
7.419,1.7052632207054687e-09
7.41925,1.7065370139119306e-09
7.4195,1.7077563200782668e-09
7.41975,1.7089287485573211e-09
7.42,1.7100556101833122e-09
7.42025,1.7111638802573798e-09
7.4205,1.7122591349235044e-09
7.42075,1.7133567636658014e-09
7.421,1.714472885417125e-09
7.42125,1.7156162182038199e-09
7.4215,1.7168231539258666e-09
7.42175,1.7181005000764394e-09
7.422,1.7194571629978001e-09
7.42225,1.7209214700697843e-09
7.4225,1.7224985328368172e-09
7.42275,1.7241965826539908e-09
7.423,1.7260186783946957e-09
7.42325,1.7279752996177117e-09
7.4235,1.7300648958922968e-09
7.42375,1.7322833458876405e-09
7.424,1.7346265404410781e-09
7.42425,1.7370874777108531e-09
7.4245,1.7396584133734937e-09
7.42475,1.7423256202410777e-09
7.425,1.7450776207794141e-09
7.42525,1.747899423371388e-09
7.4255,1.7507779667059001e-09
7.42575,1.7536985753410689e-09
7.426,1.7566461872228473e-09
7.42625,1.7596072528760566e-09
7.4265,1.7625680711199504e-09
7.42675,1.7655140088652562e-09
7.427,1.7684351049341146e-09
7.42725,1.7713207767596236e-09
7.4275,1.7741615003282255e-09
7.42775,1.7769517817846244e-09
7.428,1.7796864523560254e-09
7.42825,1.782365008888516e-09
7.4285,1.7849869297169126e-09
7.42875,1.7875569389827705e-09
7.429,1.7900825071979148e-09
7.42925,1.7925725927144729e-09
7.4295,1.7950387095401094e-09
7.42975,1.7974936019210636e-09
7.43,1.7999522381647354e-09
7.43025,1.802430706079695e-09
7.4305,1.8049430499144692e-09
7.43075,1.8075036767926714e-09
7.431,1.8101279892698117e-09
7.43125,1.8128290722365562e-09
7.4315,1.8156161234524363e-09
7.43175,1.8184982195046195e-09
7.432,1.8214860635950228e-09
7.43225,1.8245847876002166e-09
7.4325,1.8277999532535956e-09
7.43275,1.831133328784498e-09
7.433,1.8345849480118813e-09
7.43325,1.8381563892368788e-09
7.4335,1.8418461453312092e-09
7.43375,1.8456460818776448e-09
7.434,1.8495534552381301e-09
7.43425,1.853559222326035e-09
7.4345,1.8576541646127078e-09
7.43475,1.8618285039234147e-09
7.435,1.8660723179105802e-09
7.43525,1.8703715811817012e-09
7.4355,1.8747131925812998e-09
7.43575,1.8790833507311461e-09
7.436,1.883468941699877e-09
7.43625,1.887855845899789e-09
7.4365,1.8922335193373375e-09
7.43675,1.8965913344207579e-09
7.437,1.9009174479923562e-09
7.43725,1.9052025332575182e-09
7.4375,1.9094369527847418e-09
7.43775,1.9136122274610855e-09
7.438,1.9177219825494782e-09
7.43825,1.9217607987267329e-09
7.4385,1.925724136398119e-09
7.43875,1.9296096316832386e-09
7.439,1.9334168266501078e-09
7.43925,1.9371465482054993e-09
7.4395,1.9407998371113677e-09
7.43975,1.9443833638499512e-09
7.44,1.9479017470725123e-09
7.44025,1.9513623984053481e-09
7.4405,1.9547719424046097e-09
7.44075,1.9581353893994176e-09
7.441,1.9614625341388634e-09
7.44125,1.964759732156586e-09
7.4415,1.9680320602927532e-09
7.44175,1.9712851390031712e-09
7.442,1.9745230361661194e-09
7.44225,1.9777493290597825e-09
7.4425,1.9809656921653467e-09
7.44275,1.984175925491457e-09
7.443,1.9873820240796818e-09
7.44325,1.9905845211456839e-09
7.4435,1.9937836165286978e-09
7.44375,1.9969829103517377e-09
7.444,2.0001822619493327e-09
7.44425,2.0033844458785469e-09
7.4445,2.0065908057676926e-09
7.44475,2.0098031289441841e-09
7.445,2.013021995364661e-09
7.44525,2.0162496565671414e-09
7.4455,2.0194886422801219e-09
7.44575,2.0227383410826293e-09
7.446,2.026002019997409e-09
7.44625,2.0292829594576903e-09
7.4465,2.0325852998026265e-09
7.44675,2.0359067485372333e-09
7.447,2.0392551720104824e-09
7.44725,2.0426306707582313e-09
7.4475,2.0460375366120927e-09
7.44775,2.0494798387644949e-09
7.448,2.0529598531103805e-09
7.44825,2.0564807580466804e-09
7.4485,2.0600442824771225e-09
7.44875,2.0636537977720006e-09
7.449,2.0673097477076826e-09
7.44925,2.0710157144229437e-09
7.4495,2.0747731750833616e-09
7.44975,2.0785843724744106e-09
7.45,2.0824519045039051e-09
7.45025,2.086375934242778e-09
7.4505,2.0903582671388172e-09
7.45075,2.0944012326801905e-09
7.451,2.0985059094674849e-09
7.45125,2.1026734074278404e-09
7.4515,2.1069042189376276e-09
7.45175,2.1112002895177088e-09
7.452,2.11556029167228e-09
7.45225,2.1199808546539566e-09
7.4525,2.1244599374539969e-09
7.45275,2.1289928661777385e-09
7.453,2.1335729289758558e-09
7.45325,2.1381935241681536e-09
7.4535,2.1428473461940827e-09
7.45375,2.1475263154218759e-09
7.454,2.1522198507660381e-09
7.45425,2.1569158295026662e-09
7.4545,2.1616044531424135e-09
7.45475,2.1662739671376795e-09
7.455,2.1709147056513866e-09
7.45525,2.1755160646305122e-09
7.4555,2.1800676539873939e-09
7.45575,2.1845613533072478e-09
7.456,2.1889878243972447e-09
7.45625,2.1933411318930823e-09
7.4565,2.1976114978239751e-09
7.45675,2.201796814961175e-09
7.457,2.2058952191215708e-09
7.45725,2.2099038959415144e-09
7.4575,2.2138205618878062e-09
7.45775,2.2176493319153845e-09
7.458,2.2213911894384805e-09
7.45825,2.2250524062405031e-09
7.4585,2.2286364356354664e-09
7.45875,2.2321507124506579e-09
7.459,2.2356014045332832e-09
7.45925,2.2389956117417887e-09
7.4595,2.2423403482604702e-09
7.45975,2.2456421625393049e-09
7.46,2.2489073767381027e-09
7.46025,2.252140368842325e-09
7.4605,2.2553473154236325e-09
7.46075,2.2585292767046644e-09
7.461,2.2616913379487352e-09
7.46125,2.264832729507942e-09
7.4615,2.2679597427569894e-09
7.46175,2.2710727484158645e-09
7.462,2.2741733755711505e-09
7.46225,2.2772640189444838e-09
7.4625,2.2803486928383992e-09
7.46275,2.2834289251141864e-09
7.463,2.2865074633820107e-09
7.46325,2.2895854284266887e-09
7.4635,2.2926643911998823e-09
7.46375,2.2957457082230442e-09
7.464,2.2988269305895893e-09
7.46425,2.3019086487428422e-09
7.4645,2.3049876587749975e-09
7.46475,2.3080614755985868e-09
7.465,2.3111259094512428e-09
7.46525,2.3141756912544057e-09
7.4655,2.3172038627435973e-09
7.46575,2.320203249307987e-09
7.466,2.3231654184153716e-09
7.46625,2.3260827087873435e-09
7.4665,2.3289462368971877e-09
7.46675,2.3317464135700283e-09
7.467,2.3344744954088435e-09
7.46725,2.3371209389979219e-09
7.4675,2.3396802241390171e-09
7.46775,2.3421436652453406e-09
7.468,2.3445057620174389e-09
7.46825,2.3467627777249219e-09
7.4685,2.3489110228143335e-09
7.46875,2.3509488917212134e-09
7.469,2.3528769899453088e-09
7.46925,2.3546970430292167e-09
7.4695,2.356414778340267e-09
7.46975,2.3580353530989586e-09
7.47,2.3595664688555887e-09
7.47025,2.3610161181864477e-09
7.4705,2.3623957833247663e-09
7.47075,2.3637148052106408e-09
7.471,2.3649832011902298e-09
7.47125,2.3662114569300264e-09
7.4715,2.3674117857654562e-09
7.47175,2.3685936048951514e-09
7.472,2.3697654818859965e-09
7.47225,2.3709327028525864e-09
7.4725,2.3721018383110929e-09
7.47275,2.3732738052689486e-09
7.473,2.3744517924838581e-09
7.47325,2.3756325992510086e-09
7.4735,2.3768132236698191e-09
7.47375,2.3779880750793388e-09
7.474,2.3791519064121653e-09
7.47425,2.3802974950901071e-09
7.4745,2.3814174677938766e-09
7.47475,2.3825043226748517e-09
7.475,2.3835520045877185e-09
7.47525,2.3845536116109336e-09
7.4755,2.3855039991413399e-09
7.47575,2.3863998074078295e-09
7.476,2.3872371629099965e-09
7.47625,2.388014103451237e-09
7.4765,2.3887291407884592e-09
7.47675,2.3893808674352051e-09
7.477,2.3899699057109812e-09
7.47725,2.3904969911582071e-09
7.4775,2.3909608807469333e-09
7.47775,2.3913617421931621e-09
7.478,2.3917000271481772e-09
7.47825,2.3919757344961068e-09
7.4785,2.3921874821767028e-09
7.47875,2.3923360753149838e-09
7.479,2.3924219097336283e-09
7.47925,2.392446494497875e-09
7.4795,2.3924109104195668e-09
7.47975,2.3923170163576986e-09
7.48,2.392169661326338e-09
7.48025,2.3919732543178615e-09
7.4805,2.3917334070782319e-09
7.48075,2.391456652188902e-09
7.481,2.3911512279250959e-09
7.48125,2.3908250352522574e-09
7.4815,2.3904867596958082e-09
7.48175,2.3901453529903698e-09
7.482,2.3898081790114726e-09
7.48225,2.3894828922148424e-09
7.4825,2.3891752936691942e-09
7.48275,2.3888898591380946e-09
7.483,2.3886309048034384e-09
7.48325,2.388399591648976e-09
7.4835,2.3881957024523291e-09
7.48375,2.3880174718271434e-09
7.484,2.3878626481812892e-09
7.48425,2.3877275534505662e-09
7.4845,2.3876065773255715e-09
7.48475,2.3874956416936803e-09
7.485,2.3873877857106324e-09
7.48525,2.3872772073526223e-09
7.4855,2.3871578629022027e-09
7.48575,2.3870249525475684e-09
7.486,2.3868733513847412e-09
7.48625,2.3866975734512748e-09
7.4865,2.3864935348797712e-09
7.48675,2.3862573957390917e-09
7.487,2.3859865206430926e-09
7.48725,2.3856779643710085e-09
7.4875,2.3853296533785567e-09
7.48775,2.3849389035615853e-09
7.488,2.3845033946779092e-09
7.48825,2.3840196784478349e-09
7.4885,2.3834853924031929e-09
7.48875,2.3828970798426648e-09
7.489,2.3822501017060962e-09
7.48925,2.3815409464264941e-09
7.4895,2.3807646962384654e-09
7.48975,2.3799157239924792e-09
7.49,2.3789889288963089e-09
7.49025,2.377978445632969e-09
7.4905,2.3768784773013282e-09
7.49075,2.3756837930657542e-09
7.491,2.3743903688026291e-09
7.49125,2.3729926592112551e-09
7.4915,2.3714874780714495e-09
7.49175,2.3698707537971404e-09
7.492,2.3681401812792481e-09
7.49225,2.3662938729541273e-09
7.4925,2.3643311393820042e-09
7.49275,2.3622527589486589e-09
7.493,2.3600601255924481e-09
7.49325,2.3577563426545563e-09
7.4935,2.3553455768046037e-09
7.49375,2.3528339157265022e-09
7.494,2.350228362526692e-09
7.49425,2.3475408392651079e-09
7.4945,2.3447805287193436e-09
7.49475,2.3419592448460144e-09
7.495,2.3390886755652787e-09
7.49525,2.3361826837103902e-09
7.4955,2.3332524291870103e-09
7.49575,2.3303098185919649e-09
7.496,2.327364551433846e-09
7.49625,2.3244260282938212e-09
7.4965,2.321501954170629e-09
7.49675,2.3185985383266276e-09
7.497,2.3157192346991118e-09
7.49725,2.312866719994981e-09
7.4975,2.3100423171557862e-09
7.49775,2.3072456094988563e-09
7.498,2.3044769471964348e-09
7.49825,2.3017335026208555e-09
7.4985,2.2990133267656552e-09
7.49875,2.2963131357554044e-09
7.499,2.2936297487386521e-09
7.49925,2.290960769021294e-09
7.4995,2.2883027085065046e-09
7.49975,2.2856541375604712e-09
7.5,2.2830118105683897e-09
