Physical Time (s),ev_left Monitor (W)
0.0025,-4.259477411961815e-16
0.005,-1.919216532567687e-13
0.0075,-8.7369451709603458e-12
0.01,-1.0488731704629909e-10
0.0125,-5.3979536937167504e-10
0.015,-1.5421318103138322e-09
0.0175,-2.616685918184894e-09
0.02,-2.5444092859752765e-09
0.0225,-1.2138844552424136e-09
0.025,-1.1242882143002022e-10
0.0275,-1.3256588058567483e-10
0.03,-4.5202495140852303e-10
0.0325,-4.1349895173017175e-10
0.035,-1.8570522219352306e-10
0.0375,-3.5285012794381562e-11
0.04,-1.1891088819315543e-11
0.0425,-6.7679319512750153e-11
0.045,-1.6225818197190327e-10
0.0475,-2.7755736606699513e-10
0.05,-3.9630524326297e-10
0.0525,-4.8241722283789983e-10
0.055,-4.8649611712172312e-10
0.0575,-3.86820682083406e-10
0.06,-2.2679693189771363e-10
0.0625,-8.8072143992942478e-11
0.065,-1.8277507356313289e-11
0.0675,-1.9707055297602322e-12
0.07,-2.4959934973970053e-12
0.0725,-8.5837455205487059e-12
0.075,-3.4780005688202532e-11
0.0775,-9.2455134363759543e-11
0.08,-1.6929370781346223e-10
0.0825,-2.32888616118918e-10
0.085,-2.512828746512172e-10
0.0875,-2.144587766770548e-10
0.09,-1.4180319298480489e-10
0.0925,-6.8798285615448467e-11
0.095,-2.2425968262713305e-11
0.0975,-5.5813233174043088e-12
0.1,-3.3736290558339747e-12
0.1025,-3.9611366918208433e-12
0.105,-1.3305955859706438e-11
0.1075,-5.0726333637182388e-11
0.11,-1.3085460931548367e-10
0.1125,-2.4875744213994938e-10
0.115,-3.7928554712696316e-10
0.1175,-4.8882103264535763e-10
0.12,-5.4993208480422461e-10
0.1225,-5.5077568851231119e-10
0.125,-4.9636996290273387e-10
0.1275,-4.0412049828176192e-10
0.13,-2.9745534294769414e-10
0.1325,-1.985160878335612e-10
0.135,-1.219475739502216e-10
0.1375,-7.2155767136518229e-11
0.14,-4.5366744944364926e-11
0.1425,-3.49044033358438e-11
0.145,-3.5892400652508263e-11
0.1475,-4.685748347779977e-11
0.15,-6.8315578957136357e-11
0.1525,-1.0011226987483541e-10
0.155,-1.3947207418514296e-10
0.1575,-1.8081582180001501e-10
0.16,-2.1727675735460887e-10
0.1625,-2.4295568811221729e-10
0.165,-2.5488345880995837e-10
0.1675,-2.5385214551126369e-10
0.17,-2.438780313966087e-10
0.1725,-2.3058559674069096e-10
0.175,-2.193354906265353e-10
0.1775,-2.1396062506815792e-10
0.18,-2.1631061425500032e-10
0.1825,-2.2627576564990241e-10
0.185,-2.4192022655747904e-10
0.1875,-2.5969886829582097e-10
0.19,-2.7506207039765374e-10
0.1925,-2.8372458008963222e-10
0.195,-2.8314898816460373e-10
0.1975,-2.7341357620739516e-10
0.2,-2.5699418800219794e-10
0.2025,-2.37597499330187e-10
0.205,-2.1901432704216452e-10
0.2075,-2.0456059820505545e-10
0.21,-1.9676534144214913e-10
0.2125,-1.9718216889519672e-10
0.215,-2.0629532200284088e-10
0.2175,-2.2349414291526751e-10
0.22,-2.4703544248132135e-10
0.2225,-2.7414411730296856e-10
0.225,-3.0131426087539875e-10
0.2275,-3.248165689306895e-10
0.23,-3.4133804764008419e-10
0.2325,-3.4879194133688481e-10
0.235,-3.4694709176085627e-10
0.2375,-3.3748896185669287e-10
0.24,-3.2351249706707886e-10
0.2425,-3.086419196636556e-10
0.245,-2.9611878089042204e-10
0.2475,-2.882359758879973e-10
0.25,-2.8609052982430164e-10
0.2525,-2.8959140470674672e-10
0.255,-2.9764632570607798e-10
0.2575,-3.0843670275846309e-10
0.26,-3.1978467801767368e-10
0.2625,-3.2956719978657889e-10
0.265,-3.3612761937256733e-10
0.2675,-3.3855626012998068e-10
0.27,-3.3681856520679856e-10
0.2725,-3.3169214332002783e-10
0.275,-3.2454317782482952e-10
0.2775,-3.1702824646002251e-10
0.28,-3.1084376919130003e-10
0.2825,-3.0750325951373285e-10
0.285,-3.0817503411434317e-10
0.2875,-3.1363727253067642e-10
0.29,-3.2430395080320047e-10
0.2925,-3.4021442800155469e-10
0.295,-3.6101145160190507e-10
0.2975,-3.8591135426207973e-10
0.3,-4.1367330314118632e-10
0.3025,-4.4261470357894068e-10
0.305,-4.7070825311557907e-10
0.3075,-4.9575256204405542e-10
0.31,-5.1560632409470801e-10
0.3125,-5.2845817363943812e-10
0.315,-5.3310627905230104e-10
0.3175,-5.2915910285851656e-10
0.32,-5.1710208943644144e-10
0.3225,-4.9824067831183817e-10
0.325,-4.7449980422049087e-10
0.3275,-4.4814299406271867e-10
0.33,-4.2146987006557907e-10
0.3325,-3.9658584383101318e-10
0.335,-3.752070007014805e-10
0.3375,-3.5858821353458431e-10
0.34,-3.4754300812511955e-10
0.3425,-3.4250989305229865e-10
0.345,-3.4362307299693505e-10
0.3475,-3.507754701804878e-10
0.35,-3.636314695978907e-10
0.3525,-3.8165729995116767e-10
0.355,-4.0410943284777084e-10
0.3575,-4.3001688697229586e-10
0.36,-4.5820492416304744e-10
0.3625,-4.8732921356044076e-10
0.365,-5.1590346805831262e-10
0.3675,-5.4240121100806074e-10
0.37,-5.6536062373569558e-10
0.3725,-5.8353405306805094e-10
0.375,-5.9601659109558034e-10
0.3775,-6.0235278884529279e-10
0.38,-6.0256821758872721e-10
0.3825,-5.9716475458427042e-10
0.385,-5.8706273377251662e-10
0.3875,-5.7350282766197475e-10
0.39,-5.5788704709570912e-10
0.3925,-5.4163300787914974e-10
0.395,-5.2604304996223653e-10
0.3975,-5.1221483315797596e-10
0.4,-5.0098613675620866e-10
0.4025,-4.9289789334615789e-10
0.405,-4.8821853088030511e-10
0.4075,-4.8693638340022598e-10
0.41,-4.8879571453424753e-10
0.4125,-4.9333028350279443e-10
0.415,-4.9994546621598825e-10
0.4175,-5.0797878862982797e-10
0.42,-5.1675175993598913e-10
0.4225,-5.2562918140570664e-10
0.425,-5.3407184766361654e-10
0.4275,-5.41702129980192e-10
0.43,-5.4831759142238963e-10
0.4325,-5.5391677850255578e-10
0.435,-5.5863253796463846e-10
0.4375,-5.6269895743438316e-10
0.44,-5.6638688949569429e-10
0.4425,-5.6994118191901154e-10
0.445,-5.7352647668212378e-10
0.4475,-5.7724440764395073e-10
0.45,-5.8110515960052731e-10
0.4525,-5.8502192961002014e-10
0.455,-5.8879802896225465e-10
0.4575,-5.9216995553721921e-10
0.46,-5.9483790764800207e-10
0.4625,-5.9656600759349931e-10
0.465,-5.9723258465109941e-10
0.4675,-5.968509960988489e-10
0.47,-5.9556292588107428e-10
0.4725,-5.9360173911662011e-10
0.475,-5.9128780322364739e-10
0.4775,-5.8900553538597434e-10
0.48,-5.8713226880476537e-10
0.4825,-5.8601826868023939e-10
0.485,-5.8593343728047322e-10
0.4875,-5.8706783895797454e-10
0.49,-5.8952011836716208e-10
0.4925,-5.9328892983605582e-10
0.495,-5.9826849534441429e-10
0.4975,-6.0426466816229818e-10
0.5,-6.1099312242367499e-10
0.5025,-6.1807227673715768e-10
0.505,-6.2500913999106189e-10
0.5075,-6.3125836042598725e-10
0.51,-6.3624253698652458e-10
0.5125,-6.3944130342867751e-10
0.515,-6.4045370824484876e-10
0.5175,-6.3908972155667813e-10
0.52,-6.3539415801436156e-10
0.5225,-6.2965832641433229e-10
0.525,-6.2238337235576426e-10
0.5275,-6.1421596091619018e-10
0.53,-6.058742562714123e-10
0.5325,-5.9809499087916038e-10
0.535,-5.9154529482406604e-10
0.5375,-5.8678780735366431e-10
0.54,-5.842450275973955e-10
0.5425,-5.842095565860155e-10
0.545,-5.8684958922025233e-10
0.5475,-5.922111188578989e-10
0.55,-6.0021389432889247e-10
0.5525,-6.1064176017335209e-10
0.555,-6.2314505941758811e-10
0.5575,-6.3724305105346301e-10
0.56,-6.5232769598305859e-10
0.5625,-6.6769125242011942e-10
0.565,-6.8255808150306803e-10
0.5675,-6.9612017110846194e-10
0.57,-7.0760632289766036e-10
0.5725,-7.1635017516823992e-10
0.575,-7.2184515976388335e-10
0.5775,-7.2379452252783005e-10
0.58,-7.2214290382269086e-10
0.5825,-7.1708403396619624e-10
0.585,-7.0905165172878252e-10
0.5875,-6.9867346764113233e-10
0.59,-6.8671249019544223e-10
0.5925,-6.740029171496198e-10
0.595,-6.6138478501934647e-10
0.5975,-6.4962535637845756e-10
0.6,-6.3937743342150982e-10
0.6025,-6.3114919090768674e-10
0.605,-6.2528928580206021e-10
0.6075,-6.2198975300762929e-10
0.61,-6.2129793876172369e-10
0.6125,-6.2313287626288123e-10
0.615,-6.2729877049830931e-10
0.6175,-6.3351684960857268e-10
0.62,-6.4144352387068743e-10
0.6225,-6.5069313280080413e-10
0.625,-6.6086914242977657e-10
0.6275,-6.7158003397111328e-10
0.63,-6.824604408939761e-10
0.6325,-6.9318809136256244e-10
0.635,-7.0349806407687767e-10
0.6375,-7.1318813143227526e-10
0.64,-7.2211943766513142e-10
0.6425,-7.3021335151107197e-10
0.645,-7.3743373369241677e-10
0.6475,-7.4377177895746568e-10
0.65,-7.4922699324485143e-10
0.6525,-7.5378236099876002e-10
0.655,-7.5740138545673952e-10
0.6575,-7.6002042027682927e-10
0.66,-7.6155477862068761e-10
0.6625,-7.619168998921179e-10
0.665,-7.6103694609937456e-10
0.6675,-7.5888892827496471e-10
0.67,-7.5551243712507621e-10
0.6725,-7.5103657867939952e-10
0.675,-7.4567925571630527e-10
0.6775,-7.3972938041886484e-10
0.68,-7.3354443948403861e-10
0.6825,-7.2750764134293841e-10
0.685,-7.2199729492100429e-10
0.6875,-7.173441971304656e-10
0.69,-7.1380591048414263e-10
0.6925,-7.1154341671389426e-10
0.695,-7.1061596062737758e-10
0.6975,-7.1099878787612952e-10
0.7,-7.1259459353098453e-10
0.7025,-7.1524742529654393e-10
0.705,-7.1878736512252954e-10
0.7075,-7.2303957600659297e-10
0.71,-7.2785091353108457e-10
0.7125,-7.3309869783704283e-10
0.715,-7.3869766424256538e-10
0.7175,-7.4458750370153464e-10
0.72,-7.5072384391500532e-10
0.7225,-7.5707248960124019e-10
0.725,-7.6357508998885727e-10
0.7275,-7.7012897515254388e-10
0.73,-7.7657355888207168e-10
0.7325,-7.8271143022234557e-10
0.735,-7.8831934286008655e-10
0.7375,-7.9317301002814899e-10
0.74,-7.9708238906552403e-10
0.7425,-7.9991608755438543e-10
0.745,-8.0163789148699554e-10
0.7475,-8.0231433549054175e-10
0.75,-8.0212816653889725e-10
0.7525,-8.0134193394113776e-10
0.755,-8.0025887008256629e-10
0.7575,-7.9918500052078833e-10
0.76,-7.9838243985586006e-10
0.7625,-7.9802902037077612e-10
0.765,-7.9817865356197311e-10
0.7675,-7.9874898936048641e-10
0.77,-7.9952780672953092e-10
0.7725,-8.0019552272836373e-10
0.775,-8.0036908002175695e-10
0.7775,-7.9965245059086285e-10
0.78,-7.9772409156220786e-10
0.7825,-7.9435674298736856e-10
0.785,-7.8947626531719466e-10
0.7875,-7.8319683199506502e-10
0.79,-7.7580535835045921e-10
0.7925,-7.6774044708587064e-10
0.795,-7.5955418471794274e-10
0.7975,-7.5184823433387118e-10
0.8,-7.4521339520241428e-10
0.8025,-7.4017937538177883e-10
0.805,-7.3716598761469843e-10
0.8075,-7.3643182080959811e-10
0.81,-7.3807255582657576e-10
0.8125,-7.4201975188089788e-10
0.815,-7.4805071161572463e-10
0.8175,-7.5582477401720382e-10
0.82,-7.6492741862148071e-10
0.8225,-7.7491280749637903e-10
0.825,-7.8533721245240035e-10
0.8275,-7.9579549413156104e-10
0.83,-8.0594466558257111e-10
0.8325,-8.1551654813550649e-10
0.835,-8.2431199626793441e-10
0.8375,-8.322028030896433e-10
0.84,-8.3910953505136141e-10
0.8425,-8.4498448809854944e-10
0.845,-8.4979588859557532e-10
0.8475,-8.5352304859928875e-10
0.85,-8.5614633522983575e-10
0.8525,-8.5764398871390407e-10
0.855,-8.5799845623911033e-10
0.8575,-8.5719983496627407e-10
0.86,-8.5524869691039399e-10
0.8625,-8.5216567174201519e-10
0.865,-8.4799989409652895e-10
0.8675,-8.4283484239940769e-10
0.87,-8.3679242404691786e-10
0.8725,-8.3002923078126522e-10
0.875,-8.2273561816909643e-10
0.8775,-8.1513073950265336e-10
0.88,-8.0745136232181295e-10
0.8825,-7.999406851325534e-10
0.885,-7.9283856139000084e-10
0.8875,-7.8637393172671076e-10
0.89,-7.8075539742399794e-10
0.8925,-7.7616314184264476e-10
0.895,-7.7275019890274089e-10
0.8975,-7.7063957841640504e-10
0.9,-7.6992618061981687e-10
0.9025,-7.7066821701517389e-10
0.905,-7.7289267266009054e-10
0.9075,-7.7659829364391012e-10
0.91,-7.8174479742128048e-10
0.9125,-7.8825385684897113e-10
0.915,-7.9601491322546339e-10
0.9175,-8.0488014724652715e-10
0.92,-8.1466270882541907e-10
0.9225,-8.251417909245219e-10
0.925,-8.360624558929156e-10
0.9275,-8.4714113529445998e-10
0.93,-8.5807506213965663e-10
0.9325,-8.6855369424405296e-10
0.935,-8.7827644762275529e-10
0.9375,-8.8696094770076556e-10
0.94,-8.9436477314090234e-10
0.9425,-9.0029431071941466e-10
0.945,-9.0461962393068792e-10
0.9475,-9.0727925569215318e-10
0.95,-9.0828717220116461e-10
0.9525,-9.0772576524721015e-10
0.955,-9.0574394838569203e-10
0.9575,-9.0254506540535385e-10
0.96,-8.9837175808978039e-10
0.9625,-8.9349079116744651e-10
0.965,-8.8817549110379343e-10
0.9675,-8.8269157762639033e-10
0.97,-8.7728239587984525e-10
0.9725,-8.7215597422849265e-10
0.975,-8.6747839254018796e-10
0.9775,-8.6336791412756238e-10
0.98,-8.5989526534146026e-10
0.9825,-8.5709707903545642e-10
0.985,-8.5496804032820164e-10
0.9875,-8.5347695709350895e-10
0.99,-8.5256699532052405e-10
0.9925,-8.521813218211917e-10
0.995,-8.5226861024509745e-10
0.9975,-8.5278769310769663e-10
1.0,-8.5371429690819322e-10
1.0025,-8.5502940773274421e-10
1.005,-8.567262683619992e-10
1.0075,-8.5880945595679238e-10
1.01,-8.6129288133707691e-10
1.0125,-8.6418798801119387e-10
1.015,-8.6749743472578901e-10
1.0175,-8.7121288259350667e-10
1.02,-8.7531693209087251e-10
1.0225,-8.7978411827518344e-10
1.025,-8.8458275313754064e-10
1.0275,-8.8967080504755715e-10
1.03,-8.9500270017203552e-10
1.0325,-9.0052890047521501e-10
1.035,-9.0619605570081051e-10
1.0375,-9.1194869190645413e-10
1.04,-9.177372847349192e-10
1.0425,-9.2349102399395895e-10
1.045,-9.2912711023166798e-10
1.0475,-9.3455274303391118e-10
1.05,-9.3967059541164828e-10
1.0525,-9.4437281533228873e-10
1.055,-9.4853789763912134e-10
1.0575,-9.5203839492004094e-10
1.06,-9.5474514192795855e-10
1.0625,-9.5653581404305104e-10
1.065,-9.5730473227677656e-10
1.0675,-9.5696705438660346e-10
1.07,-9.5547179660398949e-10
1.0725,-9.5280850588812025e-10
1.075,-9.4901103184284886e-10
1.0775,-9.4416292585103182e-10
1.08,-9.384018408407041e-10
1.0825,-9.3191052322131322e-10
1.085,-9.249018121648826e-10
1.0875,-9.1760486621313572e-10
1.09,-9.102558834368071e-10
1.0925,-9.0308876468003238e-10
1.095,-8.9633081211557628e-10
1.0975,-8.9019123119285711e-10
1.1,-8.8485130811185245e-10
1.1025,-8.8047308158294269e-10
1.105,-8.7719041264909918e-10
1.1075,-8.7510140379553834e-10
1.11,-8.7426713268323882e-10
1.1125,-8.7470774965260366e-10
1.115,-8.7640312477238549e-10
1.1175,-8.7929552548012124e-10
1.12,-8.8329604972726648e-10
1.1225,-8.8829170314100741e-10
1.125,-8.9414493084119038e-10
1.1275,-9.0069462701556271e-10
1.13,-9.0776037398424019e-10
1.1325,-9.1514910628443172e-10
1.135,-9.22659342126033e-10
1.1375,-9.3008768360047034e-10
1.14,-9.3723371242417424e-10
1.1425,-9.4390523406566545e-10
1.145,-9.499213999003725e-10
1.1475,-9.5511601043521189e-10
1.15,-9.5934542042433773e-10
1.1525,-9.6249811086547824e-10
1.155,-9.6450475432073905e-10
1.1575,-9.6533657470587095e-10
1.16,-9.6500424547465492e-10
1.1625,-9.6355414965429861e-10
1.165,-9.610629481299383e-10
1.1675,-9.5763059524064875e-10
1.17,-9.533775614464847e-10
1.1725,-9.4844244781483371e-10
1.175,-9.4296640705749671e-10
1.1775,-9.3710751934819594e-10
1.18,-9.3103240479653125e-10
1.1825,-9.2490710839591483e-10
1.185,-9.1887140680973935e-10
1.1875,-9.1306801371804405e-10
1.19,-9.0762378494121354e-10
1.1925,-9.0264415593558852e-10
1.195,-8.9820981849012693e-10
1.1975,-8.9437715552054942e-10
1.2,-8.9117686727029357e-10
1.2025,-8.8862611037064506e-10
1.205,-8.8673191829723234e-10
1.2075,-8.8549174499951499e-10
1.21,-8.8488883831586382e-10
1.2125,-8.8489085439019027e-10
1.215,-8.8545372214936565e-10
1.2175,-8.8652273564049188e-10
1.22,-8.8804224576527446e-10
1.2225,-8.8995582534918707e-10
1.225,-8.922058005811691e-10
1.2275,-8.9473586588643077e-10
1.23,-8.9748637266653316e-10
1.2325,-9.0039443268009674e-10
1.235,-9.0339704576144909e-10
1.2375,-9.0644894763527094e-10
1.24,-9.0948849492396829e-10
1.2425,-9.124501270999834e-10
1.245,-9.1527111822138095e-10
1.2475,-9.1789659714443465e-10
1.25,-9.2028008649182242e-10
1.2525,-9.2238236611667724e-10
1.255,-9.2417162665965945e-10
1.2575,-9.2562912011077153e-10
1.26,-9.2676326037254484e-10
1.2625,-9.2757081621424587e-10
1.265,-9.2805442301112598e-10
1.2675,-9.2822199537012457e-10
1.27,-9.280837377657716e-10
1.2725,-9.2764962085976425e-10
1.275,-9.2692320380429724e-10
1.2775,-9.2589816305078163e-10
1.28,-9.2455463533876794e-10
1.2825,-9.228711861907894e-10
1.285,-9.2082941946700484e-10
1.2875,-9.1842419244329173e-10
1.29,-9.1566161543255361e-10
1.2925,-9.1255799924788146e-10
1.295,-9.0914244788424454e-10
1.2975,-9.0545879559309036e-10
1.3,-9.0156614235499209e-10
1.3025,-8.9753656395479069e-10
1.305,-8.9343990089376714e-10
1.3075,-8.8935193166380241e-10
1.31,-8.8535340029094103e-10
1.3125,-8.8153692290637319e-10
1.315,-8.779944473363147e-10
1.3175,-8.7480969191007384e-10
1.32,-8.7205555984914878e-10
1.3225,-8.6979214931621282e-10
1.325,-8.6806534345072662e-10
1.3275,-8.6690682504233581e-10
1.33,-8.6633252445164101e-10
1.3325,-8.6634404708865964e-10
1.335,-8.6693396549288612e-10
1.3375,-8.6808080693793066e-10
1.34,-8.6974457567898443e-10
1.3425,-8.7187071005009061e-10
1.345,-8.7439294057558699e-10
1.3475,-8.7723680622131015e-10
1.35,-8.8031906799175406e-10
1.3525,-8.8355105206633826e-10
1.355,-8.8684147352702487e-10
1.3575,-8.9009832504673192e-10
1.36,-8.9323031851069533e-10
1.3625,-8.9615223528316334e-10
1.365,-8.9878035943986247e-10
1.3675,-9.0103672782783099e-10
1.37,-9.0285287493851083e-10
1.3725,-9.0417157164490857e-10
1.375,-9.0494820552008488e-10
1.3775,-9.0515148849704379e-10
1.38,-9.0476284212669947e-10
1.3825,-9.0377633729938453e-10
1.385,-9.0219815295272881e-10
1.3875,-9.0004549699861632e-10
1.39,-8.9734687469498464e-10
1.3925,-8.9414153460820372e-10
1.395,-8.9047946562201087e-10
1.3975,-8.8642022398632945e-10
1.4,-8.8203204191879256e-10
1.4025,-8.7738882101195345e-10
1.405,-8.7257098908102703e-10
1.4075,-8.6766241791180023e-10
1.41,-8.6274720381669952e-10
1.4125,-8.57906900403805e-10
1.415,-8.5321829535360465e-10
1.4175,-8.4874996591304707e-10
1.42,-8.4456460000586135e-10
1.4225,-8.4071721094828756e-10
1.425,-8.372545645405645e-10
1.4275,-8.3421445562301595e-10
1.43,-8.3162513543863547e-10
1.4325,-8.2950501993054062e-10
1.435,-8.2786217627353031e-10
1.4375,-8.2669458493791267e-10
1.44,-8.2599095647283103e-10
1.4425,-8.2573078509162895e-10
1.445,-8.258847504719324e-10
1.4475,-8.2641538554324233e-10
1.45,-8.2727805328891557e-10
1.4525,-8.2842156007948589e-10
1.455,-8.2978947161071463e-10
1.4575,-8.3132144108359438e-10
1.46,-8.3295485670881279e-10
1.4625,-8.346262432689471e-10
1.465,-8.3627225842542757e-10
1.4675,-8.3783051380063817e-10
1.47,-8.3924012528987152e-10
1.4725,-8.4044275868724983e-10
1.475,-8.413836700853591e-10
1.4775,-8.4201311720193524e-10
1.48,-8.4228849950804656e-10
1.4825,-8.4217603137253922e-10
1.485,-8.416510987431665e-10
1.4875,-8.406994816012687e-10
1.49,-8.3931796035086485e-10
1.4925,-8.3751227806730921e-10
1.495,-8.3529669825498049e-10
1.4975,-8.3269307097116812e-10
1.5,-8.2973024376258303e-10
1.5025,-8.2644300632373666e-10
1.505,-8.2287149473984179e-10
1.5075,-8.1906030392595465e-10
1.51,-8.1505745259661113e-10
1.5125,-8.1091265754818859e-10
1.515,-8.0667604345254836e-10
1.5175,-8.0239654397801769e-10
1.52,-7.9812127595714891e-10
1.5225,-7.9389429146700091e-10
1.525,-7.8975593705254866e-10
1.5275,-7.8574266000305755e-10
1.53,-7.8188641872357558e-10
1.5325,-7.7821484640459106e-10
1.535,-7.747514826959147e-10
1.5375,-7.7151582074899998e-10
1.54,-7.6852345417010989e-10
1.5425,-7.6578631741707502e-10
1.545,-7.6331237715044466e-10
1.5475,-7.6110619547526115e-10
1.55,-7.5916864308732603e-10
1.5525,-7.5749607781875898e-10
1.555,-7.5608082722503633e-10
1.5575,-7.5491192256434417e-10
1.56,-7.5397484509706727e-10
1.5625,-7.5325149482194958e-10
1.565,-7.527205139494502e-10
1.5675,-7.5235720657420384e-10
1.57,-7.5213492946077399e-10
1.5725,-7.5202475318129581e-10
1.575,-7.5199691103230649e-10
1.5775,-7.5202014565169009e-10
1.58,-7.5206327998447642e-10
1.5825,-7.5209638920678876e-10
1.585,-7.5209082504086437e-10
1.5875,-7.5201956446525553e-10
1.59,-7.5185718784657892e-10
1.5925,-7.5158013357111682e-10
1.595,-7.5116697068829859e-10
1.5975,-7.505975598037375e-10
1.6,-7.4985350107563127e-10
1.6025,-7.4891870431292316e-10
1.605,-7.4777926417718071e-10
1.6075,-7.464231923669878e-10
1.61,-7.4484052005524277e-10
1.6125,-7.4302396449778315e-10
1.615,-7.4096948488326968e-10
1.6175,-7.3867600855761827e-10
1.62,-7.3614605714722975e-10
1.6225,-7.3338615049124944e-10
1.625,-7.3040722464093404e-10
1.6275,-7.2722463341807412e-10
1.63,-7.23858265751654e-10
1.6325,-7.2033237084398949e-10
1.635,-7.1667519803874791e-10
1.6375,-7.129183501444021e-10
1.64,-7.0909610260382163e-10
1.6425,-7.0524478324664227e-10
1.645,-7.0140160867345481e-10
1.6475,-6.9760419870972795e-10
1.65,-6.9388994792196426e-10
1.6525,-6.90294768749879e-10
1.655,-6.8685259720011953e-10
1.6575,-6.8359438167981149e-10
1.66,-6.8054790661404585e-10
1.6625,-6.777368731825287e-10
1.665,-6.7518102781023069e-10
1.6675,-6.7289460633499721e-10
1.67,-6.7088660122376398e-10
1.6725,-6.6916050740545722e-10
1.675,-6.677143454340748e-10
1.6775,-6.6654110952555798e-10
1.68,-6.6562890774694707e-10
1.6825,-6.6496107248564802e-10
1.685,-6.6451674368215298e-10
1.6875,-6.6427160017053374e-10
1.69,-6.6419787311860002e-10
1.6925,-6.6426478250826332e-10
1.695,-6.6443937779253263e-10
1.6975,-6.6468690520567388e-10
1.7,-6.6497167058913977e-10
1.7025,-6.6525774257689767e-10
1.705,-6.6550988486771884e-10
1.7075,-6.6569422114773562e-10
1.71,-6.657790690573141e-10
1.7125,-6.6573540035891791e-10
1.715,-6.6553728332713295e-10
1.7175,-6.6516205913704577e-10
1.72,-6.6459101828552929e-10
1.7225,-6.638095793989898e-10
1.725,-6.6280740541403371e-10
1.7275,-6.6157859624092307e-10
1.73,-6.6012169478971517e-10
1.7325,-6.5843969184133477e-10
1.735,-6.565398545598737e-10
1.7375,-6.5443344956586619e-10
1.74,-6.5213525905050508e-10
1.7425,-6.4966332779723928e-10
1.745,-6.470386317321993e-10
1.7475,-6.4428452310912547e-10
1.75,-6.4142640219620942e-10
1.7525,-6.3849113758267245e-10
1.755,-6.3550662698845241e-10
1.7575,-6.3250132343167533e-10
1.76,-6.2950371804207422e-10
1.7625,-6.2654171325732864e-10
1.765,-6.2364226448802854e-10
1.7675,-6.2083100072768084e-10
1.77,-6.1813195960366123e-10
1.7725,-6.155669743095985e-10
1.775,-6.1315561388784924e-10
1.7775,-6.1091483652381955e-10
1.78,-6.0885912897063427e-10
1.7825,-6.0700000926722749e-10
1.785,-6.053459930688317e-10
1.7875,-6.0390201718943431e-10
1.79,-6.0266951149104066e-10
1.7925,-6.0164646917827886e-10
1.795,-6.0082727889462776e-10
1.7975,-6.0020357548213024e-10
1.8,-5.9976372739178473e-10
1.8025,-5.9949327417916198e-10
1.805,-5.9937557913606673e-10
1.8075,-5.9939204577139684e-10
1.81,-5.9952216959806401e-10
1.8125,-5.9974406240546834e-10
1.815,-6.0003681939054194e-10
1.8175,-6.0037498857186498e-10
1.82,-6.0073413885994865e-10
1.8225,-6.0109068761421157e-10
1.825,-6.0142186629723583e-10
1.8275,-6.0170598942178349e-10
1.83,-6.0192283923284516e-10
1.8325,-6.0205403886608873e-10
1.835,-6.0208329918069422e-10
1.8375,-6.0199667817839969e-10
1.84,-6.0178276089208684e-10
1.8425,-6.0143266571697621e-10
1.845,-6.0094004157058641e-10
1.8475,-6.0030103920705656e-10
1.85,-5.9951446491979292e-10
1.8525,-5.9858166417339664e-10
1.855,-5.9750661758458688e-10
1.8575,-5.962953972829957e-10
1.86,-5.949559462564917e-10
1.8625,-5.9349773549836764e-10
1.865,-5.9193138213123042e-10
1.8675,-5.9026849211057777e-10
1.87,-5.8852179252095282e-10
1.8725,-5.8670495165013369e-10
1.875,-5.8483283590553928e-10
1.8775,-5.8292108074171439e-10
1.88,-5.8098576456722968e-10
1.8825,-5.790432011736209e-10
1.885,-5.771095824526272e-10
1.8875,-5.7520078779273527e-10
1.89,-5.7333213453989497e-10
1.8925,-5.7151930812515589e-10
1.895,-5.6977517594284981e-10
1.8975,-5.6811380699205493e-10
1.9,-5.6654534444445487e-10
1.9025,-5.6508160280971889e-10
1.905,-5.6372962100682919e-10
1.9075,-5.6249835381558374e-10
1.91,-5.6139163379755795e-10
1.9125,-5.6041530923178528e-10
1.915,-5.5956992070345633e-10
1.9175,-5.5885799962579017e-10
1.92,-5.5827677456375349e-10
1.9225,-5.5782480170169759e-10
1.925,-5.574958970907567e-10
1.9275,-5.572842820489969e-10
1.93,-5.5718037050711003e-10
1.9325,-5.5717446416829635e-10
1.935,-5.5725438737652289e-10
1.9375,-5.5740729585212206e-10
1.94,-5.5761936135670817e-10
1.9425,-5.578759009794147e-10
1.945,-5.5816148861234836e-10
1.9475,-5.5845989575220848e-10
1.95,-5.5875458659270144e-10
1.9525,-5.5902895463886502e-10
1.955,-5.5926683071671728e-10
1.9575,-5.5945266018858087e-10
1.96,-5.5957202132586388e-10
1.9625,-5.5961192969850653e-10
1.965,-5.5956047110958494e-10
1.9675,-5.5940741148127169e-10
1.97,-5.5914403886155815e-10
1.9725,-5.5876371013967071e-10
1.975,-5.5826146042352225e-10
1.9775,-5.5763405778654177e-10
1.98,-5.5688082761454514e-10
1.9825,-5.5600357601673158e-10
1.985,-5.5500611100733307e-10
1.9875,-5.538941322270886e-10
1.99,-5.5267501774618361e-10
1.9925,-5.5135494581278588e-10
1.995,-5.4994582055919916e-10
1.9975,-5.4845740624478213e-10
2.0,-5.4690183616757686e-10
2.0025,-5.4529294822410009e-10
2.005,-5.4364564106720102e-10
2.0075,-5.4197526144246568e-10
2.01,-5.4029686992079673e-10
2.0125,-5.386250883802211e-10
2.015,-5.3697372039551257e-10
2.0175,-5.3535564425599264e-10
2.02,-5.3378287675252324e-10
2.0225,-5.3226665604149748e-10
2.025,-5.3081744395556301e-10
2.0275,-5.2944481076281056e-10
2.03,-5.2815720221509859e-10
2.0325,-5.2696170388758854e-10
2.035,-5.2586379320127708e-10
2.0375,-5.2486723798859275e-10
2.04,-5.2397416742937998e-10
2.0425,-5.2318519774215101e-10
2.045,-5.2249967616067813e-10
2.0475,-5.219158634002213e-10
2.05,-5.2143095766164847e-10
2.0525,-5.2104106796458324e-10
2.055,-5.2074105883318417e-10
2.0575,-5.2052438572985027e-10
2.06,-5.2038306646501588e-10
2.0625,-5.2030777736492896e-10
2.065,-5.2028811337736472e-10
2.0675,-5.2031291633245334e-10
2.07,-5.2037062405432579e-10
2.0725,-5.2044951982468882e-10
2.075,-5.2053786774564122e-10
2.0775,-5.2062402574674024e-10
2.08,-5.206964365056534e-10
2.0825,-5.2074378269611868e-10
2.085,-5.207551728161438e-10
2.0875,-5.207203280591835e-10
2.09,-5.206299439739644e-10
2.0925,-5.2047594737288368e-10
2.095,-5.2025137588810242e-10
2.0975,-5.1995072398896802e-10
2.1,-5.1956986537548521e-10
2.1025,-5.191060681785166e-10
2.105,-5.1855780466630165e-10
2.1075,-5.1792484022280054e-10
2.11,-5.1720818520647989e-10
2.1125,-5.1641010742154935e-10
2.115,-5.1553400217268057e-10
2.1175,-5.1458420543918463e-10
2.12,-5.1356589654261794e-10
2.1225,-5.1248493553112288e-10
2.125,-5.1134776786461359e-10
2.1275,-5.1016146059312274e-10
2.13,-5.0893376382168498e-10
2.1325,-5.0767333294106198e-10
2.135,-5.0638876355024658e-10
2.1375,-5.0508889435223941e-10
2.14,-5.0378276148479694e-10
2.1425,-5.0247943560385412e-10
2.145,-5.0118785438759876e-10
2.1475,-4.9991667966417973e-10
2.15,-4.9867450109111759e-10
2.1525,-4.9746937565337833e-10
2.155,-4.9630877676696567e-10
2.1575,-4.9519963555887572e-10
2.16,-4.9414824010826658e-10
2.1625,-4.9316016005483698e-10
2.165,-4.9224014602141862e-10
2.1675,-4.9139204893198671e-10
2.17,-4.906189563244054e-10
2.1725,-4.8992310439955991e-10
2.175,-4.8930591324173635e-10
2.1775,-4.8876797129596931e-10
2.18,-4.8830906957089534e-10
2.1825,-4.8792800787480717e-10
2.185,-4.8762260480621965e-10
2.1875,-4.8738960514882086e-10
2.19,-4.8722481385333043e-10
2.1925,-4.8712319036535018e-10
2.195,-4.8707870245590269e-10
2.1975,-4.8708456687646429e-10
2.2,-4.871330978820694e-10
2.2025,-4.8721577628258004e-10
2.205,-4.8732342332471957e-10
2.2075,-4.8744662176274489e-10
2.21,-4.8757610319936337e-10
2.2125,-4.877030392039045e-10
2.215,-4.8781932531890901e-10
2.2175,-4.8791766155208254e-10
2.22,-4.8799150679831058e-10
2.2225,-4.8803494586169382e-10
2.225,-4.8804264157171614e-10
2.2275,-4.8800969748155429e-10
2.23,-4.8793174196235457e-10
2.2325,-4.8780513965654577e-10
2.235,-4.8762716369376889e-10
2.2375,-4.8739595084669126e-10
2.24,-4.8711052838197069e-10
2.2425,-4.8677083308878706e-10
2.245,-4.8637762401515235e-10
2.2475,-4.8593238843965146e-10
2.25,-4.8543716484476541e-10
2.2525,-4.8489465929723929e-10
2.255,-4.8430824099924056e-10
2.2575,-4.836817206298713e-10
2.26,-4.8301925937160543e-10
2.2625,-4.8232537945788922e-10
2.265,-4.8160489572449737e-10
2.2675,-4.8086282813517645e-10
2.27,-4.8010440245771974e-10
2.2725,-4.793349810848118e-10
2.275,-4.7855992957817599e-10
2.2775,-4.7778465616107748e-10
2.28,-4.7701463587497496e-10
2.2825,-4.7625536654147123e-10
2.285,-4.7551226845622106e-10
2.2875,-4.7479068559364687e-10
2.29,-4.7409575723102094e-10
2.2925,-4.7343237724172927e-10
2.295,-4.728051016384218e-10
2.2975,-4.7221809604691488e-10
2.3,-4.7167511843476122e-10
2.3025,-4.7117946230159458e-10
2.305,-4.7073387065791347e-10
2.3075,-4.7034063039193417e-10
2.31,-4.7000152196507051e-10
2.3125,-4.6971772614875267e-10
2.315,-4.6948977783848447e-10
2.3175,-4.6931743904889197e-10
2.32,-4.6919979261779977e-10
2.3225,-4.6913509012181242e-10
2.325,-4.691207669990684e-10
2.3275,-4.6915356236926015e-10
2.33,-4.6922960534151014e-10
2.3325,-4.6934449289074395e-10
2.335,-4.6949341018135272e-10
2.3375,-4.6967134702481405e-10
2.34,-4.69873212177022e-10
2.3425,-4.7009394887544361e-10
2.345,-4.7032863778308876e-10
2.3475,-4.7057241056151516e-10
2.35,-4.7082047123622314e-10
2.3525,-4.7106822840164788e-10
2.355,-4.713110669951132e-10
2.3575,-4.7154395432244845e-10
2.36,-4.7176197027433302e-10
2.3625,-4.719603768916169e-10
2.365,-4.7213427397400034e-10
2.3675,-4.7227971755974351e-10
2.37,-4.7239359538846423e-10
2.3725,-4.724734001229523e-10
2.375,-4.7251708989454295e-10
2.3775,-4.7252291469499235e-10
2.38,-4.7248927481593625e-10
2.3825,-4.7241486265010105e-10
2.385,-4.7229866942405646e-10
2.3875,-4.7213990530533436e-10
2.39,-4.7193795813830062e-10
2.3925,-4.716928763990013e-10
2.395,-4.714054444398425e-10
2.3975,-4.7107705496972912e-10
2.4,-4.707097549545375e-10
2.4025,-4.7030604731745615e-10
2.405,-4.6986868139686534e-10
2.4075,-4.6940074759450965e-10
2.41,-4.6890473191241664e-10
2.4125,-4.6838290872600757e-10
2.415,-4.6783766581382056e-10
2.4175,-4.6727178472310126e-10
2.42,-4.6668869857297486e-10
2.4225,-4.6609252018794955e-10
2.425,-4.6548804086620391e-10
2.4275,-4.6488054819085366e-10
2.43,-4.6427555714780199e-10
2.4325,-4.6367854810085514e-10
2.435,-4.6309488151592896e-10
2.4375,-4.6252944284265466e-10
2.44,-4.6198669300559065e-10
2.4425,-4.6147067468744584e-10
2.445,-4.609850088680683e-10
2.4475,-4.6053286547931302e-10
2.45,-4.6011686411695869e-10
2.4525,-4.5973896500366989e-10
2.455,-4.5940043518640134e-10
2.4575,-4.5910197248410737e-10
2.46,-4.5884385034893888e-10
2.4625,-4.5862596007656977e-10
2.465,-4.5844783675381463e-10
2.4675,-4.5830869233205825e-10
2.47,-4.5820728891909061e-10
2.4725,-4.5814205272285215e-10
2.475,-4.5811110603285033e-10
2.4775,-4.5811230099815899e-10
2.48,-4.581432171213576e-10
2.4825,-4.5820120022880198e-10
2.485,-4.582830240486215e-10
2.4875,-4.5838476311844794e-10
2.49,-4.5850187248249421e-10
2.4925,-4.5862933991020882e-10
2.495,-4.587618700875129e-10
2.4975,-4.5889425667861384e-10
2.5,-4.5902158527368218e-10
2.5025,-4.5913916334241725e-10
2.505,-4.5924265688670457e-10
2.5075,-4.5932800261324159e-10
2.51,-4.593913345543079e-10
2.5125,-4.5942900320224955e-10
2.515,-4.5943730392581225e-10
2.5175,-4.5941272155310655e-10
2.52,-4.5935212755661874e-10
2.5225,-4.5925271780200137e-10
2.525,-4.5911211913599229e-10
2.5275,-4.5892831491502004e-10
2.53,-4.5869970893478201e-10
2.5325,-4.5842498148835818e-10
2.535,-4.5810316530825649e-10
2.5375,-4.5773373329206851e-10
2.54,-4.573166489203865e-10
2.5425,-4.5685251843179603e-10
2.545,-4.5634262518563314e-10
2.5475,-4.5578895691193755e-10
2.55,-4.5519408161084019e-10
2.5525,-4.5456106413602393e-10
2.555,-4.5389347776376939e-10
2.5575,-4.5319530600505181e-10
2.56,-4.5247084246147181e-10
2.5625,-4.5172468179761353e-10
2.565,-4.5096175779363742e-10
2.5675,-4.5018730003909208e-10
2.57,-4.4940677155728086e-10
2.5725,-4.4862581435132962e-10
2.575,-4.4785009577436437e-10
2.5775,-4.4708524583598044e-10
2.58,-4.4633674073271461e-10
2.5825,-4.4560986024031176e-10
2.585,-4.4490962214793533e-10
2.5875,-4.4424070559348497e-10
2.59,-4.4360747334365132e-10
2.5925,-4.4301392068714451e-10
2.595,-4.4246364054121075e-10
2.5975,-4.4195985777204184e-10
2.6,-4.41505478091764e-10
2.6025,-4.411028940495937e-10
2.605,-4.4075419464443644e-10
2.6075,-4.40460902864851e-10
2.61,-4.4022385805855658e-10
2.6125,-4.400429891633781e-10
2.615,-4.3991744253944597e-10
2.6175,-4.3984511131476958e-10
2.62,-4.3982317950206921e-10
2.6225,-4.3984810996069945e-10
2.625,-4.3991567211803878e-10
2.6275,-4.4002122030632158e-10
2.63,-4.4015994779796465e-10
2.6325,-4.4032686813529862e-10
2.635,-4.405166192530198e-10
2.6375,-4.4072367969118035e-10
2.64,-4.4094229617704019e-10
2.6425,-4.4116662978297947e-10
2.645,-4.4139071405291154e-10
2.6475,-4.4160848646793287e-10
2.65,-4.4181381921630102e-10
2.6525,-4.4200068398838854e-10
2.655,-4.4216318470697672e-10
2.6575,-4.4229572636844371e-10
2.66,-4.4239320638122621e-10
2.6625,-4.4245099536030224e-10
2.665,-4.4246507069411634e-10
2.6675,-4.424321655599162e-10
2.67,-4.4234966850880926e-10
2.6725,-4.4221573066718372e-10
2.675,-4.4202914125782011e-10
2.6775,-4.4178927620683088e-10
2.68,-4.4149599181456238e-10
2.6825,-4.4114972901034308e-10
2.685,-4.4075153749948438e-10
2.6875,-4.4030318048785222e-10
2.69,-4.3980723831566962e-10
2.6925,-4.3926731059493346e-10
2.695,-4.3868786793287429e-10
2.6975,-4.3807432967278692e-10
2.7,-4.3743270769008789e-10
2.7025,-4.3676937651895304e-10
2.705,-4.3609091228334369e-10
2.7075,-4.3540410525817832e-10
2.71,-4.3471575665530053e-10
2.7125,-4.3403263036551698e-10
2.715,-4.3336152828609002e-10
2.7175,-4.3270908267138841e-10
2.72,-4.3208178071554622e-10
2.7225,-4.3148582899523039e-10
2.725,-4.3092703842389174e-10
2.7275,-4.304108841660416e-10
2.73,-4.2994208570978698e-10
2.7325,-4.2952473978976595e-10
2.735,-4.2916227168162466e-10
2.7375,-4.2885757155198494e-10
2.74,-4.2861302647741686e-10
2.7425,-4.2843088956687983e-10
2.745,-4.2831310406200957e-10
2.7475,-4.2826091015696491e-10
2.75,-4.2827446958989085e-10
2.7525,-4.283526607916489e-10
2.755,-4.2849291858226999e-10
2.7575,-4.2869169476609105e-10
2.76,-4.2894420456018738e-10
2.7625,-4.292452163174372e-10
2.765,-4.2958930299620627e-10
2.7675,-4.2997098954684852e-10
2.77,-4.3038455644101976e-10
2.7725,-4.3082407823059527e-10
2.775,-4.312833028775773e-10
2.7775,-4.3175564829508204e-10
2.78,-4.3223441655056783e-10
2.7825,-4.3271283029189347e-10
2.785,-4.3318425057473249e-10
2.7875,-4.3364233474651197e-10
2.79,-4.340811112868822e-10
2.7925,-4.3449490203267298e-10
2.795,-4.3487828018701679e-10
2.7975,-4.3522617913102805e-10
2.8,-4.3553384048323611e-10
2.8025,-4.3579692044911122e-10
2.805,-4.3601157496984137e-10
2.8075,-4.3617453647554266e-10
2.81,-4.3628324594313929e-10
2.8125,-4.3633590642857749e-10
2.815,-4.3633161800022569e-10
2.8175,-4.3627040796695048e-10
2.82,-4.3615326617009604e-10
2.8225,-4.3598197582298343e-10
2.825,-4.357590949753206e-10
2.8275,-4.3548787888095272e-10
2.83,-4.3517201651558869e-10
2.8325,-4.3481565162019129e-10
2.835,-4.3442334636667416e-10
2.8375,-4.3400013674766889e-10
2.84,-4.3355133178294567e-10
2.8425,-4.3308248294704859e-10
2.845,-4.3259939397407449e-10
2.8475,-4.3210792905533674e-10
2.85,-4.3161403457441331e-10
2.8525,-4.3112380350869567e-10
2.855,-4.3064344299784336e-10
2.8575,-4.3017941853252551e-10
2.86,-4.2973788076847206e-10
2.8625,-4.293246294989044e-10
2.865,-4.2894505396976831e-10
2.8675,-4.2860409243411603e-10
2.87,-4.2830584491059816e-10
2.8725,-4.2805371287160234e-10
2.875,-4.2785023878650129e-10
2.8775,-4.2769710435586423e-10
2.88,-4.2759515109124981e-10
2.8825,-4.2754458977243179e-10
2.885,-4.2754488418740765e-10
2.8875,-4.2759493983913307e-10
2.89,-4.2769274978502692e-10
2.8925,-4.278356840963924e-10
2.895,-4.280206342587354e-10
2.8975,-4.2824416037684925e-10
2.9,-4.2850267523191274e-10
2.9025,-4.2879245164610418e-10
2.905,-4.2910959186700218e-10
2.9075,-4.294498817655804e-10
2.91,-4.2980877967794822e-10
2.9125,-4.301812634520414e-10
2.915,-4.3056182764831186e-10
2.9175,-4.3094453135871052e-10
2.92,-4.3132297952772247e-10
2.9225,-4.3169069191511452e-10
2.925,-4.3204129061911263e-10
2.9275,-4.323687976798424e-10
2.93,-4.3266788608909474e-10
2.9325,-4.3293391619093602e-10
2.935,-4.3316306869919248e-10
2.9375,-4.3335221516463453e-10
2.94,-4.3349886941743798e-10
2.9425,-4.3360102152387734e-10
2.945,-4.3365716631382029e-10
2.9475,-4.3366625852216108e-10
2.95,-4.3362770291358941e-10
2.9525,-4.3354104829330405e-10
2.955,-4.334069120425607e-10
2.9575,-4.3322649461708854e-10
2.96,-4.3300153720082529e-10
2.9625,-4.3273421669131503e-10
2.965,-4.324270927222549e-10
2.9675,-4.3208308814753536e-10
2.97,-4.3170556448863818e-10
2.9725,-4.3129832828093066e-10
2.975,-4.3086568027938911e-10
2.9775,-4.3041228228496799e-10
2.98,-4.2994320016504058e-10
2.9825,-4.2946357777998435e-10
2.985,-4.2897854691944948e-10
2.9875,-4.2849300948180826e-10
2.99,-4.2801153093249766e-10
2.9925,-4.2753861786636527e-10
2.995,-4.2707864397445517e-10
2.9975,-4.2663598610088257e-10
3.0,-4.2621493456881658e-10
3.0025,-4.2581941702448005e-10
3.005,-4.254528168828999e-10
3.0075,-4.2511749779957534e-10
3.01,-4.248147085805014e-10
3.0125,-4.2454468118723101e-10
3.015,-4.2430706919263029e-10
3.0175,-4.2410089379711211e-10
3.02,-4.2392514588879377e-10
3.0225,-4.2377868895602881e-10
3.025,-4.2366017599197579e-10
3.0275,-4.2356822377586892e-10
3.03,-4.2350095341662736e-10
3.0325,-4.2345620009470601e-10
3.035,-4.2343157036347869e-10
3.0375,-4.2342449991146527e-10
3.04,-4.2343240196241274e-10
3.0425,-4.2345256323725616e-10
3.045,-4.2348211773683964e-10
3.0475,-4.2351788797252088e-10
3.05,-4.2355632923755219e-10
3.0525,-4.2359371631482316e-10
3.055,-4.2362650211754787e-10
3.0575,-4.2365148909872489e-10
3.06,-4.2366610181604117e-10
3.0625,-4.2366824609639976e-10
3.065,-4.236561761969615e-10
3.0675,-4.2362830597305966e-10
3.07,-4.2358304329221311e-10
3.0725,-4.2351889224570553e-10
3.075,-4.2343464309196654e-10
3.0775,-4.2332967982835816e-10
3.08,-4.232040504069558e-10
3.0825,-4.2305842076338061e-10
3.085,-4.2289379422194753e-10
3.0875,-4.2271129400245116e-10
3.09,-4.2251201341814302e-10
3.0925,-4.2229690961626085e-10
3.095,-4.2206714400935813e-10
3.0975,-4.2182411185879788e-10
3.1,-4.2156963440763601e-10
3.1025,-4.2130589515023552e-10
3.105,-4.210353892083936e-10
3.1075,-4.2076078677807775e-10
3.11,-4.2048481436177337e-10
3.1125,-4.2021018791347646e-10
3.115,-4.1993954519700923e-10
3.1175,-4.1967530320441683e-10
3.12,-4.1941979166084816e-10
3.1225,-4.1917491552892905e-10
3.125,-4.1894195661632924e-10
3.1275,-4.1872180434368813e-10
3.13,-4.1851494553312829e-10
3.1325,-4.1832160987900425e-10
3.135,-4.1814191644672324e-10
3.1375,-4.1797587821690609e-10
3.14,-4.1782355584859386e-10
3.1425,-4.1768457802764664e-10
3.145,-4.1755831099749924e-10
3.1475,-4.1744397123052749e-10
3.15,-4.1734054238311821e-10
3.1525,-4.1724695304563842e-10
3.155,-4.1716187908372949e-10
3.1575,-4.1708384846122502e-10
3.16,-4.1701126301182801e-10
3.1625,-4.1694233238598764e-10
3.165,-4.1687533824634178e-10
3.1675,-4.168085676864521e-10
3.17,-4.1674065163913485e-10
3.1725,-4.1667041277468362e-10
3.175,-4.1659688218424676e-10
3.1775,-4.1651932600272231e-10
3.18,-4.1643716243316147e-10
3.1825,-4.163498304032528e-10
3.185,-4.1625682196984446e-10
3.1875,-4.161576359787476e-10
3.19,-4.1605180651836105e-10
3.1925,-4.1593919488924191e-10
3.195,-4.1582022750952896e-10
3.1975,-4.1569578362226158e-10
3.2,-4.1556737640045067e-10
3.2025,-4.1543684376819099e-10
3.205,-4.1530623136488693e-10
3.2075,-4.1517760480329939e-10
3.21,-4.1505292741540537e-10
3.2125,-4.14934202153385e-10
3.215,-4.1482329230609352e-10
3.2175,-4.1472116427461173e-10
3.22,-4.1463022498362535e-10
3.2225,-4.1455145306201669e-10
3.225,-4.1448713928706602e-10
3.2275,-4.1443817737478612e-10
3.23,-4.144061347927297e-10
3.2325,-4.143915490709239e-10
3.235,-4.1439562690622323e-10
3.2375,-4.1441885778523951e-10
3.24,-4.1446228643504833e-10
3.2425,-4.1452644233891303e-10
3.245,-4.1461193916272089e-10
3.2475,-4.1471893354653138e-10
3.25,-4.1484696654425366e-10
3.2525,-4.1499482705832601e-10
3.255,-4.1516072668560349e-10
3.2575,-4.153427976793604e-10
3.26,-4.1553912895953381e-10
3.2625,-4.157478323991185e-10
3.265,-4.1596682434758371e-10
3.2675,-4.1619404450176121e-10
3.27,-4.164267092276139e-10
3.2725,-4.1666153276168204e-10
3.275,-4.1689492260599601e-10
3.2775,-4.1712328820744603e-10
3.28,-4.1734353056984145e-10
3.2825,-4.1755307151666388e-10
3.285,-4.1774985252794882e-10
3.2875,-4.1793192227774759e-10
3.29,-4.1809742909736631e-10
3.2925,-4.1824359354021956e-10
3.295,-4.1836755185600167e-10
3.2975,-4.1846662176407809e-10
3.3,-4.1853858204629694e-10
3.3025,-4.1858197685493859e-10
3.305,-4.1859639929703495e-10
3.3075,-4.1858216814886788e-10
3.31,-4.1853974182815359e-10
3.3125,-4.1847001496363907e-10
3.315,-4.1837393107147616e-10
3.3175,-4.1825246369639303e-10
3.32,-4.1810640980580555e-10
3.3225,-4.1793707146823626e-10
3.325,-4.1774651327724884e-10
3.3275,-4.1753778058931741e-10
3.33,-4.1731478908852194e-10
3.3325,-4.170821085600577e-10
3.335,-4.1684454557133738e-10
3.3375,-4.1660654268232351e-10
3.34,-4.1637172251943471e-10
3.3425,-4.1614289517454937e-10
3.345,-4.1592238315492424e-10
3.3475,-4.1571290013947335e-10
3.35,-4.155179038018262e-10
3.3525,-4.1534169327000318e-10
3.355,-4.1518880731434448e-10
3.3575,-4.150632343213817e-10
3.36,-4.1496797533793351e-10
3.3625,-4.1490496695298529e-10
3.365,-4.1487533242832476e-10
3.3675,-4.1488009358727124e-10
3.37,-4.1491980120992886e-10
3.3725,-4.1499507701648083e-10
3.375,-4.151061195119376e-10
3.3775,-4.152527233964462e-10
3.38,-4.1543413586809813e-10
3.3825,-4.1564895777188891e-10
3.385,-4.1589514162414229e-10
3.3875,-4.1616980190925027e-10
3.39,-4.1646956524207434e-10
3.3925,-4.1679061791755806e-10
3.395,-4.1712901081494229e-10
3.3975,-4.1748033345104168e-10
3.4,-4.1783997002652959e-10
3.4025,-4.1820303941990156e-10
3.405,-4.1856429295848087e-10
3.4075,-4.1891828021499399e-10
3.41,-4.1925966365763498e-10
3.4125,-4.1958348647436096e-10
3.415,-4.1988541216283143e-10
3.4175,-4.2016171158459468e-10
3.42,-4.2040912662042028e-10
3.4225,-4.2062459795000393e-10
3.425,-4.2080505731877556e-10
3.4275,-4.2094725126791524e-10
3.43,-4.2104785993999207e-10
3.4325,-4.2110381764819584e-10
3.435,-4.2111262803006517e-10
3.4375,-4.2107252620604221e-10
3.44,-4.2098264439772842e-10
3.4425,-4.2084316320283075e-10
3.445,-4.2065510205178197e-10
3.4475,-4.2042026253931653e-10
3.45,-4.2014123837135634e-10
3.4525,-4.1982122759053977e-10
3.455,-4.1946391491343853e-10
3.4575,-4.1907355884284445e-10
3.46,-4.1865486747377302e-10
3.4625,-4.1821278217608241e-10
3.465,-4.177523458786744e-10
3.4675,-4.1727861271529133e-10
3.47,-4.1679652504532642e-10
3.4725,-4.1631103465041036e-10
3.475,-4.1582700570944903e-10
3.4775,-4.1534921386507277e-10
3.48,-4.1488243658960333e-10
3.4825,-4.1443143511809447e-10
3.485,-4.1400097600841725e-10
3.4875,-4.1359585202633005e-10
3.49,-4.1322062081284311e-10
3.4925,-4.1287955213289233e-10
3.495,-4.1257644176727996e-10
3.4975,-4.1231461003078891e-10
3.5,-4.12096745303386e-10
3.5025,-4.1192474999878443e-10
3.505,-4.117998734750145e-10
3.5075,-4.1172265522626765e-10
3.51,-4.1169296967230862e-10
3.5125,-4.1170973902106731e-10
3.515,-4.1177109329833545e-10
3.5175,-4.1187443983070847e-10
3.52,-4.1201655489410697e-10
3.5225,-4.1219331953566599e-10
3.525,-4.1240021337314751e-10
3.5275,-4.1263231922620298e-10
3.53,-4.128844297722196e-10
3.5325,-4.1315109849511461e-10
3.535,-4.1342679389199186e-10
3.5375,-4.1370601710575642e-10
3.54,-4.1398334261004584e-10
3.5425,-4.1425362892613379e-10
3.545,-4.1451209135979854e-10
3.5475,-4.1475410016871797e-10
3.55,-4.1497565976534277e-10
3.5525,-4.1517282272450301e-10
3.555,-4.1534218433586594e-10
3.5575,-4.1548057643208629e-10
3.56,-4.1558499197375202e-10
3.5625,-4.1565273723863688e-10
3.565,-4.1568161064052327e-10
3.5675,-4.156699303353422e-10
3.57,-4.1561663707579265e-10
3.5725,-4.1552125652493159e-10
3.575,-4.1538391022027697e-10
3.5775,-4.1520548678735822e-10
3.58,-4.1498723654900247e-10
3.5825,-4.1473081877998393e-10
3.585,-4.1443835379001062e-10
3.5875,-4.1411263307297423e-10
3.59,-4.1375705478399051e-10
3.5925,-4.133755589970542e-10
3.595,-4.1297260327786197e-10
3.5975,-4.1255279512941528e-10
3.6,-4.1212095648260119e-10
3.6025,-4.1168190061075589e-10
3.605,-4.1124054125438532e-10
3.6075,-4.1080185406066648e-10
3.61,-4.1037052269542949e-10
3.6125,-4.0995198567090936e-10
3.615,-4.0955086974620966e-10
3.6175,-4.0917234861751057e-10
3.62,-4.0882080295954298e-10
3.6225,-4.0850003534174583e-10
3.625,-4.0821346668165127e-10
3.6275,-4.0796386314693676e-10
3.63,-4.0775363938788464e-10
3.6325,-4.0758486631733787e-10
3.635,-4.0745931515974513e-10
3.6375,-4.0737812956587006e-10
3.64,-4.0734171744217854e-10
3.6425,-4.0734923905726274e-10
3.645,-4.0739861853148301e-10
3.6475,-4.0748610129509187e-10
3.65,-4.0760695089207103e-10
3.6525,-4.0775607162496676e-10
3.655,-4.079288055440642e-10
3.6575,-4.0812159791709297e-10
3.66,-4.08332045355683e-10
3.6625,-4.0855840061545142e-10
3.665,-4.0879883843005594e-10
3.6675,-4.0905071487206073e-10
3.67,-4.0931026937644816e-10
3.6725,-4.095725603274185e-10
3.675,-4.0983206435310352e-10
3.6775,-4.1008341589459998e-10
3.68,-4.1032188858172742e-10
3.6825,-4.1054374574798804e-10
3.685,-4.1074625852507394e-10
3.6875,-4.1092749873914501e-10
3.69,-4.1108608578206205e-10
3.6925,-4.1122087961600487e-10
3.695,-4.1133095936998797e-10
3.6975,-4.1141574932731295e-10
3.7,-4.1147496723051032e-10
3.7025,-4.1150866708543152e-10
3.705,-4.1151723703280073e-10
3.7075,-4.115014074287177e-10
3.71,-4.1146220075104724e-10
3.7125,-4.1140091922833149e-10
3.715,-4.1131907409755319e-10
3.7175,-4.1121839008501702e-10
3.72,-4.111008736586775e-10
3.7225,-4.1096863645280946e-10
3.725,-4.1082405949047528e-10
3.7275,-4.1066976717200023e-10
3.73,-4.1050864676584814e-10
3.7325,-4.1034395557522278e-10
3.735,-4.1017924943683563e-10
3.7375,-4.100183956377779e-10
3.74,-4.0986561410071882e-10
3.7425,-4.0972520922178823e-10
3.745,-4.0960137607436248e-10
3.7475,-4.0949793216931038e-10
3.75,-4.0941824577171671e-10
3.7525,-4.0936469542531026e-10
3.755,-4.0933887738534436e-10
3.7575,-4.0934155182771882e-10
3.76,-4.0937284927508583e-10
3.7625,-4.0943241105610428e-10
3.765,-4.0951931919115449e-10
3.7675,-4.0963221120954287e-10
3.77,-4.0976947344528158e-10
3.7725,-4.0992933595688898e-10
3.775,-4.101095771010109e-10
3.7775,-4.1030765614884442e-10
3.78,-4.1052094530617089e-10
3.7825,-4.1074662792668538e-10
3.785,-4.1098184612059653e-10
3.7875,-4.1122372182529451e-10
3.79,-4.1146919015622778e-10
3.7925,-4.1171516210547187e-10
3.795,-4.1195881548494755e-10
3.7975,-4.121969378035121e-10
3.8,-4.1242715982360333e-10
3.8025,-4.1264695183720798e-10
3.805,-4.1285475108488391e-10
3.8075,-4.1304913231838717e-10
3.81,-4.1322877419391958e-10
3.8125,-4.1339220579149331e-10
3.815,-4.135379611220701e-10
3.8175,-4.1366448895148678e-10
3.82,-4.1377008592251843e-10
3.8225,-4.1385391047723794e-10
3.825,-4.139151133305476e-10
3.8275,-4.1395313665796216e-10
3.83,-4.1396780846677197e-10
3.8325,-4.1395901281261599e-10
3.835,-4.1392803598745396e-10
3.8375,-4.1387618625561373e-10
3.84,-4.1380552827904203e-10
3.8425,-4.1371858901061353e-10
3.845,-4.13617973189278e-10
3.8475,-4.1350625540588752e-10
3.85,-4.1338604224105293e-10
3.8525,-4.1326008839317459e-10
3.855,-4.1313149021958338e-10
3.8575,-4.1300372020237599e-10
3.86,-4.1288049091093625e-10
3.8625,-4.1276575548395052e-10
3.865,-4.1266319305019826e-10
3.8675,-4.1257607805926021e-10
3.87,-4.1250731837684417e-10
3.8725,-4.1246042369605458e-10
3.875,-4.1243739646895004e-10
3.8775,-4.1243943263295241e-10
3.88,-4.1246693293256315e-10
3.8825,-4.1251922140605068e-10
3.885,-4.1259441032617228e-10
3.8875,-4.1268970085847736e-10
3.89,-4.12801743536668e-10
3.8925,-4.1292728272588905e-10
3.895,-4.1306345341339816e-10
3.8975,-4.1320806181392127e-10
3.9,-4.1335954610539836e-10
3.9025,-4.1351660248139738e-10
3.905,-4.1367757370179257e-10
3.9075,-4.1384029374804483e-10
3.91,-4.1400194943399155e-10
3.9125,-4.1415921260650188e-10
3.915,-4.1430866465127693e-10
3.9175,-4.1444723228148057e-10
3.92,-4.145723673341614e-10
3.9225,-4.146820796544111e-10
3.925,-4.1477469511316915e-10
3.9275,-4.1484852144456629e-10
3.93,-4.1490158355850048e-10
3.9325,-4.1493151242323547e-10
3.935,-4.1493575085062659e-10
3.9375,-4.1491179560952696e-10
3.94,-4.1485768934043105e-10
3.9425,-4.1477233845552397e-10
3.945,-4.1465550513140863e-10
3.9475,-4.1450791756454183e-10
3.95,-4.1433091374142495e-10
3.9525,-4.1412623201047737e-10
3.955,-4.1389576929978558e-10
3.9575,-4.136414811690524e-10
3.96,-4.1336539508733492e-10
3.9625,-4.1306983788169412e-10
3.965,-4.1275750348225073e-10
3.9675,-4.1243160591122413e-10
3.97,-4.1209588857296708e-10
3.9725,-4.1175443245607867e-10
3.975,-4.1141153809670163e-10
3.9775,-4.1107167491224061e-10
3.98,-4.107392426391945e-10
3.9825,-4.1041848686601636e-10
3.985,-4.1011337105781331e-10
3.9875,-4.098276319015106e-10
3.99,-4.0956477943680175e-10
3.9925,-4.0932809971200568e-10
3.995,-4.0912040437106777e-10
3.9975,-4.0894391753556857e-10
4.0,-4.0880023531352015e-10
4.0025,-4.0869043646251652e-10
4.005,-4.0861472036447732e-10
4.0075,-4.0857277040118229e-10
4.01,-4.0856384115538771e-10
4.0125,-4.085869280044304e-10
4.015,-4.0864076856366597e-10
4.0175,-4.0872366373355474e-10
4.02,-4.0883348833422912e-10
4.0225,-4.0896769485813403e-10
4.025,-4.0912328855300851e-10
4.0275,-4.0929657065274419e-10
4.03,-4.0948341571056586e-10
4.0325,-4.0967948945847078e-10
4.035,-4.0988020005659182e-10
4.0375,-4.1008089450477788e-10
4.04,-4.1027697868831043e-10
4.0425,-4.1046375936499381e-10
4.045,-4.1063681972879559e-10
4.0475,-4.1079203032612891e-10
4.05,-4.1092540183703799e-10
4.0525,-4.1103357836948536e-10
4.055,-4.1111343538223772e-10
4.0575,-4.111625304679262e-10
4.06,-4.111790422333468e-10
4.0625,-4.1116162683278316e-10
4.065,-4.1110938204253183e-10
4.0675,-4.1102182181681359e-10
4.07,-4.108989341169755e-10
4.0725,-4.1074121603521809e-10
4.075,-4.1054946911126331e-10
4.0775,-4.1032502568749207e-10
4.08,-4.1006994634546094e-10
4.0825,-4.097859222178315e-10
4.085,-4.0947553540891563e-10
4.0875,-4.0914106190871788e-10
4.09,-4.0878585271985258e-10
4.0925,-4.0841342562557058e-10
4.095,-4.0802767645697522e-10
4.0975,-4.0763292905244619e-10
4.1,-4.07233831379244e-10
4.1025,-4.068351090580612e-10
4.105,-4.0644163629773299e-10
4.1075,-4.0605746972926781e-10
4.11,-4.0568786447619168e-10
4.1125,-4.053377832252362e-10
4.115,-4.0501181084719924e-10
4.1175,-4.0471448283197085e-10
4.12,-4.0444933760334699e-10
4.1225,-4.0422089447111378e-10
4.125,-4.0403198204873026e-10
4.1275,-4.0388548723070582e-10
4.13,-4.037832209989396e-10
4.1325,-4.0372582645208095e-10
4.135,-4.0371343539024152e-10
4.1375,-4.0374571047342958e-10
4.14,-4.0382183039807601e-10
4.1425,-4.0394020753969236e-10
4.145,-4.0409851953312221e-10
4.1475,-4.0429382649210668e-10
4.15,-4.0452308314362964e-10
4.1525,-4.0478296006409613e-10
4.155,-4.0507016764791127e-10
4.1575,-4.0538125868454876e-10
4.16,-4.0571224618534921e-10
4.1625,-4.0605837826220444e-10
4.165,-4.0641420197573696e-10
4.1675,-4.0677381792054532e-10
4.17,-4.0713150568633637e-10
4.1725,-4.0748227937756091e-10
4.175,-4.078219621982974e-10
4.1775,-4.0814699112370425e-10
4.18,-4.0845390603603554e-10
4.1825,-4.0873911294705597e-10
4.185,-4.0899871885961703e-10
4.1875,-4.0922874896531499e-10
4.19,-4.094255994026891e-10
4.1925,-4.09586484467108e-10
4.195,-4.0970975304602421e-10
4.1975,-4.097948436495024e-10
4.2,-4.0984205786609113e-10
4.2025,-4.0985220060489026e-10
4.205,-4.098264538820624e-10
4.2075,-4.0976619340751445e-10
4.21,-4.0967314037399852e-10
4.2125,-4.0954936931208763e-10
4.215,-4.093974678974153e-10
4.2175,-4.0922054280355682e-10
4.22,-4.0902219553393915e-10
4.2225,-4.088063487414468e-10
4.225,-4.0857701784415299e-10
4.2275,-4.0833824089730167e-10
4.23,-4.080938941278625e-10
4.2325,-4.0784764508095808e-10
4.235,-4.0760303718298066e-10
4.2375,-4.0736361333314892e-10
4.24,-4.0713311746650937e-10
4.2425,-4.0691559023736349e-10
4.245,-4.067153539624258e-10
4.2475,-4.0653684506967299e-10
4.25,-4.0638441456891417e-10
4.2525,-4.0626211887040777e-10
4.255,-4.061735504996434e-10
4.2575,-4.0612141588301694e-10
4.26,-4.0610761243948023e-10
4.2625,-4.0613329163493737e-10
4.265,-4.0619891563612818e-10
4.2675,-4.0630435837086098e-10
4.27,-4.0644861303946398e-10
4.2725,-4.0663001425837358e-10
4.275,-4.0684620567277525e-10
4.2775,-4.0709429560090276e-10
4.28,-4.0737064400619351e-10
4.2825,-4.076712391124217e-10
4.285,-4.0799196649550214e-10
4.2875,-4.0832867114749146e-10
4.29,-4.0867727122369069e-10
4.2925,-4.0903372145072033e-10
4.295,-4.0939434470911428e-10
4.2975,-4.0975483005567005e-10
4.3,-4.1011154033948152e-10
4.3025,-4.1046009380013886e-10
4.305,-4.1079697187448362e-10
4.3075,-4.111183867980679e-10
4.31,-4.1142059782053547e-10
4.3125,-4.1170036174478208e-10
4.315,-4.1195463931178242e-10
4.3175,-4.121806098903435e-10
4.32,-4.1237591651338129e-10
4.3225,-4.125386379648241e-10
4.325,-4.1266735099493808e-10
4.3275,-4.127611886075816e-10
4.33,-4.1281988909033496e-10
4.3325,-4.1284357279303952e-10
4.335,-4.1283290694455937e-10
4.3375,-4.1278891168966636e-10
4.34,-4.1271332701403687e-10
4.3425,-4.1260834558241612e-10
4.345,-4.1247668269463422e-10
4.3475,-4.1232085405844819e-10
4.35,-4.1214501041960109e-10
4.3525,-4.1195307275251942e-10
4.355,-4.117486839527216e-10
4.3575,-4.115354823272745e-10
4.36,-4.1131697470070501e-10
4.3625,-4.1109636025735003e-10
4.365,-4.1087765275930077e-10
4.3675,-4.1066452122215634e-10
4.37,-4.1046108628137688e-10
4.3725,-4.1027085195520742e-10
4.375,-4.1009751408838865e-10
4.3775,-4.0994402033654981e-10
4.38,-4.0981294206479937e-10
4.3825,-4.0970646159627575e-10
4.385,-4.0962638419069521e-10
4.3875,-4.0957403952542525e-10
4.39,-4.0955003219854285e-10
4.3925,-4.0955408702013201e-10
4.395,-4.0958486681012068e-10
4.3975,-4.0964020802634359e-10
4.4,-4.0971755728191366e-10
4.4025,-4.0981442801767535e-10
4.405,-4.0992881442125982e-10
4.4075,-4.1005882177396145e-10
4.41,-4.1020240169867777e-10
4.4125,-4.103571735944959e-10
4.415,-4.105201804111366e-10
4.4175,-4.1068808925521007e-10
4.42,-4.1085753807088501e-10
4.4225,-4.1102531132396044e-10
4.425,-4.1118858587529167e-10
4.4275,-4.113446581124129e-10
4.43,-4.1149083933763116e-10
4.4325,-4.1162421852091158e-10
4.435,-4.1174170832908021e-10
4.4375,-4.1184015622993538e-10
4.44,-4.1191652000146966e-10
4.4425,-4.1196814631675964e-10
4.445,-4.1199282717618399e-10
4.4475,-4.119889241345213e-10
4.45,-4.119554418849022e-10
4.4525,-4.1189196479282018e-10
4.455,-4.1179867496198971e-10
4.4575,-4.1167624570806215e-10
4.46,-4.1152583019784093e-10
4.4625,-4.1134903010989513e-10
4.465,-4.1114785013048351e-10
4.4675,-4.1092472158699543e-10
4.47,-4.1068246352992675e-10
4.4725,-4.1042424930881266e-10
4.475,-4.1015359502093714e-10
4.4775,-4.0987401155908328e-10
4.48,-4.0958907029502485e-10
4.4825,-4.0930231808256553e-10
4.485,-4.0901726938948729e-10
4.4875,-4.0873740413619514e-10
4.49,-4.0846612279032735e-10
4.4925,-4.082068866307885e-10
4.495,-4.0796312956171721e-10
4.4975,-4.0773823427583178e-10
4.5,-4.0753528262668369e-10
4.5025,-4.0735687308608518e-10
4.505,-4.0720511225690157e-10
4.5075,-4.0708128574130245e-10
4.51,-4.0698595953503945e-10
4.5125,-4.0691907850800948e-10
4.515,-4.0688007002830007e-10
4.5175,-4.0686806019806468e-10
4.52,-4.0688187044711087e-10
4.5225,-4.0691982972269871e-10
4.525,-4.0697994340335844e-10
4.5275,-4.0705981441535153e-10
4.53,-4.0715689050152795e-10
4.5325,-4.0726808988337922e-10
4.535,-4.0739026285354171e-10
4.5375,-4.0752025983784828e-10
4.54,-4.0765495687250528e-10
4.5425,-4.0779142188299391e-10
4.545,-4.0792674206752906e-10
4.5475,-4.0805808219413335e-10
4.55,-4.0818259715415327e-10
4.5525,-4.0829738449127726e-10
4.555,-4.0839953282118936e-10
4.5575,-4.0848631964166996e-10
4.56,-4.0855511808591415e-10
4.5625,-4.0860348782057601e-10
4.565,-4.0862935020766221e-10
4.5675,-4.0863082074712276e-10
4.57,-4.086063559467553e-10
4.5725,-4.0855471413732012e-10
4.575,-4.0847510546526607e-10
4.5775,-4.083671775892501e-10
4.58,-4.0823135807831407e-10
4.5825,-4.0806853682696725e-10
4.585,-4.0788000150868835e-10
4.5875,-4.0766756740495423e-10
4.59,-4.0743345392675331e-10
4.5925,-4.0718053100111195e-10
4.595,-4.0691209729225367e-10
4.5975,-4.0663189652749523e-10
4.6,-4.0634382726528885e-10
4.6025,-4.0605186786778317e-10
4.605,-4.0575998332938663e-10
4.6075,-4.0547216089577348e-10
4.61,-4.0519239455344959e-10
4.6125,-4.0492479394881458e-10
4.615,-4.0467407954855443e-10
4.6175,-4.0444381376134593e-10
4.62,-4.0423806177327959e-10
4.6225,-4.0405979806216459e-10
4.625,-4.0391243315218961e-10
4.6275,-4.0379826381798622e-10
4.63,-4.0371981096766277e-10
4.6325,-4.0367850248894266e-10
4.635,-4.0367553715514274e-10
4.6375,-4.0371112304751595e-10
4.64,-4.0378455239014668e-10
4.6425,-4.0389430599569864e-10
4.645,-4.0403826863438445e-10
4.6475,-4.0421367544731278e-10
4.65,-4.0441739220757335e-10
4.6525,-4.0464622614149459e-10
4.655,-4.0489712717469059e-10
4.6575,-4.0516704052519621e-10
4.66,-4.0545285900486032e-10
4.6625,-4.0575134691303804e-10
4.665,-4.0605901148500145e-10
4.6675,-4.0637195403051696e-10
4.67,-4.0668598046434647e-10
4.6725,-4.0699671841699785e-10
4.675,-4.0730008243487652e-10
4.6775,-4.0759240686123506e-10
4.68,-4.0787045672268368e-10
4.6825,-4.0813124936535343e-10
4.685,-4.0837197045641592e-10
4.6875,-4.0858974189340594e-10
4.69,-4.0878179423628807e-10
4.6925,-4.0894553048327801e-10
4.695,-4.0907852635577895e-10
4.6975,-4.0917878264558372e-10
4.7,-4.0924490677113747e-10
4.7025,-4.0927610076342004e-10
4.705,-4.0927225257765435e-10
4.7075,-4.0923378901686831e-10
4.71,-4.0916177195658504e-10
4.7125,-4.090577833164746e-10
4.715,-4.0892400885639075e-10
4.7175,-4.087632186929984e-10
4.72,-4.0857871298200037e-10
4.7225,-4.0837423260182965e-10
4.725,-4.0815383311157531e-10
4.7275,-4.0792169366235783e-10
4.73,-4.076820766387448e-10
4.7325,-4.0743936683340582e-10
4.735,-4.0719789702619285e-10
4.7375,-4.0696194769142309e-10
4.74,-4.0673571614516716e-10
4.7425,-4.0652325531775655e-10
4.745,-4.0632858802894545e-10
4.7475,-4.0615565760292713e-10
4.75,-4.0600831948801076e-10
4.7525,-4.0589020203879015e-10
4.755,-4.058046605523662e-10
4.7575,-4.057547425718624e-10
4.76,-4.0574273685630199e-10
4.7625,-4.0577025801248967e-10
4.765,-4.0583804590478747e-10
4.7675,-4.0594602594453511e-10
4.77,-4.0609329856246733e-10
4.7725,-4.0627815192710997e-10
4.775,-4.0649801557957127e-10
4.7775,-4.0674977555282579e-10
4.78,-4.0702989403105556e-10
4.7825,-4.07334550567769e-10
4.785,-4.0765956526391166e-10
4.7875,-4.0800060793666265e-10
4.79,-4.0835380191088918e-10
4.7925,-4.087146164204814e-10
4.795,-4.0907884646733044e-10
4.7975,-4.0944284432569549e-10
4.8,-4.0980216388180536e-10
4.8025,-4.1015314569279357e-10
4.805,-4.1049124290789786e-10
4.8075,-4.1081289829390803e-10
4.81,-4.1111387574312886e-10
4.8125,-4.1139111046866704e-10
4.815,-4.116414173172302e-10
4.8175,-4.1186174756965449e-10
4.82,-4.120494167411877e-10
4.8225,-4.1220223940425127e-10
4.825,-4.1231851848675827e-10
4.8275,-4.1239703367412054e-10
4.83,-4.1243709948277645e-10
4.8325,-4.1243839714271011e-10
4.835,-4.1240118368558762e-10
4.8375,-4.1232638744655767e-10
4.84,-4.1221553996047238e-10
4.8425,-4.12070227085146e-10
4.845,-4.1189387760954189e-10
4.8475,-4.1168920329353232e-10
4.85,-4.1146028989797512e-10
4.8525,-4.1121068834237864e-10
4.855,-4.109438617287606e-10
4.8575,-4.1066336389340595e-10
4.86,-4.1037291829359255e-10
4.8625,-4.1007668246666638e-10
4.865,-4.0977891359484801e-10
4.8675,-4.0948397067474903e-10
4.87,-4.091963267933388e-10
4.8725,-4.0892015225497062e-10
4.875,-4.0865980422808924e-10
4.8775,-4.0841925997099691e-10
4.88,-4.0820247829549744e-10
4.8825,-4.0801377519747023e-10
4.885,-4.0785657307542846e-10
4.8875,-4.0773370984937742e-10
4.89,-4.0764696601472392e-10
4.8925,-4.0759682819354969e-10
4.895,-4.0758265980470655e-10
4.8975,-4.0760305348396259e-10
4.9,-4.0765617500785877e-10
4.9025,-4.0774004201403006e-10
4.905,-4.0785257903614021e-10
4.9075,-4.0799141549263181e-10
4.91,-4.0815380932329631e-10
4.9125,-4.0833631261040123e-10
4.915,-4.0853513741651123e-10
4.9175,-4.0874625690273117e-10
4.92,-4.0896556328617377e-10
4.9225,-4.0918897947510625e-10
4.925,-4.0941256176035151e-10
4.9275,-4.0963247060929669e-10
4.93,-4.0984496579524151e-10
4.9325,-4.1004627268416405e-10
4.935,-4.1023261751506096e-10
4.9375,-4.1040027343645988e-10
4.94,-4.1054574154503622e-10
4.9425,-4.1066585801917722e-10
4.945,-4.1075800404740603e-10
4.9475,-4.1082018598279327e-10
4.95,-4.108509843086265e-10
4.9525,-4.1084967911531592e-10
4.955,-4.1081608835093417e-10
4.9575,-4.1075047961207594e-10
4.96,-4.106534492604224e-10
4.9625,-4.1052587206443998e-10
4.965,-4.1036887548560243e-10
4.9675,-4.1018387611227939e-10
4.97,-4.0997264376543694e-10
4.9725,-4.097373848085201e-10
4.975,-4.0948068003839756e-10
4.9775,-4.0920550489246188e-10
4.98,-4.0891513070956048e-10
4.9825,-4.0861295490096552e-10
4.985,-4.0830244657534657e-10
4.9875,-4.0798701155540036e-10
4.99,-4.0767004143486091e-10
4.9925,-4.0735487125608899e-10
4.995,-4.0704485973024571e-10
4.9975,-4.0674352245941558e-10
5.0,-4.0645445627841986e-10
5.00025,-4.064207155387416e-10
5.0005,-4.0639208788942342e-10
5.00075,-4.0636539660182908e-10
5.001,-4.0633957339423572e-10
5.00125,-4.0631425824024921e-10
5.0015,-4.0628931717244626e-10
5.00175,-4.062647208975624e-10
5.002,-4.0624046295604812e-10
5.00225,-4.0621656633257124e-10
5.0025,-4.0619308467610659e-10
5.00275,-4.0617009644191365e-10
5.003,-4.0614768970107113e-10
5.00325,-4.0612595411719635e-10
5.0035,-4.0610496849033105e-10
5.00375,-4.0608479782325203e-10
5.004,-4.0606546936212847e-10
5.00425,-4.0604703522934222e-10
5.0045,-4.0602952799903202e-10
5.00475,-4.0601297096472785e-10
5.005,-4.0599738159829488e-10
5.00525,-4.059827789591133e-10
5.0055,-4.0596918429869558e-10
5.00575,-4.0595657800071167e-10
5.006,-4.059449676041166e-10
5.00625,-4.0593431923268801e-10
5.0065,-4.0592455200218998e-10
5.00675,-4.0591559202226343e-10
5.007,-4.059073387887545e-10
5.00725,-4.0589960700148924e-10
5.0075,-4.0589219228145943e-10
5.00775,-4.0588483018586873e-10
5.008,-4.0587718683480351e-10
5.00825,-4.0586888253641415e-10
5.0085,-4.05859465390649e-10
5.00875,-4.0584847043215659e-10
5.009,-4.058354556920881e-10
5.00925,-4.0582000550644492e-10
5.0095,-4.0580173747424823e-10
5.00975,-4.0578035609237203e-10
5.01,-4.0575561940801722e-10
5.01025,-4.0572737612414051e-10
5.0105,-4.0569571873599716e-10
5.01075,-4.0566087397024833e-10
5.011,-4.0562323424843965e-10
5.01125,-4.0558331883683807e-10
5.0115,-4.0554180470645315e-10
5.01175,-4.0549936876452648e-10
5.012,-4.0545674582434456e-10
5.01225,-4.0541467396375604e-10
5.0125,-4.0537382908331826e-10
5.01275,-4.0533477301719871e-10
5.013,-4.052978652158673e-10
5.01325,-4.0526340443738016e-10
5.0135,-4.0523138785918404e-10
5.01375,-4.052015655715086e-10
5.014,-4.0517360028234318e-10
5.01425,-4.0514694819306738e-10
5.0145,-4.0512102260439102e-10
5.01475,-4.050952276883218e-10
5.015,-4.0506903368256032e-10
5.01525,-4.0504206080336469e-10
5.0155,-4.0501417183221477e-10
5.01575,-4.0498552567709302e-10
5.016,-4.0495661330412944e-10
5.01625,-4.0492820534470077e-10
5.0165,-4.0490126721123216e-10
5.01675,-4.0487697203153371e-10
5.017,-4.0485649061792146e-10
5.01725,-4.0484090055966999e-10
5.0175,-4.0483108287134004e-10
5.01775,-4.048276020017352e-10
5.018,-4.0483064583276027e-10
5.01825,-4.0484001049120137e-10
5.0185,-4.0485512025474667e-10
5.01875,-4.0487505289765011e-10
5.019,-4.0489864345734862e-10
5.01925,-4.0492459659934501e-10
5.0195,-4.0495163945879185e-10
5.01975,-4.0497857416709575e-10
5.02,-4.0500436066868281e-10
5.02025,-4.0502816509605107e-10
5.0205,-4.0504938917678565e-10
5.02075,-4.0506763647706916e-10
5.021,-4.0508275652089794e-10
5.02125,-4.0509475015497607e-10
5.0215,-4.0510369354167096e-10
5.02175,-4.0510972212328025e-10
5.022,-4.0511298890600069e-10
5.02225,-4.051135831982916e-10
5.0225,-4.051115183312143e-10
5.02275,-4.0510677463216577e-10
5.023,-4.0509935553865753e-10
5.02325,-4.0508930653034876e-10
5.0235,-4.0507676176098543e-10
5.02375,-4.0506201336772845e-10
5.024,-4.050455362866118e-10
5.02425,-4.0502796636169659e-10
5.0245,-4.050101035066155e-10
5.02475,-4.0499274298009183e-10
5.025,-4.0497676099322722e-10
5.02525,-4.0496297132054712e-10
5.0255,-4.0495203837278743e-10
5.02575,-4.049444912174576e-10
5.026,-4.0494070297573827e-10
5.02625,-4.0494082656202399e-10
5.0265,-4.0494477086943796e-10
5.02675,-4.0495228848722687e-10
5.027,-4.0496302960319068e-10
5.02725,-4.049765529049234e-10
5.0275,-4.0499237471394393e-10
5.02775,-4.0501004842971677e-10
5.028,-4.0502921797476251e-10
5.02825,-4.0504960396198978e-10
5.0285,-4.0507099545446452e-10
5.02875,-4.0509329197736829e-10
5.029,-4.051165059163426e-10
5.02925,-4.0514070906194024e-10
5.0295,-4.0516597739262159e-10
5.02975,-4.0519242413729898e-10
5.03,-4.0522019356104086e-10
5.03025,-4.0524937737278654e-10
5.0305,-4.0527998954839064e-10
5.03075,-4.0531201018686328e-10
5.031,-4.053454042811177e-10
5.03125,-4.0538007425632412e-10
5.0315,-4.0541585139164313e-10
5.03175,-4.054525489938885e-10
5.032,-4.0548998311922796e-10
5.03225,-4.0552793939688428e-10
5.0325,-4.055661713958655e-10
5.03275,-4.0560444326435461e-10
5.033,-4.0564255391336691e-10
5.03325,-4.0568032104527031e-10
5.0335,-4.0571757982315441e-10
5.03375,-4.0575421825898576e-10
5.034,-4.0579019141753758e-10
5.03425,-4.0582550444428721e-10
5.0345,-4.0586020753749364e-10
5.03475,-4.0589441841710064e-10
5.035,-4.0592832857660261e-10
5.03525,-4.0596217502201751e-10
5.0355,-4.0599622015677814e-10
5.03575,-4.0603076583495656e-10
5.036,-4.0606614327455368e-10
5.03625,-4.0610267474971407e-10
5.0365,-4.0614064774728579e-10
5.03675,-4.0618033903533143e-10
5.037,-4.0622200865735401e-10
5.03725,-4.062658685466542e-10
5.0375,-4.0631206876819286e-10
5.03775,-4.0636072856841493e-10
5.038,-4.0641194554075643e-10
5.03825,-4.0646576837103107e-10
5.0385,-4.0652219355845603e-10
5.03875,-4.0658119277132759e-10
5.039,-4.066427232145324e-10
5.03925,-4.0670670205191427e-10
5.0395,-4.0677299620083468e-10
5.03975,-4.0684145325776074e-10
5.04,-4.0691190186330486e-10
5.04025,-4.0698414037989439e-10
5.0405,-4.0705792716812946e-10
5.04075,-4.0713300664514909e-10
5.041,-4.0720912151464462e-10
5.04125,-4.0728598898169907e-10
5.0415,-4.0736331148488369e-10
5.04175,-4.0744079892960036e-10
5.042,-4.0751817614667813e-10
5.04225,-4.0759518020479829e-10
5.0425,-4.0767156400393464e-10
5.04275,-4.0774710958955558e-10
5.043,-4.0782162959702719e-10
5.04325,-4.0789496179885003e-10
5.0435,-4.0796697414104067e-10
5.04375,-4.0803756082859825e-10
5.044,-4.0810663509442551e-10
5.04425,-4.0817413484407352e-10
5.0445,-4.0824001673869874e-10
5.04475,-4.0830424332750503e-10
5.045,-4.0836678124705856e-10
5.04525,-4.084275996609255e-10
5.0455,-4.0848666732501004e-10
5.04575,-4.0854393671862832e-10
5.046,-4.0859934047636982e-10
5.04625,-4.0865279687844153e-10
5.0465,-4.0870421158649083e-10
5.04675,-4.087534736491321e-10
5.047,-4.0880045255148194e-10
5.04725,-4.0884501730788738e-10
5.0475,-4.0888704587146573e-10
5.04775,-4.0892642039905714e-10
5.048,-4.0896302519798261e-10
5.04825,-4.0899676187384985e-10
5.0485,-4.0902761149051658e-10
5.04875,-4.0905556318342134e-10
5.049,-4.0908059568162522e-10
5.04925,-4.0910274275470838e-10
5.0495,-4.0912211805210082e-10
5.04975,-4.0913887109511783e-10
5.05,-4.0915315975522712e-10
5.05025,-4.0916516451875595e-10
5.0505,-4.091750825171079e-10
5.05075,-4.0918310098813226e-10
5.051,-4.09189390237093e-10
5.05125,-4.0919411865775476e-10
5.0515,-4.0919745225166158e-10
5.05175,-4.0919953152596436e-10
5.052,-4.0920047140388268e-10
5.05225,-4.0920037461946456e-10
5.0525,-4.0919932158477012e-10
5.05275,-4.0919734894461481e-10
5.053,-4.0919447797249048e-10
5.05325,-4.091907552032402e-10
5.0535,-4.0918622643522293e-10
5.05375,-4.091809085779936e-10
5.054,-4.0917481982556747e-10
5.05425,-4.0916798104086498e-10
5.0545,-4.0916042273558154e-10
5.05475,-4.0915219065945166e-10
5.055,-4.091433492176006e-10
5.05525,-4.091339761424137e-10
5.0555,-4.0912416213506013e-10
5.05575,-4.0911400276067278e-10
5.056,-4.091036050014244e-10
5.05625,-4.090930818436811e-10
5.0565,-4.0908255551492986e-10
5.05675,-4.0907215567262378e-10
5.057,-4.0906202297964538e-10
5.05725,-4.0905230432812759e-10
5.0575,-4.0904314973424278e-10
5.05775,-4.0903470944717625e-10
5.058,-4.090271329758758e-10
5.05825,-4.090205709998174e-10
5.0585,-4.0901517324879005e-10
5.05875,-4.0901107986320797e-10
5.059,-4.0900842033175755e-10
5.05925,-4.0900730587330535e-10
5.0595,-4.0900783326470121e-10
5.05975,-4.0901008836244823e-10
5.06,-4.0901413191423957e-10
5.06025,-4.0901999207006245e-10
5.0605,-4.0902766355154778e-10
5.06075,-4.0903711629594887e-10
5.061,-4.0904829661786426e-10
5.06125,-4.0906111667685422e-10
5.0615,-4.0907545942223015e-10
5.06175,-4.0909117974377586e-10
5.062,-4.0910812036346362e-10
5.06225,-4.0912611919790415e-10
5.0625,-4.0914500312685933e-10
5.06275,-4.091645951432969e-10
5.063,-4.0918471380318467e-10
5.06325,-4.0920518881057224e-10
5.0635,-4.0922586741124651e-10
5.06375,-4.0924660666081513e-10
5.064,-4.0926728039575237e-10
5.06425,-4.0928777466128676e-10
5.0645,-4.0930800058048856e-10
5.06475,-4.0932789792599436e-10
5.065,-4.0934742668073437e-10
5.06525,-4.0936657230656204e-10
5.0655,-4.0938533695863245e-10
5.06575,-4.0940374716149918e-10
5.066,-4.094218569523577e-10
5.06625,-4.0943973536825056e-10
5.0665,-4.0945746621384984e-10
5.06675,-4.0947513381551718e-10
5.067,-4.0949283677806703e-10
5.06725,-4.0951067293256429e-10
5.0675,-4.0952872712274934e-10
5.06775,-4.0954708532811436e-10
5.068,-4.0956581749000383e-10
5.06825,-4.0958497505487219e-10
5.0685,-4.096045825864257e-10
5.06875,-4.096246561586253e-10
5.069,-4.0964518882126748e-10
5.06925,-4.0966614302224345e-10
5.0695,-4.0968747349439985e-10
5.06975,-4.0970911123420485e-10
5.07,-4.0973096235453852e-10
5.07025,-4.0975293205653833e-10
5.0705,-4.0977491284507285e-10
5.07075,-4.0979679062257246e-10
5.071,-4.0981843974033329e-10
5.07125,-4.0983974950901457e-10
5.0715,-4.0986060457827228e-10
5.07175,-4.0988090247232985e-10
5.072,-4.0990054564994874e-10
5.07225,-4.0991946629340852e-10
5.0725,-4.0993760575178094e-10
5.07275,-4.0995492352961102e-10
5.073,-4.0997139076580998e-10
5.07325,-4.0998700953438682e-10
5.0735,-4.1000179574613404e-10
5.07375,-4.1001578346280347e-10
5.074,-4.1002901907101026e-10
5.07425,-4.1004156990974754e-10
5.0745,-4.1005351365665257e-10
5.07475,-4.1006493315595105e-10
5.075,-4.1007591904178914e-10
5.07525,-4.1008656710011746e-10
5.0755,-4.1009697083510149e-10
5.07575,-4.1010722059934939e-10
5.076,-4.1011740360549167e-10
5.07625,-4.1012760198675318e-10
5.0765,-4.1013789051350509e-10
5.07675,-4.1014833666427835e-10
5.077,-4.1015900157360146e-10
5.07725,-4.1016993549668428e-10
5.0775,-4.1018118403450758e-10
5.07775,-4.1019278438195464e-10
5.078,-4.102047727591136e-10
5.07825,-4.1021717295395178e-10
5.0785,-4.1023000511458309e-10
5.07875,-4.1024328906166223e-10
5.079,-4.1025703145073406e-10
5.07925,-4.1027123569935835e-10
5.0795,-4.1028590990043239e-10
5.07975,-4.1030105030172079e-10
5.08,-4.1031665357623975e-10
5.08025,-4.1033272186952981e-10
5.0805,-4.1034924027735279e-10
5.08075,-4.1036619328198227e-10
5.081,-4.103835710666688e-10
5.08125,-4.104013436629575e-10
5.0815,-4.1041948038799266e-10
5.08175,-4.1043795540828143e-10
5.082,-4.1045672061147462e-10
5.08225,-4.1047572089758038e-10
5.0825,-4.1049490062257119e-10
5.08275,-4.1051417495748535e-10
5.083,-4.1053344958054084e-10
5.08325,-4.1055263125956666e-10
5.0835,-4.1057160042409064e-10
5.08375,-4.105902329584669e-10
5.084,-4.106083963900954e-10
5.08425,-4.10625966922256e-10
5.0845,-4.1064280255783126e-10
5.08475,-4.1065876792674299e-10
5.085,-4.1067373587693365e-10
5.08525,-4.1068759953513599e-10
5.0855,-4.1070024560017846e-10
5.08575,-4.1071157585387694e-10
5.086,-4.1072151297214789e-10
5.08625,-4.1073000928098936e-10
5.0865,-4.1073701836876766e-10
5.08675,-4.1074251718737021e-10
5.087,-4.1074650552405231e-10
5.08725,-4.1074901488207078e-10
5.0875,-4.107500706352271e-10
5.08775,-4.1074971928187498e-10
5.088,-4.107480240808447e-10
5.08825,-4.1074507559899709e-10
5.0885,-4.107409540995474e-10
5.08875,-4.1073575657367853e-10
5.089,-4.1072959137760388e-10
5.08925,-4.1072258980636598e-10
5.0895,-4.1071486931937625e-10
5.08975,-4.1070655988599275e-10
5.09,-4.1069779603088262e-10
5.09025,-4.1068872749954849e-10
5.0905,-4.1067948745562539e-10
5.09075,-4.1067021451809969e-10
5.091,-4.1066104313394383e-10
5.09125,-4.1065211932257858e-10
5.0915,-4.1064356231562562e-10
5.09175,-4.1063548538889875e-10
5.092,-4.1062799381591393e-10
5.09225,-4.1062119113016023e-10
5.0925,-4.1061514763379431e-10
5.09275,-4.1060992233427665e-10
5.093,-4.1060555662922594e-10
5.09325,-4.1060208318340621e-10
5.0935,-4.105994986631763e-10
5.09375,-4.1059778640749436e-10
5.094,-4.1059691174330888e-10
5.09425,-4.1059683487122801e-10
5.0945,-4.1059748678010304e-10
5.09475,-4.105987913993921e-10
5.095,-4.1060066178283091e-10
5.09525,-4.1060301511916023e-10
5.0955,-4.1060574899704494e-10
5.09575,-4.1060876161166004e-10
5.096,-4.1061195023469005e-10
5.09625,-4.1061522295266471e-10
5.0965,-4.1061847311096061e-10
5.09675,-4.1062160088402298e-10
5.097,-4.1062450746327519e-10
5.09725,-4.1062710539012664e-10
5.0975,-4.1062929250908204e-10
5.09775,-4.1063097470966969e-10
5.098,-4.1063206860049062e-10
5.09825,-4.1063247670451021e-10
5.0985,-4.1063210601835656e-10
5.09875,-4.1063088168811055e-10
5.099,-4.1062871242599893e-10
5.09925,-4.1062551764565937e-10
5.0995,-4.1062123279529431e-10
5.09975,-4.1061578657845997e-10
5.1,-4.1060912034008973e-10
5.10025,-4.1060120165685722e-10
5.1005,-4.1059199171861754e-10
5.10075,-4.1058146954404882e-10
5.101,-4.105696397448637e-10
5.10125,-4.1055650085936983e-10
5.1015,-4.1054206513372859e-10
5.10175,-4.1052635727541709e-10
5.102,-4.1050942051176079e-10
5.10225,-4.1049128067328998e-10
5.1025,-4.10471973106641e-10
5.10275,-4.1045153769071635e-10
5.103,-4.1043002372220459e-10
5.10325,-4.1040744515785369e-10
5.1035,-4.1038382022329331e-10
5.10375,-4.1035916978301103e-10
5.104,-4.1033348272367307e-10
5.10425,-4.103067452584583e-10
5.1045,-4.1027894611311152e-10
5.10475,-4.1025004660703191e-10
5.105,-4.1022001162822485e-10
5.10525,-4.101888118773812e-10
5.1055,-4.101564064356079e-10
5.10575,-4.1012276224260127e-10
5.106,-4.1008786396638781e-10
5.10625,-4.1005168986802584e-10
5.1065,-4.1001423409227708e-10
5.10675,-4.0997551836489561e-10
5.107,-4.0993556216734716e-10
5.10725,-4.0989440082207699e-10
5.1075,-4.0985209817406775e-10
5.10775,-4.0980871182616353e-10
5.108,-4.0976431206284375e-10
5.10825,-4.0971899208638645e-10
5.1085,-4.0967283247407662e-10
5.10875,-4.0962592040399127e-10
5.109,-4.0957835446143114e-10
5.10925,-4.0953022538357844e-10
5.1095,-4.0948160380053438e-10
5.10975,-4.0943256392500978e-10
5.11,-4.0938317665541672e-10
5.11025,-4.0933352038736179e-10
5.1105,-4.0928365994343147e-10
5.11075,-4.0923364009985112e-10
5.111,-4.0918350446222427e-10
5.11125,-4.0913329045447886e-10
5.1115,-4.090830420611172e-10
5.11175,-4.0903279165327436e-10
5.112,-4.0898255086895918e-10
5.11225,-4.0893233344944882e-10
5.1125,-4.0888215019431434e-10
5.11275,-4.0883202153163676e-10
5.113,-4.087819600212922e-10
5.11325,-4.087319604999676e-10
5.1135,-4.0868202112918822e-10
5.11375,-4.0863213894802756e-10
5.114,-4.085823227315991e-10
5.11425,-4.0853257505706908e-10
5.1145,-4.0848288284348731e-10
5.11475,-4.084332383549121e-10
5.115,-4.0838363637989438e-10
5.11525,-4.0833408882901469e-10
5.1155,-4.0828460035982753e-10
5.11575,-4.0823516135551299e-10
5.116,-4.0818577311373503e-10
5.11625,-4.0813644393472101e-10
5.1165,-4.0808720222008506e-10
5.11675,-4.0803807877310555e-10
5.117,-4.0798909561467838e-10
5.11725,-4.079402849445039e-10
5.1175,-4.0789168298730872e-10
5.11775,-4.0784334199352952e-10
5.118,-4.0779531290688185e-10
5.11825,-4.077476390420139e-10
5.1185,-4.0770037413507996e-10
5.11875,-4.0765357486719743e-10
5.119,-4.0760731349932214e-10
5.11925,-4.075616613172953e-10
5.1195,-4.0751668332558303e-10
5.11975,-4.0747245219085552e-10
5.12,-4.0742904238094114e-10
5.12025,-4.0738653733372668e-10
5.1205,-4.0734501500841291e-10
5.12075,-4.0730454511422683e-10
5.121,-4.0726519873146601e-10
5.12125,-4.072270398396029e-10
5.1215,-4.0719013593983103e-10
5.12175,-4.0715454492440031e-10
5.122,-4.0712031661183545e-10
5.12225,-4.0708749291204806e-10
5.1225,-4.0705610327766346e-10
5.12275,-4.0702616596633924e-10
5.123,-4.069976882653523e-10
5.12325,-4.0697066759752534e-10
5.1235,-4.0694509034885905e-10
5.12375,-4.0692092601634365e-10
5.124,-4.0689813013227192e-10
5.12425,-4.068766511229161e-10
5.1245,-4.0685643103524125e-10
5.12475,-4.0683740120815334e-10
5.125,-4.0681948451898561e-10
5.12525,-4.0680259592883497e-10
5.1255,-4.0678665115484832e-10
5.12575,-4.0677157026735666e-10
5.126,-4.0675727210288201e-10
5.12625,-4.0674367517510443e-10
5.1265,-4.0673069494413883e-10
5.12675,-4.0671825469876026e-10
5.127,-4.0670629141624989e-10
5.12725,-4.0669474146862593e-10
5.1275,-4.0668353707821582e-10
5.12775,-4.0667261740647811e-10
5.128,-4.0666193216046489e-10
5.12825,-4.066514328862461e-10
5.1285,-4.066410675534215e-10
5.12875,-4.0663079125069742e-10
5.129,-4.0662057306097777e-10
5.12925,-4.0661038216396377e-10
5.1295,-4.0660018898193892e-10
5.12975,-4.0658996707498948e-10
5.13,-4.0657969734774966e-10
5.13025,-4.0656936816963874e-10
5.1305,-4.0655896517696245e-10
5.13075,-4.0654848549878296e-10
5.131,-4.0653794388631698e-10
5.13125,-4.0652736474649074e-10
5.1315,-4.0651676715443659e-10
5.13175,-4.0650617946937606e-10
5.132,-4.0649564642589376e-10
5.13225,-4.0648521992960612e-10
5.1325,-4.0647495459698364e-10
5.13275,-4.0646491453556072e-10
5.133,-4.0645517610962849e-10
5.13325,-4.0644581836686234e-10
5.1335,-4.0643692262905815e-10
5.13375,-4.0642857886080572e-10
5.134,-4.0642087773117352e-10
5.13425,-4.0641390774763878e-10
5.1345,-4.0640775908732013e-10
5.13475,-4.0640251892211099e-10
5.135,-4.0639826380930131e-10
5.13525,-4.0639506434809462e-10
5.1355,-4.0639299056105263e-10
5.13575,-4.0639209815500407e-10
5.136,-4.0639243719885356e-10
5.13625,-4.063940483795468e-10
5.1365,-4.0639697005535964e-10
5.13675,-4.0640122947401401e-10
5.137,-4.0640683915901114e-10
5.13725,-4.0641379980514656e-10
5.1375,-4.0642210678539863e-10
5.13775,-4.0643174720810517e-10
5.138,-4.0644269692425331e-10
5.13825,-4.06454926224839e-10
5.1385,-4.0646840197748243e-10
5.13875,-4.0648307744058531e-10
5.139,-4.064988888595236e-10
5.13925,-4.0651576139941474e-10
5.1395,-4.0653361231614728e-10
5.13975,-4.0655234449324528e-10
5.14,-4.0657184302450805e-10
5.14025,-4.0659198408130704e-10
5.1405,-4.0661264041882706e-10
5.14075,-4.0663367419246369e-10
5.141,-4.0665493707229526e-10
5.14125,-4.0667628443618654e-10
5.1415,-4.0669758387132146e-10
5.14175,-4.0671870661645013e-10
5.142,-4.0673952629018394e-10
5.14225,-4.0675993124227763e-10
5.1425,-4.0677983034734615e-10
5.14275,-4.0679914040031807e-10
5.143,-4.0681778472825442e-10
5.14325,-4.0683570556225432e-10
5.1435,-4.068528663154297e-10
5.14375,-4.0686923925866987e-10
5.144,-4.0688480329451027e-10
5.14425,-4.068995482643255e-10
5.1445,-4.0691347971560092e-10
5.14475,-4.0692660464202475e-10
5.145,-4.0693892889497349e-10
5.14525,-4.0695046166296588e-10
5.1455,-4.0696121622233487e-10
5.14575,-4.0697120499542764e-10
5.146,-4.0698043649953323e-10
5.14625,-4.0698891739176667e-10
5.1465,-4.0699665441656949e-10
5.14675,-4.0700364583022572e-10
5.147,-4.0700987952214309e-10
5.14725,-4.0701533949007441e-10
5.1475,-4.0702001381492974e-10
5.14775,-4.0702388214734146e-10
5.148,-4.0702692050484396e-10
5.14825,-4.0702910273028623e-10
5.1485,-4.0703040807381064e-10
5.14875,-4.0703081470737307e-10
5.149,-4.0703030134313667e-10
5.14925,-4.0702885612268526e-10
5.1495,-4.0702647560513587e-10
5.14975,-4.0702316407545355e-10
5.15,-4.0701893389715268e-10
5.15025,-4.0701381128005666e-10
5.1505,-4.0700783709828445e-10
5.15075,-4.0700106345706303e-10
5.151,-4.0699354964942354e-10
5.15125,-4.0698536240439036e-10
5.1515,-4.0697657631677116e-10
5.15175,-4.0696726909995018e-10
5.152,-4.0695751865991263e-10
5.15225,-4.0694740233365872e-10
5.1525,-4.0693699789268906e-10
5.15275,-4.0692637724394045e-10
5.153,-4.0691560551205312e-10
5.15325,-4.069047380278903e-10
5.1535,-4.068938200658538e-10
5.15375,-4.0688288951086122e-10
5.154,-4.0687197592896722e-10
5.15425,-4.068610991827646e-10
5.1545,-4.0685026535476964e-10
5.15475,-4.0683947307395694e-10
5.155,-4.0682871569168878e-10
5.15525,-4.068179799492734e-10
5.1555,-4.0680724407902915e-10
5.15575,-4.0679648340218922e-10
5.156,-4.0678567288157604e-10
5.15625,-4.0677478111228085e-10
5.1565,-4.0676376927471883e-10
5.15675,-4.0675259717687193e-10
5.157,-4.0674122880791479e-10
5.15725,-4.0672962533582456e-10
5.1575,-4.0671774023402323e-10
5.15775,-4.0670552662304262e-10
5.158,-4.0669294277847986e-10
5.15825,-4.0667994719301664e-10
5.1585,-4.0666649882930335e-10
5.15875,-4.0665256774714301e-10
5.159,-4.0663814025738106e-10
5.15925,-4.0662321393536865e-10
5.1595,-4.0660778899528392e-10
5.15975,-4.0659188313076466e-10
5.16,-4.0657553565070889e-10
5.16025,-4.0655879484272298e-10
5.1605,-4.065417110772828e-10
5.16075,-4.0652435213465765e-10
5.161,-4.0650680290763218e-10
5.16125,-4.0648915084954618e-10
5.1615,-4.0647147984170805e-10
5.16175,-4.0645388200500401e-10
5.162,-4.0643646130872809e-10
5.16225,-4.0641931852839813e-10
5.1625,-4.0640254473095343e-10
5.16275,-4.0638623522594656e-10
5.163,-4.0637049423908188e-10
5.16325,-4.0635542291530051e-10
5.1635,-4.063411080934814e-10
5.16375,-4.063276425337688e-10
5.164,-4.0631512877692839e-10
5.16425,-4.0630366368165145e-10
5.1645,-4.0629333108802803e-10
5.16475,-4.062842157833837e-10
5.165,-4.0627641124349612e-10
5.16525,-4.0626999890701119e-10
5.1655,-4.0626504426663008e-10
5.16575,-4.0626161191543963e-10
5.166,-4.0625976879291959e-10
5.16625,-4.062595657886758e-10
5.1665,-4.0626103958243714e-10
5.16675,-4.0626422100694043e-10
5.167,-4.0626914128123326e-10
5.16725,-4.0627582094467103e-10
5.1675,-4.0628426211841774e-10
5.16775,-4.0629446027885397e-10
5.168,-4.0630640928591845e-10
5.16825,-4.0632008997813678e-10
5.1685,-4.0633546516686541e-10
5.16875,-4.0635249380950346e-10
5.169,-4.0637113397703308e-10
5.16925,-4.0639133240091066e-10
5.1695,-4.0641302929325849e-10
5.16975,-4.0643615998543733e-10
5.17,-4.0646066899855383e-10
5.17025,-4.064864990210477e-10
5.1705,-4.0651358462286336e-10
5.17075,-4.0654186115948774e-10
5.171,-4.0657128065773482e-10
5.17125,-4.0660179265643195e-10
5.1715,-4.0663334143797446e-10
5.17175,-4.0666587795622805e-10
5.172,-4.0669936017756057e-10
5.17225,-4.0673374200035068e-10
5.1725,-4.0676896420683902e-10
5.17275,-4.068049729926772e-10
5.173,-4.0684172599830675e-10
5.17325,-4.0687917483459737e-10
5.1735,-4.0691725821844535e-10
5.17375,-4.0695592503949793e-10
5.174,-4.0699513651824295e-10
5.17425,-4.0703485231086344e-10
5.1745,-4.0707501729620667e-10
5.17475,-4.0711558479560162e-10
5.175,-4.0715652578383707e-10
5.17525,-4.0719780236573099e-10
5.1755,-4.0723936230975129e-10
5.17575,-4.0728116266642277e-10
5.176,-4.0732317293806525e-10
5.17625,-4.0736535050322998e-10
5.1765,-4.0740764848190832e-10
5.17675,-4.0745000292826055e-10
5.177,-4.0749235681778725e-10
5.17725,-4.0753466242716517e-10
5.1775,-4.0757686435017575e-10
5.17775,-4.076189095683179e-10
5.178,-4.0766072593141575e-10
5.17825,-4.0770224855628015e-10
5.1785,-4.0774343834646989e-10
5.17875,-4.0778425407699619e-10
5.179,-4.0782465940293387e-10
5.17925,-4.0786460446811342e-10
5.1795,-4.0790405827810961e-10
5.17975,-4.0794301495608439e-10
5.18,-4.0798146741713578e-10
5.18025,-4.0801941335567266e-10
5.1805,-4.0805683694796211e-10
5.18075,-4.0809373193942111e-10
5.181,-4.081301172005062e-10
5.18125,-4.0816599997306877e-10
5.1815,-4.0820138322505173e-10
5.18175,-4.0823624583693933e-10
5.182,-4.0827057146355054e-10
5.18225,-4.0830435748784081e-10
5.1825,-4.0833758461109241e-10
5.18275,-4.0837023045523564e-10
5.183,-4.0840225337323773e-10
5.18325,-4.0843361489676789e-10
5.1835,-4.0846429527025775e-10
5.18375,-4.0849427193950382e-10
5.184,-4.0852353103088982e-10
5.18425,-4.0855204738469394e-10
5.1845,-4.0857981398130857e-10
5.18475,-4.0860684594221037e-10
5.185,-4.0863315951040646e-10
5.18525,-4.0865877990755518e-10
5.1855,-4.086837309938468e-10
5.18575,-4.0870804835121493e-10
5.186,-4.087317787353121e-10
5.18625,-4.0875496904385404e-10
5.1865,-4.0877766746003664e-10
5.18675,-4.0879991455967667e-10
5.187,-4.0882175305743809e-10
5.18725,-4.08843228301595e-10
5.1875,-4.0886437846940851e-10
5.18775,-4.0888523747704548e-10
5.188,-4.0890583000846591e-10
5.18825,-4.0892617612632136e-10
5.1885,-4.0894629428639367e-10
5.18875,-4.0896619561654113e-10
5.189,-4.0898588252029339e-10
5.18925,-4.0900535609227443e-10
5.1895,-4.0902461614165321e-10
5.18975,-4.0904366081345907e-10
5.19,-4.0906248694772738e-10
5.19025,-4.0908109497725389e-10
5.1905,-4.0909949074750923e-10
5.19075,-4.0911768656961963e-10
5.191,-4.0913570120201613e-10
5.19125,-4.0915356171516708e-10
5.1915,-4.0917130239303035e-10
5.19175,-4.0918896441430365e-10
5.192,-4.0920659603714584e-10
5.19225,-4.0922424870185797e-10
5.1925,-4.0924197706531415e-10
5.19275,-4.0925983466784261e-10
5.193,-4.0927787148625324e-10
5.19325,-4.0929613292645329e-10
5.1935,-4.093146572955642e-10
5.19375,-4.0933347506997735e-10
5.194,-4.0935260542753384e-10
5.19425,-4.0937205394694868e-10
5.1945,-4.0939181656535503e-10
5.19475,-4.0941187703680029e-10
5.195,-4.0943221254948513e-10
5.19525,-4.0945278914025586e-10
5.1955,-4.0947356217106453e-10
5.19575,-4.0949448472664754e-10
5.196,-4.0951550895891638e-10
5.19625,-4.0953659249560445e-10
5.1965,-4.095576957778365e-10
5.19675,-4.0957878269413593e-10
5.197,-4.0959982842442295e-10
5.19725,-4.0962082004848045e-10
5.1975,-4.0964176057489355e-10
5.19775,-4.0966266183108694e-10
5.198,-4.0968354114429134e-10
5.19825,-4.0970442778710841e-10
5.1985,-4.0972535917600796e-10
5.19875,-4.0974637951504733e-10
5.199,-4.0976753285006402e-10
5.19925,-4.0978885827330439e-10
5.1995,-4.0981039296044688e-10
5.19975,-4.0983217132225247e-10
5.2,-4.0985421758947862e-10
5.20025,-4.0987654306761008e-10
5.2005,-4.0989914968080717e-10
5.20075,-4.0992202977415386e-10
5.201,-4.0994516072663181e-10
5.20125,-4.0996850366893093e-10
5.2015,-4.0999200651909609e-10
5.20175,-4.1001560536510652e-10
5.202,-4.1003922264861392e-10
5.20225,-4.1006276690457699e-10
5.2025,-4.1008613739161172e-10
5.20275,-4.1010922382504909e-10
5.203,-4.1013190918282056e-10
5.20325,-4.101540723700362e-10
5.2035,-4.1017559033235727e-10
5.20375,-4.1019634036061789e-10
5.204,-4.1021620380153488e-10
5.20425,-4.1023506977661893e-10
5.2045,-4.1025283388576333e-10
5.20475,-4.1026940028730628e-10
5.205,-4.1028468135217097e-10
5.20525,-4.1029859699210177e-10
5.2055,-4.1031107725417701e-10
5.20575,-4.1032206033190463e-10
5.206,-4.1033149511319647e-10
5.20625,-4.1033934262441269e-10
5.2065,-4.1034556908767308e-10
5.20675,-4.1035014649973124e-10
5.207,-4.1035305741405465e-10
5.20725,-4.1035429617160387e-10
5.2075,-4.103538685228658e-10
5.20775,-4.1035178373698684e-10
5.208,-4.1034806274201034e-10
5.20825,-4.1034274512603004e-10
5.2085,-4.1033588101413088e-10
5.20875,-4.1032752276353819e-10
5.209,-4.1031773507196567e-10
5.20925,-4.1030659540410537e-10
5.2095,-4.1029418169517199e-10
5.20975,-4.1028056545433059e-10
5.21,-4.1026582309176441e-10
5.21025,-4.1025003240152363e-10
5.2105,-4.1023326461008164e-10
5.21075,-4.1021558334005705e-10
5.211,-4.1019705149536804e-10
5.21125,-4.1017772224344803e-10
5.2115,-4.1015765003251744e-10
5.21175,-4.1013688501365062e-10
5.212,-4.101154698332132e-10
5.21225,-4.1009344905054875e-10
5.2125,-4.1007087086840684e-10
5.21275,-4.1004778223802548e-10
5.213,-4.1002423236900637e-10
5.21325,-4.1000027057975145e-10
5.2135,-4.0997594932018887e-10
5.21375,-4.0995132183002678e-10
5.214,-4.0992643858593672e-10
5.21425,-4.099013478232337e-10
5.2145,-4.0987609113570832e-10
5.21475,-4.0985070397949986e-10
5.215,-4.0982521495921049e-10
5.21525,-4.097996413276278e-10
5.2155,-4.0977399210511594e-10
5.21575,-4.0974826360395242e-10
5.216,-4.0972244655689266e-10
5.21625,-4.0969652543412023e-10
5.2165,-4.0967047938467395e-10
5.21675,-4.096442863404526e-10
5.217,-4.0961792340262024e-10
5.21725,-4.0959136963586448e-10
5.2175,-4.0956460822411771e-10
5.21775,-4.0953762823939467e-10
5.218,-4.0951042642183077e-10
5.21825,-4.0948300790354789e-10
5.2185,-4.0945538572302944e-10
5.21875,-4.0942757928101283e-10
5.219,-4.093996143696847e-10
5.21925,-4.0937152465970366e-10
5.2195,-4.0934334620888271e-10
5.21975,-4.0931511555002599e-10
5.22,-4.0928687165968233e-10
5.22025,-4.0925865664767285e-10
5.2205,-4.0923051010024203e-10
5.22075,-4.092024662208548e-10
5.221,-4.0917455899941063e-10
5.22125,-4.0914682570866621e-10
5.2215,-4.0911929976077912e-10
5.22175,-4.0909200955382016e-10
5.222,-4.0906498530762538e-10
5.22225,-4.0903826169292725e-10
5.2225,-4.0901187240616529e-10
5.22275,-4.0898584654445462e-10
5.223,-4.0896021643282316e-10
5.22325,-4.0893502106404655e-10
5.2235,-4.0891029730978798e-10
5.22375,-4.0888607664853437e-10
5.224,-4.0886239182019964e-10
5.22425,-4.0883928075367859e-10
5.2245,-4.0881677884288306e-10
5.22475,-4.0879491475752065e-10
5.225,-4.0877371716772376e-10
5.22525,-4.0875321857948391e-10
5.2255,-4.0873344506052433e-10
5.22575,-4.0871441571320469e-10
5.226,-4.0869614944238091e-10
5.22625,-4.0867866849432599e-10
5.2265,-4.0866199045400561e-10
5.22675,-4.0864612706896776e-10
5.227,-4.0863109147202907e-10
5.22725,-4.086169012466369e-10
5.2275,-4.0860357181144985e-10
5.22775,-4.0859111258984363e-10
5.228,-4.0857953583559702e-10
5.22825,-4.0856885679530601e-10
5.2285,-4.0855908679692667e-10
5.22875,-4.0855022989168979e-10
5.229,-4.0854228906771025e-10
5.22925,-4.0853526780676725e-10
5.2295,-4.0852916288795926e-10
5.22975,-4.0852396270753338e-10
5.23,-4.0851965422022388e-10
5.23025,-4.0851622544118835e-10
5.2305,-4.0851365936167138e-10
5.23075,-4.0851193406922888e-10
5.231,-4.0851102738414068e-10
5.23125,-4.0851091941882268e-10
5.2315,-4.0851158921985259e-10
5.23175,-4.085130116964051e-10
5.232,-4.0851516320919582e-10
5.23225,-4.0851802298773374e-10
5.2325,-4.0852156862500209e-10
5.23275,-4.0852577443098471e-10
5.233,-4.0853061484037067e-10
5.23325,-4.0853606366531944e-10
5.2335,-4.0854209025906792e-10
5.23375,-4.0854865718997153e-10
5.234,-4.0855572382074006e-10
5.23425,-4.0856324373458795e-10
5.2345,-4.0857116398344464e-10
5.23475,-4.0857942278080632e-10
5.235,-4.0858795464500399e-10
5.23525,-4.0859668707179796e-10
5.2355,-4.0860554314769591e-10
5.23575,-4.0861444112621036e-10
5.236,-4.0862329763505682e-10
5.23625,-4.0863202945392556e-10
5.2365,-4.0864055340512509e-10
5.23675,-4.0864878569461271e-10
5.237,-4.086566474166684e-10
5.23725,-4.0866406410913928e-10
5.2375,-4.0867096890040061e-10
5.23775,-4.0867730171097217e-10
5.238,-4.0868300779351986e-10
5.23825,-4.0868804462711819e-10
5.2385,-4.086923783994168e-10
5.23875,-4.0869598440950207e-10
5.239,-4.0869884662955529e-10
5.23925,-4.0870095274450001e-10
5.2395,-4.0870229602055335e-10
5.23975,-4.0870287765822238e-10
5.24,-4.0870269965495146e-10
5.24025,-4.0870176447127959e-10
5.2405,-4.0870007008372282e-10
5.24075,-4.0869761365227289e-10
5.241,-4.0869439212392051e-10
5.24125,-4.0869040327214704e-10
5.2415,-4.0868564133977749e-10
5.24175,-4.0868008935035909e-10
5.242,-4.0867373527546426e-10
5.24225,-4.0866656970063436e-10
5.2425,-4.0865858776810266e-10
5.24275,-4.0864978511983883e-10
5.243,-4.0864015364243854e-10
5.24325,-4.0862969375033973e-10
5.2435,-4.0861840838629303e-10
5.24375,-4.0860630833298333e-10
5.244,-4.0859340243501265e-10
5.24425,-4.0857969268476162e-10
5.2445,-4.0856518267015634e-10
5.24475,-4.085498778966048e-10
5.245,-4.0853378805684279e-10
5.24525,-4.0851691490411566e-10
5.2455,-4.0849924833745936e-10
5.24575,-4.0848077993457935e-10
5.246,-4.0846149645490326e-10
5.24625,-4.0844138965750502e-10
5.2465,-4.0842044355065139e-10
5.24675,-4.0839862645367907e-10
5.247,-4.0837590750201998e-10
5.24725,-4.0835226836712693e-10
5.2475,-4.0832768538567332e-10
5.24775,-4.0830212247494606e-10
5.248,-4.0827555375836882e-10
5.24825,-4.0824797074717598e-10
5.2485,-4.0821936875994449e-10
5.24875,-4.0818973766174486e-10
5.249,-4.0815907485220116e-10
5.24925,-4.0812740281359686e-10
5.2495,-4.0809474942685798e-10
5.24975,-4.0806113280049814e-10
5.25,-4.0802658669984801e-10
5.25025,-4.0799116825688493e-10
5.2505,-4.0795493588090587e-10
5.25075,-4.0791793608731106e-10
5.251,-4.0788023004424355e-10
5.25125,-4.0784188836578026e-10
5.2515,-4.0780300851447207e-10
5.25175,-4.0776368612853277e-10
5.252,-4.077239957867436e-10
5.25225,-4.0768402856736696e-10
5.2525,-4.0764387988140915e-10
5.25275,-4.0760366300552083e-10
5.253,-4.0756348118226178e-10
5.25325,-4.0752341506116977e-10
5.2535,-4.0748354966835798e-10
5.25375,-4.0744396218668509e-10
5.254,-4.0740473957384066e-10
5.25425,-4.0736595451222967e-10
5.2545,-4.073276474505347e-10
5.25475,-4.0728985997005849e-10
5.255,-4.0725262692148977e-10
5.25525,-4.0721598822570404e-10
5.2555,-4.0717996233508275e-10
5.25575,-4.0714453707130827e-10
5.256,-4.0710969742042864e-10
5.25625,-4.0707541621080108e-10
5.2565,-4.0704167308057784e-10
5.25675,-4.070084297353079e-10
5.257,-4.0697562480529288e-10
5.25725,-4.0694319560224033e-10
5.2575,-4.06911076409446e-10
5.25775,-4.0687921128991402e-10
5.258,-4.0684753627481238e-10
5.25825,-4.0681597339790543e-10
5.2585,-4.0678444683275747e-10
5.25875,-4.0675289881540701e-10
5.259,-4.0672126750683254e-10
5.25925,-4.0668948049020375e-10
5.2595,-4.0665747620137959e-10
5.25975,-4.0662521130695616e-10
5.26,-4.0659264208650221e-10
5.26025,-4.0655971950874073e-10
5.2605,-4.065264064201849e-10
5.26075,-4.0649268060526021e-10
5.261,-4.0645852256049518e-10
5.26125,-4.0642391169991802e-10
5.2615,-4.0638883831720846e-10
5.26175,-4.0635330782393308e-10
5.262,-4.0631733158605699e-10
5.26225,-4.0628092635647746e-10
5.2625,-4.0624411940117551e-10
5.26275,-4.0620695286183228e-10
5.263,-4.0616947568840379e-10
5.26325,-4.0613174345775601e-10
5.2635,-4.0609382201235956e-10
5.26375,-4.0605578421513297e-10
5.264,-4.0601770977606545e-10
5.26425,-4.0597968614160119e-10
5.2645,-4.0594180460671928e-10
5.26475,-4.0590416003449285e-10
5.265,-4.0586684928283756e-10
5.26525,-4.0582997201344747e-10
5.2655,-4.0579361999509487e-10
5.26575,-4.057578750145805e-10
5.266,-4.0572281613929612e-10
5.26625,-4.0568851584279072e-10
5.2665,-4.0565503592463369e-10
5.26675,-4.0562242639744243e-10
5.267,-4.0559072903930777e-10
5.26725,-4.055599847671704e-10
5.2675,-4.0553022314428814e-10
5.26775,-4.0550145904871421e-10
5.268,-4.0547370721530829e-10
5.26825,-4.0544698200542399e-10
5.2685,-4.0542128906047491e-10
5.26875,-4.0539663036463677e-10
5.269,-4.0537300743196825e-10
5.26925,-4.0535043346330452e-10
5.2695,-4.0532891139202336e-10
5.26975,-4.0530844230766361e-10
5.27,-4.0528901877905942e-10
5.27025,-4.0527063657069617e-10
5.2705,-4.0525329428765172e-10
5.27075,-4.0523698537247922e-10
5.271,-4.0522169662294902e-10
5.27125,-4.0520740365404155e-10
5.2715,-4.0519408254371821e-10
5.27175,-4.0518171565488549e-10
5.272,-4.0517027865052324e-10
5.27225,-4.0515974339109739e-10
5.2725,-4.0515007585833199e-10
5.27275,-4.0514124697333445e-10
5.273,-4.0513323837841134e-10
5.27325,-4.0512603151449762e-10
5.2735,-4.0511961205926186e-10
5.27375,-4.0511396176161752e-10
5.274,-4.0510907017135982e-10
5.27425,-4.0510493871897554e-10
5.2745,-4.0510156598026188e-10
5.27475,-4.0509894930787715e-10
5.275,-4.0509707772676478e-10
5.27525,-4.0509594236682356e-10
5.2755,-4.0509553763563606e-10
5.27575,-4.0509584972961456e-10
5.276,-4.0509685873474252e-10
5.27625,-4.0509853408225853e-10
5.2765,-4.0510084408001688e-10
5.27675,-4.0510375889089967e-10
5.277,-4.0510724439279586e-10
5.27725,-4.0511126585967124e-10
5.2775,-4.0511578740367828e-10
5.27775,-4.0512077978443074e-10
5.278,-4.0512622186509514e-10
5.27825,-4.0513209629645222e-10
5.2785,-4.0513839142062208e-10
5.27875,-4.0514509698137804e-10
5.279,-4.0515220807340186e-10
5.27925,-4.0515972508835798e-10
5.2795,-4.0516764839248194e-10
5.27975,-4.0517597899873635e-10
5.28,-4.0518471494765901e-10
5.28025,-4.0519385346730281e-10
5.2805,-4.0520338909778057e-10
5.28075,-4.0521331055680438e-10
5.281,-4.052236024971288e-10
5.28125,-4.0523424248787982e-10
5.2815,-4.0524520396948977e-10
5.28175,-4.0525645262790639e-10
5.282,-4.0526795030758551e-10
5.28225,-4.0527965320346554e-10
5.2825,-4.0529151359783656e-10
5.28275,-4.0530348049605807e-10
5.283,-4.0531549984332611e-10
5.28325,-4.0532751782671033e-10
5.2835,-4.0533947817146765e-10
5.28375,-4.0535132685855108e-10
5.284,-4.053630092237534e-10
5.28425,-4.0537447114187907e-10
5.2845,-4.0538565931466989e-10
5.28475,-4.0539652784657188e-10
5.285,-4.0540703510409848e-10
5.28525,-4.0541714493544195e-10
5.2855,-4.0542682872736863e-10
5.28575,-4.0543606150460361e-10
5.286,-4.0544483269035154e-10
5.28625,-4.0545314116462782e-10
5.2865,-4.0546099579879462e-10
5.28675,-4.054684112297569e-10
5.287,-4.0547540816839755e-10
5.28725,-4.0548201283055042e-10
5.2875,-4.0548825802803571e-10
5.28775,-4.0549418560616141e-10
5.288,-4.0549984111010958e-10
5.28825,-4.0550527530675602e-10
5.2885,-4.0551054150158376e-10
5.28875,-4.0551569396606333e-10
5.289,-4.0552078441359392e-10
5.28925,-4.0552586367974729e-10
5.2895,-4.0553097894284629e-10
5.28975,-4.0553617292865274e-10
5.29,-4.0554147851173509e-10
5.29025,-4.055469220491328e-10
5.2905,-4.0555252370871537e-10
5.29075,-4.0555829312001446e-10
5.291,-4.0556423158459409e-10
5.29125,-4.05570329431699e-10
5.2915,-4.0557657174326172e-10
5.29175,-4.0558294068488195e-10
5.292,-4.0558941399649604e-10
5.29225,-4.0559596652718504e-10
5.2925,-4.0560256909359161e-10
5.29275,-4.0560919405749794e-10
5.293,-4.0561581700171211e-10
5.29325,-4.0562241367134052e-10
5.2935,-4.0562896167212585e-10
5.29375,-4.0563543723574986e-10
5.294,-4.056418205494084e-10
5.29425,-4.0564809830153201e-10
5.2945,-4.056542569641118e-10
5.29475,-4.0566028582459945e-10
5.295,-4.0566617120806462e-10
5.29525,-4.0567190222936801e-10
5.2955,-4.0567747457188297e-10
5.29575,-4.0568288140827416e-10
5.296,-4.0568811645179943e-10
5.29625,-4.0569316915902018e-10
5.2965,-4.0569803169856686e-10
5.29675,-4.0570270342521315e-10
5.297,-4.0570718164830429e-10
5.29725,-4.0571146482188894e-10
5.2975,-4.0571554800250626e-10
5.29775,-4.0571943035435225e-10
5.298,-4.0572312040893608e-10
5.29825,-4.0572662572815196e-10
5.2985,-4.0572995629898635e-10
5.29875,-4.0573311950359009e-10
5.299,-4.0573613052795652e-10
5.29925,-4.0573901615790577e-10
5.2995,-4.0574180424814159e-10
5.29975,-4.0574452553759728e-10
5.3,-4.0574720426756044e-10
5.30025,-4.0574987211446949e-10
5.3005,-4.057525690517768e-10
5.30075,-4.0575533072294503e-10
5.301,-4.0575819111955686e-10
5.30125,-4.0576117221411904e-10
5.3015,-4.0576429725263429e-10
5.30175,-4.0576759667289004e-10
5.302,-4.0577109187944217e-10
5.30225,-4.0577479718400528e-10
5.3025,-4.0577871403243224e-10
5.30275,-4.0578284152406586e-10
5.303,-4.0578718240826817e-10
5.30325,-4.0579172625346021e-10
5.3035,-4.0579645520647598e-10
5.30375,-4.0580133488143042e-10
5.304,-4.0580633002718773e-10
5.30425,-4.0581141188985943e-10
5.3045,-4.0581654485007343e-10
5.30475,-4.0582169254236849e-10
5.305,-4.0582681002268211e-10
5.30525,-4.0583186197401111e-10
5.3055,-4.0583682905381463e-10
5.30575,-4.0584169448898831e-10
5.306,-4.0584644969920994e-10
5.30625,-4.0585108405702917e-10
5.3065,-4.0585559879836675e-10
5.30675,-4.058600107400718e-10
5.307,-4.0586433670325448e-10
5.30725,-4.0586859591982134e-10
5.3075,-4.0587279731795804e-10
5.30775,-4.0587695290367186e-10
5.308,-4.058810809382172e-10
5.30825,-4.0588518958951468e-10
5.3085,-4.0588928020215243e-10
5.30875,-4.058933369783261e-10
5.309,-4.0589734308956095e-10
5.30925,-4.0590128566510869e-10
5.3095,-4.0590514048657158e-10
5.30975,-4.0590888006817103e-10
5.31,-4.0591246236689719e-10
5.31025,-4.0591584910479211e-10
5.3105,-4.0591900912592054e-10
5.31075,-4.0592190695458957e-10
5.311,-4.0592450858147759e-10
5.31125,-4.059267756526068e-10
5.3115,-4.0592868599686937e-10
5.31175,-4.0593021876856269e-10
5.312,-4.0593134819299669e-10
5.31225,-4.0593206544564827e-10
5.3125,-4.059323646892908e-10
5.31275,-4.059322456877119e-10
5.313,-4.0593170369621189e-10
5.31325,-4.0593075147149847e-10
5.3135,-4.0592939943973525e-10
5.31375,-4.0592766049095789e-10
5.314,-4.0592553743343087e-10
5.31425,-4.0592304361853207e-10
5.3145,-4.059201871379282e-10
5.31475,-4.0591697437884417e-10
5.315,-4.0591339916127913e-10
5.31525,-4.0590946747091819e-10
5.3155,-4.0590517746583503e-10
5.31575,-4.0590052650376242e-10
5.316,-4.0589549759096078e-10
5.31625,-4.0589008353524098e-10
5.3165,-4.0588427402189224e-10
5.31675,-4.0587806110858533e-10
5.317,-4.0587142837525931e-10
5.31725,-4.0586437535636547e-10
5.3175,-4.0585690477715222e-10
5.31775,-4.0584902802391517e-10
5.318,-4.0584074904647856e-10
5.31825,-4.058320953490951e-10
5.3185,-4.0582310054959917e-10
5.31875,-4.0581380353115994e-10
5.319,-4.0580424135556906e-10
5.31925,-4.0579447511470755e-10
5.3195,-4.0578456575724941e-10
5.31975,-4.0577457711776936e-10
5.32,-4.0576455938691306e-10
5.32025,-4.0575457812654583e-10
5.3205,-4.0574468734529596e-10
5.32075,-4.0573493380060979e-10
5.321,-4.057253425980303e-10
5.32125,-4.0571594800786926e-10
5.3215,-4.0570676966819105e-10
5.32175,-4.056978190358615e-10
5.322,-4.0568908522356488e-10
5.32225,-4.0568057265518726e-10
5.3225,-4.0567227522675549e-10
5.32275,-4.0566418519649092e-10
5.323,-4.056562840324359e-10
5.32325,-4.0564857207095004e-10
5.3235,-4.056410467888531e-10
5.32375,-4.0563370967972938e-10
5.324,-4.0562655540932209e-10
5.32425,-4.0561960299095768e-10
5.3245,-4.0561287164229656e-10
5.32475,-4.0560638827298011e-10
5.325,-4.0560017024892652e-10
5.32525,-4.0559426585511028e-10
5.3255,-4.0558872365892593e-10
5.32575,-4.0558359299149396e-10
5.326,-4.055789134299477e-10
5.32625,-4.0557475121668357e-10
5.3265,-4.0557116506902108e-10
5.32675,-4.0556821152418612e-10
5.327,-4.0556592631364907e-10
5.32725,-4.0556436676343538e-10
5.3275,-4.0556358176140477e-10
5.32775,-4.0556360675906246e-10
5.328,-4.0556445641060086e-10
5.32825,-4.0556616637067664e-10
5.3285,-4.0556876147277149e-10
5.32875,-4.0557226055373529e-10
5.329,-4.0557666540306629e-10
5.32925,-4.05581999293993e-10
5.3295,-4.055882763000682e-10
5.32975,-4.0559550900780252e-10
5.33,-4.0560368962909281e-10
5.33025,-4.056128350338511e-10
5.3305,-4.0562295081828387e-10
5.33075,-4.0563403526270487e-10
5.331,-4.0564606154932135e-10
5.33125,-4.056590210889962e-10
5.3315,-4.056728865651702e-10
5.33175,-4.0568762478736081e-10
5.332,-4.0570317561285003e-10
5.33225,-4.0571949369575992e-10
5.3325,-4.0573652483959811e-10
5.33275,-4.0575420257732461e-10
5.333,-4.0577244676739749e-10
5.33325,-4.0579119928614884e-10
5.3335,-4.05810400024287e-10
5.33375,-4.0582999970007551e-10
5.334,-4.0584993850694591e-10
5.33425,-4.0587018906121978e-10
5.3345,-4.058907342531502e-10
5.33475,-4.0591156411193832e-10
5.335,-4.0593266840703302e-10
5.33525,-4.0595406316536763e-10
5.3355,-4.0597576861628343e-10
5.33575,-4.0599781433583681e-10
5.336,-4.0602021897362076e-10
5.33625,-4.0604302012299885e-10
5.3365,-4.0606625042475483e-10
5.33675,-4.0608993404854321e-10
5.337,-4.0611407641915481e-10
5.33725,-4.0613869461221161e-10
5.3375,-4.0616378776340609e-10
5.33775,-4.0618934400661109e-10
5.338,-4.0621533230586951e-10
5.33825,-4.0624172735039862e-10
5.3385,-4.0626849068561504e-10
5.33875,-4.0629558035660743e-10
5.339,-4.0632293644779762e-10
5.33925,-4.0635051114369801e-10
5.3395,-4.0637824987322129e-10
5.33975,-4.0640609359497833e-10
5.34,-4.0643397631912264e-10
5.34025,-4.06461840360884e-10
5.3405,-4.064896240495855e-10
5.34075,-4.0651726369868254e-10
5.341,-4.0654468472339205e-10
5.34125,-4.065718209536142e-10
5.3415,-4.0659860067099298e-10
5.34175,-4.0662495107393657e-10
5.342,-4.0665079269645012e-10
5.34225,-4.0667605166941681e-10
5.3425,-4.0670065440681521e-10
5.34275,-4.0672452752924174e-10
5.343,-4.0674759667898412e-10
5.34325,-4.0676980007608714e-10
5.3435,-4.0679107946815926e-10
5.34375,-4.068113800039195e-10
5.344,-4.068306495435261e-10
5.34425,-4.0684884641255929e-10
5.3445,-4.0686593338160371e-10
5.34475,-4.068818751839987e-10
5.345,-4.0689663698238064e-10
5.34525,-4.0691019025072911e-10
5.3455,-4.0692250647302247e-10
5.34575,-4.0693355725191472e-10
5.346,-4.0694331830131445e-10
5.34625,-4.0695176908883476e-10
5.3465,-4.0695889252415625e-10
5.34675,-4.0696467545994711e-10
5.347,-4.0696910843728e-10
5.34725,-4.0697218760357787e-10
5.3475,-4.0697391369787343e-10
5.34775,-4.0697429190764463e-10
5.348,-4.0697333526516723e-10
5.34825,-4.0697106022925916e-10
5.3485,-4.0696749116932917e-10
5.34875,-4.0696266088910518e-10
5.349,-4.0695660477587524e-10
5.34925,-4.0694936692487761e-10
5.3495,-4.0694100036012916e-10
5.34975,-4.0693155884841929e-10
5.35,-4.0692110232449009e-10
5.35025,-4.0690969825179979e-10
5.3505,-4.0689741207326694e-10
5.35075,-4.0688431090458116e-10
5.351,-4.0687046756710552e-10
5.35125,-4.0685594316925389e-10
5.3515,-4.0684079693691779e-10
5.35175,-4.0682508684410866e-10
5.352,-4.0680885652938213e-10
5.35225,-4.0679214671232533e-10
5.3525,-4.0677499483773565e-10
5.35275,-4.0675742548796243e-10
5.353,-4.067394587677307e-10
5.35325,-4.0672111516107897e-10
5.3535,-4.0670240779264386e-10
5.35375,-4.0668334160246694e-10
5.354,-4.0666392225970395e-10
5.35425,-4.0664415468252933e-10
5.3545,-4.0662405046425195e-10
5.35475,-4.0660362075944126e-10
5.355,-4.065828733173511e-10
5.35525,-4.0656182157123447e-10
5.3555,-4.0654048440396003e-10
5.35575,-4.0651888961091324e-10
5.356,-4.0649706624529461e-10
5.35625,-4.0647504043441371e-10
5.3565,-4.0645284472564873e-10
5.35675,-4.0643051437787511e-10
5.357,-4.0640809149583311e-10
5.35725,-4.0638561698774178e-10
5.3575,-4.0636312821634876e-10
5.35775,-4.0634066395418907e-10
5.358,-4.0631826192902789e-10
5.35825,-4.0629596187726715e-10
5.3585,-4.062737989292633e-10
5.35875,-4.0625180073527937e-10
5.359,-4.0622999288056452e-10
5.35925,-4.0620839691785317e-10
5.3595,-4.0618703227294951e-10
5.35975,-4.0616591294480841e-10
5.36,-4.0614504620880581e-10
5.36025,-4.0612443786881105e-10
5.3605,-4.0610409042464102e-10
5.36075,-4.0608400666878928e-10
5.361,-4.0606418725990864e-10
5.36125,-4.0604463113984235e-10
5.3615,-4.0602533802675472e-10
5.36175,-4.0600630689114132e-10
5.362,-4.0598753707238268e-10
5.36225,-4.0596902828243785e-10
5.3625,-4.0595078134470843e-10
5.36275,-4.0593279713030271e-10
5.363,-4.0591507697455163e-10
5.36325,-4.0589762320370821e-10
5.3635,-4.0588044005630726e-10
5.36375,-4.0586353482392216e-10
5.364,-4.0584691596151641e-10
5.36425,-4.0583059245490773e-10
5.3645,-4.0581457348481003e-10
5.36475,-4.0579886973984008e-10
5.365,-4.0578349465293784e-10
5.36525,-4.0576846229667783e-10
5.3655,-4.0575378647327131e-10
5.36575,-4.0573947993672874e-10
5.366,-4.0572555721626833e-10
5.36625,-4.0571203604133851e-10
5.3665,-4.0569893372731021e-10
5.36675,-4.0568626702876311e-10
5.367,-4.0567405020731204e-10
5.36725,-4.0566229968162018e-10
5.3675,-4.0565103466905951e-10
5.36775,-4.0564027303753948e-10
5.368,-4.0563003103351405e-10
5.36825,-4.0562032690408239e-10
5.3685,-4.0561118169415729e-10
5.36875,-4.0560261524951763e-10
5.369,-4.0559464587644568e-10
5.36925,-4.0558729238378131e-10
5.3695,-4.0558057327299002e-10
5.36975,-4.0557450404447206e-10
5.37,-4.0556909445048234e-10
5.37025,-4.0556435138035717e-10
5.3705,-4.0556027478337445e-10
5.37075,-4.0555685999766566e-10
5.371,-4.0555409281656796e-10
5.37125,-4.0555195213845039e-10
5.3715,-4.0555041062422691e-10
5.37175,-4.0554943317710246e-10
5.372,-4.0554897922208059e-10
5.37225,-4.0554900223830928e-10
5.3725,-4.05549451205458e-10
5.37275,-4.0555027221210396e-10
5.373,-4.055514106442648e-10
5.37325,-4.0555281220702646e-10
5.3735,-4.0555442690096411e-10
5.37375,-4.0555621088007407e-10
5.374,-4.0555813571649455e-10
5.37425,-4.0556018400737876e-10
5.3745,-4.055623441946905e-10
5.37475,-4.0556461800187357e-10
5.375,-4.0556701950562986e-10
5.37525,-4.055695738491265e-10
5.3755,-4.0557231022731753e-10
5.37575,-4.0557526879749139e-10
5.376,-4.0557850396910617e-10
5.37625,-4.055820682731982e-10
5.3765,-4.0558600644830715e-10
5.37675,-4.0559036248615874e-10
5.377,-4.055951836373136e-10
5.37725,-4.0560050946291801e-10
5.3775,-4.0560636760648659e-10
5.37775,-4.0561278097214757e-10
5.378,-4.056197747955825e-10
5.37825,-4.0562736217725244e-10
5.3785,-4.0563554208554953e-10
5.37875,-4.0564430733996693e-10
5.379,-4.0565365561400556e-10
5.37925,-4.0566357355143648e-10
5.3795,-4.0567402983149625e-10
5.37975,-4.0568499706785031e-10
5.38,-4.0569645174729389e-10
5.38025,-4.0570836588534071e-10
5.3805,-4.0572069770153157e-10
5.38075,-4.0573341041135329e-10
5.381,-4.0574647838762037e-10
5.38125,-4.0575987218835263e-10
5.3815,-4.057735510486155e-10
5.38175,-4.0578748289433365e-10
5.382,-4.0580165682096545e-10
5.38225,-4.0581605778210438e-10
5.3825,-4.058306669066753e-10
5.38275,-4.0584547383944544e-10
5.383,-4.0586048291907339e-10
5.38325,-4.0587569133848223e-10
5.3835,-4.0589108626251316e-10
5.38375,-4.0590666284580634e-10
5.384,-4.0592242723153532e-10
5.38425,-4.0593837404730925e-10
5.3845,-4.059544777739046e-10
5.38475,-4.0597070966592776e-10
5.385,-4.0598704544052582e-10
5.38525,-4.0600344626804114e-10
5.3855,-4.0601984850402408e-10
5.38575,-4.0603618678630143e-10
5.386,-4.0605240499404355e-10
5.38625,-4.0606843511128131e-10
5.3865,-4.0608419322316024e-10
5.38675,-4.0609960603941869e-10
5.387,-4.0611461682373187e-10
5.38725,-4.061291652400786e-10
5.3875,-4.0614318369239323e-10
5.38775,-4.0615661671816569e-10
5.388,-4.0616943365877665e-10
5.38825,-4.0618160493382271e-10
5.3885,-4.0619309653875793e-10
5.38875,-4.0620389014216718e-10
5.389,-4.0621399385832041e-10
5.38925,-4.0622341972552007e-10
5.3895,-4.0623217586425653e-10
5.38975,-4.0624028651055336e-10
5.39,-4.062477963411066e-10
5.39025,-4.06254747749639e-10
5.3905,-4.0626117659325043e-10
5.39075,-4.0626713150622054e-10
5.391,-4.0627267915565697e-10
5.39125,-4.062778831706435e-10
5.3915,-4.0628279706982872e-10
5.39175,-4.0628748106229692e-10
5.392,-4.0629200781563532e-10
5.39225,-4.0629644308217143e-10
5.3925,-4.0630083791287473e-10
5.39275,-4.0630524532744113e-10
5.393,-4.0630972809849055e-10
5.39325,-4.0631433857821406e-10
5.3935,-4.0631911065085302e-10
5.39375,-4.0632407952017091e-10
5.394,-4.0632929013396223e-10
5.39425,-4.0633477578321504e-10
5.3945,-4.0634055347418911e-10
5.39475,-4.0634664295511486e-10
5.395,-4.0635307329493394e-10
5.39525,-4.0635986503119324e-10
5.3955,-4.0636702262404022e-10
5.39575,-4.0637454906029823e-10
5.396,-4.0638245611368819e-10
5.39625,-4.0639074539867395e-10
5.3965,-4.0639939995509948e-10
5.39675,-4.0640840200917497e-10
5.397,-4.0641773851927411e-10
5.39725,-4.0642738437976462e-10
5.3975,-4.0643729607498887e-10
5.39775,-4.0644743026127203e-10
5.398,-4.0645774761421038e-10
5.39825,-4.0646819923121786e-10
5.3985,-4.0647872218393064e-10
5.39875,-4.064892565178347e-10
5.399,-4.0649975399076618e-10
5.39925,-4.0651015744171882e-10
5.3995,-4.0652040007127079e-10
5.39975,-4.0653042266058136e-10
5.4,-4.0654017786879536e-10
5.40025,-4.0654961207213699e-10
5.4005,-4.0655866042727137e-10
5.40075,-4.0656726866836909e-10
5.401,-4.0657539617352989e-10
5.40125,-4.0658299935122548e-10
5.4015,-4.0659002500132116e-10
5.40175,-4.0659642959311e-10
5.402,-4.0660218704225231e-10
5.40225,-4.0660727124204958e-10
5.4025,-4.0661164942573318e-10
5.40275,-4.0661530126280198e-10
5.403,-4.0661822798856575e-10
5.40325,-4.0662043454106299e-10
5.4035,-4.0662191950641022e-10
5.40375,-4.066226969618241e-10
5.404,-4.066228066152643e-10
5.40425,-4.0662228688655106e-10
5.4045,-4.0662117002327524e-10
5.40475,-4.066195004160405e-10
5.405,-4.0661734339064831e-10
5.40525,-4.066147605229042e-10
5.4055,-4.0661179893121742e-10
5.40575,-4.0660851656550642e-10
5.406,-4.0660498633945093e-10
5.40625,-4.0660127231206964e-10
5.4065,-4.0659742218766453e-10
5.40675,-4.0659348716205217e-10
5.407,-4.0658952996318515e-10
5.40725,-4.065855980932523e-10
5.4075,-4.0658171842051709e-10
5.40775,-4.0657792063195259e-10
5.408,-4.0657423972058153e-10
5.40825,-4.0657069026040715e-10
5.4085,-4.0656725791654418e-10
5.40875,-4.0656392964126296e-10
5.409,-4.0656070378838971e-10
5.40925,-4.0655756280370194e-10
5.4095,-4.0655446319384761e-10
5.40975,-4.0655136913580813e-10
5.41,-4.0654825590318723e-10
5.41025,-4.0654508621856053e-10
5.4105,-4.0654180602164023e-10
5.41075,-4.0653836904337007e-10
5.411,-4.0653475010064297e-10
5.41125,-4.065309184630428e-10
5.4115,-4.0652682905945856e-10
5.41175,-4.0652245243120745e-10
5.412,-4.0651778167728467e-10
5.41225,-4.0651280768480427e-10
5.4125,-4.0650751421453599e-10
5.41275,-4.0650189989812638e-10
5.413,-4.0649598879631812e-10
5.41325,-4.0648980651856533e-10
5.4135,-4.0648337007495988e-10
5.41375,-4.0647671115043044e-10
5.414,-4.0646988246723392e-10
5.41425,-4.0646293450295204e-10
5.4145,-4.0645590601240023e-10
5.41475,-4.0644884599160933e-10
5.415,-4.0644181593980251e-10
5.41525,-4.0643486584510367e-10
5.4155,-4.0642802852107068e-10
5.41575,-4.0642133859918142e-10
5.416,-4.064148346820272e-10
5.41625,-4.0640854245166837e-10
5.4165,-4.0640246940030667e-10
5.41675,-4.0639662064427164e-10
5.417,-4.0639100521550631e-10
5.41725,-4.0638561872188644e-10
5.4175,-4.0638044068482711e-10
5.41775,-4.06375449610747e-10
5.418,-4.0637062590919434e-10
5.41825,-4.0636594070191819e-10
5.4185,-4.0636135239515704e-10
5.41875,-4.0635682371591636e-10
5.419,-4.0635232336290257e-10
5.41925,-4.0634781716270314e-10
5.4195,-4.0634326382045909e-10
5.41975,-4.063386298568639e-10
5.42,-4.0633389041972762e-10
5.42025,-4.0632902131667416e-10
5.4205,-4.0632399414714723e-10
5.42075,-4.0631878910212738e-10
5.421,-4.0631339497328852e-10
5.42125,-4.0630780024180039e-10
5.4215,-4.0630199095058366e-10
5.42175,-4.0629595779668752e-10
5.422,-4.0628969726833731e-10
5.42225,-4.06283202939427e-10
5.4225,-4.0627646709300666e-10
5.42275,-4.0626948476930911e-10
5.423,-4.0626225587634251e-10
5.42325,-4.0625477967448526e-10
5.4235,-4.0624705572801203e-10
5.42375,-4.0623908723434108e-10
5.424,-4.0623088303021554e-10
5.42425,-4.0622245419911509e-10
5.4245,-4.0621381249698571e-10
5.42475,-4.0620497568496576e-10
5.425,-4.0619596641205481e-10
5.42525,-4.0618681210444082e-10
5.4255,-4.0617754412613544e-10
5.42575,-4.0616819701607322e-10
5.426,-4.0615881221032528e-10
5.42625,-4.0614943529960296e-10
5.4265,-4.0614011585988046e-10
5.42675,-4.0613090637140179e-10
5.427,-4.0612186132850154e-10
5.42725,-4.0611303865051853e-10
5.4275,-4.0610449776308019e-10
5.42775,-4.0609629494752347e-10
5.428,-4.0608848073292704e-10
5.42825,-4.0608109854969017e-10
5.4285,-4.0607418547628771e-10
5.42875,-4.0606776681519315e-10
5.429,-4.0606185434334002e-10
5.42925,-4.0605644993098651e-10
5.4295,-4.0605154497563789e-10
5.42975,-4.0604712157120181e-10
5.43,-4.0604314980281322e-10
5.43025,-4.0603959396555794e-10
5.4305,-4.0603641662711858e-10
5.43075,-4.0603357807166391e-10
5.431,-4.0603103993924123e-10
5.43125,-4.060287681558551e-10
5.4315,-4.0602673469349735e-10
5.43175,-4.0602491792815452e-10
5.432,-4.0602330336054679e-10
5.43225,-4.060218850019408e-10
5.4325,-4.0602066554157689e-10
5.43275,-4.0601965519425212e-10
5.433,-4.0601887075338136e-10
5.43325,-4.0601833434939343e-10
5.4335,-4.0601807313666691e-10
5.43375,-4.0601811792756438e-10
5.434,-4.0601850011986462e-10
5.43425,-4.0601925119884401e-10
5.4345,-4.060204010132177e-10
5.43475,-4.060219773328366e-10
5.435,-4.0602400504193699e-10
5.43525,-4.060265043034832e-10
5.4355,-4.0602949098848114e-10
5.43575,-4.0603297738354969e-10
5.436,-4.0603697421463941e-10
5.43625,-4.0604148844085915e-10
5.4365,-4.0604652240798042e-10
5.43675,-4.0605207599882483e-10
5.437,-4.0605815109283088e-10
5.43725,-4.0606474685229064e-10
5.4375,-4.0607185802479148e-10
5.43775,-4.060794797258278e-10
5.438,-4.0608760919113016e-10
5.43825,-4.060962407044244e-10
5.4385,-4.0610536250523474e-10
5.43875,-4.0611496367513909e-10
5.439,-4.0612503433691747e-10
5.43925,-4.0613556054276958e-10
5.4395,-4.0614652274927569e-10
5.43975,-4.0615790065581735e-10
5.44,-4.061696756804698e-10
5.44025,-4.0618182387637161e-10
5.4405,-4.0619431234787337e-10
5.44075,-4.0620710589739089e-10
5.441,-4.0622016429088875e-10
5.44125,-4.0623343834081804e-10
5.4415,-4.0624686835242278e-10
5.44175,-4.0626038728037819e-10
5.442,-4.0627392314348327e-10
5.44225,-4.0628739451785217e-10
5.4425,-4.0630071243474326e-10
5.44275,-4.0631378396053348e-10
5.443,-4.0632651571050686e-10
5.44325,-4.0633881398591882e-10
5.4435,-4.0635058596178618e-10
5.44375,-4.0636174246086525e-10
5.444,-4.0637220106407577e-10
5.44425,-4.0638188701154765e-10
5.4445,-4.0639073148580542e-10
5.44475,-4.0639867407534458e-10
5.445,-4.0640566360338191e-10
5.44525,-4.0641165746146717e-10
5.4455,-4.0641662051186889e-10
5.44575,-4.0642052395097848e-10
5.446,-4.0642334483163658e-10
5.44625,-4.0642506766946833e-10
5.4465,-4.0642568096416555e-10
5.44675,-4.0642517916553776e-10
5.447,-4.0642356232586548e-10
5.44725,-4.0642083211854087e-10
5.4475,-4.0641699277732923e-10
5.44775,-4.0641205092886942e-10
5.448,-4.0640601522995464e-10
5.44825,-4.0639889454560239e-10
5.4485,-4.0639069996781631e-10
5.44875,-4.0638143989854118e-10
5.449,-4.0637112190965981e-10
5.44925,-4.0635975156735315e-10
5.4495,-4.0634733896077483e-10
5.44975,-4.0633389109328419e-10
5.45,-4.0631941316283406e-10
5.45025,-4.0630391347766311e-10
5.4505,-4.0628740539251237e-10
5.45075,-4.0626990316237425e-10
5.451,-4.0625141916769308e-10
5.45125,-4.0623197055020739e-10
5.4515,-4.0621158039587406e-10
5.45175,-4.0619027191804261e-10
5.452,-4.0616806555761922e-10
5.45225,-4.0614498412703342e-10
5.4525,-4.0612105759000971e-10
5.45275,-4.0609631581229549e-10
5.453,-4.0607078485965899e-10
5.45325,-4.0604449118593755e-10
5.4535,-4.0601746592543973e-10
5.45375,-4.0598974056860803e-10
5.454,-4.0596134238681558e-10
5.45425,-4.0593230110452153e-10
5.4545,-4.059026523089525e-10
5.45475,-4.0587242612705784e-10
5.455,-4.0584164692040754e-10
5.45525,-4.0581034250380916e-10
5.4555,-4.057785396325145e-10
5.45575,-4.0574626195677676e-10
5.456,-4.05713520545058e-10
5.45625,-4.0568032746668091e-10
5.4565,-4.0564669305271561e-10
5.45675,-4.0561261925045049e-10
5.457,-4.0557809784530366e-10
5.45725,-4.0554311957592246e-10
5.4575,-4.0550767507039913e-10
5.45775,-4.0547174925400255e-10
5.458,-4.0543532139174755e-10
5.45825,-4.0539837472830525e-10
5.4585,-4.05360899598543e-10
5.45875,-4.0532288882628624e-10
5.459,-4.0528433476281521e-10
5.45925,-4.0524524132522659e-10
5.4595,-4.0520562656661359e-10
5.45975,-4.0516551566492876e-10
5.46,-4.0512493621737567e-10
5.46025,-4.050839298438331e-10
5.4605,-4.0504255137944957e-10
5.46075,-4.0500086177581192e-10
5.461,-4.049589202631546e-10
5.46125,-4.0491679327578733e-10
5.4615,-4.0487455466485345e-10
5.46175,-4.0483227510296914e-10
5.462,-4.0479001483012949e-10
5.46225,-4.0474783655368667e-10
5.4625,-4.0470580397875337e-10
5.46275,-4.0466397297795493e-10
5.463,-4.0462238749862143e-10
5.46325,-4.045810895474936e-10
5.4635,-4.0454012747491526e-10
5.46375,-4.0449954297046919e-10
5.464,-4.0445936779673935e-10
5.46425,-4.0441963845521429e-10
5.4645,-4.0438039974491635e-10
5.46475,-4.0434169292809659e-10
5.465,-4.0430355380340358e-10
5.46525,-4.0426602343793193e-10
5.4655,-4.042291530326655e-10
5.46575,-4.0419299337961055e-10
5.466,-4.0415758428073283e-10
5.46625,-4.0412296885497027e-10
5.4665,-4.0408919817746453e-10
5.46675,-4.0405631603317037e-10
5.467,-4.0402436020502509e-10
5.46725,-4.0399335411226483e-10
5.4675,-4.0396331766379651e-10
5.46775,-4.0393428011372075e-10
5.468,-4.0390625557444795e-10
5.46825,-4.0387925083617168e-10
5.4685,-4.0385325119475808e-10
5.46875,-4.03828240262018e-10
5.469,-4.0380420256467208e-10
5.46925,-4.0378111052726282e-10
5.4695,-4.0375892636439366e-10
5.46975,-4.037375942959163e-10
5.47,-4.037170595684284e-10
5.47025,-4.0369727691916182e-10
5.4705,-4.0367819012442725e-10
5.47075,-4.0365974060534629e-10
5.471,-4.0364185413467034e-10
5.47125,-4.0362446487793516e-10
5.4715,-4.0360752401194512e-10
5.47175,-4.0359097935527482e-10
5.472,-4.0357477922902598e-10
5.47225,-4.0355886410258277e-10
5.4725,-4.0354318545383699e-10
5.47275,-4.0352771355818935e-10
5.473,-4.0351241695584415e-10
5.47325,-4.0349726920180063e-10
5.4735,-4.0348223534545985e-10
5.47375,-4.0346729282122033e-10
5.474,-4.0345244318011024e-10
5.47425,-4.0343768430174989e-10
5.4745,-4.0342302516557847e-10
5.47475,-4.0340846100139656e-10
5.475,-4.0339400465155321e-10
5.47525,-4.0337968944543162e-10
5.4755,-4.0336554673588694e-10
5.47575,-4.0335161380723597e-10
5.476,-4.0333791686433492e-10
5.47625,-4.0332449124022917e-10
5.4765,-4.0331138474153976e-10
5.47675,-4.0329863640136479e-10
5.477,-4.0328627635185725e-10
5.47725,-4.0327431762939591e-10
5.4775,-4.032627690602113e-10
5.47775,-4.0325165445482884e-10
5.478,-4.0324097904712507e-10
5.47825,-4.0323074146916634e-10
5.4785,-4.0322091276069089e-10
5.47875,-4.0321146278707887e-10
5.479,-4.0320238019229278e-10
5.47925,-4.031936356946794e-10
5.4795,-4.0318520526363298e-10
5.47975,-4.0317704216010281e-10
5.48,-4.031691130964393e-10
5.48025,-4.031614035089861e-10
5.4805,-4.0315389717613422e-10
5.48075,-4.031465778217608e-10
5.481,-4.031394226353139e-10
5.48125,-4.0313241960776694e-10
5.4815,-4.0312558539422886e-10
5.48175,-4.0311893224152658e-10
5.482,-4.0311246343895911e-10
5.48225,-4.0310619090518463e-10
5.4825,-4.0310014364515365e-10
5.48275,-4.0309433981475399e-10
5.483,-4.03088779304869e-10
5.48325,-4.0308346139963936e-10
5.4835,-4.0307839746465826e-10
5.48375,-4.0307358522441511e-10
5.484,-4.0306900372193714e-10
5.48425,-4.0306463481969869e-10
5.4845,-4.030604736223796e-10
5.48475,-4.0305650222639288e-10
5.485,-4.0305268936427909e-10
5.48525,-4.0304900954474218e-10
5.4855,-4.0304544726771539e-10
5.48575,-4.0304198175429924e-10
5.486,-4.0303858567877871e-10
5.48625,-4.0303523576458998e-10
5.4865,-4.0303191927656042e-10
5.48675,-4.0302862241904344e-10
5.487,-4.0302532310460327e-10
5.48725,-4.0302200333376507e-10
5.4875,-4.0301865651655808e-10
5.48775,-4.0301527652527076e-10
5.488,-4.0301184571619643e-10
5.48825,-4.0300835433019355e-10
5.4885,-4.0300480483957251e-10
5.48875,-4.0300119749175349e-10
5.489,-4.0299752488011133e-10
5.48925,-4.0299378883610383e-10
5.4895,-4.0299000319595692e-10
5.48975,-4.0298617988792785e-10
5.49,-4.0298232596206865e-10
5.49025,-4.0297845626357803e-10
5.4905,-4.0297459554094676e-10
5.49075,-4.0297076752723964e-10
5.491,-4.0296699163413091e-10
5.49125,-4.029632918005261e-10
5.4915,-4.0295969788326294e-10
5.49175,-4.0295623573308437e-10
5.492,-4.0295292267180136e-10
5.49225,-4.0294977696773226e-10
5.4925,-4.0294681925021003e-10
5.49275,-4.0294406438407958e-10
5.493,-4.0294151684700754e-10
5.49325,-4.0293918053428001e-10
5.4935,-4.0293706193387909e-10
5.49375,-4.0293516185386044e-10
5.494,-4.0293347337112591e-10
5.49425,-4.0293199259329037e-10
5.4945,-4.0293072109082238e-10
5.49475,-4.0292965603047564e-10
5.495,-4.0292878984290761e-10
5.49525,-4.0292811874374413e-10
5.4955,-4.029276441461417e-10
5.49575,-4.0292736370643864e-10
5.496,-4.0292726889022416e-10
5.49625,-4.0292735243826086e-10
5.4965,-4.0292760747766728e-10
5.49675,-4.029280211027445e-10
5.497,-4.0292857071189688e-10
5.49725,-4.0292923050589969e-10
5.4975,-4.0292997317310727e-10
5.49775,-4.0293076421027658e-10
5.498,-4.0293156242640239e-10
5.49825,-4.0293232685459553e-10
5.4985,-4.0293302328389135e-10
5.49875,-4.0293361732517466e-10
5.499,-4.0293407236033316e-10
5.49925,-4.0293435763744381e-10
5.4995,-4.0293445274700131e-10
5.49975,-4.0293434575899642e-10
5.5,-4.0293403216245266e-10
5.50025,-4.0293351966621224e-10
5.5005,-4.029328294862447e-10
5.50075,-4.0293199098824027e-10
5.501,-4.029310378989065e-10
5.50125,-4.029300131470692e-10
5.5015,-4.0292896924417068e-10
5.50175,-4.0292796235665637e-10
5.502,-4.0292704913852434e-10
5.50225,-4.029262894720546e-10
5.5025,-4.0292574656849356e-10
5.50275,-4.0292547924704789e-10
5.503,-4.0292553694193329e-10
5.50325,-4.0292596390165448e-10
5.5035,-4.0292679918695072e-10
5.50375,-4.0292807016739112e-10
5.504,-4.0292978896367118e-10
5.50425,-4.02931957743054e-10
5.5045,-4.0293457034301418e-10
5.50475,-4.0293760662542483e-10
5.505,-4.0294103099182832e-10
5.50525,-4.0294479929763932e-10
5.5055,-4.0294886301983265e-10
5.50575,-4.0295316568319005e-10
5.506,-4.029576430127425e-10
5.50625,-4.0296223135798399e-10
5.5065,-4.0296687190145012e-10
5.50675,-4.029715075010621e-10
5.507,-4.02976084240532e-10
5.50725,-4.0298056127427039e-10
5.5075,-4.0298491436443481e-10
5.50775,-4.0298913153509788e-10
5.508,-4.0299321084656797e-10
5.50825,-4.0299716425293073e-10
5.5085,-4.0300101803877829e-10
5.50875,-4.0300480672845438e-10
5.509,-4.0300856791633801e-10
5.50925,-4.0301234566603589e-10
5.5095,-4.0301618951182034e-10
5.50975,-4.030201477981586e-10
5.51,-4.0302425900284605e-10
5.51025,-4.0302855482328556e-10
5.5105,-4.0303306354687559e-10
5.51075,-4.0303779680906653e-10
5.511,-4.0304275619682546e-10
5.51125,-4.030479335459334e-10
5.5115,-4.0305330579848878e-10
5.51175,-4.0305883873889316e-10
5.512,-4.0306449249058271e-10
5.51225,-4.0307021368019824e-10
5.5125,-4.0307594531314561e-10
5.51275,-4.0308163160441812e-10
5.513,-4.0308721659676557e-10
5.51325,-4.0309264336948535e-10
5.5135,-4.030978603373268e-10
5.51375,-4.0310282448938219e-10
5.514,-4.0310749893256488e-10
5.51425,-4.0311185411710563e-10
5.5145,-4.0311586963548514e-10
5.51475,-4.0311954095031034e-10
5.515,-4.0312287287459854e-10
5.51525,-4.0312588062396848e-10
5.5155,-4.0312859147896741e-10
5.51575,-4.0313104511788935e-10
5.516,-4.0313328825438349e-10
5.51625,-4.0313537038409467e-10
5.5165,-4.0313734648237882e-10
5.51675,-4.0313927711168125e-10
5.517,-4.0314122342340667e-10
5.51725,-4.0314324539128145e-10
5.5175,-4.0314540391325735e-10
5.51775,-4.0314776078464254e-10
5.518,-4.031503736562905e-10
5.51825,-4.0315329467322038e-10
5.5185,-4.0315657370626065e-10
5.51875,-4.0316026002207518e-10
5.519,-4.0316439842672852e-10
5.51925,-4.0316902892848878e-10
5.5195,-4.0317418978783217e-10
5.51975,-4.0317991796672833e-10
5.52,-4.0318624615937671e-10
5.52025,-4.0319320178274459e-10
5.5205,-4.0320080827808294e-10
5.52075,-4.0320908500906921e-10
5.521,-4.0321804312415492e-10
5.52125,-4.0322768588381275e-10
5.5215,-4.0323801022897427e-10
5.52175,-4.0324900687865977e-10
5.522,-4.0326066141318954e-10
5.52225,-4.0327295376560615e-10
5.5225,-4.0328586141031815e-10
5.52275,-4.0329936155226344e-10
5.523,-4.0331343228510697e-10
5.52325,-4.0332805265316785e-10
5.5235,-4.0334320513811221e-10
5.52375,-4.0335887335343546e-10
5.524,-4.0337504321935348e-10
5.52425,-4.0339170234650343e-10
5.5245,-4.0340884172938005e-10
5.52475,-4.0342645357579346e-10
5.525,-4.0344452986403304e-10
5.52525,-4.0346306197823449e-10
5.5255,-4.0348204017872718e-10
5.52575,-4.0350145073374968e-10
5.526,-4.0352127626537195e-10
5.52625,-4.0354149444089753e-10
5.5265,-4.0356207837532159e-10
5.52675,-4.0358299702077946e-10
5.527,-4.0360422214619823e-10
5.52725,-4.0362572143538361e-10
5.5275,-4.0364745783498596e-10
5.52775,-4.0366938961403141e-10
5.528,-4.0369147421561159e-10
5.52825,-4.0371367461724262e-10
5.5285,-4.0373595934088464e-10
5.52875,-4.0375830197048886e-10
5.529,-4.0378068419223629e-10
5.52925,-4.0380309679637881e-10
5.5295,-4.0382553939607417e-10
5.52975,-4.0384801799785573e-10
5.53,-4.0387054823963138e-10
5.53025,-4.0389315590689692e-10
5.5305,-4.0391587456401638e-10
5.53075,-4.0393874392186204e-10
5.531,-4.039618115045121e-10
5.53125,-4.0398513182960878e-10
5.5315,-4.0400876468933393e-10
5.53175,-4.0403276948382496e-10
5.532,-4.04057206511661e-10
5.53225,-4.0408213446865341e-10
5.5325,-4.0410760751888133e-10
5.53275,-4.0413366783668337e-10
5.533,-4.0416034755366854e-10
5.53325,-4.0418766680399103e-10
5.5335,-4.0421563043291226e-10
5.53375,-4.0424422758580635e-10
5.534,-4.0427343283077539e-10
5.53425,-4.0430320902090159e-10
5.5345,-4.0433350563239901e-10
5.53475,-4.0436426223432908e-10
5.535,-4.0439541464561909e-10
5.53525,-4.0442689577945052e-10
5.5355,-4.0445863860003105e-10
5.53575,-4.0449057855196741e-10
5.536,-4.0452265758971365e-10
5.53625,-4.0455482744733084e-10
5.5365,-4.0458704924576786e-10
5.53675,-4.046192911635126e-10
5.537,-4.0465153108482932e-10
5.53725,-4.046837603333209e-10
5.5375,-4.0471597626888884e-10
5.53775,-4.0474817922249673e-10
5.538,-4.0478037719219984e-10
5.53825,-4.0481258317290786e-10
5.5385,-4.0484481139794691e-10
5.53875,-4.0487707344478025e-10
5.539,-4.049093817195344e-10
5.53925,-4.0494174896779377e-10
5.5395,-4.0497418182405537e-10
5.53975,-4.0500667929860241e-10
5.54,-4.0503923667095905e-10
5.54025,-4.0507184757484603e-10
5.5405,-4.0510450783949534e-10
5.54075,-4.0513721236343336e-10
5.541,-4.0516995007109291e-10
5.54125,-4.0520271279052294e-10
5.5415,-4.0523549657876491e-10
5.54175,-4.0526830500310765e-10
5.542,-4.0530114145723933e-10
5.54225,-4.0533400492064333e-10
5.5425,-4.0536689748999101e-10
5.54275,-4.0539982591645528e-10
5.543,-4.054328011384288e-10
5.54325,-4.0546583010954123e-10
5.5435,-4.0549891088662729e-10
5.54375,-4.0553204384945671e-10
5.544,-4.0556522425983238e-10
5.54425,-4.0559844843283757e-10
5.5445,-4.0563170372794658e-10
5.54475,-4.0566496747480664e-10
5.545,-4.0569821455330258e-10
5.54525,-4.0573141262041262e-10
5.5455,-4.0576453138574277e-10
5.54575,-4.0579753172264441e-10
5.546,-4.0583036247887908e-10
5.54625,-4.0586297219758679e-10
5.5465,-4.0589530531440017e-10
5.54675,-4.0592731015891424e-10
5.547,-4.0595893242188826e-10
5.54725,-4.0599010656957037e-10
5.5475,-4.0602077405756971e-10
5.54775,-4.060508786858151e-10
5.548,-4.0608037646197031e-10
5.54825,-4.0610922450037218e-10
5.5485,-4.0613737060591908e-10
5.54875,-4.0616477168588531e-10
5.549,-4.0619138806795518e-10
5.54925,-4.062171956125204e-10
5.5495,-4.0624216836246289e-10
5.54975,-4.0626626953519968e-10
5.55,-4.0628947133353428e-10
5.55025,-4.0631175205863604e-10
5.5505,-4.0633310214967402e-10
5.55075,-4.0635351120852651e-10
5.551,-4.0637296097248767e-10
5.55125,-4.063914448449298e-10
5.5515,-4.0640896357508264e-10
5.55175,-4.0642553443099991e-10
5.552,-4.0644117596234664e-10
5.55225,-4.0645590064219273e-10
5.5525,-4.0646972823221957e-10
5.55275,-4.064826863403723e-10
5.553,-4.0649481388549945e-10
5.55325,-4.0650614252205812e-10
5.5535,-4.065166922464508e-10
5.55375,-4.0652648472372188e-10
5.554,-4.0653553840303033e-10
5.55425,-4.0654387665426343e-10
5.5545,-4.0655150601528954e-10
5.55475,-4.0655841658408868e-10
5.555,-4.0656459376399146e-10
5.55525,-4.0657001598428903e-10
5.5555,-4.065746626445353e-10
5.55575,-4.0657850289204081e-10
5.556,-4.0658148779497252e-10
5.55625,-4.0658357111219467e-10
5.5565,-4.0658470895033122e-10
5.55675,-4.0658486684093038e-10
5.557,-4.0658400642984736e-10
5.55725,-4.0658208359508433e-10
5.5575,-4.0657906483475075e-10
5.55775,-4.0657492296681662e-10
5.558,-4.0656965364547571e-10
5.55825,-4.0656325504187319e-10
5.5585,-4.0655572137687904e-10
5.55875,-4.06547059304422e-10
5.559,-4.0653728940590032e-10
5.55925,-4.0652644750688466e-10
5.5595,-4.0651456692940146e-10
5.55975,-4.0650167676630772e-10
5.56,-4.0648781498522572e-10
5.56025,-4.0647302398640222e-10
5.5605,-4.0645736141862094e-10
5.56075,-4.0644088328520574e-10
5.561,-4.0642363760352843e-10
5.56125,-4.0640568359263191e-10
5.5615,-4.0638708629374638e-10
5.56175,-4.0636792477601363e-10
5.562,-4.0634827839398194e-10
5.56225,-4.063282206052247e-10
5.5625,-4.0630783143449017e-10
5.56275,-4.0628719386047528e-10
5.563,-4.0626639713894105e-10
5.56325,-4.0624552723209491e-10
5.5635,-4.0622465777161523e-10
5.56375,-4.0620386467274662e-10
5.564,-4.0618322240286053e-10
5.56425,-4.0616280646810471e-10
5.5645,-4.0614268717038573e-10
5.56475,-4.0612292189133464e-10
5.565,-4.061035658463366e-10
5.56525,-4.0608466795491534e-10
5.5655,-4.0606627723420313e-10
5.56575,-4.0604842951490054e-10
5.566,-4.0603115027699275e-10
5.56625,-4.0601445817212931e-10
5.5665,-4.0599836117583717e-10
5.56675,-4.0598285999439068e-10
5.567,-4.059679436661833e-10
5.56725,-4.0595358892687388e-10
5.5675,-4.0593976524065572e-10
5.56775,-4.0592643335006161e-10
5.568,-4.0591355047526282e-10
5.56825,-4.0590106874006183e-10
5.5685,-4.0588893354374103e-10
5.56875,-4.058770894798433e-10
5.569,-4.0586548080288176e-10
5.56925,-4.0585405305846738e-10
5.5695,-4.0584275295056427e-10
5.56975,-4.0583152802153837e-10
5.57,-4.058203266024468e-10
5.57025,-4.0580910085929806e-10
5.5705,-4.0579780605619924e-10
5.57075,-4.0578640193094007e-10
5.571,-4.0577485250440959e-10
5.57125,-4.0576312552801479e-10
5.5715,-4.0575119371823124e-10
5.57175,-4.0573903464610642e-10
5.572,-4.0572663141557464e-10
5.57225,-4.0571397322841039e-10
5.5725,-4.0570105357564389e-10
5.57275,-4.0568787341450561e-10
5.573,-4.0567443806094816e-10
5.57325,-4.0566075844226179e-10
5.5735,-4.0564685118293886e-10
5.57375,-4.0563273814173025e-10
5.574,-4.0561844570077882e-10
5.57425,-4.0560400408997971e-10
5.5745,-4.0558944976560035e-10
5.57475,-4.0557482560505373e-10
5.575,-4.0556017865409274e-10
5.57525,-4.0554556016793409e-10
5.5755,-4.0553102337520351e-10
5.57575,-4.0551662563271704e-10
5.576,-4.0550242739578259e-10
5.57625,-4.0548848760151331e-10
5.5765,-4.0547486203766027e-10
5.57675,-4.0546160220195992e-10
5.577,-4.0544875625496169e-10
5.57725,-4.0543636764282995e-10
5.5775,-4.054244718043667e-10
5.57775,-4.0541309652460397e-10
5.578,-4.0540225911458215e-10
5.57825,-4.0539197022901433e-10
5.5785,-4.0538223363259014e-10
5.57875,-4.0537304344156416e-10
5.579,-4.0536438635944127e-10
5.57925,-4.0535624188705327e-10
5.5795,-4.0534858322548061e-10
5.57975,-4.0534137992011256e-10
5.58,-4.0533459420459251e-10
5.58025,-4.0532818570177772e-10
5.5805,-4.0532210583778954e-10
5.58075,-4.0531630301178618e-10
5.581,-4.0531072284277432e-10
5.58125,-4.0530530610931578e-10
5.5815,-4.0529999005584823e-10
5.58175,-4.0529470822329074e-10
5.582,-4.0528939031621417e-10
5.58225,-4.0528396470308585e-10
5.5825,-4.0527835681780827e-10
5.58275,-4.0527249147556326e-10
5.583,-4.0526629336744752e-10
5.58325,-4.0525969051616543e-10
5.5835,-4.0525261343044132e-10
5.58375,-4.0524499742788921e-10
5.584,-4.0523678343968454e-10
5.58425,-4.0522791988516484e-10
5.5845,-4.0521836160115842e-10
5.58475,-4.0520807229438765e-10
5.585,-4.0519702388294138e-10
5.58525,-4.0518519861023193e-10
5.5855,-4.051725854654871e-10
5.58575,-4.0515918313478399e-10
5.586,-4.0514499460214327e-10
5.58625,-4.0513002996345139e-10
5.5865,-4.0511430570657252e-10
5.58675,-4.0509784402143907e-10
5.587,-4.0508067201256114e-10
5.58725,-4.0506281865159985e-10
5.5875,-4.0504431844036821e-10
5.58775,-4.0502521095613901e-10
5.588,-4.0500554183577782e-10
5.58825,-4.0498536154675803e-10
5.5885,-4.0496472082198825e-10
5.58875,-4.0494367186850191e-10
5.589,-4.0492227000815963e-10
5.58925,-4.0490057277972822e-10
5.5895,-4.0487863660166953e-10
5.58975,-4.0485651475211814e-10
5.59,-4.0483425970196702e-10
5.59025,-4.0481192080398848e-10
5.5905,-4.0478954362081467e-10
5.59075,-4.0476716947823148e-10
5.591,-4.0474483206748283e-10
5.59125,-4.0472256038675678e-10
5.5915,-4.0470037816943741e-10
5.59175,-4.0467830564798268e-10
5.592,-4.0465635626297588e-10
5.59225,-4.0463454019259674e-10
5.5925,-4.0461286332327631e-10
5.59275,-4.0459132701025434e-10
5.593,-4.0456993061659798e-10
5.59325,-4.0454866807497104e-10
5.5935,-4.0452752640885917e-10
5.59375,-4.0450648860577535e-10
5.594,-4.0448553381099516e-10
5.59425,-4.0446463387297266e-10
5.5945,-4.0444375444083178e-10
5.59475,-4.0442285551707084e-10
5.595,-4.0440189302536673e-10
5.59525,-4.0438081947063143e-10
5.5955,-4.0435958463143008e-10
5.59575,-4.0433813519046975e-10
5.596,-4.0431641805551012e-10
5.59625,-4.0429438057494649e-10
5.5965,-4.04271972131927e-10
5.59675,-4.0424914378673753e-10
5.597,-4.042258489172676e-10
5.59725,-4.0420204464563342e-10
5.5975,-4.0417769186507069e-10
5.59775,-4.0415275659893926e-10
5.598,-4.0412720768311716e-10
5.59825,-4.0410101831964563e-10
5.5985,-4.0407416803143902e-10
5.59875,-4.0404664131463472e-10
5.599,-4.0401843009794723e-10
5.59925,-4.0398953047471936e-10
5.5995,-4.0395994662032934e-10
5.59975,-4.0392969297067083e-10
5.6,-4.0389879158934556e-10
5.60025,-4.0386727404678512e-10
5.6005,-4.0383517967904406e-10
5.60075,-4.0380255701423421e-10
5.601,-4.0376946478960903e-10
5.60125,-4.0373596923950026e-10
5.6015,-4.0370214239512156e-10
5.60175,-4.0366806059377863e-10
5.602,-4.0363380624020593e-10
5.60225,-4.0359946633720113e-10
5.6025,-4.0356512631345981e-10
5.60275,-4.0353086927085544e-10
5.603,-4.0349677109619173e-10
5.60325,-4.0346290316519076e-10
5.6035,-4.0342933292614494e-10
5.60375,-4.033961185039672e-10
5.604,-4.0336330948054728e-10
5.60425,-4.0333094335204318e-10
5.6045,-4.0329905037428403e-10
5.60475,-4.0326765409811721e-10
5.605,-4.032367686590776e-10
5.60525,-4.0320640004136879e-10
5.6055,-4.0317654581962976e-10
5.60575,-4.0314719919196979e-10
5.606,-4.0311835204681132e-10
5.60625,-4.0308999114459774e-10
5.6065,-4.0306209963113556e-10
5.60675,-4.030346569908689e-10
5.607,-4.030076418880057e-10
5.60725,-4.0298103602907787e-10
5.6075,-4.029548186758711e-10
5.60775,-4.029289616245702e-10
5.608,-4.0290343567419782e-10
5.60825,-4.028782113698797e-10
5.6085,-4.0285325367761565e-10
5.60875,-4.0282852112145479e-10
5.609,-4.0280396904860989e-10
5.60925,-4.02779552322402e-10
5.6095,-4.0275521972021905e-10
5.60975,-4.0273091453610228e-10
5.61,-4.027065787513167e-10
5.61025,-4.0268215811285232e-10
5.6105,-4.026575980947431e-10
5.61075,-4.0263284265120849e-10
5.611,-4.0260784031297155e-10
5.61125,-4.0258255066371882e-10
5.6115,-4.0255693550043269e-10
5.61175,-4.0253096256591332e-10
5.612,-4.0250460738574434e-10
5.61225,-4.0247785784153048e-10
5.6125,-4.0245070835130584e-10
5.61275,-4.0242315496350017e-10
5.613,-4.0239520268037403e-10
5.61325,-4.0236686706540864e-10
5.6135,-4.0233816431865001e-10
5.61375,-4.0230911392348628e-10
5.614,-4.0227974105443045e-10
5.61425,-4.0225007939176849e-10
5.6145,-4.0222016108810395e-10
5.61475,-4.0219001948594149e-10
5.615,-4.0215969106462265e-10
5.61525,-4.0212922169398677e-10
5.6155,-4.0209866033120008e-10
5.61575,-4.0206805529120931e-10
5.616,-4.0203745931190789e-10
5.61625,-4.0200693185530073e-10
5.6165,-4.0197653290291983e-10
5.61675,-4.0194631527774995e-10
5.617,-4.0191633098567295e-10
5.61725,-4.0188663380549034e-10
5.6175,-4.0185727225433547e-10
5.61775,-4.0182828148983897e-10
5.618,-4.0179969354171903e-10
5.61825,-4.0177153620904509e-10
5.6185,-4.0174382713339959e-10
5.61875,-4.0171657144295667e-10
5.619,-4.0168976921984264e-10
5.61925,-4.0166341934826168e-10
5.6195,-4.016375103064015e-10
5.61975,-4.016120182781724e-10
5.62,-4.0158691848674781e-10
5.62025,-4.0156218974849107e-10
5.6205,-4.0153780455995396e-10
5.62075,-4.0151373265171932e-10
5.621,-4.014899458978728e-10
5.62125,-4.0146642179238162e-10
5.6215,-4.0144313926385345e-10
5.62175,-4.0142007554363485e-10
5.622,-4.0139721061826267e-10
5.62225,-4.0137453492457779e-10
5.6225,-4.0135204316756625e-10
5.62275,-4.0132972915332484e-10
5.623,-4.0130759245443435e-10
5.62325,-4.0128564189947126e-10
5.6235,-4.0126388401943596e-10
5.62375,-4.0124233261506212e-10
5.624,-4.0122101504386359e-10
5.62425,-4.0119995641233958e-10
5.6245,-4.0117919196579557e-10
5.62475,-4.0115877008856074e-10
5.625,-4.0113873446241695e-10
5.62525,-4.0111913050425737e-10
5.6255,-4.011000175929229e-10
5.62575,-4.0108145511842486e-10
5.626,-4.0106350898528077e-10
5.62625,-4.0104625346739691e-10
5.6265,-4.010297655930278e-10
5.62675,-4.010141143731654e-10
5.627,-4.0099937082805401e-10
5.62725,-4.0098561158960892e-10
5.6275,-4.0097290422558909e-10
5.62775,-4.0096130036065476e-10
5.628,-4.0095085229220703e-10
5.62825,-4.0094161268064938e-10
5.6285,-4.0093362037853731e-10
5.62875,-4.0092689729184167e-10
5.629,-4.0092145743050455e-10
5.62925,-4.00917310202659e-10
5.6295,-4.0091444141888259e-10
5.62975,-4.0091282187208815e-10
5.63,-4.009124101388342e-10
5.63025,-4.0091316444176036e-10
5.6305,-4.0091502530167769e-10
5.63075,-4.009179112687124e-10
5.631,-4.0092173873248085e-10
5.63125,-4.0092642443106401e-10
5.6315,-4.0093188100510104e-10
5.63175,-4.0093800786321798e-10
5.632,-4.0094471409623722e-10
5.63225,-4.0095192195567496e-10
5.6325,-4.0095955767826401e-10
5.63275,-4.0096754797025993e-10
5.633,-4.0097583815996886e-10
5.63325,-4.009843960274862e-10
5.6335,-4.0099319757903742e-10
5.63375,-4.0100222732334447e-10
5.634,-4.0101148483524516e-10
5.63425,-4.0102099551456064e-10
5.6345,-4.0103078874151109e-10
5.63475,-4.0104089689580408e-10
5.635,-4.0105136532334641e-10
5.63525,-4.0106225261505277e-10
5.6355,-4.010736163385898e-10
5.63575,-4.010855020751396e-10
5.636,-4.0109795804089158e-10
5.63625,-4.011110318562602e-10
5.6365,-4.0112476246130669e-10
5.63675,-4.0113916690175438e-10
5.637,-4.0115425722370989e-10
5.63725,-4.011700474351075e-10
5.6375,-4.0118653524728524e-10
5.63775,-4.0120370154178397e-10
5.638,-4.012215167800199e-10
5.63825,-4.0123995386569742e-10
5.6385,-4.012589704038188e-10
5.63875,-4.0127851684066462e-10
5.639,-4.0129854342869896e-10
5.63925,-4.0131900769819717e-10
5.6395,-4.0133986929923654e-10
5.63975,-4.0136108914742561e-10
5.64,-4.013826377215373e-10
5.64025,-4.0140449999050517e-10
5.6405,-4.0142666665578931e-10
5.64075,-4.0144913377615337e-10
5.641,-4.0147190774810986e-10
5.64125,-4.0149500243811834e-10
5.6415,-4.0151843208991329e-10
5.64175,-4.0154220916604748e-10
5.642,-4.0156634569064028e-10
5.64225,-4.0159085386205734e-10
5.6425,-4.0161573857751761e-10
5.64275,-4.0164099461504799e-10
5.643,-4.0166660900512518e-10
5.64325,-4.0169256287781234e-10
5.6435,-4.0171883232214165e-10
5.64375,-4.0174538374324382e-10
5.644,-4.01772181731768e-10
5.64425,-4.0179918819381749e-10
5.6445,-4.0182636421944842e-10
5.64475,-4.018536686275387e-10
5.645,-4.0188106454283051e-10
5.64525,-4.0190852005286039e-10
5.6455,-4.019360079509156e-10
5.64575,-4.0196350699311849e-10
5.646,-4.0199100307402477e-10
5.64625,-4.0201848947261406e-10
5.6465,-4.0204596693136373e-10
5.64675,-4.0207344316478243e-10
5.647,-4.0210093155073922e-10
5.64725,-4.0212844759387766e-10
5.6475,-4.0215601153353795e-10
5.64775,-4.0218364355446275e-10
5.648,-4.0221135970182808e-10
5.64825,-4.022391766615154e-10
5.6485,-4.022671072073881e-10
5.64875,-4.0229515898076262e-10
5.649,-4.0232333213001692e-10
5.64925,-4.0235162364827279e-10
5.6495,-4.0238002241291867e-10
5.64975,-4.0240851003407523e-10
5.65,-4.0243705822767961e-10
5.65025,-4.0246563641488401e-10
5.6505,-4.0249420654264835e-10
5.65075,-4.0252272684816061e-10
5.651,-4.0255115174821363e-10
5.65125,-4.025794428039069e-10
5.6515,-4.0260756482548012e-10
5.65175,-4.0263548263048201e-10
5.652,-4.0266315822466035e-10
5.65225,-4.0269056260877565e-10
5.6525,-4.0271767074771161e-10
5.65275,-4.0274446385479298e-10
5.653,-4.0277092699663153e-10
5.65325,-4.0279705698057511e-10
5.6535,-4.0282285312417136e-10
5.65375,-4.0284831697299714e-10
5.654,-4.0287344813630287e-10
5.65425,-4.028982525878001e-10
5.6545,-4.0292273424328698e-10
5.65475,-4.0294689496165714e-10
5.655,-4.0297073175712684e-10
5.65525,-4.0299424479671122e-10
5.6555,-4.0301743069839515e-10
5.65575,-4.0304028340174893e-10
5.656,-4.0306279239897998e-10
5.65625,-4.0308495297367718e-10
5.6565,-4.0310675936412849e-10
5.65675,-4.0312820642906995e-10
5.657,-4.0314928883080289e-10
5.65725,-4.0317000917187145e-10
5.6575,-4.0319037165907928e-10
5.65775,-4.0321038276313954e-10
5.658,-4.0323004776487333e-10
5.65825,-4.0324937911310321e-10
5.6585,-4.0326838868681765e-10
5.65875,-4.0328708785688735e-10
5.659,-4.0330548685034955e-10
5.65925,-4.0332359975539873e-10
5.6595,-4.0334144025192838e-10
5.65975,-4.0335901967239503e-10
5.66,-4.0337634689065634e-10
5.66025,-4.0339343398490038e-10
5.6605,-4.03410291268458e-10
5.66075,-4.0342692724848264e-10
5.661,-4.0344334507660707e-10
5.66125,-4.0345955178252504e-10
5.6615,-4.0347555174975259e-10
5.66175,-4.034913478793906e-10
5.662,-4.0350694079616527e-10
5.66225,-4.0352233564957504e-10
5.6625,-4.0353753694318717e-10
5.66275,-4.0355255196919423e-10
5.663,-4.0356738994870404e-10
5.66325,-4.0358206447088551e-10
5.6635,-4.0359659132396961e-10
5.66375,-4.0361099013691233e-10
5.664,-4.0362528151164211e-10
5.66425,-4.0363949175490541e-10
5.6645,-4.03653649324966e-10
5.66475,-4.0366778435791777e-10
5.665,-4.036819280153404e-10
5.66525,-4.0369611461211673e-10
5.6655,-4.0371038086662274e-10
5.66575,-4.0372476243204509e-10
5.666,-4.0373929566278773e-10
5.66625,-4.0375401802752661e-10
5.6665,-4.0376896488648992e-10
5.66675,-4.037841679264667e-10
5.667,-4.0379965426179973e-10
5.66725,-4.0381545002102647e-10
5.6675,-4.0383157670542508e-10
5.66775,-4.0384805066571289e-10
5.668,-4.0386488291663829e-10
5.66825,-4.0388207916195449e-10
5.6685,-4.0389964049948605e-10
5.66875,-4.0391756413287049e-10
5.669,-4.0393584395096888e-10
5.66925,-4.0395447198049455e-10
5.6695,-4.0397343818511437e-10
5.66975,-4.039927310880245e-10
5.67,-4.0401233795773296e-10
5.67025,-4.0403224691398631e-10
5.6705,-4.0405244417026784e-10
5.67075,-4.0407291650957064e-10
5.671,-4.0409364853718663e-10
5.67125,-4.0411462648261794e-10
5.6715,-4.0413583669853305e-10
5.67175,-4.041572662421629e-10
5.672,-4.04178902368533e-10
5.67225,-4.0420073589703547e-10
5.6725,-4.0422276051834236e-10
5.67275,-4.0424497276562622e-10
5.673,-4.0426737063406306e-10
5.67325,-4.0428995767274966e-10
5.6735,-4.0431273982582841e-10
5.67375,-4.0433572405675603e-10
5.674,-4.0435891687628387e-10
5.67425,-4.0438232768021275e-10
5.6745,-4.0440596427843073e-10
5.67475,-4.0442982909877347e-10
5.675,-4.0445392615548807e-10
5.67525,-4.0447825557090622e-10
5.6755,-4.0450281130272117e-10
5.67575,-4.0452758917847365e-10
5.676,-4.045525825249492e-10
5.67625,-4.045777810028912e-10
5.6765,-4.0460317823763135e-10
5.67675,-4.0462876761375529e-10
5.677,-4.0465453952982155e-10
5.67725,-4.0468049059204e-10
5.6775,-4.0470661800765999e-10
5.67775,-4.0473291671258395e-10
5.678,-4.0475938903969235e-10
5.67825,-4.0478603676062025e-10
5.6785,-4.0481285844286051e-10
5.67875,-4.0483985719626688e-10
5.679,-4.0486703421603533e-10
5.67925,-4.0489438527846593e-10
5.6795,-4.049219117555124e-10
5.67975,-4.0494960960408593e-10
5.68,-4.0497746663169861e-10
5.68025,-4.0500547447831827e-10
5.6805,-4.0503361929852281e-10
5.68075,-4.0506187726760721e-10
5.681,-4.0509022773034935e-10
5.68125,-4.0511864486240151e-10
5.6815,-4.0514709374800804e-10
5.68175,-4.051755449683606e-10
5.682,-4.0520396677664415e-10
5.68225,-4.0523232067189141e-10
5.6825,-4.0526057706590259e-10
5.68275,-4.0528870613349616e-10
5.683,-4.0531667303105111e-10
5.68325,-4.0534445445852474e-10
5.6835,-4.0537202575640196e-10
5.68375,-4.0539935551887953e-10
5.684,-4.0542642468864949e-10
5.68425,-4.0545321328549544e-10
5.6845,-4.0547969537661706e-10
5.68475,-4.0550585908368777e-10
5.685,-4.0553169305683016e-10
5.68525,-4.0555718253163677e-10
5.6855,-4.0558232833250511e-10
5.68575,-4.0560713366976827e-10
5.686,-4.0563160070833003e-10
5.68625,-4.056557391103788e-10
5.6865,-4.0567957422377884e-10
5.68675,-4.0570313018748451e-10
5.687,-4.0572642643137986e-10
5.68725,-4.0574948774481022e-10
5.6875,-4.0577234677757855e-10
5.68775,-4.0579503084755694e-10
5.688,-4.0581755550072563e-10
5.68825,-4.0583993655842372e-10
5.6885,-4.0586219595720466e-10
5.68875,-4.0588434442696305e-10
5.689,-4.0590638172267725e-10
5.68925,-4.0592830550228646e-10
5.6895,-4.0595011893292093e-10
5.68975,-4.0597181812136859e-10
5.69,-4.0599338876690001e-10
5.69025,-4.0601481939147315e-10
5.6905,-4.0603610382574112e-10
5.69075,-4.0605722648905568e-10
5.691,-4.0607815914986092e-10
5.69125,-4.0609887599466083e-10
5.6915,-4.061193565479415e-10
5.69175,-4.0613957231215304e-10
5.692,-4.0615948156685547e-10
5.69225,-4.0617904501633198e-10
5.6925,-4.0619822768969942e-10
5.69275,-4.0621698852320742e-10
5.693,-4.0623527726916743e-10
5.69325,-4.0625304483291359e-10
5.6935,-4.0627025102980477e-10
5.69375,-4.062868507415036e-10
5.694,-4.0630278871428976e-10
5.69425,-4.0631801344124591e-10
5.6945,-4.0633248339334956e-10
5.69475,-4.0634615278191155e-10
5.695,-4.0635896926917729e-10
5.69525,-4.0637088665790402e-10
5.6955,-4.0638187425099031e-10
5.69575,-4.0639189929122292e-10
5.696,-4.0640092824473269e-10
5.69625,-4.0640893681873438e-10
5.6965,-4.0641592098976529e-10
5.69675,-4.0642187718084205e-10
5.697,-4.0642680113805652e-10
5.69725,-4.0643069920824332e-10
5.6975,-4.0643359480716776e-10
5.69775,-4.0643550900968216e-10
5.698,-4.0643645696386938e-10
5.69825,-4.0643646027115802e-10
5.6985,-4.0643555123990178e-10
5.69875,-4.0643376493658609e-10
5.699,-4.0643112796291552e-10
5.69925,-4.0642767235954601e-10
5.6995,-4.0642344121805669e-10
5.69975,-4.0641847832914239e-10
5.7,-4.0641282283751301e-10
5.70025,-4.0640652243158799e-10
5.7005,-4.0639964019942705e-10
5.70075,-4.0639223696852464e-10
5.701,-4.0638437008466713e-10
5.70125,-4.063761027881143e-10
5.7015,-4.0636750905978504e-10
5.70175,-4.0635865759644626e-10
5.702,-4.0634960526426213e-10
5.70225,-4.0634040634437013e-10
5.7025,-4.0633111991926899e-10
5.70275,-4.0632179134672367e-10
5.703,-4.0631245067985816e-10
5.70325,-4.0630312463613152e-10
5.7035,-4.0629383806153552e-10
5.70375,-4.0628460169981975e-10
5.704,-4.0627540725259905e-10
5.70425,-4.0626624027006732e-10
5.7045,-4.0625708598675693e-10
5.70475,-4.0624791888204023e-10
5.705,-4.0623869549833518e-10
5.70525,-4.062293709521146e-10
5.7055,-4.0621990284252251e-10
5.70575,-4.0621024259491906e-10
5.706,-4.0620032888772288e-10
5.70625,-4.0619010312040295e-10
5.7065,-4.0617951648153796e-10
5.70675,-4.0616851843989764e-10
5.707,-4.0615705136554182e-10
5.70725,-4.0614506500267027e-10
5.7075,-4.0613252642750896e-10
5.70775,-4.0611940312100369e-10
5.708,-4.0610565830615813e-10
5.70825,-4.0609126616185379e-10
5.7085,-4.0607621371272075e-10
5.70875,-4.060604869397716e-10
5.709,-4.0604406736435784e-10
5.70925,-4.060269385579882e-10
5.7095,-4.0600909753101528e-10
5.70975,-4.0599053529063235e-10
5.71,-4.0597123114409082e-10
5.71025,-4.0595116831729219e-10
5.7105,-4.0593033710735377e-10
5.71075,-4.0590872366468172e-10
5.711,-4.0588630574485765e-10
5.71125,-4.0586307160275437e-10
5.7115,-4.0583902270328274e-10
5.71175,-4.0581416328434832e-10
5.712,-4.057884984526459e-10
5.71225,-4.0576204892470251e-10
5.7125,-4.0573485853031299e-10
5.71275,-4.0570697693987399e-10
5.713,-4.0567846119826263e-10
5.71325,-4.0564938527582057e-10
5.7135,-4.0561984403113423e-10
5.71375,-4.0558993522148734e-10
5.714,-4.055597566269439e-10
5.71425,-4.0552941090271337e-10
5.7145,-4.0549900774473335e-10
5.71475,-4.0546864981530963e-10
5.715,-4.054384246895888e-10
5.71525,-4.0540841445069486e-10
5.7155,-4.0537869873170092e-10
5.71575,-4.053493377743862e-10
5.716,-4.0532037187568601e-10
5.71625,-4.0529183132643554e-10
5.7165,-4.0526373973349581e-10
5.71675,-4.0523610342452395e-10
5.717,-4.0520891012296887e-10
5.71725,-4.0518214115951393e-10
5.7175,-4.0515577312636325e-10
5.71775,-4.0512977245810387e-10
5.718,-4.051040921196071e-10
5.71825,-4.050786801804837e-10
5.7185,-4.0505348389216163e-10
5.71875,-4.0502844264194237e-10
5.719,-4.0500348722786189e-10
5.71925,-4.0497854635751703e-10
5.7195,-4.0495355120973006e-10
5.71975,-4.0492843115648949e-10
5.72,-4.0490311362353583e-10
5.72025,-4.0487752684130465e-10
5.7205,-4.0485160657216606e-10
5.72075,-4.0482528970085907e-10
5.721,-4.0479851726784675e-10
5.72125,-4.0477123680249527e-10
5.7215,-4.0474340187974668e-10
5.72175,-4.0471496975205959e-10
5.722,-4.0468590294115752e-10
5.72225,-4.046561703405204e-10
5.7225,-4.0462574546131681e-10
5.72275,-4.0459460288691205e-10
5.723,-4.0456272239040537e-10
5.72325,-4.0453008756262096e-10
5.7235,-4.044966848262256e-10
5.72375,-4.04462505473069e-10
5.724,-4.0442754607862743e-10
5.72425,-4.043918070986934e-10
5.7245,-4.0435529697087115e-10
5.72475,-4.0431803085680011e-10
5.725,-4.0428003139249766e-10
5.72525,-4.0424133009928563e-10
5.7255,-4.0420196797569388e-10
5.72575,-4.0416199530390561e-10
5.726,-4.0412147242461473e-10
5.72625,-4.0408046892518099e-10
5.7265,-4.0403906313329588e-10
5.72675,-4.039973404809714e-10
5.727,-4.0395539582681084e-10
5.72725,-4.0391332868081065e-10
5.7275,-4.0387124074232327e-10
5.72775,-4.0382923484068041e-10
5.728,-4.0378741656279116e-10
5.72825,-4.0374588688269259e-10
5.7285,-4.0370474301580713e-10
5.72875,-4.0366407784517704e-10
5.729,-4.0362397432936469e-10
5.72925,-4.0358450758570525e-10
5.7295,-4.035457439750592e-10
5.72975,-4.0350774135004339e-10
5.73,-4.0347054570583446e-10
5.73025,-4.0343419597170074e-10
5.7305,-4.0339872268653618e-10
5.73075,-4.033641499888808e-10
5.731,-4.0333049186632295e-10
5.73125,-4.0329775746705069e-10
5.7315,-4.032659518372569e-10
5.73175,-4.0323507722530788e-10
5.732,-4.0320512871450086e-10
5.73225,-4.0317609966344745e-10
5.7325,-4.0314797912702532e-10
5.73275,-4.0312075401210554e-10
5.733,-4.0309440443124088e-10
5.73325,-4.0306890689232694e-10
5.7335,-4.0304423258765759e-10
5.73375,-4.0302034867390688e-10
5.734,-4.0299721371001727e-10
5.73425,-4.0297478008236465e-10
5.7345,-4.0295299571192674e-10
5.73475,-4.0293180394587158e-10
5.735,-4.0291114166200264e-10
5.73525,-4.0289094377203664e-10
5.7355,-4.0287114524269976e-10
5.73575,-4.0285168551071136e-10
5.736,-4.0283250444978234e-10
5.73625,-4.0281354789815792e-10
5.7365,-4.0279476877698468e-10
5.73675,-4.0277613064774679e-10
5.737,-4.027576015034924e-10
5.73725,-4.0273915907513026e-10
5.7375,-4.0272078988153361e-10
5.73775,-4.0270249167941517e-10
5.738,-4.0268426446816089e-10
5.73825,-4.0266611513164277e-10
5.7385,-4.0264805511397956e-10
5.73875,-4.0263010094649264e-10
5.739,-4.0261226693633136e-10
5.73925,-4.0259456929518188e-10
5.7395,-4.0257702442061349e-10
5.73975,-4.0255965050189742e-10
5.74,-4.0254246254855679e-10
5.74025,-4.0252547770832442e-10
5.7405,-4.0250871446530151e-10
5.74075,-4.024921955107502e-10
5.741,-4.0247594408256278e-10
5.74125,-4.0245998191533757e-10
5.7415,-4.0244433279780076e-10
5.74175,-4.0242902483044578e-10
5.742,-4.0241408235216101e-10
5.74225,-4.0239952292838802e-10
5.7425,-4.02385361186259e-10
5.74275,-4.0237160740204383e-10
5.743,-4.023582634150714e-10
5.74325,-4.0234531796332293e-10
5.7435,-4.0233275124389119e-10
5.74375,-4.0232053619560367e-10
5.744,-4.0230863455170031e-10
5.74425,-4.0229699491011163e-10
5.7445,-4.0228555985532439e-10
5.74475,-4.0227426923471622e-10
5.745,-4.0226305757017287e-10
5.74525,-4.0225185484914265e-10
5.7455,-4.0224059232632625e-10
5.74575,-4.022292060613223e-10
5.746,-4.0221763134510049e-10
5.74625,-4.022058086750876e-10
5.7465,-4.0219368412883148e-10
5.74675,-4.0218121157824568e-10
5.747,-4.0216834749392079e-10
5.74725,-4.0215505531793646e-10
5.7475,-4.0214130645161873e-10
5.74775,-4.0212708255759588e-10
5.748,-4.0211237064944631e-10
5.74825,-4.0209716711346887e-10
5.7485,-4.0208147769514177e-10
5.74875,-4.0206531929955822e-10
5.749,-4.0204871230243052e-10
5.74925,-4.0203168932937902e-10
5.7495,-4.0201429307647534e-10
5.74975,-4.0199657285251826e-10
5.75,-4.0197857634907104e-10
5.75025,-4.019603547976329e-10
5.7505,-4.019419632320289e-10
5.75075,-4.0192346346014841e-10
5.751,-4.0190491621673279e-10
5.75125,-4.0188638569830424e-10
5.7515,-4.0186793708170029e-10
5.75175,-4.0184963882555998e-10
5.752,-4.0183155115318689e-10
5.75225,-4.0181373249255084e-10
5.7525,-4.0179623701593301e-10
5.75275,-4.0177911956092658e-10
5.753,-4.017624224626544e-10
5.75325,-4.0174618332579093e-10
5.7535,-4.0173043480301572e-10
5.75375,-4.017152051754729e-10
5.754,-4.0170050683828405e-10
5.75425,-4.0168634377762531e-10
5.7545,-4.016727099982168e-10
5.75475,-4.0165959421295485e-10
5.755,-4.0164696535386857e-10
5.75525,-4.0163478392612487e-10
5.7555,-4.0162299943367031e-10
5.75575,-4.0161155697171612e-10
5.756,-4.0160039020432366e-10
5.75625,-4.0158941742644968e-10
5.7565,-4.0157855475118733e-10
5.75675,-4.015677228612115e-10
5.757,-4.0155683778699428e-10
5.75725,-4.0154581268536444e-10
5.7575,-4.0153457010787495e-10
5.75775,-4.015230465787534e-10
5.758,-4.0151118456093739e-10
5.75825,-4.014989307632166e-10
5.7585,-4.0148624984403362e-10
5.75875,-4.0147312631507353e-10
5.759,-4.0145955577039111e-10
5.75925,-4.0144554188214818e-10
5.7595,-4.014311047131839e-10
5.75975,-4.014162839726898e-10
5.76,-4.0140111806485956e-10
5.76025,-4.0138565569099202e-10
5.7605,-4.0136995021544862e-10
5.76075,-4.0135406391168072e-10
5.761,-4.0133804706355234e-10
5.76125,-4.0132195104650106e-10
5.7615,-4.0130582254424743e-10
5.76175,-4.0128971056698559e-10
5.762,-4.0127364605941054e-10
5.76225,-4.0125765713702325e-10
5.7625,-4.0124176627424501e-10
5.76275,-4.0122599856193517e-10
5.763,-4.0121035962630053e-10
5.76325,-4.0119485643594326e-10
5.7635,-4.0117949321039436e-10
5.76375,-4.0116428262406385e-10
5.764,-4.0114922669709861e-10
5.76425,-4.0113433210089756e-10
5.7645,-4.0111961020589516e-10
5.76475,-4.0110508609124944e-10
5.765,-4.0109078391837324e-10
5.76525,-4.0107672109504139e-10
5.7655,-4.0106292243057013e-10
5.76575,-4.0104942590221877e-10
5.766,-4.0103626505302429e-10
5.76625,-4.0102346029127421e-10
5.7665,-4.0101103599452908e-10
5.76675,-4.0099902347277009e-10
5.767,-4.0098744470582409e-10
5.76725,-4.0097630509315271e-10
5.7675,-4.0096561143170969e-10
5.76775,-4.0095537613819732e-10
5.768,-4.0094560473922233e-10
5.76825,-4.0093628515626109e-10
5.7685,-4.0092741068336629e-10
5.76875,-4.0091899259183132e-10
5.769,-4.009110343635242e-10
5.76925,-4.0090352884143278e-10
5.7695,-4.0089647511251357e-10
5.76975,-4.0088989149703388e-10
5.77,-4.0088379595208759e-10
5.77025,-4.0087819903389503e-10
5.7705,-4.0087312364091552e-10
5.77075,-4.0086861373044662e-10
5.771,-4.008647117051926e-10
5.77125,-4.0086145090311781e-10
5.7715,-4.0085887568439451e-10
5.77175,-4.0085704707308271e-10
5.772,-4.0085601956504269e-10
5.77225,-4.008558367481463e-10
5.7725,-4.0085654789015558e-10
5.77275,-4.0085821915094871e-10
5.773,-4.0086090419190032e-10
5.77325,-4.0086463583912527e-10
5.7735,-4.0086944504395409e-10
5.77375,-4.0087537005335984e-10
5.774,-4.0088242858583262e-10
5.77425,-4.0089060695703096e-10
5.7745,-4.0089988549839993e-10
5.77475,-4.0091024564826767e-10
5.775,-4.0092165022785347e-10
5.77525,-4.0093402830646996e-10
5.7755,-4.0094730154553333e-10
5.77575,-4.0096139245885239e-10
5.776,-4.0097620652173692e-10
5.77625,-4.0099162671292787e-10
5.7765,-4.010075439428252e-10
5.77675,-4.0102386777395637e-10
5.777,-4.0104050703360717e-10
5.77725,-4.0105736276499614e-10
5.7775,-4.0107435233334833e-10
5.77775,-4.0109142620128405e-10
5.778,-4.0110854047720761e-10
5.77825,-4.0112564859760998e-10
5.7785,-4.011427292340052e-10
5.77875,-4.0115979477760567e-10
5.779,-4.0117686047550578e-10
5.77925,-4.0119394192252337e-10
5.7795,-4.0121107501516805e-10
5.77975,-4.0122831895542291e-10
5.78,-4.0124573531636273e-10
5.78025,-4.0126337700705761e-10
5.7805,-4.0128130675477258e-10
5.78075,-4.0129960475809584e-10
5.781,-4.0131834403465415e-10
5.78125,-4.0133757637012794e-10
5.7815,-4.0135735752694951e-10
5.78175,-4.0137775065607439e-10
5.782,-4.0139879943805827e-10
5.78225,-4.0142051854072062e-10
5.7825,-4.0144291642644926e-10
5.78275,-4.0146600190502872e-10
5.783,-4.0148976029135823e-10
5.78325,-4.015141488274895e-10
5.7835,-4.0153911766795529e-10
5.78375,-4.015646206228697e-10
5.784,-4.0159059608721892e-10
5.78425,-4.0161696028875951e-10
5.7845,-4.0164363391157345e-10
5.78475,-4.0167055159993428e-10
5.785,-4.0169764236026842e-10
5.78525,-4.0172482619055146e-10
5.7855,-4.0175204010786649e-10
5.78575,-4.0177924524889961e-10
5.786,-4.0180640677920387e-10
5.78625,-4.0183348593417194e-10
5.7865,-4.0186046265089112e-10
5.78675,-4.0188734082979697e-10
5.787,-4.0191412848869315e-10
5.78725,-4.0194083091240972e-10
5.7875,-4.0196746499486464e-10
5.78775,-4.0199406587072359e-10
5.788,-4.0202066726903147e-10
5.78825,-4.0204729451097208e-10
5.7885,-4.0207398218257848e-10
5.78875,-4.0210077820227183e-10
5.789,-4.0212772608769203e-10
5.78925,-4.0215485459249166e-10
5.7895,-4.0218219443181936e-10
5.78975,-4.0220978503152176e-10
5.79,-4.0223765743192284e-10
5.79025,-4.022658284280778e-10
5.7905,-4.0229431728737789e-10
5.79075,-4.0232315294502353e-10
5.791,-4.0235235744602488e-10
5.79125,-4.0238194246035471e-10
5.7915,-4.0241192580393265e-10
5.79175,-4.0244233352528593e-10
5.792,-4.0247318580993889e-10
5.79225,-4.0250449379656157e-10
5.7925,-4.0253627254520328e-10
5.79275,-4.0256854738083127e-10
5.793,-4.0260133884290606e-10
5.79325,-4.0263465778102231e-10
5.7935,-4.026685185172455e-10
5.79375,-4.0270294178727285e-10
5.794,-4.0273794164843884e-10
5.79425,-4.0277351352257523e-10
5.7945,-4.0280964935544481e-10
5.79475,-4.0284633906609421e-10
5.795,-4.0288355735391705e-10
5.79525,-4.0292125402157489e-10
5.7955,-4.0295936776645219e-10
5.79575,-4.0299782853945108e-10
5.796,-4.0303654739447984e-10
5.79625,-4.0307541420556092e-10
5.7965,-4.0311430966688836e-10
5.79675,-4.0315311349425694e-10
5.797,-4.0319169633400351e-10
5.79725,-4.0322992240098087e-10
5.7975,-4.0326766175242702e-10
5.79775,-4.03304799185727e-10
5.798,-4.0334122815506595e-10
5.79825,-4.0337685127938933e-10
5.7985,-4.0341159056128651e-10
5.79875,-4.0344539130124323e-10
5.799,-4.034782158801348e-10
5.79925,-4.0351004045304026e-10
5.7995,-4.0354086349052469e-10
5.79975,-4.0357070603388495e-10
5.8,-4.0359960229428242e-10
5.80025,-4.0362759348158924e-10
5.8005,-4.0365473330603796e-10
5.80075,-4.0368108910174383e-10
5.801,-4.0370672878941751e-10
5.80125,-4.0373171734203607e-10
5.8015,-4.0375611938495786e-10
5.80175,-4.0378000268607933e-10
5.802,-4.0380342476241599e-10
5.80225,-4.0382642797447359e-10
5.8025,-4.0384904826801781e-10
5.80275,-4.0387131674706598e-10
5.803,-4.0389325269686547e-10
5.80325,-4.0391486147521163e-10
5.8035,-4.0393614402695347e-10
5.80375,-4.0395709979829844e-10
5.804,-4.0397772168634004e-10
5.80425,-4.0399799609307116e-10
5.8045,-4.0401791000771161e-10
5.80475,-4.0403745526281484e-10
5.805,-4.0405662365721172e-10
5.80525,-4.0407540575626649e-10
5.8055,-4.0409379826900615e-10
5.80575,-4.0411180567942753e-10
5.806,-4.0412943501864428e-10
5.80625,-4.0414669308555195e-10
5.8065,-4.0416359186692487e-10
5.80675,-4.0418014993060357e-10
5.807,-4.0419638727976399e-10
5.80725,-4.042123231100836e-10
5.8075,-4.0422797992158923e-10
5.80775,-4.0424338547947423e-10
5.808,-4.0425856637764483e-10
5.80825,-4.0427354615683862e-10
5.8085,-4.0428834872826931e-10
5.80875,-4.0430299861028111e-10
5.809,-4.0431751640588609e-10
5.80925,-4.0433191843786301e-10
5.8095,-4.0434621963782824e-10
5.80975,-4.0436043581141224e-10
5.81,-4.0437458048974914e-10
5.81025,-4.0438866632762916e-10
5.8105,-4.0440270812558231e-10
5.81075,-4.0441672459221467e-10
5.811,-4.0443073539496487e-10
5.81125,-4.0444475949657639e-10
5.8115,-4.0445881886239725e-10
5.81175,-4.0447293642152466e-10
5.812,-4.0448713353508461e-10
5.81225,-4.0450142619123427e-10
5.8125,-4.0451582829324888e-10
5.81275,-4.0453035035713074e-10
5.813,-4.045449963939504e-10
5.81325,-4.0455976523954239e-10
5.8135,-4.0457465018742311e-10
5.81375,-4.0458964133551763e-10
5.814,-4.0460472446082107e-10
5.81425,-4.0461988172762743e-10
5.8145,-4.0463509297512501e-10
5.81475,-4.0465033760896279e-10
5.815,-4.046655932733548e-10
5.81525,-4.0468083576768222e-10
5.8155,-4.046960400202196e-10
5.81575,-4.0471118202718867e-10
5.816,-4.0472623418768257e-10
5.81625,-4.0474116525105765e-10
5.8165,-4.0475594423182775e-10
5.81675,-4.0477053833177095e-10
5.817,-4.0478491284892979e-10
5.81725,-4.0479903078110816e-10
5.8175,-4.0481285421875704e-10
5.81775,-4.0482634629593124e-10
5.818,-4.0483946882576887e-10
5.81825,-4.048521831613034e-10
5.8185,-4.048644504139474e-10
5.81875,-4.0487623235472234e-10
5.819,-4.0488749022891186e-10
5.81925,-4.0489818478244074e-10
5.8195,-4.0490827780104818e-10
5.81975,-4.0491773443978741e-10
5.82,-4.0492652217225469e-10
5.82025,-4.0493461290376577e-10
5.8205,-4.0494198391110172e-10
5.82075,-4.049486204952416e-10
5.821,-4.0495451634575832e-10
5.82125,-4.049596755987942e-10
5.8215,-4.0496411190730853e-10
5.82175,-4.049678477378844e-10
5.822,-4.0497091600025165e-10
5.82225,-4.049733577524574e-10
5.8225,-4.0497522001714124e-10
5.82275,-4.0497655412056291e-10
5.823,-4.0497741376561589e-10
5.82325,-4.0497785581949858e-10
5.8235,-4.0497793498600037e-10
5.82375,-4.0497770472438993e-10
5.824,-4.0497721599584458e-10
5.82425,-4.0497651456044368e-10
5.8245,-4.049756397966394e-10
5.82475,-4.049746266023106e-10
5.825,-4.0497350368646717e-10
5.82525,-4.0497229360441001e-10
5.8255,-4.0497101463160867e-10
5.82575,-4.0496968016843736e-10
5.826,-4.0496829933775861e-10
5.82625,-4.0496687802345478e-10
5.8265,-4.049654193408156e-10
5.82675,-4.0496392362728605e-10
5.827,-4.0496239237018214e-10
5.82725,-4.0496082599722224e-10
5.8275,-4.0495922564766254e-10
5.82775,-4.0495759824716755e-10
5.828,-4.0495595205976267e-10
5.82825,-4.0495429797239809e-10
5.8285,-4.0495265156542375e-10
5.82875,-4.0495103006264851e-10
5.829,-4.0494945428469234e-10
5.82925,-4.0494794683550342e-10
5.8295,-4.0494653211438928e-10
5.82975,-4.0494523586958515e-10
5.83,-4.0494408269282003e-10
5.83025,-4.0494309675497279e-10
5.8305,-4.0494230288087533e-10
5.83075,-4.0494172180195306e-10
5.831,-4.0494137032464921e-10
5.83125,-4.0494126088761503e-10
5.8315,-4.049414046090747e-10
5.83175,-4.049418052278796e-10
5.832,-4.0494246159150155e-10
5.83225,-4.0494336848944306e-10
5.8325,-4.0494451404856394e-10
5.83275,-4.0494587986489254e-10
5.833,-4.0494744320420984e-10
5.83325,-4.0494917704841795e-10
5.8335,-4.0495104688310648e-10
5.83375,-4.0495301507899743e-10
5.834,-4.0495503856714373e-10
5.83425,-4.0495706918820484e-10
5.8345,-4.0495905409069239e-10
5.83475,-4.0496093564248762e-10
5.835,-4.0496265438145973e-10
5.83525,-4.0496415200388639e-10
5.8355,-4.049653684609781e-10
5.83575,-4.0496624106376347e-10
5.836,-4.0496670983157509e-10
5.83625,-4.0496672128107319e-10
5.8365,-4.0496622413846041e-10
5.83675,-4.0496516895340672e-10
5.837,-4.0496351685892693e-10
5.83725,-4.0496124309708318e-10
5.8375,-4.0495833200024294e-10
5.83775,-4.0495477392175312e-10
5.838,-4.0495057635588035e-10
5.83825,-4.0494576619967078e-10
5.8385,-4.0494038159835395e-10
5.83875,-4.0493446815204204e-10
5.839,-4.0492808585191622e-10
5.83925,-4.0492131158812358e-10
5.8395,-4.0491422804319665e-10
5.83975,-4.0490691830037249e-10
5.84,-4.0489947178563074e-10
5.84025,-4.0489198740064087e-10
5.8405,-4.0488456040931357e-10
5.84075,-4.0487727817723569e-10
5.841,-4.048702278712887e-10
5.84125,-4.0486349958866109e-10
5.8415,-4.0485717521317289e-10
5.84175,-4.0485132195538837e-10
5.842,-4.0484600344869099e-10
5.84225,-4.0484128124686283e-10
5.8425,-4.0483720342265123e-10
5.84275,-4.0483379820080385e-10
5.843,-4.048310858901483e-10
5.84325,-4.0482907992546759e-10
5.8435,-4.0482777492330252e-10
5.84375,-4.0482714446251596e-10
5.844,-4.0482714999841704e-10
5.84425,-4.0482774685256049e-10
5.8445,-4.0482887336487547e-10
5.84475,-4.0483045023863796e-10
5.845,-4.0483239249522964e-10
5.84525,-4.0483461273248491e-10
5.8455,-4.0483701170528209e-10
5.84575,-4.0483947792118798e-10
5.846,-4.0484190153130467e-10
5.84625,-4.0484418101341539e-10
5.8465,-4.0484621072094899e-10
5.84675,-4.0484787892565365e-10
5.847,-4.0484908035289928e-10
5.84725,-4.048497237575995e-10
5.8475,-4.0484971991488239e-10
5.84775,-4.0484897484418372e-10
5.848,-4.0484740595438871e-10
5.84825,-4.0484494978079129e-10
5.8485,-4.0484154929196581e-10
5.84875,-4.0483714604917109e-10
5.849,-4.0483169593345599e-10
5.84925,-4.0482517982244482e-10
5.8495,-4.0481758391215048e-10
5.84975,-4.0480889814841475e-10
5.85,-4.0479912746495518e-10
5.85025,-4.0478830115468239e-10
5.8505,-4.0477645380443662e-10
5.85075,-4.0476362001369868e-10
5.851,-4.0474984598024501e-10
5.85125,-4.0473519574266864e-10
5.8515,-4.0471973353565471e-10
5.85175,-4.0470351452256024e-10
5.852,-4.0468660069201819e-10
5.85225,-4.0466906557829032e-10
5.8525,-4.0465097346334135e-10
5.85275,-4.0463237525674467e-10
5.853,-4.0461332191265955e-10
5.85325,-4.0459387507372815e-10
5.8535,-4.0457408453416774e-10
5.85375,-4.0455398185088544e-10
5.854,-4.0453359820986531e-10
5.85425,-4.0451297769340833e-10
5.8545,-4.0449215131267926e-10
5.85475,-4.0447113581632737e-10
5.855,-4.0444995083244931e-10
5.85525,-4.044286305477601e-10
5.8555,-4.0440719888828806e-10
5.85575,-4.0438566706809082e-10
5.856,-4.0436404922642678e-10
5.85625,-4.0434237690818646e-10
5.8565,-4.0432067124180256e-10
5.85675,-4.0429894212378485e-10
5.857,-4.0427719956405494e-10
5.85725,-4.0425546443178303e-10
5.8575,-4.0423374714771583e-10
5.85775,-4.0421203953623104e-10
5.858,-4.0419033389846087e-10
5.85825,-4.0416862884460359e-10
5.8585,-4.041469108705627e-10
5.85875,-4.0412514322711218e-10
5.859,-4.0410329056622328e-10
5.85925,-4.0408132343835892e-10
5.8595,-4.0405920128330563e-10
5.85975,-4.0403686323812171e-10
5.86,-4.0401425287465223e-10
5.86025,-4.0399132517556544e-10
5.8605,-4.0396803060200811e-10
5.86075,-4.0394430808915945e-10
5.861,-4.0392012269128569e-10
5.86125,-4.038954397433402e-10
5.8615,-4.0387021887209934e-10
5.86175,-4.0384444726029323e-10
5.862,-4.0381811590189615e-10
5.86225,-4.0379121658950555e-10
5.8625,-4.0376376561682008e-10
5.86275,-4.0373578451269232e-10
5.863,-4.0370729811500031e-10
5.86325,-4.0367833154911438e-10
5.8635,-4.0364892277512886e-10
5.86375,-4.0361912599263341e-10
5.864,-4.035889927229273e-10
5.86425,-4.0355856366737896e-10
5.8645,-4.0352788700076222e-10
5.86475,-4.0349702173859097e-10
5.865,-4.0346602344143035e-10
5.86525,-4.0343493841124315e-10
5.8655,-4.0340381738755216e-10
5.86575,-4.0337271972925385e-10
5.866,-4.0334169902728202e-10
5.86625,-4.0331079803186091e-10
5.8665,-4.0328007232592402e-10
5.86675,-4.0324957080013912e-10
5.867,-4.0321933658073917e-10
5.86725,-4.0318940214399584e-10
5.8675,-4.031598049094217e-10
5.86775,-4.0313057422531916e-10
5.868,-4.0310172866867326e-10
5.86825,-4.0307327021048213e-10
5.8685,-4.0304519602974687e-10
5.86875,-4.0301750252699981e-10
5.869,-4.02990175346342e-10
5.86925,-4.0296318300892275e-10
5.8695,-4.0293649015474464e-10
5.86975,-4.0291006514363576e-10
5.87,-4.0288386754315295e-10
5.87025,-4.0285784496651155e-10
5.8705,-4.0283195441334042e-10
5.87075,-4.028061481319929e-10
5.871,-4.0278037635246341e-10
5.87125,-4.0275458471957547e-10
5.8715,-4.0272873409835061e-10
5.87175,-4.0270278805273441e-10
5.872,-4.0267671409624505e-10
5.87225,-4.0265048045592279e-10
5.8725,-4.0262407464870865e-10
5.87275,-4.025974899081534e-10
5.873,-4.0257072568294504e-10
5.87325,-4.0254378380910222e-10
5.8735,-4.0251668715002759e-10
5.87375,-4.0248946492306033e-10
5.874,-4.0246215808351189e-10
5.87425,-4.0243481697123734e-10
5.8745,-4.0240749250247607e-10
5.87475,-4.0238024940628728e-10
5.875,-4.0235315615296792e-10
5.87525,-4.0232628723120161e-10
5.8755,-4.0229971890835945e-10
5.87575,-4.0227354166765402e-10
5.876,-4.0224784812503639e-10
5.87625,-4.0222273149338308e-10
5.8765,-4.0219828029964556e-10
5.87675,-4.0217458827163666e-10
5.877,-4.0215174381878998e-10
5.87725,-4.0212983032676736e-10
5.8775,-4.0210892072894797e-10
5.87775,-4.0208908464692567e-10
5.878,-4.0207037994587651e-10
5.87825,-4.0205285130750521e-10
5.8785,-4.0203652702538773e-10
5.87875,-4.0202142469650941e-10
5.879,-4.0200754587568371e-10
5.87925,-4.0199487558360123e-10
5.8795,-4.0198338326174134e-10
5.87975,-4.0197301970204098e-10
5.88,-4.0196372611596712e-10
5.88025,-4.0195542979014902e-10
5.8805,-4.0194804720949115e-10
5.88075,-4.019414874505401e-10
5.881,-4.01935650117088e-10
5.88125,-4.0193043575294426e-10
5.8815,-4.0192574448800472e-10
5.88175,-4.0192147973778723e-10
5.882,-4.0191754885394482e-10
5.88225,-4.0191387190999579e-10
5.8825,-4.0191037670858191e-10
5.88275,-4.0190700151267344e-10
5.883,-4.0190369138296795e-10
5.88325,-4.0190040762649673e-10
5.8835,-4.0189712086867816e-10
5.88375,-4.0189381301157111e-10
5.884,-4.0189047241923122e-10
5.88425,-4.018871008730424e-10
5.8845,-4.0188370519281464e-10
5.88475,-4.0188029704006958e-10
5.885,-4.0187689050518e-10
5.88525,-4.0187349732608222e-10
5.8855,-4.0187013368103648e-10
5.88575,-4.0186681270406918e-10
5.886,-4.0186354461767797e-10
5.88625,-4.018603356594945e-10
5.8865,-4.0185718534722066e-10
5.88675,-4.0185409477412666e-10
5.887,-4.0185106145367576e-10
5.88725,-4.0184807968677213e-10
5.8875,-4.0184514316692759e-10
5.88775,-4.0184224367751563e-10
5.888,-4.0183938062888728e-10
5.88825,-4.0183655931661244e-10
5.8885,-4.0183379250493407e-10
5.88875,-4.0183110225790863e-10
5.889,-4.0182851701875688e-10
5.88925,-4.0182607965388691e-10
5.8895,-4.0182383841092779e-10
5.88975,-4.0182184489426255e-10
5.89,-4.0182015138798261e-10
5.89025,-4.0181880785510427e-10
5.8905,-4.0181785827518904e-10
5.89075,-4.0181733684638571e-10
5.891,-4.0181726442347236e-10
5.89125,-4.0181764520103102e-10
5.8915,-4.0181846535905879e-10
5.89175,-4.0181969342125554e-10
5.892,-4.0182128128259625e-10
5.89225,-4.0182316755368021e-10
5.8925,-4.018252817977044e-10
5.89275,-4.0182755030052572e-10
5.893,-4.0182990134755577e-10
5.89325,-4.0183227081370613e-10
5.8935,-4.0183460731905806e-10
5.89375,-4.0183687454421357e-10
5.894,-4.0183905308907553e-10
5.89425,-4.0184114344161144e-10
5.8945,-4.0184316560885856e-10
5.89475,-4.0184515855933045e-10
5.895,-4.0184717679012043e-10
5.89525,-4.0184928850301449e-10
5.8955,-4.018515724366014e-10
5.89575,-4.0185411188107615e-10
5.896,-4.0185699026757538e-10
5.89625,-4.018602865787861e-10
5.8965,-4.0186407216927716e-10
5.89675,-4.0186840856656458e-10
5.897,-4.0187334598555932e-10
5.89725,-4.0187892186434186e-10
5.8975,-4.0188516096916812e-10
5.89775,-4.0189207477070293e-10
5.898,-4.0189966162163647e-10
5.89825,-4.0190790741102953e-10
5.8985,-4.0191678682467993e-10
5.89875,-4.0192626448263372e-10
5.899,-4.0193629604362565e-10
5.89925,-4.0194683115554586e-10
5.8995,-4.01957815589987e-10
5.89975,-4.0196919171524132e-10
5.9,-4.0198090528919381e-10
5.90025,-4.0199290001412925e-10
5.9005,-4.0200511426729018e-10
5.90075,-4.0201748406237815e-10
5.901,-4.0202994565303011e-10
5.90125,-4.0204243710619703e-10
5.9015,-4.0205489918695516e-10
5.90175,-4.0206727673129476e-10
5.902,-4.0207951874210453e-10
5.90225,-4.0209157804472072e-10
5.9025,-4.0210341230053319e-10
5.90275,-4.0211498487952005e-10
5.903,-4.0212626385647672e-10
5.90325,-4.0213722454037685e-10
5.9035,-4.0214784812840056e-10
5.90375,-4.0215812192474722e-10
5.904,-4.0216803841726023e-10
5.90425,-4.021775941497796e-10
5.9045,-4.0218679110888183e-10
5.90475,-4.0219563811941815e-10
5.905,-4.0220414813971805e-10
5.90525,-4.0221234021383237e-10
5.9055,-4.0222023970127635e-10
5.90575,-4.0222788125175198e-10
5.906,-4.0223530448488446e-10
5.90625,-4.0224255648249047e-10
5.9065,-4.0224968909223348e-10
5.90675,-4.0225675769327736e-10
5.907,-4.0226382037172429e-10
5.90725,-4.0227093476163527e-10
5.9075,-4.022781568283814e-10
5.90775,-4.022855353414425e-10
5.908,-4.0229311242467851e-10
5.90825,-4.0230092062959246e-10
5.9085,-4.0230897633764883e-10
5.90875,-4.0231728148313773e-10
5.909,-4.0232582064875081e-10
5.90925,-4.0233456097345524e-10
5.9095,-4.0234345119169816e-10
5.90975,-4.0235242387540263e-10
5.91,-4.0236139502607775e-10
5.91025,-4.0237026708846785e-10
5.9105,-4.0237893216646202e-10
5.91075,-4.0238727745896643e-10
5.911,-4.0239518865413377e-10
5.91125,-4.0240255499800668e-10
5.9115,-4.0240927498226523e-10
5.91175,-4.0241525849306963e-10
5.912,-4.0242043400024735e-10
5.91225,-4.0242475098711372e-10
5.9125,-4.0242817992440943e-10
5.91275,-4.0243071614160019e-10
5.913,-4.0243237891527761e-10
5.91325,-4.0243321058489321e-10
5.9135,-4.0243327699256171e-10
5.91375,-4.0243266477653406e-10
5.914,-4.0243148083313295e-10
5.91425,-4.0242984440717719e-10
5.9145,-4.0242788499132578e-10
5.91475,-4.0242574065928691e-10
5.915,-4.0242355245843024e-10
5.91525,-4.0242146122496477e-10
5.9155,-4.0241960273088072e-10
5.91575,-4.0241811039581357e-10
5.916,-4.0241711062493856e-10
5.91625,-4.0241672017808424e-10
5.9165,-4.0241704565574238e-10
5.91675,-4.0241818361232958e-10
5.917,-4.024202197637858e-10
5.91725,-4.0242322654142536e-10
5.9175,-4.0242726553452653e-10
5.91775,-4.0243238937148927e-10
5.918,-4.024386365625868e-10
5.91825,-4.0244603745998449e-10
5.9185,-4.0245461181830424e-10
5.91875,-4.0246436572110595e-10
5.919,-4.0247529711364475e-10
5.91925,-4.0248738862056598e-10
5.9195,-4.0250061001177361e-10
5.91975,-4.0251491464381827e-10
5.92,-4.0253024160430862e-10
5.92025,-4.0254651136133589e-10
5.9205,-4.0256362395453451e-10
5.92075,-4.0258146908416119e-10
5.921,-4.0259991821325833e-10
5.92125,-4.0261882887415788e-10
5.9215,-4.0263804861749702e-10
5.92175,-4.0265741742033936e-10
5.922,-4.0267677232111459e-10
5.92225,-4.0269595100168782e-10
5.9225,-4.0271479228061314e-10
5.92275,-4.0273314410605698e-10
5.923,-4.0275086831522792e-10
5.92325,-4.0276784267091909e-10
5.9235,-4.0278396283270352e-10
5.92375,-4.0279914921944118e-10
5.924,-4.0281334363944525e-10
5.92425,-4.0282651366175177e-10
5.9245,-4.0283865226009924e-10
5.92475,-4.0284977864792496e-10
5.925,-4.0285993874189808e-10
5.92525,-4.0286920013236485e-10
5.9255,-4.0287764883439161e-10
5.92575,-4.0288539036799257e-10
5.926,-4.0289254034858516e-10
5.92625,-4.0289922036448841e-10
5.9265,-4.0290555401494939e-10
5.92675,-4.0291166147341284e-10
5.927,-4.0291765793880675e-10
5.92725,-4.029236465972596e-10
5.9275,-4.0292971740040177e-10
5.92775,-4.0293594552950311e-10
5.928,-4.0294239186173453e-10
5.92825,-4.0294910140028563e-10
5.9285,-4.0295610099056302e-10
5.92875,-4.0296340542066347e-10
5.929,-4.029710174705094e-10
5.92925,-4.0297892876687195e-10
5.9295,-4.0298712386454115e-10
5.92975,-4.0299558058911272e-10
5.93,-4.0300427562408039e-10
5.93025,-4.0301318242468582e-10
5.9305,-4.0302227289352772e-10
5.93075,-4.0303152499859749e-10
5.931,-4.0304091644902535e-10
5.93125,-4.0305042859769396e-10
5.9315,-4.0306004500847456e-10
5.93175,-4.0306975346557488e-10
5.932,-4.0307954640581548e-10
5.93225,-4.0308942073860167e-10
5.9325,-4.0309937463050777e-10
5.93275,-4.0310940949607937e-10
5.933,-4.0311952561241144e-10
5.93325,-4.0312972293240824e-10
5.9335,-4.0314000556366531e-10
5.93375,-4.0315037645662408e-10
5.934,-4.0316084227029945e-10
5.93425,-4.0317141187691917e-10
5.9345,-4.0318209965265807e-10
5.93475,-4.0319292106466252e-10
5.935,-4.0320389718298133e-10
5.93525,-4.0321505587311227e-10
5.9355,-4.0322643110638765e-10
5.93575,-4.0323805911378287e-10
5.936,-4.0324998299831997e-10
5.93625,-4.0326225200899103e-10
5.9365,-4.0327491143610853e-10
5.93675,-4.0328800814040047e-10
5.937,-4.0330158729824008e-10
5.93725,-4.0331568294929148e-10
5.9375,-4.0333032937491193e-10
5.93775,-4.0334554203622822e-10
5.938,-4.0336132804913756e-10
5.93825,-4.0337768965992956e-10
5.9385,-4.0339462678153033e-10
5.93875,-4.0341212901175216e-10
5.939,-4.0343016922257441e-10
5.93925,-4.0344871679198418e-10
5.9395,-4.0346773967427516e-10
5.93975,-4.0348720860375831e-10
5.94,-4.0350708794405773e-10
5.94025,-4.0352732875555417e-10
5.9405,-4.035478839701024e-10
5.94075,-4.0356870581499821e-10
5.941,-4.0358975060221481e-10
5.94125,-4.036109709857928e-10
5.9415,-4.0363231103330971e-10
5.94175,-4.0365371518080907e-10
5.942,-4.0367512787748341e-10
5.94225,-4.0369650140626172e-10
5.9425,-4.0371778294571027e-10
5.94275,-4.0373891450531841e-10
5.943,-4.0375984035512892e-10
5.94325,-4.0378051071436902e-10
5.9435,-4.038008767701705e-10
5.94375,-4.0382088967982174e-10
5.944,-4.0384049487313997e-10
5.94425,-4.0385964552169977e-10
5.9445,-4.0387829617422446e-10
5.94475,-4.0389641242628706e-10
5.945,-4.0391396108726172e-10
5.94525,-4.0393090615723423e-10
5.9455,-4.0394722294093475e-10
5.94575,-4.0396289431301827e-10
5.946,-4.039779143769898e-10
5.94625,-4.0399228158959726e-10
5.9465,-4.0400599631029315e-10
5.94675,-4.0401906825348492e-10
5.947,-4.0403151463341105e-10
5.94725,-4.0404336048648773e-10
5.9475,-4.0405463461855288e-10
5.94775,-4.0406536326483487e-10
5.948,-4.0407557564069145e-10
5.94825,-4.0408530504516357e-10
5.9485,-4.040945896680984e-10
5.94875,-4.0410346641454348e-10
5.949,-4.0411196904987367e-10
5.94925,-4.0412013099032509e-10
5.9495,-4.0412798575382825e-10
5.94975,-4.0413556817778132e-10
5.95,-4.0414290953375081e-10
5.95025,-4.0415003448420362e-10
5.9505,-4.0415696522586286e-10
5.95075,-4.0416371994349354e-10
5.951,-4.0417031513319326e-10
5.95125,-4.041767577595998e-10
5.9515,-4.0418305236915889e-10
5.95175,-4.0418920017642023e-10
5.952,-4.0419520063874818e-10
5.95225,-4.0420105078241084e-10
5.9525,-4.0420674703454111e-10
5.95275,-4.042122881324093e-10
5.953,-4.0421767403244597e-10
5.95325,-4.0422290776763186e-10
5.9535,-4.0422799781235967e-10
5.95375,-4.0423295489238095e-10
5.954,-4.0423779458019161e-10
5.95425,-4.0424253394110559e-10
5.9545,-4.0424719345216474e-10
5.95475,-4.0425179463252859e-10
5.955,-4.0425635880953761e-10
5.95525,-4.0426090812588731e-10
5.9555,-4.042654604576894e-10
5.95575,-4.0427003069352014e-10
5.956,-4.0427463033761215e-10
5.95625,-4.0427926591465714e-10
5.9565,-4.0428393782069279e-10
5.95675,-4.0428864183485229e-10
5.957,-4.0429336713152807e-10
5.95725,-4.0429809852294541e-10
5.9575,-4.0430281572709669e-10
5.95775,-4.0430749269179048e-10
5.958,-4.0431209923492646e-10
5.95825,-4.0431660078334031e-10
5.9585,-4.0432095940519918e-10
5.95875,-4.0432513329110537e-10
5.959,-4.0432907602296972e-10
5.95925,-4.0433273914994944e-10
5.9595,-4.0433607254448701e-10
5.95975,-4.043390224713595e-10
5.96,-4.0434153047546782e-10
5.96025,-4.0434353639538514e-10
5.9605,-4.0434497389447705e-10
5.96075,-4.0434577239079845e-10
5.961,-4.0434585989723493e-10
5.96125,-4.0434516158556493e-10
5.9615,-4.0434360096899492e-10
5.96175,-4.0434110105575529e-10
5.962,-4.0433758797933144e-10
5.96225,-4.0433299204357211e-10
5.9625,-4.0432725084245971e-10
5.96275,-4.0432031249774893e-10
5.963,-4.043121368647307e-10
5.96325,-4.0430269850381879e-10
5.9635,-4.0429198803503978e-10
5.96375,-4.0428001242330844e-10
5.964,-4.0426679565616535e-10
5.96425,-4.0425238063594827e-10
5.9645,-4.042368254383879e-10
5.96475,-4.0422020430309037e-10
5.965,-4.0420260647879662e-10
5.96525,-4.0418413538874827e-10
5.9655,-4.0416490617648468e-10
5.96575,-4.0414504296255701e-10
5.966,-4.0412467589679803e-10
5.96625,-4.0410393740436003e-10
5.9665,-4.0408296169677643e-10
5.96675,-4.0406188009705868e-10
5.967,-4.0404082225147863e-10
5.96725,-4.0401991043484391e-10
5.9675,-4.039992578381046e-10
5.96775,-4.0397896799552832e-10
5.968,-4.0395913179537853e-10
5.96825,-4.0393982691172596e-10
5.9685,-4.0392111740920535e-10
5.96875,-4.0390305150681408e-10
5.969,-4.0388566543556101e-10
5.96925,-4.0386898109311895e-10
5.9695,-4.0385300908739378e-10
5.96975,-4.0383775067865478e-10
5.97,-4.0382319666207988e-10
5.97025,-4.0380932840985817e-10
5.9705,-4.037961202743337e-10
5.97075,-4.0378353876928592e-10
5.971,-4.037715430268201e-10
5.97125,-4.0376008464064371e-10
5.9715,-4.0374910846054754e-10
5.97175,-4.0373855122751736e-10
5.972,-4.0372834144796199e-10
5.97225,-4.0371839880889035e-10
5.9725,-4.0370863503485115e-10
5.97275,-4.0369895448973995e-10
5.973,-4.0368925542839732e-10
5.97325,-4.0367943324809289e-10
5.9735,-4.0366938268445993e-10
5.97375,-4.0365900005956887e-10
5.974,-4.0364818635470143e-10
5.97425,-4.0363685165401153e-10
5.9745,-4.0362491760336721e-10
5.97475,-4.0361232089630268e-10
5.975,-4.0359901635580247e-10
5.97525,-4.0358497853255856e-10
5.9755,-4.0357020212271357e-10
5.97575,-4.0355470386055947e-10
5.976,-4.0353852223498924e-10
5.97625,-4.035217140573059e-10
5.9765,-4.0350435389028428e-10
5.97675,-4.0348653196749321e-10
5.977,-4.0346835067131957e-10
5.97725,-4.0344992075800323e-10
5.9775,-4.0343135716063739e-10
5.97775,-4.0341277613056969e-10
5.978,-4.0339429194991128e-10
5.97825,-4.0337601275312851e-10
5.9785,-4.0335803911974489e-10
5.97875,-4.0334046016126057e-10
5.979,-4.0332335422390168e-10
5.97925,-4.033067873702792e-10
5.9795,-4.0329081253513275e-10
5.97975,-4.0327547093827672e-10
5.98,-4.0326079236856356e-10
5.98025,-4.0324679526199397e-10
5.9805,-4.0323348884642498e-10
5.98075,-4.0322087506972838e-10
5.981,-4.032089504380392e-10
5.98125,-4.0319770781795684e-10
5.9815,-4.0318713747144247e-10
5.98175,-4.0317722821313087e-10
5.982,-4.0316796754254465e-10
5.98225,-4.0315934171812438e-10
5.9825,-4.0315133555065294e-10
5.98275,-4.0314393197506623e-10
5.983,-4.0313711141195074e-10
5.98325,-4.0313085161533494e-10
5.9835,-4.0312512520364585e-10
5.98375,-4.0311990199545568e-10
5.984,-4.0311514482376729e-10
5.98425,-4.0311081358643687e-10
5.9845,-4.0310686365828741e-10
5.98475,-4.0310324843263836e-10
5.985,-4.0309991869029861e-10
5.98525,-4.0309682345196788e-10
5.9855,-4.0309391120228835e-10
5.98575,-4.0309113173139301e-10
5.986,-4.0308843660823273e-10
5.98625,-4.0308578177996945e-10
5.9865,-4.0308312664442232e-10
5.98675,-4.0308043611583272e-10
5.987,-4.0307768054712913e-10
5.98725,-4.0307483603662209e-10
5.9875,-4.0307188466210598e-10
5.98775,-4.0306881625464835e-10
5.988,-4.0306562618161596e-10
5.98825,-4.0306231620342653e-10
5.9885,-4.0305889297340325e-10
5.98875,-4.0305536831958321e-10
5.989,-4.0305175835779538e-10
5.98925,-4.030480847557248e-10
5.9895,-4.0304437167610327e-10
5.98975,-4.0304064777279778e-10
5.99,-4.030369444853145e-10
5.99025,-4.0303329510177268e-10
5.9905,-4.0302973505270026e-10
5.99075,-4.0302629968189251e-10
5.991,-4.0302302331374569e-10
5.99125,-4.0301994028202781e-10
5.9915,-4.0301708303360155e-10
5.99175,-4.0301447974755175e-10
5.992,-4.0301215566680986e-10
5.99225,-4.030101307280151e-10
5.9925,-4.0300841844527395e-10
5.99275,-4.0300702541499043e-10
5.993,-4.0300595260948743e-10
5.99325,-4.0300519087950895e-10
5.9935,-4.0300472523334218e-10
5.99375,-4.0300453322525162e-10
5.994,-4.0300458449687242e-10
5.99425,-4.0300484284398121e-10
5.9945,-4.0300526361008008e-10
5.99475,-4.0300579549772411e-10
5.995,-4.0300637678988031e-10
5.99525,-4.0300694640613924e-10
5.9955,-4.0300743523401321e-10
5.99575,-4.0300776956240225e-10
5.996,-4.030078702055319e-10
5.99625,-4.0300766277201883e-10
5.9965,-4.0300707454199297e-10
5.99675,-4.0300603642378908e-10
5.997,-4.0300448200965143e-10
5.99725,-4.0300236019531406e-10
5.9975,-4.0299963003467346e-10
5.99775,-4.0299626303843668e-10
5.998,-4.0299224093984599e-10
5.99825,-4.029875681732135e-10
5.9985,-4.0298226086794105e-10
5.99875,-4.0297635617273251e-10
5.999,-4.0296990372366186e-10
5.99925,-4.0296295574291216e-10
5.9995,-4.0295558375053345e-10
5.99975,-4.029478630301391e-10
6.0,-4.0293987687095761e-10
6.00025,-4.0293170931408016e-10
6.0005,-4.0292345845632743e-10
6.00075,-4.0291522080785974e-10
6.001,-4.0290709195258064e-10
6.00125,-4.0289916397254167e-10
6.0015,-4.0289152221002145e-10
6.00175,-4.0288425559538314e-10
6.002,-4.0287744485512847e-10
6.00225,-4.0287116354924219e-10
6.0025,-4.0286547265991575e-10
6.00275,-4.0286043379870862e-10
6.003,-4.0285609785348863e-10
6.00325,-4.0285250402963866e-10
6.0035,-4.0284968171644488e-10
6.00375,-4.0284764217105886e-10
6.004,-4.0284639465010061e-10
6.00425,-4.0284593485301646e-10
6.0045,-4.0284624531888421e-10
6.00475,-4.0284728923865287e-10
6.005,-4.0284903028035811e-10
6.00525,-4.0285141737218836e-10
6.0055,-4.0285438462654533e-10
6.00575,-4.0285784982411072e-10
6.006,-4.0286173345277579e-10
6.00625,-4.0286594627879993e-10
6.0065,-4.0287039012373309e-10
6.00675,-4.0287495476630734e-10
6.007,-4.028795408322694e-10
6.00725,-4.0288404621049051e-10
6.0075,-4.0288836944053383e-10
6.00775,-4.0289241116374843e-10
6.008,-4.0289608701479572e-10
6.00825,-4.0289932171055036e-10
6.0085,-4.0290204953646609e-10
6.00875,-4.0290421159194586e-10
6.009,-4.0290577280754616e-10
6.00925,-4.029067116001084e-10
6.0095,-4.0290701947408681e-10
6.00975,-4.0290669493767418e-10
6.01,-4.0290576299077727e-10
6.01025,-4.0290425906411853e-10
6.0105,-4.0290222854450275e-10
6.01075,-4.0289971971937517e-10
6.011,-4.028967980810136e-10
6.01125,-4.0289352979494311e-10
6.0115,-4.0288997739692047e-10
6.01175,-4.0288619554113008e-10
6.012,-4.0288224132391602e-10
6.01225,-4.0287816199731902e-10
6.0125,-4.0287399677910119e-10
6.01275,-4.0286976912039117e-10
6.013,-4.0286550130469232e-10
6.01325,-4.0286120692202414e-10
6.0135,-4.0285689081726219e-10
6.01375,-4.0285254658342715e-10
6.014,-4.0284816793842244e-10
6.01425,-4.0284374564213469e-10
6.0145,-4.0283926649136364e-10
6.01475,-4.0283471234744003e-10
6.015,-4.0283007505960122e-10
6.01525,-4.0282534761170355e-10
6.0155,-4.0282052605431368e-10
6.01575,-4.0281560970191455e-10
6.016,-4.0281059717027113e-10
6.01625,-4.0280549865326527e-10
6.0165,-4.0280032491771341e-10
6.01675,-4.0279509169206209e-10
6.017,-4.027898116043506e-10
6.01725,-4.0278450951088708e-10
6.0175,-4.027792102869375e-10
6.01775,-4.0277394180644848e-10
6.018,-4.0276872856917335e-10
6.01825,-4.0276360398759301e-10
6.0185,-4.0275859966258934e-10
6.01875,-4.0275374662059609e-10
6.019,-4.0274906933153221e-10
6.01925,-4.0274459534434794e-10
6.0195,-4.0274034731213368e-10
6.01975,-4.0273634203072962e-10
6.02,-4.0273258685860499e-10
6.02025,-4.0272909019963807e-10
6.0205,-4.0272585535581387e-10
6.02075,-4.0272288000876971e-10
6.021,-4.0272015493676189e-10
6.02125,-4.0271767168518595e-10
6.0215,-4.0271541922509855e-10
6.02175,-4.0271338754280747e-10
6.022,-4.0271156651105822e-10
6.02225,-4.0270995323040652e-10
6.0225,-4.0270854915069438e-10
6.02275,-4.0270736141304976e-10
6.023,-4.0270640256280715e-10
6.02325,-4.0270569208996175e-10
6.0235,-4.027052534064289e-10
6.02375,-4.0270511115540524e-10
6.024,-4.02705290119961e-10
6.02425,-4.0270581755133718e-10
6.0245,-4.0270671785949658e-10
6.02475,-4.0270801384215062e-10
6.025,-4.0270972475420924e-10
6.02525,-4.0271186068356356e-10
6.0255,-4.027144196312649e-10
6.02575,-4.0271739010952283e-10
6.026,-4.0272075216612082e-10
6.02625,-4.0272447974835236e-10
6.0265,-4.0272854066894585e-10
6.02675,-4.0273289865287424e-10
6.027,-4.0273751301537574e-10
6.02725,-4.0274234057064066e-10
6.0275,-4.0274733616044227e-10
6.02775,-4.0275245635821791e-10
6.028,-4.0275766072490571e-10
6.02825,-4.0276291378223786e-10
6.0285,-4.0276818675570721e-10
6.02875,-4.0277345890712737e-10
6.029,-4.027787176601126e-10
6.02925,-4.0278395971143896e-10
6.0295,-4.0278919105156485e-10
6.02975,-4.0279442854161709e-10
6.03,-4.0279969897155301e-10
6.03025,-4.0280503960248234e-10
6.0305,-4.0281049466531472e-10
6.03075,-4.0281611676782313e-10
6.031,-4.0282196391784709e-10
6.03125,-4.0282809664041469e-10
6.0315,-4.0283457630182378e-10
6.03175,-4.0284145938160186e-10
6.032,-4.028487964118977e-10
6.03225,-4.0285663032498745e-10
6.0325,-4.0286499383158853e-10
6.03275,-4.0287390390821858e-10
6.033,-4.0288336316167872e-10
6.03325,-4.0289335802685269e-10
6.0335,-4.0290385800869477e-10
6.03375,-4.0291481762927774e-10
6.034,-4.029261728716529e-10
6.03425,-4.0293784717166661e-10
6.0345,-4.0294975170636613e-10
6.03475,-4.0296178940792163e-10
6.035,-4.0297385244123415e-10
6.03525,-4.0298583038046659e-10
6.0355,-4.0299761246468726e-10
6.03575,-4.0300909026260443e-10
6.036,-4.0302016325889755e-10
6.03625,-4.0303073895070267e-10
6.0365,-4.030407373559113e-10
6.03675,-4.0305009343770783e-10
6.037,-4.0305876026587902e-10
6.03725,-4.0306670601213483e-10
6.0375,-4.0307391732938259e-10
6.03775,-4.0308039840041947e-10
6.038,-4.030861731473818e-10
6.03825,-4.0309128003913931e-10
6.0385,-4.0309577308712796e-10
6.03875,-4.0309971932912843e-10
6.039,-4.0310319994377599e-10
6.03925,-4.0310630354034096e-10
6.0395,-4.0310912826068228e-10
6.03975,-4.0311177913837206e-10
6.04,-4.031143699749572e-10
6.04025,-4.0311701632642458e-10
6.0405,-4.0311983767532134e-10
6.04075,-4.0312295519292083e-10
6.041,-4.0312649211356383e-10
6.04125,-4.0313056553891785e-10
6.0415,-4.0313529289457149e-10
6.04175,-4.0314078895366855e-10
6.042,-4.0314716761384957e-10
6.04225,-4.0315453358692869e-10
6.0425,-4.031629864119867e-10
6.04275,-4.0317261914557402e-10
6.043,-4.0318351977003615e-10
6.04325,-4.0319575901203579e-10
6.0435,-4.0320939544000352e-10
6.04375,-4.0322447292886678e-10
6.044,-4.0324101809640682e-10
6.04425,-4.0325903000596985e-10
6.0445,-4.0327848615629898e-10
6.04475,-4.0329933785772763e-10
6.045,-4.0332151468412902e-10
6.04525,-4.0334491312446505e-10
6.0455,-4.033694067915769e-10
6.04575,-4.0339484796086691e-10
6.046,-4.0342107361220442e-10
6.04625,-4.0344789924063387e-10
6.0465,-4.0347513068992318e-10
6.04675,-4.0350256702936268e-10
6.047,-4.0353000820840299e-10
6.04725,-4.0355725142855183e-10
6.0475,-4.0358409971159152e-10
6.04775,-4.0361036564870108e-10
6.048,-4.036358769502734e-10
6.04825,-4.0366047390861498e-10
6.0485,-4.0368401428786831e-10
6.04875,-4.0370637731950825e-10
6.049,-4.0372746701760662e-10
6.04925,-4.037472087328427e-10
6.0495,-4.0376555397597392e-10
6.04975,-4.037824826250536e-10
6.05,-4.0379800401689992e-10
6.05025,-4.0381214944924209e-10
6.0505,-4.0382497693476438e-10
6.05075,-4.0383656575232958e-10
6.051,-4.0384701298612772e-10
6.05125,-4.0385643495357349e-10
6.0515,-4.0386495074521272e-10
6.05175,-4.038726849009143e-10
6.052,-4.0387976203740015e-10
6.05225,-4.0388630717501245e-10
6.0525,-4.0389243059027997e-10
6.05275,-4.0389823286040968e-10
6.053,-4.0390380139274043e-10
6.05325,-4.039092127550398e-10
6.0535,-4.0391452162646309e-10
6.05375,-4.0391976935068307e-10
6.054,-4.0392498254897695e-10
6.05425,-4.039301797081576e-10
6.0545,-4.0393535935031416e-10
6.05475,-4.0394051310871835e-10
6.055,-4.0394562489091182e-10
6.05525,-4.0395067563879782e-10
6.0555,-4.0395563693368762e-10
6.05575,-4.0396047796178182e-10
6.056,-4.0396516688520104e-10
6.05625,-4.0396967556354786e-10
6.0565,-4.0397397093211199e-10
6.05675,-4.0397802193315289e-10
6.057,-4.0398179809988408e-10
6.05725,-4.0398527369423245e-10
6.0575,-4.0398842382098099e-10
6.05775,-4.0399122058074549e-10
6.058,-4.0399363926953991e-10
6.05825,-4.0399565923938039e-10
6.0585,-4.0399725992296286e-10
6.05875,-4.0399842013176718e-10
6.059,-4.0399912447628081e-10
6.05925,-4.0399936626231061e-10
6.0595,-4.0399914309949719e-10
6.05975,-4.0399845651591466e-10
6.06,-4.0399731765323505e-10
6.06025,-4.0399574966395807e-10
6.0605,-4.039937825516623e-10
6.06075,-4.0399144996531075e-10
6.061,-4.0398879368192613e-10
6.06125,-4.0398586479896859e-10
6.0615,-4.0398271655813606e-10
6.06175,-4.0397940114263504e-10
6.062,-4.0397597182659452e-10
6.06225,-4.0397248663047376e-10
6.0625,-4.0396899437076688e-10
6.06275,-4.0396554338729875e-10
6.063,-4.0396218039672059e-10
6.06325,-4.0395895343922073e-10
6.0635,-4.0395589859262318e-10
6.06375,-4.0395304906524783e-10
6.064,-4.0395043383436387e-10
6.06425,-4.0394808190705602e-10
6.0645,-4.0394600753825869e-10
6.06475,-4.039442175855152e-10
6.065,-4.0394271053235677e-10
6.06525,-4.0394148012459721e-10
6.0655,-4.0394050654896387e-10
6.06575,-4.0393975201010558e-10
6.066,-4.0393917272036995e-10
6.06625,-4.0393872715080511e-10
6.0665,-4.0393835898286645e-10
6.06675,-4.0393799985572004e-10
6.067,-4.0393758106707232e-10
6.06725,-4.0393703924600729e-10
6.0675,-4.0393630614593196e-10
6.06775,-4.0393530820902839e-10
6.068,-4.0393397736098977e-10
6.06825,-4.0393225514928148e-10
6.0685,-4.0393007443863785e-10
6.06875,-4.0392737655381097e-10
6.069,-4.0392411603799877e-10
6.06925,-4.039202396625399e-10
6.0695,-4.0391570440324495e-10
6.06975,-4.0391047370487861e-10
6.07,-4.0390452419566639e-10
6.07025,-4.0389783633231732e-10
6.0705,-4.0389038804320305e-10
6.07075,-4.0388216435134366e-10
6.071,-4.0387316405380537e-10
6.07125,-4.0386338373053121e-10
6.0715,-4.0385281631527284e-10
6.07175,-4.0384146008014286e-10
6.072,-4.0382932353053932e-10
6.07225,-4.0381641276392381e-10
6.0725,-4.0380272612727112e-10
6.07275,-4.0378826676492346e-10
6.073,-4.0377305133578614e-10
6.07325,-4.0375709693286171e-10
6.0735,-4.0374041618563135e-10
6.07375,-4.0372303543130821e-10
6.074,-4.0370499778897688e-10
6.07425,-4.0368635091145362e-10
6.0745,-4.0366714325449238e-10
6.07475,-4.0364743735217544e-10
6.075,-4.0362731457765436e-10
6.07525,-4.0360685822760919e-10
6.0755,-4.0358614854248673e-10
6.07575,-4.0356527545781275e-10
6.076,-4.035443426631273e-10
6.07625,-4.0352344828933386e-10
6.0765,-4.0350267987286647e-10
6.07675,-4.0348212597084192e-10
6.077,-4.0346188241732411e-10
6.07725,-4.0344203242631859e-10
6.0775,-4.0342264170965433e-10
6.07775,-4.0340377064912618e-10
6.078,-4.0338548145082932e-10
6.07825,-4.0336781797387375e-10
6.0785,-4.0335080111821026e-10
6.07875,-4.033344467534116e-10
6.079,-4.0331876984191297e-10
6.07925,-4.0330377161143658e-10
6.0795,-4.0328943450738052e-10
6.07975,-4.0327573553176309e-10
6.08,-4.0326266401254331e-10
6.08025,-4.0325020096039163e-10
6.0805,-4.0323831851828502e-10
6.08075,-4.0322699887272394e-10
6.081,-4.0321624049235049e-10
6.08125,-4.0320604469115413e-10
6.0815,-4.0319640895350708e-10
6.08175,-4.0318734506972041e-10
6.082,-4.0317888053703804e-10
6.08225,-4.0317104469063416e-10
6.0825,-4.0316385586973837e-10
6.08275,-4.0315733953633024e-10
6.083,-4.0315153124478553e-10
6.08325,-4.0314645529666365e-10
6.0835,-4.0314211663333841e-10
6.08375,-4.0313851428072853e-10
6.084,-4.0313564613792435e-10
6.08425,-4.0313349100939115e-10
6.0845,-4.0313199876078216e-10
6.08475,-4.0313111009404942e-10
6.085,-4.0313076089091158e-10
6.08525,-4.0313086401480996e-10
6.0855,-4.0313130768208258e-10
6.08575,-4.0313197134053306e-10
6.086,-4.0313273571373565e-10
6.08625,-4.0313346929352942e-10
6.0865,-4.0313402587203063e-10
6.08675,-4.0313426664339871e-10
6.087,-4.0313406639064524e-10
6.08725,-4.0313330025026468e-10
6.0875,-4.031318452341348e-10
6.08775,-4.0312959534542379e-10
6.088,-4.0312647013880646e-10
6.08825,-4.0312240524774877e-10
6.0885,-4.0311734714659605e-10
6.08875,-4.0311126541413275e-10
6.089,-4.0310415777752338e-10
6.08925,-4.0309604055415158e-10
6.0895,-4.03086943965427e-10
6.08975,-4.0307692089849335e-10
6.09,-4.0306605102477443e-10
6.09025,-4.0305442683822459e-10
6.0905,-4.0304214527529478e-10
6.09075,-4.0302931662506223e-10
6.091,-4.0301606712606031e-10
6.09125,-4.0300252022387887e-10
6.0915,-4.0298879054802179e-10
6.09175,-4.0297499149267756e-10
6.092,-4.0296123629449159e-10
6.09225,-4.0294762267624168e-10
6.0925,-4.0293422849872354e-10
6.09275,-4.0292112557216216e-10
6.093,-4.029083786857308e-10
6.09325,-4.0289603467325522e-10
6.0935,-4.0288413500937875e-10
6.09375,-4.028727236155592e-10
6.094,-4.0286182945708386e-10
6.09425,-4.0285148288677585e-10
6.0945,-4.0284171922594769e-10
6.09475,-4.0283257714708494e-10
6.095,-4.0282409408280301e-10
6.09525,-4.0281630294971047e-10
6.0955,-4.0280924094187159e-10
6.09575,-4.0280294720228079e-10
6.096,-4.0279744810107027e-10
6.09625,-4.0279276354372467e-10
6.0965,-4.0278890229051324e-10
6.09675,-4.0278586186478432e-10
6.097,-4.0278361164812778e-10
6.09725,-4.0278210525390112e-10
6.0975,-4.0278127631845225e-10
6.09775,-4.0278104367095457e-10
6.098,-4.0278129924765212e-10
6.09825,-4.0278191197404653e-10
6.0985,-4.0278273859890766e-10
6.09875,-4.0278363277085432e-10
6.099,-4.0278443872366575e-10
6.09925,-4.0278499356994942e-10
6.0995,-4.027851418086445e-10
6.09975,-4.0278473705196195e-10
6.1,-4.027836421127411e-10
6.10025,-4.0278173992986359e-10
6.1005,-4.0277893289648491e-10
6.10075,-4.027751461045803e-10
6.101,-4.0277032434017565e-10
6.10125,-4.027644368359169e-10
6.1015,-4.0275747695115165e-10
6.10175,-4.0274946078013591e-10
6.102,-4.027404207126038e-10
6.10225,-4.0273040684042357e-10
6.1025,-4.0271948454156318e-10
6.10275,-4.0270773390777261e-10
6.103,-4.0269524234649825e-10
6.10325,-4.026821053035797e-10
6.1035,-4.0266842246282714e-10
6.10375,-4.0265429882963629e-10
6.104,-4.0263983801477767e-10
6.10425,-4.0262514317366639e-10
6.1045,-4.026103161301846e-10
6.10475,-4.0259545750377041e-10
6.105,-4.0258066345073904e-10
6.10525,-4.025660279578022e-10
6.1055,-4.0255164090504177e-10
6.10575,-4.0253758751811049e-10
6.106,-4.0252394536736597e-10
6.10625,-4.0251078652602443e-10
6.1065,-4.0249817287002863e-10
6.10675,-4.0248615863553919e-10
6.107,-4.0247478641362305e-10
6.10725,-4.0246408627944262e-10
6.1075,-4.0245407433508766e-10
6.10775,-4.0244475398802847e-10
6.108,-4.024361139910184e-10
6.10825,-4.0242812975428478e-10
6.1085,-4.0242076448805398e-10
6.10875,-4.0241396846476929e-10
6.109,-4.0240768081687204e-10
6.10925,-4.0240183419805184e-10
6.1095,-4.023963559274569e-10
6.10975,-4.0239116996139727e-10
6.11,-4.0238619989428955e-10
6.11025,-4.0238137213808757e-10
6.1105,-4.0237661748687061e-10
6.11075,-4.0237187263408747e-10
6.111,-4.0236708180812443e-10
6.11125,-4.0236219614768301e-10
6.1115,-4.023571771164124e-10
6.11175,-4.0235199191405255e-10
6.112,-4.0234661372278834e-10
6.11225,-4.0234102101278658e-10
6.1125,-4.0233519544597078e-10
6.11275,-4.0232912080427423e-10
6.113,-4.0232278205845125e-10
6.11325,-4.0231616551535977e-10
6.1135,-4.0230925993073959e-10
6.11375,-4.0230205800722546e-10
6.114,-4.0229455783767596e-10
6.11425,-4.0228676382439853e-10
6.1145,-4.0227868742524927e-10
6.11475,-4.0227034818781525e-10
6.115,-4.0226177413653869e-10
6.11525,-4.0225300109255965e-10
6.1155,-4.0224407250244922e-10
6.11575,-4.0223503828951589e-10
6.116,-4.0222595278446625e-10
6.11625,-4.0221687350751535e-10
6.1165,-4.0220785758260879e-10
6.11675,-4.0219896098921763e-10
6.117,-4.0219023666473526e-10
6.11725,-4.021817332419863e-10
6.1175,-4.0217349428364259e-10
6.11775,-4.0216555796503228e-10
6.118,-4.0215795656934657e-10
6.11825,-4.0215071599568514e-10
6.1185,-4.0214385579885126e-10
6.11875,-4.0213738914004688e-10
6.119,-4.0213132100702924e-10
6.11925,-4.0212564776927379e-10
6.1195,-4.0212035665283682e-10
6.11975,-4.0211542532979246e-10
6.12,-4.0211082086354368e-10
6.12025,-4.0210649844503765e-10
6.1205,-4.0210240308242944e-10
6.12075,-4.0209846914803865e-10
6.121,-4.0209462242313261e-10
6.12125,-4.020907812181326e-10
6.1215,-4.0208686063986606e-10
6.12175,-4.0208277473240736e-10
6.122,-4.0207844159934746e-10
6.12225,-4.020737865368295e-10
6.1225,-4.0206874645380367e-10
6.12275,-4.0206327118598534e-10
6.123,-4.0205732825501075e-10
6.12325,-4.0205090376648606e-10
6.1235,-4.020440032097498e-10
6.12375,-4.0203665276943435e-10
6.124,-4.0202889665317778e-10
6.12425,-4.0202079287058528e-10
6.1245,-4.0201241064299915e-10
6.12475,-4.0200382858880574e-10
6.125,-4.0199513360397601e-10
6.12525,-4.0198641866855328e-10
6.1255,-4.0197777895336545e-10
6.12575,-4.0196930953306811e-10
6.126,-4.0196110098950288e-10
6.12625,-4.0195323777398491e-10
6.1265,-4.0194579603072146e-10
6.12675,-4.0193884286317822e-10
6.127,-4.0193243684597406e-10
6.12725,-4.0192662906653542e-10
6.1275,-4.0192146302076029e-10
6.12775,-4.0191697628192735e-10
6.128,-4.0191320193422372e-10
6.12825,-4.0191017035336716e-10
6.1285,-4.0190790974263848e-10
6.12875,-4.0190644673884009e-10
6.129,-4.0190580664931743e-10
6.12925,-4.0190601382597846e-10
6.1295,-4.0190709034024123e-10
6.12975,-4.0190905484321147e-10
6.13,-4.0191192078200867e-10
6.13025,-4.019156943274593e-10
6.1305,-4.0192037285970016e-10
6.13075,-4.0192594276568084e-10
6.131,-4.0193238057287255e-10
6.13125,-4.0193965216598681e-10
6.1315,-4.0194771216216092e-10
6.13175,-4.0195650276745924e-10
6.132,-4.0196595386564295e-10
6.13225,-4.0197598491569101e-10
6.1325,-4.0198650608707426e-10
6.13275,-4.0199742181061956e-10
6.133,-4.020086329682565e-10
6.13325,-4.0202004007770674e-10
6.1335,-4.0203154859020691e-10
6.13375,-4.0204307178851308e-10
6.134,-4.0205453422540601e-10
6.13425,-4.0206587536527202e-10
6.1345,-4.0207704996000025e-10
6.13475,-4.0208803040086193e-10
6.135,-4.0209880729724376e-10
6.13525,-4.0210938931128616e-10
6.1355,-4.0211980210102593e-10
6.13575,-4.0213008592518306e-10
6.136,-4.0214029357063386e-10
6.13625,-4.0215048577321787e-10
6.1365,-4.0216072566451545e-10
6.13675,-4.0217107574162884e-10
6.137,-4.0218159217384409e-10
6.13725,-4.0219232261210592e-10
6.1375,-4.0220330384062423e-10
6.13775,-4.0221456059220315e-10
6.138,-4.0222610597487628e-10
6.13825,-4.0223794099938775e-10
6.1385,-4.0225005592881068e-10
6.13875,-4.0226243067132808e-10
6.139,-4.0227503780182182e-10
6.13925,-4.0228784390138615e-10
6.1395,-4.0230081356951258e-10
6.13975,-4.0231391070182007e-10
6.14,-4.023271024249693e-10
6.14025,-4.0234035906677724e-10
6.1405,-4.0235365667553959e-10
6.14075,-4.0236697845957408e-10
6.141,-4.0238031383622447e-10
6.14125,-4.0239366108375313e-10
6.1415,-4.0240702512889391e-10
6.14175,-4.0242041954921728e-10
6.142,-4.024338678343255e-10
6.14225,-4.0244740244260287e-10
6.1425,-4.0246106570566169e-10
6.14275,-4.0247490846450304e-10
6.143,-4.0248898543612648e-10
6.14325,-4.0250335220570299e-10
6.1435,-4.0251806783710329e-10
6.14375,-4.0253318927958152e-10
6.144,-4.0254877120289041e-10
6.14425,-4.0256486310905257e-10
6.1445,-4.0258150615630167e-10
6.14475,-4.0259873538559343e-10
6.145,-4.0261657568059836e-10
6.14525,-4.0263504279019477e-10
6.1455,-4.0265414105168285e-10
6.14575,-4.0267386475809668e-10
6.146,-4.0269419936208785e-10
6.14625,-4.0271512478899008e-10
6.1465,-4.027366159288861e-10
6.14675,-4.0275864446411892e-10
6.147,-4.0278117781669329e-10
6.14725,-4.0280417987124986e-10
6.1475,-4.028276120179924e-10
6.14775,-4.028514316350854e-10
6.148,-4.0287559434803793e-10
6.14825,-4.0290005160628946e-10
6.1485,-4.0292475308687494e-10
6.14875,-4.0294965017523003e-10
6.149,-4.0297469323106488e-10
6.14925,-4.0299983411156242e-10
6.1495,-4.030250288876864e-10
6.14975,-4.0305023508406459e-10
6.15,-4.0307540917342234e-10
6.15025,-4.0310050809517953e-10
6.1505,-4.0312549416226231e-10
6.15075,-4.0315033557824965e-10
6.151,-4.0317500729418784e-10
6.15125,-4.0319949165552777e-10
6.1515,-4.0322377594370156e-10
6.15175,-4.0324785507686368e-10
6.152,-4.0327172671703331e-10
6.15225,-4.0329539221143819e-10
6.1525,-4.0331885660760962e-10
6.15275,-4.0334212709458611e-10
6.153,-4.0336521160346484e-10
6.15325,-4.0338811725254264e-10
6.1535,-4.034108519038018e-10
6.15375,-4.0343342366125246e-10
6.154,-4.0345584198281546e-10
6.15425,-4.0347811747022023e-10
6.1545,-4.0350026228486933e-10
6.15475,-4.0352229363879609e-10
6.155,-4.0354423518845318e-10
6.15525,-4.0356611443227921e-10
6.1555,-4.0358796407101815e-10
6.15575,-4.0360982396119641e-10
6.156,-4.0363173504018615e-10
6.15625,-4.0365373840792399e-10
6.1565,-4.0367587572794109e-10
6.15675,-4.0369818745847543e-10
6.157,-4.0372070984233388e-10
6.15725,-4.0374346698304679e-10
6.1575,-4.0376647351921028e-10
6.15775,-4.037897318137111e-10
6.158,-4.0381322934313442e-10
6.15825,-4.0383693615927498e-10
6.1585,-4.0386080452698262e-10
6.15875,-4.0388477188961646e-10
6.159,-4.0390875687797042e-10
6.15925,-4.0393266261270681e-10
6.1595,-4.0395637749461021e-10
6.15975,-4.0397977717991096e-10
6.16,-4.040027291200643e-10
6.16025,-4.0402509650532977e-10
6.1605,-4.0404674018594381e-10
6.16075,-4.040675242525242e-10
6.161,-4.0408731971319927e-10
6.16125,-4.0410600762032584e-10
6.1615,-4.0412348323889283e-10
6.16175,-4.0413965913424981e-10
6.162,-4.0415446641495539e-10
6.16225,-4.0416786019099139e-10
6.1625,-4.0417981753119206e-10
6.16275,-4.0419033996574375e-10
6.163,-4.0419945192991565e-10
6.16325,-4.0420720081916133e-10
6.1635,-4.0421365362765343e-10
6.16375,-4.0421889603381474e-10
6.164,-4.0422302873399266e-10
6.16425,-4.0422616210686104e-10
6.1645,-4.0422841613960935e-10
6.16475,-4.0422991781033149e-10
6.165,-4.0423079732687383e-10
6.16525,-4.042311897092734e-10
6.1655,-4.0423123089512022e-10
6.16575,-4.0423105726533782e-10
6.166,-4.0423080476843981e-10
6.16625,-4.0423060740402971e-10
6.1665,-4.0423059615814278e-10
6.16675,-4.0423090072453508e-10
6.167,-4.0423164957286582e-10
6.16725,-4.042329676362962e-10
6.1675,-4.0423497709942275e-10
6.16775,-4.0423779580153578e-10
6.168,-4.0424153367062129e-10
6.16825,-4.0424629204829373e-10
6.1685,-4.0425216230540792e-10
6.16875,-4.042592210626553e-10
6.169,-4.0426752635906346e-10
6.16925,-4.0427711586393012e-10
6.1695,-4.0428800459705268e-10
6.16975,-4.0430018296814212e-10
6.17,-4.0431361674112213e-10
6.17025,-4.0432824619220511e-10
6.1705,-4.0434398793869788e-10
6.17075,-4.0436073478251768e-10
6.171,-4.043783588210101e-10
6.17125,-4.043967157889776e-10
6.1715,-4.0441564563090851e-10
6.17175,-4.0443497585669752e-10
6.172,-4.0445452472642721e-10
6.17225,-4.0447410512796353e-10
6.1725,-4.044935268831736e-10
6.17275,-4.0451260101898196e-10
6.173,-4.0453114408716626e-10
6.17325,-4.0454897935464498e-10
6.1735,-4.0456594138903983e-10
6.17375,-4.0458187985610983e-10
6.174,-4.0459666200749263e-10
6.17425,-4.0461017767001108e-10
6.1745,-4.0462233920544083e-10
6.17475,-4.0463308745489092e-10
6.175,-4.0464239146282058e-10
6.17525,-4.0465025074889171e-10
6.1755,-4.0465669323105098e-10
6.17575,-4.0466177364395999e-10
6.176,-4.0466556988500507e-10
6.17625,-4.0466817966674958e-10
6.1765,-4.0466971772373193e-10
6.17675,-4.0467030986526556e-10
6.177,-4.0467008729245949e-10
6.17725,-4.0466918416602989e-10
6.1775,-4.046677314255936e-10
6.17775,-4.0466585408978405e-10
6.178,-4.0466366619219625e-10
6.17825,-4.0466126993483073e-10
6.1785,-4.0465875213166878e-10
6.17875,-4.0465618416646642e-10
6.179,-4.0465362199537909e-10
6.17925,-4.0465110617431653e-10
6.1795,-4.0464866253631352e-10
6.17975,-4.0464630445692555e-10
6.18,-4.0464403563841608e-10
6.18025,-4.0464185218059645e-10
6.1805,-4.0463974507083986e-10
6.18075,-4.0463770276803765e-10
6.181,-4.0463571166676023e-10
6.18125,-4.0463375753839779e-10
6.1815,-4.0463182675433809e-10
6.18175,-4.0462990665478729e-10
6.182,-4.0462798555809829e-10
6.18225,-4.0462605166718879e-10
6.1825,-4.0462409199719379e-10
6.18275,-4.0462209316839695e-10
6.183,-4.0462003956616767e-10
6.18325,-4.0461791428187779e-10
6.1835,-4.046157001629106e-10
6.18375,-4.0461338162157662e-10
6.184,-4.046109444399803e-10
6.18425,-4.0460837895477534e-10
6.1845,-4.0460567938183537e-10
6.18475,-4.0460284613582516e-10
6.185,-4.0459988616778266e-10
6.18525,-4.0459681348293453e-10
6.1855,-4.0459364957844722e-10
6.18575,-4.0459042050948665e-10
6.186,-4.0458715690960056e-10
6.18625,-4.0458389285919644e-10
6.1865,-4.0458066515850603e-10
6.18675,-4.0457751187845566e-10
6.187,-4.0457447094448158e-10
6.18725,-4.045715800879039e-10
6.1875,-4.0456887750549557e-10
6.18775,-4.0456640114428771e-10
6.188,-4.0456418809802107e-10
6.18825,-4.0456227488556023e-10
6.1885,-4.0456069658425781e-10
6.18875,-4.0455948913805268e-10
6.189,-4.0455868697060921e-10
6.18925,-4.0455832210309498e-10
6.1895,-4.04558422550453e-10
6.18975,-4.0455901031864489e-10
6.19,-4.0456010046392107e-10
6.19025,-4.0456170006939903e-10
6.1905,-4.0456380785893916e-10
6.19075,-4.0456641431506605e-10
6.191,-4.0456949904800561e-10
6.19125,-4.0457303297568148e-10
6.1915,-4.0457697832557432e-10
6.19175,-4.0458128902189545e-10
6.192,-4.0458591093959712e-10
6.19225,-4.0459078370071523e-10
6.1925,-4.0459584066134259e-10
6.19275,-4.0460101200546629e-10
6.193,-4.0460622410484587e-10
6.19325,-4.0461140259524623e-10
6.1935,-4.0461647373482695e-10
6.19375,-4.0462136365608434e-10
6.194,-4.0462600147162896e-10
6.19425,-4.0463032056963023e-10
6.1945,-4.0463425921303735e-10
6.19475,-4.0463776010713789e-10
6.195,-4.0464077271511229e-10
6.19525,-4.0464324973402707e-10
6.1955,-4.046451486579769e-10
6.19575,-4.0464643145211987e-10
6.196,-4.0464706091505948e-10
6.19625,-4.0464700062035922e-10
6.1965,-4.0464621249362613e-10
6.19675,-4.0464465577422561e-10
6.197,-4.046422872139486e-10
6.19725,-4.0463906281830651e-10
6.1975,-4.0463493637423567e-10
6.19775,-4.0462986168628923e-10
6.198,-4.0462379440090973e-10
6.19825,-4.0461669444204202e-10
6.1985,-4.0460852609768393e-10
6.19875,-4.0459926357925749e-10
6.199,-4.045888919242816e-10
6.19925,-4.0457740883775944e-10
6.1995,-4.0456482510935461e-10
6.19975,-4.0455116586814666e-10
6.2,-4.045364693988782e-10
6.20025,-4.0452078778262772e-10
6.2005,-4.0450418663326986e-10
6.20075,-4.0448674362669204e-10
6.201,-4.0446854516131695e-10
6.20125,-4.0444968434861959e-10
6.2015,-4.0443025947034223e-10
6.20175,-4.0441037248589916e-10
6.202,-4.0439012739161575e-10
6.20225,-4.0436962556157995e-10
6.2025,-4.0434896653414892e-10
6.20275,-4.0432824452987306e-10
6.203,-4.0430754734835288e-10
6.20325,-4.0428695644260473e-10
6.2035,-4.0426654694118259e-10
6.20375,-4.0424638471890893e-10
6.204,-4.0422652868376044e-10
6.20425,-4.0420702865094173e-10
6.2045,-4.0418792566481828e-10
6.20475,-4.0416925641387868e-10
6.205,-4.0415105048540429e-10
6.20525,-4.0413333034000848e-10
6.2055,-4.0411611346220689e-10
6.20575,-4.0409941071884021e-10
6.206,-4.0408322782797563e-10
6.20625,-4.0406756614713624e-10
6.2065,-4.0405242263526208e-10
6.20675,-4.0403778961483603e-10
6.207,-4.0402365568376798e-10
6.20725,-4.0401000344634311e-10
6.2075,-4.0399680935914348e-10
6.20775,-4.0398404695878149e-10
6.208,-4.0397168472804469e-10
6.20825,-4.0395968595609683e-10
6.2085,-4.0394800776987367e-10
6.20875,-4.0393660213896484e-10
6.209,-4.0392541549081906e-10
6.20925,-4.0391439038118315e-10
6.2095,-4.0390346291635416e-10
6.20975,-4.0389256525732456e-10
6.21,-4.0388162442037217e-10
6.21025,-4.0387056360680467e-10
6.2105,-4.0385930309256493e-10
6.21075,-4.0384776282331881e-10
6.211,-4.0383586058158333e-10
6.21125,-4.0382351575188888e-10
6.2115,-4.0381064830655328e-10
6.21175,-4.0379718214809835e-10
6.212,-4.0378304657817701e-10
6.21225,-4.0376817649603191e-10
6.2125,-4.0375251255805893e-10
6.21275,-4.0373600341375563e-10
6.213,-4.0371860352417735e-10
6.21325,-4.0370027329127775e-10
6.2135,-4.0368098135940528e-10
6.21375,-4.0366070448542699e-10
6.214,-4.036394282868995e-10
6.21425,-4.0361714731226377e-10
6.2145,-4.0359386330858015e-10
6.21475,-4.0356958909096146e-10
6.215,-4.0354434506103001e-10
6.21525,-4.0351816074664526e-10
6.2155,-4.0349107597397968e-10
6.21575,-4.0346313902145666e-10
6.216,-4.0343440572426311e-10
6.21625,-4.0340494083359758e-10
6.2165,-4.0337481525500512e-10
6.21675,-4.0334410564433468e-10
6.217,-4.0331289144642697e-10
6.21725,-4.0328125370659143e-10
6.2175,-4.0324927475638192e-10
6.21775,-4.0321703635598033e-10
6.218,-4.0318461843383438e-10
6.21825,-4.0315209984817529e-10
6.2185,-4.0311955736716177e-10
6.21875,-4.0308706349099453e-10
6.219,-4.0305468896559345e-10
6.21925,-4.0302250291455599e-10
6.2195,-4.0299057043839826e-10
6.21975,-4.0295895382028744e-10
6.22,-4.0292771151786046e-10
6.22025,-4.0289689707705326e-10
6.2205,-4.0286655783346431e-10
6.22075,-4.0283673662566665e-10
6.221,-4.0280746747129075e-10
6.22125,-4.027787715050201e-10
6.2215,-4.0275066358913158e-10
6.22175,-4.0272314601387422e-10
6.222,-4.0269621056981726e-10
6.22225,-4.0266984026577026e-10
6.2225,-4.0264400682924553e-10
6.22275,-4.0261867577006156e-10
6.223,-4.0259380452313611e-10
6.22325,-4.025693439548798e-10
6.2235,-4.0254524439682996e-10
6.22375,-4.0252145427267771e-10
6.224,-4.0249792115721693e-10
6.22425,-4.0247459335755685e-10
6.2245,-4.0245142150423881e-10
6.22475,-4.0242835887677197e-10
6.225,-4.0240536248586579e-10
6.22525,-4.0238239299443487e-10
6.2255,-4.0235941731854737e-10
6.22575,-4.0233640511664817e-10
6.226,-4.0231333019250765e-10
6.22625,-4.0229016805416043e-10
6.2265,-4.0226689737654426e-10
6.22675,-4.0224349969818695e-10
6.227,-4.0221996037850731e-10
6.22725,-4.0219626549955994e-10
6.2275,-4.0217240268269925e-10
6.22775,-4.0214836324280757e-10
6.228,-4.021241412791265e-10
6.22825,-4.0209973233967082e-10
6.2285,-4.0207513468130764e-10
6.22875,-4.0205035176894505e-10
6.229,-4.0202539202799038e-10
6.22925,-4.0200026860039378e-10
6.2295,-4.0197499864951676e-10
6.22975,-4.0194960621372691e-10
6.23,-4.0192412015751023e-10
6.23025,-4.0189857398971845e-10
6.2305,-4.0187300832676675e-10
6.23075,-4.0184747073625797e-10
6.231,-4.0182200889592815e-10
6.23125,-4.0179667270222965e-10
6.2315,-4.0177151667326217e-10
6.23175,-4.0174659606745498e-10
6.232,-4.0172196494287997e-10
6.23225,-4.0169767946369111e-10
6.2325,-4.0167378398636329e-10
6.23275,-4.0165032098844964e-10
6.233,-4.0162733063234668e-10
6.23325,-4.0160484219026569e-10
6.2335,-4.0158287805691147e-10
6.23375,-4.0156145414945223e-10
6.234,-4.0154057858682938e-10
6.23425,-4.0152025395419516e-10
6.2345,-4.0150047889275198e-10
6.23475,-4.0148124924658165e-10
6.235,-4.0146255984083029e-10
6.23525,-4.0144440320072623e-10
6.2355,-4.0142677218834975e-10
6.23575,-4.0140966053689776e-10
6.236,-4.0139306305535422e-10
6.23625,-4.0137697969721499e-10
6.2365,-4.0136141070561828e-10
6.23675,-4.0134635655359104e-10
6.237,-4.0133181559861155e-10
6.23725,-4.0131778468663707e-10
6.2375,-4.0130425928826785e-10
6.23775,-4.0129123338179307e-10
6.238,-4.0127869723475494e-10
6.23825,-4.0126663916473724e-10
6.2385,-4.0125504552717991e-10
6.23875,-4.0124389811594184e-10
6.239,-4.0123317571915294e-10
6.23925,-4.0122285764448787e-10
6.2395,-4.0121292001024875e-10
6.23975,-4.0120334073680489e-10
6.24,-4.0119409391643422e-10
6.24025,-4.0118515684769708e-10
6.2405,-4.0117650443337306e-10
6.24075,-4.0116811179156363e-10
6.241,-4.0115995793720864e-10
6.24125,-4.0115202157101979e-10
6.2415,-4.0114428168820724e-10
6.24175,-4.0113672202469949e-10
6.242,-4.0112932864710108e-10
6.24225,-4.0112209362040024e-10
6.2425,-4.0111501369668862e-10
6.24275,-4.0110809171415795e-10
6.243,-4.01101336838144e-10
6.24325,-4.0109476660324336e-10
6.2435,-4.0108840327174584e-10
6.24375,-4.0108227488021393e-10
6.244,-4.0107641543374289e-10
6.24425,-4.0107086334092128e-10
6.2445,-4.0106565887789118e-10
6.24475,-4.0106084321578651e-10
6.245,-4.0105645503767775e-10
6.24525,-4.0105252927485964e-10
6.2455,-4.0104909561975616e-10
6.24575,-4.0104617417627896e-10
6.246,-4.0104377629731529e-10
6.24625,-4.0104190308649513e-10
6.2465,-4.0104054722682826e-10
6.24675,-4.010396938251339e-10
6.247,-4.0103932034471973e-10
6.24725,-4.0103939782213768e-10
6.2475,-4.0103989309131531e-10
6.24775,-4.010407720114306e-10
6.248,-4.0104200027226909e-10
6.24825,-4.0104354613094131e-10
6.2485,-4.0104538129052529e-10
6.24875,-4.0104748406921097e-10
6.249,-4.0104984302513933e-10
6.24925,-4.0105245214037986e-10
6.2495,-4.010553075894025e-10
6.24975,-4.010584084265448e-10
6.25,-4.0106175713890659e-10
6.25025,-4.0106536072364459e-10
6.2505,-4.0106922984414488e-10
6.25075,-4.0107337905998808e-10
6.251,-4.0107782351847352e-10
6.25125,-4.0108257730920374e-10
6.2515,-4.0108765361471246e-10
6.25175,-4.0109306363840996e-10
6.252,-4.0109881475250279e-10
6.25225,-4.0110491183748024e-10
6.2525,-4.0111135704473496e-10
6.25275,-4.011181492643833e-10
6.253,-4.0112528401462303e-10
6.25325,-4.0113275503579811e-10
6.2535,-4.0114055323390995e-10
6.25375,-4.0114866716773521e-10
6.254,-4.0115708468045587e-10
6.25425,-4.0116579232777489e-10
6.2545,-4.0117477672346022e-10
6.25475,-4.0118402471652877e-10
6.255,-4.0119352494249955e-10
6.25525,-4.0120326872638123e-10
6.2555,-4.0121324947127081e-10
6.25575,-4.0122346255838065e-10
6.256,-4.0123390757256013e-10
6.25625,-4.0124458659651132e-10
6.2565,-4.012555043930918e-10
6.25675,-4.0126666588805225e-10
6.257,-4.0127807477931782e-10
6.25725,-4.0128973432534769e-10
6.2575,-4.0130164570277925e-10
6.25775,-4.0131380819769147e-10
6.258,-4.0132621896437532e-10
6.25825,-4.0133887270994565e-10
6.2585,-4.0135176223291812e-10
6.25875,-4.0136487840190212e-10
6.259,-4.0137821061673005e-10
6.25925,-4.0139174628058241e-10
6.2595,-4.0140547153422833e-10
6.25975,-4.0141937162396589e-10
6.26,-4.014334325671888e-10
6.26025,-4.0144764071086426e-10
6.2605,-4.014619826161338e-10
6.26075,-4.0147644524270071e-10
6.261,-4.014910157262075e-10
6.26125,-4.0150567988175565e-10
6.2615,-4.0152042049672086e-10
6.26175,-4.0153521693463372e-10
6.262,-4.0155004564469497e-10
6.26225,-4.0156488026314211e-10
6.2625,-4.0157969349246252e-10
6.26275,-4.015944579838011e-10
6.263,-4.016091469992141e-10
6.26325,-4.0162373547738092e-10
6.2635,-4.0163820056753577e-10
6.26375,-4.016525214003745e-10
6.264,-4.0166667881933256e-10
6.26425,-4.0168065554798407e-10
6.2645,-4.0169443597860212e-10
6.26475,-4.0170800556968855e-10
6.265,-4.0172135116321591e-10
6.26525,-4.0173446027135467e-10
6.2655,-4.0174732076153627e-10
6.26575,-4.0175992099452356e-10
6.266,-4.017722501786115e-10
6.26625,-4.0178429983765015e-10
6.2665,-4.0179606535265097e-10
6.26675,-4.0180754826994154e-10
6.267,-4.0181875806326188e-10
6.26725,-4.0182971335456397e-10
6.2675,-4.0184044226854513e-10
6.26775,-4.0185098155360529e-10
6.268,-4.0186137602458088e-10
6.26825,-4.0187167711521156e-10
6.2685,-4.0188194265718818e-10
6.26875,-4.018922350831082e-10
6.269,-4.0190262061442497e-10
6.26925,-4.0191316727869135e-10
6.2695,-4.0192394222427106e-10
6.26975,-4.0193500838625961e-10
6.27,-4.0194642265810485e-10
6.27025,-4.0195823478584818e-10
6.2705,-4.0197048776087091e-10
6.27075,-4.0198321804620101e-10
6.271,-4.0199645616942203e-10
6.27125,-4.0201022743911069e-10
6.2715,-4.0202455125107896e-10
6.27175,-4.0203944139571837e-10
6.272,-4.0205490520077618e-10
6.27225,-4.0207094348168063e-10
6.2725,-4.0208754911573043e-10
6.27275,-4.021047074695242e-10
6.273,-4.0212239796917212e-10
6.27325,-4.0214059401338377e-10
6.2735,-4.0215926426755868e-10
6.27375,-4.021783745692183e-10
6.274,-4.0219788307900538e-10
6.27425,-4.022177387780995e-10
6.2745,-4.0223788525745804e-10
6.27475,-4.0225826405308162e-10
6.275,-4.0227881745410351e-10
6.27525,-4.0229949175479191e-10
6.2755,-4.0232023857396973e-10
6.27575,-4.0234101571621097e-10
6.276,-4.0236178861296567e-10
6.27625,-4.0238253073526271e-10
6.2765,-4.0240322516658132e-10
6.27675,-4.0242386470226378e-10
6.277,-4.0244445134010743e-10
6.27725,-4.0246499509763652e-10
6.2775,-4.0248551334433922e-10
6.27775,-4.0250602871186491e-10
6.278,-4.0252656754467925e-10
6.27825,-4.025471588220615e-10
6.2785,-4.0256783240338318e-10
6.27875,-4.0258861886770638e-10
6.279,-4.0260954878824852e-10
6.27925,-4.0263065254679004e-10
6.2795,-4.0265196119162873e-10
6.27975,-4.0267350678185945e-10
6.28,-4.0269532109813086e-10
6.28025,-4.0271743728790695e-10
6.2805,-4.0273988858869657e-10
6.28075,-4.0276270778424974e-10
6.281,-4.0278592581497903e-10
6.28125,-4.0280957154824644e-10
6.2815,-4.0283367073755343e-10
6.28175,-4.028582444321361e-10
6.282,-4.0288330960905823e-10
6.28225,-4.0290887689472746e-10
6.2825,-4.029349500493132e-10
6.28275,-4.0296152570303537e-10
6.283,-4.0298859240617539e-10
6.28325,-4.0301613005956786e-10
6.2835,-4.0304410980043864e-10
6.28375,-4.0307249310895013e-10
6.284,-4.031012315795603e-10
6.28425,-4.0313026763011699e-10
6.2845,-4.0315953442536081e-10
6.28475,-4.0318895841353319e-10
6.285,-4.0321845943395663e-10
6.28525,-4.032479510750491e-10
6.2855,-4.0327734442894308e-10
6.28575,-4.0330654855639733e-10
6.286,-4.0333547134976562e-10
6.28625,-4.0336402163026789e-10
6.2865,-4.0339211255624781e-10
6.28675,-4.0341966267760445e-10
6.287,-4.0344659802531199e-10
6.28725,-4.0347285425253618e-10
6.2875,-4.0349837832402622e-10
6.28775,-4.0352312964809085e-10
6.288,-4.0354708179227326e-10
6.28825,-4.0357022261750622e-10
6.2885,-4.0359255414415133e-10
6.28875,-4.036140941812965e-10
6.289,-4.0363487499542071e-10
6.28925,-4.036549429396714e-10
6.2895,-4.0367435805648e-10
6.28975,-4.0369319206401779e-10
6.29,-4.037115257162403e-10
6.29025,-4.037294460492109e-10
6.2905,-4.0374704674805602e-10
6.29075,-4.0376442576859164e-10
6.291,-4.0378168452120665e-10
6.29125,-4.0379892727128634e-10
6.2915,-4.0381626021569406e-10
6.29175,-4.0383378980606959e-10
6.292,-4.0385162271988564e-10
6.29225,-4.0386986418735759e-10
6.2925,-4.0388861817033417e-10
6.29275,-4.0390798458976554e-10
6.293,-4.039280580681761e-10
6.29325,-4.0394892573828093e-10
6.2935,-4.0397066738189508e-10
6.29375,-4.0399335285337658e-10
6.294,-4.040170399401278e-10
6.29425,-4.040417745277742e-10
6.2945,-4.0406758856044336e-10
6.29475,-4.0409449955386808e-10
6.295,-4.0412251202251891e-10
6.29525,-4.0415161639433054e-10
6.2955,-4.0418178990164487e-10
6.29575,-4.0421299725197057e-10
6.296,-4.0424519349389236e-10
6.29625,-4.0427832291040938e-10
6.2965,-4.0431231709691102e-10
6.29675,-4.043470994858812e-10
6.297,-4.0438258051649423e-10
6.29725,-4.0441866075657301e-10
6.2975,-4.0445522972302609e-10
6.29775,-4.0449216799623992e-10
6.298,-4.0452934473422896e-10
6.29825,-4.0456661962273736e-10
6.2985,-4.0460384408697458e-10
6.29875,-4.0464086331407924e-10
6.299,-4.046775198937255e-10
6.29925,-4.0471365686053257e-10
6.2995,-4.0474912176179465e-10
6.29975,-4.0478377027473761e-10
6.3,-4.0481746997587073e-10
6.30025,-4.0485010489224675e-10
6.3005,-4.0488157614251658e-10
6.30075,-4.0491180555319273e-10
6.301,-4.0494073689671984e-10
6.30125,-4.0496833652204709e-10
6.3015,-4.0499459562974202e-10
6.30175,-4.0501952737874641e-10
6.302,-4.0504316721240965e-10
6.30225,-4.0506557022282932e-10
6.3025,-4.0508680849377726e-10
6.30275,-4.051069682738059e-10
6.303,-4.0512614469070457e-10
6.30325,-4.0514443755798792e-10
6.3035,-4.0516194832197921e-10
6.30375,-4.0517877718350806e-10
6.304,-4.0519501673841806e-10
6.30425,-4.0521074811540346e-10
6.3045,-4.0522604093783845e-10
6.30475,-4.0524095087493957e-10
6.305,-4.052555186846389e-10
6.30525,-4.0526977027326707e-10
6.3055,-4.0528371894746902e-10
6.30575,-4.0529736559680418e-10
6.306,-4.0531070112894275e-10
6.30625,-4.0532371054129271e-10
6.3065,-4.0533637122805548e-10
6.30675,-4.0534865954499791e-10
6.307,-4.0536054996321642e-10
6.30725,-4.0537201921535934e-10
6.3075,-4.0538304798690765e-10
6.30775,-4.0539362121835244e-10
6.308,-4.0540373047776839e-10
6.30825,-4.0541337291046949e-10
6.3085,-4.0542255500051527e-10
6.30875,-4.0543128938613094e-10
6.309,-4.0543959846874675e-10
6.30925,-4.054475055516533e-10
6.3095,-4.0545505066586622e-10
6.30975,-4.0546227388519045e-10
6.31,-4.0546921786859781e-10
6.31025,-4.0547591877070415e-10
6.3105,-4.0548241341580037e-10
6.31075,-4.0548874386372475e-10
6.311,-4.0549494030821556e-10
6.31125,-4.0550101548528858e-10
6.3115,-4.0550697961419259e-10
6.31175,-4.0551284324879654e-10
6.312,-4.0551860343140035e-10
6.31225,-4.0552424463900075e-10
6.3125,-4.0552975175627263e-10
6.31275,-4.0553511395253714e-10
6.313,-4.0554031849890444e-10
6.31325,-4.0554534412993892e-10
6.3135,-4.0555017752082926e-10
6.31375,-4.0555481490246636e-10
6.314,-4.055592535059475e-10
6.31425,-4.0556348762287206e-10
6.3145,-4.0556752582230367e-10
6.31475,-4.0557137697900082e-10
6.315,-4.0557504476659311e-10
6.31525,-4.0557854419498239e-10
6.3155,-4.0558188847882804e-10
6.31575,-4.0558508834623051e-10
6.316,-4.0558814466088578e-10
6.31625,-4.0559105819336993e-10
6.3165,-4.0559383297240327e-10
6.31675,-4.0559646372978672e-10
6.317,-4.0559893102370023e-10
6.31725,-4.0560121143306486e-10
6.3175,-4.0560328160562411e-10
6.31775,-4.05605107378125e-10
6.318,-4.0560663889572715e-10
6.31825,-4.0560782856530575e-10
6.3185,-4.0560862950111115e-10
6.31875,-4.0560899680920445e-10
6.319,-4.0560887822853304e-10
6.31925,-4.0560823475569655e-10
6.3195,-4.0560703363407162e-10
6.31975,-4.0560524769047734e-10
6.32,-4.0560285122059325e-10
6.32025,-4.0559983619948831e-10
6.3205,-4.0559620152175368e-10
6.32075,-4.0559194990347644e-10
6.321,-4.0558708337213852e-10
6.32125,-4.055816129675227e-10
6.3215,-4.0557554903128639e-10
6.32175,-4.0556889945580774e-10
6.322,-4.0556166024553838e-10
6.32225,-4.0555383017998567e-10
6.3225,-4.0554540432717534e-10
6.32275,-4.055363683877161e-10
6.323,-4.0552669347716598e-10
6.32325,-4.0551634564629329e-10
6.3235,-4.0550529047600066e-10
6.32375,-4.0549348384029467e-10
6.324,-4.0548087110135643e-10
6.32425,-4.0546739807552361e-10
6.3245,-4.0545301466636484e-10
6.32475,-4.0543766983513552e-10
6.325,-4.0542131353194983e-10
6.32525,-4.0540390488046412e-10
6.3255,-4.0538541688965299e-10
6.32575,-4.0536583322705543e-10
6.326,-4.0534514710511012e-10
6.32625,-4.0532337004265235e-10
6.3265,-4.053005368060085e-10
6.32675,-4.0527669718780125e-10
6.327,-4.052519126375586e-10
6.32725,-4.0522626904838732e-10
6.3275,-4.0519986477327147e-10
6.32775,-4.0517281117655478e-10
6.328,-4.0514522601728623e-10
6.32825,-4.051172396644044e-10
6.3285,-4.0508898553341618e-10
6.32875,-4.0506059716356131e-10
6.329,-4.0503220307255672e-10
6.32925,-4.0500393013774964e-10
6.3295,-4.0497589481325131e-10
6.32975,-4.0494820283684701e-10
6.33,-4.0492094314187302e-10
6.33025,-4.0489419554211547e-10
6.3305,-4.0486802309040114e-10
6.33075,-4.0484247245384929e-10
6.331,-4.048175730285027e-10
6.33125,-4.0479334063397174e-10
6.3315,-4.0476978238378733e-10
6.33175,-4.0474689248809577e-10
6.332,-4.0472465606870689e-10
6.33225,-4.0470305400842874e-10
6.3325,-4.0468206698617541e-10
6.33275,-4.0466167542993223e-10
6.333,-4.046418598391334e-10
6.33325,-4.0462260486588643e-10
6.3335,-4.0460390136600005e-10
6.33375,-4.0458574505539935e-10
6.334,-4.0456813371073753e-10
6.33425,-4.0455106923019369e-10
6.3345,-4.0453455331356864e-10
6.33475,-4.0451858491099999e-10
6.335,-4.0450315644003102e-10
6.33525,-4.0448825357323566e-10
6.3355,-4.0447384867260945e-10
6.33575,-4.0445990135337392e-10
6.336,-4.0444635640252953e-10
6.33625,-4.0443314134339389e-10
6.3365,-4.0442016802060686e-10
6.33675,-4.0440733262319621e-10
6.337,-4.0439451465415433e-10
6.33725,-4.0438157919349369e-10
6.3375,-4.0436837832458335e-10
6.33775,-4.0435475305766747e-10
6.338,-4.043405399134068e-10
6.33825,-4.0432557676313705e-10
6.3385,-4.043097073558626e-10
6.33875,-4.0429278527658382e-10
6.339,-4.0427467939396897e-10
6.33925,-4.0425528306024988e-10
6.3395,-4.0423451509903773e-10
6.33975,-4.0421232348938613e-10
6.34,-4.0418868780562475e-10
6.34025,-4.041636230131711e-10
6.3405,-4.0413717696697748e-10
6.34075,-4.0410942982862008e-10
6.341,-4.0408049066999011e-10
6.34125,-4.0405049493169049e-10
6.3415,-4.0401959875205266e-10
6.34175,-4.0398797036422409e-10
6.342,-4.0395578603234876e-10
6.34225,-4.0392322420581307e-10
6.3425,-4.0389045843487499e-10
6.34275,-4.0385765199597825e-10
6.343,-4.038249531402792e-10
6.34325,-4.0379249209209418e-10
6.3435,-4.0376037702857564e-10
6.34375,-4.0372869608259619e-10
6.344,-4.0369751283893296e-10
6.34425,-4.0366686940565856e-10
6.3445,-4.0363678677538221e-10
6.34475,-4.0360726788211484e-10
6.345,-4.0357830112999669e-10
6.34525,-4.0354986165900736e-10
6.3455,-4.0352191631409926e-10
6.34575,-4.0349442714565552e-10
6.346,-4.0346735288842127e-10
6.34625,-4.0344065303799493e-10
6.3465,-4.0341428917404267e-10
6.34675,-4.0338822775036653e-10
6.347,-4.0336244195706358e-10
6.34725,-4.0333691375063259e-10
6.3475,-4.0331163369938305e-10
6.34775,-4.0328659959014463e-10
6.348,-4.0326181824780699e-10
6.34825,-4.0323730411258878e-10
6.3485,-4.0321307805761336e-10
6.34875,-4.0318916618039168e-10
6.349,-4.0316559653611243e-10
6.34925,-4.0314239729069704e-10
6.3495,-4.0311959409141345e-10
6.34975,-4.0309720707049526e-10
6.35,-4.0307525035880981e-10
6.35025,-4.0305372893036617e-10
6.3505,-4.0303263817650865e-10
6.35075,-4.0301195963086712e-10
6.351,-4.0299166601591639e-10
6.35125,-4.0297171650339249e-10
6.3515,-4.0295205982410409e-10
6.35175,-4.0293263463551721e-10
6.352,-4.02913371645884e-10
6.35225,-4.0289419604828787e-10
6.3525,-4.0287503021440785e-10
6.35275,-4.0285579721740939e-10
6.353,-4.0283642167596295e-10
6.35325,-4.0281683392386721e-10
6.3535,-4.0279697047894299e-10
6.35375,-4.0277677817123711e-10
6.354,-4.0275621352900565e-10
6.35425,-4.0273524609883232e-10
6.3545,-4.0271385926678724e-10
6.35475,-4.0269205074495438e-10
6.355,-4.0266983225067406e-10
6.35525,-4.0264722871294783e-10
6.3555,-4.0262427767532753e-10
6.35575,-4.0260102624687324e-10
6.356,-4.0257752967376579e-10
6.35625,-4.025538483581928e-10
6.3565,-4.0253004390390131e-10
6.35675,-4.0250617545096596e-10
6.357,-4.0248229665368183e-10
6.35725,-4.024584522764789e-10
6.3575,-4.0243467710215862e-10
6.35775,-4.0241099531231796e-10
6.358,-4.0238741791685376e-10
6.35825,-4.0236394447322403e-10
6.3585,-4.0234056290621439e-10
6.35875,-4.0231725221695769e-10
6.359,-4.0229398449133173e-10
6.35925,-4.0227072782567071e-10
6.3595,-4.0224745048975988e-10
6.35975,-4.0222412200658148e-10
6.36,-4.0220071528129352e-10
6.36025,-4.0217720945688947e-10
6.3605,-4.0215359256080323e-10
6.36075,-4.0212986087291236e-10
6.361,-4.0210602128907498e-10
6.36125,-4.0208209026595147e-10
6.3615,-4.0205809277695949e-10
6.36175,-4.0203406327922048e-10
6.362,-4.020100421903324e-10
6.36225,-4.0198607530920447e-10
6.3625,-4.0196221044567147e-10
6.36275,-4.0193849845412925e-10
6.363,-4.0191498937815354e-10
6.36325,-4.01891732600697e-10
6.3635,-4.018687744867336e-10
6.36375,-4.0184615837882451e-10
6.364,-4.018239206311188e-10
6.36425,-4.0180209054357156e-10
6.3645,-4.0178068928638488e-10
6.36475,-4.017597282147984e-10
6.365,-4.017392092294112e-10
6.36525,-4.0171912378356775e-10
6.3655,-4.0169945209003741e-10
6.36575,-4.016801645280609e-10
6.366,-4.0166122064566347e-10
6.36625,-4.0164257176547411e-10
6.3665,-4.0162416096214674e-10
6.36675,-4.0160592396149528e-10
6.367,-4.0158779241343234e-10
6.36725,-4.0156969669061994e-10
6.3675,-4.0155156911436562e-10
6.36775,-4.015333460924878e-10
6.368,-4.0151496998410015e-10
6.36825,-4.0149639082779578e-10
6.3685,-4.0147756796085552e-10
6.36875,-4.0145847158536184e-10
6.369,-4.0143908480785046e-10
6.36925,-4.0141940177700332e-10
6.3695,-4.0139942861546992e-10
6.36975,-4.0137918188082465e-10
6.37,-4.0135868832254012e-10
6.37025,-4.0133797991099214e-10
6.3705,-4.0131709467757089e-10
6.37075,-4.0129607483226606e-10
6.371,-4.0127496362579626e-10
6.37125,-4.0125380574910265e-10
6.3715,-4.0123264626040505e-10
6.37175,-4.0121152886142827e-10
6.372,-4.0119049571160649e-10
6.37225,-4.011695873696796e-10
6.3725,-4.0114884093822548e-10
6.37275,-4.0112828860773532e-10
6.373,-4.0110795810914503e-10
6.37325,-4.0108787662931787e-10
6.3735,-4.0106806909579577e-10
6.37375,-4.0104856317140093e-10
6.374,-4.0102938232072938e-10
6.37425,-4.0101054706078592e-10
6.3745,-4.0099207677085795e-10
6.37475,-4.0097399183238843e-10
6.375,-4.0095631599611137e-10
6.37525,-4.009390764297628e-10
6.3755,-4.0092230294605349e-10
6.37575,-4.0090602785127171e-10
6.376,-4.0089028225271675e-10
6.37625,-4.0087509676617623e-10
6.3765,-4.0086050003508673e-10
6.37675,-4.0084651865153102e-10
6.377,-4.0083317576333274e-10
6.37725,-4.0082048657873805e-10
6.3775,-4.008084639028669e-10
6.37775,-4.0079711193856689e-10
6.378,-4.0078642845667375e-10
6.37825,-4.0077640393541105e-10
6.3785,-4.0076702236252116e-10
6.37875,-4.0075826154273328e-10
6.379,-4.0075009149049992e-10
6.37925,-4.0074247728681222e-10
6.3795,-4.0073538165906757e-10
6.37975,-4.0072876626617405e-10
6.38,-4.0072259093900597e-10
6.38025,-4.0071681416614892e-10
6.3805,-4.0071139586066247e-10
6.38075,-4.0070629811331452e-10
6.381,-4.0070148621921472e-10
6.38125,-4.0069693124499584e-10
6.3815,-4.0069260929161378e-10
6.38175,-4.0068849741633426e-10
6.382,-4.0068457747683054e-10
6.38225,-4.0068083493440458e-10
6.3825,-4.0067726074262849e-10
6.38275,-4.0067385355040272e-10
6.383,-4.0067061736329712e-10
6.38325,-4.0066756242603379e-10
6.3835,-4.0066470574735645e-10
6.38375,-4.0066206868815044e-10
6.384,-4.0065968110907473e-10
6.38425,-4.0065757462452581e-10
6.3845,-4.0065578435458559e-10
6.38475,-4.0065434909883232e-10
6.385,-4.0065330991906443e-10
6.38525,-4.0065270911728986e-10
6.3855,-4.0065258808144377e-10
6.38575,-4.0065298343034736e-10
6.386,-4.0065392848674569e-10
6.38625,-4.0065545018985567e-10
6.3865,-4.0065756764884537e-10
6.38675,-4.0066029337790421e-10
6.387,-4.006636320898126e-10
6.38725,-4.0066758354805392e-10
6.3875,-4.0067214307762493e-10
6.38775,-4.0067730756472508e-10
6.388,-4.0068307065777788e-10
6.38825,-4.0068942667939669e-10
6.3885,-4.0069637256411766e-10
6.38875,-4.0070390463249409e-10
6.389,-4.0071202106450282e-10
6.38925,-4.007207198122364e-10
6.3895,-4.0072999689444238e-10
6.38975,-4.0073984364982911e-10
6.39,-4.0075025137656106e-10
6.39025,-4.0076120701995904e-10
6.3905,-4.00772691663766e-10
6.39075,-4.007846835318036e-10
6.391,-4.0079715613256018e-10
6.39125,-4.0081007913766476e-10
6.3915,-4.0082341883085651e-10
6.39175,-4.0083713912006534e-10
6.392,-4.0085120115101716e-10
6.39225,-4.0086556736853798e-10
6.3925,-4.0088020066293473e-10
6.39275,-4.0089506581389244e-10
6.393,-4.0091013094122858e-10
6.39325,-4.0092536739187764e-10
6.3935,-4.0094075071509029e-10
6.39375,-4.0095625793853513e-10
6.394,-4.0097187051288715e-10
6.39425,-4.0098757048315853e-10
6.3945,-4.0100334217734188e-10
6.39475,-4.0101917456679349e-10
6.395,-4.010350612433599e-10
6.39525,-4.0105099890087728e-10
6.3955,-4.0106698904807711e-10
6.39575,-4.0108303985266168e-10
6.396,-4.0109916357883887e-10
6.39625,-4.0111537691942446e-10
6.3965,-4.0113170077462938e-10
6.39675,-4.0114815720427478e-10
6.397,-4.011647744448744e-10
6.39725,-4.0118158530293425e-10
6.3975,-4.01198625128621e-10
6.39775,-4.0121593581247998e-10
6.398,-4.0123355811184295e-10
6.39825,-4.0125153120994451e-10
6.3985,-4.0126988811254561e-10
6.39875,-4.0128865961692454e-10
6.399,-4.0130787137294229e-10
6.39925,-4.0132754885374413e-10
6.3995,-4.0134771639801756e-10
6.39975,-4.0136839217981018e-10
6.4,-4.0138959552084368e-10
6.40025,-4.0141133942351553e-10
6.4005,-4.0143363588634919e-10
6.40075,-4.0145649483284001e-10
6.401,-4.0147992399401729e-10
6.40125,-4.015039297340502e-10
6.4015,-4.0152851499641439e-10
6.40175,-4.0155368266307932e-10
6.402,-4.0157943206153594e-10
6.40225,-4.0160575955445845e-10
6.4025,-4.0163265680615872e-10
6.40275,-4.0166011221284836e-10
6.403,-4.0168811117799524e-10
6.40325,-4.0171663463452797e-10
6.4035,-4.0174566132138968e-10
6.40375,-4.017751670419807e-10
6.404,-4.018051261208494e-10
6.40425,-4.0183551145212734e-10
6.4045,-4.0186629642854745e-10
6.40475,-4.0189745386683004e-10
6.405,-4.0192895761756918e-10
6.40525,-4.019607830224635e-10
6.4055,-4.0199290705248784e-10
6.40575,-4.0202530681411372e-10
6.406,-4.0205795854018087e-10
6.40625,-4.0209083778938962e-10
6.4065,-4.0212391953893345e-10
6.40675,-4.0215717563317524e-10
6.407,-4.0219057692424396e-10
6.40725,-4.0222408994439486e-10
6.4075,-4.0225767830408114e-10
6.40775,-4.0229130242090315e-10
6.408,-4.0232491748963527e-10
6.40825,-4.0235847437942395e-10
6.4085,-4.0239192014395436e-10
6.40875,-4.024251982530283e-10
6.409,-4.0245825102718274e-10
6.40925,-4.0249101982932247e-10
6.4095,-4.0252344627296356e-10
6.40975,-4.0255547703190363e-10
6.41,-4.0258706302448322e-10
6.41025,-4.0261816107718652e-10
6.4105,-4.0264873607119507e-10
6.41075,-4.0267876124870974e-10
6.411,-4.0270821911622201e-10
6.41125,-4.0273710297039726e-10
6.4115,-4.0276541688434602e-10
6.41175,-4.0279317539575701e-10
6.412,-4.0282040099959735e-10
6.41225,-4.0284712474127628e-10
6.4125,-4.0287338362678832e-10
6.41275,-4.0289921773884132e-10
6.413,-4.0292466722810304e-10
6.41325,-4.0294977037853217e-10
6.4135,-4.029745626640017e-10
6.41375,-4.029990752210341e-10
6.414,-4.0302333292746515e-10
6.41425,-4.0304735334420731e-10
6.4145,-4.0307114638438087e-10
6.41475,-4.0309471329634979e-10
6.415,-4.0311804828305134e-10
6.41525,-4.0314113960289404e-10
6.4155,-4.0316397178918896e-10
6.41575,-4.0318652979888864e-10
6.416,-4.0320880099981499e-10
6.41625,-4.0323077750787291e-10
6.4165,-4.0325246122774549e-10
6.41675,-4.0327386301589971e-10
6.417,-4.0329500631582238e-10
6.41725,-4.0331592790621228e-10
6.4175,-4.0333667954350587e-10
6.41775,-4.0335732294212282e-10
6.418,-4.0337793100621071e-10
6.41825,-4.0339858449499742e-10
6.4185,-4.0341936699190655e-10
6.41875,-4.0344036580932853e-10
6.419,-4.0346166702675167e-10
6.41925,-4.0348335155980576e-10
6.4195,-4.0350549363398926e-10
6.41975,-4.0352815801260865e-10
6.42,-4.03551398091721e-10
6.42025,-4.0357525516891475e-10
6.4205,-4.0359975760171916e-10
6.42075,-4.0362491908368716e-10
6.421,-4.036507392901096e-10
6.42125,-4.0367720416238084e-10
6.4215,-4.0370428577302864e-10
6.42175,-4.0373194381014431e-10
6.422,-4.0376012672244605e-10
6.42225,-4.0378877214379289e-10
6.4225,-4.0381781028634803e-10
6.42275,-4.038471648785676e-10
6.423,-4.0387675608454284e-10
6.42325,-4.0390650227942535e-10
6.4235,-4.039363217132934e-10
6.42375,-4.0396613738268254e-10
6.424,-4.0399587622303609e-10
6.42425,-4.040254703478879e-10
6.4245,-4.0405485432957258e-10
6.42475,-4.0408397250602077e-10
6.425,-4.0411277333971939e-10
6.42525,-4.0414120933593054e-10
6.4255,-4.0416923767769497e-10
6.42575,-4.0419681873327227e-10
6.426,-4.0422391527090485e-10
6.42625,-4.0425049131944964e-10
6.4265,-4.0427651312616714e-10
6.42675,-4.043019492095949e-10
6.427,-4.0432677016774351e-10
6.42725,-4.0435094988976024e-10
6.4275,-4.0437446701984142e-10
6.42775,-4.0439730594938596e-10
6.428,-4.0441945623804493e-10
6.42825,-4.0444091202432977e-10
6.4285,-4.0446167537655653e-10
6.42875,-4.0448175560591155e-10
6.429,-4.0450116764799712e-10
6.42925,-4.0451993274901804e-10
6.4295,-4.0453807549985205e-10
6.42975,-4.0455562343662094e-10
6.43,-4.0457260569848579e-10
6.43025,-4.0458905181389221e-10
6.4305,-4.0460499004968773e-10
6.43075,-4.0462044669715842e-10
6.431,-4.0463544406030477e-10
6.43125,-4.0464999967398873e-10
6.4315,-4.0466412533861558e-10
6.43175,-4.0467782835796386e-10
6.432,-4.0469111199355693e-10
6.43225,-4.0470397538940058e-10
6.4325,-4.0471641471131653e-10
6.43275,-4.0472842537216471e-10
6.433,-4.0474000404424338e-10
6.43325,-4.0475115067526592e-10
6.4335,-4.0476187033141623e-10
6.43375,-4.0477217315368925e-10
6.434,-4.0478207658526999e-10
6.43425,-4.0479160572143335e-10
6.4345,-4.048007945517922e-10
6.43475,-4.048096839150585e-10
6.435,-4.0481832104518149e-10
6.43525,-4.0482675805714587e-10
6.4355,-4.0483505229832432e-10
6.43575,-4.0484326323255231e-10
6.436,-4.0485145123944738e-10
6.43625,-4.048596774652139e-10
6.4365,-4.0486800259149146e-10
6.43675,-4.0487648604737031e-10
6.437,-4.0488518537901621e-10
6.43725,-4.0489415592474753e-10
6.4375,-4.0490345022838103e-10
6.43775,-4.0491311885577108e-10
6.438,-4.0492320544680873e-10
6.43825,-4.0493374622973974e-10
6.4385,-4.0494476755024661e-10
6.43875,-4.0495628657617333e-10
6.439,-4.0496830682553281e-10
6.43925,-4.0498082182044251e-10
6.4395,-4.0499381404083771e-10
6.43975,-4.0500725564225622e-10
6.44,-4.0502110997110094e-10
6.44025,-4.0503533374358444e-10
6.4405,-4.0504987878247115e-10
6.44075,-4.0506469270886953e-10
6.441,-4.0507972346629436e-10
6.44125,-4.0509491891487417e-10
6.4415,-4.051102287056938e-10
6.44175,-4.0512560421599531e-10
6.442,-4.0514099853299923e-10
6.44225,-4.0515636464023104e-10
6.4425,-4.0517165596580976e-10
6.44275,-4.0518682758804599e-10
6.443,-4.0520183193514509e-10
6.44325,-4.0521662174900724e-10
6.4435,-4.0523114865241516e-10
6.44375,-4.0524536533598283e-10
6.444,-4.0525922466837354e-10
6.44425,-4.0527268143312188e-10
6.4445,-4.0528569277788341e-10
6.44475,-4.0529821906752123e-10
6.445,-4.0531022476327134e-10
6.44525,-4.0532167933730078e-10
6.4455,-4.0533255607042206e-10
6.44575,-4.053428343568836e-10
6.446,-4.0535249727202888e-10
6.44625,-4.0536153148066966e-10
6.4465,-4.0536992798673443e-10
6.44675,-4.053776806669318e-10
6.447,-4.0538478721098028e-10
6.44725,-4.0539124855880334e-10
6.4475,-4.0539706878590927e-10
6.44775,-4.0540225559691605e-10
6.448,-4.054068185159823e-10
6.44825,-4.0541076924348937e-10
6.4485,-4.0541412264294473e-10
6.44875,-4.0541689558321678e-10
6.449,-4.0541910359996742e-10
6.44925,-4.0542076465312287e-10
6.4495,-4.0542189613541613e-10
6.44975,-4.0542251472218893e-10
6.45,-4.0542263744351798e-10
6.45025,-4.0542227979889456e-10
6.4505,-4.054214578114119e-10
6.45075,-4.054201874168276e-10
6.451,-4.0541848385620464e-10
6.45125,-4.0541636270227121e-10
6.4515,-4.0541384013792833e-10
6.45175,-4.0541093291797852e-10
6.452,-4.054076587941856e-10
6.45225,-4.0540403750906632e-10
6.4525,-4.0540009040242797e-10
6.45275,-4.0539583976682848e-10
6.453,-4.0539130844827785e-10
6.45325,-4.0538651958834487e-10
6.4535,-4.0538149764113439e-10
6.45375,-4.0537626612881617e-10
6.454,-4.0537084660788754e-10
6.45425,-4.0536525918026029e-10
6.4545,-4.0535952251372388e-10
6.45475,-4.053536520301341e-10
6.455,-4.0534766299962012e-10
6.45525,-4.0534156860905613e-10
6.4555,-4.0533538057145634e-10
6.45575,-4.053291083540649e-10
6.456,-4.0532276110595185e-10
6.45625,-4.053163488312494e-10
6.4565,-4.0530987914178879e-10
6.45675,-4.0530336091318652e-10
6.457,-4.0529680290078535e-10
6.45725,-4.0529021301692535e-10
6.4575,-4.0528359983955853e-10
6.45775,-4.0527697145640012e-10
6.458,-4.0527033410430012e-10
6.45825,-4.0526369288679442e-10
6.4585,-4.0525705090385586e-10
6.45875,-4.0525040835246476e-10
6.459,-4.0524376352348613e-10
6.45925,-4.0523711041911896e-10
6.4595,-4.0523043869418089e-10
6.45975,-4.0522373406415656e-10
6.46,-4.0521697908768339e-10
6.46025,-4.0521015594917968e-10
6.4605,-4.0520324312380531e-10
6.46075,-4.0519621629150821e-10
6.461,-4.0518904832361771e-10
6.46125,-4.051817134139936e-10
6.4615,-4.0517418353785082e-10
6.46175,-4.0516642960070015e-10
6.462,-4.0515842058208872e-10
6.46225,-4.0515012386288146e-10
6.4625,-4.0514150519741192e-10
6.46275,-4.051325280117992e-10
6.463,-4.05123153558208e-10
6.46325,-4.0511334328095188e-10
6.4635,-4.0510305575117801e-10
6.46375,-4.05092248913515e-10
6.464,-4.0508088205600632e-10
6.46425,-4.0506891610846871e-10
6.4645,-4.0505631410989376e-10
6.46475,-4.0504304362186002e-10
6.465,-4.0502907451522197e-10
6.46525,-4.0501438283137725e-10
6.4655,-4.0499895074324228e-10
6.46575,-4.0498276565872424e-10
6.466,-4.0496581998716018e-10
6.46625,-4.0494811295734191e-10
6.4665,-4.0492964962355513e-10
6.46675,-4.0491043934269018e-10
6.467,-4.048904962448857e-10
6.46725,-4.048698342341902e-10
6.4675,-4.0484847393245108e-10
6.46775,-4.0482643728807885e-10
6.468,-4.0480375169041146e-10
6.46825,-4.0478044745591758e-10
6.4685,-4.047565557484701e-10
6.46875,-4.0473211286732305e-10
6.469,-4.0470715852107035e-10
6.46925,-4.0468173407917775e-10
6.4695,-4.0465588318855867e-10
6.46975,-4.0462964793170971e-10
6.47,-4.0460307004017038e-10
6.47025,-4.0457619024578421e-10
6.4705,-4.0454904597686055e-10
6.47075,-4.0452167011594586e-10
6.471,-4.0449409124541351e-10
6.47125,-4.0446633242737142e-10
6.4715,-4.0443841173389521e-10
6.47175,-4.0441034066044216e-10
6.472,-4.0438212712472048e-10
6.47225,-4.0435377351134768e-10
6.4725,-4.0432527850742481e-10
6.47275,-4.0429663962919185e-10
6.473,-4.0426785005404398e-10
6.47325,-4.0423890598533695e-10
6.4735,-4.0420980516372143e-10
6.47375,-4.0418055002893267e-10
6.474,-4.0415114749308848e-10
6.47425,-4.0412160984921602e-10
6.4745,-4.0409195682828145e-10
6.47475,-4.0406221335933419e-10
6.475,-4.0403241211929162e-10
6.47525,-4.0400259080672951e-10
6.4755,-4.0397279127505241e-10
6.47575,-4.0394305848820158e-10
6.476,-4.0391343737339594e-10
6.47625,-4.0388397139696553e-10
6.4765,-4.0385470291970732e-10
6.47675,-4.0382567050836296e-10
6.477,-4.0379690880647839e-10
6.47725,-4.0376844592805595e-10
6.4775,-4.037403041079902e-10
6.47775,-4.0371249625870579e-10
6.478,-4.0368502858592499e-10
6.47825,-4.0365789827967545e-10
6.4785,-4.0363109551283569e-10
6.47875,-4.0360460347904142e-10
6.479,-4.03578398692382e-10
6.47925,-4.0355245249373466e-10
6.4795,-4.0352673131865671e-10
6.47975,-4.0350119916563416e-10
6.48,-4.034758169713235e-10
6.48025,-4.0345054342404044e-10
6.4805,-4.0342533454556318e-10
6.48075,-4.0340014596239326e-10
6.481,-4.0337493181238634e-10
6.48125,-4.0334964367794073e-10
6.4815,-4.0332423179374543e-10
6.48175,-4.0329864497533979e-10
6.482,-4.0327283329123217e-10
6.48225,-4.0324674840272853e-10
6.4825,-4.0322034498455257e-10
6.48275,-4.0319358254632689e-10
6.483,-4.0316642563364146e-10
6.48325,-4.0313884661220266e-10
6.4835,-4.0311082647580221e-10
6.48375,-4.0308235619704053e-10
6.484,-4.0305343781261909e-10
6.48425,-4.030240848195668e-10
6.4845,-4.0299432217739495e-10
6.48475,-4.0296418338643217e-10
6.485,-4.0293371130928997e-10
6.48525,-4.029029570336391e-10
6.4855,-4.0287197634798411e-10
6.48575,-4.0284083010572258e-10
6.486,-4.0280958054133395e-10
6.48625,-4.0277829115639106e-10
6.4865,-4.0274702457535909e-10
6.48675,-4.0271584145377035e-10
6.487,-4.0268479913629515e-10
6.48725,-4.0265395189661675e-10
6.4875,-4.0262335128773786e-10
6.48775,-4.0259304723023948e-10
6.488,-4.0256308833890813e-10
6.48825,-4.025335222639065e-10
6.4885,-4.0250439598337097e-10
6.48875,-4.0247575636617527e-10
6.489,-4.024476500839345e-10
6.48925,-4.0242012452851044e-10
6.4895,-4.0239322655486286e-10
6.48975,-4.0236700285308025e-10
6.49,-4.0234149874232915e-10
6.49025,-4.0231675528329419e-10
6.4905,-4.0229280960036606e-10
6.49075,-4.0226969087135972e-10
6.491,-4.0224742157295829e-10
6.49125,-4.022260141711888e-10
6.4915,-4.0220547238278607e-10
6.49175,-4.0218578977335561e-10
6.492,-4.021669507279702e-10
6.49225,-4.0214892958263381e-10
6.4925,-4.0213169182494274e-10
6.49275,-4.0211519441943507e-10
6.493,-4.0209938558049058e-10
6.49325,-4.0208420740838116e-10
6.4935,-4.0206959360746221e-10
6.49375,-4.0205547229413403e-10
6.494,-4.0204176800410274e-10
6.49425,-4.0202840209323711e-10
6.4945,-4.0201529440478126e-10
6.49475,-4.0200236347605879e-10
6.495,-4.0198952910885211e-10
6.49525,-4.0197671277069116e-10
6.4955,-4.0196384046317179e-10
6.49575,-4.0195084486207568e-10
6.496,-4.0193766611232921e-10
6.49625,-4.0192425332323984e-10
6.4965,-4.019105662591563e-10
6.49675,-4.0189657450079332e-10
6.497,-4.0188225829960338e-10
6.49725,-4.0186760832457905e-10
6.4975,-4.0185262537425231e-10
6.49775,-4.0183731872912538e-10
6.498,-4.018217067512458e-10
6.49825,-4.0180581926548204e-10
6.4985,-4.0178969059596764e-10
6.49875,-4.017733569569532e-10
6.499,-4.0175685671601365e-10
6.49925,-4.0174023138028609e-10
6.4995,-4.0172352634537941e-10
6.49975,-4.0170679066186807e-10
6.5,-4.0169007617436445e-10
6.50025,-4.0167343626492503e-10
6.5005,-4.0165692494005395e-10
6.50075,-4.0164059617386176e-10
6.501,-4.0162450258528563e-10
6.50125,-4.0160869559700096e-10
6.5015,-4.0159322492717828e-10
6.50175,-4.0157813697278909e-10
6.502,-4.0156347361248515e-10
6.50225,-4.0154927260627951e-10
6.5025,-4.0153556640665975e-10
6.50275,-4.0152238194981497e-10
6.503,-4.0150973911894803e-10
6.50325,-4.014976527656613e-10
6.5035,-4.0148613180195755e-10
6.50375,-4.0147518094882339e-10
6.504,-4.0146479952106533e-10
6.50425,-4.0145498436264014e-10
6.5045,-4.0144573016469321e-10
6.50475,-4.0143703085297574e-10
6.505,-4.0142888012115311e-10
6.50525,-4.0142127298754499e-10
6.5055,-4.0141420624000787e-10
6.50575,-4.0140767773558353e-10
6.506,-4.0140168500854761e-10
6.50625,-4.0139622453324831e-10
6.5065,-4.0139129047008514e-10
6.50675,-4.0138687270549107e-10
6.507,-4.0138295588387324e-10
6.50725,-4.0137952016769432e-10
6.5075,-4.0137654104110752e-10
6.50775,-4.0137398896937744e-10
6.508,-4.0137183065500784e-10
6.50825,-4.0137002836143912e-10
6.5085,-4.0136854084637321e-10
6.50875,-4.013673241847995e-10
6.509,-4.0136633267825647e-10
6.50925,-4.0136552151364377e-10
6.5095,-4.0136484834169358e-10
6.50975,-4.013642742339175e-10
6.51,-4.0136376450587877e-10
6.51025,-4.013632898370411e-10
6.5105,-4.0136282671595011e-10
6.51075,-4.0136235661811561e-10
6.511,-4.0136186523023444e-10
6.51125,-4.0136134379036441e-10
6.5115,-4.0136078888403807e-10
6.51175,-4.0136020271844002e-10
6.512,-4.0135959364358711e-10
6.51225,-4.0135897536192826e-10
6.5125,-4.0135836734750823e-10
6.51275,-4.0135779319766314e-10
6.513,-4.0135727959790629e-10
6.51325,-4.0135685458776916e-10
6.5135,-4.0135654682009323e-10
6.51375,-4.013563833094542e-10
6.514,-4.0135638975643522e-10
6.51425,-4.013565897742024e-10
6.5145,-4.0135700295021485e-10
6.51475,-4.0135764544652244e-10
6.515,-4.0135852928235218e-10
6.51525,-4.0135966262045088e-10
6.5155,-4.0136105130226293e-10
6.51575,-4.0136270000803966e-10
6.516,-4.013646132401862e-10
6.51625,-4.0136679638894711e-10
6.5165,-4.0136925567191594e-10
6.51675,-4.013719990019081e-10
6.517,-4.0137503495097189e-10
6.51725,-4.0137837179099026e-10
6.5175,-4.013820150964903e-10
6.51775,-4.0138596762972681e-10
6.518,-4.0139022869739153e-10
6.51825,-4.0139479215956968e-10
6.5185,-4.0139964411719113e-10
6.51875,-4.0140476148859659e-10
6.519,-4.0141011166938907e-10
6.51925,-4.0141565184690215e-10
6.5195,-4.0142133096083173e-10
6.51975,-4.0142709145372282e-10
6.52,-4.014328715699188e-10
6.52025,-4.0143860722986505e-10
6.5205,-4.0144423445894391e-10
6.52075,-4.0144969177548539e-10
6.521,-4.0145492201226417e-10
6.52125,-4.0145987408552473e-10
6.5215,-4.0146450367652879e-10
6.52175,-4.0146877652703061e-10
6.522,-4.0147266909742401e-10
6.52225,-4.0147617054248716e-10
6.5225,-4.0147928676346124e-10
6.52275,-4.0148203479943632e-10
6.523,-4.0148443848347681e-10
6.52325,-4.0148652899523103e-10
6.5235,-4.0148834750076923e-10
6.52375,-4.0148994456473057e-10
6.524,-4.0149138058799479e-10
6.52425,-4.0149272471100152e-10
6.5245,-4.0149405356958562e-10
6.52475,-4.0149544871281174e-10
6.525,-4.0149699511091811e-10
6.52525,-4.0149878121029764e-10
6.5255,-4.0150089744696152e-10
6.52575,-4.0150343515475216e-10
6.526,-4.0150648473996817e-10
6.52625,-4.0151013151614984e-10
6.5265,-4.015144551133562e-10
6.52675,-4.0151952552644238e-10
6.527,-4.0152540504050472e-10
6.52725,-4.0153214334246271e-10
6.5275,-4.0153977986880749e-10
6.52775,-4.0154834394209193e-10
6.528,-4.0155785248975455e-10
6.52825,-4.015683131523025e-10
6.5285,-4.0157972396854624e-10
6.52875,-4.0159207387403988e-10
6.529,-4.016053460022821e-10
6.52925,-4.0161951533379035e-10
6.5295,-4.0163455326759057e-10
6.52975,-4.016504253747431e-10
6.53,-4.0166709236382833e-10
6.53025,-4.0168451073515246e-10
6.5305,-4.017026296580028e-10
6.53075,-4.0172139512202997e-10
6.531,-4.0174074437334416e-10
6.53125,-4.0176060767627564e-10
6.5315,-4.0178091047552034e-10
6.53175,-4.0180157266650336e-10
6.532,-4.0182250748062786e-10
6.53225,-4.0184362267923043e-10
6.5325,-4.0186482137154358e-10
6.53275,-4.0188600649350001e-10
6.533,-4.0190708017656902e-10
6.53325,-4.0192794701238983e-10
6.5335,-4.0194851726649136e-10
6.53375,-4.0196870883879522e-10
6.534,-4.0198844643592219e-10
6.53425,-4.020076661882653e-10
6.5345,-4.0202631463168127e-10
6.53475,-4.020443492613354e-10
6.535,-4.0206174256211518e-10
6.53525,-4.0207847891662498e-10
6.5355,-4.0209455636935059e-10
6.53575,-4.0210998586895805e-10
6.536,-4.0212479040567614e-10
6.53625,-4.0213900660046222e-10
6.5365,-4.0215268135201994e-10
6.53675,-4.0216587190181052e-10
6.537,-4.0217864430053598e-10
6.53725,-4.0219107182653509e-10
6.5375,-4.0220323360651329e-10
6.53775,-4.0221521105034386e-10
6.538,-4.0222708863853281e-10
6.53825,-4.0223895020799485e-10
6.5385,-4.0225087526761418e-10
6.53875,-4.0226294003982914e-10
6.539,-4.0227521356329829e-10
6.53925,-4.0228775718875799e-10
6.5395,-4.0230062359542482e-10
6.53975,-4.023138549306001e-10
6.54,-4.0232748411771929e-10
6.54025,-4.0234153196412689e-10
6.5405,-4.0235600966691712e-10
6.54075,-4.0237091740401234e-10
6.541,-4.0238624791875411e-10
6.54125,-4.0240198817110558e-10
6.5415,-4.0241812195750001e-10
6.54175,-4.0243462865131295e-10
6.542,-4.0245148901488229e-10
6.54225,-4.024686831861738e-10
6.5425,-4.0248619408485636e-10
6.54275,-4.025040060176173e-10
6.543,-4.0252210846030086e-10
6.54325,-4.0254049539481131e-10
6.5435,-4.0255916644573553e-10
6.54375,-4.0257812729071891e-10
6.544,-4.0259738980681899e-10
6.54425,-4.0261697238705832e-10
6.5445,-4.0263690232356157e-10
6.54475,-4.0265721452022711e-10
6.545,-4.0267794853508823e-10
6.54525,-4.0269915001320972e-10
6.5455,-4.0272086659215017e-10
6.54575,-4.0274314846728992e-10
6.546,-4.0276604568646655e-10
6.54625,-4.0278960419065372e-10
6.5465,-4.0281386200732194e-10
6.54675,-4.0283884823996089e-10
6.547,-4.0286458079838369e-10
6.54725,-4.028910643887666e-10
6.5475,-4.0291828968405467e-10
6.54775,-4.0294623115908905e-10
6.548,-4.0297484924226099e-10
6.54825,-4.0300408967375296e-10
6.5485,-4.030338889812528e-10
6.54875,-4.0306417138071868e-10
6.549,-4.0309486826882149e-10
6.54925,-4.0312587565557466e-10
6.5495,-4.0315709161723585e-10
6.54975,-4.0318841307388379e-10
6.55,-4.0321973808683532e-10
6.55025,-4.0325096268470217e-10
6.5505,-4.0328198738128225e-10
6.55075,-4.033127167746529e-10
6.551,-4.033430614029736e-10
6.55125,-4.0337294118546489e-10
6.5515,-4.0340228556958764e-10
6.55175,-4.0343103590260106e-10
6.552,-4.0345914741215595e-10
6.55225,-4.0348658834129063e-10
6.5525,-4.0351334044847693e-10
6.55275,-4.0353940065954863e-10
6.553,-4.0356477740757335e-10
6.55325,-4.0358949300044154e-10
6.5535,-4.036135797215239e-10
6.55375,-4.0363707945232794e-10
6.554,-4.0366004095036942e-10
6.55425,-4.0368251791619623e-10
6.5545,-4.037045650550305e-10
6.55475,-4.0372623671130236e-10
6.555,-4.0374758506377342e-10
6.55525,-4.0376865736573815e-10
6.5555,-4.0378949429185692e-10
6.55575,-4.0381013018873463e-10
6.556,-4.0383059166713039e-10
6.55625,-4.0385089791745993e-10
6.5565,-4.0387106028621156e-10
6.55675,-4.0389108285401019e-10
6.557,-4.039109629910033e-10
6.55725,-4.0393069277616025e-10
6.5575,-4.0395026088107666e-10
6.55775,-4.0396965451348924e-10
6.558,-4.0398886089841385e-10
6.55825,-4.040078687915628e-10
6.5585,-4.0402666908876073e-10
6.55875,-4.0404525582786911e-10
6.559,-4.0406362582398151e-10
6.55925,-4.0408177708319834e-10
6.5595,-4.0409970817320753e-10
6.55975,-4.0411741699372351e-10
6.56,-4.0413490011701141e-10
6.56025,-4.0415215070030802e-10
6.5605,-4.0416915843445372e-10
6.56075,-4.0418591016965103e-10
6.561,-4.0420239136634852e-10
6.56125,-4.0421858553381054e-10
6.5615,-4.0423447700052058e-10
6.56175,-4.0425005034813017e-10
6.562,-4.0426529338088806e-10
6.56225,-4.042801972201383e-10
6.5625,-4.0429475843598919e-10
6.56275,-4.0430897919245115e-10
6.563,-4.0432286761339975e-10
6.56325,-4.0433643746633636e-10
6.5635,-4.0434970608687229e-10
6.56375,-4.043626949442761e-10
6.564,-4.0437542785437209e-10
6.56425,-4.0438793115483742e-10
6.5645,-4.0440023061579431e-10
6.56475,-4.0441235373581976e-10
6.565,-4.0442433069139922e-10
6.56525,-4.0443619082224347e-10
6.5655,-4.044479656538408e-10
6.56575,-4.04459688171116e-10
6.566,-4.0447139299080477e-10
6.56625,-4.0448311581677991e-10
6.5665,-4.0449489275010255e-10
6.56675,-4.0450675781959949e-10
6.567,-4.0451874247518112e-10
6.56725,-4.0453087320249364e-10
6.5675,-4.0454317209598715e-10
6.56775,-4.045556547786359e-10
6.568,-4.0456833129962904e-10
6.56825,-4.0458120335875569e-10
6.5685,-4.0459426522868258e-10
6.56875,-4.0460750314141653e-10
6.569,-4.0462089507833064e-10
6.56925,-4.0463441187225727e-10
6.5695,-4.0464801605347013e-10
6.56975,-4.0466166364138552e-10
6.57,-4.0467530310695712e-10
6.57025,-4.0468887652409422e-10
6.5705,-4.0470232002434858e-10
6.57075,-4.0471556440376224e-10
6.571,-4.0472853654697772e-10
6.57125,-4.0474116215921498e-10
6.5715,-4.0475336444518284e-10
6.57175,-4.0476506511655831e-10
6.572,-4.0477618631704166e-10
6.57225,-4.0478665317291643e-10
6.5725,-4.0479639294195319e-10
6.57275,-4.0480533955171825e-10
6.573,-4.0481343176101231e-10
6.57325,-4.0482061601038737e-10
6.5735,-4.0482684606324751e-10
6.57375,-4.0483208589150003e-10
6.574,-4.0483630971704945e-10
6.57425,-4.0483950174688424e-10
6.5745,-4.0484165601557089e-10
6.57475,-4.0484277892719875e-10
6.575,-4.0484288778643746e-10
6.57525,-4.0484200984713933e-10
6.5755,-4.0484018428358251e-10
6.57575,-4.0483746046232197e-10
6.576,-4.0483389552398843e-10
6.57625,-4.0482955440147601e-10
6.5765,-4.0482450716917307e-10
6.57675,-4.0481882667033842e-10
6.577,-4.0481258883573422e-10
6.57725,-4.0480586911674345e-10
6.5775,-4.047987417375969e-10
6.57775,-4.0479127639112257e-10
6.578,-4.0478353828559588e-10
6.57825,-4.0477558855418313e-10
6.5785,-4.0476748325508256e-10
6.57875,-4.0475927382773166e-10
6.579,-4.0475100465246203e-10
6.57925,-4.0474271720551367e-10
6.5795,-4.0473444756411737e-10
6.57975,-4.0472622844408295e-10
6.58,-4.047180900691311e-10
6.58025,-4.0471005915492209e-10
6.5805,-4.0470215849217063e-10
6.58075,-4.0469440638976792e-10
6.581,-4.0468681783513038e-10
6.58125,-4.0467940407256502e-10
6.5815,-4.0467217268467517e-10
6.58175,-4.046651275403852e-10
6.582,-4.0465826668504766e-10
6.58225,-4.0465158355612302e-10
6.5825,-4.0464506745419766e-10
6.58275,-4.0463870348897137e-10
6.583,-4.046324742192133e-10
6.58325,-4.0462635888111326e-10
6.5835,-4.0462033344119777e-10
6.58375,-4.04614371765314e-10
6.584,-4.0460844526263006e-10
6.58425,-4.0460252375074749e-10
6.5845,-4.0459657798666627e-10
6.58475,-4.0459057739015133e-10
6.585,-4.0458449241386327e-10
6.58525,-4.0457829357328365e-10
6.5855,-4.0457195315248507e-10
6.58575,-4.0456544710398875e-10
6.586,-4.0455875527899348e-10
6.58625,-4.0455186088395413e-10
6.5865,-4.045447512549795e-10
6.58675,-4.0453741612690278e-10
6.587,-4.0452984883827746e-10
6.58725,-4.04522046804781e-10
6.5875,-4.0451401089739983e-10
6.58775,-4.0450574803021803e-10
6.588,-4.0449726670020266e-10
6.58825,-4.0448858002006854e-10
6.5885,-4.0447970610299506e-10
6.58875,-4.0447066417644152e-10
6.589,-4.0446147909434626e-10
6.58925,-4.0445217862214155e-10
6.5895,-4.0444279272784078e-10
6.58975,-4.0443335371560706e-10
6.59,-4.0442389420824667e-10
6.59025,-4.044144460858235e-10
6.5905,-4.0440503886525289e-10
6.59075,-4.0439569842045079e-10
6.591,-4.0438644383534145e-10
6.59125,-4.0437728804164641e-10
6.5915,-4.0436823286268588e-10
6.59175,-4.0435927301255994e-10
6.592,-4.0435039260045591e-10
6.59225,-4.0434156761263395e-10
6.5925,-4.0433276756251941e-10
6.59275,-4.0432395603824737e-10
6.593,-4.0431509349717529e-10
6.59325,-4.0430613826906914e-10
6.5935,-4.042970487238142e-10
6.59375,-4.0428778472575531e-10
6.594,-4.0427830900330526e-10
6.59425,-4.0426858829481263e-10
6.5945,-4.0425859458171767e-10
6.59475,-4.0424830565497838e-10
6.595,-4.0423770318614228e-10
6.59525,-4.0422677258737628e-10
6.5955,-4.0421550483010864e-10
6.59575,-4.0420389418099647e-10
6.596,-4.0419193729985768e-10
6.59625,-4.041796332178868e-10
6.5965,-4.0416698529438052e-10
6.59675,-4.0415399876334035e-10
6.597,-4.041406813528376e-10
6.59725,-4.0412704191961171e-10
6.5975,-4.0411309201715952e-10
6.59775,-4.0409884361540192e-10
6.598,-4.0408431078454269e-10
6.59825,-4.0406950804380131e-10
6.5985,-4.0405445324812468e-10
6.59875,-4.0403916538128103e-10
6.599,-4.0402366411098568e-10
6.59925,-4.0400797053441894e-10
6.5995,-4.0399210645607935e-10
6.59975,-4.0397609538240933e-10
6.6,-4.0395996275896001e-10
6.60025,-4.0394373428466619e-10
6.6005,-4.0392743627657798e-10
6.60075,-4.0391109763241123e-10
6.601,-4.0389474793425911e-10
6.60125,-4.0387841975495317e-10
6.6015,-4.0386214939396768e-10
6.60175,-4.0384597652216553e-10
6.602,-4.0382994220552488e-10
6.60225,-4.038140911279685e-10
6.6025,-4.0379846970430733e-10
6.60275,-4.0378312313774894e-10
6.603,-4.0376809745414741e-10
6.60325,-4.0375343803087964e-10
6.6035,-4.0373918840135405e-10
6.60375,-4.0372538940957683e-10
6.604,-4.0371207635557292e-10
6.60425,-4.0369928037230992e-10
6.6045,-4.0368702586254652e-10
6.60475,-4.0367532853232819e-10
6.605,-4.0366419518885475e-10
6.60525,-4.0365362333635177e-10
6.6055,-4.0364360079916734e-10
6.60575,-4.0363410420395996e-10
6.606,-4.0362509714377794e-10
6.60625,-4.0361653402725449e-10
6.6065,-4.0360835606029203e-10
6.60675,-4.0360049378598803e-10
6.607,-4.0359286941609203e-10
6.60725,-4.0358539600619455e-10
6.6075,-4.0357798005546216e-10
6.60775,-4.0357052427645462e-10
6.608,-4.0356293317764537e-10
6.60825,-4.035551137944447e-10
6.6085,-4.0354697871128436e-10
6.60875,-4.0353844766058119e-10
6.609,-4.0352945197042118e-10
6.60925,-4.0351993426411685e-10
6.6095,-4.0350984834791279e-10
6.60975,-4.0349916029735461e-10
6.61,-4.0348785019283333e-10
6.61025,-4.0347590889495765e-10
6.6105,-4.0346333662847858e-10
6.61075,-4.0345014116363652e-10
6.611,-4.0343633836349971e-10
6.61125,-4.0342194665585741e-10
6.6115,-4.0340698923187852e-10
6.61175,-4.0339148896973735e-10
6.612,-4.0337546872943392e-10
6.61225,-4.0335895044629058e-10
6.6125,-4.0334195579567278e-10
6.61275,-4.0332450799492447e-10
6.613,-4.0330663288208265e-10
6.61325,-4.0328835921575202e-10
6.6135,-4.0326972158694077e-10
6.61375,-4.0325075919657271e-10
6.614,-4.0323151872431711e-10
6.61425,-4.0321205518586573e-10
6.6145,-4.0319243108663532e-10
6.61475,-4.0317271533732918e-10
6.615,-4.0315298194854298e-10
6.61525,-4.0313331023705155e-10
6.6155,-4.0311377921167015e-10
6.61575,-4.0309446873283143e-10
6.616,-4.0307545709170546e-10
6.61625,-4.0305682184482251e-10
6.6165,-4.0303863448872143e-10
6.61675,-4.0302096254385248e-10
6.617,-4.030038683605736e-10
6.61725,-4.0298740839287189e-10
6.6175,-4.0297162939021148e-10
6.61775,-4.0295657219771988e-10
6.618,-4.0294226551150462e-10
6.61825,-4.0292872753129125e-10
6.6185,-4.0291596732877265e-10
6.61875,-4.0290398081423267e-10
6.619,-4.028927533547159e-10
6.61925,-4.028822568064855e-10
6.6195,-4.0287245252895814e-10
6.61975,-4.0286329015536878e-10
6.62,-4.0285470985117532e-10
6.62025,-4.0284664199377115e-10
6.6205,-4.0283900796906011e-10
6.62075,-4.0283172166352148e-10
6.621,-4.028246924565383e-10
6.62125,-4.0281782661755054e-10
6.6215,-4.0281102945491394e-10
6.62175,-4.0280420705943923e-10
6.622,-4.0279726969727783e-10
6.62225,-4.0279013029452823e-10
6.6225,-4.0278271183067317e-10
6.62275,-4.0277494410657742e-10
6.623,-4.0276676044195845e-10
6.62325,-4.0275809974817518e-10
6.6235,-4.027489084864157e-10
6.62375,-4.0273914214290215e-10
6.624,-4.0272876496807894e-10
6.62425,-4.0271774879937468e-10
6.6245,-4.0270607397043614e-10
6.62475,-4.0269372596067312e-10
6.625,-4.0268069722097037e-10
6.62525,-4.026669873987627e-10
6.6255,-4.0265260289013675e-10
6.62575,-4.0263755674551786e-10
6.626,-4.0262186815049524e-10
6.62625,-4.0260556591378674e-10
6.6265,-4.0258868340826243e-10
6.62675,-4.0257126131760133e-10
6.627,-4.0255334838639826e-10
6.62725,-4.02535001606823e-10
6.6275,-4.0251628580444376e-10
6.62775,-4.0249727273831208e-10
6.628,-4.0247804192811334e-10
6.62825,-4.0245867806196885e-10
6.6285,-4.0243927199757331e-10
6.62875,-4.0241991595100911e-10
6.629,-4.024007039427508e-10
6.62925,-4.0238172933393733e-10
6.6295,-4.0236308710227925e-10
6.62975,-4.0234486999975852e-10
6.63,-4.0232716922826893e-10
6.63025,-4.023100711361935e-10
6.6305,-4.0229365664188234e-10
6.63075,-4.0227799967759784e-10
6.631,-4.0226316571232964e-10
6.63125,-4.0224921080277178e-10
6.6315,-4.022361791475638e-10
6.63175,-4.0222410457042662e-10
6.632,-4.0221300933356955e-10
6.63225,-4.0220290445885992e-10
6.6325,-4.0219378996827738e-10
6.63275,-4.0218565531364105e-10
6.633,-4.021784795034168e-10
6.63325,-4.021722299613391e-10
6.6335,-4.0216686426428174e-10
6.63375,-4.0216233066522663e-10
6.634,-4.0215856797690753e-10
6.63425,-4.0215550611584656e-10
6.6345,-4.0215306822146907e-10
6.63475,-4.0215117040462868e-10
6.635,-4.0214972256267326e-10
6.63525,-4.02148628837384e-10
6.6355,-4.021477896354711e-10
6.63575,-4.0214710464977796e-10
6.636,-4.0214647583609278e-10
6.63625,-4.0214580954846242e-10
6.6365,-4.0214502047872845e-10
6.63675,-4.0214403346239584e-10
6.637,-4.021427862603245e-10
6.63725,-4.0214123011827578e-10
6.6375,-4.0213933085083884e-10
6.63775,-4.0213706837044457e-10
6.638,-4.0213443821109042e-10
6.63825,-4.021314497469476e-10
6.6385,-4.0212812566389181e-10
6.63875,-4.0212450117899525e-10
6.639,-4.0212062246737407e-10
6.63925,-4.0211654337168226e-10
6.6395,-4.0211232324926669e-10
6.63975,-4.0210802465263466e-10
6.64,-4.0210371151502396e-10
6.64025,-4.0209944861569868e-10
6.6405,-4.0209530170858585e-10
6.64075,-4.0209133757625097e-10
6.641,-4.0208762345361787e-10
6.64125,-4.0208422642313035e-10
6.6415,-4.0208121156820999e-10
6.64175,-4.0207864063730209e-10
6.642,-4.0207657043369415e-10
6.64225,-4.0207504970098103e-10
6.6425,-4.0207411792490379e-10
6.64275,-4.0207380476655643e-10
6.643,-4.0207412775203735e-10
6.64325,-4.0207508984674056e-10
6.6435,-4.0207667729448399e-10
6.64375,-4.0207885972338295e-10
6.644,-4.0208159069047947e-10
6.64425,-4.0208481002973574e-10
6.6445,-4.0208844677318924e-10
6.64475,-4.0209242255478292e-10
6.645,-4.0209665471869705e-10
6.64525,-4.0210105940179606e-10
6.6455,-4.021055544369541e-10
6.64575,-4.0211006232113262e-10
6.646,-4.0211451225157612e-10
6.64625,-4.0211884181332379e-10
6.6465,-4.0212300045460769e-10
6.64675,-4.0212695114746101e-10
6.647,-4.0213067110257181e-10
6.64725,-4.0213415451495921e-10
6.6475,-4.0213740678286708e-10
6.64775,-4.0214044017572358e-10
6.648,-4.0214327496470201e-10
6.64825,-4.0214593921026928e-10
6.6485,-4.0214846887648742e-10
6.64875,-4.0215090744363567e-10
6.649,-4.0215330594971495e-10
6.64925,-4.0215572095739626e-10
6.6495,-4.0215821401260928e-10
6.64975,-4.021608503246202e-10
6.65,-4.0216369924110803e-10
6.65025,-4.0216683372492195e-10
6.6505,-4.0217032884253433e-10
6.65075,-4.0217426062600974e-10
6.651,-4.0217870519713593e-10
6.65125,-4.0218373588265976e-10
6.6515,-4.0218942151008018e-10
6.65175,-4.0219582519402781e-10
6.652,-4.0220300242113453e-10
6.65225,-4.0221099946933888e-10
6.6525,-4.0221985325627541e-10
6.65275,-4.0222959119036667e-10
6.653,-4.0224023085368523e-10
6.65325,-4.0225178016700136e-10
6.6535,-4.0226423889183873e-10
6.65375,-4.0227759787258984e-10
6.654,-4.0229184021767717e-10
6.65425,-4.023069410779752e-10
6.6545,-4.0232286817161598e-10
6.65475,-4.0233958100316212e-10
6.655,-4.0235703000609379e-10
6.65525,-4.0237515699749961e-10
6.6555,-4.0239389516072158e-10
6.65575,-4.0241316804428206e-10
6.656,-4.0243289777238035e-10
6.65625,-4.0245298679921549e-10
6.6565,-4.0247333432430596e-10
6.65675,-4.0249383503439535e-10
6.657,-4.0251438067935833e-10
6.65725,-4.0253486175832345e-10
6.6575,-4.0255516888813892e-10
6.65775,-4.025751971881732e-10
6.658,-4.0259484800425373e-10
6.65825,-4.0261403284222617e-10
6.6585,-4.0263267390498224e-10
6.65875,-4.0265070832279433e-10
6.659,-4.026680875249419e-10
6.65925,-4.0268477746256639e-10
6.6595,-4.0270076004544431e-10
6.65975,-4.0271603200492453e-10
6.66,-4.0273060468933321e-10
6.66025,-4.0274450360443868e-10
6.6605,-4.0275776517445558e-10
6.66075,-4.0277043617828225e-10
6.661,-4.0278257232356151e-10
6.66125,-4.0279423629589915e-10
6.6615,-4.0280549535325489e-10
6.66175,-4.0281642092713509e-10
6.662,-4.0282708397071195e-10
6.66225,-4.0283755563587746e-10
6.6625,-4.0284790179892351e-10
6.66275,-4.028581829566459e-10
6.663,-4.0286845290738889e-10
6.66325,-4.0287875694683967e-10
6.6635,-4.0288912967171682e-10
6.66375,-4.0289959460532848e-10
6.664,-4.0291016524920596e-10
6.66425,-4.0292084466269294e-10
6.6645,-4.0293162591302177e-10
6.66475,-4.0294249274814317e-10
6.665,-4.0295342240474181e-10
6.66525,-4.0296438661428449e-10
6.6655,-4.0297535597214223e-10
6.66575,-4.0298630189075655e-10
6.666,-4.0299719916060301e-10
6.66625,-4.0300802825520782e-10
6.6665,-4.0301877773910928e-10
6.66675,-4.0302944161651755e-10
6.667,-4.0304002330540289e-10
6.66725,-4.0305053393463244e-10
6.6675,-4.0306099036146357e-10
6.66775,-4.0307141637512493e-10
6.668,-4.030818382919183e-10
6.66825,-4.0309228379891715e-10
6.6685,-4.0310278032871595e-10
6.66875,-4.0311335501898247e-10
6.669,-4.03124033302284e-10
6.66925,-4.0313483782246636e-10
6.6695,-4.0314578851626081e-10
6.66975,-4.0315690219503897e-10
6.67,-4.0316819224567797e-10
6.67025,-4.0317966988420973e-10
6.6705,-4.0319134315268259e-10
6.67075,-4.0320321878126681e-10
6.671,-4.0321530258109197e-10
6.67125,-4.0322759818197967e-10
6.6715,-4.032401086683204e-10
6.67175,-4.0325283390156194e-10
6.672,-4.0326577352330579e-10
6.67225,-4.0327892834515308e-10
6.6725,-4.0329230124682606e-10
6.67275,-4.03305895678433e-10
6.673,-4.0331971551105605e-10
6.67325,-4.0333376448042057e-10
6.6735,-4.0334804330302965e-10
6.67375,-4.0336254833127554e-10
6.674,-4.0337727165618965e-10
6.67425,-4.0339219650154591e-10
6.6745,-4.0340731059764427e-10
6.67475,-4.0342256968740081e-10
6.675,-4.0343792518104069e-10
6.67525,-4.0345331747945504e-10
6.6755,-4.0346867775984349e-10
6.67575,-4.0348393004753194e-10
6.676,-4.0349899041861217e-10
6.67625,-4.0351376881770933e-10
6.6765,-4.0352817435934509e-10
6.67675,-4.0354211713665498e-10
6.677,-4.0355551059645591e-10
6.67725,-4.0356827474673369e-10
6.6775,-4.0358033789139619e-10
6.67775,-4.0359164053123557e-10
6.678,-4.0360213477567165e-10
6.67825,-4.0361178785437856e-10
6.6785,-4.0362058217537877e-10
6.67875,-4.0362851616616055e-10
6.679,-4.0363560550662458e-10
6.67925,-4.0364188023693541e-10
6.6795,-4.0364738375126429e-10
6.67975,-4.0365217264157698e-10
6.68,-4.0365631776878057e-10
6.68025,-4.0365989796256409e-10
6.6805,-4.0366300116318019e-10
6.68075,-4.0366571726225569e-10
6.681,-4.0366813578252214e-10
6.68125,-4.0367035045144046e-10
6.6815,-4.0367245075696747e-10
6.68175,-4.0367452346879905e-10
6.682,-4.0367665060339575e-10
6.68225,-4.0367890749252419e-10
6.6825,-4.0368136297149147e-10
6.68275,-4.0368407796333489e-10
6.683,-4.0368710651671729e-10
6.68325,-4.0369049505001192e-10
6.6835,-4.0369427972113479e-10
6.68375,-4.0369848608542856e-10
6.684,-4.0370312694921443e-10
6.68425,-4.0370820219148133e-10
6.6845,-4.0371369847993091e-10
6.68475,-4.0371958818034644e-10
6.685,-4.0372583035897255e-10
6.68525,-4.0373236900812682e-10
6.6855,-4.0373913477120667e-10
6.68575,-4.0374604557757632e-10
6.686,-4.0375300961746949e-10
6.68625,-4.0375992808381198e-10
6.6865,-4.0376669904517397e-10
6.68675,-4.0377322037923007e-10
6.687,-4.0377939577415773e-10
6.68725,-4.0378513514746593e-10
6.6875,-4.0379035909409098e-10
6.68775,-4.0379500289490534e-10
6.688,-4.0379901307040151e-10
6.68825,-4.0380235163144441e-10
6.6885,-4.0380499682849413e-10
6.68875,-4.0380694321954069e-10
6.689,-4.0380819769704854e-10
6.68925,-4.0380878537341046e-10
6.6895,-4.038087470534565e-10
6.68975,-4.0380813680096212e-10
6.69,-4.0380702073259348e-10
6.69025,-4.0380547453698677e-10
6.6905,-4.0380358412051287e-10
6.69075,-4.03801445202505e-10
6.691,-4.0379915809380376e-10
6.69125,-4.037968273857076e-10
6.6915,-4.0379456179062274e-10
6.69175,-4.0379246979551263e-10
6.692,-4.0379065865232473e-10
6.69225,-4.0378923091116311e-10
6.6925,-4.037882844458755e-10
6.69275,-4.0378790938225625e-10
6.693,-4.0378818487122275e-10
6.69325,-4.0378918200652373e-10
6.6935,-4.0379095758482591e-10
6.69375,-4.0379355658862355e-10
6.694,-4.0379700786163773e-10
6.69425,-4.0380132379068573e-10
6.6945,-4.038064998628929e-10
6.69475,-4.0381251172891252e-10
6.695,-4.0381931920637493e-10
6.69525,-4.03826862248605e-10
6.6955,-4.0383506119458316e-10
6.69575,-4.0384382070938346e-10
6.696,-4.038530323921489e-10
6.69625,-4.0386257658487276e-10
6.6965,-4.0387232728906403e-10
6.69675,-4.0388215094350932e-10
6.697,-4.0389191326358612e-10
6.69725,-4.039014815291162e-10
6.6975,-4.0391072830015982e-10
6.69775,-4.0391953456785085e-10
6.698,-4.0392779081912387e-10
6.69825,-4.0393540038023682e-10
6.6985,-4.0394227916416985e-10
6.69875,-4.0394835604426677e-10
6.699,-4.0395357478620301e-10
6.69925,-4.0395789504717096e-10
6.6995,-4.0396128855186511e-10
6.69975,-4.039637397522323e-10
6.7,-4.0396524759421497e-10
6.70025,-4.0396582460190477e-10
6.7005,-4.0396549210471818e-10
6.70075,-4.0396428273914217e-10
6.701,-4.0396223910225134e-10
6.70125,-4.0395941243802958e-10
6.7015,-4.0395586247832957e-10
6.70175,-4.0395165391867809e-10
6.702,-4.0394685688061258e-10
6.70225,-4.0394154688458214e-10
6.7025,-4.0393580521649512e-10
6.70275,-4.0392971355147811e-10
6.703,-4.0392335895142549e-10
6.70325,-4.039168292680065e-10
6.7035,-4.0391021136285327e-10
6.70375,-4.0390359272925946e-10
6.704,-4.0389705966127539e-10
6.70425,-4.0389069571465927e-10
6.7045,-4.0388457714896303e-10
6.70475,-4.0387877289089848e-10
6.705,-4.0387334330665363e-10
6.70525,-4.0386833822112268e-10
6.7055,-4.0386379445419132e-10
6.70575,-4.0385973630748531e-10
6.706,-4.0385617471627696e-10
6.70625,-4.0385310705284864e-10
6.7065,-4.0385051992967217e-10
6.70675,-4.0384838854654044e-10
6.707,-4.0384667870410055e-10
6.70725,-4.0384534766990462e-10
6.7075,-4.0384434473262787e-10
6.70775,-4.0384361373453381e-10
6.708,-4.0384309335583063e-10
6.70825,-4.0384272137225484e-10
6.7085,-4.03842435606378e-10
6.70875,-4.0384217629820465e-10
6.709,-4.0384188540817299e-10
6.70925,-4.0384150856781145e-10
6.7095,-4.0384099574862814e-10
6.70975,-4.0384030360720004e-10
6.71,-4.0383939246802953e-10
6.71025,-4.0383822810697669e-10
6.7105,-4.0383678243858557e-10
6.71075,-4.0383503337851272e-10
6.711,-4.0383296145784197e-10
6.71125,-4.0383055200691388e-10
6.7115,-4.0382779378148364e-10
6.71175,-4.0382467960155524e-10
6.712,-4.0382120616510007e-10
6.71225,-4.0381737386125359e-10
6.7125,-4.0381318452022428e-10
6.71275,-4.0380864350474266e-10
6.713,-4.0380376088871757e-10
6.71325,-4.0379854941987729e-10
6.7135,-4.0379302532354745e-10
6.71375,-4.0378720958302899e-10
6.714,-4.0378112720225958e-10
6.71425,-4.0377480946388032e-10
6.7145,-4.0376828994044101e-10
6.71475,-4.0376160307180883e-10
6.715,-4.0375478562205237e-10
6.71525,-4.037478743331189e-10
6.7155,-4.0374090329199786e-10
6.71575,-4.0373390397402807e-10
6.716,-4.0372690286311504e-10
6.71625,-4.0371992107939039e-10
6.7165,-4.0371297343690405e-10
6.71675,-4.0370606899408666e-10
6.717,-4.0369921071878088e-10
6.71725,-4.0369239573233913e-10
6.7175,-4.0368561731554798e-10
6.71775,-4.036788649537253e-10
6.718,-4.0367212370598136e-10
6.71825,-4.0366537669253487e-10
6.7185,-4.0365860442863075e-10
6.71875,-4.0365178568420103e-10
6.719,-4.0364489761756699e-10
6.71925,-4.0363791519629325e-10
6.7195,-4.0363081025499964e-10
6.71975,-4.0362355365176624e-10
6.72,-4.0361611300824986e-10
6.72025,-4.0360845401068388e-10
6.7205,-4.0360053873648995e-10
6.72075,-4.0359232754374734e-10
6.721,-4.035837803877495e-10
6.72125,-4.0357485681412247e-10
6.7215,-4.0356551949505693e-10
6.72175,-4.0355573431381307e-10
6.722,-4.0354547427352855e-10
6.72225,-4.0353471938020245e-10
6.7225,-4.0352345715073339e-10
6.72275,-4.0351168441828383e-10
6.723,-4.0349940772354298e-10
6.72325,-4.0348664385493818e-10
6.7235,-4.0347341886023568e-10
6.72375,-4.034597677201895e-10
6.724,-4.0344573109101844e-10
6.72425,-4.0343135564862986e-10
6.7245,-4.0341669182159562e-10
6.72475,-4.0340179293629155e-10
6.725,-4.0338671248173759e-10
6.72525,-4.033715019604443e-10
6.7255,-4.0335620900447625e-10
6.72575,-4.0334087666307257e-10
6.726,-4.03325543930741e-10
6.72625,-4.0331024426451415e-10
6.7265,-4.0329500597776468e-10
6.72675,-4.032798519554368e-10
6.727,-4.0326480106019883e-10
6.72725,-4.0324986935333322e-10
6.7275,-4.0323506923186448e-10
6.72775,-4.0322041206550648e-10
6.728,-4.0320590839462588e-10
6.72825,-4.0319157168661092e-10
6.7285,-4.031774169232029e-10
6.72875,-4.0316346230168857e-10
6.729,-4.0314972841099714e-10
6.72925,-4.0313623803155764e-10
6.7295,-4.0312301584851271e-10
6.72975,-4.0311008681164831e-10
6.73,-4.0309747483974514e-10
6.73025,-4.0308520231055453e-10
6.7305,-4.0307328760029472e-10
6.73075,-4.0306174259367976e-10
6.731,-4.0305057291633291e-10
6.73125,-4.0303977689671358e-10
6.7315,-4.0302934535615862e-10
6.73175,-4.0301926154784376e-10
6.732,-4.0300950197215852e-10
6.73225,-4.0300003757317536e-10
6.7325,-4.0299083593977584e-10
6.73275,-4.0298186139067931e-10
6.733,-4.0297307828170306e-10
6.73325,-4.029644517980275e-10
6.7335,-4.0295594841761034e-10
6.73375,-4.0294753663827201e-10
6.734,-4.0293918735143335e-10
6.73425,-4.0293087318109388e-10
6.7345,-4.0292256745886369e-10
6.73475,-4.0291424386758798e-10
6.735,-4.0290587617260631e-10
6.73525,-4.0289743623008227e-10
6.7355,-4.0288889341018629e-10
6.73575,-4.0288021283434881e-10
6.736,-4.028713561611122e-10
6.73625,-4.028622803627167e-10
6.7365,-4.0285293982659567e-10
6.73675,-4.0284328879834097e-10
6.737,-4.0283328167554266e-10
6.73725,-4.0282287470223571e-10
6.7375,-4.0281202947782758e-10
6.73775,-4.0280071435100461e-10
6.738,-4.0278890702638043e-10
6.73825,-4.0277659559883105e-10
6.7385,-4.0276377954063119e-10
6.73875,-4.0275047018886374e-10
6.739,-4.0273669252507091e-10
6.73925,-4.0272248457652554e-10
6.7395,-4.0270789615894754e-10
6.73975,-4.0269298886522428e-10
6.74,-4.0267783346652659e-10
6.74025,-4.0266250972085043e-10
6.7405,-4.0264710445872566e-10
6.74075,-4.0263171053183603e-10
6.741,-4.0261642567300702e-10
6.74125,-4.0260135117938936e-10
6.7415,-4.0258658955576261e-10
6.74175,-4.0257224267119237e-10
6.742,-4.0255841091078541e-10
6.74225,-4.0254519164600649e-10
6.7425,-4.0253267600609469e-10
6.74275,-4.0252094704133259e-10
6.743,-4.0251007801770125e-10
6.74325,-4.0250013093667825e-10
6.7435,-4.0249115551306591e-10
6.74375,-4.0248318852403111e-10
6.744,-4.0247625240784809e-10
6.74425,-4.0247035553378512e-10
6.7445,-4.0246549308922514e-10
6.74475,-4.0246164817611388e-10
6.745,-4.0245879339177021e-10
6.74525,-4.0245689213546154e-10
6.7455,-4.0245590056347182e-10
6.74575,-4.0245576817855899e-10
6.746,-4.02456441319911e-10
6.74625,-4.0245786226685265e-10
6.7465,-4.0245997054498081e-10
6.74675,-4.0246270225705738e-10
6.747,-4.024659911410641e-10
6.74725,-4.0246977055843807e-10
6.7475,-4.0247397297695826e-10
6.74775,-4.0247852613219538e-10
6.748,-4.0248335211308372e-10
6.74825,-4.0248836784691452e-10
6.7485,-4.0249348850764273e-10
6.74875,-4.0249862919642061e-10
6.749,-4.0250370599215389e-10
6.74925,-4.0250863786601896e-10
6.7495,-4.0251334768756875e-10
6.74975,-4.025177633671451e-10
6.75,-4.0252181827936208e-10
6.75025,-4.0252545411794198e-10
6.7505,-4.025286206813889e-10
6.75075,-4.025312784609928e-10
6.751,-4.0253339633026553e-10
6.75125,-4.0253495352315561e-10
6.7515,-4.025359395131844e-10
6.75175,-4.0253635330628135e-10
6.752,-4.0253620268808425e-10
6.75225,-4.0253550440932927e-10
6.7525,-4.0253428311847039e-10
6.75275,-4.0253256975633635e-10
6.753,-4.0253040338639846e-10
6.75325,-4.0252782771314629e-10
6.7535,-4.0252489183322904e-10
6.75375,-4.0252165042798767e-10
6.754,-4.0251816464265473e-10
6.75425,-4.0251450079630545e-10
6.7545,-4.0251073201578951e-10
6.75475,-4.0250693635152025e-10
6.755,-4.0250319430086283e-10
6.75525,-4.0249958873099404e-10
6.7555,-4.0249620220150618e-10
6.75575,-4.0249311562317905e-10
6.756,-4.0249040712568808e-10
6.75625,-4.0248814908295816e-10
6.7565,-4.0248640874152763e-10
6.75675,-4.0248524819759098e-10
6.757,-4.0248472294831177e-10
6.75725,-4.0248488125101179e-10
6.7575,-4.0248576401542721e-10
6.75775,-4.0248740497875308e-10
6.758,-4.0248982863320128e-10
6.75825,-4.0249305237975428e-10
6.7585,-4.024970863970197e-10
6.75875,-4.0250193400609001e-10
6.759,-4.0250759149725368e-10
6.75925,-4.0251404735535338e-10
6.7595,-4.0252128241422535e-10
6.75975,-4.0252926834362336e-10
6.76,-4.0253796750045178e-10
6.76025,-4.0254733382273447e-10
6.7605,-4.025573143788211e-10
6.76075,-4.0256785110234635e-10
6.761,-4.0257888183527782e-10
6.76125,-4.0259034216381222e-10
6.7615,-4.0260216647786116e-10
6.76175,-4.0261428866499129e-10
6.762,-4.0262664428074338e-10
6.76225,-4.0263917009502143e-10
6.7625,-4.0265180580365966e-10
6.76275,-4.0266449447793323e-10
6.763,-4.026771829608168e-10
6.76325,-4.0268982303662687e-10
6.7635,-4.0270237076715219e-10
6.76375,-4.0271478743759835e-10
6.764,-4.0272704052295016e-10
6.76425,-4.0273910171891866e-10
6.7645,-4.0275094482805247e-10
6.76475,-4.0276255044778864e-10
6.765,-4.0277390671003572e-10
6.76525,-4.0278500892077561e-10
6.7655,-4.0279586293340327e-10
6.76575,-4.0280648402221103e-10
6.766,-4.0281689848109271e-10
6.76625,-4.028271406220843e-10
6.7665,-4.0283725154465482e-10
6.76675,-4.0284727734501937e-10
6.767,-4.0285726800291761e-10
6.76725,-4.0286727481338013e-10
6.7675,-4.0287734884219327e-10
6.76775,-4.0288753784994877e-10
6.768,-4.0289788209619033e-10
6.76825,-4.029084126293187e-10
6.7685,-4.0291914865474007e-10
6.76875,-4.029300953825859e-10
6.769,-4.0294124484838629e-10
6.76925,-4.0295257642957389e-10
6.7695,-4.0296405892928202e-10
6.76975,-4.0297565135503904e-10
6.77,-4.0298730273346077e-10
6.77025,-4.0299895607257238e-10
6.7705,-4.0301054864694666e-10
6.77075,-4.0302201580895638e-10
6.771,-4.0303329074644528e-10
6.77125,-4.0304430833184451e-10
6.7715,-4.0305500858129845e-10
6.77175,-4.0306533862439741e-10
6.772,-4.0307525306392026e-10
6.77225,-4.0308472088736271e-10
6.7725,-4.0309371945311319e-10
6.77275,-4.0310223138748969e-10
6.773,-4.0311024682099839e-10
6.77325,-4.0311776617722031e-10
6.7735,-4.0312480164018079e-10
6.77375,-4.0313137498882149e-10
6.774,-4.0313751880226851e-10
6.77425,-4.0314327404821665e-10
6.7745,-4.0314868821526591e-10
6.77475,-4.0315381412996108e-10
6.775,-4.0315870859686736e-10
6.77525,-4.031634317856454e-10
6.7755,-4.0316804424513962e-10
6.77575,-4.0317260763211713e-10
6.776,-4.0317718382322688e-10
6.77625,-4.0318183247278368e-10
6.7765,-4.0318661008227565e-10
6.77675,-4.0319157018780463e-10
6.777,-4.0319676312328965e-10
6.77725,-4.0320223647225156e-10
6.7775,-4.0320803469811101e-10
6.77775,-4.0321420117426486e-10
6.778,-4.0322077730960151e-10
6.77825,-4.0322780383454259e-10
6.7785,-4.0323531862310372e-10
6.77875,-4.0324335711802605e-10
6.779,-4.0325195069962298e-10
6.77925,-4.0326112537036284e-10
6.7795,-4.0327089944038757e-10
6.77975,-4.0328128217977404e-10
6.78,-4.0329227341561935e-10
6.78025,-4.03303860496797e-10
6.7805,-4.0331601835661418e-10
6.78075,-4.0332870749172574e-10
6.781,-4.0334187666993058e-10
6.78125,-4.0335546309204273e-10
6.7815,-4.0336939288330811e-10
6.78175,-4.033835838779979e-10
6.782,-4.0339794714635488e-10
6.78225,-4.0341238970291979e-10
6.7825,-4.0342681686596328e-10
6.78275,-4.0344113485885646e-10
6.783,-4.0345525635813381e-10
6.78325,-4.0346910067408941e-10
6.7835,-4.0348259836480872e-10
6.78375,-4.0349569277904033e-10
6.784,-4.0350834151130311e-10
6.78425,-4.0352051839123784e-10
6.7845,-4.0353221446017634e-10
6.78475,-4.0354343855970604e-10
6.785,-4.0355421613753694e-10
6.78525,-4.0356458968846039e-10
6.7855,-4.03574615370162e-10
6.78575,-4.0358436068816407e-10
6.786,-4.0359390207790298e-10
6.78625,-4.0360332242037947e-10
6.7865,-4.036127055527842e-10
6.78675,-4.0362213325810512e-10
6.787,-4.0363167962396309e-10
6.78725,-4.0364140766971831e-10
6.7875,-4.0365136779451351e-10
6.78775,-4.036615938820167e-10
6.788,-4.0367210124054175e-10
6.78825,-4.0368288582015994e-10
6.7885,-4.0369392250320933e-10
6.78875,-4.0370516675630784e-10
6.789,-4.037165568659354e-10
6.78925,-4.0372801649178364e-10
6.7895,-4.0373945863323863e-10
6.78975,-4.037507904534668e-10
6.79,-4.0376191616489458e-10
6.79025,-4.0377274209769224e-10
6.7905,-4.0378318134473116e-10
6.79075,-4.0379315757513701e-10
6.791,-4.0380260803650291e-10
6.79125,-4.0381148661735898e-10
6.7915,-4.0381976279243914e-10
6.79175,-4.0382742294845492e-10
6.792,-4.0383446962680847e-10
6.79225,-4.0384092003528348e-10
6.7925,-4.0384680477540562e-10
6.79275,-4.0385216573603527e-10
6.793,-4.0385705339838105e-10
6.79325,-4.0386152614718015e-10
6.7935,-4.0386564902980062e-10
6.79375,-4.0386949124688407e-10
6.794,-4.038731268973041e-10
6.79425,-4.0387663346668896e-10
6.7945,-4.0388009006510154e-10
6.79475,-4.0388357740359677e-10
6.795,-4.0388717676159027e-10
6.79525,-4.0389096835279887e-10
6.7955,-4.0389503046514083e-10
6.79575,-4.0389943779936478e-10
6.796,-4.0390425920358645e-10
6.79625,-4.0390955539955934e-10
6.7965,-4.0391537849335316e-10
6.79675,-4.0392177144408128e-10
6.797,-4.0392876740037774e-10
6.79725,-4.0393639091548773e-10
6.7975,-4.0394465716834216e-10
6.79775,-4.0395357219092839e-10
6.798,-4.0396313290058223e-10
6.79825,-4.0397332741249193e-10
6.7985,-4.0398413864276052e-10
6.79875,-4.0399553449701434e-10
6.799,-4.0400747800940777e-10
6.79925,-4.0401992443336318e-10
6.7995,-4.0403282124180908e-10
6.79975,-4.0404610864166542e-10
6.8,-4.0405972055617675e-10
6.80025,-4.0407358432314434e-10
6.8005,-4.0408762229784792e-10
6.80075,-4.0410175287722588e-10
6.801,-4.0411589176089034e-10
6.80125,-4.0412995311743974e-10
6.8015,-4.0414385098870138e-10
6.80175,-4.0415750041295059e-10
6.802,-4.0417082066167252e-10
6.80225,-4.041837354696584e-10
6.8025,-4.0419617739560101e-10
6.80275,-4.0420808824913509e-10
6.803,-4.0421942098553305e-10
6.80325,-4.0423013865523708e-10
6.8035,-4.0424021352752392e-10
6.80375,-4.0424962927041805e-10
6.804,-4.042583809028032e-10
6.80425,-4.0426647293217183e-10
6.8045,-4.0427391796309047e-10
6.80475,-4.0428073595096275e-10
6.805,-4.0428695110002042e-10
6.80525,-4.0429259260617098e-10
6.8055,-4.0429769204813206e-10
6.80575,-4.0430228205722823e-10
6.806,-4.0430639723580125e-10
6.80625,-4.0431007418031927e-10
6.8065,-4.043133503424611e-10
6.80675,-4.0431626663819611e-10
6.807,-4.0431886734650276e-10
6.80725,-4.0432120191106492e-10
6.8075,-4.0432332459886893e-10
6.80775,-4.0432529501707716e-10
6.808,-4.0432717771064421e-10
6.80825,-4.0432904128836674e-10
6.8085,-4.0433095539122505e-10
6.80875,-4.0433298790780057e-10
6.809,-4.0433520207193274e-10
6.80925,-4.0433765217426879e-10
6.8095,-4.0434038048102958e-10
6.80975,-4.0434341296268609e-10
6.81,-4.0434676057972332e-10
6.81025,-4.0435041737361746e-10
6.8105,-4.0435436155204295e-10
6.81075,-4.0435855375710014e-10
6.811,-4.0436293879562141e-10
6.81125,-4.0436744772252252e-10
6.8115,-4.0437199952782518e-10
6.81175,-4.0437650597473882e-10
6.812,-4.0438087304794704e-10
6.81225,-4.0438500272577885e-10
6.8125,-4.0438879658292626e-10
6.81275,-4.0439215964087725e-10
6.813,-4.0439499941249091e-10
6.81325,-4.0439722823190825e-10
6.8135,-4.0439876552600027e-10
6.81375,-4.0439954087894443e-10
6.814,-4.0439949624330079e-10
6.81425,-4.0439858420226378e-10
6.8145,-4.0439677303370294e-10
6.81475,-4.0439404543335756e-10
6.815,-4.0439040026326689e-10
6.81525,-4.0438585374632623e-10
6.8155,-4.0438043898683139e-10
6.81575,-4.04374204487475e-10
6.816,-4.0436721322945683e-10
6.81625,-4.0435954239179797e-10
6.8165,-4.0435128170572073e-10
6.81675,-4.043425307164638e-10
6.817,-4.0433339732792154e-10
6.81725,-4.0432399707521606e-10
6.8175,-4.0431445145640304e-10
6.81775,-4.0430488417513005e-10
6.818,-4.0429542007630856e-10
6.81825,-4.0428618106759321e-10
6.8185,-4.0427728458117269e-10
6.81875,-4.0426884110850266e-10
6.819,-4.0426095067195573e-10
6.81925,-4.0425370052468745e-10
6.8195,-4.0424716173713056e-10
6.81975,-4.0424138623184188e-10
6.82,-4.0423640451342357e-10
6.82025,-4.0423222649614876e-10
6.8205,-4.0422883869936567e-10
6.82075,-4.042262052983715e-10
6.821,-4.0422427023490376e-10
6.82125,-4.0422295591643589e-10
6.8215,-4.0422216639580473e-10
6.82175,-4.04221789932038e-10
6.822,-4.0422170291326487e-10
6.82225,-4.0422177127801855e-10
6.8225,-4.042218545758111e-10
6.82275,-4.0422180847932995e-10
6.823,-4.0422148856998483e-10
6.82325,-4.0422075427065906e-10
6.8235,-4.0421947002583181e-10
6.82375,-4.0421750859478868e-10
6.824,-4.0421475499236603e-10
6.82425,-4.0421110888356237e-10
6.8245,-4.0420648509451821e-10
6.82475,-4.0420081612336361e-10
6.825,-4.0419405246266752e-10
6.82525,-4.0418616357647842e-10
6.8255,-4.0417713832194804e-10
6.82575,-4.0416698375509511e-10
6.826,-4.0415572552810174e-10
6.82625,-4.0414340646271566e-10
6.8265,-4.0413008489432002e-10
6.82675,-4.0411583202477475e-10
6.827,-4.0410073074723234e-10
6.82725,-4.0408487342223654e-10
6.8275,-4.0406835837440038e-10
6.82775,-4.040512883765358e-10
6.828,-4.0403376914126383e-10
6.82825,-4.0401590674054339e-10
6.8285,-4.0399780380550549e-10
6.82875,-4.0397955667585238e-10
6.829,-4.0396125610478845e-10
6.82925,-4.0394298177765528e-10
6.8295,-4.0392480198183259e-10
6.82975,-4.039067734760375e-10
6.83,-4.0388893986844e-10
6.83025,-4.0387133277626055e-10
6.8305,-4.0385396979429632e-10
6.83075,-4.0383685739635875e-10
6.831,-4.0381998919716953e-10
6.83125,-4.0380334816560521e-10
6.8315,-4.0378690771291193e-10
6.83175,-4.0377063492334091e-10
6.832,-4.0375448865739914e-10
6.83225,-4.037384233384358e-10
6.8325,-4.0372239025033104e-10
6.83275,-4.0370633980581405e-10
6.833,-4.0369022448330995e-10
6.83325,-4.0367399860558669e-10
6.8335,-4.0365762136575747e-10
6.83375,-4.0364105656520145e-10
6.834,-4.0362427514248038e-10
6.83425,-4.0360725511375201e-10
6.8345,-4.0358998472129213e-10
6.83475,-4.0357245846159748e-10
6.835,-4.0355467754561789e-10
6.83525,-4.0353664986903379e-10
6.8355,-4.0351838824355081e-10
6.83575,-4.0349990977413721e-10
6.836,-4.0348123237463452e-10
6.83625,-4.0346237273597337e-10
6.8365,-4.0344334952569742e-10
6.83675,-4.0342418040623377e-10
6.837,-4.0340488015801595e-10
6.83725,-4.0338546132076397e-10
6.8375,-4.033659365609652e-10
6.83775,-4.0334631844387309e-10
6.838,-4.0332662136741199e-10
6.83825,-4.0330686173514456e-10
6.8385,-4.0328705698802207e-10
6.83875,-4.0326723133086605e-10
6.839,-4.0324741509507313e-10
6.83925,-4.0322764245883707e-10
6.8395,-4.0320795330537802e-10
6.83975,-4.0318839122212254e-10
6.84,-4.0316900393222851e-10
6.84025,-4.0314984036911359e-10
6.8405,-4.0313095065555348e-10
6.84075,-4.0311238402895639e-10
6.841,-4.0309418393234085e-10
6.84125,-4.0307638961418008e-10
6.8415,-4.0305903416877716e-10
6.84175,-4.0304214318850607e-10
6.842,-4.0302573513169013e-10
6.84225,-4.0300981831130138e-10
6.8425,-4.0299439365186084e-10
6.84275,-4.0297945522945157e-10
6.843,-4.0296498644760826e-10
6.84325,-4.0295096446876672e-10
6.8435,-4.0293735830205047e-10
6.84375,-4.0292412986875444e-10
6.844,-4.0291123603759419e-10
6.84425,-4.0289862717149392e-10
6.8445,-4.0288624653573842e-10
6.84475,-4.0287403509969456e-10
6.845,-4.0286192936013698e-10
6.84525,-4.0284986345015969e-10
6.8455,-4.0283777110804898e-10
6.84575,-4.0282558737045647e-10
6.846,-4.0281324929453015e-10
6.84625,-4.0280069900811543e-10
6.8465,-4.0278788255359959e-10
6.84675,-4.0277475417888545e-10
6.847,-4.0276127452298283e-10
6.84725,-4.0274741318800911e-10
6.8475,-4.0273314622859706e-10
6.84775,-4.0271845738849206e-10
6.848,-4.0270333985607006e-10
6.84825,-4.0268779292045717e-10
6.8485,-4.0267182464665903e-10
6.84875,-4.0265544787461115e-10
6.849,-4.0263868194130122e-10
6.84925,-4.0262155207679169e-10
6.8495,-4.0260408908024594e-10
6.84975,-4.0258632876048866e-10
6.85,-4.0256831120466842e-10
6.85025,-4.0255008036278732e-10
6.8505,-4.0253168154173918e-10
6.85075,-4.0251316237134887e-10
6.851,-4.0249457314888573e-10
6.85125,-4.0247596253730961e-10
6.8515,-4.0245737975800582e-10
6.85175,-4.0243887449126636e-10
6.852,-4.0242049615271198e-10
6.85225,-4.0240229447296287e-10
6.8525,-4.0238431991985997e-10
6.85275,-4.0236662165695032e-10
6.853,-4.0234924812971551e-10
6.85325,-4.0233224749454746e-10
6.8535,-4.0231566517108322e-10
6.85375,-4.0229954539547835e-10
6.854,-4.0228392759980994e-10
6.85425,-4.0226884613946158e-10
6.8545,-4.0225433019520045e-10
6.85475,-4.0224040157050514e-10
6.855,-4.0222707610664913e-10
6.85525,-4.0221436308913338e-10
6.8555,-4.022022634435668e-10
6.85575,-4.0219077052126715e-10
6.856,-4.0217986992492167e-10
6.85625,-4.0216954067588497e-10
6.8565,-4.0215975956288183e-10
6.85675,-4.0215050122833401e-10
6.857,-4.0214173925447666e-10
6.85725,-4.0213345007335758e-10
6.8575,-4.0212561108206197e-10
6.85775,-4.0211820233481938e-10
6.858,-4.0211120885452353e-10
6.85825,-4.0210462139433492e-10
6.8585,-4.0209843550802129e-10
6.85875,-4.0209265086285637e-10
6.859,-4.0208727000377385e-10
6.85925,-4.0208229458403931e-10
6.8595,-4.0207772473123177e-10
6.85975,-4.0207355681530695e-10
6.86,-4.0206977908524003e-10
6.86025,-4.0206637066080398e-10
6.8605,-4.0206329893561539e-10
6.86075,-4.0206052086223228e-10
6.861,-4.0205798256310624e-10
6.86125,-4.0205562048727233e-10
6.8615,-4.0205336360780707e-10
6.86175,-4.0205113324107235e-10
6.862,-4.0204884741997442e-10
6.86225,-4.0204642551687804e-10
6.8625,-4.020437901131484e-10
6.86275,-4.0204087042614653e-10
6.863,-4.020376040184294e-10
6.86325,-4.0203393949362617e-10
6.8635,-4.0202983713589769e-10
6.86375,-4.0202527100696452e-10
6.864,-4.0202023008491895e-10
6.86425,-4.0201471770677542e-10
6.8645,-4.0200875121288692e-10
6.86475,-4.0200236104285568e-10
6.865,-4.0199558816588814e-10
6.86525,-4.0198848318391235e-10
6.8655,-4.0198110365547416e-10
6.86575,-4.019735136218941e-10
6.866,-4.019657802957962e-10
6.86625,-4.019579722018035e-10
6.8665,-4.0195015710436734e-10
6.86675,-4.019424021300942e-10
6.867,-4.0193477129313174e-10
6.86725,-4.0192732490539308e-10
6.8675,-4.019201188912557e-10
6.86775,-4.0191320462363077e-10
6.868,-4.0190662987268459e-10
6.86825,-4.0190043697369327e-10
6.8685,-4.0189466449927862e-10
6.86875,-4.0188934565682935e-10
6.869,-4.0188450953720748e-10
6.86925,-4.0188018124219924e-10
6.8695,-4.0187638382425911e-10
6.86975,-4.0187313790964915e-10
6.87,-4.0187046344267418e-10
6.87025,-4.0186837884671827e-10
6.8705,-4.0186690154927612e-10
6.87075,-4.018660473308305e-10
6.871,-4.0186582992481715e-10
6.87125,-4.018662590673653e-10
6.8715,-4.0186734030014581e-10
6.87175,-4.0186907354133574e-10
6.872,-4.0187145473942244e-10
6.87225,-4.0187447450778862e-10
6.8725,-4.0187811392467021e-10
6.87275,-4.0188234212908787e-10
6.873,-4.0188711913183924e-10
6.87325,-4.018923969839724e-10
6.8735,-4.0189812148912045e-10
6.87375,-4.0190423410676118e-10
6.874,-4.0191067210302285e-10
6.87425,-4.0191736850878621e-10
6.8745,-4.0192425391364563e-10
6.87475,-4.0193125705567233e-10
6.875,-4.0193830653795267e-10
6.87525,-4.0194533176845913e-10
6.8755,-4.0195226406102365e-10
6.87575,-4.0195903722664145e-10
6.876,-4.0196558866534481e-10
6.87625,-4.0197185976449664e-10
6.8765,-4.0197779755545295e-10
6.87675,-4.0198335495868103e-10
6.877,-4.0198849212834964e-10
6.87725,-4.0199317747380993e-10
6.8775,-4.0199738824417366e-10
6.87775,-4.0200111065743094e-10
6.878,-4.0200434102429657e-10
6.87825,-4.020070859800079e-10
6.8785,-4.0200936374539847e-10
6.87875,-4.0201120104899955e-10
6.879,-4.0201263471170863e-10
6.87925,-4.0201371144713669e-10
6.8795,-4.0201448656298947e-10
6.87975,-4.0201502114315566e-10
6.88,-4.0201538087763751e-10
6.88025,-4.0201563363955219e-10
6.8805,-4.0201584848411175e-10
6.88075,-4.0201609415958419e-10
6.881,-4.0201643846270431e-10
6.88125,-4.0201694819790626e-10
6.8815,-4.0201768803543443e-10
6.88175,-4.0201872055411775e-10
6.882,-4.0202010543518011e-10
6.88225,-4.0202189869879646e-10
6.8825,-4.0202415190108625e-10
6.88275,-4.0202691139145199e-10
6.883,-4.0203021821422966e-10
6.88325,-4.0203410751343802e-10
6.8835,-4.0203860797692136e-10
6.88375,-4.0204374124741003e-10
6.884,-4.0204952075368045e-10
6.88425,-4.020559505633493e-10
6.8845,-4.0206302316995387e-10
6.88475,-4.0207072006828452e-10
6.885,-4.0207901191642389e-10
6.88525,-4.0208786074380244e-10
6.8855,-4.0209722228084033e-10
6.88575,-4.0210704835486759e-10
6.886,-4.0211728903988162e-10
6.88625,-4.0212789535349271e-10
6.8865,-4.0213882099256166e-10
6.88675,-4.0215002334318609e-10
6.887,-4.0216146524108572e-10
6.88725,-4.0217311624436366e-10
6.8875,-4.0218495221307605e-10
6.88775,-4.0219695613192543e-10
6.888,-4.0220911769627455e-10
6.88825,-4.0222143240188966e-10
6.8885,-4.0223389986035627e-10
6.88875,-4.0224652196816195e-10
6.889,-4.0225930089402053e-10
6.88925,-4.0227223827416908e-10
6.8895,-4.0228533603939407e-10
6.88975,-4.0229859708802265e-10
6.89,-4.0231202644916083e-10
6.89025,-4.0232563196407411e-10
6.8905,-4.023394237615136e-10
6.89075,-4.0235341450500398e-10
6.891,-4.0236761922649919e-10
6.89125,-4.0238205636513387e-10
6.8915,-4.0239674394035574e-10
6.89175,-4.0241170138121449e-10
6.892,-4.0242695005363422e-10
6.89225,-4.0244251023342233e-10
6.8925,-4.0245839998856173e-10
6.89275,-4.0247463261465206e-10
6.893,-4.0249121580703784e-10
6.89325,-4.0250815011657019e-10
6.8935,-4.0252543108595778e-10
6.89375,-4.0254304925067733e-10
6.894,-4.0256099236255591e-10
6.89425,-4.0257924489895287e-10
6.8945,-4.0259778928790473e-10
6.89475,-4.0261660480221933e-10
6.895,-4.0263567025806661e-10
6.89525,-4.0265496279354513e-10
6.8955,-4.0267445898981548e-10
6.89575,-4.0269413709138783e-10
6.896,-4.0271397737068637e-10
6.89625,-4.0273396234731449e-10
6.8965,-4.0275407879005723e-10
6.89675,-4.0277431403608332e-10
6.897,-4.0279465148559988e-10
6.89725,-4.028150698232552e-10
6.8975,-4.0283554345861514e-10
6.89775,-4.0285604380205279e-10
6.898,-4.0287654024883697e-10
6.89825,-4.0289699990040766e-10
6.8985,-4.0291738590376764e-10
6.89875,-4.0293765952068469e-10
6.899,-4.0295777798971894e-10
6.89925,-4.0297769799397905e-10
6.8995,-4.029973766027223e-10
6.89975,-4.0301677145474311e-10
6.9,-4.0303584450964039e-10
6.90025,-4.0305456200981512e-10
6.9005,-4.0307289657837234e-10
6.90075,-4.0309082792855619e-10
6.901,-4.0310834462055968e-10
6.90125,-4.0312544575530245e-10
6.9015,-4.0314214144423629e-10
6.90175,-4.0315845371885421e-10
6.902,-4.0317441749842241e-10
6.90225,-4.0319008125367879e-10
6.9025,-4.0320550702390037e-10
6.90275,-4.0322076961844981e-10
6.903,-4.0323595520361001e-10
6.90325,-4.0325115813702044e-10
6.9035,-4.0326647910977791e-10
6.90375,-4.0328202209713062e-10
6.904,-4.0329789056800027e-10
6.90425,-4.0331418343608731e-10
6.9045,-4.0333099282675869e-10
6.90475,-4.0334839985607612e-10
6.905,-4.0336647291915193e-10
6.90525,-4.0338526501812982e-10
6.9055,-4.0340481125152643e-10
6.90575,-4.0342512961818329e-10
6.906,-4.0344622066654757e-10
6.90625,-4.0346806847909774e-10
6.9065,-4.0349064035304976e-10
6.90675,-4.0351388951828108e-10
6.907,-4.0353775777568691e-10
6.90725,-4.0356217691449957e-10
6.9075,-4.035870728464971e-10
6.90775,-4.0361236790796875e-10
6.908,-4.036379833478647e-10
6.90825,-4.0366384245332565e-10
6.9085,-4.03689872389233e-10
6.90875,-4.0371600731661021e-10
6.909,-4.0374218790759425e-10
6.90925,-4.0376836371828193e-10
6.9095,-4.0379449293981639e-10
6.90975,-4.0382054333276103e-10
6.91,-4.0384649143718876e-10
6.91025,-4.0387232295665155e-10
6.9105,-4.0389803117153128e-10
6.91075,-4.0392361633208635e-10
6.911,-4.0394908553201713e-10
6.91125,-4.0397444972806218e-10
6.9115,-4.0399972215095936e-10
6.91175,-4.0402491570834112e-10
6.912,-4.040500431577155e-10
6.91225,-4.0407511655205224e-10
6.9125,-4.0410014481629663e-10
6.91275,-4.0412513331209119e-10
6.913,-4.0415008135818728e-10
6.91325,-4.0417498260965181e-10
6.9135,-4.0419982527773856e-10
6.91375,-4.0422459224991695e-10
6.914,-4.0424926101548222e-10
6.91425,-4.042738055052373e-10
6.9145,-4.0429819511250924e-10
6.91475,-4.0432239813047441e-10
6.915,-4.0434638024937356e-10
6.91525,-4.0437010395485334e-10
6.9155,-4.043935314158698e-10
6.91575,-4.0441662603854702e-10
6.916,-4.0443935236561299e-10
6.91625,-4.0446167508565278e-10
6.9165,-4.0448355980931845e-10
6.91675,-4.0450497286540292e-10
6.917,-4.0452588017611394e-10
6.91725,-4.0454624705354761e-10
6.9175,-4.0456603946597397e-10
6.91775,-4.0458522556268286e-10
6.918,-4.0460377609935586e-10
6.91825,-4.0462166500692864e-10
6.9185,-4.0463887285714997e-10
6.91875,-4.0465538616313572e-10
6.919,-4.0467119961005959e-10
6.91925,-4.0468631529304993e-10
6.9195,-4.0470074587373141e-10
6.91975,-4.0471451243165072e-10
6.92,-4.0472764361299266e-10
6.92025,-4.0474017548696701e-10
6.9205,-4.0475214950737118e-10
6.92075,-4.0476361338980043e-10
6.921,-4.0477461877435867e-10
6.92125,-4.0478522004174916e-10
6.9215,-4.0479547416757847e-10
6.92175,-4.0480543968563815e-10
6.922,-4.0481517737607503e-10
6.92225,-4.0482475232939713e-10
6.9225,-4.0483423068158293e-10
6.92275,-4.0484368047953131e-10
6.923,-4.0485317019301185e-10
6.92325,-4.0486276870479307e-10
6.9235,-4.0487254309810656e-10
6.92375,-4.0488255629323067e-10
6.924,-4.0489286443747611e-10
6.92425,-4.0490351510463686e-10
6.9245,-4.0491454543696683e-10
6.92475,-4.0492597852552155e-10
6.925,-4.0493782313391391e-10
6.92525,-4.0495007393732805e-10
6.9255,-4.0496270942489373e-10
6.92575,-4.0497569281121448e-10
6.926,-4.0498897316165132e-10
6.92625,-4.0500248712577435e-10
6.9265,-4.0501616159444628e-10
6.92675,-4.0502991503120956e-10
6.927,-4.0504366154260995e-10
6.92725,-4.0505731339671116e-10
6.9275,-4.0507078403223163e-10
6.92775,-4.0508399131608964e-10
6.928,-4.0509686011892391e-10
6.92825,-4.0510932420216838e-10
6.9285,-4.0512132654568913e-10
6.92875,-4.051328210167421e-10
6.929,-4.0514377178158269e-10
6.92925,-4.0515415248669742e-10
6.9295,-4.0516394516724307e-10
6.92975,-4.0517313768158426e-10
6.93,-4.0518172343175357e-10
6.93025,-4.0518969951256597e-10
6.9305,-4.0519706547824948e-10
6.93075,-4.0520382301913506e-10
6.931,-4.0520997671792466e-10
6.93125,-4.0521553484654697e-10
6.9315,-4.0522051015676512e-10
6.93175,-4.0522492173683906e-10
6.932,-4.0522879696107309e-10
6.93225,-4.052321688864415e-10
6.9325,-4.0523507918541874e-10
6.93275,-4.0523757764542745e-10
6.933,-4.0523972241635663e-10
6.93325,-4.0524157648466422e-10
6.9335,-4.0524320638683741e-10
6.93375,-4.0524467875376431e-10
6.934,-4.0524605620715546e-10
6.93425,-4.0524739675593637e-10
6.9345,-4.052487484595392e-10
6.93475,-4.0525014664625211e-10
6.935,-4.0525161242650316e-10
6.93525,-4.0525315119742566e-10
6.9355,-4.05254756325431e-10
6.93575,-4.0525640803847749e-10
6.936,-4.0525807299218885e-10
6.93625,-4.0525970698257836e-10
6.9365,-4.0526125513454084e-10
6.93675,-4.0526265269254085e-10
6.937,-4.0526382749612336e-10
6.93725,-4.0526470129909656e-10
6.9375,-4.052651935807054e-10
6.93775,-4.0526522315730388e-10
6.938,-4.0526470986589339e-10
6.93825,-4.0526357420528763e-10
6.9385,-4.0526174236384195e-10
6.93875,-4.052591475759393e-10
6.939,-4.0525573133947012e-10
6.93925,-4.0525144477119879e-10
6.9395,-4.0524624950210786e-10
6.93975,-4.0524011803789818e-10
6.94,-4.0523303348011666e-10
6.94025,-4.0522499089525243e-10
6.9405,-4.0521599716159574e-10
6.94075,-4.0520607048271609e-10
6.941,-4.0519523954114461e-10
6.94125,-4.0518354296345581e-10
6.9415,-4.0517103024094421e-10
6.94175,-4.0515775788176139e-10
6.942,-4.0514379308481069e-10
6.94225,-4.0512921083994869e-10
6.9425,-4.05114094050833e-10
6.94275,-4.0509853170245345e-10
6.943,-4.0508261774437349e-10
6.94325,-4.0506645005186576e-10
6.9435,-4.0505012871869405e-10
6.94375,-4.0503375362938662e-10
6.944,-4.0501742190662784e-10
6.94425,-4.0500122641176903e-10
6.9445,-4.0498525343220289e-10
6.94475,-4.049695826610546e-10
6.945,-4.0495428395528308e-10
6.94525,-4.0493941700080001e-10
6.9455,-4.0492503233085626e-10
6.94575,-4.0491117016231852e-10
6.946,-4.0489785970234702e-10
6.94625,-4.0488512016593834e-10
6.9465,-4.0487296106416044e-10
6.94675,-4.0486138174476135e-10
6.947,-4.0485037118733071e-10
6.94725,-4.0483990929234619e-10
6.9475,-4.0482996518443355e-10
6.94775,-4.0482049682845838e-10
6.948,-4.0481145317223446e-10
6.94825,-4.0480277254670844e-10
6.9485,-4.0479438349405121e-10
6.94875,-4.0478620699183675e-10
6.949,-4.0477815694361447e-10
6.94925,-4.0477014039493215e-10
6.9495,-4.0476206205771603e-10
6.94975,-4.0475382638429363e-10
6.95,-4.0474534026367116e-10
6.95025,-4.047365151532768e-10
6.9505,-4.0472727028344548e-10
6.95075,-4.047175331747429e-10
6.951,-4.047072461267396e-10
6.95125,-4.0469636244206994e-10
6.9515,-4.0468485114430914e-10
6.95175,-4.0467269541793892e-10
6.952,-4.0465989384147511e-10
6.95225,-4.0464646099776246e-10
6.9525,-4.0463242654133395e-10
6.95275,-4.046178338396158e-10
6.953,-4.0460273999815858e-10
6.95325,-4.0458721304934402e-10
6.9535,-4.0457133080016599e-10
6.95375,-4.045551774903143e-10
6.954,-4.0453884055346358e-10
6.95425,-4.0452240818930045e-10
6.9545,-4.0450596614836306e-10
6.95475,-4.0448959402719411e-10
6.955,-4.0447336221705976e-10
6.95525,-4.0445732952908196e-10
6.9555,-4.0444153992219305e-10
6.95575,-4.0442602166118275e-10
6.956,-4.0441078451064102e-10
6.95625,-4.0439581906755493e-10
6.9565,-4.0438109891287823e-10
6.95675,-4.0436657998448539e-10
6.957,-4.0435220253767393e-10
6.95725,-4.0433789285851429e-10
6.9575,-4.0432356547629501e-10
6.95775,-4.0430912736647838e-10
6.958,-4.0429448069649782e-10
6.95825,-4.0427952527535186e-10
6.9585,-4.0426416493873926e-10
6.95875,-4.0424830863617712e-10
6.959,-4.0423187397504209e-10
6.95925,-4.0421478914583792e-10
6.9595,-4.04196996064791e-10
6.95975,-4.0417845163471911e-10
6.96,-4.0415912738540206e-10
6.96025,-4.0413901087733097e-10
6.9605,-4.0411810088361693e-10
6.96075,-4.0409640966172895e-10
6.961,-4.0407396152754755e-10
6.96125,-4.0405079139303757e-10
6.9615,-4.0402694168192042e-10
6.96175,-4.0400245949905947e-10
6.962,-4.0397739723030244e-10
6.96225,-4.0395181011377382e-10
6.9625,-4.0392575547317934e-10
6.96275,-4.0389929211061581e-10
6.963,-4.0387247891855245e-10
6.96325,-4.0384537622041884e-10
6.9635,-4.038180449086884e-10
6.96375,-4.0379054706102602e-10
6.964,-4.0376294510945e-10
6.96425,-4.0373530203226101e-10
6.9645,-4.0370768160532575e-10
6.96475,-4.0368014824554846e-10
6.965,-4.036527662800206e-10
6.96525,-4.036255990653139e-10
6.9655,-4.0359871063781733e-10
6.96575,-4.0357216513023536e-10
6.966,-4.0354602503330146e-10
6.96625,-4.0352035135589489e-10
6.9665,-4.0349520072701661e-10
6.96675,-4.0347062783911883e-10
6.967,-4.0344668528545373e-10
6.96725,-4.0342341920031184e-10
6.9675,-4.0340087045088025e-10
6.96775,-4.0337907128896127e-10
6.968,-4.0335804324576211e-10
6.96825,-4.0333779798689633e-10
6.9685,-4.0331833379601798e-10
6.96875,-4.032996355014444e-10
6.969,-4.0328167381003839e-10
6.96925,-4.0326440457732424e-10
6.9695,-4.0324776980853816e-10
6.96975,-4.0323169776713196e-10
6.97,-4.0321610543000994e-10
6.97025,-4.0320089946939413e-10
6.9705,-4.0318597821258053e-10
6.97075,-4.0317123421281831e-10
6.971,-4.0315655641165148e-10
6.97125,-4.0314183495669588e-10
6.9715,-4.0312696230373857e-10
6.97175,-4.0311183451997155e-10
6.972,-4.0309635509825265e-10
6.97225,-4.0308043464386679e-10
6.9725,-4.0306399236206526e-10
6.97275,-4.0304695832432737e-10
6.973,-4.0302927513291446e-10
6.97325,-4.0301089863270003e-10
6.9735,-4.0299179452444115e-10
6.97375,-4.0297194184900433e-10
6.974,-4.0295133233069229e-10
6.97425,-4.0292997034110824e-10
6.9745,-4.0290787144402515e-10
6.97475,-4.0288506153952732e-10
6.975,-4.0286157598855055e-10
6.97525,-4.0283745673829324e-10
6.9755,-4.0281275297154288e-10
6.97575,-4.0278751795392381e-10
6.976,-4.0276180691060621e-10
6.97625,-4.0273567738778636e-10
6.9765,-4.0270918674930588e-10
6.97675,-4.0268239165257182e-10
6.977,-4.0265534768291873e-10
6.97725,-4.0262810643195699e-10
6.9775,-4.0260071800683101e-10
6.97775,-4.0257323052775188e-10
6.978,-4.0254569088486411e-10
6.97825,-4.0251814377114372e-10
6.9785,-4.0249063380918977e-10
6.97875,-4.0246320498691605e-10
6.979,-4.0243590031457735e-10
6.97925,-4.0240876266929572e-10
6.9795,-4.0238183302586617e-10
6.97975,-4.0235514921546706e-10
6.98,-4.0232874683285366e-10
6.98025,-4.0230265662062072e-10
6.9805,-4.0227690432936213e-10
6.98075,-4.0225151046581238e-10
6.981,-4.0222649144273518e-10
6.98125,-4.0220185756472147e-10
6.9815,-4.0217761423414178e-10
6.98175,-4.0215376316433549e-10
6.982,-4.0213030248267076e-10
6.98225,-4.0210722823169613e-10
6.9825,-4.0208453437384512e-10
6.98275,-4.0206221532192453e-10
6.983,-4.0204026516098448e-10
6.98325,-4.0201868053571364e-10
6.9835,-4.0199745917690681e-10
6.98375,-4.0197660018153062e-10
6.984,-4.0195610131872548e-10
6.98425,-4.0193596154471539e-10
6.9845,-4.0191617985321922e-10
6.98475,-4.0189675087012088e-10
6.985,-4.0187766305246632e-10
6.98525,-4.0185890152787084e-10
6.9855,-4.0184044741144438e-10
6.98575,-4.0182227885201247e-10
6.986,-4.0180436973015541e-10
6.98625,-4.017866904911766e-10
6.9865,-4.0176921210255839e-10
6.98675,-4.0175190452942335e-10
6.987,-4.0173473971833574e-10
6.98725,-4.0171769170874802e-10
6.9875,-4.0170074019240475e-10
6.98775,-4.0168386960712341e-10
6.988,-4.0166707030803813e-10
6.98825,-4.0165033931508827e-10
6.9885,-4.0163367908418977e-10
6.98875,-4.0161709828436306e-10
6.989,-4.0160061148057013e-10
6.98925,-4.0158423813178368e-10
6.9895,-4.0156800097269634e-10
6.98975,-4.0155192525359002e-10
6.99,-4.0153603985886787e-10
6.99025,-4.0152037410060444e-10
6.9905,-4.0150495559170985e-10
6.99075,-4.0148981006173219e-10
6.991,-4.0147496134085215e-10
6.99125,-4.0146043036439563e-10
6.9915,-4.0144623280777572e-10
6.99175,-4.014323789819843e-10
6.992,-4.014188736985756e-10
6.99225,-4.0140571841914827e-10
6.9925,-4.0139290968014759e-10
6.99275,-4.0138043819528216e-10
6.993,-4.0136828829455961e-10
6.99325,-4.0135644160327089e-10
6.9935,-4.0134487565959396e-10
6.99375,-4.0133356586118989e-10
6.994,-4.0132248649558848e-10
6.99425,-4.0131161509359124e-10
6.9945,-4.0130093332329733e-10
6.99475,-4.0129042878602665e-10
6.995,-4.0128009696886532e-10
6.99525,-4.0126994096041092e-10
6.9955,-4.0125997592525302e-10
6.99575,-4.0125022592233865e-10
6.996,-4.0124072721907616e-10
6.99625,-4.0123152462450626e-10
6.9965,-4.0122267228901208e-10
6.99675,-4.0121422950701382e-10
6.997,-4.0120626227863111e-10
6.99725,-4.0119884074653828e-10
6.9975,-4.0119203007893617e-10
6.99775,-4.0118588938014624e-10
6.998,-4.0118046812096936e-10
6.99825,-4.0117580772020069e-10
6.9985,-4.0117193788348571e-10
6.99875,-4.0116887792766606e-10
6.999,-4.0116663447171187e-10
6.99925,-4.0116519963525098e-10
6.9995,-4.0116455103856325e-10
6.99975,-4.0116465119201325e-10
7.0,-4.0116545028590864e-10
7.00025,-4.0116688585982173e-10
7.0005,-4.0116888561609929e-10
7.00075,-4.0117136882945596e-10
7.001,-4.0117424620585682e-10
7.00125,-4.0117742436073167e-10
7.0015,-4.011808079598605e-10
7.00175,-4.0118430236048848e-10
7.002,-4.0118781516863672e-10
7.00225,-4.0119125998512969e-10
7.0025,-4.0119455892632756e-10
7.00275,-4.0119764442747622e-10
7.003,-4.012004621844685e-10
7.00325,-4.012029722488942e-10
7.0035,-4.0120514838549896e-10
7.00375,-4.0120697904209967e-10
7.004,-4.0120846802153009e-10
7.00425,-4.0120963581372438e-10
7.0045,-4.0121051818576047e-10
7.00475,-4.0121116545323198e-10
7.005,-4.0121163782722863e-10
7.00525,-4.0121200609060315e-10
7.0055,-4.012123494259143e-10
7.00575,-4.0121275318885519e-10
7.006,-4.0121330781059588e-10
7.00625,-4.0121410590695514e-10
7.0065,-4.0121524148412583e-10
7.00675,-4.0121680853022521e-10
7.007,-4.0121889788619314e-10
7.00725,-4.0122159675845757e-10
7.0075,-4.0122498717977571e-10
7.00775,-4.0122914367291773e-10
7.008,-4.0123413194558139e-10
7.00825,-4.0124000725203166e-10
7.0085,-4.0124681427581083e-10
7.00875,-4.0125458526761949e-10
7.009,-4.0126333830866526e-10
7.00925,-4.0127307844203641e-10
7.0095,-4.0128379457380148e-10
7.00975,-4.0129545917403999e-10
7.01,-4.0130802980877114e-10
7.01025,-4.0132144985945825e-10
7.0105,-4.0133565226103631e-10
7.01075,-4.0135056131129218e-10
7.011,-4.0136609591700054e-10
7.01125,-4.0138217142268765e-10
7.0115,-4.0139870245570509e-10
7.01175,-4.0141560299316658e-10
7.012,-4.0143278812969588e-10
7.01225,-4.0145017486983822e-10
7.0125,-4.014676834340318e-10
7.01275,-4.0148523902990338e-10
7.013,-4.0150277295978008e-10
7.01325,-4.0152022311026628e-10
7.0135,-4.015375350228923e-10
7.01375,-4.0155466335358087e-10
7.014,-4.0157157374045785e-10
7.01425,-4.0158824427897922e-10
7.0145,-4.0160466691082282e-10
7.01475,-4.0162084740448582e-10
7.015,-4.0163680631589443e-10
7.01525,-4.0165257868145463e-10
7.0155,-4.0166821366714013e-10
7.01575,-4.0168377382379856e-10
7.016,-4.0169933316392958e-10
7.01625,-4.0171497489100364e-10
7.0165,-4.0173078930145411e-10
7.01675,-4.0174686940275414e-10
7.017,-4.0176330736561067e-10
7.01725,-4.0178019073226216e-10
7.0175,-4.0179759924098988e-10
7.01775,-4.0181560258206549e-10
7.018,-4.018342586711572e-10
7.01825,-4.0185361341189913e-10
7.0185,-4.0187369983178581e-10
7.01875,-4.0189453717905552e-10
7.019,-4.0191613015075245e-10
7.01925,-4.0193846982869097e-10
7.0195,-4.0196153335903102e-10
7.01975,-4.0198528386420022e-10
7.02,-4.020096730015444e-10
7.02025,-4.020346426826344e-10
7.0205,-4.0206012745625606e-10
7.02075,-4.0208605654724827e-10
7.021,-4.0211235794023005e-10
7.02125,-4.0213895522040033e-10
7.0215,-4.0216576704455108e-10
7.02175,-4.0219270923612125e-10
7.022,-4.0221969986917016e-10
7.02225,-4.02246661951372e-10
7.0225,-4.0227352523145618e-10
7.02275,-4.0230022697710608e-10
7.023,-4.0232671278461484e-10
7.02325,-4.0235293615087149e-10
7.0235,-4.0237885929122347e-10
7.02375,-4.024044527988859e-10
7.024,-4.0242969470464866e-10
7.02425,-4.0245456903834875e-10
7.0245,-4.0247906476571827e-10
7.02475,-4.0250317372771116e-10
7.025,-4.0252688911741292e-10
7.02525,-4.0255020359134771e-10
7.0255,-4.025731094891426e-10
7.02575,-4.0259559829318165e-10
7.026,-4.0261766168424609e-10
7.02625,-4.0263929225482038e-10
7.0265,-4.0266048506060341e-10
7.02675,-4.0268123978481381e-10
7.027,-4.0270156367382962e-10
7.02725,-4.027214733423349e-10
7.0275,-4.0274099633281511e-10
7.02775,-4.0276017404729221e-10
7.028,-4.0277906094217157e-10
7.02825,-4.027977249178972e-10
7.0285,-4.0281624561551542e-10
7.02875,-4.0283471165124057e-10
7.029,-4.0285321837152434e-10
7.02925,-4.0287186529524217e-10
7.0295,-4.0289075147253294e-10
7.02975,-4.0290996939849285e-10
7.03,-4.0292960980049623e-10
7.03025,-4.0294975249725399e-10
7.0305,-4.0297046348614601e-10
7.03075,-4.0299179437972218e-10
7.031,-4.0301377982512763e-10
7.03125,-4.0303643718234004e-10
7.0315,-4.0305976548385355e-10
7.03175,-4.0308374605510315e-10
7.032,-4.0310834466087015e-10
7.03225,-4.0313351254561355e-10
7.0325,-4.0315918897632366e-10
7.03275,-4.0318530398740091e-10
7.033,-4.0321178242689344e-10
7.03325,-4.0323854488440965e-10
7.0335,-4.0326551020371623e-10
7.03375,-4.0329259932990565e-10
7.034,-4.0331973521317025e-10
7.03425,-4.0334684632308755e-10
7.0345,-4.0337386697482736e-10
7.03475,-4.0340073942895407e-10
7.035,-4.0342741484624458e-10
7.03525,-4.0345384620927349e-10
7.0355,-4.0348000826649349e-10
7.03575,-4.0350588175760498e-10
7.036,-4.03531455040125e-10
7.03625,-4.0355672350912662e-10
7.0365,-4.0358169016047857e-10
7.03675,-4.0360636382991358e-10
7.037,-4.0363075965169147e-10
7.03725,-4.0365488846697311e-10
7.0375,-4.0367877719327469e-10
7.03775,-4.0370245074423727e-10
7.038,-4.0372593559225491e-10
7.03825,-4.0374925892970443e-10
7.0385,-4.0377244880618518e-10
7.03875,-4.0379553462032519e-10
7.039,-4.0381854818984495e-10
7.03925,-4.0384152311546335e-10
7.0395,-4.038644963173282e-10
7.03975,-4.0388750763525959e-10
7.04,-4.0391060035081277e-10
7.04025,-4.0393382055679536e-10
7.0405,-4.0395721525473045e-10
7.04075,-4.03980832835575e-10
7.041,-4.040047207659683e-10
7.04125,-4.0402892256088029e-10
7.0415,-4.0405347593105629e-10
7.04175,-4.0407841092160474e-10
7.042,-4.041037477481616e-10
7.04225,-4.0412949422513676e-10
7.0425,-4.0415564448783423e-10
7.04275,-4.0418217940027853e-10
7.043,-4.0420906518520627e-10
7.04325,-4.0423625411373357e-10
7.0435,-4.0426368474206971e-10
7.04375,-4.0429128362647434e-10
7.044,-4.0431896508541343e-10
7.04425,-4.0434662990938499e-10
7.0445,-4.0437417965418404e-10
7.04475,-4.0440150611750783e-10
7.045,-4.0442849761762622e-10
7.04525,-4.0445503949063634e-10
7.0455,-4.0448101898577997e-10
7.04575,-4.0450632610875842e-10
7.046,-4.0453085836448216e-10
7.04625,-4.0455452400396319e-10
7.0465,-4.0457724455602279e-10
7.04675,-4.0459896097377744e-10
7.047,-4.0461963311091348e-10
7.04725,-4.0463924094959873e-10
7.0475,-4.046577862726918e-10
7.04775,-4.0467529249290172e-10
7.048,-4.0469180336399872e-10
7.04825,-4.0470738354766221e-10
7.0485,-4.0472211424533049e-10
7.04875,-4.0473609090151773e-10
7.049,-4.0474942028320552e-10
7.04925,-4.0476221674574069e-10
7.0495,-4.0477459867798057e-10
7.04975,-4.0478668534612713e-10
7.05,-4.0479859427866608e-10
7.05025,-4.0481043807651966e-10
7.0505,-4.0482232392575984e-10
7.05075,-4.0483435198826155e-10
7.051,-4.0484661261493288e-10
7.05125,-4.0485918509182405e-10
7.0515,-4.0487213881158836e-10
7.05175,-4.0488553042929627e-10
7.052,-4.0489940691275834e-10
7.05225,-4.0491380296294273e-10
7.0525,-4.0492874203814774e-10
7.05275,-4.0494423660603841e-10
7.053,-4.0496028662711198e-10
7.05325,-4.04976882000232e-10
7.0535,-4.0499400029337873e-10
7.05375,-4.0501160816211859e-10
7.054,-4.0502966092265331e-10
7.05425,-4.0504810285646251e-10
7.0545,-4.0506686882422484e-10
7.05475,-4.0508588261986933e-10
7.055,-4.0510506101684338e-10
7.05525,-4.0512431389032706e-10
7.0555,-4.0514354639277712e-10
7.05575,-4.0516266417449061e-10
7.056,-4.051815744365551e-10
7.05625,-4.0520019126638325e-10
7.0565,-4.0521843885427911e-10
7.05675,-4.0523625408428294e-10
7.057,-4.052535905579146e-10
7.05725,-4.0527042049353824e-10
7.0575,-4.0528673281489352e-10
7.05775,-4.053025341543088e-10
7.058,-4.0531784744887541e-10
7.05825,-4.053327090197229e-10
7.0585,-4.0534716593624819e-10
7.05875,-4.0536127262206091e-10
7.059,-4.053750848502458e-10
7.05925,-4.0538865733190123e-10
7.0595,-4.054020422159342e-10
7.05975,-4.0541528457084693e-10
7.06,-4.0542842307571292e-10
7.06025,-4.0544149054134465e-10
7.0605,-4.0545451241501399e-10
7.06075,-4.0546750690613349e-10
7.061,-4.0548048696581439e-10
7.06125,-4.0549345772264203e-10
7.0615,-4.0550641712607786e-10
7.06175,-4.055193560228223e-10
7.062,-4.0553226013818748e-10
7.06225,-4.0554511126729927e-10
7.0625,-4.0555788500757716e-10
7.06275,-4.0557055271800444e-10
7.063,-4.0558308111153204e-10
7.06325,-4.0559543276357531e-10
7.0635,-4.0560756658535908e-10
7.06375,-4.0561943975962889e-10
7.064,-4.0563100692335478e-10
7.06425,-4.0564222184129507e-10
7.0645,-4.0565303665698956e-10
7.06475,-4.0566340341944665e-10
7.065,-4.0567327214341718e-10
7.06525,-4.0568259351285056e-10
7.0655,-4.0569131687137432e-10
7.06575,-4.056993926664097e-10
7.066,-4.0570677040064454e-10
7.06625,-4.0571340275772719e-10
7.0665,-4.057192435467341e-10
7.06675,-4.057242517606611e-10
7.067,-4.0572839126512148e-10
7.06725,-4.0573162972781609e-10
7.0675,-4.0573394204930055e-10
7.06775,-4.0573531136676529e-10
7.068,-4.0573572890734212e-10
7.06825,-4.0573519372843975e-10
7.0685,-4.0573371233852493e-10
7.06875,-4.0573129870256339e-10
7.069,-4.0572797278134503e-10
7.06925,-4.0572376073700756e-10
7.0695,-4.0571869562633754e-10
7.06975,-4.057128145863971e-10
7.07,-4.0570615977347813e-10
7.07025,-4.0569878040190462e-10
7.0705,-4.0569072937430468e-10
7.07075,-4.0568206544848785e-10
7.071,-4.0567284903547472e-10
7.07125,-4.0566314530323704e-10
7.0715,-4.0565301994489297e-10
7.07175,-4.0564253911778913e-10
7.072,-4.0563176756319912e-10
7.07225,-4.0562076835434383e-10
7.0725,-4.0560960037658585e-10
7.07275,-4.0559831611462382e-10
7.073,-4.0558696090151101e-10
7.07325,-4.0557557365813954e-10
7.0735,-4.0556418574925019e-10
7.07375,-4.0555281951823172e-10
7.074,-4.0554148841130569e-10
7.07425,-4.0553019858178747e-10
7.0745,-4.0551894930501892e-10
7.07475,-4.055077339973304e-10
7.075,-4.0549654062612598e-10
7.07525,-4.0548535110845669e-10
7.0755,-4.0547414678840419e-10
7.07575,-4.054629070726622e-10
7.076,-4.0545160968955784e-10
7.07625,-4.0544023106950223e-10
7.0765,-4.0542875310144431e-10
7.07675,-4.0541715847167582e-10
7.077,-4.0540543328886754e-10
7.07725,-4.0539356852369753e-10
7.0775,-4.0538156225339681e-10
7.07775,-4.0536941786552352e-10
7.078,-4.053571443569185e-10
7.07825,-4.0534475610476397e-10
7.0785,-4.0533227381573403e-10
7.07875,-4.0531972364494593e-10
7.079,-4.0530713672537197e-10
7.07925,-4.0529454626269336e-10
7.0795,-4.0528198982419139e-10
7.07975,-4.0526950328797979e-10
7.08,-4.0525712127164833e-10
7.08025,-4.0524487794234414e-10
7.0805,-4.0523280222176661e-10
7.08075,-4.0522091787449152e-10
7.081,-4.0520924111746757e-10
7.08125,-4.0519777886174296e-10
7.0815,-4.0518652880340463e-10
7.08175,-4.0517547768151838e-10
7.082,-4.0516459938946403e-10
7.08225,-4.051538576434703e-10
7.0825,-4.0514320493777634e-10
7.08275,-4.0513258201295022e-10
7.083,-4.051219197401162e-10
7.08325,-4.0511114025461547e-10
7.0835,-4.0510015936487689e-10
7.08375,-4.050888889284445e-10
7.084,-4.0507723474022057e-10
7.08425,-4.0506510312731504e-10
7.0845,-4.0505240045231529e-10
7.08475,-4.0503903772209301e-10
7.085,-4.0502493140855324e-10
7.08525,-4.0501000245270708e-10
7.0855,-4.049941782689041e-10
7.08575,-4.0497739416027298e-10
7.086,-4.0495959188556384e-10
7.08625,-4.0494072222973421e-10
7.0865,-4.0492074253447175e-10
7.08675,-4.0489962036361937e-10
7.087,-4.048773342013758e-10
7.08725,-4.0485387250055042e-10
7.0875,-4.0482923525719376e-10
7.08775,-4.04803434070207e-10
7.088,-4.0477649586412211e-10
7.08825,-4.0474845648029421e-10
7.0885,-4.0471936544536913e-10
7.08875,-4.0468928370675403e-10
7.089,-4.04658281703451e-10
7.08925,-4.046264386836792e-10
7.0895,-4.0459384210374332e-10
7.08975,-4.0456058609047977e-10
7.09,-4.0452677143907246e-10
7.09025,-4.0449250337945393e-10
7.0905,-4.044578893859333e-10
7.09075,-4.0442303737074747e-10
7.091,-4.0438805576650749e-10
7.09125,-4.0435305256486911e-10
7.0915,-4.043181348528617e-10
7.09175,-4.0428340390875577e-10
7.092,-4.0424895541407351e-10
7.09225,-4.0421487726976085e-10
7.0925,-4.0418124919054673e-10
7.09275,-4.0414813950244329e-10
7.093,-4.0411560602471963e-10
7.09325,-4.04083695122293e-10
7.0935,-4.040524409326183e-10
7.09375,-4.0402186658649804e-10
7.094,-4.0399198307856311e-10
7.09425,-4.0396279012255708e-10
7.0945,-4.0393427853550031e-10
7.09475,-4.039064315345049e-10
7.095,-4.038792247408952e-10
7.09525,-4.0385262915093543e-10
7.0955,-4.0382661150940287e-10
7.09575,-4.0380113577138013e-10
7.096,-4.0377616191713095e-10
7.09625,-4.037516485198797e-10
7.0965,-4.0372755151601646e-10
7.09675,-4.0370382508318412e-10
7.097,-4.0368042063128171e-10
7.09725,-4.0365728662854914e-10
7.0975,-4.0363436919994239e-10
7.09775,-4.036116106928819e-10
7.098,-4.035889513353484e-10
7.09825,-4.0356632950760758e-10
7.0985,-4.0354368109412171e-10
7.09875,-4.0352094333307642e-10
7.099,-4.0349805324956756e-10
7.09925,-4.0347495123187995e-10
7.0995,-4.0345158285730682e-10
7.09975,-4.034278992666751e-10
7.1,-4.0340386090574132e-10
7.10025,-4.0337943833284859e-10
7.1005,-4.0335461338790956e-10
7.10075,-4.0332937917229198e-10
7.101,-4.0330374150215188e-10
7.10125,-4.0327771965469475e-10
7.1015,-4.0325134263826909e-10
7.10175,-4.0322465018670822e-10
7.102,-4.0319769034258632e-10
7.10225,-4.031705194068535e-10
7.1025,-4.0314320042145142e-10
7.10275,-4.0311580094246266e-10
7.103,-4.0308839254967806e-10
7.10325,-4.0306104899061153e-10
7.1035,-4.0303384422737543e-10
7.10375,-4.0300684880892151e-10
7.104,-4.02980127885151e-10
7.10425,-4.0295373896799277e-10
7.1045,-4.0292773089968154e-10
7.10475,-4.0290214242146272e-10
7.105,-4.028769997097346e-10
7.10525,-4.0285231873548631e-10
7.1055,-4.0282810336920239e-10
7.10575,-4.0280434622445107e-10
7.106,-4.027810296917599e-10
7.10625,-4.0275812722730843e-10
7.1065,-4.0273560529107551e-10
7.10675,-4.027134249453306e-10
7.107,-4.026915440455017e-10
7.10725,-4.026699187230324e-10
7.1075,-4.0264850666134372e-10
7.10775,-4.0262726811923678e-10
7.108,-4.0260616570984152e-10
7.10825,-4.0258516564554273e-10
7.1085,-4.0256423572086469e-10
7.10875,-4.0254334705203895e-10
7.109,-4.0252247112268283e-10
7.10925,-4.0250158072373957e-10
7.1095,-4.0248064711815852e-10
7.10975,-4.024596410264607e-10
7.11,-4.0243853200326112e-10
7.11025,-4.0241728843147589e-10
7.1105,-4.0239587762704581e-10
7.11075,-4.0237426743152125e-10
7.111,-4.0235242662473493e-10
7.11125,-4.0233032746605701e-10
7.1115,-4.023079472721946e-10
7.11175,-4.0228527144150272e-10
7.112,-4.0226229450078192e-10
7.11225,-4.0223902210321479e-10
7.1125,-4.022154710400947e-10
7.11275,-4.0219167144828875e-10
7.113,-4.0216766447819778e-10
7.11325,-4.0214350268644874e-10
7.1135,-4.0211924960117406e-10
7.11375,-4.0209497824254163e-10
7.114,-4.0207076847756277e-10
7.11425,-4.0204670500705169e-10
7.1145,-4.0202287497856269e-10
7.11475,-4.0199936537186418e-10
7.115,-4.0197626112575402e-10
7.11525,-4.0195364288105748e-10
7.1155,-4.0193158412931838e-10
7.11575,-4.0191014997940026e-10
7.116,-4.0188939564658769e-10
7.11625,-4.0186936531662964e-10
7.1165,-4.0185009113127009e-10
7.11675,-4.0183159183448616e-10
7.117,-4.0181387308481717e-10
7.11725,-4.0179692770987951e-10
7.1175,-4.0178073674316951e-10
7.11775,-4.0176526833638445e-10
7.118,-4.0175048050116769e-10
7.11825,-4.0173632115376139e-10
7.1185,-4.0172273064010389e-10
7.11875,-4.0170964446985433e-10
7.119,-4.0169699573702327e-10
7.11925,-4.0168471869552898e-10
7.1195,-4.0167275047678946e-10
7.11975,-4.0166103211266351e-10
7.12,-4.0164951014227945e-10
7.12025,-4.0163813931634262e-10
7.1205,-4.0162688298770037e-10
7.12075,-4.0161571264480519e-10
7.121,-4.0160460787913827e-10
7.12125,-4.0159355734420682e-10
7.1215,-4.0158256080423349e-10
7.12175,-4.0157162490290129e-10
7.122,-4.0156075846028764e-10
7.12225,-4.0154997281125241e-10
7.1225,-4.0153928266272478e-10
7.12275,-4.0152870585653227e-10
7.123,-4.0151826515067374e-10
7.12325,-4.0150798677254622e-10
7.1235,-4.0149790052317345e-10
7.12375,-4.0148803790543681e-10
7.124,-4.0147843165329905e-10
7.12425,-4.0146911615210548e-10
7.1245,-4.0146012704272088e-10
7.12475,-4.0145150079440188e-10
7.125,-4.0144327475565537e-10
7.12525,-4.0143548469537788e-10
7.1255,-4.0142816436270492e-10
7.12575,-4.0142134393866957e-10
7.126,-4.0141504867931327e-10
7.12625,-4.0140929763451827e-10
7.1265,-4.0140410323329903e-10
7.12675,-4.0139946875010414e-10
7.127,-4.013953886296222e-10
7.12725,-4.0139184811195257e-10
7.1275,-4.0138882315417648e-10
7.12775,-4.0138627962265527e-10
7.128,-4.0138417241286851e-10
7.12825,-4.0138244606144028e-10
7.1285,-4.0138103660093577e-10
7.12875,-4.0137987204209806e-10
7.129,-4.0137887491360995e-10
7.12925,-4.0137796314024936e-10
7.1295,-4.0137705246503483e-10
7.12975,-4.0137605741983191e-10
7.13,-4.0137489382497688e-10
7.13025,-4.0137348226306878e-10
7.1305,-4.0137175135019556e-10
7.13075,-4.0136963989369388e-10
7.131,-4.0136709931176023e-10
7.13125,-4.013640955633637e-10
7.1315,-4.0136061024935378e-10
7.13175,-4.0135664272292221e-10
7.132,-4.0135221058807598e-10
7.13225,-4.0134734840733357e-10
7.1325,-4.013421063571072e-10
7.13275,-4.0133654961435089e-10
7.133,-4.0133075704814066e-10
7.13325,-4.0132481763375337e-10
7.1335,-4.0131882802463115e-10
7.13375,-4.0131288883336451e-10
7.134,-4.0130709966324427e-10
7.13425,-4.0130155678878392e-10
7.1345,-4.012963491266039e-10
7.13475,-4.0129155527863348e-10
7.135,-4.012872434529151e-10
7.13525,-4.0128346953316225e-10
7.1355,-4.0128027788228827e-10
7.13575,-4.0127770175741777e-10
7.136,-4.0127576331915963e-10
7.13625,-4.0127447370771654e-10
7.1365,-4.0127383257952779e-10
7.13675,-4.0127382909687645e-10
7.137,-4.0127444282787277e-10
7.13725,-4.0127564527434393e-10
7.1375,-4.0127740097689904e-10
7.13775,-4.0127967159131606e-10
7.138,-4.0128241609122213e-10
7.13825,-4.0128559459986243e-10
7.1385,-4.0128916821750932e-10
7.13875,-4.0129310405134072e-10
7.139,-4.0129737654458065e-10
7.13925,-4.0130196736416074e-10
7.1395,-4.0130686526191198e-10
7.13975,-4.0131206729333905e-10
7.14,-4.0131758016709451e-10
7.14025,-4.0132341742161734e-10
7.1405,-4.013295985843974e-10
7.14075,-4.0133614950628241e-10
7.141,-4.0134309815830081e-10
7.14125,-4.0135047137870265e-10
7.1415,-4.0135829339879811e-10
7.14175,-4.01366581309976e-10
7.142,-4.0137534745920926e-10
7.14225,-4.0138459782121436e-10
7.1425,-4.0139433224391927e-10
7.14275,-4.0140454285439768e-10
7.143,-4.0141521977234795e-10
7.14325,-4.0142634932899605e-10
7.1435,-4.0143791518517227e-10
7.14375,-4.0144989882640407e-10
7.144,-4.0146228507470198e-10
7.14425,-4.0147506018897924e-10
7.1445,-4.0148821079677104e-10
7.14475,-4.0150172917463087e-10
7.145,-4.0151560964513214e-10
7.14525,-4.0152985630822888e-10
7.1455,-4.0154447730204118e-10
7.14575,-4.0155947533309906e-10
7.146,-4.0157485435288483e-10
7.14625,-4.0159061551736446e-10
7.1465,-4.0160676108032426e-10
7.14675,-4.01623290725919e-10
7.147,-4.0164020428391487e-10
7.14725,-4.0165749846113998e-10
7.1475,-4.0167516759166447e-10
7.14775,-4.0169320440582163e-10
7.148,-4.0171159807342749e-10
7.14825,-4.017303360871685e-10
7.1485,-4.0174940454994976e-10
7.14875,-4.0176878645059005e-10
7.149,-4.0178846302979537e-10
7.14925,-4.0180841025857783e-10
7.1495,-4.0182860032545412e-10
7.14975,-4.0184899964812378e-10
7.15,-4.0186957054118056e-10
7.15025,-4.0189026994833482e-10
7.1505,-4.0191104981135819e-10
7.15075,-4.0193185644480848e-10
7.151,-4.0195263550601093e-10
7.15125,-4.0197333342652047e-10
7.1515,-4.019938978183611e-10
7.15175,-4.0201427988159342e-10
7.152,-4.0203443688820385e-10
7.15225,-4.0205433807904929e-10
7.1525,-4.0207396110247702e-10
7.15275,-4.0209329634006289e-10
7.153,-4.0211234655923625e-10
7.15325,-4.0213112688401581e-10
7.1535,-4.0214966413860803e-10
7.15375,-4.0216799318840077e-10
7.154,-4.0218615780613534e-10
7.15425,-4.0220420574385187e-10
7.1545,-4.0222218529319375e-10
7.15475,-4.0224014695353412e-10
7.155,-4.0225814009212724e-10
7.15525,-4.0227621015688396e-10
7.1555,-4.022943991662425e-10
7.15575,-4.0231274309652801e-10
7.156,-4.0233127355137512e-10
7.15625,-4.0235001789200977e-10
7.1565,-4.0236899959734297e-10
7.15675,-4.0238823934119439e-10
7.157,-4.0240775711616007e-10
7.15725,-4.0242757213199072e-10
7.1575,-4.0244770145762855e-10
7.15775,-4.0246816324262785e-10
7.158,-4.0248897607964746e-10
7.15825,-4.0251015983147987e-10
7.1585,-4.025317372917825e-10
7.15875,-4.0255372906373752e-10
7.159,-4.0257615709817144e-10
7.15925,-4.025990416353719e-10
7.1595,-4.026224023576083e-10
7.15975,-4.0264625548131832e-10
7.16,-4.0267061193710918e-10
7.16025,-4.0269547509840779e-10
7.1605,-4.0272084281886702e-10
7.16075,-4.0274670151378008e-10
7.161,-4.0277302887529638e-10
7.16125,-4.0279978935659647e-10
7.1615,-4.0282693479190911e-10
7.16175,-4.0285440359363599e-10
7.162,-4.0288212361358575e-10
7.16225,-4.0291001278756372e-10
7.1625,-4.0293798031060927e-10
7.16275,-4.0296593220125476e-10
7.163,-4.0299377207639933e-10
7.16325,-4.030214087226739e-10
7.1635,-4.0304875154926326e-10
7.16375,-4.0307572171187859e-10
7.164,-4.0310225510710541e-10
7.16425,-4.0312830717177064e-10
7.1645,-4.0315385428919301e-10
7.16475,-4.0317889816498016e-10
7.165,-4.0320346659193012e-10
7.16525,-4.0322760865560772e-10
7.1655,-4.0325139687553437e-10
7.16575,-4.0327492586876961e-10
7.166,-4.0329830419378732e-10
7.16625,-4.0332165081780071e-10
7.1665,-4.0334508996132e-10
7.16675,-4.0336874836823935e-10
7.167,-4.0339274660961915e-10
7.16725,-4.0341719742266824e-10
7.1675,-4.0344220013025198e-10
7.16775,-4.0346783800000957e-10
7.168,-4.0349417691696378e-10
7.16825,-4.035212610316701e-10
7.1685,-4.0354911328193393e-10
7.16875,-4.0357773560928093e-10
7.169,-4.0360710884999506e-10
7.16925,-4.0363719465289344e-10
7.1695,-4.0366793582557611e-10
7.16975,-4.0369925929413098e-10
7.17,-4.0373107650860548e-10
7.17025,-4.0376328598421208e-10
7.1705,-4.0379577805650845e-10
7.17075,-4.0382843821683954e-10
7.171,-4.0386115708886696e-10
7.17125,-4.0389381709787507e-10
7.1715,-4.0392630800187494e-10
7.17175,-4.0395852834239466e-10
7.172,-4.0399038622052229e-10
7.17225,-4.0402179990437055e-10
7.1725,-4.0405269771631304e-10
7.17275,-4.0408301809300895e-10
7.173,-4.0411270972585377e-10
7.17325,-4.0414172956577161e-10
7.1735,-4.0417004212236377e-10
7.17375,-4.0419761937621928e-10
7.174,-4.0422443776948856e-10
7.17425,-4.0425047751644666e-10
7.1745,-4.0427572112254027e-10
7.17475,-4.043001531729564e-10
7.175,-4.043237604332616e-10
7.17525,-4.0434653131819265e-10
7.1755,-4.0436845839501663e-10
7.17575,-4.0438953744969961e-10
7.176,-4.044097682433076e-10
7.17625,-4.0442915790951979e-10
7.1765,-4.0444771923357644e-10
7.17675,-4.0446547337410977e-10
7.177,-4.0448245017162125e-10
7.17725,-4.0449868780175879e-10
7.1775,-4.045142329093594e-10
7.17775,-4.0452914044079725e-10
7.178,-4.045434736201701e-10
7.17825,-4.0455730227072986e-10
7.1785,-4.0457070187973568e-10
7.17875,-4.0458375095851251e-10
7.179,-4.045965318162374e-10
7.17925,-4.0460912477740088e-10
7.1795,-4.0462160883441859e-10
7.17975,-4.0463405822294749e-10
7.18,-4.0464654257759223e-10
7.18025,-4.046591253582159e-10
7.1805,-4.0467186233862191e-10
7.18075,-4.046848029104165e-10
7.181,-4.0469798916649456e-10
7.18125,-4.0471145637165799e-10
7.1815,-4.0472523286900612e-10
7.18175,-4.0473933926174926e-10
7.182,-4.0475378899325683e-10
7.18225,-4.047685879612097e-10
7.1825,-4.0478373385429004e-10
7.18275,-4.047992159713307e-10
7.183,-4.0481501585290425e-10
7.18325,-4.0483110744959478e-10
7.1835,-4.0484745530011657e-10
7.18375,-4.0486401578574314e-10
7.184,-4.0488074013835634e-10
7.18425,-4.0489757516404974e-10
7.1845,-4.0491446565328997e-10
7.18475,-4.0493135593462698e-10
7.185,-4.0494819026865413e-10
7.18525,-4.0496491556232988e-10
7.1855,-4.0498148344779101e-10
7.18575,-4.049978490296083e-10
7.186,-4.0501397150516187e-10
7.18625,-4.0502981731804845e-10
7.1865,-4.0504536007163298e-10
7.18675,-4.0506057967474942e-10
7.187,-4.0507546299388081e-10
7.18725,-4.0509000315221811e-10
7.1875,-4.0510420086746821e-10
7.18775,-4.0511806425576379e-10
7.188,-4.0513160830236757e-10
7.18825,-4.0514485670920705e-10
7.1885,-4.0515784059698619e-10
7.18875,-4.0517059577241735e-10
7.189,-4.0518316393641021e-10
7.18925,-4.0519559062487913e-10
7.1895,-4.0520792255319447e-10
7.18975,-4.052202059223188e-10
7.19,-4.0523248260514768e-10
7.19025,-4.0524478837268301e-10
7.1905,-4.0525715109241186e-10
7.19075,-4.0526958844026143e-10
7.191,-4.0528210700726464e-10
7.19125,-4.0529470132323457e-10
7.1915,-4.0530735238088368e-10
7.19175,-4.0532002949422862e-10
7.192,-4.0533268962707552e-10
7.19225,-4.0534527782853262e-10
7.1925,-4.0535772774851726e-10
7.19275,-4.0536996109202311e-10
7.193,-4.0538188972616625e-10
7.19325,-4.0539341626687663e-10
7.1935,-4.0540443513804928e-10
7.19375,-4.0541483458232443e-10
7.194,-4.0542449892274286e-10
7.19425,-4.0543330998031478e-10
7.1945,-4.0544115145154486e-10
7.19475,-4.0544791121440157e-10
7.195,-4.0545348520824271e-10
7.19525,-4.0545778081009096e-10
7.1955,-4.0546072050044155e-10
7.19575,-4.0546224476998996e-10
7.196,-4.0546231346920554e-10
7.19625,-4.0546090856142971e-10
7.1965,-4.0545803441872415e-10
7.19675,-4.0545371664704278e-10
7.197,-4.0544800370319161e-10
7.19725,-4.0544096297726025e-10
7.1975,-4.054326799990594e-10
7.19775,-4.0542325435698154e-10
7.198,-4.0541279884050124e-10
7.19825,-4.0540143549216217e-10
7.1985,-4.0538929444566424e-10
7.19875,-4.0537650851131236e-10
7.199,-4.0536321168961118e-10
7.19925,-4.0534953505720062e-10
7.1995,-4.0533560739406706e-10
7.19975,-4.0532155377526377e-10
7.2,-4.0530749189787643e-10
7.20025,-4.0529353095333477e-10
7.2005,-4.0527977143465624e-10
7.20075,-4.0526630483787091e-10
7.201,-4.0525321365231673e-10
7.20125,-4.0524057245960707e-10
7.2015,-4.0522844532110526e-10
7.20175,-4.0521688896931029e-10
7.202,-4.052059520016531e-10
7.20225,-4.0519567586020996e-10
7.2025,-4.0518609560726813e-10
7.20275,-4.0517723942613306e-10
7.203,-4.0516912820346091e-10
7.20325,-4.051617756335207e-10
7.2035,-4.0515518752852624e-10
7.20375,-4.0514935972042452e-10
7.204,-4.0514427857181534e-10
7.20425,-4.0513992015433015e-10
7.2045,-4.051362498666207e-10
7.20475,-4.0513322028180627e-10
7.205,-4.0513077166476519e-10
7.20525,-4.0512883279987163e-10
7.2055,-4.0512732091991105e-10
7.20575,-4.0512614222900101e-10
7.206,-4.0512519501258175e-10
7.20625,-4.0512437027884183e-10
7.2065,-4.0512355468527397e-10
7.20675,-4.0512263245565426e-10
7.207,-4.0512148825493414e-10
7.20725,-4.0512001035112016e-10
7.2075,-4.0511809476717806e-10
7.20775,-4.0511564853057289e-10
7.208,-4.0511259132905365e-10
7.20825,-4.0510885790131193e-10
7.2085,-4.051043996751311e-10
7.20875,-4.0509918359628356e-10
7.209,-4.0509319772844952e-10
7.20925,-4.0508644830180192e-10
7.2095,-4.0507895832617235e-10
7.20975,-4.0507076666000614e-10
7.21,-4.0506192481671212e-10
7.21025,-4.0505249360542251e-10
7.2105,-4.0504254107726866e-10
7.21075,-4.0503213848602608e-10
7.211,-4.0502135715984814e-10
7.21125,-4.0501026758380325e-10
7.2115,-4.0499893576872713e-10
7.21175,-4.0498742192995108e-10
7.212,-4.0497577868825616e-10
7.21225,-4.0496405061262936e-10
7.2125,-4.049522733782594e-10
7.21275,-4.0494047287451102e-10
7.213,-4.0492866508171088e-10
7.21325,-4.0491685552450539e-10
7.2135,-4.0490503966581638e-10
7.21375,-4.0489320213825146e-10
7.214,-4.048813182293731e-10
7.21425,-4.0486935367140689e-10
7.2145,-4.0485726718868237e-10
7.21475,-4.0484501010602409e-10
7.215,-4.0483253027056151e-10
7.21525,-4.0481977304276958e-10
7.2155,-4.0480668324197215e-10
7.21575,-4.0479320554483788e-10
7.216,-4.0477929103444029e-10
7.21625,-4.0476489398756541e-10
7.2165,-4.047499754296276e-10
7.21675,-4.0473450440804398e-10
7.217,-4.0471845633352616e-10
7.21725,-4.0470181474550566e-10
7.2175,-4.0468456869495149e-10
7.21775,-4.0466671360224944e-10
7.218,-4.046482502377556e-10
7.21825,-4.0462918360748555e-10
7.2185,-4.046095215264213e-10
7.21875,-4.0458927717458858e-10
7.219,-4.0456846475146766e-10
7.21925,-4.045471034354026e-10
7.2195,-4.0452521380786671e-10
7.21975,-4.0450282145559846e-10
7.22,-4.0447995881450983e-10
7.22025,-4.0445666257087737e-10
7.2205,-4.0443297661062119e-10
7.22075,-4.0440895091250536e-10
7.221,-4.0438464170670738e-10
7.22125,-4.0436011087050276e-10
7.2215,-4.0433542486176221e-10
7.22175,-4.0431065445080951e-10
7.222,-4.042858745706917e-10
7.22225,-4.0426115835277735e-10
7.2225,-4.0423657865833828e-10
7.22275,-4.0421220500721947e-10
7.223,-4.0418809938735058e-10
7.22325,-4.0416431763249653e-10
7.2235,-4.0414090489601565e-10
7.22375,-4.0411789652550332e-10
7.224,-4.0409531624668422e-10
7.22425,-4.0407317859386397e-10
7.2245,-4.0405148707283408e-10
7.22475,-4.0403023617176561e-10
7.225,-4.0400941299519907e-10
7.22525,-4.0398899605101655e-10
7.2255,-4.0396895764556115e-10
7.22575,-4.0394926581036519e-10
7.226,-4.0392988435937408e-10
7.22625,-4.0391077405043661e-10
7.2265,-4.0389189515761963e-10
7.22675,-4.0387320666898224e-10
7.227,-4.0385467028099287e-10
7.22725,-4.0383624880045149e-10
7.2275,-4.0381790759617545e-10
7.22775,-4.0379961589407991e-10
7.228,-4.0378134478997256e-10
7.22825,-4.0376306924406878e-10
7.2285,-4.0374476694252864e-10
7.22875,-4.0372641688820742e-10
7.229,-4.0370800017927359e-10
7.22925,-4.0368949882188659e-10
7.2295,-4.0367089572521103e-10
7.22975,-4.0365217544328021e-10
7.23,-4.0363332267840817e-10
7.23025,-4.0361432319174001e-10
7.2305,-4.0359516240212007e-10
7.23075,-4.035758291201514e-10
7.231,-4.0355631335951625e-10
7.23125,-4.0353661040165174e-10
7.2315,-4.0351672157831472e-10
7.23175,-4.0349665504213378e-10
7.232,-4.0347642550741294e-10
7.23225,-4.0345605455229415e-10
7.2325,-4.0343557042774204e-10
7.23275,-4.0341500644824273e-10
7.233,-4.0339440191708635e-10
7.23325,-4.033738004659073e-10
7.2335,-4.0335324729198972e-10
7.23375,-4.0333278729774633e-10
7.234,-4.0331246313356078e-10
7.23425,-4.0329231128317521e-10
7.2345,-4.0327236029332198e-10
7.23475,-4.0325262753446861e-10
7.235,-4.0323311844577613e-10
7.23525,-4.0321382644505038e-10
7.2355,-4.0319473095452833e-10
7.23575,-4.0317579967379714e-10
7.236,-4.0315698830311529e-10
7.23625,-4.0313824302537564e-10
7.2365,-4.0311950309445216e-10
7.23675,-4.0310070284164732e-10
7.237,-4.0308177414132828e-10
7.23725,-4.0306265015292581e-10
7.2375,-4.0304326755786026e-10
7.23775,-4.0302356855810162e-10
7.238,-4.0300350153741343e-10
7.23825,-4.0298302365929793e-10
7.2385,-4.0296209979751618e-10
7.23875,-4.0294070404937617e-10
7.239,-4.0291882002213288e-10
7.23925,-4.0289644158684084e-10
7.2395,-4.0287357237890336e-10
7.23975,-4.0285022646075152e-10
7.24,-4.0282642773063419e-10
7.24025,-4.0280220861182086e-10
7.2405,-4.0277761014439537e-10
7.24075,-4.0275268001682581e-10
7.241,-4.0272747188958359e-10
7.24125,-4.027020420602129e-10
7.2415,-4.026764505874432e-10
7.24175,-4.0265075844122117e-10
7.242,-4.026250266048358e-10
7.24225,-4.02599314583994e-10
7.2425,-4.0257367932698398e-10
7.24275,-4.0254817459486783e-10
7.243,-4.0252285014950488e-10
7.24325,-4.0249775191379961e-10
7.2435,-4.0247292301021751e-10
7.24375,-4.0244840508908779e-10
7.244,-4.0242423813733697e-10
7.24425,-4.0240046193846567e-10
7.2445,-4.023771166017703e-10
7.24475,-4.0235424222383933e-10
7.245,-4.0233188019956032e-10
7.24525,-4.0231007295444294e-10
7.2455,-4.0228886329966043e-10
7.24575,-4.022682944129173e-10
7.246,-4.0224841336622937e-10
7.24625,-4.0222926386991867e-10
7.2465,-4.0221088333345204e-10
7.24675,-4.0219330219015346e-10
7.247,-4.0217654530634439e-10
7.24725,-4.0216063154021614e-10
7.2475,-4.0214557503727352e-10
7.24775,-4.0213138412540669e-10
7.248,-4.0211806077447638e-10
7.24825,-4.0210559945360679e-10
7.2485,-4.0209398723221582e-10
7.24875,-4.0208320346443145e-10
7.249,-4.020732217464465e-10
7.24925,-4.0206401021209591e-10
7.2495,-4.0205553307300089e-10
7.24975,-4.0204774969024658e-10
7.25,-4.0204061632438801e-10
7.25025,-4.0203408683607544e-10
7.2505,-4.0202811326987967e-10
7.25075,-4.0202264726117551e-10
7.251,-4.0201764057930695e-10
7.25125,-4.0201304615183169e-10
7.2515,-4.0200881751504041e-10
7.25175,-4.0200491048919328e-10
7.252,-4.0200128408569917e-10
7.25225,-4.0199790065363079e-10
7.2525,-4.0199472514302437e-10
7.25275,-4.019917245579156e-10
7.253,-4.0198886995196129e-10
7.25325,-4.0198613596058429e-10
7.2535,-4.019834998800169e-10
7.25375,-4.0198094074628063e-10
7.254,-4.0197843802806829e-10
7.25425,-4.0197597076597078e-10
7.2545,-4.0197351610900917e-10
7.25475,-4.0197104875329771e-10
7.255,-4.019685415713971e-10
7.25525,-4.0196596574926788e-10
7.2555,-4.0196329192671763e-10
7.25575,-4.0196049065359742e-10
7.256,-4.0195753274900168e-10
7.25625,-4.0195439011905156e-10
7.2565,-4.0195103611219934e-10
7.25675,-4.0194744581394364e-10
7.257,-4.0194359649224659e-10
7.25725,-4.0193946861227261e-10
7.2575,-4.0193504625654852e-10
7.25775,-4.0193031715332178e-10
7.258,-4.0192527328766439e-10
7.25825,-4.0191991045656845e-10
7.2585,-4.0191422790828542e-10
7.25875,-4.0190822757114433e-10
7.259,-4.0190191423348655e-10
7.25925,-4.0189529615907076e-10
7.2595,-4.0188838593950015e-10
7.25975,-4.0188120127167297e-10
7.26,-4.0187376516740006e-10
7.26025,-4.0186610604701906e-10
7.2605,-4.0185825796075763e-10
7.26075,-4.0185025980502865e-10
7.261,-4.0184215469897276e-10
7.26125,-4.0183398886408119e-10
7.2615,-4.0182581080244605e-10
7.26175,-4.0181767158988873e-10
7.262,-4.0180962375528314e-10
7.26225,-4.0180172163844101e-10
7.2625,-4.0179402116920991e-10
7.26275,-4.0178657845356147e-10
7.263,-4.0177945077929395e-10
7.26325,-4.0177269807515426e-10
7.2635,-4.0176638353771071e-10
7.26375,-4.0176057322633663e-10
7.264,-4.0175533719458447e-10
7.26425,-4.017507476580188e-10
7.2645,-4.0174687874872248e-10
7.26475,-4.0174380549076087e-10
7.265,-4.0174160184746963e-10
7.26525,-4.0174033750578055e-10
7.2655,-4.0174007667077355e-10
7.26575,-4.0174087525804723e-10
7.266,-4.0174277798426143e-10
7.26625,-4.017458159221241e-10
7.2665,-4.0175000502726377e-10
7.26675,-4.0175534508451259e-10
7.267,-4.017618191160961e-10
7.26725,-4.0176939386364641e-10
7.2675,-4.0177802238522483e-10
7.26775,-4.0178764401717591e-10
7.268,-4.0179818782722778e-10
7.26825,-4.0180957307574685e-10
7.2685,-4.0182171030372566e-10
7.26875,-4.0183450395697065e-10
7.269,-4.0184785292605459e-10
7.26925,-4.018616553441327e-10
7.2695,-4.0187581100921547e-10
7.26975,-4.018902225793975e-10
7.27,-4.0190480150927934e-10
7.27025,-4.0191946373480444e-10
7.2705,-4.0193412819468335e-10
7.27075,-4.0194871955394113e-10
7.271,-4.0196317177279424e-10
7.27125,-4.0197743029298305e-10
7.2715,-4.019914531925251e-10
7.27175,-4.0200521139823623e-10
7.272,-4.0201868851790656e-10
7.27225,-4.0203187891013335e-10
7.2725,-4.0204478983703645e-10
7.27275,-4.0205744088178955e-10
7.273,-4.0206986224625319e-10
7.27325,-4.0208209444125536e-10
7.2735,-4.0209418659744389e-10
7.27375,-4.0210619359109767e-10
7.274,-4.0211817318977509e-10
7.27425,-4.0213018364514225e-10
7.2745,-4.0214228073703989e-10
7.27475,-4.0215451512011154e-10
7.275,-4.0216693057911002e-10
7.27525,-4.0217956324730037e-10
7.2755,-4.0219244079738003e-10
7.27575,-4.0220558260856716e-10
7.276,-4.0221900131745141e-10
7.27625,-4.0223270204558669e-10
7.2765,-4.0224668548792711e-10
7.27675,-4.022609473351992e-10
7.277,-4.0227547985657583e-10
7.27725,-4.0229027358334163e-10
7.2775,-4.0230531584836651e-10
7.27775,-4.0232059240532697e-10
7.278,-4.0233608637840794e-10
7.27825,-4.0235177726931284e-10
7.2785,-4.0236763911386711e-10
7.27875,-4.0238363967083184e-10
7.279,-4.023997395942584e-10
7.27925,-4.0241589241759776e-10
7.2795,-4.0243204340935788e-10
7.27975,-4.0244812967488399e-10
7.28,-4.0246409056201928e-10
7.28025,-4.0247984503720376e-10
7.2805,-4.0249531103967525e-10
7.28075,-4.0251040647681242e-10
7.281,-4.0252505070804828e-10
7.28125,-4.0253916868444705e-10
7.2815,-4.0255269271007676e-10
7.28175,-4.0256556635070858e-10
7.282,-4.0257774746274297e-10
7.28225,-4.0258920921455546e-10
7.2825,-4.0259994273544392e-10
7.28275,-4.0260995738400414e-10
7.283,-4.0261928079045545e-10
7.28325,-4.0262796099983926e-10
7.2835,-4.0263606315616842e-10
7.28375,-4.0264367010407574e-10
7.284,-4.0265088027037054e-10
7.28425,-4.0265780635367557e-10
7.2845,-4.0266457024981896e-10
7.28475,-4.0267130150472251e-10
7.285,-4.0267813501726622e-10
7.28525,-4.0268520866033317e-10
7.2855,-4.0269265688748928e-10
7.28575,-4.0270061005968076e-10
7.286,-4.0270918877282871e-10
7.28625,-4.0271850112151812e-10
7.2865,-4.0272864170091159e-10
7.28675,-4.0273968870861991e-10
7.287,-4.0275170188041625e-10
7.28725,-4.0276472193908217e-10
7.2875,-4.0277877026402186e-10
7.28775,-4.0279384812126531e-10
7.288,-4.0280993829244017e-10
7.28825,-4.0282700569602662e-10
7.2885,-4.0284500056964886e-10
7.28875,-4.02863862725393e-10
7.289,-4.0288352154610605e-10
7.28925,-4.0290390106279456e-10
7.2895,-4.0292492085276002e-10
7.28975,-4.0294649946592061e-10
7.29,-4.0296855556499856e-10
7.29025,-4.0299100785160332e-10
7.2905,-4.0301377886026477e-10
7.29075,-4.0303679366463785e-10
7.291,-4.0305998000368547e-10
7.29125,-4.0308326954985597e-10
7.2915,-4.0310659617252376e-10
7.29175,-4.0312989856972231e-10
7.292,-4.0315311986085368e-10
7.29225,-4.0317620678395902e-10
7.2925,-4.0319911299659983e-10
7.29275,-4.0322179614060624e-10
7.293,-4.0324423020304846e-10
7.29325,-4.0326637967439379e-10
7.2935,-4.032882186548973e-10
7.29375,-4.0330972753994724e-10
7.294,-4.0333089338672209e-10
7.29425,-4.0335170770581232e-10
7.2945,-4.033721662565863e-10
7.29475,-4.0339226406226416e-10
7.295,-4.0341199895039628e-10
7.29525,-4.0343137028972076e-10
7.2955,-4.0345038075811033e-10
7.29575,-4.0346903534542421e-10
7.296,-4.0348734078335659e-10
7.29625,-4.0350530764742945e-10
7.2965,-4.0352295079134806e-10
7.29675,-4.0354028798872997e-10
7.297,-4.0355734118861691e-10
7.29725,-4.0357413766224906e-10
7.2975,-4.0359070721815015e-10
7.29775,-4.0360708079308509e-10
7.298,-4.0362328993267088e-10
7.29825,-4.0363936538411313e-10
7.2985,-4.0365533481049843e-10
7.29875,-4.0367122235584758e-10
7.299,-4.0368704751307799e-10
7.29925,-4.0370282349844564e-10
7.2995,-4.0371855798695168e-10
7.29975,-4.0373425009914982e-10
7.3,-4.0374989300919156e-10
7.30025,-4.0376547256472976e-10
7.3005,-4.0378096712109115e-10
7.30075,-4.0379634986517862e-10
7.301,-4.0381160107209645e-10
7.30125,-4.0382667711232849e-10
7.3015,-4.0384153480693412e-10
7.30175,-4.0385613023796261e-10
7.302,-4.0387042032112132e-10
7.30225,-4.0388436171550661e-10
7.3025,-4.0389791386931533e-10
7.30275,-4.0391104093135081e-10
7.303,-4.0392371128800244e-10
7.30325,-4.0393590055681781e-10
7.3035,-4.0394758942062916e-10
7.30375,-4.039587655599444e-10
7.304,-4.0396942679649187e-10
7.30425,-4.0397957730870462e-10
7.3045,-4.0398923059227037e-10
7.30475,-4.0399840688456577e-10
7.305,-4.0400713718476705e-10
7.30525,-4.0401546308526225e-10
7.3055,-4.0402343701935831e-10
7.30575,-4.0403112172376791e-10
7.306,-4.0403859091960596e-10
7.30625,-4.0404592955097951e-10
7.3065,-4.0405323092339307e-10
7.30675,-4.0406060685606938e-10
7.307,-4.0406815934312347e-10
7.30725,-4.0407599647942918e-10
7.3075,-4.0408422618690705e-10
7.30775,-4.0409295133863963e-10
7.308,-4.0410226687955922e-10
7.30825,-4.0411225729833997e-10
7.3085,-4.0412299403990671e-10
7.30875,-4.0413453024008136e-10
7.309,-4.0414690254120254e-10
7.30925,-4.0416012695716906e-10
7.3095,-4.0417419988309741e-10
7.30975,-4.0418909819319895e-10
7.31,-4.0420478050562315e-10
7.31025,-4.0422118761327995e-10
7.3105,-4.042382424873271e-10
7.31075,-4.0425585256581048e-10
7.311,-4.0427391110315938e-10
7.31125,-4.0429230000572421e-10
7.3115,-4.0431089301172972e-10
7.31175,-4.0432955623494108e-10
7.312,-4.0434815446677229e-10
7.31225,-4.043665525998371e-10
7.3125,-4.0438461991760258e-10
7.31275,-4.044022341360389e-10
7.313,-4.0441928400490178e-10
7.31325,-4.0443567529109589e-10
7.3135,-4.0445133117446134e-10
7.31375,-4.0446619534885304e-10
7.314,-4.0448023243112991e-10
7.31425,-4.044934329123285e-10
7.3145,-4.0450580646361783e-10
7.31475,-4.0451738573006418e-10
7.315,-4.0452822407594966e-10
7.31525,-4.0453839322358953e-10
7.3155,-4.0454798043477348e-10
7.31575,-4.0455708447826507e-10
7.316,-4.0456581262923326e-10
7.31625,-4.0457427698366586e-10
7.3165,-4.0458258937434935e-10
7.31675,-4.0459085747304833e-10
7.317,-4.0459918059131192e-10
7.31725,-4.0460764601057381e-10
7.3175,-4.0461632482590253e-10
7.31775,-4.0462526812138996e-10
7.318,-4.0463450525407637e-10
7.31825,-4.0464404143413779e-10
7.3185,-4.0465386028270099e-10
7.31875,-4.0466392131827771e-10
7.319,-4.0467416203818113e-10
7.31925,-4.0468450079557826e-10
7.3195,-4.0469483865201973e-10
7.31975,-4.0470506445710144e-10
7.32,-4.0471505703802157e-10
7.32025,-4.0472469009035654e-10
7.3205,-4.0473383517404845e-10
7.32075,-4.047423661423013e-10
7.321,-4.0475016065492704e-10
7.32125,-4.0475710406808321e-10
7.3215,-4.0476309201100384e-10
7.32175,-4.0476803201145587e-10
7.322,-4.0477184448378448e-10
7.32225,-4.0477446505374552e-10
7.3225,-4.0477584511762319e-10
7.32275,-4.047759519288904e-10
7.323,-4.0477477100716445e-10
7.32325,-4.0477230681719025e-10
7.3235,-4.0476858200100669e-10
7.32375,-4.0476363784623069e-10
7.324,-4.0475753497361535e-10
7.32425,-4.0475035197394885e-10
7.3245,-4.0474218288640485e-10
7.32475,-4.0473313985380015e-10
7.325,-4.0472334954727899e-10
7.32525,-4.0471295178286187e-10
7.3255,-4.047020949833902e-10
7.32575,-4.0469093454086968e-10
7.326,-4.0467963318486983e-10
7.32625,-4.0466835538197962e-10
7.3265,-4.0465726529360444e-10
7.32675,-4.0464652590605918e-10
7.327,-4.046362934807276e-10
7.32725,-4.0462671786577977e-10
7.3275,-4.0461793834797015e-10
7.32775,-4.0461008090172583e-10
7.328,-4.046032557987513e-10
7.32825,-4.0459755697245047e-10
7.3285,-4.0459305819122755e-10
7.32875,-4.0458981430927849e-10
7.329,-4.0458785924380351e-10
7.32925,-4.0458720492336513e-10
7.3295,-4.0458784258564504e-10
7.32975,-4.0458974010276207e-10
7.33,-4.0459284405201157e-10
7.33025,-4.0459707955902965e-10
7.3305,-4.046023497313258e-10
7.33075,-4.0460853793963767e-10
7.331,-4.0461550792166627e-10
7.33125,-4.0462310635255422e-10
7.3315,-4.0463116415590695e-10
7.33175,-4.0463949933488455e-10
7.332,-4.0464791910431082e-10
7.33225,-4.0465622540893314e-10
7.3325,-4.0466421676671519e-10
7.33275,-4.0467168985429192e-10
7.333,-4.0467844776762561e-10
7.33325,-4.0468430114247717e-10
7.3335,-4.0468907179535971e-10
7.33375,-4.0469259617465598e-10
7.334,-4.0469472859824542e-10
7.33425,-4.0469534402359425e-10
7.3345,-4.0469434068208432e-10
7.33475,-4.046916415061365e-10
7.335,-4.0468719496444384e-10
7.33525,-4.0468097554140439e-10
7.3355,-4.0467298284174461e-10
7.33575,-4.0466324161159763e-10
7.336,-4.0465180128169361e-10
7.33625,-4.0463873433766771e-10
7.3365,-4.0462413654783573e-10
7.33675,-4.0460812335425565e-10
7.337,-4.0459082690132809e-10
7.33725,-4.0457239558960679e-10
7.3375,-4.0455298883726374e-10
7.33775,-4.0453277620869803e-10
7.338,-4.0451193348316827e-10
7.33825,-4.0449063853983501e-10
7.3385,-4.0446906871709906e-10
7.33875,-4.0444739837022148e-10
7.339,-4.0442579512975383e-10
7.33925,-4.0440441727806791e-10
7.3395,-4.0438341238687815e-10
7.33975,-4.0436291600553559e-10
7.34,-4.0434304936164199e-10
7.34025,-4.0432391883622031e-10
7.3405,-4.043056134805804e-10
7.34075,-4.0428820497643241e-10
7.341,-4.0427174628327586e-10
7.34125,-4.0425627152749042e-10
7.3415,-4.0424179463254836e-10
7.34175,-4.0422830815058827e-10
7.342,-4.0421578428795622e-10
7.34225,-4.0420417377443421e-10
7.3425,-4.0419340674902879e-10
7.34275,-4.0418339391028329e-10
7.343,-4.0417402851802551e-10
7.34325,-4.0416519010612917e-10
7.3435,-4.0415674616856142e-10
7.34375,-4.0414855759967798e-10
7.344,-4.0414048043370887e-10
7.34425,-4.0413237035300785e-10
7.3445,-4.0412408675054651e-10
7.34475,-4.0411549716643911e-10
7.345,-4.0410648134847604e-10
7.34525,-4.0409693295816698e-10
7.3455,-4.0408676219069809e-10
7.34575,-4.0407589710190226e-10
7.346,-4.0406428435477949e-10
7.34625,-4.0405188892159792e-10
7.3465,-4.0403869492448881e-10
7.34675,-4.0402470372119985e-10
7.347,-4.0400993208218409e-10
7.34725,-4.0399441294532967e-10
7.3475,-4.0397819217517124e-10
7.34775,-4.0396132815075538e-10
7.348,-4.0394388754007819e-10
7.34825,-4.0392594403702311e-10
7.3485,-4.0390757637772634e-10
7.34875,-4.0388886814749673e-10
7.349,-4.03869906996794e-10
7.34925,-4.0385078434439483e-10
7.3495,-4.0383159358224284e-10
7.34975,-4.0381242723489325e-10
7.35,-4.0379337636107912e-10
7.35025,-4.0377452938676413e-10
7.3505,-4.0375597184173914e-10
7.35075,-4.0373778435794081e-10
7.351,-4.0372004199321876e-10
7.35125,-4.0370281061346694e-10
7.3515,-4.0368614867093897e-10
7.35175,-4.036701043785736e-10
7.352,-4.036547146314242e-10
7.35225,-4.0364000370944406e-10
7.3525,-4.0362598344859369e-10
7.35275,-4.0361265196248304e-10
7.353,-4.0359999455927037e-10
7.35325,-4.0358798399364257e-10
7.3535,-4.0357657913326778e-10
7.35375,-4.0356572642345015e-10
7.354,-4.0355535883416773e-10
7.35425,-4.0354539821439701e-10
7.3545,-4.0353575767651213e-10
7.35475,-4.0352634335704436e-10
7.355,-4.0351705953736306e-10
7.35525,-4.0350780978271775e-10
7.3555,-4.0349849968739194e-10
7.35575,-4.0348904139373118e-10
7.356,-4.0347935533518678e-10
7.35625,-4.0346937259805068e-10
7.3565,-4.0345903772238252e-10
7.35675,-4.0344831033406486e-10
7.357,-4.034371655487241e-10
7.35725,-4.034255932634973e-10
7.3575,-4.034135982021288e-10
7.35775,-4.0340119749518315e-10
7.358,-4.0338841989715982e-10
7.35825,-4.0337530320308658e-10
7.3585,-4.033618912144649e-10
7.35875,-4.0334823175131985e-10
7.359,-4.0333437293714642e-10
7.35925,-4.0332036316764774e-10
7.3595,-4.0330624731661743e-10
7.35975,-4.0329206677981563e-10
7.36,-4.0327785909849675e-10
7.36025,-4.0326365851762723e-10
7.3605,-4.0324949350746483e-10
7.36075,-4.0323539093109268e-10
7.361,-4.0322137431042058e-10
7.36125,-4.032074646243665e-10
7.3615,-4.0319368152410766e-10
7.36175,-4.0318004571000385e-10
7.362,-4.0316657756754288e-10
7.36225,-4.0315329851248608e-10
7.3625,-4.031402298566708e-10
7.36275,-4.0312739353773184e-10
7.363,-4.0311480910039423e-10
7.36325,-4.0310249359243073e-10
7.3635,-4.0309046244114418e-10
7.36375,-4.0307872779406331e-10
7.364,-4.0306729808478603e-10
7.36425,-4.0305617810937546e-10
7.3645,-4.0304536871215436e-10
7.36475,-4.0303486504286612e-10
7.365,-4.0302465805081211e-10
7.36525,-4.0301473201511973e-10
7.3655,-4.0300506578804409e-10
7.36575,-4.0299563212385439e-10
7.366,-4.0298639855742572e-10
7.36625,-4.029773267485447e-10
7.3665,-4.0296837556579413e-10
7.36675,-4.0295949965434352e-10
7.367,-4.0295065083515323e-10
7.36725,-4.0294177999712749e-10
7.3675,-4.0293283593751512e-10
7.36775,-4.0292377170025427e-10
7.368,-4.0291454212018072e-10
7.36825,-4.02905109270118e-10
7.3685,-4.0289544011483912e-10
7.36875,-4.0288551252406135e-10
7.369,-4.0287531340729907e-10
7.36925,-4.0286483873430985e-10
7.3695,-4.0285409620570069e-10
7.36975,-4.0284310263143243e-10
7.37,-4.0283188549042506e-10
7.37025,-4.0282048211944645e-10
7.3705,-4.0280893972731248e-10
7.37075,-4.0279730970698999e-10
7.371,-4.0278564491819664e-10
7.37125,-4.0277400082706008e-10
7.3715,-4.0276243371822021e-10
7.37175,-4.027510023497856e-10
7.372,-4.0273976523860757e-10
7.37225,-4.0272878006519668e-10
7.3725,-4.0271810208787515e-10
7.37275,-4.0270778262969287e-10
7.373,-4.0269786682904866e-10
7.37325,-4.0268839509861902e-10
7.3735,-4.0267940160945939e-10
7.37375,-4.0267091565618507e-10
7.374,-4.0266295838389845e-10
7.37425,-4.0265554343447393e-10
7.3745,-4.026486778594701e-10
7.37475,-4.0264236234388237e-10
7.375,-4.0263659366839968e-10
7.37525,-4.0263136503947814e-10
7.3755,-4.0262666695331993e-10
7.37575,-4.026224893763318e-10
7.376,-4.0261882173557663e-10
7.37625,-4.0261565435658416e-10
7.3765,-4.0261297766129096e-10
7.37675,-4.0261078274300037e-10
7.377,-4.0260906172092902e-10
7.37725,-4.026078063333662e-10
7.3775,-4.0260700858167583e-10
7.37775,-4.0260666075464921e-10
7.378,-4.0260675400412385e-10
7.37825,-4.0260727825068408e-10
7.3785,-4.0260821976265226e-10
7.37875,-4.0260956032499763e-10
7.379,-4.0261127584368619e-10
7.37925,-4.0261333544695204e-10
7.3795,-4.0261570267430369e-10
7.37975,-4.0261833621334795e-10
7.38,-4.0262119076194173e-10
7.38025,-4.0262421919727734e-10
7.3805,-4.0262737322235989e-10
7.38075,-4.0263060529316397e-10
7.381,-4.0263386970235835e-10
7.38125,-4.0263712378298207e-10
7.3815,-4.0264032762428681e-10
7.38175,-4.0264344638199475e-10
7.382,-4.0264644938763184e-10
7.38225,-4.0264931062918426e-10
7.3825,-4.026520099018785e-10
7.38275,-4.0265452992319077e-10
7.383,-4.026568552860045e-10
7.38325,-4.0265896977582888e-10
7.3835,-4.0266085557549588e-10
7.38375,-4.0266249333242811e-10
7.384,-4.0266386254774716e-10
7.38425,-4.0266494158889827e-10
7.3845,-4.0266570909787345e-10
7.38475,-4.0266614227115252e-10
7.385,-4.0266621827208953e-10
7.38525,-4.0266591446044334e-10
7.3855,-4.0266520773434908e-10
7.38575,-4.0266407722872234e-10
7.386,-4.0266250154630254e-10
7.38625,-4.0266046128335114e-10
7.3865,-4.0265794169054434e-10
7.38675,-4.0265493311504151e-10
7.387,-4.0265143169429834e-10
7.38725,-4.0264744100383348e-10
7.3875,-4.0264297308988185e-10
7.38775,-4.0263804945071533e-10
7.388,-4.0263270392594923e-10
7.38825,-4.0262698338229688e-10
7.3885,-4.0262094961994907e-10
7.38875,-4.0261467996181975e-10
7.389,-4.0260826601346525e-10
7.38925,-4.0260181214055507e-10
7.3895,-4.0259543314481862e-10
7.38975,-4.0258925060397768e-10
7.39,-4.0258338916850065e-10
7.39025,-4.0257797333224692e-10
7.3905,-4.0257312475074396e-10
7.39075,-4.0256895804554768e-10
7.391,-4.0256557656626481e-10
7.39125,-4.0256306816961198e-10
7.3915,-4.0256150206397917e-10
7.39175,-4.0256092767579222e-10
7.392,-4.0256137499114175e-10
7.39225,-4.0256285542258497e-10
7.3925,-4.025653633627362e-10
7.39275,-4.0256887759798704e-10
7.393,-4.0257336309061132e-10
7.39325,-4.0257877232679725e-10
7.3935,-4.0258504739609605e-10
7.39375,-4.0259212222567532e-10
7.394,-4.0259992371745689e-10
7.39425,-4.026083764419242e-10
7.3945,-4.0261740433673305e-10
7.39475,-4.026269316278517e-10
7.395,-4.0263688971937346e-10
7.39525,-4.0264721082078519e-10
7.3955,-4.0265782587481237e-10
7.39575,-4.0266866497696722e-10
7.396,-4.0267966109793372e-10
7.39625,-4.0269075172914622e-10
7.3965,-4.0270187958812022e-10
7.39675,-4.027129933574945e-10
7.397,-4.0272404764053635e-10
7.39725,-4.0273500262029865e-10
7.3975,-4.0274582354303901e-10
7.39775,-4.0275648155679946e-10
7.398,-4.0276695376496747e-10
7.39825,-4.0277722356492371e-10
7.3985,-4.0278728138187055e-10
7.39875,-4.0279712403064918e-10
7.399,-4.0280675454689439e-10
7.39925,-4.0281618269344866e-10
7.3995,-4.0282542473630452e-10
7.39975,-4.0283450327965117e-10
7.4,-4.0284344710584175e-10
7.40025,-4.0285229081693782e-10
7.4005,-4.0286107537576869e-10
7.40075,-4.0286984772585114e-10
7.401,-4.0287865996171238e-10
7.40125,-4.0288756920828245e-10
7.4015,-4.0289663627081704e-10
7.40175,-4.0290592398861474e-10
7.402,-4.0291549493937581e-10
7.40225,-4.0292540919410709e-10
7.4025,-4.0293572272521965e-10
7.40275,-4.02946483371334e-10
7.403,-4.0295772933105789e-10
7.40325,-4.0296948705422094e-10
7.4035,-4.0298176933476203e-10
7.40375,-4.0299457424751347e-10
7.404,-4.0300788381964814e-10
7.40425,-4.0302166430744913e-10
7.4045,-4.0303586563491884e-10
7.40475,-4.0305042219246235e-10
7.405,-4.0306525453037492e-10
7.40525,-4.0308027009686092e-10
7.4055,-4.030953661306216e-10
7.40575,-4.0311043234230921e-10
7.406,-4.0312535404310808e-10
7.40625,-4.0314001474345177e-10
7.4065,-4.031543003534878e-10
7.40675,-4.0316810166096707e-10
7.407,-4.0318131715461681e-10
7.40725,-4.0319385708051303e-10
7.4075,-4.032056460940105e-10
7.40775,-4.0321662584799877e-10
7.408,-4.0322675722049747e-10
7.40825,-4.0323602160367909e-10
7.4085,-4.032444210686948e-10
7.40875,-4.0325197877393983e-10
7.409,-4.0325873819425747e-10
7.40925,-4.0326476200172323e-10
7.4095,-4.0327012934933172e-10
7.40975,-4.0327493616595797e-10
7.41,-4.0327929163368028e-10
7.41025,-4.0328331540823324e-10
7.4105,-4.0328713145574637e-10
7.41075,-4.0329086720329884e-10
7.411,-4.0329464863980415e-10
7.41125,-4.0329859899616154e-10
7.4115,-4.0330283562080407e-10
7.41175,-4.0330746797738564e-10
7.412,-4.0331259686346856e-10
7.41225,-4.0331831284364059e-10
7.4125,-4.033247024108802e-10
7.41275,-4.0333183145937844e-10
7.413,-4.0333975720908542e-10
7.41325,-4.0334852954013475e-10
7.4135,-4.0335818978326347e-10
7.41375,-4.0336877092721976e-10
7.414,-4.0338029950321259e-10
7.41425,-4.0339279381107762e-10
7.4145,-4.034062626779874e-10
7.41475,-4.0342070732535657e-10
7.415,-4.0343611950394536e-10
7.41525,-4.0345247946714976e-10
7.4155,-4.0346975566985753e-10
7.41575,-4.0348790405842806e-10
7.416,-4.0350686771303875e-10
7.41625,-4.035265766411011e-10
7.4165,-4.0354694654133796e-10
7.41675,-4.0356788013945179e-10
7.417,-4.0358926775629058e-10
7.41725,-4.0361098942565751e-10
7.4175,-4.0363291603108512e-10
7.41775,-4.0365491635483661e-10
7.418,-4.0367684883478048e-10
7.41825,-4.0369857179565463e-10
7.4185,-4.0371994537763436e-10
7.41875,-4.037408358606078e-10
7.419,-4.0376111412943605e-10
7.41925,-4.0378066212813892e-10
7.4195,-4.0379937419144842e-10
7.41975,-4.0381716135267545e-10
7.42,-4.0383395286467014e-10
7.42025,-4.0384970418243664e-10
7.4205,-4.0386439449865185e-10
7.42075,-4.0387802812460212e-10
7.421,-4.0389063588014491e-10
7.42125,-4.0390227169307747e-10
7.4215,-4.0391301621403519e-10
7.42175,-4.0392296978260647e-10
7.422,-4.0393225056472377e-10
7.42225,-4.0394098909941064e-10
7.4225,-4.039493258444438e-10
7.42275,-4.039574050672779e-10
7.423,-4.0396537652161908e-10
7.42325,-4.0397337723523784e-10
7.4235,-4.0398153938105649e-10
7.42375,-4.0398998293641195e-10
7.424,-4.0399881330215952e-10
7.42425,-4.0400811893476915e-10
7.4245,-4.0401797013210511e-10
7.42475,-4.0402841510434813e-10
7.425,-4.0403948066684762e-10
7.42525,-4.0405117094930655e-10
7.4255,-4.0406346910480219e-10
7.42575,-4.0407633741166661e-10
7.426,-4.0408971771827454e-10
7.42625,-4.0410353342699169e-10
7.4265,-4.0411769042064677e-10
7.42675,-4.0413207855941729e-10
7.427,-4.0414657562854569e-10
7.42725,-4.0416104894154228e-10
7.4275,-4.0417535954136428e-10
7.42775,-4.0418936271539936e-10
7.428,-4.0420291355729348e-10
7.42825,-4.0421586871768485e-10
7.4285,-4.0422808828411311e-10
7.42875,-4.0423944102164222e-10
7.429,-4.0424980732213874e-10
7.42925,-4.0425908140304798e-10
7.4295,-4.0426717529423395e-10
7.42975,-4.04274019084601e-10
7.43,-4.0427956533705568e-10
7.43025,-4.0428379045187311e-10
7.4305,-4.0428669553787018e-10
7.43075,-4.0428830627251538e-10
7.431,-4.0428867483744102e-10
7.43125,-4.0428787795770753e-10
7.4315,-4.0428601223891908e-10
7.43175,-4.0428319201942448e-10
7.432,-4.0427954913275927e-10
7.43225,-4.0427522818129642e-10
7.4325,-4.0427038260971433e-10
7.43275,-4.0426517121809912e-10
7.433,-4.0425975129712852e-10
7.43325,-4.0425427968129927e-10
7.4335,-4.0424890886507307e-10
7.43375,-4.0424378053339969e-10
7.434,-4.0423903059763956e-10
7.43425,-4.0423478463611355e-10
7.4345,-4.0423115830733293e-10
7.43475,-4.0422825600202596e-10
7.435,-4.0422617193603521e-10
7.43525,-4.0422498649662642e-10
7.4355,-4.0422476657903051e-10
7.43575,-4.0422556256506105e-10
7.436,-4.0422740897435736e-10
7.43625,-4.0423032312828633e-10
7.4365,-4.0423430725246462e-10
7.43675,-4.0423934605425402e-10
7.437,-4.0424540711792242e-10
7.43725,-4.0425244158024531e-10
7.4375,-4.0426038455612316e-10
7.43775,-4.0426915404557197e-10
7.438,-4.0427865399549924e-10
7.43825,-4.0428877576723269e-10
7.4385,-4.0429939903939707e-10
7.43875,-4.0431039505442381e-10
7.439,-4.0432162873702448e-10
7.43925,-4.0433296211755248e-10
7.4395,-4.0434425553840835e-10
7.43975,-4.043553737711985e-10
7.44,-4.0436618782624799e-10
7.44025,-4.0437657447109818e-10
7.4405,-4.0438642359873064e-10
7.44075,-4.0439563379383921e-10
7.441,-4.0440411934790408e-10
7.44125,-4.0441180928942699e-10
7.4415,-4.0441864591213175e-10
7.44175,-4.0442458357344446e-10
7.442,-4.0442958771554072e-10
7.44225,-4.0443363180559094e-10
7.4425,-4.044366965090895e-10
7.44275,-4.0443876664764119e-10
7.443,-4.0443983130646293e-10
7.44325,-4.0443988066029288e-10
7.4435,-4.0443890722248509e-10
7.44375,-4.0443690583455882e-10
7.444,-4.0443387383791e-10
7.44425,-4.0442981274400097e-10
7.4445,-4.0442472959455428e-10
7.44475,-4.0441863831715861e-10
7.445,-4.0441155930452233e-10
7.44525,-4.0440352197798327e-10
7.4455,-4.0439456515015071e-10
7.44575,-4.0438473666965373e-10
7.446,-4.0437409048684252e-10
7.44625,-4.0436269053327034e-10
7.4465,-4.0435060745826488e-10
7.44675,-4.0433791242390381e-10
7.447,-4.0432468254038118e-10
7.44725,-4.0431099390809823e-10
7.4475,-4.042969231203858e-10
7.44775,-4.0428254540913376e-10
7.448,-4.0426793290114489e-10
7.44825,-4.0425315435161894e-10
7.4485,-4.0423827225549094e-10
7.44875,-4.0422334796035274e-10
7.449,-4.0420843721160018e-10
7.44925,-4.0419359403849535e-10
7.4495,-4.0417887048376094e-10
7.44975,-4.0416431752157585e-10
7.45,-4.0414998495521647e-10
7.45025,-4.0413592064051008e-10
7.4505,-4.0412217274868209e-10
7.45075,-4.0410878927063039e-10
7.451,-4.040958188108474e-10
7.45125,-4.0408331029241473e-10
7.4515,-4.0407131296773231e-10
7.45175,-4.0405987729461009e-10
7.452,-4.0404905539095895e-10
7.45225,-4.0403889592454755e-10
7.4525,-4.040294455593139e-10
7.45275,-4.0402074747858449e-10
7.453,-4.0401283847315101e-10
7.45325,-4.0400574861440793e-10
7.4535,-4.0399950105062949e-10
7.45375,-4.0399411172826886e-10
7.454,-4.0398958559659355e-10
7.45425,-4.0398591428539274e-10
7.4545,-4.0398307774283365e-10
7.45475,-4.0398104169345597e-10
7.455,-4.0397975810605232e-10
7.45525,-4.0397916621733698e-10
7.4555,-4.0397919076094221e-10
7.45575,-4.0397974354868358e-10
7.456,-4.0398072327311603e-10
7.45625,-4.0398201853874847e-10
7.4565,-4.0398350556348333e-10
7.45675,-4.0398505623234899e-10
7.457,-4.0398653953166126e-10
7.45725,-4.0398782238747731e-10
7.4575,-4.0398877048404373e-10
7.45775,-4.0398925526486805e-10
7.458,-4.0398915460859409e-10
7.45825,-4.0398835611699774e-10
7.4585,-4.0398675659251633e-10
7.45875,-4.0398426575122885e-10
7.459,-4.0398080612533616e-10
7.45925,-4.0397631324328377e-10
7.4595,-4.0397073923506265e-10
7.45975,-4.03964050331298e-10
7.46,-4.0395622828018819e-10
7.46025,-4.0394727084952005e-10
7.4605,-4.0393719386973707e-10
7.46075,-4.0392602807515926e-10
7.461,-4.039138207659141e-10
7.46125,-4.0390063068710009e-10
7.4615,-4.0388653217203405e-10
7.46175,-4.038716115442576e-10
7.462,-4.0385596477939895e-10
7.46225,-4.0383969595978491e-10
7.4625,-4.0382291533536013e-10
7.46275,-4.0380573707913532e-10
7.463,-4.0378827593342274e-10
7.46325,-4.0377064358218665e-10
7.4635,-4.0375294848388654e-10
7.46375,-4.0373529273774956e-10
7.464,-4.0371776881114368e-10
7.46425,-4.0370046076658156e-10
7.4645,-4.036834412535715e-10
7.46475,-4.0366677303798106e-10
7.465,-4.0365050871475576e-10
7.46525,-4.036346909342385e-10
7.4655,-4.0361935235819995e-10
7.46575,-4.0360451623734648e-10
7.466,-4.0359019699945941e-10
7.46625,-4.0357640171797618e-10
7.4665,-4.0356312827224395e-10
7.46675,-4.0355036483547289e-10
7.467,-4.0353809059123831e-10
7.46725,-4.0352627379163507e-10
7.4675,-4.0351487654987538e-10
7.46775,-4.0350385169517384e-10
7.468,-4.0349314400461042e-10
7.46825,-4.0348269135581316e-10
7.4685,-4.0347242495245273e-10
7.46875,-4.0346227253119294e-10
7.469,-4.0345216043546044e-10
7.46925,-4.0344201545133899e-10
7.4695,-4.0343176966751335e-10
7.46975,-4.034213615050484e-10
7.47,-4.0341073831849013e-10
7.47025,-4.0339985755875423e-10
7.4705,-4.0338868946349494e-10
7.47075,-4.0337721562235147e-10
7.471,-4.0336542903307119e-10
7.47125,-4.033533337723363e-10
7.4715,-4.0334094684546274e-10
7.47175,-4.0332829545683282e-10
7.472,-4.0331541523702365e-10
7.47225,-4.0330234684749295e-10
7.4725,-4.0328913649054134e-10
7.47275,-4.0327583165949875e-10
7.473,-4.0326248317854417e-10
7.47325,-4.032491404878149e-10
7.4735,-4.0323585184194699e-10
7.47375,-4.0322266237072951e-10
7.474,-4.0320961517334215e-10
7.47425,-4.0319675044342135e-10
7.4745,-4.0318410576535949e-10
7.47475,-4.0317171630329766e-10
7.475,-4.0315961612633898e-10
7.47525,-4.0314783739430744e-10
7.4755,-4.0313641096577395e-10
7.47575,-4.0312536729595266e-10
7.476,-4.031147349694405e-10
7.47625,-4.0310454055264789e-10
7.4765,-4.030948074904025e-10
7.47675,-4.0308555457463545e-10
7.477,-4.0307679601836636e-10
7.47725,-4.0306853992025689e-10
7.4775,-4.0306078539970374e-10
7.47775,-4.0305352147647922e-10
7.478,-4.0304672651124787e-10
7.47825,-4.0304036731881029e-10
7.4785,-4.0303439668125839e-10
7.47875,-4.0302875484928029e-10
7.479,-4.0302336973232605e-10
7.47925,-4.0301815924206841e-10
7.4795,-4.0301303241110006e-10
7.47975,-4.0300789228060462e-10
7.48,-4.0300264003685775e-10
7.48025,-4.0299717780193467e-10
7.4805,-4.029914115407048e-10
7.48075,-4.02985254196094e-10
7.481,-4.0297863032524037e-10
7.48125,-4.0297147867958005e-10
7.4815,-4.0296375465157079e-10
7.48175,-4.0295543185122616e-10
7.482,-4.0294650131665146e-10
7.48225,-4.029369718384908e-10
7.4825,-4.0292686884474621e-10
7.48275,-4.0291623227683759e-10
7.483,-4.0290511488073468e-10
7.48325,-4.0289357867221652e-10
7.4835,-4.0288169158252601e-10
7.48375,-4.0286952461283018e-10
7.484,-4.0285715036039496e-10
7.48425,-4.0284464093676955e-10
7.4845,-4.0283206486880635e-10
7.48475,-4.0281948807075142e-10
7.485,-4.0280697102875401e-10
7.48525,-4.0279456911456674e-10
7.4855,-4.0278233287313298e-10
7.48575,-4.027703090679733e-10
7.486,-4.0275854043686156e-10
7.48625,-4.0274706520868395e-10
7.4865,-4.0273591754211586e-10
7.48675,-4.0272512727892732e-10
7.487,-4.0271472097114404e-10
7.48725,-4.0270472128122915e-10
7.4875,-4.0269514703682777e-10
7.48775,-4.0268601206578002e-10
7.488,-4.0267732517502302e-10
7.48825,-4.0266908908598734e-10
7.4885,-4.0266130102285601e-10
7.48875,-4.0265395244564775e-10
7.489,-4.0264702835616646e-10
7.48925,-4.0264050848605544e-10
7.4895,-4.026343674078026e-10
7.48975,-4.0262857420133338e-10
7.49,-4.0262309399765845e-10
7.49025,-4.0261788790428975e-10
7.4905,-4.0261291299299656e-10
7.49075,-4.0260812351995028e-10
7.491,-4.0260347216995607e-10
7.49125,-4.025989097176772e-10
7.4915,-4.0259438643346677e-10
7.49175,-4.0258985206223727e-10
7.492,-4.0258525725752779e-10
7.49225,-4.0258055430474245e-10
7.4925,-4.0257569883968485e-10
7.49275,-4.0257065136192867e-10
7.493,-4.0256537846809628e-10
7.49325,-4.0255985412525483e-10
7.4935,-4.0255406048158488e-10
7.49375,-4.0254798870463874e-10
7.494,-4.025416389836908e-10
7.49425,-4.0253502346427954e-10
7.4945,-4.025281640097778e-10
7.49475,-4.0252109213802342e-10
7.495,-4.0251384913591997e-10
7.49525,-4.0250648867750133e-10
7.4955,-4.0249906876777334e-10
7.49575,-4.0249164894052673e-10
7.496,-4.0248428849626198e-10
7.49625,-4.0247704815055157e-10
7.4965,-4.0246998941433246e-10
7.49675,-4.0246317411155819e-10
7.497,-4.0245666159028656e-10
7.49725,-4.0245050706998383e-10
7.4975,-4.0244476060607256e-10
7.49775,-4.0243946498534557e-10
7.498,-4.0243465777626332e-10
7.49825,-4.0243036950710263e-10
7.4985,-4.0242662536166579e-10
7.49875,-4.0242344429777524e-10
7.499,-4.0242083966004734e-10
7.49925,-4.0241881978865619e-10
7.4995,-4.0241738889051308e-10
7.49975,-4.0241654704263676e-10
7.5,-4.0241629135885949e-10
