Physical Time (s),ea_top Monitor (kg-m/s^3): top_cv1,ea_top Monitor (kg-m/s^3): top_cv2,ea_top Monitor (kg-m/s^3): top_cv3,ea_top Monitor (kg-m/s^3): top_cv4,ea_top Monitor (kg-m/s^3): top_cv5,ea_top Monitor (kg-m/s^3): top_cv6,ea_top Monitor (kg-m/s^3): top_cv7
0.0025,1.865012950656374e-18,1.850070039684244e-18,1.8267733825137721e-18,1.8262311978798892e-18,1.8262298314243345e-18,1.8262298278482574e-18,1.8262298278471639e-18
0.005,3.9879456510171806e-15,3.690844251768738e-15,3.3380623010456249e-15,3.332700290021843e-15,3.3326945966982835e-15,3.332694591038939e-15,3.332694591038668e-15
0.0075,5.8250658920723006e-13,4.5344966108309904e-13,3.1078532565947213e-13,3.0509066226635913e-13,3.0508133162126466e-13,3.0508132469806616e-13,3.0508132469801481e-13
0.01,1.4826593141507064e-11,9.4410032559985451e-12,4.8541030406454014e-12,4.2697160691597489e-12,4.2669777982332169e-12,4.2669745938666748e-12,4.2669745938591704e-12
0.0125,1.335323355489712e-10,7.3016293813534003e-11,3.9205084183270982e-11,2.6902640176265333e-11,2.6719469797045515e-11,2.6718976463770688e-11,2.6718976462838116e-11
0.015,5.822362066974503e-10,2.9326641653068606e-10,1.9569289118854721e-10,1.0753584668024448e-10,1.036390272538642e-10,1.0361154393496633e-10,1.0361154384071204e-10
0.0175,1.406760574344825e-09,7.3647105012757624e-10,5.7673353565873114e-10,3.0194480417637378e-10,2.6797488396247093e-10,2.6733678306321592e-10,2.6733677625282515e-10
0.02,1.8444917632812393e-09,1.1252996569959354e-09,8.5254428064623245e-10,4.6021896586789365e-10,3.1853299865081074e-10,3.1174109773391513e-10,3.1174087662705131e-10
0.0225,1.1500506093130371e-09,8.4553964720588072e-10,4.4382029738047142e-10,2.2145221455138691e-10,-7.6289673943805752e-11,-1.1447763026621473e-10,-1.1448320426860128e-10
0.025,5.751684856756857e-11,3.4318433584680309e-11,-2.0588910247130165e-10,-2.7432407128215665e-10,-5.7249286093786563e-10,-6.9199806279326768e-10,-6.9208964904257145e-10
0.0275,-6.5394098911667035e-10,-6.3997761952206501e-10,-5.9452916818127337e-10,-6.7583223053732705e-10,-7.9257638729231382e-10,-1.004917665763309e-09,-1.0058260622475435e-09
0.03,-6.6155739810185318e-10,-6.5838680803365426e-10,-5.4986128804917503e-10,-5.1371629491591947e-10,-5.4143512789748655e-10,-7.5963783428444002e-10,-7.6509969914243827e-10
0.0325,-2.6086038689368673e-10,-2.6078865608292577e-10,-2.1943976989319982e-10,-3.6064754195117826e-11,-5.1033306232854922e-11,-1.9658848301329357e-10,-2.1685567635229757e-10
0.035,-3.861919660179619e-11,-3.7680443820016055e-11,-3.2591496346272123e-11,1.1697528198740196e-10,2.1758741981395287e-10,1.3387755458595304e-10,8.7018951769332818e-11
0.0375,-1.9550155002975577e-12,-1.7296058818896473e-12,5.0078922094494484e-14,4.8846278828587067e-11,2.3619934805139442e-10,2.2162376748268945e-10,1.5390840538257121e-10
0.04,2.3826150087996663e-13,-6.635720524897639e-13,-2.530261330180333e-13,5.296803765241863e-12,1.3370023731239186e-10,2.1653398974815883e-10,1.5289872585364327e-10
0.0425,3.1192360714231572e-12,2.3863123509817688e-12,-1.3409939372738636e-12,-4.0445152095966632e-13,3.7919689981785501e-11,1.8603657125703529e-10,1.370757165490193e-10
0.045,4.8636959647511943e-12,4.6860553087053914e-12,-1.1250370059411025e-12,-3.3135799429065119e-12,7.0381146495781052e-13,1.5757762601144329e-10,1.1588984268719624e-10
0.0475,4.857396415330027e-12,4.2471688279031056e-12,-2.0584333739303053e-13,-7.4941939138212484e-12,-7.1473794417833277e-12,1.161744813595334e-10,9.4783803914986571e-11
0.05,4.3347706759442449e-12,2.6486147624217174e-12,6.0640184987157595e-13,-7.874572794350926e-12,-1.0570301721187645e-11,5.6063774971188666e-11,7.8383273507396427e-11
0.0525,4.0083442205918211e-12,1.7575885023098295e-12,9.9439490865978631e-13,-4.6499301261538158e-12,-1.0904711082404358e-11,9.2116942163558733e-12,6.8457642253747215e-11
0.055,3.6349284741927643e-12,1.6404226505800825e-12,1.0413166511656246e-12,-1.2158971329713851e-12,-7.4297915465042423e-12,-7.0556037930780344e-12,6.265750385447228e-11
0.0575,2.8860189339734423e-12,1.4905755105760414e-12,8.6472538471736225e-13,3.9225865488023366e-13,-3.2279808529532737e-12,-7.3904948214348163e-12,5.6734373976230014e-11
0.06,1.9918381614099402e-12,1.1021921186307917e-12,6.2720833083718291e-13,5.8021085411794722e-13,-6.7073209657836024e-13,-6.0208399255750577e-12,4.9423300885944726e-11
0.0625,1.3946994557642418e-12,7.9567281581463751e-13,5.1962033377482559e-13,4.7958149546783211e-13,2.6939236950758605e-13,-4.8459435993731303e-12,4.2935213781720012e-11
0.065,1.2267442048287436e-12,7.3275916586529559e-13,5.8624426633510353e-13,5.555863697101206e-13,5.3997325761568936e-13,-2.8830356548907051e-12,3.7054467146410972e-11
0.0675,1.3764127121918245e-12,8.3125426503368305e-13,7.4077108376616478e-13,7.3279756424233477e-13,7.1912785160533215e-13,-8.2849604013451703e-13,2.7961842565323242e-11
0.07,1.8062158953156461e-12,1.0376430890108682e-12,9.4315359850496791e-13,9.4153462561848691e-13,9.3976339692100573e-13,4.9865616229869454e-13,1.5589432223590222e-11
0.0725,2.5736521159346171e-12,1.3683517984502878e-12,1.210977007754328e-12,1.1926161619247684e-12,1.1961550402307819e-12,1.1379633369407211e-12,5.449377036276342e-12
0.075,3.6685126929064016e-12,1.8016504995071579e-12,1.5146873916045736e-12,1.4551146317834684e-12,1.4544187617889681e-12,1.4653898781625655e-12,1.1047290696521697e-12
0.0775,4.9161733056928641e-12,2.2191149580302567e-12,1.7156926191305726e-12,1.6204776393227919e-12,1.6072556585226788e-12,1.6264055852272278e-12,6.021157842303219e-13
0.08,5.9405227935312334e-12,2.3425706838308778e-12,1.518364028555912e-12,1.4308239415746416e-12,1.3898377051185528e-12,1.4102042863105638e-12,6.5105384332273055e-13
0.0825,6.2575033297148344e-12,1.7617576300438661e-12,5.1922156619003128e-13,4.7346057537864063e-13,4.0857216536670658e-13,4.155845390511993e-13,-1.5277105140896138e-13
0.085,5.5770208008718202e-12,1.9751142168372998e-13,-1.5351075457006481e-12,-1.5560922522411701e-12,-1.6126626346736006e-12,-1.6283010162686727e-12,-1.9780225412020609e-12
0.0875,4.0734975081407979e-12,-2.2092565407326936e-12,-4.4817685272611961e-12,-4.5367239990249354e-12,-4.5599516308915377e-12,-4.5923480907195413e-12,-4.7149454765548653e-12
0.09,2.3084459297610529e-12,-4.9218404199272674e-12,-7.7742091029607615e-12,-7.926231950036882e-12,-7.9312879462510436e-12,-7.9644553260580964e-12,-7.9677773448885415e-12
0.0925,8.7521674132827641e-13,-7.3083730965682406e-12,-1.0766291112542465e-11,-1.1055831297853168e-11,-1.1090195781155792e-11,-1.1111395553193682e-11,-1.1095705999984043e-11
0.095,1.209016724848618e-13,-8.8886271713251349e-12,-1.2932508703527171e-11,-1.3370331826372509e-11,-1.3480193337588801e-11,-1.3500329179783384e-11,-1.3497408495990512e-11
0.0975,1.2638670651634342e-13,-9.3648316981885322e-12,-1.3881261365523643e-11,-1.4451800130490349e-11,-1.4655856030690611e-11,-1.471967787009788e-11,-1.472551103184247e-11
0.1,8.1337243785060219e-13,-8.5830970196232222e-12,-1.3324936417769749e-11,-1.399070508828641e-11,-1.4275913428592673e-11,-1.444069742118882e-11,-1.4450421412680469e-11
0.1025,1.9973521346642954e-12,-6.5944136940843355e-12,-1.1186981565860385e-11,-1.1890938738970396e-11,-1.2223862649053758e-11,-1.2518146828069845e-11,-1.2539819200849628e-11
0.105,3.3843202308232853e-12,-3.7609945938205771e-12,-7.7814618149335763e-12,-8.450754565039801e-12,-8.7913116395114473e-12,-9.1906453635809457e-12,-9.2485142486901988e-12
0.1075,4.6125863370347357e-12,-7.2839332268389528e-13,-3.8432039069645161e-12,-4.4018297380947783e-12,-4.7118786433549241e-12,-5.1505613048415565e-12,-5.2752214892122363e-12
0.11,5.3816029837246436e-12,1.8124010487256019e-12,-2.7793589624793174e-13,-6.7121723571723409e-13,-9.1934951359045875e-13,-1.3227429889273492e-12,-1.5293764150108947e-12
0.1125,5.594507180258792e-12,3.4508164584751871e-12,2.263541919664001e-12,2.0447327302483651e-12,1.8776076334761266e-12,1.5665540758103461e-12,1.2947812253872075e-12
0.115,5.3634346581714282e-12,4.1770899102604976e-12,3.6224810954114138e-12,3.5379723059003175e-12,3.4516913778401285e-12,3.2619024232882606e-12,2.9725933297764796e-12
0.1175,4.9003061236310714e-12,4.25481390804166e-12,4.049186574313174e-12,4.0338665601924521e-12,4.0070608291517404e-12,3.9385365443932316e-12,3.6955956055791196e-12
0.12,4.4193731781141833e-12,4.0274575559799686e-12,3.9635898893590311e-12,3.9618868916017883e-12,3.9622217253835887e-12,3.9886075051058584e-12,3.8544722676209697e-12
0.1225,4.1056381788599907e-12,3.7935213298333247e-12,3.7498929427086884e-12,3.7289833857296223e-12,3.7321495278833567e-12,3.808419449743955e-12,3.8266132142294786e-12
0.125,4.1039591762257913e-12,3.7504588004777338e-12,3.6551852748830303e-12,3.5836845215255099e-12,3.5846916824971813e-12,3.6637753760790136e-12,3.8436244600710103e-12
0.1275,4.446306603401279e-12,3.9163696339225945e-12,3.7203537885954147e-12,3.5345764951725292e-12,3.5362171216600491e-12,3.5895802410023961e-12,3.8999868994610398e-12
0.13,4.9409692022644288e-12,4.0275997925368568e-12,3.7050951709739392e-12,3.3011460861125726e-12,3.2847006658383813e-12,3.3114350827648707e-12,3.6902046684785299e-12
0.1325,5.1503682282693722e-12,3.5369929224146833e-12,3.0912348607896602e-12,2.359349970153033e-12,2.2630447309001564e-12,2.2760626535480537e-12,2.652221622508277e-12
0.135,4.5652389940222968e-12,1.8362626332501415e-12,1.2866904423503536e-12,1.6721295528970399e-13,-1.0432529844719946e-13,-1.0749096382331412e-13,2.1027203640982789e-13
0.1375,2.9195261302309439e-12,-1.357430686839591e-12,-2.0021965056349556e-12,-3.4789010574314656e-12,-4.0148155864018708e-12,-4.0738355002146479e-12,-3.841236983134401e-12
0.14,4.3236030988865681e-13,-5.7010549521272616e-12,-6.4612154350741592e-12,-8.1753545926709921e-12,-9.0123635558187186e-12,-9.1993475070299376e-12,-9.0505998996367701e-12
0.1425,-2.218894268056913e-12,-1.0257231868084416e-11,-1.1174417122794764e-11,-1.2955444776008169e-11,-1.4053666664558385e-11,-1.4442505283115655e-11,-1.4359792101070468e-11
0.145,-4.2096140312024718e-12,-1.3894378627280114e-11,-1.5004957684420262e-11,-1.6685210117571691e-11,-1.793863703558289e-11,-1.8567940041494646e-11,-1.8530898837442597e-11
0.1475,-4.9448375585921233e-12,-1.5785690422250039e-11,-1.7096778843387535e-11,-1.8553717164261959e-11,-1.9826293586525697e-11,-2.0677967502836857e-11,-2.0672931470489486e-11
0.15,-4.2599936217459963e-12,-1.5685176706326565e-11,-1.7170446515059049e-11,-1.8343788932161866e-11,-1.9510881943537586e-11,-2.0513700820320887e-11,-2.0535416056148265e-11
0.1525,-2.385444497441564e-12,-1.3891181161740987e-11,-1.5505880034941705e-11,-1.6391408991218955e-11,-1.7369038458926425e-11,-1.8421533398236205e-11,-1.8469100231234559e-11
0.155,2.3199090582835763e-13,-1.1013667892609305e-11,-1.2716211754606456e-11,-1.3346987590844392e-11,-1.4101300917597091e-11,-1.5100927460856589e-11,-1.5172504047662462e-11
0.1575,3.1204387519665646e-12,-7.7145166488163027e-12,-9.4825890567854023e-12,-9.9087519563127448e-12,-1.0448529615645242e-11,-1.1315479369848595e-11,-1.1406350111558116e-11
0.16,5.9086235547604316e-12,-4.5302786019673493e-12,-6.3667664711938899e-12,-6.6404520388804631e-12,-7.0007419339657454e-12,-7.6903395077743299e-12,-7.7959559429361214e-12
0.1625,8.3671751380721932e-12,-1.8066625607391976e-12,-3.7370668530738449e-12,-3.9040011160971926e-12,-4.1293694495984005e-12,-4.6325763083064034e-12,-4.7537541047041644e-12
0.165,1.0390035392783576e-11,2.8481032882804169e-13,-1.7804116234574053e-12,-1.8768702824592038e-12,-2.0093548042785546e-12,-2.3445977075840376e-12,-2.4895640924174673e-12
0.1675,1.1950515491537013e-11,1.6944235560091622e-12,-5.5277468181505115e-13,-6.0570154997974187e-13,-6.7887701600945231e-13,-8.8020768392282899e-13,-1.0601040997782343e-12
0.17,1.3064052625938274e-11,2.4497961113700665e-12,-2.227800347852413e-14,-5.0715194601724006e-14,-8.8514515175821137e-14,-1.9451168933690633e-13,-4.1422855124108284e-13
0.1725,1.3771283301093286e-11,2.6349192312675897e-12,-8.8883905146554749e-14,-1.0555941062187209e-13,-1.2367747036065597e-13,-1.6963891601823946e-13,-4.2004434982056611e-13
0.175,1.4134066725076357e-11,2.3820375512396667e-12,-5.9288852833331236e-13,-6.0546693110024678e-13,-6.1353792499726667e-13,-6.2747270407073239e-13,-8.8482147538135803e-13
0.1775,1.4238168846648483e-11,1.8631213074754471e-12,-1.3276281117906819e-12,-1.3396948087848444e-12,-1.3432508016322166e-12,-1.3447931131925894e-12,-1.5785299887081923e-12
0.18,1.4188679784531353e-11,1.2678002957130194e-12,-2.0699864853338981e-12,-2.0821953475294897e-12,-2.0841475931077639e-12,-2.0851264692208598e-12,-2.2700963460662324e-12
0.1825,1.4099625161418999e-11,7.7305841045971402e-13,-2.620856119988832e-12,-2.6326346878313425e-12,-2.6344265762199248e-12,-2.6401695299032946e-12,-2.7666354669532579e-12
0.185,1.4079086202157438e-11,5.1425825512436862e-13,-2.8413776486054046e-12,-2.8531006563056006e-12,-2.8557404658697985e-12,-2.8667194569018175e-12,-2.9431471319745171e-12
0.1875,1.4216040864993674e-11,5.6872326946515832e-13,-2.6701960229811443e-12,-2.6851224748005545e-12,-2.6901252412016668e-12,-2.7038653395595198e-12,-2.7516452304440766e-12
0.19,1.457282148900057e-11,9.5600344549171777e-13,-2.1174975950367754e-12,-2.1425363111179898e-12,-2.1525664357474587e-12,-2.1657135658051073e-12,-2.2090512724490555e-12
0.1925,1.5183778947616687e-11,1.6509360674413209e-12,-1.2428460040091233e-12,-1.287645411576813e-12,-1.3065641211669606e-12,-1.3167753190726044e-12,-1.372817476559569e-12
0.195,1.60573863764376e-11,2.6006597548657969e-12,-1.2987711061232073e-13,-2.0457271215537144e-13,-2.3676839161461759e-13,-2.4389492641401144e-13,-3.1730417530204912e-13
0.1975,1.7178121086498377e-11,3.737436559985217e-12,1.1312797391447576e-12,1.0186650431497039e-12,9.6941698721682534e-13,9.6331844943597863e-13,8.7972223084745262e-13
0.2,1.8506579502086265e-11,4.9841369194591513e-12,2.4503324711948988e-12,2.2957731266493761e-12,2.2273559892555729e-12,2.2192301685983141e-12,2.1390365110104203e-12
0.2025,1.9977728402026882e-11,6.2528615312258211e-12,3.7335728987336389e-12,3.5376500216769776e-12,3.4499751281283484e-12,3.4376112902026308e-12,3.3737601408600509e-12
0.205,2.1498776399396874e-11,7.4400353970388001e-12,4.8763424225969478e-12,4.6436827999380231e-12,4.5381544911936241e-12,4.5216112475755721e-12,4.4810631395008333e-12
0.2075,2.2950145876692599e-11,8.4243961855653039e-12,5.7589128876161569e-12,5.4969709787453582e-12,5.3753423625489694e-12,5.3569561046789201e-12,5.3391487281348643e-12
0.21,2.4194068688506486e-11,9.0723820666316368e-12,6.2508770569148858e-12,5.9686159449356341e-12,5.8319186454179155e-12,5.8145913812174091e-12,5.8137105021028476e-12
0.2125,2.5092440572422478e-11,9.2535407531624736e-12,6.2263949176040357e-12,5.9331946168282681e-12,5.781417329046006e-12,5.7659388926612041e-12,5.7751869605058218e-12
0.215,2.5531477155346523e-11,8.8640640918990318e-12,5.588040118583937e-12,5.2928619807004397e-12,5.1256148816189882e-12,5.1085773704046338e-12,5.1238145827261125e-12
0.2175,2.5446601613082523e-11,7.8520226301473489e-12,4.2926477224252143e-12,4.0032961453220282e-12,3.8210761004596187e-12,3.7948698315050839e-12,3.815627935787852e-12
0.22,2.4840070480743904e-11,6.2360578936064286e-12,2.3705372607416436e-12,2.0928954384191401e-12,1.898150298709018e-12,1.8534744234342258e-12,1.8810339414993286e-12
0.2225,2.3785655088614846e-11,4.1115000343439889e-12,-6.8222003249980338e-14,-3.309408445581041e-13,-5.3368217633372236e-13,-6.0384763352978372e-13,-5.6984967869268062e-13
0.225,2.2418992212032403e-11,1.6412199218193671e-12,-2.8436346027621607e-12,-3.0914470729531913e-12,-3.2965912363378029e-12,-3.3935752125218244e-12,-3.35768323967781e-12
0.2275,2.091637578919746e-11,-9.6680029748503697e-13,-5.7299896712266643e-12,-5.9663643493884854e-12,-6.1689929367213343e-12,-6.2874046846086531e-12,-6.2582713793390956e-12
0.23,1.9468334691318969e-11,-3.4890276303032189e-12,-8.4881626875060544e-12,-8.7199306412639617e-12,-8.9174819124763139e-12,-9.0470880778030684e-12,-9.034628319390312e-12
0.2325,1.8255666090389718e-11,-5.7143633879758415e-12,-1.0896662322079019e-11,-1.1133795052578126e-11,-1.1327068883523828e-11,-1.1456549509522053e-11,-1.1467802457502229e-11
0.235,1.7432056818484698e-11,-7.4653137834257114e-12,-1.2775310310864139e-11,-1.3030677900654472e-11,-1.3223966109137157e-11,-1.3344671721860947e-11,-1.3380568553665229e-11
0.2375,1.7112845022224473e-11,-8.6120533951446043e-12,-1.4000370850906825e-11,-1.4289304634632656e-11,-1.448986594871998e-11,-1.4598006799450719e-11,-1.4652701119745865e-11
0.24,1.7381100807554367e-11,-9.0707074328835009e-12,-1.4500998130014086e-11,-1.4840674435120385e-11,-1.5058126487395737e-11,-1.5154930144167348e-11,-1.521776054970494e-11
0.2425,1.8265520706233492e-11,-8.813221765977879e-12,-1.4269707501195336e-11,-1.4676504911600016e-11,-1.492142784273992e-11,-1.5011898858961033e-11,-1.5071360585630687e-11
0.245,1.9736497145334272e-11,-7.8858544877357478e-12,-1.3375362275236285e-11,-1.3861316475558123e-11,-1.4143796306240426e-11,-1.4234945768722749e-11,-1.4282484870697921e-11
0.2475,2.1697203579720619e-11,-6.4048611016579705e-12,-1.1954104072293258e-11,-1.2522978885217823e-11,-1.2850486218536446e-11,-1.2949736469179326e-11,-1.2981956078274153e-11
0.25,2.398658864279218e-11,-4.5541310292796668e-12,-1.0203749529553235e-11,-1.0848767893520242e-11,-1.1224098628432372e-11,-1.1338002411858849e-11,-1.1356510085083257e-11
0.2525,2.6413013595396734e-11,-2.5522887308295965e-12,-8.3511379318552907e-12,-9.0556225095354897e-12,-9.4758422414570982e-12,-9.609133651527601e-12,-9.6185683539192275e-12
0.255,2.8802926488083681e-11,-6.0307736009969835e-13,-6.6068745802346573e-12,-7.34662232597212e-12,-7.8032434351122512e-12,-7.9582592573373449e-12,-7.9638833060062086e-12
0.2575,3.0982466058248147e-11,1.0967435992824552e-12,-5.1702769029421602e-12,-5.9182883222313114e-12,-6.3989629179111471e-12,-6.5751979455892865e-12,-6.581150714437873e-12
0.26,3.282966293581433e-11,2.4026392686450286e-12,-4.1844763166213101e-12,-4.9152822320402114e-12,-5.4059270828721657e-12,-5.6002971956183289e-12,-5.6089700960740576e-12
0.2625,3.4282132160206932e-11,3.2431444768688207e-12,-3.7132087787404665e-12,-4.4068192946760604e-12,-4.8939662522393151e-12,-5.1016154239857958e-12,-5.1139297027752661e-12
0.265,3.5352946589291935e-11,3.6282252907188246e-12,-3.7345372309792112e-12,-4.378208939040766e-12,-4.8504139289842168e-12,-5.0656468240713477e-12,-5.0817579900409785e-12
0.2675,3.6110017753873342e-11,3.63164995343971e-12,-4.15959421204585e-12,-4.7483342648258928e-12,-5.1971701622741981e-12,-5.4141368122383795e-12,-5.4340760075454752e-12
0.27,3.6658384849345651e-11,3.3682631243643588e-12,-4.8578754449467178e-12,-5.3936472834643532e-12,-5.8141392255167993e-12,-6.0271586760881565e-12,-6.0510886791911936e-12
0.2725,3.7110083109891155e-11,2.9668189866743751e-12,-5.6868553431494558e-12,-6.1768720820322434e-12,-6.5677397364254066e-12,-6.7717455950502724e-12,-6.7998270772777659e-12
0.275,3.7577472302662868e-11,2.555055754807851e-12,-6.5087503297686061e-12,-6.9633568294001114e-12,-7.3266585074055773e-12,-7.5175987971338405e-12,-7.5496481566674857e-12
0.2775,3.8154853096236043e-11,2.2436513352699615e-12,-7.2077079086946426e-12,-7.6385034637236301e-12,-7.9788535176228229e-12,-8.1542157639680444e-12,-8.1894690058428356e-12
0.28,3.8928928249773903e-11,2.123005938429824e-12,-7.6935461750363611e-12,-8.1124679014033713e-12,-8.4362834123534404e-12,-8.5953527295779209e-12,-8.6324732975847261e-12
0.2825,3.9943391256355763e-11,2.2456133733262878e-12,-7.9189883788380391e-12,-8.3373306969063501e-12,-8.6519178938977506e-12,-8.795848271057846e-12,-8.8332172514149549e-12
0.285,4.1229910832835189e-11,2.6391078997345611e-12,-7.8656101162373261e-12,-8.293716485498861e-12,-8.6068304478506995e-12,-8.7383484235821213e-12,-8.774409782768715e-12
0.2875,4.2764867796076096e-11,3.2858293047755354e-12,-7.5616800211020606e-12,-8.0080055615212549e-12,-8.3270183885455548e-12,-8.4499117961247539e-12,-8.4835010823773122e-12
0.29,4.4499910481462241e-11,4.1397281523303466e-12,-7.0625036377919535e-12,-7.5329193397377701e-12,-7.8642764996442922e-12,-7.9828289480634709e-12,-8.0133203461411078e-12
0.2925,4.6349380039160835e-11,5.1231071710233086e-12,-6.4511108212967561e-12,-6.9485024526127315e-12,-7.2971281390948642e-12,-7.4155468290147058e-12,-7.4428676509612404e-12
0.295,4.823231973196557e-11,6.1550206025105538e-12,-5.8113298095152548e-12,-6.3358696874073323e-12,-6.7050405543373726e-12,-6.8272040511645828e-12,-6.8517585038739556e-12
0.2975,5.0073885941884683e-11,7.1563890828412924e-12,-5.2250093327678704e-12,-5.7748545583259856e-12,-6.1663456486988023e-12,-6.2957546866456848e-12,-6.3183594478934459e-12
0.3,5.1806890466172893e-11,8.0528478727282817e-12,-4.7698875946680065e-12,-5.3420031217431773e-12,-5.7564659386659964e-12,-5.8963587673582933e-12,-5.9182111374550486e-12
0.3025,5.3348001067598878e-11,8.7640938993927124e-12,-4.5245661489139783e-12,-5.1156793132502907e-12,-5.5530956179877053e-12,-5.7064537852694315e-12,-5.7291124552274832e-12
0.305,5.463055724851976e-11,9.2258010453584128e-12,-4.5441302300506486e-12,-5.151688923848691e-12,-5.6118579760631964e-12,-5.7813927138324044e-12,-5.8067805562801571e-12
0.3075,5.5627042647329547e-11,9.4109575324636691e-12,-4.8425504761247904e-12,-5.4654325308639285e-12,-5.9483658769664132e-12,-6.1365772440157184e-12,-6.1670311874688302e-12
0.31,5.6339673326761049e-11,9.3272042332819642e-12,-5.3990816243350479e-12,-6.0382497608795224e-12,-6.5444969646957009e-12,-6.7536541829355423e-12,-6.791944187411166e-12
0.3125,5.6794540282313036e-11,9.0023007945894162e-12,-6.1750692635773428e-12,-6.8341607401351515e-12,-7.36517285823077e-12,-7.5972826488054333e-12,-7.6465022059736555e-12
0.315,5.703495009756796e-11,8.4736784317594007e-12,-7.1250157883220166e-12,-7.8108172084484125e-12,-8.3694290333080713e-12,-8.6262415885952799e-12,-8.6895093752019159e-12
0.3175,5.7111122012703179e-11,7.7876599905508698e-12,-8.1979095711300039e-12,-8.9204068386803134e-12,-9.511222833342755e-12,-9.7943137535485853e-12,-9.8742494466303775e-12
0.32,5.7077602554071472e-11,6.9982602010996322e-12,-9.3382007001613733e-12,-1.0110130602613211e-11,-1.073963762281312e-11,-1.1050555785528339e-11,-1.1148670435140279e-11
0.3225,5.6992994522435932e-11,6.1590101455519979e-12,-1.0493274623914293e-11,-1.1329829837728239e-11,-1.2006342806853823e-11,-1.2346764200023072e-11,-1.2462836469593749e-11
0.325,5.6908897724339538e-11,5.3205993328542643e-12,-1.1615844846395604e-11,-1.253412390802419e-11,-1.3267401567587161e-11,-1.3639234471701466e-11,-1.3770938648608175e-11
0.3275,5.6864937306543892e-11,4.5198453863992077e-12,-1.2676114109181341e-11,-1.3694372946472916e-11,-1.4495071428335355e-11,-1.4900421734304007e-11,-1.5043378896355393e-11
0.33,5.6887738008490954e-11,3.7788322645454816e-12,-1.3661607805439093e-11,-1.4798245478241297e-11,-1.5677238409443158e-11,-1.6118213566573167e-11,-1.6266526778566436e-11
0.3325,5.6993998625348035e-11,3.1117325323143514e-12,-1.4568718823663354e-11,-1.5840848694788949e-11,-1.6808345370351966e-11,-1.7286720727389711e-11,-1.743389486942884e-11
0.335,5.7195529308472541e-11,2.523998077156799e-12,-1.5404215372190605e-11,-1.6825995539739776e-11,-1.7890446629533148e-11,-1.8407033460553076e-11,-1.8546862174497874e-11
0.3375,5.7494798704302846e-11,2.0178982380610727e-12,-1.6179201206194556e-11,-1.7759587475054659e-11,-1.8926179464258767e-11,-1.9480170677282136e-11,-1.9607715429098834e-11
0.34,5.788721186907351e-11,1.5917011822000596e-12,-1.6906934976666415e-11,-1.8647999544456531e-11,-1.991748269120745e-11,-2.0505919095858415e-11,-2.0618261258594505e-11
0.3425,5.8372015780872464e-11,1.2497472804850274e-12,-1.7591267206767535e-11,-1.9486754074622104e-11,-2.0854448313556098e-11,-2.1471774296055836e-11,-2.15680674255859e-11
0.345,5.895550657920161e-11,1.0113410566100667e-12,-1.8217369782465222e-11,-2.0252082064501833e-11,-2.1707321482214929e-11,-2.2345353911907031e-11,-2.2426382944294203e-11
0.3475,5.9641496891527611e-11,8.978161167013009e-13,-1.8764511572323818e-11,-2.0916046016055665e-11,-2.2442989145371799e-11,-2.3091492049671501e-11,-2.3158993529367689e-11
0.35,6.0441976935935428e-11,9.2059790584942823e-13,-1.9226939800608914e-11,-2.1465643137876361e-11,-2.304317952998654e-11,-2.3689911934722562e-11,-2.3745784370408668e-11
0.3525,6.1369224441005458e-11,1.0946483650617015e-12,-1.9598851427984649e-11,-2.18887356436251e-11,-2.3491382055972476e-11,-2.4122678330435349e-11,-2.4168580570931006e-11
0.355,6.243857994482487e-11,1.4379178777069659e-12,-1.9873037929724545e-11,-2.2173424734432277e-11,-2.3772920589318386e-11,-2.437470934760744e-11,-2.4412004984419391e-11
0.3575,6.3671054619176121e-11,1.9731080021966863e-12,-2.0036045334566551e-11,-2.2303593943119982e-11,-2.3870825024624264e-11,-2.4429943216029164e-11,-2.4459839425541337e-11
0.36,6.509507693302711e-11,2.732612358209151e-12,-2.0062363975663287e-11,-2.2253321266804184e-11,-2.3760174624417924e-11,-2.4265701024299384e-11,-2.4289414599371061e-11
0.3625,6.6743769978346918e-11,3.7543053758811167e-12,-1.9920270459098767e-11,-2.1993154808280703e-11,-2.3414203748882312e-11,-2.385850518023804e-11,-2.3877340467827297e-11
0.365,6.864823950772699e-11,5.0699137523785501e-12,-1.9585080982109936e-11,-2.1503701277158116e-11,-2.2817813512144956e-11,-2.3197112819752959e-11,-2.3212412927513271e-11
0.3675,7.0832530831748358e-11,6.6972953171712738e-12,-1.9047058731309251e-11,-2.0783285386475217e-11,-2.1975036236447741e-11,-2.2289461973797478e-11,-2.2302464097880544e-11
0.37,7.3311942078474702e-11,8.6393550909454884e-12,-1.8311572968292328e-11,-1.9847293912939819e-11,-2.0907877563953196e-11,-2.1161052678413205e-11,-2.1172722476234633e-11
0.3725,7.61411779400436e-11,1.0930125965963136e-11,-1.7358372488637271e-11,-1.86857369946853e-11,-1.9613007120019058e-11,-1.9811276565951977e-11,-1.982218721433816e-11
0.375,7.9247986213840701e-11,1.3481284649189885e-11,-1.6276624770574844e-11,-1.7399138852427935e-11,-1.8197234435503919e-11,-1.8348696583381906e-11,-1.8359032875877122e-11
0.3775,8.263473674220989e-11,1.6266704704530132e-11,-1.5092183682811549e-11,-1.6023029873565364e-11,-1.6701229891129458e-11,-1.6814664398653553e-11,-1.6824322365296888e-11
0.38,8.6295966022351764e-11,1.9257460439513036e-11,-1.3830898004379825e-11,-1.45909377962448e-11,-1.5162181862454296e-11,-1.5246113248960569e-11,-1.5254848417053239e-11
0.3825,9.0213588638280848e-11,2.2411356511836393e-11,-1.252954452200957e-11,-1.3144994482693726e-11,-1.3624319364873078e-11,-1.368635362991148e-11,-1.3693919510691976e-11
0.385,9.4352756463254156e-11,2.5665513959154832e-11,-1.124192398428816e-11,-1.1741778448323931e-11,-1.2145002865235934e-11,-1.219146503675661e-11,-1.219770873977237e-11
0.3875,9.8662940398894114e-11,2.8942800608327059e-11,-1.0030562795901299e-11,-1.0444004874886504e-11,-1.0786722836879953e-11,-1.0822589002952742e-11,-1.0827492274062869e-11
0.39,1.030819516235087e-10,3.2161101513306416e-11,-8.9568754771000572e-12,-9.3110605400558201e-12,-9.6079614120825713e-12,-9.6370202057981699e-12,-9.6406941992360472e-12
0.3925,1.0753654469252889e-10,3.5234969816855986e-11,-8.0803358089926224e-12,-8.3988007417444327e-12,-8.6633429146436929e-12,-8.6884850360906113e-12,-8.691137943497873e-12
0.395,1.1194242698265327e-10,3.8075336857762199e-11,-7.4599194984042019e-12,-7.7617060124136967e-12,-8.0061122013092328e-12,-8.0296547981331e-12,-8.0315505769525982e-12
0.3975,1.1620623691191109e-10,4.0592788321512896e-11,-7.1518679799698877e-12,-7.4513542064039375e-12,-7.6868312423032599e-12,-7.7108076873800861e-12,-7.7122275679854688e-12
0.4,1.202301875765455e-10,4.2703923645450132e-11,-7.2046597784791321e-12,-7.5120372486395738e-12,-7.749109233067311e-12,-7.775481471778039e-12,-7.7766937251656362e-12
0.4025,1.2391820879493512e-10,4.4338072532539238e-11,-7.6542073845166003e-12,-7.9764601726140692e-12,-8.2252960445982091e-12,-8.256069419929975e-12,-8.2573087839563358e-12
0.405,1.2719106467904365e-10,4.5442089508429624e-11,-8.5208248982308493e-12,-8.8630048917852161e-12,-9.133773878552088e-12,-9.1710374037154758e-12,-9.1724932204776272e-12
0.4075,1.2996383629442194e-10,4.5973889706969233e-11,-9.8188723691619377e-12,-1.0185505383409751e-11,-1.0488455369255606e-11,-1.0534307165210911e-11,-1.0536115053263604e-11
0.41,1.3216462165684369e-10,4.5910855479366011e-11,-1.1550151026212402e-11,-1.1946315186585619e-11,-1.2291594974810236e-11,-1.2348015271914035e-11,-1.2350248681734843e-11
0.4125,1.3375163253725302e-10,4.5259054962289002e-11,-1.3695832030292026e-11,-1.4127737606281201e-11,-1.4525003255076341e-11,-1.4593720738666549e-11,-1.4596378133358559e-11
0.415,1.3473725615529547e-10,4.4087182654682851e-11,-1.61905773846337e-11,-1.6665533813016087e-11,-1.7123249760519254e-11,-1.7205659973009071e-11,-1.7208650982370491e-11
0.4175,1.3517846749561469e-10,4.2492205243606513e-11,-1.8953970166511949e-11,-1.9479767149832447e-11,-2.0004631410851573e-11,-2.0101743976526206e-11,-2.0104884318053678e-11
0.42,1.351660465486638e-10,4.0592752014789108e-11,-2.1897778769754109e-11,-2.24816811622321e-11,-2.3078132734563659e-11,-2.3190582516210585e-11,-2.3193612366218542e-11
0.4225,1.3484137259037166e-10,3.8552136925433905e-11,-2.4900236387186126e-11,-2.554798023558358e-11,-2.6218039563416487e-11,-2.634616814715343e-11,-2.634881633497402e-11
0.425,1.3434847851609522e-10,3.6516948962435166e-11,-2.7859123030080771e-11,-2.8573741807839294e-11,-2.9317040037007834e-11,-2.9461067191968545e-11,-2.946315612190447e-11
0.4275,1.3382147412164624e-10,3.461556181571551e-11,-3.0690212979317938e-11,-3.1471384122070539e-11,-3.2285326243319509e-11,-3.2445539695301293e-11,-3.2447115839623493e-11
0.43,1.3340826821337927e-10,3.2995294626996959e-11,-3.3281540714857625e-11,-3.4125776270088378e-11,-3.5006173301967082e-11,-3.5183079959446361e-11,-3.5184543207348124e-11
0.4325,1.3321258112133678e-10,3.1744117085760939e-11,-3.5574948023957864e-11,-3.6475957729513089e-11,-3.7417525600987885e-11,-3.7612000833443983e-11,-3.7614205883614031e-11
0.435,1.3331957372278953e-10,3.093891797596431e-11,-3.7518235196128774e-11,-3.8467430182707486e-11,-3.9464181051710009e-11,-3.9677635305863722e-11,-3.9681964573219022e-11
0.4375,1.3380825564455331e-10,3.0667093731117186e-11,-3.9033020970812414e-11,-4.0021180358722212e-11,-4.1067251960974701e-11,-4.1301618978677513e-11,-4.1310002721315006e-11
0.44,1.3472847161122349e-10,3.0983171383515332e-11,-4.0059391210930597e-11,-4.1077884753823905e-11,-4.2168231764539855e-11,-4.2425958763488302e-11,-4.2440840154865334e-11
0.4425,1.360970763421486e-10,3.1915754179797835e-11,-4.0545169170037988e-11,-4.1586937926447357e-11,-4.2717774143775897e-11,-4.3001754762271328e-11,-4.3025978734375423e-11
0.445,1.3789250628993442e-10,3.3460802081363312e-11,-4.0456979836937934e-11,-4.1517337362859885e-11,-4.2686383371320384e-11,-4.2999795470644047e-11,-4.3036406169480325e-11
0.4475,1.4004519035456047e-10,3.5561157149360869e-11,-3.9804831309264902e-11,-4.0881999560400437e-11,-4.2088779268752402e-11,-4.2434855892109321e-11,-4.2486796949778892e-11
0.45,1.4245680341788323e-10,3.8125669376611432e-11,-3.8627880418457868e-11,-3.9723071466749296e-11,-4.0969188937421737e-11,-4.1350957619085062e-11,-4.1420699047552552e-11
0.4525,1.450084562221298e-10,4.1037741221615221e-11,-3.6989200644967377e-11,-3.8106452490115181e-11,-3.9395811324179727e-11,-3.9815877221107177e-11,-3.9904981373730623e-11
0.455,1.4756383640290217e-10,4.415899647896391e-11,-3.4976497480514419e-11,-3.6122437001955731e-11,-3.7461388603912312e-11,-3.7921770279917865e-11,-3.8030443650212191e-11
0.4575,1.4997267244796849e-10,4.733062438731161e-11,-3.2703059670044306e-11,-3.3886735092029266e-11,-3.528416094965007e-11,-3.5786177379588805e-11,-3.5912900048990091e-11
0.46,1.5205939044997872e-10,5.0343095350307074e-11,-3.0350665113006875e-11,-3.1583114289799817e-11,-3.3050042848640149e-11,-3.3594481685277209e-11,-3.3736056058310665e-11
0.4625,1.5370997119341056e-10,5.3047647022418513e-11,-2.8052873445604025e-11,-2.934685752555367e-11,-3.0896097050300214e-11,-3.1483212776213314e-11,-3.163507835984017e-11
0.465,1.5486915653303765e-10,5.53719169263231e-11,-2.5874085803331583e-11,-2.7244631830753237e-11,-2.8890283565924096e-11,-2.9519756370824216e-11,-2.9676313505354407e-11
0.4675,1.5548515722226683e-10,5.7245825325904453e-11,-2.3889060669721647e-11,-2.535367798987272e-11,-2.7110557927004073e-11,-2.778147844334439e-11,-2.7936700363632876e-11
0.47,1.5552842832343246e-10,5.8616414444935784e-11,-2.216648369979943e-11,-2.374534043859407e-11,-2.5628739139495989e-11,-2.633954506718703e-11,-2.6487705868219783e-11
0.4725,1.5500146216906544e-10,5.9460457226791501e-11,-2.0753258663092704e-11,-2.2469109714344385e-11,-2.4494463861587186e-11,-2.5242993299828778e-11,-2.5379357045896385e-11
0.475,1.539422244293466e-10,5.979332685225622e-11,-1.9663648210883182e-11,-2.154133985601243e-11,-2.3723598506561025e-11,-2.4507265404503087e-11,-2.4628602334609444e-11
0.4775,1.5241999648316219e-10,5.9672131459909714e-11,-1.8872910578335986e-11,-2.0938475431320954e-11,-2.329135523817113e-11,-2.4107316083943364e-11,-2.4212083807560073e-11
0.48,1.5052314863302172e-10,5.9169684403817374e-11,-1.8347314822744501e-11,-2.0626804542409205e-11,-2.3162076661468842e-11,-2.4007270975387271e-11,-2.4095528041785448e-11
0.4825,1.4837203546473689e-10,5.837088276790558e-11,-1.8057202104804702e-11,-2.0574535727884573e-11,-2.3301321749109955e-11,-2.4172856412980189e-11,-2.4245970918749306e-11
0.485,1.4610702285908952e-10,5.737913327088933e-11,-1.7966273236393192e-11,-2.0740546735819321e-11,-2.3664635177722659e-11,-2.4560184068173111e-11,-2.4620353825571334e-11
0.4875,1.4386830264972458e-10,5.6302109176341411e-11,-1.8036461911271356e-11,-2.107892098667489e-11,-2.4201985724745076e-11,-2.5120044183627096e-11,-2.5169811268482266e-11
0.49,1.4178451140791383e-10,5.5239857555672712e-11,-1.8234645316079345e-11,-2.1545972972165338e-11,-2.4864857342727408e-11,-2.5804838577593983e-11,-2.5846712655672127e-11
0.4925,1.3997436967395643e-10,5.428235862109614e-11,-1.853446163908324e-11,-2.2103134172342079e-11,-2.5609641768982901e-11,-2.6571861661526202e-11,-2.6608116796587458e-11
0.495,1.3854738640286754e-10,5.3508737279517763e-11,-1.8915528909780931e-11,-2.2717732355773851e-11,-2.6399152721489337e-11,-2.7384822376745476e-11,-2.741744828840911e-11
0.4975,1.3759239780511988e-10,5.2980177677632762e-11,-1.9365200386990661e-11,-2.3366592170657671e-11,-2.7206947311474179e-11,-2.8218116413377012e-11,-2.8248879524832171e-11
0.5,1.3718742790387007e-10,5.2752238941356034e-11,-1.9869454250158533e-11,-2.4027382749755128e-11,-2.8008403218281811e-11,-2.9048208543287443e-11,-2.9078737076465932e-11
0.5025,1.3738035000061923e-10,5.2860489772951107e-11,-2.0418112069397857e-11,-2.4685012934982093e-11,-2.8787627759261774e-11,-2.9860118615866162e-11,-2.9892075534219298e-11
0.505,1.3821027385483965e-10,5.3335857260845131e-11,-2.0997479817374338e-11,-2.5324216719010346e-11,-2.9529471603567151e-11,-3.0639738750914225e-11,-3.0674988108218178e-11
0.5075,1.3969427618125572e-10,5.419231895601428e-11,-2.1601019719086261e-11,-2.5940505192508158e-11,-3.0230630005601018e-11,-3.1384634690492699e-11,-3.142546978205951e-11
0.51,1.4182210561561552e-10,5.5421314869040188e-11,-2.223440382273038e-11,-2.6544991908298091e-11,-3.0904242516386565e-11,-3.2108557710688715e-11,-3.2157929451981169e-11
0.5125,1.4455751836436576e-10,5.6995708860932697e-11,-2.2910267744318551e-11,-2.7158334170092501e-11,-3.1573389694479283e-11,-3.2834842589668354e-11,-3.2896542573506198e-11
0.515,1.4786009005920197e-10,5.8888315988152538e-11,-2.3631763893302022e-11,-2.7792879539390347e-11,-3.2252941017923611e-11,-3.3578223554248864e-11,-3.3656948247903631e-11
0.5175,1.5165623179139965e-10,6.104865988772927e-11,-2.4410828372549413e-11,-2.8470362394853433e-11,-3.2967169642896777e-11,-3.4362158749978499e-11,-3.4463382948276575e-11
0.52,1.5583380828893956e-10,6.3401399421538861e-11,-2.5265902701915903e-11,-2.9218998180002508e-11,-3.3746641261542709e-11,-3.5215684580534423e-11,-3.5345286459393299e-11
0.5225,1.6027646696212185e-10,6.5875092274247202e-11,-2.6197176035866444e-11,-3.004769843826832e-11,-3.4602197745903252e-11,-3.6147577624120351e-11,-3.63111981872878e-11
0.525,1.6486895788514261e-10,6.8404911518257775e-11,-2.7188225692989649e-11,-3.0947026490565869e-11,-3.5526061640145551e-11,-3.7147494188390775e-11,-3.7349770437339891e-11
0.5275,1.6949743863042243e-10,7.0928635762784564e-11,-2.8217399160766622e-11,-3.1900475354133014e-11,-3.6503352402410611e-11,-3.8197675497166416e-11,-3.8441469222163587e-11
0.53,1.7405144415717496e-10,7.3385637703996022e-11,-2.9265806003632372e-11,-3.2892400859333735e-11,-3.7520082639602324e-11,-3.9281266272595639e-11,-3.9567047432281803e-11
0.5325,1.7841957838730694e-10,7.5713194762407574e-11,-3.0325868383624092e-11,-3.3916411253186344e-11,-3.857139993384803e-11,-4.0391087238278451e-11,-4.0716680302005185e-11
0.535,1.8251889279397806e-10,7.7869762700132265e-11,-3.1380975229488956e-11,-3.495522225676577e-11,-3.9641292582956268e-11,-4.1509519890073139e-11,-4.1870264434148443e-11
0.5375,1.8627934566197613e-10,7.9824443387919688e-11,-3.2423224537087418e-11,-3.5998991901501903e-11,-4.0720762742576078e-11,-4.2627273682641006e-11,-4.3016755129884318e-11
0.54,1.8972456675564198e-10,8.1607686135951281e-11,-3.3399275659575762e-11,-3.6991542686033936e-11,-4.1753629293552808e-11,-4.3688084987163423e-11,-4.4098654146721601e-11
0.5425,1.9287977776376812e-10,8.3256472939550602e-11,-3.4274487118966577e-11,-3.789535256439251e-11,-4.2701490743394505e-11,-4.4653967094297793e-11,-4.5077408347200613e-11
0.545,1.957808166726937e-10,8.4813038277137764e-11,-3.5029058061341614e-11,-3.8687943128417482e-11,-4.3540947846963396e-11,-4.5502376414132458e-11,-4.5930590307637189e-11
0.5475,1.9848791650605914e-10,8.6328866924567952e-11,-3.5643579355253701e-11,-3.9347295603648747e-11,-4.4248929479823179e-11,-4.6211203709580226e-11,-4.6636581213262346e-11
0.55,2.0105262804979279e-10,8.7848078728967766e-11,-3.6114408744182347e-11,-3.9866943125521937e-11,-4.4817294761275012e-11,-4.6773791559204236e-11,-4.7189662876668573e-11
0.5525,2.0353907307502516e-10,8.9420798986982713e-11,-3.6439661556112011e-11,-4.0242747352013318e-11,-4.5239982438087848e-11,-4.7185948644124852e-11,-4.7587015330897916e-11
0.555,2.0602837010158002e-10,9.1105571874763407e-11,-3.6610638378706791e-11,-4.046413187063859e-11,-4.5504398203021184e-11,-4.7436981746171489e-11,-4.7819546602360702e-11
0.5575,2.0861000238977682e-10,9.2969879936881038e-11,-3.6611371754470364e-11,-4.0513742398429274e-11,-4.5590993958177173e-11,-4.7508826414874323e-11,-4.7870809469277598e-11
0.56,2.1136271302538102e-10,9.5073602461631107e-11,-3.6433054093329434e-11,-4.0382262587725739e-11,-4.5488289911723276e-11,-4.7390924920492674e-11,-4.7731689185107116e-11
0.5625,2.1434277555129829e-10,9.745834911639689e-11,-3.6079601423148497e-11,-4.0073871545649816e-11,-4.5198527010937453e-11,-4.7085855166452411e-11,-4.7405907929921967e-11
0.565,2.1758079381692e-10,1.0014656750568368e-10,-3.5561216058852539e-11,-3.9599670287863791e-11,-4.473110746354299e-11,-4.6602848098591271e-11,-4.6903483172804074e-11
0.5675,2.210827551766158e-10,1.0314452996533518e-10,-3.4886709431054185e-11,-3.8969914014257845e-11,-4.4094724702454132e-11,-4.5950042466995586e-11,-4.623296949546262e-11
0.57,2.2483072685882684e-10,1.0644258306074194e-10,-3.4062693505685139e-11,-3.8193156552210169e-11,-4.3296571446964963e-11,-4.51338117454862e-11,-4.5400837637914772e-11
0.5725,2.2878341665415815e-10,1.1001347634675729e-10,-3.3097488730202699e-11,-3.7280050644924421e-11,-4.2346392395305672e-11,-4.4162923315808246e-11,-4.4415704914900333e-11
0.575,2.3287777272291564e-10,1.1381146116499887e-10,-3.2004968730685229e-11,-3.6247006865200394e-11,-4.1260418824127544e-11,-4.3052590988538391e-11,-4.3292457423914435e-11
0.5775,2.3703188559517576e-10,1.1777305994820074e-10,-3.0806713270624135e-11,-3.5117987165643911e-11,-4.0063309321562901e-11,-4.182654688151955e-11,-4.2054387349555262e-11
0.58,2.4114972429446845e-10,1.2181988632262959e-10,-2.9532051658845534e-11,-3.3924218463123493e-11,-3.8787884493190106e-11,-4.0516914872628411e-11,-4.073312807887407e-11
0.5825,2.4512743125827725e-10,1.2586275187596856e-10,-2.8217204759762597e-11,-3.2703047836512084e-11,-3.7473894909043382e-11,-3.9163105379631136e-11,-3.9367609486310033e-11
0.585,2.4886097082106722e-10,1.2980700042381084e-10,-2.6903652683854608e-11,-3.1496114285878525e-11,-3.6166096322042064e-11,-3.7809989359420545e-11,-3.8002290601338994e-11
0.5875,2.5225451452525363e-10,1.3355899653955918e-10,-2.5635550426214741e-11,-3.0346709019646312e-11,-3.4911470580166278e-11,-3.6505177684051315e-11,-3.668449209884918e-11
0.59,2.5522849184142864e-10,1.3703313943004425e-10,-2.4456488975636191e-11,-2.9296599777900119e-11,-3.3755909320587526e-11,-3.5295709446120019e-11,-3.5461125699045815e-11
0.5925,2.5772603747717217e-10,1.4015830747727876e-10,-2.3405973372409968e-11,-2.8382695368467127e-11,-3.2740703131237245e-11,-3.4224486071892752e-11,-3.4375149702794329e-11
0.595,2.597161275229591e-10,1.4288186995950225e-10,-2.251717495856233e-11,-2.7635072061751785e-11,-3.1900389756122172e-11,-3.3328016221672831e-11,-3.3463310486108905e-11
0.5975,2.6119390344600311e-10,1.4517104246435003e-10,-2.1816209262646657e-11,-2.7076568615254453e-11,-3.1262184293237477e-11,-3.2635714493235589e-11,-3.2755411939234155e-11
0.6,2.6217941459106858e-10,1.4701293047919461e-10,-2.1321862810401731e-11,-2.6722848392241772e-11,-3.0845886417420571e-11,-3.2169664695007152e-11,-3.227402691429762e-11
0.6025,2.6271583112012852e-10,1.4841435457229708e-10,-2.1044849599855522e-11,-2.6581954854815961e-11,-3.0663296083639311e-11,-3.1943894387840562e-11,-3.2033704528427271e-11
0.605,2.6286756714381196e-10,1.4940250131929175e-10,-2.0985534657425874e-11,-2.6652262733142724e-11,-3.0716065841491789e-11,-3.1962109787696052e-11,-3.2038634359613986e-11
0.6075,2.6271614235897742e-10,1.5002305204314325e-10,-2.1133712948478461e-11,-2.6922449258339243e-11,-3.0995604252786361e-11,-3.221751739007901e-11,-3.2282408496727352e-11
0.61,2.6235508450400352e-10,1.5033766884115634e-10,-2.1468681861182659e-11,-2.7371608551093195e-11,-3.1483150209398484e-11,-3.2692862805066931e-11,-3.2748024295806417e-11
0.6125,2.6188384437431774e-10,1.5041972602801417e-10,-2.1960850030228263e-11,-2.7970846151399474e-11,-3.2151331308437148e-11,-3.3361989072592924e-11,-3.3409435925136143e-11
0.615,2.6140190781280969e-10,1.5034961429278009e-10,-2.2573851121530344e-11,-2.8685241305227435e-11,-3.2966070037703626e-11,-3.419175658540253e-11,-3.4233494426194466e-11
0.6175,2.6100352928568383e-10,1.5021023671430662e-10,-2.3266607480475252e-11,-2.9475700519678369e-11,-3.3888375058401831e-11,-3.5143844316160932e-11,-3.5181787214935915e-11
0.62,2.6077360903493316e-10,1.5008293514589223e-10,-2.3995490532267035e-11,-3.0300872124133044e-11,-3.4876172640921718e-11,-3.6176575988831368e-11,-3.6212508421017455e-11
0.6225,2.6078467510638488e-10,1.5004423435541121e-10,-2.471629989200263e-11,-3.1118892781414446e-11,-3.5885987654327396e-11,-3.7246572596830735e-11,-3.7282150137881069e-11
0.625,2.6109484315183201e-10,1.5016305164106253e-10,-2.5386253728563291e-11,-3.1889178506542152e-11,-3.6874695347944775e-11,-3.8310456287163362e-11,-3.8347231517133505e-11
0.6275,2.6174679672417138e-10,1.5049868618588491e-10,-2.5965772164670648e-11,-3.2574038167903778e-11,-3.7801115675896825e-11,-3.9326391494268636e-11,-3.9365849112224734e-11
0.63,2.6276752855785891e-10,1.5109947315444449e-10,-2.6419970384570917e-11,-3.3140077611541639e-11,-3.8627432105301052e-11,-4.0255450853978914e-11,-4.029903801022719e-11
0.6325,2.6416901106373045e-10,1.5200216773641688e-10,-2.6719718509665387e-11,-3.3559247620419099e-11,-3.9320326516226283e-11,-4.1062722986738737e-11,-4.1111866071911339e-11
0.635,2.6594885914743485e-10,1.532312370317473e-10,-2.6842926460482403e-11,-3.3810165765139891e-11,-3.9852428945863132e-11,-4.1718757947946532e-11,-4.1774862497186113e-11
0.6375,2.6809220120359487e-10,1.5479940914070222e-10,-2.6774857213429899e-11,-3.3878512717430325e-11,-4.020291338417689e-11,-4.2200205323701335e-11,-4.2264641526127597e-11
0.64,2.7057301649137083e-10,1.5670769505836399e-10,-2.6508923228534441e-11,-3.3757933420283087e-11,-4.0358625580139185e-11,-4.2491021003536716e-11,-4.25650987543002e-11
0.6425,2.7335595575056657e-10,1.5894591985579815e-10,-2.6047011398996737e-11,-3.3450484879802114e-11,-4.0314863042057524e-11,-4.25833526061554e-11,-4.2668291668857993e-11
0.645,2.7639790245814452e-10,1.6149301849368977e-10,-2.5399925853222933e-11,-3.296719978189941e-11,-4.0076247805567569e-11,-4.2478562811258447e-11,-4.2575462085571712e-11
0.6475,2.7964917390364831e-10,1.643172475727206e-10,-2.4587718180624351e-11,-3.2328503972852548e-11,-3.9657499527274539e-11,-4.2188189294497107e-11,-4.2297997676251182e-11
0.65,2.8305530592614608e-10,1.6737689382350256e-10,-2.3639478841239353e-11,-3.1564064184450639e-11,-3.9083671543576778e-11,-4.1734379378741519e-11,-4.1857869752717079e-11
0.6525,2.8655911936249697e-10,1.7062142248678336e-10,-2.2592709602504299e-11,-3.0712140925231336e-11,-3.8389799452009488e-11,-4.114973437580667e-11,-4.1287481475719228e-11
0.655,2.9010384753750766e-10,1.7399398693247838e-10,-2.149144116031897e-11,-2.9817643441036169e-11,-3.7619233878166214e-11,-4.0475809375430878e-11,-4.0628171389219087e-11
0.6575,2.9363667245029812e-10,1.774352421984361e-10,-2.0383166022812831e-11,-2.8928966529520155e-11,-3.6820532214693874e-11,-3.9760107412781799e-11,-3.9927210190455134e-11
0.66,2.9711218882658046e-10,1.8088762617463674e-10,-1.9315294599489354e-11,-2.8094344700722469e-11,-3.6043708884704814e-11,-3.9052352535119408e-11,-3.9234074008548656e-11
0.6625,3.0049461502343986e-10,1.8429870228338092e-10,-1.8332324303186484e-11,-2.7358916607955204e-11,-3.5337042688154489e-11,-3.8401244015672771e-11,-3.8597195792235144e-11
0.665,3.0375778156043174e-10,1.8762281788957796e-10,-1.7474147643932385e-11,-2.6762932571653939e-11,-3.4744968759669478e-11,-3.7852259886901452e-11,-3.8061767818110087e-11
0.6675,3.0688430713273547e-10,1.9082156115698622e-10,-1.677502760289829e-11,-2.634062011864464e-11,-3.430660977229638e-11,-3.7446077076698876e-11,-3.7668162738448925e-11
0.67,3.0986476492799076e-10,1.9386457234984505e-10,-1.6261820820787819e-11,-2.6118306692272441e-11,-3.4053559485555518e-11,-3.7216219870445148e-11,-3.7449588237490545e-11
0.6725,3.1269731547128977e-10,1.9673093500202585e-10,-1.5951617782708e-11,-2.6111994333137219e-11,-3.4007132511512179e-11,-3.7186154038122789e-11,-3.7429193274457448e-11
0.675,3.1538675920946651e-10,1.9940960266681141e-10,-1.5850573895450068e-11,-2.6326200925871468e-11,-3.4176935070950325e-11,-3.7367702014826638e-11,-3.7618501865367059e-11
0.6775,3.1794346172534536e-10,2.0189999493525207e-10,-1.5952923532891562e-11,-2.6753030644856618e-11,-3.4559701527951474e-11,-3.7759733484005634e-11,-3.8016126802973884e-11
0.68,3.203817785783177e-10,2.0421108492014849e-10,-1.6241644228353476e-11,-2.7372980888257496e-11,-3.5139913645424238e-11,-3.834865817905378e-11,-3.8608287255400192e-11
0.6825,3.2271853722383463e-10,2.0636078486633258e-10,-1.6688945838403076e-11,-2.8155609056179853e-11,-3.5890307439032567e-11,-3.9108833860171283e-11,-3.9369238194632201e-11
0.685,3.249713684450917e-10,2.0837436443007724e-10,-1.7257898462616644e-11,-2.9061342689878457e-11,-3.6773572825268849e-11,-4.0004190531628184e-11,-4.0262910936586517e-11
0.6875,3.2715738834256103e-10,2.1028276239243408e-10,-1.7904354826466837e-11,-3.0043591631692268e-11,-3.774440488980762e-11,-4.0990239452146359e-11,-4.1244926593135078e-11
0.69,3.292924411090022e-10,2.1212134481911218e-10,-1.8578580352375357e-11,-3.1050542024420092e-11,-3.875128696999818e-11,-4.201583797102592e-11,-4.2264355185970983e-11
0.6925,3.3139057909654866e-10,2.1392809977535622e-10,-1.9227602248368469e-11,-3.2027634887023959e-11,-3.9739007408100146e-11,-4.3025721081227499e-11,-4.3266230025318148e-11
0.695,3.3346379721112295e-10,2.1574213970722546e-10,-1.9797455369761427e-11,-3.291991364822882e-11,-4.06510972321869e-11,-4.3962968892626603e-11,-4.4193989696936489e-11
0.6975,3.355220294401991e-10,2.1760234418681152e-10,-2.0235410448221333e-11,-3.3674308647436725e-11,-4.1432253752691339e-11,-4.4771497284802346e-11,-4.499194034204593e-11
0.7,3.375731891219378e-10,2.1954546777424445e-10,-2.0492772063446067e-11,-3.4242457095463415e-11,-4.2031310994494418e-11,-4.5399104991067729e-11,-4.5608269342174829e-11
0.7025,3.3962340100517609e-10,2.2160461933047308e-10,-2.0527178906509914e-11,-3.4583002950391807e-11,-4.2403732006307097e-11,-4.580006658236551e-11,-4.5997616314707821e-11
0.705,3.4167734451861011e-10,2.238080114692053e-10,-2.0304542203946933e-11,-3.4663439338164767e-11,-4.2513651178342788e-11,-4.5937275623824924e-11,-4.61231965753964e-11
0.7075,3.4373878814944087e-10,2.2617786728828364e-10,-1.9800688792244337e-11,-3.4461634543513241e-11,-4.2335625566754203e-11,-4.5784109068800757e-11,-4.5958654782244485e-11
0.71,3.4581116851092912e-10,2.2872956493631554e-10,-1.9002642417332884e-11,-3.3967003155543516e-11,-4.1856040482658601e-11,-4.5325935308603806e-11,-4.5489570236534151e-11
0.7125,3.4789812548767429e-10,2.3147119253975967e-10,-1.7909354550319922e-11,-3.3181119827594062e-11,-4.1073949600859543e-11,-4.4561058983988662e-11,-4.4714404928257485e-11
0.715,3.5000424725790867e-10,2.3440356698453615e-10,-1.6531829467041873e-11,-3.2117695325666534e-11,-4.000125741975938e-11,-4.3500981178682098e-11,-4.3644770908937675e-11
0.7175,3.5213526258615771e-10,2.3751993225783355e-10,-1.4893354810155733e-11,-3.0802662935398485e-11,-3.8662954762262248e-11,-4.2170701311421111e-11,-4.2305741412946932e-11
0.72,3.5429825794973365e-10,2.4080662170402712e-10,-1.3028479891149759e-11,-2.9273015075985944e-11,-3.7096046755036076e-11,-4.0607669278182082e-11,-4.0734812573504258e-11
0.7225,3.5650164580198381e-10,2.4424369092934018e-10,-1.0981740990556713e-11,-2.7575401284749289e-11,-3.5348163911522183e-11,-3.8860397557926381e-11,-3.8980524439682125e-11
0.725,3.5875482610815941e-10,2.4780573050842837e-10,-8.8058698681925437e-12,-2.576423860696018e-11,-3.3475606402602175e-11,-3.69864616636908e-11,-3.7100469209003912e-11
0.7275,3.6106665876331989e-10,2.5146206868297212e-10,-6.5602955747329448e-12,-2.390007083970491e-11,-3.1541575700223536e-11,-3.5050671579061388e-11,-3.5159467978856799e-11
0.73,3.6344337318850644e-10,2.55176390391469e-10,-4.3097217341568596e-12,-2.2048059176582583e-11,-2.9614469054371347e-11,-3.3123260975764952e-11,-3.3227762788501413e-11
0.7325,3.6588603333302704e-10,2.5890708900046106e-10,-2.1213600586279233e-12,-2.0275133107241309e-11,-2.7764765838940575e-11,-3.1276632178247763e-11,-3.1377761522464761e-11
0.735,3.6839550508786666e-10,2.6261700817779368e-10,-5.3681376584482856e-14,-1.8638747244301997e-11,-2.6053477863996458e-11,-2.9573670590442232e-11,-2.967235649603878e-11
0.7375,3.709805952045944e-10,2.6628395396896432e-10,1.8530610986540334e-12,-1.7177678873480712e-11,-2.4522790520597438e-11,-2.8058359972387837e-11,-2.8155551302230622e-11
0.74,3.7364849598294866e-10,2.6988806912761052e-10,3.5633686620495299e-12,-1.5925574227012909e-11,-2.3209543811951443e-11,-2.6769263171197235e-11,-2.6865944703460602e-11
0.7425,3.7639654261056997e-10,2.7340263426312865e-10,5.0387086804706378e-12,-1.4918883983720521e-11,-2.2153049532305712e-11,-2.5747309484968606e-11,-2.5844512759675678e-11
0.745,3.7921384084730408e-10,2.7679870548769182e-10,6.2443359641624433e-12,-1.4190060297809788e-11,-2.1388102914671845e-11,-2.5028723932832443e-11,-2.5127532728044204e-11
0.7475,3.820847875395256e-10,2.8005166151935132e-10,7.1574101194570768e-12,-1.3759361670420964e-11,-2.0936612350761098e-11,-2.463653665062617e-11,-2.4738088420118058e-11
0.75,3.8499032024611478e-10,2.8314312361371098e-10,7.7693071177487046e-12,-1.363259922545961e-11,-2.0805283678056167e-11,-2.4578164673195359e-11,-2.4683648197373965e-11
0.7525,3.8790811617288688e-10,2.8606060033194616e-10,8.084562352355647e-12,-1.3802325813535732e-11,-2.0986841435699269e-11,-2.4846592604155811e-11,-2.4957240227995466e-11
0.755,3.9081267502158046e-10,2.8879687629985779e-10,8.1191089031918891e-12,-1.4249775578053358e-11,-2.1462032444519461e-11,-2.5422386787636528e-11,-2.5539459402565579e-11
0.7575,3.936758256635299e-10,2.9134924231529126e-10,7.8982648921216571e-12,-1.4947073320436519e-11,-2.2201888740806112e-11,-2.6275968616255855e-11,-2.6400732037029603e-11
0.76,3.9646813799982006e-10,2.9371940212083015e-10,7.4553292376600318e-12,-1.5858660946011963e-11,-2.3169225159915604e-11,-2.7369154372007305e-11,-2.7502848128211268e-11
0.7625,3.9916112318625911e-10,2.9591420898705913e-10,6.8309821376733324e-12,-1.6941910879952195e-11,-2.4319318714852252e-11,-2.8655875296787671e-11,-2.8799677036063799e-11
0.765,4.017295311373418e-10,2.9794664119192478e-10,6.0727985468527584e-12,-1.8147653003113116e-11,-2.5600587167050954e-11,-3.0082895458020799e-11,-3.0237885121344686e-11
0.7675,4.0415357353155413e-10,2.9983645057738962e-10,5.2342215861908126e-12,-1.9421269936203064e-11,-2.6955799052959122e-11,-3.1591126589520858e-11,-3.1758255078391076e-11
0.77,4.0642018211510745e-10,3.0160946566060919e-10,4.3721947647971e-12,-2.0705133525549949e-11,-2.8324651160370044e-11,-3.3118304539753684e-11,-3.3298371249249649e-11
0.7725,4.0852342688433704e-10,3.0329625797656941e-10,3.5443565572222861e-12,-2.1941445451289316e-11,-2.9646743916654771e-11,-3.4602078008140807e-11,-3.4795720728740882e-11
0.775,4.1046422009746858e-10,3.0493007012630273e-10,2.8057982934259133e-12,-2.3075469805416073e-11,-3.0864917068642858e-11,-3.5983454900777222e-11,-3.6191154222652865e-11
0.7775,4.1224960911589247e-10,3.0654475094600249e-10,2.2062081788743111e-12,-2.4058330937041456e-11,-3.1928163925372327e-11,-3.720982243141097e-11,-3.7431921091952671e-11
0.78,4.1389193726094899e-10,3.081727172129845e-10,1.7874674588646083e-12,-2.484929562863857e-11,-3.279395626276439e-11,-3.823736055691897e-11,-3.8474096492194814e-11
0.7825,4.1540795730617924e-10,3.0984352107829864e-10,1.5822597538580318e-12,-2.5417020363323119e-11,-3.342964232908352e-11,-3.9032500661736065e-11,-3.9284050997746719e-11
0.785,4.1681791956848728e-10,3.1158301627816766e-10,1.6136669786539179e-12,-2.5739880119242449e-11,-3.381278835902337e-11,-3.9572323194732477e-11,-3.9838855184083138e-11
0.7875,4.18144521490298e-10,3.134126764824861e-10,1.8950903361591285e-12,-2.5805908585672562e-11,-3.3931187283034645e-11,-3.9844593007045643e-11,-4.0126317287789429e-11
0.79,4.1941168552893647e-10,3.1534903761003958e-10,2.4305050969249778e-12,-2.5612451929028329e-11,-3.3782499552080626e-11,-3.9847411504549324e-11,-4.0144633178942672e-11
0.7925,4.2064317435919862e-10,3.1740305852800138e-10,3.2147174977581406e-12,-2.5165797900516047e-11,-3.3373859500658486e-11,-3.9588816181586867e-11,-3.9901979910749201e-11
0.795,4.2186099426290072e-10,3.1957942296506028e-10,4.2337874600002986e-12,-2.4480728669006573e-11,-3.2721362309277521e-11,-3.90862292592562e-11,-3.9415955350422674e-11
0.7975,4.2308434334306404e-10,3.2187649527651565e-10,5.4661758128793872e-12,-2.3579283678452851e-11,-3.1848736811310887e-11,-3.8365069439091938e-11,-3.8712178485312092e-11
0.8,4.2432800110139502e-10,3.2428559938293564e-10,6.8832093275663312e-12,-2.2490209703026027e-11,-3.0786701911082414e-11,-3.745801491222067e-11,-3.782353884576102e-11
0.8025,4.2560118776169681e-10,3.26791274537941e-10,8.4505166329698439e-12,-2.1247464581646909e-11,-2.9571352996807574e-11,-3.6403280972669906e-11,-3.6788458658777895e-11
0.805,4.269068507988121e-10,3.2937161766448361e-10,1.0129468320936848e-11,-1.9888736281581673e-11,-2.8242590524914532e-11,-3.524293109467228e-11,-3.564918700380802e-11
0.8075,4.2824129181139083e-10,3.3199915766478328e-10,1.1879062416364363e-11,-1.8453557161724631e-11,-2.6842114632493603e-11,-3.4020758379672412e-11,-3.4449663512307515e-11
0.81,4.2959420163694644e-10,3.3464225364411424e-10,1.3658050103821125e-11,-1.6981221089194071e-11,-2.541127181947104e-11,-3.2780038317936185e-11,-3.3233253483104841e-11
0.8125,4.3094908507880307e-10,3.372661048519466e-10,1.5426372880228343e-11,-1.5509432641343268e-11,-2.398959711615927e-11,-3.1561983393845059e-11,-3.2041186200619287e-11
0.815,4.3228399627766482e-10,3.3983418959457707e-10,1.7146710961750504e-11,-1.4072874814520273e-11,-2.2613317033915063e-11,-3.0404175097748443e-11,-3.091097323946721e-11
0.8175,4.3357290032981048e-10,3.4231000978280938e-10,1.8786056864856924e-11,-1.2701761044922702e-11,-2.1313815819750899e-11,-2.9338956052550181e-11,-2.9874791120828174e-11
0.82,4.3478701765946905e-10,3.4465832157473371e-10,2.0316488842427492e-11,-1.1421211536011861e-11,-2.0116958910283435e-11,-2.8392695087110293e-11,-2.8958741936329763e-11
0.8225,4.3589649910651139e-10,3.4684686186126729e-10,2.1716159733788318e-11,-1.0250430934047547e-11,-1.9042229858907316e-11,-2.7584868819227674e-11,-2.8181936562601911e-11
0.825,4.3687212377881896e-10,3.4884757160601352e-10,2.2969559826612272e-11,-9.2026309749416229e-12,-1.8102620318468272e-11,-2.6927915477183722e-11,-2.7556356655010112e-11
0.8275,4.3768706747739034e-10,3.506380109318837e-10,2.4067792263797687e-11,-8.2849297073883693e-12,-1.7304532735741841e-11,-2.6427121913381768e-11,-2.7086756204239189e-11
0.83,4.3831842049601946e-10,3.5220197672236193e-10,2.5007981419813332e-11,-7.4991104318433583e-12,-1.6648524737268917e-11,-2.6081364435074324e-11,-2.6771422797059611e-11
0.8325,4.3874865450996318e-10,3.5353043838426451e-10,2.5793032826919186e-11,-6.8420144277863348e-12,-1.6129730922003505e-11,-2.5883563995444711e-11,-2.6602658035605214e-11
0.835,4.3896686226354615e-10,3.5462201478560103e-10,2.6430959466611883e-11,-6.3063518318585029e-12,-1.57386774451207e-11,-2.5821545775769335e-11,-2.6567666376389873e-11
0.8375,4.3896980925775462e-10,3.5548340049934996e-10,2.6934241679420503e-11,-5.8814422370871215e-12,-1.5462068225794861e-11,-2.5878891841053467e-11,-2.6649438672509779e-11
0.84,4.3876276648384627e-10,3.5612951571720023e-10,2.7319096668710343e-11,-5.554004091618022e-12,-1.5283594878904298e-11,-2.6035837431035399e-11,-2.6827680181209834e-11
0.8425,4.3836005796638565e-10,3.5658366723387431e-10,2.7605002091628185e-11,-5.308662338106898e-12,-1.5184509222517296e-11,-2.6269936433811475e-11,-2.7079505573330699e-11
0.845,4.3778525937906185e-10,3.5687727777360982e-10,2.7813998267016874e-11,-5.1286425580967671e-12,-1.5144374444759083e-11,-2.6556930463240144e-11,-2.73803334797753e-11
0.8475,4.3707102963887834e-10,3.5704938913443691e-10,2.796999173914459e-11,-4.9964128912094024e-12,-1.514178607015225e-11,-2.6871589956742826e-11,-2.7704746952686883e-11
0.85,4.3625836999059897e-10,3.5714568478930977e-10,2.8097892541328793e-11,-4.8944346778592351e-12,-1.5155220206059101e-11,-2.7188694702512494e-11,-2.8027481606396913e-11
0.8525,4.3539547098783465e-10,3.5721729356734813e-10,2.8222872708377661e-11,-4.8057437448800907e-12,-1.5163739201020873e-11,-2.7483834490178302e-11,-2.8324226780621762e-11
0.855,4.3453605234062502e-10,3.5731912837763052e-10,2.8369508124032555e-11,-4.7146065350215313e-12,-1.5147772581443115e-11,-2.7734328614451403e-11,-2.8572531721140409e-11
0.8575,4.3373760545333703e-10,3.5750841140140054e-10,2.8561407493855797e-11,-4.6066735816478646e-12,-1.5089405104218381e-11,-2.7919574224685883e-11,-2.8752133696013217e-11
0.86,4.3305939484890253e-10,3.5784283615748468e-10,2.8820627425638053e-11,-4.4693257046622196e-12,-1.4972840666671888e-11,-2.8021593965826335e-11,-2.8845479713078563e-11
0.8625,4.3256050867431284e-10,3.5837894665471455e-10,2.9167350342745954e-11,-4.2917731375068212e-12,-1.478461634259949e-11,-2.8025252132523593e-11,-2.883791332668068e-11
0.865,4.3229811081145478e-10,3.5917073883811471e-10,2.9619741537679673e-11,-4.0650019632679662e-12,-1.4513626233540034e-11,-2.7918300729906825e-11,-2.8717691855298362e-11
0.8675,4.3232597833966123e-10,3.6026837108738652e-10,3.0193762263659544e-11,-3.7817813420367464e-12,-1.4151216577500707e-11,-2.7691428704158849e-11,-2.8476009400604276e-11
0.87,4.3269336108694687e-10,3.6171723986370155e-10,3.09032480273954e-11,-3.4364363381364365e-12,-1.3690986090627632e-11,-2.7338045428201972e-11,-2.810675834407598e-11
0.8725,4.3344392326683236e-10,3.6355712534947098e-10,3.1760023690701313e-11,-3.0245955911796226e-12,-1.3128591450306518e-11,-2.6854021981003369e-11,-2.7606253729804075e-11
0.875,4.3461481701707186e-10,3.6582149632072633e-10,3.2773944978856465e-11,-2.5430238356765026e-12,-1.2461566210551069e-11,-2.6237480796635499e-11,-2.6973010656966453e-11
0.8775,4.3623575622901265e-10,3.6853650225863799e-10,3.3952506223228914e-11,-1.9898590261009511e-12,-1.1689583396023448e-11,-2.5488997784605688e-11,-2.6207938580814594e-11
0.88,4.3832829951844502e-10,3.7172030989182015e-10,3.5300720019547388e-11,-1.3645755334659105e-12,-1.0814373052263677e-11,-2.461148631449565e-11,-2.5314220983198958e-11
0.8825,4.4090523068647934e-10,3.7538254707117388e-10,3.6821036495024595e-11,-6.6791105631368072e-13,-9.8396291713084158e-12,-2.3610059035236887e-11,-2.429717589625529e-11
0.885,4.4397026294121457e-10,3.7952412823532353e-10,3.8513383182448073e-11,9.8328651775432592e-14,-8.7707302884840294e-12,-2.2491722026874009e-11,-2.3163951655832149e-11
0.8875,4.475177639008471e-10,3.8413680889009364e-10,4.0374716077183984e-11,9.3096691379046179e-13,-7.6149509419535522e-12,-2.126556693223322e-11,-2.1923723137948149e-11
0.89,4.5153308646763723e-10,3.8920354744687804e-10,4.2399158057780035e-11,1.8256745676299916e-12,-6.381136015701017e-12,-1.9942426922119901e-11,-2.0587354011640423e-11
0.8925,4.5599291624652014e-10,3.9469868734933188e-10,4.4577869256249949e-11,2.7769242810491115e-12,-5.0795586592343494e-12,-1.8534720365129203e-11,-1.9167249288303361e-11
0.895,4.6086632452614922e-10,4.0058930222699308e-10,4.6899894884724199e-11,3.7788060047914375e-12,-3.720986171617354e-12,-1.705548598526503e-11,-1.7676400396122417e-11
0.8975,4.6611575847994186e-10,4.068359337524674e-10,4.9351953601394297e-11,4.8246971222366648e-12,-2.3168167161739295e-12,-1.551851178367052e-11,-1.6128524878536513e-11
0.9,4.7169782074520799e-10,4.1339324066410161e-10,5.1918025909748751e-11,5.9067832204313472e-12,-8.7945855902719201e-13,-1.3938668014354698e-11,-1.453840999201579e-11
0.9025,4.7756489253311564e-10,4.2021155644351763e-10,5.4580040542087856e-11,7.0165065907322385e-12,5.7830941400084395e-13,-1.2331260544837029e-11,-1.2921276437000593e-11
0.905,4.8366622523502464e-10,4.2723811155904952e-10,5.731819019319172e-11,8.1446645784705388e-12,2.0434959160442532e-12,-1.0711826886751848e-11,-1.1292583991355271e-11
0.9075,4.8994924793328171e-10,4.3441830994958397e-10,6.0111303036319997e-11,9.2814810209352994e-12,3.5030895832202971e-12,-9.0959297587540563e-12,-9.6678336574403722e-12
0.91,4.9636038344480645e-10,4.4169661777960691e-10,6.293675066553824e-11,1.0416227821750716e-11,4.94370886676827e-12,-7.4994833006676856e-12,-8.0629010282573234e-12
0.9125,5.028454311927813e-10,4.4901677350573935e-10,6.5769985546710712e-11,1.1536441496987179e-11,6.3508493577460797e-12,-5.9394728068158555e-12,-6.4947613603358436e-12
0.915,5.0934958553903392e-10,4.5632189366961429e-10,6.8584252123668138e-11,1.2627330882547919e-11,7.7082878013260711e-12,-4.4345317578243772e-12,-4.9820698254313233e-12
0.9175,5.1581795390232303e-10,4.6355512019640207e-10,7.1350801583632437e-11,1.3671703244197618e-11,8.9979810409760062e-12,-3.0049760696466617e-12,-3.5451961135031864e-12
0.92,5.2219695812392048e-10,4.7066124681080586e-10,7.4040171295363771e-11,1.4650940238109237e-11,1.0201017310186855e-11,-1.6718049798168745e-12,-2.2052222737029035e-12
0.9225,5.2843789024975167e-10,4.7759116922291235e-10,7.6626225137888433e-11,1.554871943340982e-11,1.1301265993869296e-11,-4.5298005996506623e-13,-9.8021531845069104e-13
0.925,5.3450013856196022e-10,4.8430530587404725e-10,7.9088660503702338e-11,1.6353263591560348e-11,1.228755008612372e-11,6.3875705883849463e-13,1.1696360520951281e-13
0.9275,5.4035221364395861e-10,4.9077457313511321e-10,8.1413365892768e-11,1.7057515480915484e-11,1.3153722746983072e-11,1.5959435080968677e-12,1.0787272993985814e-12
0.93,5.4597034902651475e-10,4.9697863442643058e-10,8.3590546087552115e-11,1.7657151269312446e-11,1.3896598200730729e-11,2.4142879554837162e-12,1.9006639883433837e-12
0.9325,5.5133628333869891e-10,5.0290344792102924e-10,8.5613087143489218e-11,1.8148946074221503e-11,1.4514245678488834e-11,3.0909390087812153e-12,2.5798130694690716e-12
0.935,5.5643544631457618e-10,5.0853931901323273e-10,8.7475763409763208e-11,1.8530150398564673e-11,1.5005311971161101e-11,3.6238297462620728e-12,3.1140152407761564e-12
0.9375,5.6125596354774433e-10,5.1387949562694439e-10,8.9174837842377867e-11,1.879845847352162e-11,1.536894276214886e-11,4.0116292742330924e-12,3.5018686893059283e-12
0.94,5.6578823401883958e-10,5.1891980957172319e-10,9.0708728260475535e-11,1.8953103289189881e-11,1.5605835097438074e-11,4.254851326889361e-12,3.7438422613039736e-12
0.9425,5.7002488338453178e-10,5.2365893362374852e-10,9.2079192988009913e-11,1.8996397898690822e-11,1.5719735026751994e-11,4.3573598246177572e-12,3.8437860920154755e-12
0.945,5.7396046683095235e-10,5.2809856077281485e-10,9.3292136976290504e-11,1.8934759222030644e-11,1.5718428010189517e-11,4.3273644525021713e-12,3.8099327350540541e-12
0.9475,5.7759122373900725e-10,5.3224331030577856e-10,9.4357750344174529e-11,1.8778982120954358e-11,1.5613992502994474e-11,4.1776260626466965e-12,3.6551087241257087e-12
0.95,5.8091454056443297e-10,5.3610009035525528e-10,9.5290028599643574e-11,1.8543832606607787e-11,1.5422387414600076e-11,3.9250279381028037e-12,3.3963084325604566e-12
0.9525,5.839285362997898e-10,5.3967740712238049e-10,9.6106071278076207e-11,1.8247414291493364e-11,1.5162821091168883e-11,3.589897622409573e-12,3.054018066033361e-12
0.955,5.8663170097171698e-10,5.4298463077802982e-10,9.6825438257648492e-11,1.7910564806702531e-11,1.4857155237848208e-11,3.1954105206764775e-12,2.651617094177936e-12
0.9575,5.8902278350542887e-10,5.4603182110901208e-10,9.7469957544032212e-11,1.7556668544062417e-11,1.4529723861972927e-11,2.7673816252727018e-12,2.2151645820234495e-12
0.96,5.9110088101875331e-10,5.4882980475329991e-10,9.8063585387993839e-11,1.7211474737620497e-11,1.4207156420030602e-11,2.3340938683335176e-12,1.7732192067698832e-12
0.9625,5.9286570431849462e-10,5.5139016128256741e-10,9.8631951261744911e-11,1.6902560010595175e-11,1.3917842309790307e-11,1.9257363215942261e-12,1.3562666712673183e-12
0.965,5.9431760615953822e-10,5.5372479217772405e-10,9.9201248202907275e-11,1.6658101087258578e-11,1.3690702834392881e-11,1.5731548390810814e-12,9.9545757461294944e-13
0.9675,5.9545888314020591e-10,5.5584684427864133e-10,9.9798320658202522e-11,1.650680246352798e-11,1.3555116631393776e-11,1.3077288177496099e-12,7.2246975456531411e-13
0.97,5.962945665420338e-10,5.5777110971241723e-10,1.004499849770724e-10,1.6477037787312652e-11,1.3540057310820317e-11,1.1604480906029626e-12,5.6856966227730634e-13
0.9725,5.9683258962175146e-10,5.5951392047304324e-10,1.0118212668283166e-10,1.6595706763619246e-11,1.3672945786039092e-11,1.1606994106324784e-12,5.6338289348897102e-13
0.975,5.9708402034491807e-10,5.6109317461235685e-10,1.020188975442621e-10,1.6887139781567029e-11,1.397854964706044e-11,1.3350852028008644e-12,7.3369727589001366e-13
0.9775,5.9706348246100273e-10,5.6252825252515367e-10,1.0298149817325909e-10,1.7371689188211313e-11,1.4477571095782347e-11,1.7059498854738017e-12,1.1019752668739475e-12
0.98,5.9678950873617706e-10,5.638400414403009e-10,1.0408775732304827e-10,1.806509788493863e-11,1.5186014811475614e-11,2.2906825487304142e-12,1.6856456778457829e-12
0.9825,5.9628460412155649e-10,5.6505092084841536e-10,1.053516944919099e-10,1.8978009728353716e-11,1.6114697625496761e-11,3.1011881887983123e-12,2.4965687960682953e-12
0.985,5.9557512031061676e-10,5.6618428063836758e-10,1.0678268093255129e-10,2.0115074850548016e-11,1.7268356157397846e-11,4.1429576276065642e-12,3.5401058273913149e-12
0.9875,5.9469106106165789e-10,5.6726427478956678e-10,1.0838514345177738e-10,2.1474685933001248e-11,1.8645388024394224e-11,5.4147901210841907e-12,4.8148469800652838e-12
0.99,5.9366579567654323e-10,5.6831568930420295e-10,1.1015860582213977e-10,2.304912687731368e-11,2.0238005560556802e-11,6.9089345434303304e-12,6.3127634058718201e-12
0.9925,5.9253564155341905e-10,5.6936385417633149e-10,1.1209823011370438e-10,2.4825218808332141e-11,2.2032887616553949e-11,8.6117395000044743e-12,8.0198716861537644e-12
0.995,5.9133925772706707e-10,5.7043424407421352e-10,1.1419510630175268e-10,2.6784775663477944e-11,2.4011641030684666e-11,1.0504123116038251e-11,9.9167199234310667e-12
0.9975,5.9011689043196987e-10,5.7155171346856365e-10,1.164359110764962e-10,2.8904502585895087e-11,2.6150708299809694e-11,1.256149894413962e-11,1.1978330017214074e-11
1.0,5.8890957159948475e-10,5.7273992763287785e-10,1.1880306970107778e-10,3.115644434278556e-11,2.8421829559308065e-11,1.4754277985570369e-11,1.417471462016188e-11
1.0025,5.877582328645726e-10,5.7402083254286138e-10,1.2127519466613524e-10,3.3508676870335763e-11,3.0792747373441822e-11,1.7048618894773895e-11,1.6471640014801617e-11
1.005,5.8670265318624323e-10,5.7541389650294154e-10,1.2382739574861691e-10,3.5925848891593819e-11,3.3227758208916603e-11,1.9407037033714124e-11,1.8831245177008663e-11
1.0075,5.8578042882348578e-10,5.7693575848377898e-10,1.2643219259794759e-10,3.8370360557577513e-11,3.5688899125650596e-11,2.178964286288778e-11,2.1213286620977253e-11
1.01,5.8502606183641956e-10,5.786001147200327e-10,1.2906067779335628e-10,4.0803787047517945e-11,3.8137382627440759e-11,2.4155641352172021e-11,2.3576640790223126e-11
1.0125,5.8446993697334458e-10,5.8041712857923994e-10,1.3168296965563721e-10,4.3187557354154303e-11,4.0534289697884588e-11,2.6464088668886709e-11,2.588006078873945e-11
1.015,5.8413749441915462e-10,5.8239277610531032e-10,1.3426841051738952e-10,4.5483352944084889e-11,4.2840981268094841e-11,2.867438189652437e-11,2.8082663688613094e-11
1.0175,5.8404894663557825e-10,5.845290134753317e-10,1.3678654829265996e-10,4.7654277110714059e-11,4.5020277960373411e-11,3.0747494167531479e-11,3.0145162252108552e-11
1.02,5.8421893794462193e-10,5.8682389982402151e-10,1.3920807276803534e-10,4.966592719240145e-11,4.7037540777642182e-11,3.2647130513446925e-11,3.2031018365493073e-11
1.0225,5.8465639280956049e-10,5.8927191971301232e-10,1.4150587953222736e-10,5.1487517201493051e-11,4.8861799870816398e-11,3.434089119670108e-11,3.3707605673290626e-11
1.025,5.8536452793275276e-10,5.9186447660171743e-10,1.4365589195431397e-10,5.3092683136018419e-11,5.0466560762545417e-11,3.580115104388685e-11,3.514709096690454e-11
1.0275,5.8634100091891822e-10,5.9459012451451669e-10,1.4563740463128842e-10,5.4459803369154107e-11,5.1830127260119318e-11,3.7005415261884432e-11,3.6326794728236256e-11
1.03,5.8757825176346481e-10,5.9743513711407967e-10,1.4743356165786859e-10,5.5572442740245787e-11,5.2936047472419216e-11,3.7936835065787137e-11,3.7229714546703707e-11
1.0325,5.890640103301891e-10,6.0038422374020398e-10,1.4903201411201865e-10,5.6419917245946059e-11,5.3773677669230302e-11,3.8584776723801824e-11,3.7845104637329151e-11
1.035,5.9078192101913488e-10,6.0342126100303569e-10,1.5042553648972941e-10,5.6997734681262218e-11,5.4338614132588009e-11,3.8945292257405399e-11,3.816895778966679e-11
1.0375,5.9271219238402174e-10,6.0653013165532255e-10,1.5161243448538819e-10,5.7307892731148335e-11,5.4632982153695591e-11,3.9021398643351215e-11,3.8204296563715793e-11
1.04,5.9483231578386279e-10,6.0969543180405112e-10,1.5259676014704589e-10,5.7358808599653844e-11,5.4665367707575697e-11,3.8823032780456657e-11,3.7961139708871085e-11
1.0425,5.9711780419326517e-10,6.1290297448185659e-10,1.5338801495343306e-10,5.7164896341427873e-11,5.4450330088321299e-11,3.8366528749537567e-11,3.745598905907977e-11
1.045,5.9954321070966648e-10,6.1614056523365788e-10,1.540011487306886e-10,5.6746331124251187e-11,5.4008238706073623e-11,3.7674459072256191e-11,3.671167742095149e-11
1.0475,6.0208288513655334e-10,6.1939880829067068e-10,1.5445697587337872e-10,5.6129250152881813e-11,5.3365413841400824e-11,3.6775719002915713e-11,3.5757456145441454e-11
1.05,6.0471168915103461e-10,6.2267183671735474e-10,1.5478207128092462e-10,5.5345398602562607e-11,5.2553746921322723e-11,3.5705112258008135e-11,3.4628579657864523e-11
1.0525,6.0740543146289165e-10,6.2595680968985818e-10,1.5500708785682087e-10,5.4430212402552059e-11,5.1608788942045971e-11,3.4501389233000847e-11,3.3364337861649698e-11
1.055,6.101414121744653e-10,6.2925382144683353e-10,1.5516578462197498e-10,5.3421734505767101e-11,5.0568649539188986e-11,3.3206077972028143e-11,3.200687689565728e-11
1.0575,6.128989295787862e-10,6.3256629503979841e-10,1.5529493317198404e-10,5.236041323384803e-11,4.9473786398694043e-11,3.1863204981372535e-11,3.060090537617163e-11
1.06,6.1565961182159361e-10,6.3590105107003026e-10,1.5543368508849972e-10,5.128837085582096e-11,4.8366264996376405e-11,3.0518471096708436e-11,2.9192851995274947e-11
1.0625,6.1840741259350547e-10,6.3926750232041846e-10,1.5562202452252845e-10,5.0247788218241611e-11,4.7288136397521963e-11,2.9217528446463813e-11,2.7829121277447159e-11
1.065,6.2112850589383996e-10,6.4267676746056357e-10,1.5589950872726697e-10,4.9279629426579229e-11,4.628015565006786e-11,2.8004606470613821e-11,2.6554696495745731e-11
1.0675,6.2381124833693614e-10,6.4614102909184196e-10,1.56304220997602e-10,4.8422672316289513e-11,4.538080965136129e-11,2.6921429768181393e-11,2.5412033776096119e-11
1.07,6.2644601197137835e-10,6.4967286082394077e-10,1.5687174732722655e-10,4.7712622415614712e-11,4.4625437563189127e-11,2.6006253384750684e-11,2.4440074095373303e-11
1.0725,6.2902483158539874e-10,6.5328455350149218e-10,1.576345564472921e-10,4.7181619286195551e-11,4.4045734615655484e-11,2.5293277304845255e-11,2.3673635733933795e-11
1.075,6.3154093452302512e-10,6.569872595647808e-10,1.5862114970645037e-10,4.6857502625902702e-11,4.3669054769703941e-11,2.4811877077188392e-11,2.3142625700623317e-11
1.0775,6.3398825270232023e-10,6.6078971364672799e-10,1.5985476162041294e-10,4.6762680893417544e-11,4.3517283184697059e-11,2.4585415453055554e-11,2.2870836443739959e-11
1.08,6.3636084092318328e-10,6.6469710577151282e-10,1.6135223579957242e-10,4.6913283791669075e-11,4.3605946103104371e-11,2.4630294459145946e-11,2.2874987137741506e-11
1.0825,6.3865269309686263e-10,6.6871066539838427e-10,1.6312359030396889e-10,4.7318885722216111e-11,4.3944048056051092e-11,2.4955791984772074e-11,2.3164556086843864e-11
1.085,6.4085724325605452e-10,6.7282708056394327e-10,1.65171888501866e-10,4.7982614163272543e-11,4.4534177047281154e-11,2.5564129511118615e-11,2.3741846079847408e-11
1.0875,6.4296708573556234e-10,6.7703840895996764e-10,1.6749348667485372e-10,4.8901504268448268e-11,4.5372882582054534e-11,2.6450865827847228e-11,2.4602381339087908e-11
1.09,6.4497368907178185e-10,6.8133166504719803e-10,1.7007775816578928e-10,5.0066302468615555e-11,4.6450513763362921e-11,2.7604745411587075e-11,2.5734762534801651e-11
1.0925,6.4686732579879336e-10,6.8568827686718281e-10,1.7290646992473139e-10,5.1460968557395086e-11,4.7750750163362565e-11,2.9007284120697621e-11,2.7120261757848506e-11
1.095,6.4863733985781457e-10,6.9008508085451836e-10,1.7595504835430205e-10,5.3064008311048127e-11,4.925196985614938e-11,3.0634187542112029e-11,2.8734251598976576e-11
1.0975,6.5027257677521744e-10,6.9449518621237855e-10,1.7919371931333598e-10,5.4849514423901165e-11,5.0928320256535021e-11,3.2456508541154447e-11,3.0547376032946666e-11
1.1,6.5176172675503041e-10,6.9888874151365028e-10,1.8258827226873534e-10,5.6787882303945478e-11,5.2750450727735059e-11,3.4441451353056741e-11,3.2526368382590569e-11
1.1025,6.5309387374621987e-10,7.0323403306689477e-10,1.8610134919388212e-10,5.8846955104229477e-11,5.4686663899729199e-11,3.6553619135353212e-11,3.4635313369978603e-11
1.105,6.5425918860446946e-10,7.0749896689796274e-10,1.896940317180378e-10,6.0993464807429863e-11,5.6704357231466652e-11,3.875653414417771e-11,3.683717994517611e-11
1.1075,6.5524938173242352e-10,7.116525102729169e-10,1.9332735765684328e-10,6.3194330313947505e-11,5.8771313633585992e-11,4.1014023833899825e-11,3.9095217734191635e-11
1.11,6.5605798690091205e-10,7.1566493051352389e-10,1.9696251713869961e-10,6.5416632846417925e-11,6.0855657021045288e-11,4.3290244243346059e-11,4.1372988007850805e-11
1.1125,6.5668079484087772e-10,7.1950910956287113e-10,2.0056207287030266e-10,6.7628661841355127e-11,6.2926869697476487e-11,4.555078079960955e-11,4.3635470599786038e-11
1.115,6.5711621159339178e-10,7.2316102955225318e-10,2.0409048098507268e-10,6.9800231016431366e-11,6.4956075360703975e-11,4.7762980002893749e-11,4.5849400938695207e-11
1.1175,6.5736553711569644e-10,7.2660065690915919e-10,2.0751500021482323e-10,7.1903387118760287e-11,6.6916705996716402e-11,4.9896686218848251e-11,4.798401159999317e-11
1.12,6.574332601516611e-10,7.2981262268476944e-10,2.1080681023064611e-10,7.3913228180235995e-11,6.8785265033000502e-11,5.1925040812817198e-11,5.0011837389543666e-11
1.1225,6.5732712721435605e-10,7.3278716205624752e-10,2.1394205072729956e-10,7.5808767919598698e-11,7.054213145007783e-11,5.3825344658829341e-11,5.190958413269045e-11
1.125,6.5705789572859313e-10,7.3552001859549865e-10,2.1690157904277486e-10,7.7572536536393062e-11,7.217110129754151e-11,5.5578625416817052e-11,5.365770194729504e-11
1.1275,6.5663907159762254e-10,7.3801232442724622e-10,2.1967121999908186e-10,7.9190581149707703e-11,7.3659336538348244e-11,5.7169634512464578e-11,5.5240387582367481e-11
1.13,6.5608663189415823e-10,7.4027018340468568e-10,2.2224151987641136e-10,8.0652279621936544e-11,7.4997124511923334e-11,5.8586624382932477e-11,5.6645365708413438e-11
1.1325,6.5541875336220569e-10,7.4230453508963107e-10,2.2460789914713477e-10,8.1950515870632583e-11,7.6178013405362663e-11,5.9821527122057856e-11,5.7864071042905915e-11
1.135,6.5465549471827395e-10,7.4413084594323853e-10,2.2677030970898666e-10,8.3081502444737392e-11,7.7198618617150711e-11,6.0869776763490373e-11,5.8891474082932457e-11
1.1375,6.5381839334443513e-10,7.4576898229742436e-10,2.2873376389155421e-10,8.4045393423099103e-11,7.8059231590663039e-11,6.1730946317073457e-11,5.972672173221963e-11
1.14,6.5292989328856371e-10,7.4724284250583617e-10,2.305083127034508e-10,8.4846255851260059e-11,7.876378810275395e-11,6.240871579342351e-11,6.0373110910482876e-11
1.1425,6.5201260904648053e-10,7.4857903810833625e-10,2.3210799715957011e-10,8.5491170473502737e-11,7.9318973330191423e-11,6.2909996495715399e-11,6.0837219154652632e-11
1.145,6.5108861617465789e-10,7.4980602782502155e-10,2.3355022991822821e-10,8.5989805418255982e-11,7.973380315777635e-11,6.3244495324242505e-11,6.1128476261046904e-11
1.1475,6.5017888531613211e-10,7.5095291093574281e-10,2.3485485439754579e-10,8.6353683608041215e-11,8.0018910459140496e-11,6.3424008461808563e-11,6.1258465925656364e-11
1.15,6.4930281501274856e-10,7.5204931239829048e-10,2.3604442385814666e-10,8.6596722498572966e-11,8.0187118042485379e-11,6.3462965729111687e-11,6.1241476621644363e-11
1.1525,6.4847770461291363e-10,7.5312388369017317e-10,2.3714268512436773e-10,8.6733877541787045e-11,8.0252128589975219e-11,6.3377096677585693e-11,6.1093174434934089e-11
1.155,6.4771839454468288e-10,7.5420366512234108e-10,2.3817369365165304e-10,8.6780560599023905e-11,8.022793080068988e-11,6.3182849052096551e-11,6.0830027635258924e-11
1.1575,6.4703711865398261e-10,7.5531312924457931e-10,2.3916113138163249e-10,8.6752146118001097e-11,8.0128439507098443e-11,6.2896994838131547e-11,6.0468919815540632e-11
1.16,6.4644348117989589e-10,7.564745640120668e-10,2.4012880571914651e-10,8.6664708206101735e-11,7.9968252189974108e-11,6.2537344601136349e-11,6.0027871962072694e-11
1.1625,6.4594427482335957e-10,7.5770748752722033e-10,2.4109996238594907e-10,8.6534490361468109e-11,7.9762147519571694e-11,6.2122189228057771e-11,5.9525490844363785e-11
1.165,6.4554340026697262e-10,7.5902843941304204e-10,2.4209717989356013e-10,8.6377860125887243e-11,7.9525060291155349e-11,6.1670196501790095e-11,5.8980871538702413e-11
1.1675,6.4524190258535137e-10,7.6045075014620875e-10,2.4314193505623938e-10,8.6210955456230957e-11,7.9271749955305949e-11,6.1200003518550622e-11,5.8413191583999796e-11
1.17,6.4503815947256012e-10,7.6198429878094093e-10,2.4425406304024087e-10,8.6049281262323408e-11,7.9016416155765478e-11,6.0729760558548988e-11,5.7841253840934568e-11
1.1725,6.4492827236670819e-10,7.6363603055391835e-10,2.4545207446584249e-10,8.5908069315330446e-11,7.8773081214847942e-11,6.0277423276116782e-11,5.7283771631292515e-11
1.175,6.4490643294105051e-10,7.6540964607498275e-10,2.4675217029151478e-10,8.5801324583395163e-11,7.8554655640406844e-11,5.9859746478279717e-11,5.6758352650883762e-11
1.1775,6.4496536776311105e-10,7.6730634467511299e-10,2.4816907092401324e-10,8.5742654943340138e-11,7.8373774865393763e-11,5.9493026851516106e-11,5.6282226122586646e-11
1.18,6.4509680276223233e-10,7.6932563934409508e-10,2.4971684381927112e-10,8.5745952363113823e-11,7.8243478092573696e-11,5.9193715631584823e-11,5.5872838712473312e-11
1.1825,6.4529182305691698e-10,7.7146607126341643e-10,2.5140907533468366e-10,8.5825282704159293e-11,7.8177066396329704e-11,5.8978226011696188e-11,5.5547645889893636e-11
1.185,6.4554126908778439e-10,7.7372502334719288e-10,2.5325781396931414e-10,8.5993646347329653e-11,7.8186841642543091e-11,5.8861666651093735e-11,5.5322830085990706e-11
1.1875,6.458359283377336e-10,7.7609841499132216e-10,2.5527247979553659e-10,8.6261933982417978e-11,7.8283058170954859e-11,5.8856774030246663e-11,5.5212210184288918e-11
1.19,6.4616654510196487e-10,7.7858015471174222e-10,2.5745919762862467e-10,8.6638420961770811e-11,7.8473439213260981e-11,5.8973378627638621e-11,5.5226673688770747e-11
1.1925,6.4652400855623879e-10,7.8116279197508152e-10,2.5982198341858524e-10,8.7129921828444403e-11,7.8764364797345378e-11,5.9219558279343669e-11,5.5375296307629774e-11
1.195,6.4689955913643948e-10,7.8383803406447526e-10,2.6236357276559617e-10,8.7742469462541016e-11,7.9161511051833555e-11,5.9602246056476826e-11,5.5665929492361316e-11
1.1975,6.4728509772248354e-10,7.8659765008792002e-10,2.6508589524908665e-10,8.8481499693017482e-11,7.9670045523341252e-11,6.0127407413744433e-11,5.6105370121563248e-11
1.2,6.476733680620392e-10,7.8943402754978121e-10,2.6799073463219837e-10,8.9352189155893493e-11,8.0294954950146302e-11,6.080031617642642e-11,5.6699620669694209e-11
1.2025,6.4805803732164066e-10,7.9234014803661839e-10,2.7107933288389621e-10,9.0358778721297931e-11,8.1040301477868649e-11,6.1624821011318972e-11,5.7453127771445488e-11
1.205,6.4843370254151661e-10,7.9530939622203932e-10,2.7435134790033675e-10,9.1503364072445367e-11,8.190798775430242e-11,6.2602132561369249e-11,5.8367547245530199e-11
1.2075,6.4879586341175321e-10,7.9833444627932387e-10,2.778027976107883e-10,9.2783880471548285e-11,8.2895733367793237e-11,6.3728883503318068e-11,5.9439776678182382e-11
1.21,6.4914103558588609e-10,8.0140712508432852e-10,2.8142593712786662e-10,9.4194188909587486e-11,8.3997165690641042e-11,6.4997302629687391e-11,6.0662124035949074e-11
1.2125,6.4946692007503744e-10,8.0451937782179518e-10,2.8521110130040137e-10,9.5725928986730431e-11,8.5203694950964663e-11,6.6397170036927662e-11,6.2024269980853837e-11
1.215,6.4977235595574481e-10,8.0766389929492674e-10,2.8914769070048046e-10,9.7369319812809652e-11,8.6505328738823129e-11,6.7916686585282302e-11,6.3514156493913451e-11
1.2175,6.5005724823165275e-10,8.1083387630254278e-10,2.9322358011890718e-10,9.9112526091012749e-11,8.789003101004831e-11,6.9541858206424447e-11,6.5117382479399676e-11
1.22,6.5032273488107983e-10,8.1402329292566713e-10,2.9742555943438863e-10,1.0094211447022555e-10,8.9344156299360871e-11,7.1256949202225547e-11,6.6817692011447036e-11
1.2225,6.5057144043220762e-10,8.1722691696226131e-10,3.0173960645115095e-10,1.0284339581136595e-10,9.0852782357303527e-11,7.3044829849943799e-11,6.8597327653580776e-11
1.225,6.5080751930834255e-10,8.20441300876198e-10,3.0615213451324849e-10,1.048016531309759e-10,9.2400942021463191e-11,7.4888236448417947e-11,7.0438326655633067e-11
1.2275,6.5103650554384613e-10,8.2366433723868347e-10,3.1064946081435966e-10,1.068016351818954e-10,9.3973126819690047e-11,7.6769297555068446e-11,7.2322052423849967e-11
1.23,6.5126507447085437e-10,8.268958421771679e-10,3.1521931064153988e-10,1.0882893792129437e-10,9.555467469993134e-11,7.8670951607291744e-11,7.4230640352222274e-11
1.2325,6.5150063762461307e-10,8.3013689482152597e-10,3.1985021161826941e-10,1.1086934813570008e-10,9.7131098638617663e-11,8.0576298050629648e-11,7.6146355076294344e-11
1.235,6.517509984045801e-10,8.3338866371254611e-10,3.2452984663888162e-10,1.1290738689829359e-10,9.8686593876875881e-11,8.2467136415828943e-11,7.8050149300440277e-11
1.2375,6.5202448263070865e-10,8.3665213280783479e-10,3.292450143412361e-10,1.1492665967157462e-10,1.002044081031483e-10,8.4324365421154671e-11,7.992207531916054e-11
1.24,6.5232996547868581e-10,8.3992979718240813e-10,3.3398499897146833e-10,1.1691337749269777e-10,1.0167041039506893e-10,8.6131590711246911e-11,8.174490670010739e-11
1.2425,6.5267641775090971e-10,8.4322508919936334e-10,3.3874091871305361e-10,1.1885558322272278e-10,1.0307235802287332e-10,8.7874429744289121e-11,8.3503458204677741e-11
1.245,6.5307227841269967e-10,8.465416405515989e-10,3.4350462227006289e-10,1.207421189836772e-10,1.0439887873649976e-10,8.9539507389012135e-11,8.5183588905825869e-11
1.2475,6.5352539165933574e-10,8.4988267325745862e-10,3.4826798377182859e-10,1.2256219099115715e-10,1.0563903885394646e-10,9.1114033623958212e-11,8.6771797579980528e-11
1.25,6.54043100246283e-10,8.5325170203345691e-10,3.5302471896830076e-10,1.2430736672617248e-10,1.0678435572807412e-10,9.2587816273895081e-11,8.8257232092856664e-11
1.2525,6.546321413430682e-10,8.5665283904223132e-10,3.5777165214738e-10,1.2597282978283358e-10,1.0783006459113752e-10,9.3954535151788712e-11,8.9632983008939187e-11
1.255,6.5529818933933705e-10,8.6009007424004921e-10,3.6250804485386376e-10,1.275567552615743e-10,1.0877447119797607e-10,9.52111019181267e-11,9.0895428500715536e-11
1.2575,6.5604555409397912e-10,8.6356689852080388e-10,3.6723461625511611e-10,1.290594120572724e-10,1.0961803105551877e-10,9.635674972894584e-11,9.2043334514572462e-11
1.26,6.5687692024382518e-10,8.6708578765133833e-10,3.7195276003995157e-10,1.3048253449019258e-10,1.1036275126521175e-10,9.7392444738303637e-11,9.3077253664032162e-11
1.2625,6.5779342708053172e-10,8.7064772719222961e-10,3.7666410983551149e-10,1.3182877780785076e-10,1.1101168809437777e-10,9.8320385725406571e-11,9.3999021943405804e-11
1.265,6.5879455059297617e-10,8.7425269640209768e-10,3.8137145920437068e-10,1.3310289311963895e-10,1.1157011178306022e-10,9.9145166790348925e-11,9.4812919213239024e-11
1.2675,6.5987802868702739e-10,8.7789920067816412e-10,3.8607815927605592e-10,1.3431119528366148e-10,1.1204497672872942e-10,9.9873234884063347e-11,9.5525115520811819e-11
1.27,6.6103944391281557e-10,8.8158391638890494e-10,3.9078774944995918e-10,1.3546097480286458e-10,1.1244436467959333e-10,1.0051232478785205e-10,9.6143115654909276e-11
1.2725,6.622721090150224e-10,8.8530180444684789e-10,3.9550407497043345e-10,1.3656061806391488e-10,1.1277760329669021e-10,1.0107155992803883e-10,9.6675844586007291e-11
1.275,6.6356702480229649e-10,8.890458741477865e-10,4.0023160863866121e-10,1.3761996860031141e-10,1.1305557732892106e-10,1.0156174372346222e-10,9.7133949906275923e-11
1.2775,6.6491295556238558e-10,8.9280691672537204e-10,4.0497447579408334e-10,1.3864927224102384e-10,1.1328963923790442e-10,1.0199424679999643e-10,9.7528675451713874e-11
1.28,6.6629672931952171e-10,8.9657398188900474e-10,4.0973617527578584e-10,1.3965877196294285e-10,1.1349120149370585e-10,1.0238058169791638e-10,9.7871431600852454e-11
1.2825,6.6770351663248677e-10,9.0033386062919303e-10,4.1451780755174044e-10,1.4065707470727986e-10,1.1367018766896639e-10,1.0273085043015609e-10,9.8172237050163038e-11
1.285,6.6911725669534299e-10,9.0407201966855655e-10,4.1932028863203197e-10,1.41653343530951e-10,1.1383718287321371e-10,1.0305586999863711e-10,9.8441833121337343e-11
1.2875,6.705206493429242e-10,9.0777237849980282e-10,4.2414334484856898e-10,1.4265597008211351e-10,1.1400213547846041e-10,1.033658653785863e-10,9.8690384481627242e-11
1.29,6.7189525819481346e-10,9.1141699300390719e-10,4.2898440295292385e-10,1.4367142977403206e-10,1.1417321958003549e-10,1.0366931756467353e-10,9.8926308636260557e-11
1.2925,6.7322166607276769e-10,9.1498706263447233e-10,4.3384103149380744e-10,1.4470660390835693e-10,1.1435911185073501e-10,1.0397522668242973e-10,9.9158544696667599e-11
1.295,6.7447955988112115e-10,9.1846244776704921e-10,4.3870915702803488e-10,1.457669960908568e-10,1.1456715350929368e-10,1.0429125936524486e-10,9.939469611547563e-11
1.2975,6.7564806925768339e-10,9.2182172317087387e-10,4.4358280721787576e-10,1.4685630708309962e-10,1.1480291009785752e-10,1.046233077015086e-10,9.9640585621519743e-11
1.3,6.7670624426955832e-10,9.2504312536409286e-10,4.4845497871426772e-10,1.4797714654228858e-10,1.1507089150722347e-10,1.0497621440965445e-10,9.9900988647903988e-11
1.3025,6.776333278412774e-10,9.2810478159807306e-10,4.5331744116329456e-10,1.4913079592671487e-10,1.1537430952859107e-10,1.0535353683348515e-10,1.0017938883918036e-10
1.305,6.7840901401395169e-10,9.3098418145717505e-10,4.5815916392103802e-10,1.5031568545502258e-10,1.1571355037222476e-10,1.0575601135381326e-10,1.0047646494885557e-10
1.3075,6.7901404364876815e-10,9.336591235987459e-10,4.6296790119658113e-10,1.5152885182342819e-10,1.1608765466170623e-10,1.0618303993619537e-10,1.0079156907255717e-10
1.31,6.7943047014054752e-10,9.3610815351699827e-10,4.6773022638149519e-10,1.527659090301735e-10,1.1649429004106252e-10,1.0663266546238873e-10,1.0112270534853808e-10
1.3125,6.7964168604055113e-10,9.3831061255230452e-10,4.7243154652872371e-10,1.540209467483291e-10,1.1692962651492526e-10,1.0710143732213867e-10,1.0146640561786972e-10
1.315,6.7963238383366028e-10,9.4024717009717588e-10,4.7705805102426663e-10,1.5528840971114823e-10,1.1739017386022292e-10,1.0758624522821738e-10,1.0181955705749957e-10
1.3175,6.7938844533500739e-10,9.4189972478398213e-10,4.8159587835480148e-10,1.5656208927354611e-10,1.178716906158566e-10,1.0808322150605788e-10,1.0217831232316591e-10
1.32,6.7889698790787239e-10,9.4325120993381401e-10,4.8603027258689279e-10,1.5783420904610741e-10,1.1836823636778882e-10,1.085867952281722e-10,1.025371364023117e-10
1.3225,6.781466447569968e-10,9.44285855683559e-10,4.9034728061405572e-10,1.5909705442870746e-10,1.1887375434630677e-10,1.0909128887270915e-10,1.0289041151807762e-10
1.325,6.7712770723584968e-10,9.4498955072374263e-10,4.9453286404015243e-10,1.6034231047269884e-10,1.1938137089684699e-10,1.0959022456148236e-10,1.0323174260490559e-10
1.3275,6.7583233287105144e-10,9.4535010060030222e-10,4.9857385457376373e-10,1.6156201707900875e-10,1.198843215704973e-10,1.1007725956104163e-10,1.0355489734896726e-10
1.33,6.742547268315923e-10,9.4535765743763481e-10,5.0245865178348993e-10,1.6274887909491676e-10,1.203762915732544e-10,1.1054653703607064e-10,1.0385416610278448e-10
1.3325,6.7239118894016638e-10,9.4500504330189372e-10,5.0617731706042888e-10,1.6389622794719873e-10,1.2085136096684991e-10,1.1099263522588515e-10,1.0412431188202672e-10
1.335,6.7024018572755648e-10,9.4428775562281125e-10,5.0972099091973596e-10,1.6499759663017673e-10,1.2130350780477505e-10,1.1141006299402178e-10,1.0436007519385046e-10
1.3375,6.6780273384084885e-10,9.4320414690586256e-10,5.1308290351329688e-10,1.6604777773743396e-10,1.2172762042765486e-10,1.1179426132471675e-10,1.045571699222703e-10
1.34,6.6508255257212238e-10,9.4175607106036689e-10,5.1625952867763393e-10,1.6704364814591576e-10,1.2212028616508298e-10,1.1214238976564249e-10,1.0471307213163523e-10
1.3425,6.6208581979926821e-10,9.3994883822610957e-10,5.192498121580064e-10,1.6798318052219144e-10,1.2247880237573531e-10,1.1245233377867667e-10,1.0482602062722623e-10
1.345,6.5882124669972884e-10,9.3779098047858369e-10,5.2205490554793613e-10,1.6886521462087815e-10,1.2280091203359645e-10,1.1272244150901351e-10,1.0489474507725012e-10
1.3475,6.5530019813612061e-10,9.3529421488345898e-10,5.2467815411702879e-10,1.6968953428308169e-10,1.2308486980232072e-10,1.1295158969179024e-10,1.0491852775968603e-10
1.35,6.5153674418924118e-10,9.324740612090052e-10,5.2712659769960407e-10,1.7045845534281683e-10,1.2333101513156719e-10,1.1314075880413894e-10,1.048987694826793e-10
1.3525,6.4754738113077928e-10,9.29349250753397e-10,5.2940955652734301e-10,1.7117528202159084e-10,1.2354025743146445e-10,1.1329151386991507e-10,1.0483747110752407e-10
1.355,6.4335089341430905e-10,9.2594156564091944e-10,5.3153847774461106e-10,1.7184419677485523e-10,1.2371398726097423e-10,1.1340590526694166e-10,1.0473712614382476e-10
1.3575,6.3896827068250307e-10,9.2227606410183343e-10,5.3352703625912217e-10,1.7247050977411685e-10,1.2385437232780388e-10,1.1348676336471829e-10,1.0460101185245962e-10
1.36,6.3442266534803516e-10,9.1838042857386787e-10,5.3539034081274012e-10,1.7305974054236255e-10,1.239635348877059e-10,1.1353687171085378e-10,1.0443235247490857e-10
1.3625,6.2973919505401311e-10,9.1428485000598524e-10,5.3714627750029692e-10,1.7361895247013646e-10,1.2404490604413708e-10,1.1356031837225386e-10,1.0423566299880145e-10
1.365,6.24944623494914e-10,9.1002159651169232e-10,5.388142463598656e-10,1.7415586416395623e-10,1.2410226819991571e-10,1.1356152514368989e-10,1.0401577424989309e-10
1.3675,6.2006692605113373e-10,9.056246562371586e-10,5.4041491274439228e-10,1.7467886250745136e-10,1.2413979463196528e-10,1.1354526349935729e-10,1.0377783728387118e-10
1.37,6.1513477453032643e-10,9.0112924092057385e-10,5.4197004218634291e-10,1.7519689706509189e-10,1.2416204194758158e-10,1.1351663989097921e-10,1.0352730417412979e-10
1.3725,6.1017693231336902e-10,8.9657112246057908e-10,5.4350200758673147e-10,1.7571909826288748e-10,1.2417366255692639e-10,1.1348080318524267e-10,1.0326962900032592e-10
1.375,6.0522162465439112e-10,8.9198576956159367e-10,5.4503316589054065e-10,1.7625434672647109e-10,1.2417902812758564e-10,1.1344258184659054e-10,1.0300991077663285e-10
1.3775,6.0029633967258766e-10,8.8740804019164875e-10,5.4658599788471599e-10,1.768117599630665e-10,1.2418269520851227e-10,1.1340694319392002e-10,1.0275335352371079e-10
1.38,5.9542747971949067e-10,8.8287143050038992e-10,5.48182235674676e-10,1.7739989624573982e-10,1.2418860454484925e-10,1.1337818539184897e-10,1.025044603823905e-10
1.3825,5.9064045892957589e-10,8.7840806608904059e-10,5.4984269358892164e-10,1.7802661193053393e-10,1.2419997050345967e-10,1.13359840342949e-10,1.022669393431901e-10
1.385,5.8595953124114396e-10,8.7404872601729164e-10,5.5158718197690739e-10,1.7869911439524536e-10,1.2421945165228998e-10,1.133548340479823e-10,1.0204387018171293e-10
1.3875,5.8140746941436405e-10,8.6982240122678179e-10,5.5343407803493712e-10,1.7942381981648804e-10,1.2424907796072201e-10,1.1336540742684211e-10,1.0183763408783389e-10
1.39,5.7700524122790428e-10,8.6575564802804699e-10,5.5539963383551343e-10,1.8020595830360147e-10,1.2428984719268998e-10,1.1339271276000912e-10,1.0164951105789389e-10
1.3925,5.7277205787664738e-10,8.618727942004926e-10,5.5749896035994445e-10,1.8105058369532383e-10,1.24342728849424e-10,1.1343781357545047e-10,1.0148069174612998e-10
1.395,5.6872501053881104e-10,8.5819591522902997e-10,5.5974667071415042e-10,1.8196305590915783e-10,1.2440916998045937e-10,1.1350218049240078e-10,1.0133277464977489e-10
1.3975,5.6487857241479628e-10,8.547445041733341e-10,5.6215650654297856e-10,1.829487771449241e-10,1.2449080165506381e-10,1.1358738749285061e-10,1.0120746520662282e-10
1.4,5.6124429322089893e-10,8.5153460540788627e-10,5.6474029169339537e-10,1.840122554931585e-10,1.2458847191930342e-10,1.1369414512454081e-10,1.0110560626300493e-10
1.4025,5.5783055239607402e-10,8.4857760357121461e-10,5.6750558054479779e-10,1.8515501791167819e-10,1.2470015148823724e-10,1.1382019631022898e-10,1.0102506517349689e-10
1.405,5.5464326162681353e-10,8.4588107542213478e-10,5.7045630164630435e-10,1.8637626100193024e-10,1.2482162585154733e-10,1.1396101720022144e-10,1.009614336765694e-10
1.4075,5.5168632947811187e-10,8.4344963853017477e-10,5.7359397987287354e-10,1.876740474419283e-10,1.2494786454615621e-10,1.1411119361550829e-10,1.0090940273592072e-10
1.41,5.4896153860295767e-10,8.4128512884746911e-10,5.7691834498044894e-10,1.8904606185619377e-10,1.2507387068950564e-10,1.1426528529164516e-10,1.0086363722120624e-10
1.4125,5.4646850889396487e-10,8.3938725431520809e-10,5.8042886799351736e-10,1.9049122687922232e-10,1.251962723271158e-10,1.1441940716613044e-10,1.0082035456051149e-10
1.415,5.442045560304506e-10,8.3775287629174811e-10,5.8412395667585643e-10,1.9200883590771773e-10,1.2531236048499191e-10,1.1457026034883723e-10,1.0077635792234945e-10
1.4175,5.4216448709103612e-10,8.3637573930813249e-10,5.8799938145064863e-10,1.9359700338303841e-10,1.2541849600529507e-10,1.1471350867468722e-10,1.0072741067914128e-10
1.42,5.4034140061444139e-10,8.3524737681717599e-10,5.9204946357745762e-10,1.9525371278927635e-10,1.2551121889563604e-10,1.1484489622268441e-10,1.0066933869490202e-10
1.4225,5.3872708325462761e-10,8.3435696588569085e-10,5.9626601384766852e-10,1.9697549434843543e-10,1.2558600209513648e-10,1.1495901359748259e-10,1.0059678532418911e-10
1.425,5.3731191296800563e-10,8.3369165281858542e-10,6.0063857421715261e-10,1.9875773524856176e-10,1.2563767365614855e-10,1.1504977518878837e-10,1.0050369388006115e-10
1.4275,5.3608503078202828e-10,8.3323708249180521e-10,6.0515625408873428e-10,2.0059685446341255e-10,1.2566256179057175e-10,1.1511255554261974e-10,1.0038544290783925e-10
1.43,5.3503442890535483e-10,8.3297811750248102e-10,6.0980905202371339e-10,2.0249172387405333e-10,1.2565980098503893e-10,1.1514550453427097e-10,1.0024016543435119e-10
1.4325,5.3414674322959623e-10,8.328982977678597e-10,6.1458661839935183e-10,2.044415381046089e-10,1.2562926258530787e-10,1.1514748766724182e-10,1.0006669076756667e-10
1.435,5.3340724273625694e-10,8.3297899360979169e-10,6.1947602771420312e-10,2.0644332429409672e-10,1.255689986526785e-10,1.1511554691033678e-10,9.9862020227088072e-11
1.4375,5.3280026897608939e-10,8.3319970740286073e-10,6.2446157346508295e-10,2.0849239502170565e-10,1.2547564589483505e-10,1.1504532742573348e-10,9.9621746132428075e-11
1.44,5.3230971927291671e-10,8.3353926054107043e-10,6.2952672754556943e-10,2.1058413874423002e-10,1.2534637438849075e-10,1.1493304119806553e-10,9.9342027828980923e-11
1.4425,5.319190934720278e-10,8.3397640488502609e-10,6.3465555741969345e-10,2.1271540739799855e-10,1.2518029505621555e-10,1.1477689890434738e-10,9.9021017636770663e-11
1.445,5.3161132447788576e-10,8.3448999840494781e-10,6.3983378931569579e-10,2.1488545176878715e-10,1.2497933693438048e-10,1.1457800117564719e-10,9.8659774224174978e-11
1.4475,5.3136860245581276e-10,8.3505825964864874e-10,6.4504699304390295e-10,2.1709377244520489e-10,1.2474598542295056e-10,1.1433809911697958e-10,9.8260029124563438e-11
1.45,5.3117256465898982e-10,8.3565828349817843e-10,6.5027899222801729e-10,2.1933853110435132e-10,1.2448160822875878e-10,1.1405792755141821e-10,9.782252311039464e-11
1.4525,5.3100465990266504e-10,8.3626710982804817e-10,6.5551337662147561e-10,2.2161806747713753e-10,1.2418796240214638e-10,1.1373870928337464e-10,9.7348520492905273e-11
1.455,5.3084631895467731e-10,8.3686170326728408e-10,6.6073327416909331e-10,2.2393069984486464e-10,1.2386704293415442e-10,1.1338202401239135e-10,9.6839701588350383e-11
1.4575,5.3067902001249482e-10,8.3741942449965966e-10,6.6592220126522433e-10,2.2627530843728999e-10,1.2352172814924868e-10,1.1299046611626157e-10,9.6298825824098311e-11
1.46,5.3048430954182154e-10,8.3791788997720864e-10,6.7106357424345747e-10,2.2865058938032074e-10,1.231550605872969e-10,1.1256691330400656e-10,9.5729016796323353e-11
1.4625,5.3024396021053699e-10,8.3833520113281304e-10,6.7614162861919301e-10,2.3105623169967334e-10,1.2277126816354624e-10,1.1211554600644435e-10,9.513478745743578e-11
1.465,5.2994024378767002e-10,8.3865022381488672e-10,6.8114187273237324e-10,2.3349345398733936e-10,1.2237608639680195e-10,1.116421528113305e-10,9.452233175903164e-11
1.4675,5.2955602548039895e-10,8.3884241344779307e-10,6.8605008384850399e-10,2.3596384041735752e-10,1.2197549232032712e-10,1.1115283844930946e-10,9.3898236283518607e-11
1.47,5.2907502173831938e-10,8.3889223411393769e-10,6.9085206349593919e-10,2.3846821566702207e-10,1.2157462934368471e-10,1.1065292701095589e-10,9.3268366154881665e-11
1.4725,5.284821522807277e-10,8.3878147961763292e-10,6.9553450514212357e-10,2.4100719970707618e-10,1.2117847147102331e-10,1.1014762629606897e-10,9.2638516399964263e-11
1.475,5.2776373626129641e-10,8.3849394878285376e-10,7.0008561308038617e-10,2.435816167564028e-10,1.2079210716511431e-10,1.096423283079999e-10,9.2014715327927161e-11
1.4775,5.2690764336361315e-10,8.3801550944338088e-10,7.0449461927048524e-10,2.4619227777385806e-10,1.204203400250918e-10,1.0914219780988157e-10,9.140277109829919e-11
1.48,5.2590362343061156e-10,8.3733455875948177e-10,7.0875266115257353e-10,2.4884147006286358e-10,1.200690665857529e-10,1.0865348314440307e-10,9.0809623246789403e-11
1.4825,5.2474351964733853e-10,8.364423305009748e-10,7.1285405768174875e-10,2.5153401462002172e-10,1.1974622458723244e-10,1.0818441528133892e-10,9.0244150311762739e-11
1.485,5.2342127852531786e-10,8.3533241928470464e-10,7.1679443075973411e-10,2.5427407915235667e-10,1.1945868188065391e-10,1.0774208141205929e-10,8.9714049133031682e-11
1.4875,5.2193301494437414e-10,8.3400053066173342e-10,7.2056967417799591e-10,2.5706383476951973e-10,1.1921092306602025e-10,1.0733113737778492e-10,8.9224529851772951e-11
1.49,5.2027730036862865e-10,8.3244499894626311e-10,7.2417654751015762e-10,2.5990481072641913e-10,1.1900634179008178e-10,1.069551193802939e-10,8.877959532264757e-11
1.4925,5.1845527296039122e-10,8.3066780408451127e-10,7.2761558401056811e-10,2.6280116219239171e-10,1.1885031744604428e-10,1.066194809809752e-10,8.8385072951244408e-11
1.495,5.1647031333418153e-10,8.2867435862769473e-10,7.3089052235974444e-10,2.6575805968190342e-10,1.1874872801157677e-10,1.0633008870940564e-10,8.8047096117136167e-11
1.4975,5.1432778948766315e-10,8.2647223934880929e-10,7.340056469321577e-10,2.6877961090397358e-10,1.1870571510413267e-10,1.0609094383999542e-10,8.7769793380300036e-11
1.5,5.1203537637903023e-10,8.2407113654325941e-10,7.369650628368032e-10,2.7186655369101726e-10,1.1872169216981951e-10,1.0590222950768182e-10,8.7553331974093487e-11
1.5025,5.0960340611260357e-10,8.21483783758516e-10,7.3977548336089338e-10,2.7502277086009587e-10,1.1879954672772039e-10,1.0576650729705174e-10,8.7400085775966133e-11
1.505,5.0704451039139288e-10,8.1872590245763824e-10,7.4244730811248951e-10,2.7825399447737856e-10,1.1894351299975827e-10,1.0568757607844978e-10,8.7313492086186074e-11
1.5075,5.0437286289018975e-10,8.1581534757326027e-10,7.4499134846222466e-10,2.8156333733402842e-10,1.1915478860199237e-10,1.0566610419921304e-10,8.7293697474995566e-11
1.51,5.0160395586026158e-10,8.1277144449931068e-10,7.4741829146372393e-10,2.8495303707744096e-10,1.1943329005777499e-10,1.0570139582574387e-10,8.7339301799644555e-11
1.5125,4.9875474143589753e-10,8.0961488909638276e-10,7.4974017929262018e-10,2.8842621081428417e-10,1.1977937702053462e-10,1.0579314323064982e-10,8.7449144969111586e-11
1.515,4.9584336733690157e-10,8.0636770057465868e-10,7.5197044345760724e-10,2.9198624665075292e-10,1.201932350603706e-10,1.0594079645155249e-10,8.7621678378535894e-11
1.5175,4.9288849486636893e-10,8.0305293376366316e-10,7.541236164385847e-10,2.9563578779379173e-10,1.2067408988183619e-10,1.0614280152376173e-10,8.7854217826942395e-11
1.52,4.899086862496917e-10,7.9969343462541587e-10,7.5621324399491176e-10,2.9937567991028279e-10,1.212192741313551e-10,1.063956607595857e-10,8.8142040304560929e-11
1.5225,4.8692242917493126e-10,7.9631143087358904e-10,7.5825103454888868e-10,3.0320416826929958e-10,1.2182330253717244e-10,1.0669304693662145e-10,8.847747964525582e-11
1.525,4.8394834376596661e-10,7.929288525151531e-10,7.6024774631525483e-10,3.0711847973163647e-10,1.2247952038377035e-10,1.0702747504356296e-10,8.8851650459110538e-11
1.5275,4.8100498190601505e-10,7.8956730612726714e-10,7.6221432288803722e-10,3.1111651082162048e-10,1.231819743474431e-10,1.0739215770045329e-10,8.9256331942833069e-11
1.53,4.7811017580919447e-10,7.8624770604802342e-10,7.6416193104272143e-10,3.1519676974656198e-10,1.2392546123612206e-10,1.0778105427323519e-10,8.9684030743908296e-11
1.5325,4.75280516180731e-10,7.8298952495532838e-10,7.6610027608842675e-10,3.193559278549013e-10,1.2470304068317983e-10,1.081864301879167e-10,9.0125587951562464e-11
1.535,4.7253094557453483e-10,7.7981012618734959e-10,7.6803706484291263e-10,3.2358882989564142e-10,1.2550619146471063e-10,1.0859903523398268e-10,9.0570363021329951e-11
1.5375,4.6987473435790793e-10,7.7672466256863554e-10,7.6997805919974484e-10,3.2788900734348111e-10,1.2632535422204626e-10,1.090086482989905e-10,9.1006827418037993e-11
1.54,4.6732356651955772e-10,7.7374628920375838e-10,7.7192776443070888e-10,3.3224910701646244e-10,1.2715036768080463e-10,1.0940450669228938e-10,9.1423015463491342e-11
1.5425,4.6488717538575285e-10,7.708856275911272e-10,7.7388706824671571e-10,3.3665911441030335e-10,1.27968699943148e-10,1.0977353792031137e-10,9.180475346015249e-11
1.545,4.6257351896865824e-10,7.681506548736066e-10,7.7585723745371138e-10,3.4111099429898145e-10,1.2877013280274752e-10,1.1010502898342742e-10,9.2140363817666783e-11
1.5475,4.603888117527185e-10,7.655471236405961e-10,7.7783949395975193e-10,3.4559751580126822e-10,1.2954568520700359e-10,1.1038958355850495e-10,9.2419612128034619e-11
1.55,4.5833703868741573e-10,7.6307852561443034e-10,7.7983208197322937e-10,3.5010991176372097e-10,1.3028525203756103e-10,1.106167606620333e-10,9.2631368339055939e-11
1.5525,4.5641962620997126e-10,7.6074550483174807e-10,7.8183130799133056e-10,3.5463900302330716e-10,1.3097865263143186e-10,1.1077608546349534e-10,9.2764637529208862e-11
1.555,4.5463626589661198e-10,7.5854658372856624e-10,7.8383154938378069e-10,3.5917498387952698e-10,1.3161547012549792e-10,1.1085685461710313e-10,9.2808354403750457e-11
1.5575,4.5298563779154504e-10,7.5647855036815908e-10,7.8582585896560643e-10,3.6370785175360079e-10,1.3218561883500396e-10,1.1084870525061123e-10,9.2751980753078667e-11
1.56,4.5146602459629095e-10,7.5453746846582839e-10,7.8780836082770362e-10,3.6823005165564123e-10,1.3268206352574598e-10,1.1074434745841722e-10,9.2588239393677082e-11
1.5625,4.5007455049863531e-10,7.5271844070555253e-10,7.8977368321355998e-10,3.7273572640591254e-10,1.3310005256916854e-10,1.1053881177049287e-10,9.2312339349397267e-11
1.565,4.4880652223462194e-10,7.5101495703733874e-10,7.9171477161466152e-10,3.7721711932086343e-10,1.3343339876523511e-10,1.1022576024418901e-10,9.1918309246360085e-11
1.5675,4.4765588452755761e-10,7.4941971736840789e-10,7.9362621089885545e-10,3.816702355670823e-10,1.3368017199054612e-10,1.0980308304743516e-10,9.1404568258003335e-11
1.57,4.4661552228593901e-10,7.4792477008451665e-10,7.9550534162792722e-10,3.8609815112740651e-10,1.338454675110978e-10,1.0927555517521692e-10,9.0776572457792907e-11
1.5725,4.4567747050473998e-10,7.4652087708590827e-10,7.9734866441764468e-10,3.9050296686839402e-10,1.3393312651113763e-10,1.0864655483264377e-10,9.0038541766772321e-11
1.575,4.4483282090314945e-10,7.4519766632271361e-10,7.9915122997186911e-10,3.94883284010113e-10,1.3394357894619814e-10,1.079159990562716e-10,8.9191377721265296e-11
1.5775,4.4407204184493391e-10,7.4394487600408406e-10,8.0090829548483561e-10,3.9923822867463108e-10,1.3387843768230794e-10,1.0708492580299196e-10,8.8237257687352461e-11
1.58,4.4338511234015619e-10,7.4275247663071865e-10,8.02616626816822e-10,4.0357041951048355e-10,1.337432037806557e-10,1.0615822486141279e-10,8.7182362311722351e-11
1.5825,4.4276192114454893e-10,7.4161078597440818e-10,8.0427554805961716e-10,4.0788680439766482e-10,1.3354792226165185e-10,1.051452237012363e-10,8.6037420391507923e-11
1.585,4.4219222539153145e-10,7.4051005523111105e-10,8.0588642259231349e-10,4.1219753021782596e-10,1.3330542762945292e-10,1.0405794462630978e-10,8.4815950295213444e-11
1.5875,4.4166530035189001e-10,7.3944001601863254e-10,8.0744996488213016e-10,4.1651247388248448e-10,1.3302817229189235e-10,1.0290780398409875e-10,8.3530914304276856e-11
1.59,4.4116987043462466e-10,7.3839012379992555e-10,8.089668083639447e-10,4.2084123307455079e-10,1.3272834713061169e-10,1.0170579382561336e-10,8.2194861717528294e-11
1.5925,4.4069443887412766e-10,7.373498530126651e-10,8.1043705451784424e-10,4.2519308382038993e-10,1.3241818170946407e-10,1.0046274953283443e-10,8.0820188517482398e-11
1.595,4.4022769665524301e-10,7.3630893243989102e-10,8.1186068643571865e-10,4.2957767139080772e-10,1.3211083005197429e-10,9.9190286111768663e-11,7.9420051684282246e-11
1.5975,4.3975877038457999e-10,7.3525770104844625e-10,8.1323842764573428e-10,4.3400490785677948e-10,1.3182015067479447e-10,9.7900669888580715e-11,7.8008233549915079e-11
1.6,4.3927710430332769e-10,7.3418688777588073e-10,8.1457135244353168e-10,4.3848425022362717e-10,1.315599279668855e-10,9.6606140232934381e-11,7.6598460481305368e-11
1.6025,4.38772365366644e-10,7.3308708657895559e-10,8.1585988595818546e-10,4.4302485737842421e-10,1.313437439092138e-10,9.5318849874153758e-11,7.5204301150291044e-11
1.605,4.3823458337545745e-10,7.3194894026279877e-10,8.171040455434549e-10,4.4763592591338784e-10,1.3118520426951978e-10,9.4051043084456086e-11,7.3839300162921607e-11
1.6075,4.3765419169596281e-10,7.3076335940097921e-10,8.1830321057079214e-10,4.5232536547747777e-10,1.3109699743522344e-10,9.281389041815404e-11,7.2515767934072424e-11
1.61,4.3702203075715032e-10,7.2952156169262246e-10,8.1945586994959884e-10,4.5709901512001161e-10,1.3109021160859396e-10,9.1616964638885271e-11,7.1244201544269223e-11
1.6125,4.3632950381849187e-10,7.2821504431457203e-10,8.2055903987159714e-10,4.6195999912285574e-10,1.3117378127906257e-10,9.0467857544387358e-11,7.0032886248883332e-11
1.615,4.3556883391602169e-10,7.2683563952341582e-10,8.216091877544855e-10,4.6690923173448419e-10,1.3135494297284618e-10,8.9372684474533454e-11,6.8888369546058515e-11
1.6175,4.3473310765759874e-10,7.2537582347185448e-10,8.2260262885836922e-10,4.7194779609580194e-10,1.3164146914446586e-10,8.8338303180064021e-11,6.7817710316612906e-11
1.62,4.338162007487858e-10,7.2382827875717432e-10,8.2353369287054632e-10,4.7707428842418533e-10,1.3203899130660461e-10,8.7369657999410557e-11,6.6825768635284485e-11
1.6225,4.3281284365649029e-10,7.2218598049500902e-10,8.2439468690985433e-10,4.8228183805165469e-10,1.3254808584057419e-10,8.646685404458433e-11,6.5912316914610864e-11
1.625,4.3171881242570338e-10,7.2044247923641244e-10,8.2517670059323917e-10,4.8756433322393124e-10,1.3317041603026157e-10,8.5631402167460919e-11,6.5078242551522624e-11
1.6275,4.3053096958675302e-10,7.1859215284813873e-10,8.2587093232824828e-10,4.9291068441776738e-10,1.3390307674524953e-10,8.4860599595672917e-11,6.4319954017931728e-11
1.63,4.2924694945321666e-10,7.1663001784916096e-10,8.26468504383819e-10,4.9830939710449493e-10,1.3474315140606307e-10,8.4152115233085927e-11,6.3633951787153941e-11
1.6325,4.2786510004946869e-10,7.1455147170373637e-10,8.2695945249165488e-10,5.0374772155443555e-10,1.3568669171931094e-10,8.3502968828011183e-11,6.3015841243966248e-11
1.635,4.2638450338535238e-10,7.1235219100825423e-10,8.2733256144396474e-10,5.0921067131822235e-10,1.3672747234226272e-10,8.2908218486451393e-11,6.2459059266454433e-11
1.6375,4.248052431227008e-10,7.1002842223696942e-10,8.2757605914312058e-10,5.1468107760812204e-10,1.3785652287535713e-10,8.2360519082618602e-11,6.1954429789664993e-11
1.64,4.2312838988132401e-10,7.0757737290968165e-10,8.2767770737479376e-10,5.2013845031155277e-10,1.3906136123061582e-10,8.18493893798673e-11,6.1489474407053052e-11
1.6425,4.2135587608854343e-10,7.0499685638242818e-10,8.2762402845308917e-10,5.2556037148908287e-10,1.4032773058550583e-10,8.1362949999435683e-11,6.1050192692645288e-11
1.645,4.194905196142618e-10,7.0228550456674564e-10,8.2740221423247938e-10,5.309242720728181e-10,1.4164109889117522e-10,8.0889411354631684e-11,6.0622561972652645e-11
1.6475,4.175361561338624e-10,6.9944385214032229e-10,8.2700277883136524e-10,5.3621009454231948e-10,1.4298924538596649e-10,8.041959736128319e-11,6.0195106356785037e-11
1.65,4.1549688993376699e-10,6.964734840292354e-10,8.2641826988726818e-10,5.4139885002322688e-10,1.4436059672882523e-10,7.994527456012723e-11,5.9757255099188139e-11
1.6525,4.1337700425361526e-10,6.9337620817325476e-10,8.2564055109346e-10,5.4647031688460915e-10,1.4574165654147773e-10,7.9456491041564042e-11,5.9296696277926169e-11
1.655,4.1118136201092723e-10,6.901543185139828e-10,8.2466128401692744e-10,5.5140316178289847e-10,1.4711686015458204e-10,7.8941297103797525e-11,5.8799148841738777e-11
1.6575,4.0891562116347074e-10,6.8681129236748427e-10,8.2347386411091805e-10,5.561780578219352e-10,1.4847155920922694e-10,7.8388661421381879e-11,5.8251302964730481e-11
1.66,4.0658596723917353e-10,6.8335183760524931e-10,8.2207422944456172e-10,5.6077829744519144e-10,1.4979295597273688e-10,7.7789327529547357e-11,5.764169180233753e-11
1.6625,4.0419862433181233e-10,6.7978129443471013e-10,8.2046069173632785e-10,5.6518968001248227e-10,1.5106996796526985e-10,7.7135537681848346e-11,5.6960469934781361e-11
1.665,4.0175947273855924e-10,6.7610528299520582e-10,8.1863306446813052e-10,5.6939881020453591e-10,1.5229150192506783e-10,7.6419223828734888e-11,5.6197624488442703e-11
1.6675,3.9927430456895934e-10,6.7232992949454528e-10,8.1659190051850613e-10,5.7339282102421128e-10,1.5344582078858304e-10,7.5631273534952468e-11,5.5342248930765589e-11
1.67,3.9674902329240526e-10,6.6846203752858324e-10,8.1433926309067735e-10,5.7716235502237456e-10,1.5452420277910248e-10,7.4765361320036174e-11,5.4386441411109449e-11
1.6725,3.9418984093626813e-10,6.6450921422742544e-10,8.1187917878259338e-10,5.80700785864979e-10,1.555202067326371e-10,7.3816999984790769e-11,5.3324372922197913e-11
1.675,3.916032380743536e-10,6.6047956159673763e-10,8.0921784872636143e-10,5.8400426986691113e-10,1.5642874183102293e-10,7.2782546664557876e-11,5.2151306296751187e-11
1.6775,3.8899565619440443e-10,6.5638159650445566e-10,8.0636330664225423e-10,5.870714905632327e-10,1.5724611325168461e-10,7.1659291808298689e-11,5.0863726508387852e-11
1.68,3.8637300791134439e-10,6.5222390716051312e-10,8.0332539371541375e-10,5.8990489062427793e-10,1.5797194583316372e-10,7.0447152164281905e-11,4.9461017357872055e-11
1.6825,3.8374061049509778e-10,6.4801520528353833e-10,8.0011561309316891e-10,5.9250919809230562e-10,1.5860768030863395e-10,6.914714032521122e-11,4.7943922893884373e-11
1.685,3.8110319677455752e-10,6.4376427560091826e-10,7.9674576240791428e-10,5.948900833953098e-10,1.5915525000546904e-10,6.7760107449275212e-11,4.6313312454867412e-11
1.6875,3.7846515926589043e-10,6.3947985196199559e-10,7.9322964394028768e-10,5.9705753558129072e-10,1.5962064179186374e-10,6.6290397091808028e-11,4.4573836097139282e-11
1.69,3.7583076318864163e-10,6.351708807739569e-10,7.8958243227887912e-10,5.9902270770064846e-10,1.6001092589193938e-10,6.4742822025647835e-11,4.2730934413153762e-11
1.6925,3.7320413314786592e-10,6.3084633781103658e-10,7.8581965386168522e-10,6.0079901738599223e-10,1.6033514142219432e-10,6.3123578482744901e-11,4.0791784782708764e-11
1.695,3.7058934700715028e-10,6.2651532213830517e-10,7.8195731116631998e-10,6.0240173173008264e-10,1.606042840794428e-10,6.1440263818194226e-11,3.8765315743353795e-11
1.6975,3.6799037270512817e-10,6.2218726306422595e-10,7.7801348733627103e-10,6.0385014777625508e-10,1.6083251140381108e-10,5.9703196451284947e-11,3.6663521787641343e-11
1.7,3.6541072940385034e-10,6.1787110426989484e-10,7.74006384026614e-10,6.0516344771664564e-10,1.6103337295433939e-10,5.7921679351189182e-11,3.4497716270667077e-11
1.7025,3.6285346618930562e-10,6.135747729930047e-10,7.6995223717321496e-10,6.0635846698686338e-10,1.6121846211872827e-10,5.6102539674505035e-11,3.227702755916064e-11
1.705,3.603215432748923e-10,6.0930622587877298e-10,7.6586679407013118e-10,6.0745236431497823e-10,1.614007928618045e-10,5.4253634734902732e-11,3.0011884904350421e-11
1.7075,3.5781801139643808e-10,6.0507406028323486e-10,7.6176755395259507e-10,6.0846621417999421e-10,1.6159760704546868e-10,5.2386694768082258e-11,2.7716838960299699e-11
1.71,3.5534579465036156e-10,6.0088682327858255e-10,7.5767284891742325e-10,6.0942272665877671e-10,1.6182773966829097e-10,5.0514917085218451e-11,2.5408115674789229e-11
1.7125,3.5290737730689389e-10,5.9675281812982785e-10,7.5360366734675095e-10,6.1035134107497905e-10,1.621152662125971e-10,4.8658780781182401e-11,2.3109565609139589e-11
1.715,3.505036406815364e-10,5.9267697639020299e-10,7.4957354429046081e-10,6.1126432887690449e-10,1.6247163166279173e-10,4.682199376691074e-11,2.0828338017002055e-11
1.7175,3.4813506989695569e-10,5.8866313511563832e-10,7.4559054392959071e-10,6.1216850797968699e-10,1.6289949244859919e-10,4.5000342097478482e-11,1.8563699857262568e-11
1.72,3.4580397815926064e-10,5.8471793703903808e-10,7.4166759590747733e-10,6.1308266698578737e-10,1.6341308866631185e-10,4.3202754674501518e-11,1.6328061670516297e-11
1.7225,3.4351406429517625e-10,5.8085048457232995e-10,7.3782319571647935e-10,6.1403395851443838e-10,1.6403811246286776e-10,4.1449546114677612e-11,1.4145208454167933e-11
1.725,3.4126834445243996e-10,5.7706874838418246e-10,7.3407480877515691e-10,6.1504677056639905e-10,1.6479916296353426e-10,3.9759134417953688e-11,1.2037010951839636e-11
1.7275,3.3906820569011225e-10,5.7337758341798609e-10,7.3043495249429092e-10,6.1613877207687609e-10,1.6571326805923817e-10,3.8142241458048606e-11,1.00176297334024e-11
1.73,3.3691448642305568e-10,5.6977985761665129e-10,7.2691073287338926e-10,6.1731785453559087e-10,1.667894385074691e-10,3.6599159597468105e-11,8.090554168106951e-12
1.7325,3.3480672000589312e-10,5.6627716407323606e-10,7.2350909575911008e-10,6.1859707567321791e-10,1.6803430630526147e-10,3.5132927229765909e-11,6.262005772670005e-12
1.735,3.3274698083579012e-10,5.6287390207944701e-10,7.202402483494568e-10,6.1999024867447814e-10,1.6945784447849278e-10,3.3749648802388578e-11,4.5411660199997076e-12
1.7375,3.3073734137790281e-10,5.59573318411774e-10,7.1710907096380026e-10,6.215017956108275e-10,1.7106469456050101e-10,3.2448457027548587e-11,2.9300504857234797e-12
1.74,3.2877941277439747e-10,5.5637755989620557e-10,7.1411628486998779e-10,6.2313045548590663e-10,1.7285460254512679e-10,3.12232907996448e-11,1.4251726925130691e-12
1.7425,3.2687564542465328e-10,5.5329012139464034e-10,7.1126499124939529e-10,6.248779206029165e-10,1.7482955480419434e-10,3.007113289436881e-11,2.5711491873346256e-14
1.745,3.2502952684956108e-10,5.5031604665329021e-10,7.0856178172758e-10,6.267496946345145e-10,1.7699540262652364e-10,2.8993981008023354e-11,-1.2645615370889341e-12
1.7475,3.2324450395611991e-10,5.4746037129895696e-10,7.0601369981002935e-10,6.2875316667524708e-10,1.7936161251879642e-10,2.7997902783959337e-11,-2.4382719221421202e-12
1.75,3.2152321532603344e-10,5.447268939640402e-10,7.0362577687272975e-10,6.3089405785368652e-10,1.8193528271261305e-10,2.7087334802752863e-11,-3.4901361709436785e-12
1.7525,3.1986758727541251e-10,5.421177690077044e-10,7.0140038146489045e-10,6.331755056981753e-10,1.8472095372452707e-10,2.6263858839055836e-11,-4.418182490637857e-12
1.755,3.1827952978903186e-10,5.396344009454392e-10,6.9933847158703265e-10,6.3559851467256909e-10,1.8771918850767194e-10,2.5525054117344736e-11,-5.224922102150182e-12
1.7575,3.1676120009069024e-10,5.3727799552233539e-10,6.9743950643847514e-10,6.3815964367485177e-10,1.9092396940057788e-10,2.4861958550631397e-11,-5.9198777393990337e-12
1.76,3.1531516712213442e-10,5.3505011279191097e-10,6.957016348597042e-10,6.4085232966897737e-10,1.9432672719682708e-10,2.4262973564450788e-11,-6.5156833021683698e-12
1.7625,3.1394437067672269e-10,5.329527243676579e-10,6.9412265957566517e-10,6.4366949787474621e-10,1.9791940049714195e-10,2.3717502553871054e-11,-7.0244174577379202e-12
1.765,3.1265196738436917e-10,5.3098802190201281e-10,6.9270042915279888e-10,6.4660414713988024e-10,2.0169442971132238e-10,2.3216001722147658e-11,-7.4574523604880981e-12
1.7675,3.1144117632941493e-10,5.2915806284956866e-10,6.9143314254012731e-10,6.4965026690321083e-10,2.0564584909440197e-10,2.2751355926040056e-11,-7.8240120135752175e-12
1.77,3.1031507924917552e-10,5.2746444550273908e-10,6.9031867098146502e-10,6.5280161879883381e-10,2.0976800141936115e-10,2.2317221470327295e-11,-8.1327786412599208e-12
1.7725,3.0927642161927777e-10,5.2590819052873043e-10,6.893542114095643e-10,6.5605090884037027e-10,2.140540358440952e-10,2.1906505814794123e-11,-8.3933065309451001e-12
1.775,3.0832746340349777e-10,5.2448968399749417e-10,6.8853617055388663e-10,6.5939000959381697e-10,2.1849557654153726e-10,2.1511123849802058e-11,-8.6162447805255531e-12
1.7775,3.0747001676436553e-10,5.2320881813129437e-10,6.8786033507243278e-10,6.6280983591071313e-10,2.2308254590100057e-10,2.1121983816684299e-11,-8.8133305900679874e-12
1.78,3.0670552372874943e-10,5.2206528708288713e-10,6.8732215331225826e-10,6.6630054773895343e-10,2.2780431461484327e-10,2.0729699405226634e-11,-8.9966362590705037e-12
1.7825,3.0603525309949104e-10,5.2105873488600563e-10,6.8691707143953396e-10,6.6985327936755016e-10,2.3265133643976945e-10,2.0326220166950779e-11,-9.1769564077155547e-12
1.785,3.0546027985711386e-10,5.2018869173828035e-10,6.8664095035561168e-10,6.7346011168178065e-10,2.3761441990067485e-10,1.9904526137071316e-11,-9.3641079467902373e-12
1.7875,3.0498142042216789e-10,5.1945431520563978e-10,6.8648985841241724e-10,6.7711300383384863e-10,2.4268501949989897e-10,1.9457962904979382e-11,-9.5675699249677183e-12
1.79,3.0459914171127374e-10,5.1885431901477592e-10,6.864598799629754e-10,6.8080427807196184e-10,2.478557523905514e-10,1.8981881877617138e-11,-9.7948015219790373e-12
1.7925,3.0431340670421434e-10,5.1838710757692376e-10,6.8654725248573712e-10,6.8452823446500792e-10,2.5312275780107852e-10,1.8475464231289253e-11,-1.0049369681052047e-11
1.795,3.0412362612931469e-10,5.1805051657264013e-10,6.8674781805538827e-10,6.8828022515801538e-10,2.5848295082971849e-10,1.7938475287794407e-11,-1.0334099404507888e-11
1.7975,3.0402874391584728e-10,5.1784152673442229e-10,6.8705567254198015e-10,6.9205256993385024e-10,2.6392811333889422e-10,1.7365881759605237e-11,-1.065643191187802e-11
1.8,3.0402721485534931e-10,5.1775645204021791e-10,6.8746425186110254e-10,6.9583610193371154e-10,2.6944759061376186e-10,1.6750598337683111e-11,-1.1025666059325166e-11
1.8025,3.041167198339635e-10,5.1779085478268447e-10,6.8796731973481366e-10,6.9962249582159234e-10,2.7503341112195399e-10,1.6088765286988114e-11,-1.1447664028443011e-11
1.805,3.0429400919048286e-10,5.1793923326967276e-10,6.8855859991817438e-10,7.0340567433741935e-10,2.8068215012515601e-10,1.5381426073653595e-11,-1.1923187600557534e-11
1.8075,3.0455489293531504e-10,5.1819490994462543e-10,6.8923145143648222e-10,7.0718130989010458e-10,2.8639366962123818e-10,1.4633324688262206e-11,-1.2449093490259822e-11
1.81,3.048943050967331e-10,5.1855021165807624e-10,6.899784870795727e-10,7.1094446302886682e-10,2.9216730963513016e-10,1.3848821610438891e-11,-1.3022372296975854e-11
1.8125,3.0530626370452697e-10,5.1899643590305666e-10,6.9079066367632875e-10,7.1468927035145446e-10,2.9799968828076302e-10,1.3029446976408295e-11,-1.3642583332503564e-11
1.815,3.0578387033819272e-10,5.1952368190451836e-10,6.916570498265894e-10,7.1840668319490715e-10,3.03883639927854e-10,1.2173395226723896e-11,-1.4312365744264353e-11
1.8175,3.063195884802508e-10,5.2012127830914147e-10,6.9256623848710767e-10,7.2208592563861753e-10,3.0981160787205138e-10,1.1278804486641308e-11,-1.5034168268603201e-11
1.82,3.0690542950259338e-10,5.2077817024161641e-10,6.9350724407276429e-10,7.2571823260927541e-10,3.1577916025373791e-10,1.0346943339609671e-11,-1.5807097779850623e-11
1.8225,3.0753306368260489e-10,5.2148317796541129e-10,6.9446962818622451e-10,7.2929762641044068e-10,3.2178532385994457e-10,9.3832428240103086e-12,-1.6625918099521209e-11
1.825,3.0819375595495275e-10,5.2222459356530825e-10,6.954428478252395e-10,7.3281939822728854e-10,3.2783271926488796e-10,8.3968042292037682e-12,-1.7481551603308572e-11
1.8275,3.0887831618059799e-10,5.2298994997542814e-10,6.9641500294513544e-10,7.3627727419647533e-10,3.3392327606447483e-10,7.3959968983382921e-12,-1.8365475028917319e-11
1.83,3.0957698603491274e-10,5.2376608209862076e-10,6.9737351183019146e-10,7.3966328541948475e-10,3.4005601323472026e-10,6.3863253178367912e-12,-1.9271835895823867e-11
1.8325,3.1027934802695554e-10,5.245389335361259e-10,6.9830546919861339e-10,7.4296847286266445e-10,3.4622763868464307e-10,5.3714950111718951e-12,-2.0196394114866867e-11
1.835,3.1097426190782081e-10,5.2529369803769421e-10,6.9919695136446915e-10,7.4618249405936345e-10,3.5243261257645237e-10,4.3534346782626098e-12,-2.1136501090821698e-11
1.8375,3.1165019582803343e-10,5.2601504945163735e-10,7.0003291291821787e-10,7.4929377806770887e-10,3.5866465241833378e-10,3.3336479608632568e-12,-2.2089802311089394e-11
1.84,3.1229566448256479e-10,5.2668796437858584e-10,7.0079897268998407e-10,7.5229200866519783e-10,3.6491953686583198e-10,2.3161714144477739e-12,-2.305132084371722e-11
1.8425,3.1289956534292954e-10,5.2729777462690871e-10,7.0148087460243581e-10,7.5516720648154422e-10,3.7119269444610585e-10,1.3046988816021134e-12,-2.4016339668129676e-11
1.845,3.1345135203778245e-10,5.2783022504428518e-10,7.0206418970505656e-10,7.5790871769399861e-10,3.774773206196508e-10,3.0069510150920932e-13,-2.4982342397871104e-11
1.8475,3.1394110797481183e-10,5.2827177978329051e-10,7.0253516928344345e-10,7.605058814634486e-10,3.8376710581540036e-10,-6.9391050122675257e-13,-2.5946348417745735e-11
1.85,3.1435930998622389e-10,5.2860981916005405e-10,7.0288131424424242e-10,7.6294841599900144e-10,3.9005687555081252e-10,-1.676241691268617e-12,-2.6904423886915311e-11
1.8525,3.1469674981608115e-10,5.288324052534322e-10,7.0309109000520451e-10,7.6522632593896572e-10,3.9634058499103199e-10,-2.6447474132605039e-12,-2.7853998863585975e-11
1.855,3.14944728224317e-10,5.2892826680988294e-10,7.0315365297821863e-10,7.6733015475040874e-10,4.0261117955527524e-10,-3.5989527371582703e-12,-2.8793637986868357e-11
1.8575,3.1509526690966202e-10,5.2888674535766183e-10,7.0305857419731294e-10,7.6925262988778317e-10,4.0886230734620915e-10,-4.537407147246292e-12,-2.9720984855153251e-11
1.86,3.1514124771596748e-10,5.2869807793795854e-10,7.0279569001971587e-10,7.7098604276247272e-10,4.1508647380748972e-10,-5.4598125096886031e-12,-3.0634890978227819e-11
1.8625,3.1507647848469502e-10,5.283535867686936e-10,7.0235541893421481e-10,7.7252102275165046e-10,4.2127263305295429e-10,-6.3702049134888327e-12,-3.1538611295140971e-11
1.865,3.1489578903340614e-10,5.2784595442338229e-10,7.0172950217547298e-10,7.7384860045646767e-10,4.2740956176902291e-10,-7.2731431068760548e-12,-3.2436000050739787e-11
1.8675,3.1459511227019353e-10,5.2716933646423375e-10,7.0091143666751287e-10,7.7496160815114991e-10,4.3348672388177052e-10,-8.1732494855601288e-12,-3.3331056660799868e-11
1.87,3.141714652175294e-10,5.263193230251464e-10,6.998963193001601e-10,7.7585395660966442e-10,4.3949435990996189e-10,-9.0748008966850121e-12,-3.4227554891776198e-11
1.8725,3.1362298180401628e-10,5.2529311085504766e-10,6.986807792595784e-10,7.7652126686378192e-10,4.4542453800061968e-10,-9.9799000420713053e-12,-3.5127210846137981e-11
1.875,3.1294912127217364e-10,5.2408974928400334e-10,6.9726335155905219e-10,7.76961779088821e-10,4.5127175650615832e-10,-1.0888559715494379e-11,-3.6029750162021574e-11
1.8775,3.1215067933042576e-10,5.2271008914402537e-10,6.956446238652021e-10,7.7717566096256826e-10,4.5703113420700114e-10,-1.1801694549238475e-11,-3.693591563234223e-11
1.88,3.1122956424859057e-10,5.2115622582786368e-10,6.938264190297935e-10,7.7716273842914838e-10,4.6269543409766935e-10,-1.2723031520483064e-11,-3.7849364822392528e-11
1.8825,3.1018879941866054e-10,5.1943153446575139e-10,6.9181135223269316e-10,7.7692331957000168e-10,4.6825640916554271e-10,-1.365769970918369e-11,-3.8775228306795608e-11
1.885,3.0903235850109288e-10,5.1754074902674476e-10,6.8960327635615174e-10,7.7645906017316165e-10,4.7370786413959673e-10,-1.4608835061808068e-11,-3.9716741444902032e-11
1.8875,3.0776533684901033e-10,5.1549036385543114e-10,6.8720854922003641e-10,7.7577452650699651e-10,4.7904657677802717e-10,-1.5577220217343345e-11,-4.067488596779498e-11
1.89,3.0639375049178087e-10,5.1328809784131545e-10,6.8463505832563253e-10,7.7487568735613136e-10,4.8426832718577204e-10,-1.6565787024193694e-11,-4.1652875810511623e-11
1.8925,3.049243797135553e-10,5.109426068011827e-10,6.8189179014867726e-10,7.7376941757215264e-10,4.8936918241450009e-10,-1.7577636698080374e-11,-4.2654187905200258e-11
1.895,3.0336459333889112e-10,5.0846348333729824e-10,6.7898888466190321e-10,7.72463759733615e-10,4.9434721688876783e-10,-1.8614394572670261e-11,-4.368091990063065e-11
1.8975,3.0172230526066012e-10,5.0586123862196331e-10,6.7593739120179469e-10,7.7096804093470492e-10,4.9920105761339664e-10,-1.9678187525241954e-11,-4.4735753582305802e-11
1.9,3.0000613643850972e-10,5.0314748343084285e-10,6.7274948328999191e-10,7.6929308138846051e-10,5.0393210502102487e-10,-2.0768511276304532e-11,-4.5818823863259855e-11
1.9025,2.9822549109423296e-10,5.0033491069786635e-10,6.6943862708875915e-10,7.6745066191383891e-10,5.0854202108839917e-10,-2.1885753714478636e-11,-4.6931242756368568e-11
1.905,2.9639035615725605e-10,4.9743698712299265e-10,6.6601935637688645e-10,7.6545354177527107e-10,5.1303245389486055e-10,-2.3030751391614235e-11,-4.8074624795506111e-11
1.9075,2.9451094811827654e-10,4.9446765623632952e-10,6.6250707613886053e-10,7.6331580231891535e-10,5.1740659416434669e-10,-2.420329718178045e-11,-4.924957176702649e-11
1.91,2.9259756751899819e-10,4.9144105079023432e-10,6.5891726884696707e-10,7.6105196007102113e-10,5.2166849529081947e-10,-2.5402423800956293e-11,-5.0455955623626066e-11
1.9125,2.9066074627523325e-10,4.8837163431193275e-10,6.5526539898239666e-10,7.5867636144717247e-10,5.2582185973635351e-10,-2.6628012593007286e-11,-5.169451597727523e-11
1.915,2.8871118922788682e-10,4.8527421005377393e-10,6.5156748747740492e-10,7.5620413248128834e-10,5.2987217375838517e-10,-2.7878536094686376e-11,-5.2964582622885522e-11
1.9175,2.8675953064345193e-10,4.8216372009622628e-10,6.4784052528581641e-10,7.5365192662908607e-10,5.3382670665824805e-10,-2.9150834231158828e-11,-5.4263869051171156e-11
1.92,2.8481599786971004e-10,4.7905474313427568e-10,6.4410168482786531e-10,7.5103692555160878e-10,5.376943352209203e-10,-3.0440545130229246e-11,-5.5588890962359326e-11
1.9225,2.8289017964008743e-10,4.7596111106017057e-10,6.4036752222701707e-10,7.4837621523139814e-10,5.4148431735708845e-10,-3.1742986831340339e-11,-5.6935819303543706e-11
1.925,2.8099104969194228e-10,4.7289608418376032e-10,6.366541620633282e-10,7.4568682088284039e-10,5.4520556759199683e-10,-3.3054644851118881e-11,-5.8301980436801228e-11
1.9275,2.7912700221311565e-10,4.6987234535119437e-10,6.3297684510209159e-10,7.4298490875228863e-10,5.4886649649384774e-10,-3.4372651089459395e-11,-5.9685337604684866e-11
1.93,2.7730601898537416e-10,4.6690183118518831e-10,6.2934942304108631e-10,7.4028484699752799e-10,5.5247331678864163e-10,-3.5695775698639318e-11,-6.1085435219034506e-11
1.9325,2.7553581729324403e-10,4.6399580065649686e-10,6.2578495791292245e-10,7.3759998853541301e-10,5.5603257841356882e-10,-3.7022498727446851e-11,-6.250146714828623e-11
1.935,2.7382373531937354e-10,4.611646817792124e-10,6.2229573526644536e-10,7.3494346669292963e-10,5.5955230071728647e-10,-3.8349696291131704e-11,-6.3930980562193745e-11
1.9375,2.7217640433537258e-10,4.5841798831070693e-10,6.1889357860462979e-10,7.3232895754466698e-10,5.6304134315415975e-10,-3.9673795255164207e-11,-6.5371019008658516e-11
1.94,2.7059945509659766e-10,4.5576428960508471e-10,6.1558955843714826e-10,7.2976974751566309e-10,5.6650958916981814e-10,-4.0989655218470181e-11,-6.6817011041249269e-11
1.9425,2.6909734290735831e-10,4.5321091963503984e-10,6.1239339665920739e-10,7.272771888591071e-10,5.6996292036669004e-10,-4.2295284312594853e-11,-6.8267499156500088e-11
1.945,2.6767344849584933e-10,4.5076397439323007e-10,6.0931354182228105e-10,7.2486113722193607e-10,5.7340747966231968e-10,-4.358903305595288e-11,-6.9721319170539295e-11
1.9475,2.6633032006055859e-10,4.4842829811259894e-10,6.0635710853580254e-10,7.2253075262572636e-10,5.7685099288191483e-10,-4.4866402893518688e-11,-7.1174343156243565e-11
1.95,2.6506996250108835e-10,4.4620745983199528e-10,6.0352921657220896e-10,7.2029352302191884e-10,5.8029945369134258e-10,-4.6124194190741822e-11,-7.2623654859730176e-11
1.9525,2.6389399055182655e-10,4.4410399572238325e-10,6.0083314796041751e-10,7.181546131091794e-10,5.8375799197830128e-10,-4.7360041458849748e-11,-7.4067105168858335e-11
1.955,2.6280364152410426e-10,4.4211973465879583e-10,5.9827109483127662e-10,7.1611777333335785e-10,5.8722938032780752e-10,-4.8573232789369642e-11,-7.5504127268520671e-11
1.9575,2.6179944812126913e-10,4.4025586583665501e-10,5.9584463985434991e-10,7.1418569513763897e-10,5.9071475470636557e-10,-4.9764105024111413e-11,-7.6935126047230758e-11
1.96,2.6088080635955271e-10,4.3851248405097597e-10,5.9355483012854231e-10,7.1236054710477964e-10,5.9421616888397468e-10,-5.0930650906207018e-11,-7.835806685852066e-11
1.9625,2.6004594999229357e-10,4.3688814872075635e-10,5.9140137977419602e-10,7.1064404190774541e-10,5.9773644426703798e-10,-5.2069057163977311e-11,-7.9768984829109709e-11
1.965,2.592921819093372e-10,4.353800209128367e-10,5.8938238808602864e-10,7.0903643806996018e-10,6.0127958726374221e-10,-5.3172786684779688e-11,-8.1161070484877111e-11
1.9675,2.5861599460654805e-10,4.3398413470479645e-10,5.874945999659328e-10,7.0753623381829991e-10,6.0484562443012683e-10,-5.4240266097568535e-11,-8.2532361022495937e-11
1.97,2.5801321825002956e-10,4.3269531692495132e-10,5.8573245068751981e-10,7.0613910471682759e-10,6.0843057256443174e-10,-5.5273765001385711e-11,-8.3884633186761153e-11
1.9725,2.5747933174996256e-10,4.3150754651228656e-10,5.8408873569001426e-10,7.0483877896115686e-10,6.1202956108480654e-10,-5.6274063642236446e-11,-8.5218060804785921e-11
1.975,2.5700960691923399e-10,4.3041465543470427e-10,5.825568435643869e-10,7.0362977009982425e-10,6.156387904102808e-10,-5.7240522205069168e-11,-8.6531310141599831e-11
1.9775,2.5659905788419232e-10,4.2941075986453774e-10,5.8113200335887333e-10,7.0251078121967166e-10,6.1926450511432918e-10,-5.8158552362923504e-11,-8.7809060105868861e-11
1.98,2.5624084973454869e-10,4.2848752808652837e-10,5.7980538436517404e-10,7.0147224388182204e-10,6.2289199354574617e-10,-5.9043437579948241e-11,-8.9065781283895155e-11
1.9825,2.5592770855002631e-10,4.2763459526175236e-10,5.7856369294674502e-10,7.0050014297435393e-10,6.2650517979789369e-10,-5.9906417066015833e-11,-9.0311738733665341e-11
1.985,2.5565374880089809e-10,4.268431756511627e-10,5.7739548744550648e-10,6.9958427155709985e-10,6.3010253249761316e-10,-6.0740070731707779e-11,-9.1538513849814642e-11
1.9875,2.5541382903239529e-10,4.2610700529328297e-10,5.7629341401803393e-10,6.987172756047807e-10,6.336865340034012e-10,-6.1535292980150268e-11,-9.2736029969394967e-11
1.99,2.5520185743213501e-10,4.2541986946014425e-10,5.7525162106520249e-10,6.9789314731027999e-10,6.3725546560493124e-10,-6.2290434618916106e-11,-9.3901672467944386e-11
1.9925,2.5501038082129809e-10,4.2477343967416156e-10,5.7426273527266595e-10,6.9710685452612481e-10,6.4080389393842647e-10,-6.3006309887127767e-11,-9.503536784441661e-11
1.995,2.5483108314389357e-10,4.2415686950126419e-10,5.7331589664560434e-10,6.9635081093761291e-10,6.4432593796748106e-10,-6.3680165365135454e-11,-9.6133539306613483e-11
1.9975,2.5465520114788525e-10,4.2355748264857905e-10,5.7239627752669934e-10,6.9561170582283687e-10,6.4781080170296709e-10,-6.4312624338420395e-11,-9.7195941915563401e-11
2.0,2.5447424055244479e-10,4.2296252944132289e-10,5.7148754721986344e-10,6.9487233474080302e-10,6.5124386013160872e-10,-6.4910609257112777e-11,-9.8228488058478554e-11
2.0025,2.5428043946823006e-10,4.2236060912064079e-10,5.7057478472208318e-10,6.9411549637378112e-10,6.5460809300563277e-10,-6.5486425356469293e-11,-9.9242311228164182e-11
2.005,2.5406705876186817e-10,4.2174227164186538e-10,5.6964569859313418e-10,6.9332685429987916e-10,6.5788858913336268e-10,-6.6051307040192608e-11,-1.0024737497104199e-10
2.0075,2.5382865965207751e-10,4.211002437815726e-10,5.6869105231293891e-10,6.924963637627546e-10,6.6107648574242977e-10,-6.6609178953697493e-11,-1.0124633752483073e-10
2.01,2.5356096067497477e-10,4.2042932499456564e-10,5.6770475506984682e-10,6.9161789789988478e-10,6.6416676482925468e-10,-6.7160387312571444e-11,-1.0223841638016556e-10
2.0125,2.5325912605528222e-10,4.1972413616769788e-10,5.6668139494808807e-10,6.9068488651296368e-10,6.6715060346574853e-10,-6.7714898575390959e-11,-1.032323926794218e-10
2.015,2.5291985279222989e-10,4.1898165264993704e-10,5.6561954221010218e-10,6.8969870861520003e-10,6.7003648733693914e-10,-6.8251405493942424e-11,-1.042062854763155e-10
2.0175,2.52539940705071e-10,4.1819885216793705e-10,5.6451794254398473e-10,6.8866167470024556e-10,6.7283426359849726e-10,-6.8750065530811493e-11,-1.0514004576266787e-10
2.02,2.5211604009114113e-10,4.1737121005299135e-10,5.6337151987687307e-10,6.8756955833481702e-10,6.755371087126318e-10,-6.9218134406208356e-11,-1.0604098968338664e-10
2.0225,2.5164536281517311e-10,4.164940151118684e-10,5.6217307993955068e-10,6.8641410820860547e-10,6.7813033946098986e-10,-6.9671463065462403e-11,-1.0692512503131795e-10
2.025,2.5112645117172837e-10,4.1556441857331848e-10,5.6091789431190277e-10,6.8518912042220229e-10,6.8060388316034788e-10,-7.0117236013457602e-11,-1.0779969238049402e-10
2.0275,2.5055907064135367e-10,4.1458148058522471e-10,5.5960430731309029e-10,6.8389137786036008e-10,6.8295480204560037e-10,-7.0555793052921162e-11,-1.0866495258827258e-10
2.03,2.4994396045751476e-10,4.1354614607266897e-10,5.5823365042758328e-10,6.8252164286332871e-10,6.8518587487747761e-10,-7.0984221618737635e-11,-1.0951794101397948e-10
2.0325,2.4928259386224287e-10,4.1246104494696846e-10,5.5680964383983094e-10,6.8108465731330575e-10,6.8730187347452072e-10,-7.1399930463037798e-11,-1.1035622590831323e-10
2.035,2.4857715370277134e-10,4.1132975422270382e-10,5.5533697589484547e-10,6.7958695480470039e-10,6.8930939438776203e-10,-7.1798359017264077e-11,-1.1117574225592747e-10
2.0375,2.4783072235146227e-10,4.1015631591841117e-10,5.5382027096793493e-10,6.7803473260818139e-10,6.9121436671063168e-10,-7.2174672134919133e-11,-1.1197248819289688e-10
2.04,2.4704729132234335e-10,4.0894543592648597e-10,5.5226457693308327e-10,6.7643377003307859e-10,6.9302260052895817e-10,-7.252564468292874e-11,-1.127442049279235e-10
2.0425,2.4623140046562097e-10,4.0770263376309615e-10,5.5067571117047662e-10,6.7479000545823679e-10,6.9473854007249311e-10,-7.2849115532642171e-11,-1.1348985954018982e-10
2.045,2.4538779892797335e-10,4.0643398392154475e-10,5.4906041981403106e-10,6.7310994213087341e-10,6.9636660463351517e-10,-7.3144233613712981e-11,-1.1420979455853472e-10
2.0475,2.4452136842457243e-10,4.0514581958779262e-10,5.4742600786447841e-10,6.7140085409432528e-10,6.9791161362767508e-10,-7.3411192330878731e-11,-1.1490549985247356e-10
2.05,2.4363737077381926e-10,4.0384481224684536e-10,5.4577986791687869e-10,6.6967040245652753e-10,6.9937876494969222e-10,-7.3651457200107715e-11,-1.1557978409140858e-10
2.0525,2.4274159658947775e-10,4.025381920234901e-10,5.4413011255635281e-10,6.6792732146268294e-10,7.0077441073354465e-10,-7.3863305414470665e-11,-1.1623231466292793e-10
2.055,2.4184022910271682e-10,4.0123350716679731e-10,5.4248519187224053e-10,6.6618087171434466e-10,7.0210637327483889e-10,-7.4043115418415256e-11,-1.1686087011425504e-10
2.0575,2.4093956714298464e-10,3.9993844636735066e-10,5.4085354296399948e-10,6.6444008425825308e-10,7.0338304179314662e-10,-7.4187742545200512e-11,-1.1746370580365445e-10
2.06,2.4004596089821486e-10,3.986608351091579e-10,5.3924369578589904e-10,6.6271371731684158e-10,7.046120178854139e-10,-7.4296349667141608e-11,-1.1804137072818213e-10
2.0625,2.3916537729539589e-10,3.9740836698991576e-10,5.3766390299279124e-10,6.6100980103516496e-10,7.0580013539993062e-10,-7.4368234509437972e-11,-1.1859470864225943e-10
2.065,2.3830387794971825e-10,3.9618898546358219e-10,5.3612269046462786e-10,6.593367568133187e-10,7.0695408584106342e-10,-7.4404507183965763e-11,-1.1912644146138655e-10
2.0675,2.3746770556311025e-10,3.9501075443576513e-10,5.3462905119048149e-10,6.5770426278408404e-10,7.0808280514921199e-10,-7.4403255596777616e-11,-1.1963630150006926e-10
2.07,2.3666291919743646e-10,3.9388117795630929e-10,5.3319138989686111e-10,6.5612190959750904e-10,7.0919561709693511e-10,-7.4360991389085648e-11,-1.2012234525028355e-10
2.0725,2.3589504748926536e-10,3.92806954347851e-10,5.3181733352485236e-10,6.5459809644581171e-10,7.103005463672528e-10,-7.4273943138677554e-11,-1.2058237084154266e-10
2.075,2.3516873642601386e-10,3.9179383335543815e-10,5.3051351127389349e-10,6.5313967112006548e-10,7.1140306842477646e-10,-7.414198271769285e-11,-1.210178650250564e-10
2.0775,2.3448778193368013e-10,3.9084654593944346e-10,5.2928546689999727e-10,6.5175259817789932e-10,7.1250797713585751e-10,-7.3966558100716886e-11,-1.2143174692522139e-10
2.08,2.3385550721237534e-10,3.8996907887334375e-10,5.2813787545077801e-10,6.5044225281216993e-10,7.1362004036793897e-10,-7.3750069691053191e-11,-1.2182775015341118e-10
2.0825,2.3327479517883626e-10,3.891648066163216e-10,5.2707456076596446e-10,6.4921287515640492e-10,7.1474303427547129e-10,-7.3494593517398195e-11,-1.2220924953515014e-10
2.085,2.3274820045585757e-10,3.8843673179838636e-10,5.26098747480361e-10,6.4806799183264052e-10,7.1588040714579466e-10,-7.3202791787517178e-11,-1.2257997683737824e-10
2.0875,2.3227801986820285e-10,3.8778751248112435e-10,5.252129523283972e-10,6.4701086742011432e-10,7.1703655274451597e-10,-7.287538692890648e-11,-1.2294181089124057e-10
2.09,2.3186628977603492e-10,3.8721939504088839e-10,5.2441938438504052e-10,6.4604438271290244e-10,7.1821583408913992e-10,-7.2513633986298071e-11,-1.2329716066861851e-10
2.0925,2.3151456814682834e-10,3.8673378161252497e-10,5.2371966381194901e-10,6.4517064289324205e-10,7.1942122675317742e-10,-7.2119944900447074e-11,-1.236494986479545e-10
2.095,2.3122372108175191e-10,3.8633096464066024e-10,5.2311368024602783e-10,6.443902036281628e-10,7.2065452115840789e-10,-7.1696827077584868e-11,-1.2400245059630989e-10
2.0975,2.3099394711857407e-10,3.8601041533772604e-10,5.2260046751474977e-10,6.4370270363066124e-10,7.2191673966102364e-10,-7.1246379918352766e-11,-1.2435928395737047e-10
2.1,2.3082477981772566e-10,3.8577101838118893e-10,5.2217881508326405e-10,6.4310729840781839e-10,7.2320841961113652e-10,-7.0770246215774358e-11,-1.2472263149848565e-10
2.1025,2.3071504870341179e-10,3.856110399585612e-10,5.218472842305625e-10,6.4260305733537871e-10,7.2453045991615497e-10,-7.0270651333780251e-11,-1.2509584851602209e-10
2.105,2.3066295100513138e-10,3.8552794817968792e-10,5.2160360212650501e-10,6.4218841477471685e-10,7.2588291787082403e-10,-6.9749352896356052e-11,-1.2548157459429371e-10
2.1075,2.306664013764735e-10,3.8551844042753249e-10,5.2144420267841827e-10,6.4186053766223996e-10,7.2726443151961124e-10,-6.9210508028832952e-11,-1.2588460517052507e-10
2.11,2.3072315604545364e-10,3.855788550505278e-10,5.2136488508284585e-10,6.4161591919846025e-10,7.2867327540321946e-10,-6.8655600037191066e-11,-1.2630727640516315e-10
2.1125,2.3083063662952162e-10,3.857053283333817e-10,5.2136153936511787e-10,6.4145121193877539e-10,7.301087839507234e-10,-6.8082596281286863e-11,-1.2674843928965791e-10
2.115,2.3098607261407046e-10,3.8589385172521078e-10,5.2143011213946574e-10,6.4136360723736006e-10,7.315717834289498e-10,-6.7490565355639869e-11,-1.2720790594864618e-10
2.1175,2.3118643498347861e-10,3.8614017404720795e-10,5.2156651584436113e-10,6.4135048228498659e-10,7.3306419833283386e-10,-6.6877647285651753e-11,-1.2768448127906661e-10
2.12,2.3142823030083734e-10,3.8643935611822187e-10,5.2176551426242076e-10,6.4140768824981198e-10,7.3458618816832902e-10,-6.6241550693944924e-11,-1.281765754916133e-10
2.1225,2.3170759915188766e-10,3.8678568727914871e-10,5.2202042919719513e-10,6.4152920769466237e-10,7.3613513320386637e-10,-6.5582457025284802e-11,-1.286853241186112e-10
2.125,2.3202045704519161e-10,3.8717308241246806e-10,5.2232457896558381e-10,6.4170887828824611e-10,7.3770742306998428e-10,-6.4900311205662467e-11,-1.2921183374322367e-10
2.1275,2.3236236346523808e-10,3.8759533694372057e-10,5.226719643092929e-10,6.4194113959810941e-10,7.392992661194759e-10,-6.4195845444503126e-11,-1.2975802981443174e-10
2.13,2.3272839688590846e-10,3.8804611494011417e-10,5.2305694307666982e-10,6.4222147734497425e-10,7.4090876565125559e-10,-6.3466916846124126e-11,-1.303230485958771e-10
2.1325,2.3311339811264514e-10,3.8851885642527426e-10,5.2347321281919033e-10,6.4254495757773321e-10,7.4253418599511198e-10,-6.2711355019686197e-11,-1.3090585912348787e-10
2.135,2.3351247895917579e-10,3.890069241840148e-10,5.2391387355942598e-10,6.4290585855968052e-10,7.4417371129381719e-10,-6.192459887293317e-11,-1.3150299790529325e-10
2.1375,2.3392112633943485e-10,3.8950385932194245e-10,5.24372081584034e-10,6.4329843888503624e-10,7.4582574924886891e-10,-6.110079097939449e-11,-1.3210972288434381e-10
2.14,2.3433494796622848e-10,3.90003523384238e-10,5.2484164874217906e-10,6.4371735750041948e-10,7.4748805962001402e-10,-6.0235583339035051e-11,-1.327228620443271e-10
2.1425,2.3474905275809618e-10,3.9049961751026195e-10,5.2531669626236598e-10,6.4415748839548143e-10,7.4915781264938505e-10,-5.9325716960314323e-11,-1.3334053584720478e-10
2.145,2.3515798916406728e-10,3.9098519288528615e-10,5.257903270676523e-10,6.4461270835972668e-10,7.5083113177485213e-10,-5.8367812569490411e-11,-1.339608586562018e-10
2.1475,2.3555643692869433e-10,3.9145308866834813e-10,5.2625483890751544e-10,6.450761164761015e-10,7.5250375247143947e-10,-5.7357342622157823e-11,-1.3458101397846848e-10
2.15,2.3593969146874849e-10,3.9189663901807187e-10,5.2670241825582048e-10,6.4554045280824175e-10,7.5417187225537158e-10,-5.628858927063199e-11,-1.351970545363627e-10
2.1525,2.3630372212931202e-10,3.9231005471931601e-10,5.2712609478628599e-10,6.4599851480793884e-10,7.5583128973420042e-10,-5.5157736272141005e-11,-1.3580676131352302e-10
2.155,2.3664487167505088e-10,3.9268814456059134e-10,5.2751978250495509e-10,6.4644350131252509e-10,7.5747698178891491e-10,-5.3961580812070913e-11,-1.3640832182915349e-10
2.1575,2.3695945768087844e-10,3.9302588424900459e-10,5.2787815204784605e-10,6.468695016538945e-10,7.5910383566292221e-10,-5.2695884546714025e-11,-1.3699901417078959e-10
2.16,2.3724414455334884e-10,3.9331854277866517e-10,5.2819606030460535e-10,6.4726940630966805e-10,7.6070382400222822e-10,-5.1349219586359311e-11,-1.3757048713561414e-10
2.1625,2.3749501663975454e-10,3.9356110683260804e-10,5.2846840919362452e-10,6.4763993905150879e-10,7.6227559093705003e-10,-4.9911510423431266e-11,-1.381143503795573e-10
2.165,2.3770810014120124e-10,3.9374829329085188e-10,5.2868944260431452e-10,6.4797812736270058e-10,7.6381853468942164e-10,-4.8383090912083883e-11,-1.386311879377985e-10
2.1675,2.3787981355610983e-10,3.9387443751793201e-10,5.2885144006641112e-10,6.4827480603752528e-10,7.6532252653211931e-10,-4.6777249446324351e-11,-1.3913396379330209e-10
2.17,2.380072438395669e-10,3.9393391725703925e-10,5.2894485626607401e-10,6.4851562525955584e-10,7.6677035790937191e-10,-4.5105751051638504e-11,-1.3963458450261642e-10
2.1725,2.380884637945365e-10,3.9392312578315846e-10,5.2896264564599766e-10,6.4868825269482325e-10,7.6814698412962762e-10,-4.3367682049188626e-11,-1.401335432441833e-10
2.175,2.3812226323988845e-10,3.9384119650442957e-10,5.2890301117779453e-10,6.4878724472680325e-10,7.6944390880756386e-10,-4.1557045812069241e-11,-1.4062709347897506e-10
2.1775,2.381075645226889e-10,3.9368829053972774e-10,5.2876659426138443e-10,6.4881173695093921e-10,7.7065719971777015e-10,-3.9669006408998095e-11,-1.4111215532233618e-10
2.18,2.3804347830597219e-10,3.9346390939567182e-10,5.2855288460118327e-10,6.4876113599727379e-10,7.7178436147982713e-10,-3.7699072317402401e-11,-1.4158458514850538e-10
2.1825,2.3792979146930983e-10,3.9316686615624577e-10,5.2825940383226906e-10,6.4863302590339238e-10,7.7282210343955251e-10,-3.5643145869420945e-11,-1.4203946486099339e-10
2.185,2.3776690770556004e-10,3.9279599243472626e-10,5.2788277094601397e-10,6.484226835960862e-10,7.7376445785261983e-10,-3.3499995673856396e-11,-1.4247427403915377e-10
2.1875,2.3755543090106637e-10,3.9235081061656346e-10,5.2742002097127559e-10,6.4812428606782047e-10,7.7460292541712433e-10,-3.1272360259449546e-11,-1.428905193756648e-10
2.19,2.3729588414399449e-10,3.9183169301009237e-10,5.2686928975026084e-10,6.4773231751548051e-10,7.7532791442173268e-10,-2.8966501644288828e-11,-1.4329342379298569e-10
2.1925,2.3698885569410555e-10,3.9123954893184813e-10,5.2622962724944906e-10,6.4724220028386317e-10,7.7592991246775309e-10,-2.6590211354495962e-11,-1.4368966333010236e-10
2.195,2.366353537155628e-10,3.9057557239274268e-10,5.2550041577030583e-10,6.4665023572154081e-10,7.7640074713632828e-10,-2.4151133184369941e-11,-1.4408549567777634e-10
2.1975,2.3623612184005561e-10,3.8984010576822551e-10,5.2467928800834764e-10,6.4595150427254398e-10,7.7673142881197459e-10,-2.1667373992885249e-11,-1.444957842194486e-10
2.2,2.3579351282513963e-10,3.8903464288131294e-10,5.2376474887227905e-10,6.4514063913534011e-10,7.7691324150436827e-10,-1.9150473095812681e-11,-1.449303359391217e-10
2.2025,2.3531048118470767e-10,3.8816251979001952e-10,5.2275863722928048e-10,6.4421422584047009e-10,7.7693825736657799e-10,-1.6597822797106829e-11,-1.4538618474335937e-10
2.205,2.3478876568369874e-10,3.872270264372991e-10,5.2166443924716614e-10,6.4317244437226959e-10,7.7680172743797235e-10,-1.3998019124165061e-11,-1.4585178924999594e-10
2.2075,2.3422898249653266e-10,3.862299366255302e-10,5.2048477201244295e-10,6.4201853968030517e-10,7.7650399775728298e-10,-1.1345120550306348e-11,-1.4631975801069487e-10
2.21,2.3363188136194921e-10,3.8517195100585124e-10,5.1922000316738602e-10,6.4075478251377053e-10,7.760465373043127e-10,-8.6477375661432939e-12,-1.4679528391941016e-10
2.2125,2.329988791284961e-10,3.8405386064094406e-10,5.1786918412834993e-10,6.393799425711268e-10,7.7542728333276204e-10,-5.9189775135064749e-12,-1.4728713560908883e-10
2.215,2.3233147538265594e-10,3.8287718480156692e-10,5.1643188598261939e-10,6.3789052346885851e-10,7.7464040934830027e-10,-3.1709831173417277e-12,-1.4780352160984155e-10
2.2175,2.3163082507216343e-10,3.8164387416157752e-10,5.1490884828232583e-10,6.3628344284107622e-10,7.7367880139909142e-10,-4.1489618506319013e-13,-1.4835289489165235e-10
2.22,2.3089819168383739e-10,3.8035616538434073e-10,5.1330165611098494e-10,6.3455749672759032e-10,7.7253779668350673e-10,2.33934657574866e-12,-1.4894325882431822e-10
2.2225,2.3013556988437135e-10,3.7901699242880911e-10,5.1161270046094845e-10,6.3271367453444601e-10,7.7121619818238122e-10,5.0829801062759436e-12,-1.4958180163051895e-10
2.225,2.2934575991010643e-10,3.7763032161291901e-10,5.0984581768985696e-10,6.3075532252106384e-10,7.6971691173855145e-10,7.8130653572887768e-12,-1.5026982256298766e-10
2.2275,2.285316462579922e-10,3.7620055432031789e-10,5.0800623201083548e-10,6.2868775710969815e-10,7.680459088945023e-10,1.0532531300547399e-11,-1.5100292545494592e-10
2.23,2.2769547604225805e-10,3.7473164546923164e-10,5.0609947169020602e-10,6.2651706121298133e-10,7.6620965913710981e-10,1.3243980160362605e-11,-1.5177764127053877e-10
2.2325,2.2683841517389618e-10,3.7322636148766032e-10,5.0413000295679628e-10,6.2424871509873326e-10,7.642140396377712e-10,1.5945937840618169e-11,-1.5259495819210636e-10
2.235,2.2596139164231386e-10,3.7168710721842852e-10,5.0210181088305051e-10,6.2188820808630473e-10,7.6206594815436793e-10,1.8637737977921851e-11,-1.5345478368214499e-10
2.2375,2.2506572795672252e-10,3.7011684548475913e-10,5.0001928965578082e-10,6.1944150051261028e-10,7.5977334556075387e-10,2.1322904070319095e-11,-1.5435297715050882e-10
2.24,2.2415321057614536e-10,3.685193440002551e-10,4.9788788609547728e-10,6.1691570196490959e-10,7.5734544756238484e-10,2.4007320511439007e-11,-1.5528371400984765e-10
2.2425,2.2322579462577398e-10,3.6689884995779057e-10,4.9571425565290934e-10,6.1431937486253107e-10,7.5479286941124841e-10,2.669273451302039e-11,-1.5624539255696902e-10
2.245,2.222854972394891e-10,3.6525982216351463e-10,4.9350570506259356e-10,6.1166216457909903e-10,7.5212808280362239e-10,2.9382039304394815e-11,-1.5723549155450216e-10
2.2475,2.2133453286614333e-10,3.6360714340344614e-10,4.9127071850303377e-10,6.0895621963587463e-10,7.4936830145927786e-10,3.2096040585647763e-11,-1.5823538695667742e-10
2.25,2.2037430633867119e-10,3.6194438436658317e-10,4.8901545092785948e-10,6.0620930602910111e-10,7.4652253584645634e-10,3.4835577375914483e-11,-1.5924442399698222e-10
2.2525,2.194063858953422e-10,3.6027434740458996e-10,4.8674362351636816e-10,6.0342749744039742e-10,7.4359898585916244e-10,3.7593541613352839e-11,-1.6026907787316277e-10
2.255,2.1843369023532796e-10,3.5860139371889771e-10,4.8446088815372422e-10,6.0061993342032435e-10,7.4061241379619092e-10,4.0366806004117721e-11,-1.6131308030770302e-10
2.2575,2.1745954845638185e-10,3.5693167266422573e-10,4.8217651833592167e-10,5.9779778660922033e-10,7.3757906588068867e-10,4.3161188107443753e-11,-1.623731896502433e-10
2.26,2.1648609862397752e-10,3.5527109048572588e-10,4.7990122532775258e-10,5.949734706700159e-10,7.3451441058348233e-10,4.5992346456760977e-11,-1.6343773833113144e-10
2.2625,2.1551431112980995e-10,3.5362404001271932e-10,4.7764455400799025e-10,5.9216044937635461e-10,7.3143554572998401e-10,4.8880332173136296e-11,-1.6449082115200157e-10
2.265,2.1454506732228257e-10,3.5199361469731199e-10,4.7541351410289322e-10,5.8937085052808148e-10,7.2835982889850461e-10,5.1842640709251409e-11,-1.6551872313963861e-10
2.2675,2.1358011619306226e-10,3.5038295688161247e-10,4.7321334902796444e-10,5.8661390103447436e-10,7.2530220773639015e-10,5.4889992502050189e-11,-1.665144675091429e-10
2.27,2.1262220334391856e-10,3.4879632055349847e-10,4.7104948558876423e-10,5.8389725969483148e-10,7.2227444627410121e-10,5.8027395415314391e-11,-1.674769569052722e-10
2.2725,2.116746363513288e-10,3.4723898332982506e-10,4.6892870661171166e-10,5.8122927570546579e-10,7.1928732309136416e-10,6.1258664319184346e-11,-1.6840640983330395e-10
2.275,2.1074074455870501e-10,3.4571641923598538e-10,4.6685875711705795e-10,5.7861965230049062e-10,7.1635272950358573e-10,6.4588049967464484e-11,-1.6930221469358683e-10
2.2775,2.0982354853359148e-10,3.4423361292293732e-10,4.6484719571207462e-10,5.7607845021332726e-10,7.1348367885316129e-10,6.8021401211215932e-11,-1.7016134361527955e-10
2.28,2.0892573193428315e-10,3.427950772869026e-10,4.629010335001654e-10,5.7361531561102844e-10,7.1069333879976397e-10,7.156686634155552e-11,-1.7097761528169045e-10
2.2825,2.0804968705790156e-10,3.4140501634874455e-10,4.6102690440051732e-10,5.7123913470293675e-10,7.0799406263939565e-10,7.5232860894935472e-11,-1.717446694159018e-10
2.285,2.0719763786956906e-10,3.4006735959029462e-10,4.5923096671465399e-10,5.6895804451814397e-10,7.0539701920629872e-10,7.9028532266727636e-11,-1.7245598438132427e-10
2.2875,2.0637168695285834e-10,3.3878541861021197e-10,4.5751818699421817e-10,5.6677797528215199e-10,7.0290944359603877e-10,8.2949932699531284e-11,-1.7311773565395685e-10
2.29,2.0557434143460533e-10,3.3756341262087003e-10,4.5589465011052265e-10,5.6470759477700498e-10,7.0054320103443395e-10,8.7006966823161095e-11,-1.7372406751113599e-10
2.2925,2.0480816039822766e-10,3.3640521659067407e-10,4.5436585101340975e-10,5.6275478648584588e-10,6.9830851388240893e-10,9.121592223610659e-11,-1.7426421624844264e-10
2.295,2.0407561547885676e-10,3.3531375722720079e-10,4.5293502386284861e-10,5.6092349301507033e-10,6.9620992611656881e-10,9.5586926517901787e-11,-1.747321073740661e-10
2.2975,2.0337911009696228e-10,3.3429159915752904e-10,4.5160411587576217e-10,5.5921550667605548e-10,6.942495688969224e-10,1.0012093374920343e-10,-1.7512924389471645e-10
2.3,2.0272118729946732e-10,3.3334168061873838e-10,4.5037559928924505e-10,5.5763271395105864e-10,6.9242996990444878e-10,1.0481091498733547e-10,-1.7546332173414821e-10
2.3025,2.0210450477959852e-10,3.3246724825211974e-10,4.4925253189643219e-10,5.5617675618687003e-10,6.9075191173449791e-10,1.0964725502696351e-10,-1.7574397021014219e-10
2.305,2.0153177839512935e-10,3.3167181069119724e-10,4.4823857890154683e-10,5.5485025161899582e-10,6.8921579047784155e-10,1.1462238879363417e-10,-1.7597937398540875e-10
2.3075,2.010053722654008e-10,3.3095858690359257e-10,4.4733756761638219e-10,5.5365722771966943e-10,6.8782433498180325e-10,1.1973931620870081e-10,-1.7616774284098313e-10
2.31,2.0052717856843458e-10,3.3032976341843214e-10,4.4655209814790923e-10,5.526011944516541e-10,6.8658135491654271e-10,1.2500436920702027e-10,-1.7630362295186112e-10
2.3125,2.0009847740427127e-10,3.2978613937166092e-10,4.458825801970345e-10,5.5168312755806304e-10,6.8548863761453821e-10,1.3042079130299574e-10,-1.7638330518736872e-10
2.315,1.9972015702307887e-10,3.293276595558096e-10,4.4532770218045088e-10,5.5090116188473478e-10,6.8454462421576446e-10,1.3598766926814505e-10,-1.7640674259493607e-10
2.3175,1.9939304397451322e-10,3.2895424716517387e-10,4.4488574486390399e-10,5.5025199530412312e-10,6.8374511025867114e-10,1.4169882607452786e-10,-1.7637902740157163e-10
2.32,1.9911806047777528e-10,3.2866601573943856e-10,4.44555072654617e-10,5.497320868140166e-10,6.8308503169475861e-10,1.4754767149332874e-10,-1.7630601800861079e-10
2.3225,1.9889610808054563e-10,3.2846308265278817e-10,4.4433399692594537e-10,5.4933781312316821e-10,6.825587220673219e-10,1.5352712214131385e-10,-1.7619381061604049e-10
2.325,1.9872747887692532e-10,3.2834446909047721e-10,4.4421899087434515e-10,5.4906389719956118e-10,6.8215791370313979e-10,1.5963492569366654e-10,-1.7604246337287221e-10
2.3275,1.9861315490982428e-10,3.2830905177859753e-10,4.4420614561319132e-10,5.4890434362111076e-10,6.8187462112209402e-10,1.6585684457816352e-10,-1.7586387628978752e-10
2.33,1.9855380542895932e-10,3.283565911095308e-10,4.4429457625916347e-10,5.4885565601760698e-10,6.8170382022899615e-10,1.7217893166255591e-10,-1.7566918200569796e-10
2.3325,1.9854815586516816e-10,3.2848613728463978e-10,4.4448390109867029e-10,5.4891567963057555e-10,6.8164085953703905e-10,1.7859540607186011e-10,-1.7546192057579836e-10
2.335,1.9859376288979518e-10,3.2869453162433487e-10,4.4477028928174383e-10,5.4908057106565729e-10,6.8167970142605315e-10,1.8510432871774098e-10,-1.7524226079971402e-10
2.3375,1.9868887751935107e-10,3.2897753577033626e-10,4.45147474131508e-10,5.4934505774754706e-10,6.8181482249012974e-10,1.917044144753124e-10,-1.750091582933264e-10
2.34,1.9883244666468388e-10,3.2933075637527916e-10,4.4560801470901236e-10,5.4970200078406578e-10,6.820401774957099e-10,1.9839346191826884e-10,-1.7476147952625081e-10
2.3425,1.9902294623840807e-10,3.2974938019290871e-10,4.461435158341992e-10,5.5014106650495598e-10,6.8234593020633275e-10,2.0516359492687861e-10,-1.7450241652908076e-10
2.345,1.9925780394667049e-10,3.3022812575923815e-10,4.4674571192128972e-10,5.5065069717210262e-10,6.8271921312933478e-10,2.1200121840197551e-10,-1.7423993383302872e-10
2.3475,1.9953371830825976e-10,3.3076166161578147e-10,4.4740729662592147e-10,5.5122087432824182e-10,6.831476107203166e-10,2.1889250203118917e-10,-1.7398220191839824e-10
2.35,1.9984732547507145e-10,3.3134498229926889e-10,4.4812170129652369e-10,5.5184354256914924e-10,6.8362074627507872e-10,2.2582648432226631e-10,-1.7373516641083918e-10
2.3525,2.0019552522219662e-10,3.3197332332285343e-10,4.4888275304163778e-10,5.525114057210722e-10,6.8413020870822998e-10,2.3279624850280754e-10,-1.735016889804649e-10
2.355,2.0057559670221819e-10,3.3264219150614626e-10,4.4968634688934104e-10,5.5322139924917034e-10,6.8467446691144018e-10,2.3979734796034965e-10,-1.732853267487692e-10
2.3575,2.0098307795848483e-10,3.3334514731604334e-10,4.5052587771918718e-10,5.5396676950142659e-10,6.8524577985732407e-10,2.4682815546337083e-10,-1.7308406081154315e-10
2.36,2.0141250665244894e-10,3.3407341554176952e-10,4.5138888870921577e-10,5.5473414503993924e-10,6.8582925876374912e-10,2.5388231555960715e-10,-1.7289863451089039e-10
2.3625,2.0185978090382142e-10,3.3481886838397303e-10,4.52262825571986e-10,5.5550986910913343e-10,6.8641214662831274e-10,2.6095037183864332e-10,-1.7273168661598019e-10
2.365,2.0232185268536354e-10,3.3557591136825348e-10,4.5314069209742483e-10,5.5628560727520858e-10,6.8698739672534532e-10,2.680238335519037e-10,-1.7258506801497744e-10
2.3675,2.027944535718075e-10,3.3633932011131118e-10,4.5401842928309899e-10,5.5705623971182572e-10,6.8754962243278671e-10,2.7509408356681987e-10,-1.7246145191661604e-10
2.37,2.0327173536331278e-10,3.371022294925885e-10,4.5489028529671557e-10,5.5781648405482993e-10,6.8809331582488574e-10,2.8215744188321879e-10,-1.7236011298995908e-10
2.3725,2.0374800735878813e-10,3.3785694425382482e-10,4.5574818201830975e-10,5.5856014752154554e-10,6.8861401629208048e-10,2.8921543255146008e-10,-1.7227563522221219e-10
2.375,2.0421893940323743e-10,3.3859649451028493e-10,4.5658369097578675e-10,5.5928035186726931e-10,6.8910759882138495e-10,2.9627093931848e-10,-1.7220204654023759e-10
2.3775,2.046809677552994e-10,3.3931458029262897e-10,4.5738892046904269e-10,5.5996945202879137e-10,6.8956787402244278e-10,3.0332210991872106e-10,-1.7213870721127547e-10
2.38,2.0513008679378989e-10,3.4000464319949987e-10,4.5815615307941316e-10,5.606191963033978e-10,6.8998674222810793e-10,3.1036139831948165e-10,-1.7209075570272439e-10
2.3825,2.0556124045930132e-10,3.4065934536962102e-10,4.5887767459686966e-10,5.6122168461055893e-10,6.9035692931131678e-10,3.1738288081782985e-10,-1.7206114408110621e-10
2.385,2.0596871172626794e-10,3.4127084580483758e-10,4.5954508562468996e-10,5.6176881540878512e-10,6.906717697512464e-10,3.2438198351101004e-10,-1.7205099248514111e-10
2.3875,2.0634705454959752e-10,3.4183171094406611e-10,4.6014998354283485e-10,5.6225248047226459e-10,6.9092499124975485e-10,3.3135292813026588e-10,-1.7206293494358542e-10
2.39,2.0669165186021359e-10,3.4233561472853559e-10,4.6068531442902003e-10,5.6266571148585306e-10,6.911112187366103e-10,3.3829255260465853e-10,-1.7209725920003833e-10
2.3925,2.0699852946301684e-10,3.4277712832755533e-10,4.6114573129713326e-10,5.6300343967874946e-10,6.9122646341484274e-10,3.4520190075715108e-10,-1.7215086908540296e-10
2.395,2.0726386972654287e-10,3.4315107545995371e-10,4.6152655720560092e-10,5.6326193055339457e-10,6.9126783091597916e-10,3.5208023106939055e-10,-1.7222309318097677e-10
2.3975,2.0748387340773291e-10,3.4345218095584347e-10,4.6182260393351256e-10,5.6343676988187463e-10,6.9123199149999027e-10,3.5892353888274078e-10,-1.7231670901701196e-10
2.4,2.0765496772870148e-10,3.4367546337108901e-10,4.6202873630836233e-10,5.6352354989715304e-10,6.9111568686836546e-10,3.6572849518269861e-10,-1.7243309103652225e-10
2.4025,2.0777393753515203e-10,3.438165207139579e-10,4.6214038468537847e-10,5.635183659973938e-10,6.9091605312293242e-10,3.7249302812732051e-10,-1.7257229330970465e-10
2.405,2.0783802480569193e-10,3.4387164925610632e-10,4.621536270858019e-10,5.6341772885336071e-10,6.9063083872027584e-10,3.7921611565880259e-10,-1.7273348598256018e-10
2.4075,2.0784505253959113e-10,3.4383789763325969e-10,4.6206527911917368e-10,5.6321857125887251e-10,6.90258099272004e-10,3.8589775424007332e-10,-1.729149885853195e-10
2.41,2.0779350777153069e-10,3.437131473322196e-10,4.6187325760451196e-10,5.6291927742167168e-10,6.8979725698387204e-10,3.9253711053521995e-10,-1.7311609052217055e-10
2.4125,2.0768232511832334e-10,3.4349584960991292e-10,4.6157622662135849e-10,5.6251902547600929e-10,6.8924794810269277e-10,3.9913279297267957e-10,-1.7333669175437251e-10
2.415,2.0751076904915688e-10,3.4318494639713665e-10,4.6117294737187078e-10,5.6201672925825805e-10,6.8860934633088453e-10,4.0568127933683349e-10,-1.7357873968920519e-10
2.4175,2.0727866139042954e-10,3.4278009486884569e-10,4.606626671781043e-10,5.6141132833149756e-10,6.8788051972955821e-10,4.1217904507162997e-10,-1.7384416113079345e-10
2.42,2.0698689105965083e-10,3.4228221094740935e-10,4.6004591634376279e-10,5.6070138258746426e-10,6.8705813920379336e-10,4.1862129617682678e-10,-1.7412776695622494e-10
2.4225,2.0663692886363398e-10,3.4169334263118897e-10,4.5932579054321733e-10,5.5989138377089562e-10,6.8614816676331471e-10,4.2501384329559231e-10,-1.744243513170152e-10
2.425,2.0623019716574484e-10,3.4101578840175159e-10,4.5850605792027482e-10,5.5898820111267155e-10,6.8516014169712982e-10,4.3135922474325638e-10,-1.7473587848105342e-10
2.4275,2.0576779186497581e-10,3.402508111376952e-10,4.575878197151182e-10,5.5799343668080986e-10,6.8409628834874914e-10,4.3765202694208355e-10,-1.7507179374781474e-10
2.43,2.0525114123187777e-10,3.3939942454696105e-10,4.565701096427354e-10,5.5690421758208695e-10,6.8295238554782609e-10,4.4388748909091681e-10,-1.7543661878054532e-10
2.4325,2.046828014441889e-10,3.3846455567445103e-10,4.5545433257471646e-10,5.5571927663415796e-10,6.8172472299416627e-10,4.5006232335037641e-10,-1.7583042881635475e-10
2.435,2.0406610358708457e-10,3.3745136248380657e-10,4.5424616353904072e-10,5.5444209765096769e-10,6.8041390058346356e-10,4.5617299539999222e-10,-1.7625433917210831e-10
2.4375,2.034045376625592e-10,3.3636600696846015e-10,4.5295363328088701e-10,5.5308019652304099e-10,6.7902519425746703e-10,4.6221489707590171e-10,-1.7671117048357469e-10
2.44,2.0270173122071353e-10,3.352146683880035e-10,4.5158479362479948e-10,5.5164270446565034e-10,6.7756705283867237e-10,4.6818611042811751e-10,-1.7720177740399398e-10
2.4425,2.0196187779679854e-10,3.3400357952121226e-10,4.5014734202291794e-10,5.5013888293231298e-10,6.7604897854996889e-10,4.7408873833690006e-10,-1.777219377006377e-10
2.445,2.011896382613688e-10,3.3273903385052823e-10,4.4864850638568041e-10,5.4857693303430544e-10,6.7447995802747953e-10,4.7992628063427505e-10,-1.7826586052877098e-10
2.4475,2.0039011887709579e-10,3.3142799221717616e-10,4.4709569681354587e-10,5.4696423507781183e-10,6.7286777470776866e-10,4.8570100009341464e-10,-1.7882887547586806e-10
2.45,1.9956879744233267e-10,3.3007825413618319e-10,4.454971194809467e-10,5.4530831669690984e-10,6.7121911679432284e-10,4.9141379451665822e-10,-1.7940757508565823e-10
2.4525,1.9873169471513952e-10,3.2869848828968327e-10,4.4386194620576374e-10,5.4361753440449832e-10,6.6954068843555436e-10,4.9706410654389945e-10,-1.8000087572373792e-10
2.455,1.9788537591064019e-10,3.2729795795310214e-10,4.4220001863496129e-10,5.4190111565923386e-10,6.6784024748544571e-10,5.0265223925387716e-10,-1.8060663065206032e-10
2.4575,1.9703663515031914e-10,3.2588603693903421e-10,4.405214473525433e-10,5.4016878221494592e-10,6.6612647456727635e-10,5.0817943613453907e-10,-1.8122285550342597e-10
2.46,1.9619213109686961e-10,3.2447176935142044e-10,4.3883612169784755e-10,5.3843013401470573e-10,6.6440794009312762e-10,5.1364619366043093e-10,-1.8184850868654268e-10
2.4625,1.9535795789018806e-10,3.2306339909525313e-10,4.3715318793246007e-10,5.3669423891945862e-10,6.6269280499875685e-10,5.1905260944697416e-10,-1.8248207666642588e-10
2.465,1.9453948502152418e-10,3.2166828039079949e-10,4.354809056156717e-10,5.3496937177134953e-10,6.6098842342069944e-10,5.2439951900228421e-10,-1.8312139917000761e-10
2.4675,1.937413876835332e-10,3.2029298363755717e-10,4.3382673183353103e-10,5.3326293974853021e-10,6.5930139746365271e-10,5.2968808476897808e-10,-1.8376334748262907e-10
2.47,1.9296781025484377e-10,3.1894364366296619e-10,4.3219794787285055e-10,5.3158210569654833e-10,6.576380853824067e-10,5.3491848066010305e-10,-1.8440664287541093e-10
2.4725,1.9222242101354747e-10,3.1762619328052288e-10,4.3060192132976549e-10,5.2993414261593913e-10,6.560044335559872e-10,5.4009066839933854e-10,-1.8504998399106985e-10
2.475,1.9150854741556175e-10,3.163463660786646e-10,4.2904594532154166e-10,5.2832654842512402e-10,6.5440676574218344e-10,5.4520506688632362e-10,-1.8569058399337975e-10
2.4775,1.9082944127880183e-10,3.1510979534647295e-10,4.2753723915738566e-10,5.2676705445917209e-10,6.5285230275001363e-10,5.5026318777523991e-10,-1.8632519577636227e-10
2.48,1.9018834054324473e-10,3.1392204834751908e-10,4.2608295449688365e-10,5.2526350338878886e-10,6.5134883869952797e-10,5.5526797205283485e-10,-1.8694849927726448e-10
2.4825,1.8958840845258169e-10,3.1278847700218534e-10,4.2468990959723823e-10,5.2382330422545413e-10,6.4990401501901161e-10,5.6022338266048149e-10,-1.8755486164998697e-10
2.485,1.8903266045632993e-10,3.1171402020173691e-10,4.2336429940310916e-10,5.2245301695642544e-10,6.4852456781808742e-10,5.6513284604377811e-10,-1.8813841286549104e-10
2.4875,1.8852411919437004e-10,3.1070330251060875e-10,4.2211116876380923e-10,5.2115756565643967e-10,6.4721505092440384e-10,5.6999858532275709e-10,-1.8870555313487007e-10
2.49,1.8806558842629075e-10,3.0976053871338766e-10,4.2093509610282042e-10,5.1994175485968745e-10,6.459799752828276e-10,5.7481698925314402e-10,-1.8925580425699779e-10
2.4925,1.8765940222330387e-10,3.0888965412886887e-10,4.1984173848426144e-10,5.1881069915896836e-10,6.4482385056037727e-10,5.7958960937642739e-10,-1.8977757047901313e-10
2.495,1.8730651620263648e-10,3.0809341358364069e-10,4.1883652638471741e-10,5.177700863336747e-10,6.4375166626522708e-10,5.8432492168003939e-10,-1.9025451947383384e-10
2.4975,1.8700664623873598e-10,3.0737278226166764e-10,4.1792222537400648e-10,5.168250177800895e-10,6.4276943625434062e-10,5.8903256740690154e-10,-1.9067463812892005e-10
2.5,1.8675932649069018e-10,3.0672752853522815e-10,4.1709831408779037e-10,5.1597712364413788e-10,6.4188072027936222e-10,5.9371507485293181e-10,-1.9103833021990731e-10
2.5025,1.8656449911714317e-10,3.0615727206015948e-10,4.1636272077341647e-10,5.1522403617657497e-10,6.4108456311217872e-10,5.9836692627472309e-10,-1.9135579205717576e-10
2.505,1.864221455532542e-10,3.0566185984569196e-10,4.1571395939506727e-10,5.1456200997990115e-10,6.4037698270809627e-10,6.0298088227444002e-10,-1.9163598091087408e-10
2.5075,1.863315796727954e-10,3.0524095364372219e-10,4.1515187051595444e-10,5.139890052910158e-10,6.3975455759306844e-10,6.0755298803773673e-10,-1.9188239608019684e-10
2.51,1.8629101030047769e-10,3.0489328511669716e-10,4.1467653950456705e-10,5.1350480405116122e-10,6.3921583533533504e-10,6.1208417756042168e-10,-1.920920050090921e-10
2.5125,1.8629759161086022e-10,3.0461623677282322e-10,4.1428659150172038e-10,5.1310867568011223e-10,6.3875913515121601e-10,6.1657570967622276e-10,-1.9226061285819423e-10
2.515,1.8634788691562759e-10,3.0440607043211275e-10,4.1397851659984088e-10,5.1279792477462863e-10,6.3838158702489838e-10,6.2102812863874569e-10,-1.9238673320314474e-10
2.5175,1.8643838343037045e-10,3.0425856747862392e-10,4.137472865862674e-10,5.1256789286391117e-10,6.3807936097545292e-10,6.2544103796362438e-10,-1.924704558421162e-10
2.52,1.8656580135500737e-10,3.0416974911384562e-10,4.1358825674215952e-10,5.1241452720795421e-10,6.378503940810946e-10,6.2981369602542328e-10,-1.9250264122958008e-10
2.5225,1.867264836936343e-10,3.0413518988910343e-10,4.1349574966589375e-10,5.1233055985646167e-10,6.3768668973621007e-10,6.3414494885445119e-10,-1.924868405925616e-10
2.525,1.8691660390612869e-10,3.0415008228296883e-10,4.1346318354471955e-10,5.1230794534945838e-10,6.3757912706587801e-10,6.3842896290203658e-10,-1.9243480626954246e-10
2.5275,1.8713253401564659e-10,3.0420985603879792e-10,4.1348500028957282e-10,5.1234060761261048e-10,6.375218742354118e-10,6.42657264992147e-10,-1.9236053726742712e-10
2.53,1.8737043993890567e-10,3.043099172610269e-10,4.1355665075681606e-10,5.1242280162282986e-10,6.3750885071538969e-10,6.4682161867732292e-10,-1.9227128335691339e-10
2.5325,1.8762570164323205e-10,3.0444512691588111e-10,4.1367341435969799e-10,5.1254864318887131e-10,6.3753302836283051e-10,6.5091824248337454e-10,-1.9216473411822338e-10
2.535,1.8789315064785722e-10,3.0460986529326165e-10,4.1382971784525675e-10,5.1271291283799218e-10,6.3758901521944597e-10,6.5494984490380668e-10,-1.9203005597153846e-10
2.5375,1.8816786473657465e-10,3.0479835806718942e-10,4.140188792744024e-10,5.1290984270400571e-10,6.3767204950800503e-10,6.5892087112866063e-10,-1.9185646036887235e-10
2.54,1.8844569386421379e-10,3.0500502103508844e-10,4.1423341874150969e-10,5.1313185791109927e-10,6.3777565148097921e-10,6.6283049862450745e-10,-1.9164303593116088e-10
2.5425,1.8872315031933322e-10,3.0522469540934566e-10,4.1446590192698564e-10,5.1336988412340792e-10,6.3789051533817043e-10,6.6667245928921325e-10,-1.9139708271788533e-10
2.545,1.8899699689669647e-10,3.0545266160307471e-10,4.1470962905951029e-10,5.1361512172130175e-10,6.3800660671847809e-10,6.7043713081749128e-10,-1.9112997661957625e-10
2.5475,1.8926394645349496e-10,3.0568442916197191e-10,4.1495869220084589e-10,5.1386013871505777e-10,6.3811514635057051e-10,6.7411490251919579e-10,-1.9085237327791052e-10
2.55,1.8952049581576316e-10,3.0591543105332262e-10,4.1520756173306637e-10,5.1409865621726133e-10,6.3820911252894092e-10,6.776983644327579e-10,-1.9057047879354236e-10
2.5525,1.8976281340443079e-10,3.0614070961394002e-10,4.1545050408669605e-10,5.1432448149229715e-10,6.382823601995943e-10,6.8118306865871769e-10,-1.9028630001700924e-10
2.555,1.8998683562223092e-10,3.0635493246363909e-10,4.1568125230396006e-10,5.1453078151250579e-10,6.3832795257330737e-10,6.8456556707209306e-10,-1.9000069267132224e-10
2.5575,1.901885762879896e-10,3.0655287185970722e-10,4.158934824813173e-10,5.1471056002314026e-10,6.3833839388855388e-10,6.878417701496166e-10,-1.8971515445699115e-10
2.56,1.9036428911403294e-10,3.0672966825141888e-10,4.1608130563315955e-10,5.148572542900468e-10,6.3830654559147928e-10,6.9100764906549462e-10,-1.894328228035743e-10
2.5625,1.9051075626801354e-10,3.0688107768752585e-10,4.1623936802831108e-10,5.1496485232279217e-10,6.3822597526303841e-10,6.9405826525656145e-10,-1.8915778741533446e-10
2.565,1.906255501358549e-10,3.0700371675027528e-10,4.1636299593522426e-10,5.150278534264268e-10,6.3809073106039774e-10,6.969882686256987e-10,-1.8889585972818876e-10
2.5675,1.9070695506000134e-10,3.0709500496001521e-10,4.1644851571215897e-10,5.1504175139585938e-10,6.3789583005668346e-10,6.9979391640995809e-10,-1.8865084836865634e-10
2.57,1.9075379732592157e-10,3.0715297931990912e-10,4.1649306253042171e-10,5.150032157269431e-10,6.3763767413597693e-10,7.0247213766840861e-10,-1.8842480301371256e-10
2.5725,1.9076526125065995e-10,3.0717605723634138e-10,4.1649435704619543e-10,5.1490970548809153e-10,6.3731368141429252e-10,7.0502119130524793e-10,-1.8821903590942774e-10
2.575,1.9074080319454937e-10,3.0716288217976749e-10,4.1645027973095811e-10,5.1475875383612661e-10,6.3692124353927397e-10,7.0743888092496459e-10,-1.8803516483424539e-10
2.5775,1.9068018121135993e-10,3.0711249851365312e-10,4.1635903529477842e-10,5.1454801730223865e-10,6.3645765733804957e-10,7.0972218015439471e-10,-1.8787584824332997e-10
2.58,1.9058359595633446e-10,3.0702455465044615e-10,4.1621955469994976e-10,5.1427597208395173e-10,6.3592102070366477e-10,7.1186971016800968e-10,-1.8774244094696518e-10
2.5825,1.9045179501678482e-10,3.0689939624922009e-10,4.1603168049170397e-10,5.1394238472596598e-10,6.3531102247600929e-10,7.1388073086224848e-10,-1.8763538000273381e-10
2.585,1.9028605591474717e-10,3.0673794588788074e-10,4.1579581129946703e-10,5.1354769328230013e-10,6.3462831756675007e-10,7.157558264350247e-10,-1.8755499520580539e-10
2.5875,1.9008807672559752e-10,3.0654161880892189e-10,4.1551298968990067e-10,5.1309300787130022e-10,6.3387419087603975e-10,7.174968498700252e-10,-1.8750036542035509e-10
2.59,1.8985974393042358e-10,3.0631208021050538e-10,4.151849414299893e-10,5.1258024166800954e-10,6.3305063104661541e-10,7.1910546185302824e-10,-1.8746998436647251e-10
2.5925,1.8960291749685792e-10,3.0605092815764027e-10,4.1481339188431164e-10,5.1201144104050385e-10,6.3215974876814923e-10,7.2058357694752821e-10,-1.8746307117460848e-10
2.595,1.8931952946549714e-10,3.0575981863272299e-10,4.1439972902918627e-10,5.1138828371547954e-10,6.3120337903118623e-10,7.2193221102416947e-10,-1.8747943659508952e-10
2.5975,1.8901181493322868e-10,3.0544086879131224e-10,4.1394585095787812e-10,5.1071295723642136e-10,6.3018410768672107e-10,7.2315369874642698e-10,-1.8751823238561325e-10
2.6,1.8868230534124689e-10,3.0509667622806753e-10,4.1345461898291139e-10,5.0998878244517914e-10,6.2910564707541017e-10,7.2425238604840762e-10,-1.8757692599314534e-10
2.6025,1.8833361949010936e-10,3.0472992414736168e-10,4.1292915155433082e-10,5.0921952154158648e-10,6.2797223063169225e-10,7.2523208651826558e-10,-1.8765334800283135e-10
2.605,1.8796842182421461e-10,3.043433454390726e-10,4.1237249987622572e-10,5.0840889086287317e-10,6.2678822214120995e-10,7.2609701634788672e-10,-1.8774598389428865e-10
2.6075,1.8758948083217513e-10,3.0393975110311153e-10,4.1178784631175335e-10,5.0756076697040352e-10,6.2555827030934653e-10,7.2685241758887817e-10,-1.8785191012776896e-10
2.61,1.8719950504822882e-10,3.0352189724581079e-10,4.111784839959297e-10,5.066792960612624e-10,6.2428716001038906e-10,7.2750295530937449e-10,-1.8796902941393721e-10
2.6125,1.8680093279432705e-10,3.0309223523526378e-10,4.105474403589887e-10,5.0576847526021151e-10,6.2297940997698826e-10,7.2805291691729066e-10,-1.8809710706259133e-10
2.615,1.8639601753803949e-10,3.0265300889900487e-10,4.0989743777573974e-10,5.0483206704756184e-10,6.2163979251457957e-10,7.2850585233410167e-10,-1.8823637530194341e-10
2.6175,1.8598697152229467e-10,3.022064695638615e-10,4.0923131007111043e-10,5.0387390106015587e-10,6.2027335950054695e-10,7.288676284516254e-10,-1.8838505190633345e-10
2.62,1.855760651827475e-10,3.0175492439481604e-10,4.085520985416752e-10,5.028981883705308e-10,6.1888529631070785e-10,7.291448504737186e-10,-1.8854052138820717e-10
2.6225,1.8516542726613096e-10,3.0130060895870566e-10,4.0786284625790476e-10,5.019092435320699e-10,6.1748097283039399e-10,7.2934389359553766e-10,-1.8870069020978433e-10
2.625,1.8475699711236342e-10,3.0084561094265067e-10,4.0716642318259274e-10,5.0091110987238057e-10,6.1606565867927735e-10,7.2947127920587754e-10,-1.8886403249253793e-10
2.6275,1.8435256974626153e-10,3.0039197304487879e-10,4.0646585131412908e-10,4.9990805643426408e-10,6.1464495052664634e-10,7.2953348552753059e-10,-1.8902973687787884e-10
2.63,1.8395378979929538e-10,2.9994158298778227e-10,4.0576388854808483e-10,4.9890404461068603e-10,6.1322425899630859e-10,7.295379345564107e-10,-1.8919569446114765e-10
2.6325,1.8356216545506562e-10,2.9949624468697239e-10,4.0506310711615344e-10,4.9790267537261491e-10,6.1180863996584098e-10,7.294920020565124e-10,-1.893605463175246e-10
2.635,1.8317911667276157e-10,2.9905768640761286e-10,4.0436611419799544e-10,4.9690752523205294e-10,6.1040287350514687e-10,7.2940235974565577e-10,-1.8952378064134412e-10
2.6375,1.828059526346459e-10,2.9862749484752243e-10,4.0367541872541695e-10,4.9592231336479819e-10,6.0901186656178367e-10,7.2927578679231213e-10,-1.8968465642518439e-10
2.64,1.8244375947404645e-10,2.9820689769689001e-10,4.0299320030785135e-10,4.9495065489399045e-10,6.0764062332967158e-10,7.2911985232758989e-10,-1.8984135146517928e-10
2.6425,1.8209336873398082e-10,2.977967076267991e-10,4.023211563476688e-10,4.9399561566332891e-10,6.0629361000837452e-10,7.2894208726726851e-10,-1.8999295234196751e-10
2.645,1.8175535248778888e-10,2.9739737507093929e-10,4.0166053193206046e-10,4.930594229579547e-10,6.0497424581900995e-10,7.2874878741360948e-10,-1.9013968598683771e-10
2.6475,1.8142988690589317e-10,2.9700891492724566e-10,4.0101207499497827e-10,4.9214377500331315e-10,6.0368529692753332e-10,7.2854520092945659e-10,-1.9028287139529865e-10
2.65,1.8111680040605294e-10,2.9663095535048289e-10,4.0037594643986083e-10,4.9124987101614462e-10,6.0242915150299668e-10,7.2833616146014071e-10,-1.9042258635540439e-10
2.6525,1.8081581812094368e-10,2.9626294409685232e-10,3.9975199935522968e-10,4.9037852442500066e-10,6.0120789259467083e-10,7.2812697157353171e-10,-1.9055860838230482e-10
2.655,1.8052663769154079e-10,2.9590425510815564e-10,3.9913995011166128e-10,4.8953008726871636e-10,6.0002313174657599e-10,7.2792277400715079e-10,-1.9069212163685165e-10
2.6575,1.8024899357446477e-10,2.955543495634325e-10,3.9853969094242777e-10,4.887051150179365e-10,5.9887678982854622e-10,7.2772932176636086e-10,-1.9082185943362218e-10
2.66,1.7998236381972793e-10,2.952124911041126e-10,3.9795102595039958e-10,4.8790405022372308e-10,5.9777033361280947e-10,7.2755184430823318e-10,-1.9094775470254769e-10
2.6625,1.7972592943158994e-10,2.9487761691629411e-10,3.9737349683152987e-10,4.8712736415380943e-10,5.9670480075979796e-10,7.2739461377039301e-10,-1.9107020575969614e-10
2.665,1.7947864484288666e-10,2.9454832054070992e-10,3.968062511097043e-10,4.8637486207809854e-10,5.9568065872723249e-10,7.2726090483351153e-10,-1.9119007944339087e-10
2.6675,1.7923947771101289e-10,2.9422316151164213e-10,3.9624831766915653e-10,4.8564618849119119e-10,5.9469845271518577e-10,7.2715414600924935e-10,-1.9130894458421507e-10
2.67,1.7900755140318569e-10,2.9390088156385513e-10,3.9569878979109143e-10,4.8494112857421292e-10,5.9375894124237788e-10,7.2707844905707517e-10,-1.9142651264439146e-10
2.6725,1.7878215645811326e-10,2.9358041370242966e-10,3.9515672380594726e-10,4.8425909407502983e-10,5.9286246651944629e-10,7.2703753785596833e-10,-1.9154233959873647e-10
2.675,1.7856270271320955e-10,2.9326089784148569e-10,3.9462120366678205e-10,4.8359927752572232e-10,5.9200901098799377e-10,7.2703472269497073e-10,-1.9165761077940756e-10
2.6775,1.7834865814753676e-10,2.9294157413799933e-10,3.940913771156887e-10,4.8296096984331828e-10,5.9119849274891554e-10,7.2707326744702589e-10,-1.9177251647494987e-10
2.68,1.7813957693022147e-10,2.9262170284262178e-10,3.9356650339309362e-10,4.8234350663435598e-10,5.9043064169060213e-10,7.2715611621447057e-10,-1.9188569459496383e-10
2.6825,1.7793495004893099e-10,2.9230044731088014e-10,3.9304576136208909e-10,4.8174599382155689e-10,5.8970464153102863e-10,7.2728500796326314e-10,-1.9199759051448853e-10
2.685,1.7773400084948259e-10,2.9197684907668496e-10,3.9252818909370689e-10,4.8116723241945653e-10,5.8901921192577593e-10,7.2746100681574739e-10,-1.9210846791552365e-10
2.6875,1.7753587741607687e-10,2.9164992336512467e-10,3.9201277847224234e-10,4.8060593930854036e-10,5.8837300452008517e-10,7.2768518292991615e-10,-1.9222058308091327e-10
2.69,1.7733982274423809e-10,2.9131877726193392e-10,3.9149850073738145e-10,4.8006101429803454e-10,5.8776504345972547e-10,7.2795879855663773e-10,-1.923336396776691e-10
2.6925,1.7714520258779714e-10,2.9098262424075291e-10,3.9098439956788166e-10,4.7953131829783661e-10,5.8719422993051687e-10,7.2828289168638588e-10,-1.9244661134237371e-10
2.695,1.7695138186773439e-10,2.906406977154608e-10,3.9046965104960363e-10,4.7901566718408437e-10,5.8665926181368317e-10,7.2865805172526099e-10,-1.9256032848750281e-10
2.6975,1.7675760612561647e-10,2.9029208473514744e-10,3.8995344377406594e-10,4.7851305225006928e-10,5.8615898352112286e-10,7.2908500827284793e-10,-1.9267327486107608e-10
2.7,1.7656301779077173e-10,2.8993572878962594e-10,3.894346036494266e-10,4.7802196981033354e-10,5.8569156116089091e-10,7.2956264913035827e-10,-1.9278547516142401e-10
2.7025,1.7636677963605124e-10,2.8957065301075593e-10,3.8891179748674469e-10,4.7754028808446284e-10,5.8525425148461666e-10,7.3008845075453309e-10,-1.9289890171487588e-10
2.705,1.7616822208110665e-10,2.891962588200577e-10,3.8838412147182026e-10,4.7706623904271483e-10,5.8484452594180584e-10,7.3066047057111596e-10,-1.9301291315545325e-10
2.7075,1.7596696481701936e-10,2.8881237957056051e-10,3.8785122408777389e-10,4.7659884632876217e-10,5.84460715145467e-10,7.3127743589892223e-10,-1.9312665978726263e-10
2.71,1.7576293099535302e-10,2.884191673305113e-10,3.8731303497922583e-10,4.7613742226459879e-10,5.8410120534575257e-10,7.3193752784598386e-10,-1.9323936983566975e-10
2.7125,1.7555629364596102e-10,2.880169438696596e-10,3.8676957405742218e-10,4.7568109977646829e-10,5.8376398827300958e-10,7.326377458992587e-10,-1.9335045813689048e-10
2.715,1.7534740478863182e-10,2.8760621368453203e-10,3.862210322669617e-10,4.7522900544275611e-10,5.8344681828680027e-10,7.3337454383813694e-10,-1.9346054306144316e-10
2.7175,1.7513676355254352e-10,2.8718765307187266e-10,3.8566774897005481e-10,4.7478059280109342e-10,5.8314823638215521e-10,7.341452378299449e-10,-1.9356828719662893e-10
2.72,1.7492500926327703e-10,2.8676209111316565e-10,3.8511014611838138e-10,4.7433554791829004e-10,5.8286734694973412e-10,7.349479810208564e-10,-1.9367093711436835e-10
2.7225,1.7471285471278434e-10,2.8633051489096198e-10,3.845487080238946e-10,4.7389332623173979e-10,5.8260241938980526e-10,7.3577995663030001e-10,-1.9376763470276532e-10
2.725,1.7450095753792814e-10,2.8589389357219498e-10,3.8398393925900223e-10,4.7345305249402254e-10,5.823507920037142e-10,7.3663660232426503e-10,-1.9385819514083336e-10
2.7275,1.7428981962622117e-10,2.8545312005504073e-10,3.8341643109821541e-10,4.7301394771229586e-10,5.8210984826910422e-10,7.3751245052761656e-10,-1.9394354758391317e-10
2.73,1.7407981305021002e-10,2.8500897647651937e-10,3.8284673170439178e-10,4.7257544654557065e-10,5.8187732645378258e-10,7.3840241446122714e-10,-1.9402448756793697e-10
2.7325,1.738712811597325e-10,2.8456210144961877e-10,3.8227519580481587e-10,4.7213691346567767e-10,5.8165101999011627e-10,7.3930168464738705e-10,-1.9409970297188012e-10
2.735,1.7366456527239426e-10,2.8411308130618057e-10,3.8170203312134234e-10,4.7169745140634523e-10,5.8142849425044165e-10,7.4020512354989941e-10,-1.9417024421674461e-10
2.7375,1.7345995053492909e-10,2.8366244922888144e-10,3.8112752553949019e-10,4.7125614259284277e-10,5.8120720728723883e-10,7.4110720819070218e-10,-1.9423618280981388e-10
2.74,1.7325754858251763e-10,2.8321060942123168e-10,3.8055198331873064e-10,4.7081230037720249e-10,5.8098483922748284e-10,7.4200245861995329e-10,-1.9429740390812693e-10
2.7425,1.730572895232978e-10,2.8275778816912871e-10,3.7997538085120841e-10,4.7036503099070749e-10,5.8075889395690602e-10,7.4288517301103038e-10,-1.9435543620172869e-10
2.745,1.7285903006176034e-10,2.8230407218814768e-10,3.7939734329605128e-10,4.6991291120954508e-10,5.8052627840975616e-10,7.4374907336591479e-10,-1.9441118124493581e-10
2.7475,1.7266271772502144e-10,2.8184963567848139e-10,3.7881754760007792e-10,4.6945445014377416e-10,5.8028402701621203e-10,7.4458785118077969e-10,-1.9446556842299781e-10
2.75,1.7246847923033377e-10,2.8139480930426565e-10,3.7823586308279243e-10,4.6898835905737556e-10,5.8002925864271782e-10,7.4539512730027134e-10,-1.945203536571887e-10
2.7525,1.7227657139581519e-10,2.8094012525405162e-10,3.7765246750363827e-10,4.6851374032387883e-10,5.7975936153168663e-10,7.4616485939687436e-10,-1.9457749648839588e-10
2.755,1.7208727969589636e-10,2.8048625288993489e-10,3.7706794384721951e-10,4.6803031637900732e-10,5.7947259081556899e-10,7.4689204157672214e-10,-1.9463897561628161e-10
2.7575,1.7190079728483275e-10,2.8003382222225755e-10,3.7648298909590535e-10,4.6753810360032681e-10,5.7916787765664545e-10,7.4757261750636305e-10,-1.9470537711508689e-10
2.76,1.7171718389348727e-10,2.7958342996178354e-10,3.758981758027289e-10,4.670370736087286e-10,5.7884436306694006e-10,7.4820351995271776e-10,-1.9477613750978568e-10
2.7625,1.7153644789059048e-10,2.7913558045134964e-10,3.7531385479030793e-10,4.6652689696018547e-10,5.7850067442879562e-10,7.4878141521368626e-10,-1.9485195694928299e-10
2.765,1.7135866918673483e-10,2.7869083346246676e-10,3.747303874961952e-10,4.6600724404756207e-10,5.7813539874883888e-10,7.4930271247308667e-10,-1.949346610751843e-10
2.7675,1.7118403624303399e-10,2.7824985375197338e-10,3.7414832617804776e-10,4.6547791472301666e-10,5.7774723859042013e-10,7.4976412498727773e-10,-1.9502578526472844e-10
2.77,1.7101279429107373e-10,2.7781336843662493e-10,3.7356852155714321e-10,4.6493914506381483e-10,5.7733533729251473e-10,7.5016347356105924e-10,-1.9512543277066187e-10
2.7725,1.7084515984435597e-10,2.7738217176405848e-10,3.729921133397833e-10,4.6439192670999701e-10,5.7690000776835251e-10,7.5049901703118242e-10,-1.9523580545080575e-10
2.775,1.7068123739726055e-10,2.7695700347542077e-10,3.724202164763497e-10,4.6383735635819342e-10,5.7644194272585355e-10,7.5076967378829702e-10,-1.9535951547657706e-10
2.7775,1.7052100059279369e-10,2.7653855035769783e-10,3.7185389037822898e-10,4.6327635279180436e-10,5.7596171545983108e-10,7.5097514728365646e-10,-1.9549682856713219e-10
2.78,1.7036433243391022e-10,2.7612744699168889e-10,3.7129408358388749e-10,4.6270974041588504e-10,5.7546001813880845e-10,7.5111637502591833e-10,-1.9564661348319091e-10
2.7825,1.7021121378012657e-10,2.757244083164041e-10,3.7074176884366357e-10,4.6213857734060575e-10,5.7493807842968437e-10,7.5119491786251925e-10,-1.9580866132777677e-10
2.785,1.7006183341482301e-10,2.7533030254156244e-10,3.7019814128722172e-10,4.6156426415798006e-10,5.7439727266438633e-10,7.5121209709343537e-10,-1.9598182874856012e-10
2.7875,1.6991652136753363e-10,2.7494606156572344e-10,3.6966457399294814e-10,4.6098841497880293e-10,5.7383907768383275e-10,7.5116911372076176e-10,-1.9616746574041726e-10
2.79,1.6977557912372179e-10,2.7457263938553228e-10,3.6914255108481399e-10,4.6041280434661019e-10,5.7326551136500722e-10,7.5106803960763735e-10,-1.9636738021972588e-10
2.7925,1.6963920699794555e-10,2.7421100376758191e-10,3.6863367949651652e-10,4.5983933891448395e-10,5.7267896431568152e-10,7.5091208950907043e-10,-1.9658014998658417e-10
2.795,1.6950755572946782e-10,2.7386224853219816e-10,3.6813986425131505e-10,4.5927034256081342e-10,5.7208204517985663e-10,7.5070515330093174e-10,-1.9680549389525232e-10
2.7975,1.6938080070876967e-10,2.7352745635875626e-10,3.6766306411945037e-10,4.5870850595096139e-10,5.7147779750369009e-10,7.5045155796467914e-10,-1.9704262878506173e-10
2.8,1.6925917250426688e-10,2.7320775241467389e-10,3.6720520019448705e-10,4.5815655830305146e-10,5.7086980598323286e-10,7.5015622640894672e-10,-1.9728808679094849e-10
2.8025,1.691429840579374e-10,2.7290432628728007e-10,3.66768230004719e-10,4.576171121700184e-10,5.7026191696616345e-10,7.4982507878052938e-10,-1.9753967936426315e-10
2.805,1.6903264661387805e-10,2.7261849641773748e-10,3.6635427849078945e-10,4.5709321263806426e-10,5.6965837647722574e-10,7.4946469539926482e-10,-1.9779462333383395e-10
2.8075,1.6892866135336024e-10,2.7235160149005223e-10,3.6596550394970351e-10,4.5658809846160643e-10,5.6906338316537707e-10,7.4908129191839482e-10,-1.9805025185699507e-10
2.81,1.6883157648886488e-10,2.7210493590299976e-10,3.6560397063604343e-10,4.5610485618743056e-10,5.684811668269019e-10,7.4868077555598116e-10,-1.9830596624537679e-10
2.8125,1.6874194095138477e-10,2.7187976890005431e-10,3.6527173765812732e-10,4.5564652166666976e-10,5.6791613232974124e-10,7.4826969674089789e-10,-1.9855924520282441e-10
2.815,1.6866028767613907e-10,2.7167742224548804e-10,3.6497096450202976e-10,4.5521618548571701e-10,5.6737256173010874e-10,7.478550306241596e-10,-1.9880625657942184e-10
2.8175,1.6858715872263588e-10,2.7149927487668766e-10,3.6470389612754093e-10,4.548169322385137e-10,5.668545988030229e-10,7.4744389321165427e-10,-1.9904387509822011e-10
2.82,1.6852312368504966e-10,2.7134676747983274e-10,3.6447287744042147e-10,4.5445197104867394e-10,5.6636652750465627e-10,7.4704309852522754e-10,-1.9926829987224097e-10
2.8225,1.6846879495849285e-10,2.7122135451080146e-10,3.6428026852352859e-10,4.5412463068739451e-10,5.6591267599159102e-10,7.4665925393858528e-10,-1.9947708459232647e-10
2.825,1.684248430103911e-10,2.7112446237646095e-10,3.6412832392429209e-10,4.5383822259162876e-10,5.6549748710087759e-10,7.4629889129066399e-10,-1.9966812266404858e-10
2.8275,1.6839197838355066e-10,2.7105746406627663e-10,3.6401905228224679e-10,4.5359569015454572e-10,5.6512512213902968e-10,7.4596800263824184e-10,-1.9983837187056647e-10
2.83,1.6837091029557689e-10,2.7102161210798728e-10,3.6395410454646835e-10,4.5339949679315668e-10,5.6479926541678828e-10,7.4567218731392132e-10,-1.9998536733730726e-10
2.8325,1.6836241231285521e-10,2.7101807811319822e-10,3.6393493006955094e-10,4.5325180002059216e-10,5.6452320928650922e-10,7.4541693178702825e-10,-2.0010618313494621e-10
2.835,1.6836730445052491e-10,2.7104791882735464e-10,3.6396290880296945e-10,4.5315465669736126e-10,5.6429984469857708e-10,7.4520712986106498e-10,-2.0019792295001675e-10
2.8375,1.6838636683503969e-10,2.7111197792737463e-10,3.6403926776478921e-10,4.5311010893461714e-10,5.6413197312071038e-10,7.450474114110882e-10,-2.0025824422621444e-10
2.84,1.6842015231624568e-10,2.7121077231434553e-10,3.6416481613484078e-10,4.5311925636088005e-10,5.6402126797650473e-10,7.4494095083051798e-10,-2.0029217067004792e-10
2.8425,1.6846912123486345e-10,2.7134468477919013e-10,3.6434039867374175e-10,4.5318374994308903e-10,5.6397003866813524e-10,7.4489104858664449e-10,-2.0029681630360955e-10
2.845,1.6853347157339538e-10,2.7151388942146738e-10,3.6456639372967328e-10,4.5330544114589332e-10,5.6398112821327945e-10,7.4490008549873795e-10,-2.0026428788380365e-10
2.8475,1.6861315060675701e-10,2.7171808629497867e-10,3.6484176844648086e-10,4.5348392205069795e-10,5.640555029982208e-10,7.4496942400002341e-10,-2.0018464524630847e-10
2.85,1.6870819983643157e-10,2.7195649696990019e-10,3.6516411481076758e-10,4.5371600179237339e-10,5.6419062295748932e-10,7.4510046763695051e-10,-2.0005260636958318e-10
2.8525,1.6881916279169794e-10,2.7222850582688971e-10,3.6553099122193027e-10,4.5399756979171976e-10,5.6438149702317377e-10,7.4529123589622997e-10,-1.9987435204337004e-10
2.855,1.6894710068196252e-10,2.7253419616241159e-10,3.6594118422444475e-10,4.5432576566722511e-10,5.6462334301046909e-10,7.4553633803537111e-10,-1.9966055159004321e-10
2.8575,1.6909319022700323e-10,2.7287427457341999e-10,3.6639503189619997e-10,4.5470015951286711e-10,5.6491397305526911e-10,7.4582943485477962e-10,-1.9941994685653273e-10
2.86,1.6925820855367602e-10,2.7324935141696314e-10,3.6689359710458886e-10,4.5512224401326297e-10,5.6525449390624157e-10,7.4616747039344827e-10,-1.9915249595352648e-10
2.8625,1.6944208333748026e-10,2.7365905351900921e-10,3.6743716692307427e-10,4.5559339494226073e-10,5.6564690239278582e-10,7.4655102977237138e-10,-1.9885137601354111e-10
2.865,1.696437062777869e-10,2.7410155416288667e-10,3.6802392227272777e-10,4.5611266397276325e-10,5.6609097922798859e-10,7.46981339667948e-10,-1.9850940107310026e-10
2.8675,1.6986117419509715e-10,2.7457377323936667e-10,3.6864982321141053e-10,4.5667629550096783e-10,5.6658347622203444e-10,7.4745660028227515e-10,-1.9812209386572038e-10
2.87,1.7009216916340633e-10,2.7507189271020424e-10,3.6930895622072972e-10,4.572774107509404e-10,5.671167469484478e-10,7.4796829882895868e-10,-1.9768651291771783e-10
2.8725,1.7033509770136883e-10,2.7559266417738812e-10,3.6999558875912818e-10,4.5790905147441773e-10,5.676835320861356e-10,7.485078383152699e-10,-1.972080839148084e-10
2.875,1.7058951528548478e-10,2.7613358594261594e-10,3.7070567667967546e-10,4.585657424906174e-10,5.6827776237284635e-10,7.4907023334637682e-10,-1.9669279218738399e-10
2.8775,1.7085550557249134e-10,2.7669265757170912e-10,3.7143700889385307e-10,4.5924433234883634e-10,5.6889453031129454e-10,7.4965173600787467e-10,-1.9614706916732729e-10
2.88,1.7113234483598289e-10,2.772676614557827e-10,3.7218722957166996e-10,4.5994267628068367e-10,5.6953052255913235e-10,7.5024657287700799e-10,-1.955759308200035e-10
2.8825,1.7141781078940697e-10,2.7785516669819056e-10,3.7295147075523029e-10,4.606565843819953e-10,5.7018201274659868e-10,7.5084706021512867e-10,-1.9497751289793035e-10
2.885,1.7170873505922233e-10,2.7845005226621015e-10,3.7372176021539091e-10,4.6137777051188046e-10,5.7084161258189332e-10,7.5144402342488721e-10,-1.9434945707933608e-10
2.8875,1.7200200106201977e-10,2.7904593839008163e-10,3.7448837500609225e-10,4.6209501324217431e-10,5.7149786576400991e-10,7.5202727608360112e-10,-1.9369382991795287e-10
2.89,1.7229498083838228e-10,2.7963625016634847e-10,3.752416431773336e-10,4.6279644450966029e-10,5.7213733783961733e-10,7.5258521045654946e-10,-1.930177230124689e-10
2.8925,1.7258530134817926e-10,2.8021511510408728e-10,3.7597308436655686e-10,4.6347131353604765e-10,5.7274713892818092e-10,7.5310533888023911e-10,-1.9233430482337512e-10
2.895,1.7287050574254181e-10,2.8077765371401403e-10,3.7667582397247852e-10,4.6411090624509093e-10,5.7331673133485977e-10,7.5357582503235642e-10,-1.9165616690841674e-10
2.8975,1.7314798555135347e-10,2.8131968627717737e-10,3.7734432742240535e-10,4.6470849735575073e-10,5.7383805927808112e-10,7.539869484119325e-10,-1.909903074543676e-10
2.9,1.7341501380523175e-10,2.8183711411406444e-10,3.7797352890174444e-10,4.6525859993995074e-10,5.7430495474499885e-10,7.5433129056234197e-10,-1.9034187980578615e-10
2.9025,1.736687002247723e-10,2.8232538287231922e-10,3.785579266707913e-10,4.6575554905167132e-10,5.7471130137367865e-10,7.5460245010469048e-10,-1.8971377528573757e-10
2.905,1.7390587518676198e-10,2.8277931318145912e-10,3.7909127701411611e-10,4.6619281634890022e-10,5.7505022306627834e-10,7.5479364133597436e-10,-1.8910787479060246e-10
2.9075,1.7412314711935462e-10,2.8319329578313793e-10,3.7956683830478417e-10,4.6656330926305068e-10,5.753145570071224e-10,7.5489873265379732e-10,-1.8852825581396118e-10
2.91,1.7431706700226696e-10,2.8356174758923012e-10,3.7997786015836145e-10,4.668600994654182e-10,5.7549754108884506e-10,7.5491221114533884e-10,-1.8797766830901403e-10
2.9125,1.7448448018780384e-10,2.8387959520396269e-10,3.8031809274028368e-10,4.6707664625646362e-10,5.7559253859871853e-10,7.5482863103279328e-10,-1.8745857845558212e-10
2.915,1.7462274746023583e-10,2.841426449509878e-10,3.805823626891235e-10,4.672072500053978e-10,5.7559336157325487e-10,7.5464262580863088e-10,-1.8697628874015375e-10
2.9175,1.7472972388011581e-10,2.8434758126723478e-10,3.8076677864705894e-10,4.6724763164349084e-10,5.7549525871536236e-10,7.5434972699352833e-10,-1.8653404506859302e-10
2.92,1.7480363978753053e-10,2.8449177660473366e-10,3.8086847608565313e-10,4.6719513170813119e-10,5.7529583288613976e-10,7.5394809584366225e-10,-1.8613254302263511e-10
2.9225,1.7484297765652578e-10,2.84573018449522e-10,3.808850481589868e-10,4.6704775905084872e-10,5.7499398296752952e-10,7.5343795571680693e-10,-1.8577322866678905e-10
2.925,1.7484632976665019e-10,2.8458920689552643e-10,3.8081421406160207e-10,4.6680326693559803e-10,5.745880217624927e-10,7.5281932260841393e-10,-1.8545596083381015e-10
2.9275,1.7481227963481507e-10,2.8453819388922264e-10,3.8065387981285575e-10,4.6645947977620269e-10,5.7407565339558335e-10,7.5209159851376254e-10,-1.8518114974450932e-10
2.93,1.7473934188100725e-10,2.8441776744210983e-10,3.8040209040173159e-10,4.6601474072582074e-10,5.734552436625168e-10,7.5125479324662849e-10,-1.8495085736019522e-10
2.9325,1.7462600233092684e-10,2.8422580291049921e-10,3.8005696768635166e-10,4.6546769769536928e-10,5.727259679560371e-10,7.5030992185985328e-10,-1.8476605963452017e-10
2.935,1.7447090353301012e-10,2.8396048600473308e-10,3.7961675997122644e-10,4.6481705442627426e-10,5.7188717311299268e-10,7.4925828203815808e-10,-1.8462822363620682e-10
2.9375,1.742730346523719e-10,2.8362049548932544e-10,3.7908005949428582e-10,4.6406176528386714e-10,5.7093851373655492e-10,7.4810153758243848e-10,-1.8453941104851111e-10
2.94,1.7403185847584407e-10,2.8320512085274677e-10,3.7844613752055945e-10,4.6320151750039364e-10,5.6988053989511808e-10,7.4684218854916978e-10,-1.8450065474573146e-10
2.9425,1.7374730597257827e-10,2.8271429406138834e-10,3.7771521524790014e-10,4.6223708710749298e-10,5.6871498955295302e-10,7.4548386515911951e-10,-1.8451318402314234e-10
2.945,1.7341961629709879e-10,2.8214842950192151e-10,3.7688834120840177e-10,4.6117003031550902e-10,5.6744421315382357e-10,7.4403073668243401e-10,-1.8457746075425829e-10
2.9475,1.7304912884901386e-10,2.8150827746411858e-10,3.7596709597662649e-10,4.6000242789955411e-10,5.6607088814604136e-10,7.4248728592041492e-10,-1.846936994587917e-10
2.95,1.7263621953812401e-10,2.8079494658664132e-10,3.7495357598613757e-10,4.5873711582839174e-10,5.6459856088004137e-10,7.4085895421606166e-10,-1.8486173041743408e-10
2.9525,1.7218142978903235e-10,2.8001000591876214e-10,3.7385045782584653e-10,4.5737779699668302e-10,5.6303197603996236e-10,7.391524423931673e-10,-1.8507977374377577e-10
2.955,1.7168564944543303e-10,2.7915557546425308e-10,3.7266111725649881e-10,4.5592894705755697e-10,5.6137660620581008e-10,7.373750673209218e-10,-1.8534666697189282e-10
2.9575,1.7115018859112509e-10,2.7823430959709226e-10,3.7138968667950063e-10,4.5439567664304128e-10,5.5963839373629418e-10,7.3553441617610697e-10,-1.8566106841288997e-10
2.96,1.7057670866859492e-10,2.7724935506638612e-10,3.7004095943696559e-10,4.5278382664712876e-10,5.5782409863377898e-10,7.3363899098718248e-10,-1.8601944987951853e-10
2.9625,1.6996710337640947e-10,2.7620430443255005e-10,3.6862023908858515e-10,4.5109981872104285e-10,5.559412452459999e-10,7.3169790619057764e-10,-1.8641776048900986e-10
2.965,1.693235106825376e-10,2.7510319965267291e-10,3.6713319994889015e-10,4.4935050977437915e-10,5.5399785657884688e-10,7.2972059188139726e-10,-1.8685003406139323e-10
2.9675,1.6864837412748356e-10,2.7395051312946555e-10,3.6558581708856828e-10,4.4754287638911596e-10,5.5200210683551525e-10,7.2771663464113405e-10,-1.8731046719943308e-10
2.97,1.6794446343713759e-10,2.7275109716105405e-10,3.639843695632218e-10,4.4568395482208715e-10,5.4996195728478902e-10,7.2569521394442218e-10,-1.8779518573822754e-10
2.9725,1.6721483060695809e-10,2.7151012324394298e-10,3.6233546325728273e-10,4.4378096991120622e-10,5.4788523943577561e-10,7.2366504788014094e-10,-1.8830019609142584e-10
2.975,1.6646277872011739e-10,2.7023303208615546e-10,3.6064597007498478e-10,4.4184143494667712e-10,5.4577965937073619e-10,7.2163452366982669e-10,-1.8882151492136325e-10
2.9775,1.6569187578636132e-10,2.6892549681766055e-10,3.5892293652897763e-10,4.3987315734969984e-10,5.4365326179165907e-10,7.1961136845123878e-10,-1.8935568934144081e-10
2.98,1.6490595772498954e-10,2.6759337704389903e-10,3.5717350149135287e-10,4.3788412479560808e-10,5.4151480877643759e-10,7.1760379072787004e-10,-1.8989896417204978e-10
2.9825,1.6410908113198597e-10,2.6624271149998392e-10,3.5540488304703229e-10,4.3588223782980977e-10,5.3937318094326308e-10,7.1562061387757237e-10,-1.9044696470490525e-10
2.985,1.6330538941824749e-10,2.6487967324065618e-10,3.5362440131331106e-10,4.3387526102718077e-10,5.3723661974951672e-10,7.1367028577531381e-10,-1.9099521764427716e-10
2.9875,1.624989327369832e-10,2.635104352624543e-10,3.5183940715019617e-10,4.3187086657398456e-10,5.3511269637600134e-10,7.1175988346619398e-10,-1.9154063629064348e-10
2.99,1.6169356240235933e-10,2.6214100632675739e-10,3.500571592284252e-10,4.2987657753836259e-10,5.3300859720465455e-10,7.0989539509801662e-10,-1.9208091581587152e-10
2.9925,1.6089294309204395e-10,2.6077713298872912e-10,3.4828468273187288e-10,4.2789974738733506e-10,5.3093162661732188e-10,7.0808308224175042e-10,-1.9261252753396854e-10
2.995,1.6010065431800511e-10,2.5942436843939571e-10,3.4652876540520509e-10,4.2594756538872269e-10,5.2888919500973266e-10,7.0632907863753987e-10,-1.9313300157529481e-10
2.9975,1.5932026621052859e-10,2.5808817166479766e-10,3.4479608704588982e-10,4.2402716019783192e-10,5.2688854429188093e-10,7.0463894593816645e-10,-1.9363921533608434e-10
3.0,1.5855534072542426e-10,2.5677394337088332e-10,3.4309324412553142e-10,4.2214559298937064e-10,5.2493665186471679e-10,7.0301771866677531e-10,-1.9412823661403511e-10
3.0025,1.5780933912640401e-10,2.5548697026937753e-10,3.4142665231446934e-10,4.2030967204560395e-10,5.2304001742272056e-10,7.0146986173465632e-10,-1.9459830876241016e-10
3.005,1.5708554919027e-10,2.5423237444746774e-10,3.3980251932101144e-10,4.1852586845705117e-10,5.2120490038068127e-10,6.9999970800231075e-10,-1.9504571621119689e-10
3.0075,1.5638709233590969e-10,2.5301506235911987e-10,3.3822689432508292e-10,4.1680056053053572e-10,5.1943765963569129e-10,6.986117656536121e-10,-1.9546641803110296e-10
3.01,1.5571700497713324e-10,2.5183972109464887e-10,3.3670557630226984e-10,4.1513993655445068e-10,5.1774444133802238e-10,6.9731006232269194e-10,-1.9585758172248809e-10
3.0125,1.5507831057000025e-10,2.507109023960055e-10,3.352440605972042e-10,4.1354980140074162e-10,5.1613091542784345e-10,6.960982331431735e-10,-1.9621552319795601e-10
3.015,1.5447398864080822e-10,2.496330946076586e-10,3.3384765273918256e-10,4.1203567802403493e-10,5.1460247470417015e-10,6.949797790543219e-10,-1.9653730036841952e-10
3.0175,1.539068677792358e-10,2.4861066710975284e-10,3.325215712251685e-10,4.1060291222931678e-10,5.1316437248368521e-10,6.9395825041699934e-10,-1.9682011446545515e-10
3.02,1.533795195341948e-10,2.4764770274340567e-10,3.3127077741116311e-10,4.0925651892463573e-10,5.1182133920468473e-10,6.9303645603328718e-10,-1.9706046233237886e-10
3.0225,1.5289423313743992e-10,2.4674786484733943e-10,3.3009973212480072e-10,4.0800093388534695e-10,5.1057744084779941e-10,6.9221642102879957e-10,-1.9725589896328956e-10
3.025,1.5245307476542652e-10,2.4591442345346032e-10,3.2901237230963798e-10,4.068401842267114e-10,5.0943647466775987e-10,6.9150015425709876e-10,-1.9740330953875026e-10
3.0275,1.5205795840469916e-10,2.4515036815624416e-10,3.2801224926411529e-10,4.0577785652046723e-10,5.084017003086324e-10,6.9088923914910475e-10,-1.9749981431961199e-10
3.03,1.5171062049158621e-10,2.4445840786202489e-10,3.271025864205662e-10,4.0481711010219165e-10,5.0747589907017778e-10,6.9038517260763686e-10,-1.9754293569266245e-10
3.0325,1.514125335499006e-10,2.4384088039269722e-10,3.2628619724893857e-10,4.0396071971607648e-10,5.0666156873705997e-10,6.8998907018605991e-10,-1.9753090161855694e-10
3.035,1.5116484435491529e-10,2.4329970336348148e-10,3.2556543281420478e-10,4.0321098094997823e-10,5.0596068495021368e-10,6.8970123686062163e-10,-1.9746338373580637e-10
3.0375,1.5096836506378382e-10,2.4283636117363423e-10,3.2494220764599146e-10,4.0256970709706846e-10,5.0537446225014302e-10,6.8952115174799576e-10,-1.973411068087998e-10
3.04,1.5082357203671746e-10,2.4245190520040336e-10,3.2441798804102956e-10,4.0203821293955286e-10,5.0490353707661678e-10,6.8944790369352841e-10,-1.9716449764187414e-10
3.0425,1.5073062490787369e-10,2.4214699848166347e-10,3.239937959098588e-10,4.0161742072803913e-10,5.0454846399588201e-10,6.8948075368195463e-10,-1.9693248594466799e-10
3.045,1.5068943480550677e-10,2.4192200496352709e-10,3.2367019539770024e-10,4.0130778954945634e-10,5.0430961108392973e-10,6.8961925054316516e-10,-1.9664342714588018e-10
3.0475,1.5069971468965699e-10,2.4177700851837713e-10,3.234472894426035e-10,4.0110921223595529e-10,5.0418657721441951e-10,6.8986252250334621e-10,-1.9629648973338978e-10
3.05,1.507611305283315e-10,2.4171191102704028e-10,3.2332484519789831e-10,4.0102111208458573e-10,5.0417828655130829e-10,6.90208898795889e-10,-1.9589182943484189e-10
3.0525,1.5087330410741621e-10,2.4172643175327959e-10,3.2330242359446324e-10,4.0104265755811191e-10,5.0428333311331839e-10,6.9065587750907475e-10,-1.9543135535414275e-10
3.055,1.5103569410591152e-10,2.4182005361464394e-10,3.2337943459773813e-10,4.0117284154231124e-10,5.045002371399124e-10,6.9120086839516394e-10,-1.9491635694184007e-10
3.0575,1.5124745819352665e-10,2.4199193355632017e-10,3.2355508177563973e-10,4.0141049854714335e-10,5.0482746992484744e-10,6.9184200583764145e-10,-1.9434641248957065e-10
3.06,1.5150737239456206e-10,2.4224082417465592e-10,3.2382814091475236e-10,4.0175420517397413e-10,5.052633444708969e-10,6.9257780218379158e-10,-1.9372101866803089e-10
3.0625,1.5181386936509632e-10,2.4256504662191442e-10,3.2419678076577342e-10,4.0220200586434889e-10,5.058055682504872e-10,6.9340598732856997e-10,-1.9303955845362161e-10
3.065,1.5216514895467398e-10,2.4296255728331794e-10,3.2465858968250716e-10,4.027512344010591e-10,5.0645121662458249e-10,6.9432351864559649e-10,-1.9230162042820982e-10
3.0675,1.5255927703976144e-10,2.4343105431684942e-10,3.2521081432038052e-10,4.033986997105397e-10,5.0719691832807059e-10,6.9532723333149637e-10,-1.9150749020254715e-10
3.07,1.5299419323933891e-10,2.4396801825656006e-10,3.2585038834166298e-10,4.0414088001666015e-10,5.0803888340771551e-10,6.9641383781400134e-10,-1.9065777220064974e-10
3.0725,1.5346764904051871e-10,2.4457066846807702e-10,3.2657406460317122e-10,4.0497417072933436e-10,5.0897321420620109e-10,6.9758025511023317e-10,-1.8975193730139113e-10
3.075,1.5397716272458517e-10,2.4523590454918665e-10,3.2737830183927397e-10,4.0589465632257803e-10,5.0999572958271716e-10,6.9882311448472675e-10,-1.887897256569625e-10
3.0775,1.545199561123416e-10,2.4596023027185377e-10,3.2825905345781195e-10,4.0689771565794532e-10,5.1110152077760837e-10,7.0013811520117405e-10,-1.8777237931103214e-10
3.08,1.5509296577702703e-10,2.4673976913231564e-10,3.2921166668616758e-10,4.0797806529628543e-10,5.1228499832171025e-10,7.0152007307072809e-10,-1.8670163717249861e-10
3.0825,1.556929425244744e-10,2.4757035280336582e-10,3.3023115200755635e-10,4.0913019470262118e-10,5.1354020909884894e-10,7.0296369894345809e-10,-1.8557955189896479e-10
3.085,1.563165520071173e-10,2.4844761605897609e-10,3.3131219358110186e-10,4.1034824203542136e-10,5.1486096746913896e-10,7.0446407646000069e-10,-1.844075775581327e-10
3.0875,1.5696042635116368e-10,2.4936704484510175e-10,3.3244924040898188e-10,4.1162605990079972e-10,5.1624078210100105e-10,7.0601592243548652e-10,-1.8318651482565442e-10
3.09,1.5762117750622336e-10,2.5032398848192641e-10,3.3363645735101085e-10,4.1295702230195131e-10,5.176725378263452e-10,7.0761287957072512e-10,-1.819186696075286e-10
3.0925,1.5829537313418947e-10,2.5131368100346137e-10,3.3486787989705424e-10,4.1433418889320588e-10,5.1914863504201067e-10,7.0924773368618288e-10,-1.8060804046375335e-10
3.095,1.5897952608806599e-10,2.5233129560023557e-10,3.3613754877346898e-10,4.157507083633865e-10,5.2066157291612248e-10,7.1091343964850552e-10,-1.7925771176432118e-10
3.0975,1.5967009004116825e-10,2.5337192791261768e-10,3.3743942525978698e-10,4.1719978021898233e-10,5.2220405227852583e-10,7.1260336108823372e-10,-1.7786955786639916e-10
3.1,1.6036350597413328e-10,2.5443062532376e-10,3.3876729643885369e-10,4.1867448145175539e-10,5.2376865217970852e-10,7.1431056527812751e-10,-1.7644636790978915e-10
3.1025,1.610562966732577e-10,2.5550246846474222e-10,3.4011485711813564e-10,4.2016765484650563e-10,5.2534760480273069e-10,7.1602753864331715e-10,-1.7499186180326087e-10
3.105,1.6174514904194278e-10,2.5658265715471678e-10,3.4147593649518813e-10,4.216721822805995e-10,5.2693314263129502e-10,7.1774653138789593e-10,-1.7350970212424641e-10
3.1075,1.6242692803308545e-10,2.5766651776760807e-10,3.4284458477811529e-10,4.2318121553550361e-10,5.2851784400587032e-10,7.1946021871038413e-10,-1.7200419691736165e-10
3.11,1.6309864401365991e-10,2.5874945606661777e-10,3.4421489912135888e-10,4.2468810867273351e-10,5.3009460136161228e-10,7.2116173129558102e-10,-1.7047755427868422e-10
3.1125,1.6375742177420653e-10,2.5982689752668883e-10,3.4558084479432521e-10,4.2618617279263501e-10,5.316563563428967e-10,7.2284433877808348e-10,-1.6893130390219658e-10
3.115,1.6440052731240585e-10,2.6089431036022018e-10,3.4693630803018688e-10,4.2766859396462364e-10,5.3319587293374316e-10,7.2450100122316721e-10,-1.6736781501703702e-10
3.1175,1.6502528393341148e-10,2.6194709233338146e-10,3.4827509151903479e-10,4.2912838815673643e-10,5.3470558402416199e-10,7.2612414180755653e-10,-1.6578944467373444e-10
3.12,1.656290189614953e-10,2.6298056292659956e-10,3.4959091653011877e-10,4.3055841101172012e-10,5.3617763881818642e-10,7.2770549494531339e-10,-1.6419903542152395e-10
3.1225,1.6620909871440081e-10,2.6399008342025212e-10,3.508776033329075e-10,4.3195164099672401e-10,5.376043924472004e-10,7.2923664264669535e-10,-1.626001495716795e-10
3.125,1.6676299640502746e-10,2.6497118772806293e-10,3.5212923243247941e-10,4.3330133723844762e-10,5.3897861115571281e-10,7.3071000509124999e-10,-1.6099596179873982e-10
3.1275,1.6728836291788572e-10,2.6591966202896111e-10,3.5334018598326126e-10,4.3460104113938593e-10,5.4029320418121673e-10,7.3211801163710745e-10,-1.593891729622585e-10
3.13,1.6778305612371021e-10,2.668315253817219e-10,3.5450501865253312e-10,4.3584453419368389e-10,5.415412990328269e-10,7.3345301585772899e-10,-1.5778368480813145e-10
3.1325,1.6824517227518807e-10,2.6770302218923082e-10,3.5561838750903954e-10,4.3702578992579296e-10,5.4271635960705455e-10,7.3470749411005576e-10,-1.5618181999571082e-10
3.135,1.6867307977509535e-10,2.6853063908236291e-10,3.5667527876215753e-10,4.3813906883409326e-10,5.4381227758723454e-10,7.3587481732646637e-10,-1.5458477375411635e-10
3.1375,1.69065410002727e-10,2.6931110469128486e-10,3.5767097281867935e-10,4.3917891553179768e-10,5.4482314667454271e-10,7.3694879565439554e-10,-1.5299556519885947e-10
3.14,1.6942098489738268e-10,2.7004135948886224e-10,3.5860108463417757e-10,4.4014026997317991e-10,5.4574325177380375e-10,7.3792268084568053e-10,-1.5141719858072228e-10
3.1425,1.6973874398744621e-10,2.7071852261606942e-10,3.5946154249748962e-10,4.4101855316520392e-10,5.4656721429652922e-10,7.3878948435245052e-10,-1.4985249006632787e-10
3.145,1.7001771239565033e-10,2.7133988164193015e-10,3.6024859584392039e-10,4.4180970686979496e-10,5.4729064696887397e-10,7.3954404892255203e-10,-1.4830188234653505e-10
3.1475,1.7025703266569188e-10,2.7190294576591429e-10,3.6095879836144164e-10,4.4251008371036925e-10,5.4791000763602603e-10,7.401825498311742e-10,-1.4676592911066035e-10
3.15,1.7045604436821685e-10,2.7240553713038377e-10,3.6158896484505721e-10,4.4311630536875344e-10,5.4842197542038856e-10,7.4070111056520891e-10,-1.4524530620169053e-10
3.1525,1.7061436067340322e-10,2.7284585750849835e-10,3.6213633241276047e-10,4.436254736370725e-10,5.4882360860999983e-10,7.4109581789985299e-10,-1.4374043616796624e-10
3.155,1.7073186607216949e-10,2.732224666244501e-10,3.6259863002553943e-10,4.440352365855879e-10,5.4911262358032128e-10,7.4136367184312717e-10,-1.4225263498339994e-10
3.1575,1.708086637357827e-10,2.7353422506782022e-10,3.6297402839701135e-10,4.4434372639553205e-10,5.4928739299722394e-10,7.415027490119485e-10,-1.4078084908841472e-10
3.16,1.7084498932303009e-10,2.737802750521618e-10,3.6326112021395985e-10,4.4454942032410811e-10,5.4934663846460078e-10,7.4151184511809338e-10,-1.3932454764965086e-10
3.1625,1.7084118878247146e-10,2.739600540267643e-10,3.6345894939757675e-10,4.4465123313755982e-10,5.4928942701356078e-10,7.4139020246215978e-10,-1.3788237794017159e-10
3.165,1.7079776878617952e-10,2.7407335416159612e-10,3.6356709485730721e-10,4.4464875092307176e-10,5.4911540003514064e-10,7.4113758440397706e-10,-1.3645220116220743e-10
3.1675,1.7071541261074262e-10,2.7412033392642588e-10,3.6358570720288049e-10,4.4454246695434439e-10,5.4882519327660006e-10,7.4075468438317662e-10,-1.3503216269921545e-10
3.17,1.7059496231908927e-10,2.7410141630112797e-10,3.6351539095916197e-10,4.443336555538197e-10,5.4842045749494797e-10,7.4024303721548901e-10,-1.3361967879255238e-10
3.1725,1.7043736653173385e-10,2.740171804335234e-10,3.6335699234502209e-10,4.4402386255474599e-10,5.479033803504757e-10,7.3960494046452715e-10,-1.3221283165123272e-10
3.175,1.7024365774700185e-10,2.7386837328034916e-10,3.6311154994493854e-10,4.4361469698273271e-10,5.4727628537810249e-10,7.3884321700336367e-10,-1.3080861430919135e-10
3.1775,1.7001499353037818e-10,2.7365604526149157e-10,3.6278045792986626e-10,4.4310802966663571e-10,5.46541671660914e-10,7.3796079069507429e-10,-1.2940477795422832e-10
3.18,1.6975273651570876e-10,2.7338167746031913e-10,3.6236567656933598e-10,4.4250638140509268e-10,5.4570271966361729e-10,7.369612286792006e-10,-1.2799819174197229e-10
3.1825,1.694584764400994e-10,2.7304718594386563e-10,3.6186979598937908e-10,4.418130079629915e-10,5.4476334306809083e-10,7.3584895952863683e-10,-1.2658538746949431e-10
3.185,1.6913394633154382e-10,2.7265475834993168e-10,3.6129581928495574e-10,4.4103173477921929e-10,5.4372818941330328e-10,7.3462928004870344e-10,-1.2516334941025113e-10
3.1875,1.6878093761336438e-10,2.722067295986424e-10,3.6064697744336431e-10,4.4016676620397803e-10,5.4260252750155232e-10,7.3330847778183834e-10,-1.237269821843868e-10
3.19,1.6840123575210242e-10,2.7170551397038204e-10,3.5992665362918177e-10,4.392224874013789e-10,5.4139172689730641e-10,7.3189301146759688e-10,-1.2227136951534587e-10
3.1925,1.6799659808112215e-10,2.7115357366969329e-10,3.5913836160430237e-10,4.3820330946128592e-10,5.4010098209522828e-10,7.303891865394226e-10,-1.207918372395317e-10
3.195,1.6756878635561873e-10,2.7055345690713847e-10,3.5828579300762067e-10,4.3711373681787782e-10,5.387356122336924e-10,7.2880368106672515e-10,-1.1928497392580967e-10
3.1975,1.67119603760834e-10,2.6990788514719507e-10,3.5737284107126363e-10,4.3595852744880643e-10,5.3730148881974191e-10,7.271437902553137e-10,-1.1774483417509597e-10
3.2,1.6665096022557099e-10,2.6921982195673524e-10,3.5640361267625424e-10,4.3474278671205872e-10,5.358049864908871e-10,7.2541749453788797e-10,-1.16166874745728e-10
3.2025,1.6616493364317674e-10,2.6849245553054842e-10,3.5538233726871465e-10,4.3347176376037742e-10,5.3425261630512925e-10,7.2363313433053824e-10,-1.1454677490455658e-10
3.205,1.6566372957794365e-10,2.6772905882471786e-10,3.5431327705775053e-10,4.3215073398449189e-10,5.3265078346773032e-10,7.2179868608523135e-10,-1.1287894260023094e-10
3.2075,1.6514955752026028e-10,2.6693283849128963e-10,3.5320064901289341e-10,4.3078477203425905e-10,5.3100548441688364e-10,7.1992170658084552e-10,-1.1115981657202895e-10
3.21,1.6462446831262285e-10,2.6610681003813606e-10,3.5204850764705949e-10,4.2937865483063418e-10,5.2932239628629957e-10,7.180095215098561e-10,-1.0938573197641704e-10
3.2125,1.6409029560389176e-10,2.6525384730898519e-10,3.5086082483799525e-10,4.2793707501786552e-10,5.2760721556708411e-10,7.1606957022755649e-10,-1.0755379503468074e-10
3.215,1.6354869551440201e-10,2.6437674743254157e-10,3.4964152833385459e-10,4.2646476387558064e-10,5.2586562523160862e-10,7.1410934744249209e-10,-1.0565839160061624e-10
3.2175,1.6300124192261199e-10,2.6347830993890209e-10,3.4839453145656098e-10,4.2496644346917361e-10,5.241031789609112e-10,7.1213620947782596e-10,-1.0369563298947115e-10
3.22,1.6244945888901469e-10,2.625613093344384e-10,3.471237445023341e-10,4.2344670908878311e-10,5.2232519752004512e-10,7.1015708363909588e-10,-1.0166307680501851e-10
3.2225,1.6189479515944708e-10,2.6162843299309565e-10,3.4583304827824173e-10,4.2191008088481182e-10,5.20536847864027e-10,7.081785299492535e-10,-9.955698645988623e-11
3.225,1.6133860659719464e-10,2.6068227027396326e-10,3.4452620849909486e-10,4.2036097266792973e-10,5.1874326186749626e-10,7.0620698484764822e-10,-9.7374989511548757e-11
3.2275,1.6078217013603162e-10,2.5972536624905883e-10,3.4320684771400058e-10,4.1880364178298804e-10,5.1694938265107456e-10,7.0424861035313419e-10,-9.5114837731599908e-11
3.23,1.6022675364318807e-10,2.5876030927495901e-10,3.4187849722298258e-10,4.1724217027620506e-10,5.151598591331049e-10,7.0230922744202265e-10,-9.2775254881391473e-11
3.2325,1.5967367139590576e-10,2.5778976754426264e-10,3.4054466835354328e-10,4.1568048833205783e-10,5.1337912239318359e-10,7.0039416681557329e-10,-9.0352197774115579e-11
3.235,1.5912429102283643e-10,2.5681643319699632e-10,3.392088730916734e-10,4.1412242816829992e-10,5.1161147020372516e-10,6.9850857186769228e-10,-8.7844271535503617e-11
3.2375,1.5858001712741654e-10,2.5584294325793494e-10,3.3787455927326325e-10,4.1257173259127857e-10,5.0986110281404236e-10,6.9665756202531506e-10,-8.5249737677150819e-11
3.24,1.5804228303830543e-10,2.548718729932666e-10,3.3654502282411707e-10,4.1103191851343427e-10,5.0813184394542271e-10,6.9484600789506299e-10,-8.2566659879447231e-11
3.2425,1.5751251584224338e-10,2.5390575807243171e-10,3.3522340987051185e-10,4.0950621432810803e-10,5.0642703194670069e-10,6.9307794443165268e-10,-7.9793293821803264e-11
3.245,1.5699209707068838e-10,2.5294710568441262e-10,3.3391276492959897e-10,4.0799769954955738e-10,5.0474981759287874e-10,6.9135681388289957e-10,-7.6928205362711232e-11
3.2475,1.56482307019552e-10,2.5199834152166642e-10,3.3261603642431268e-10,4.065094006244162e-10,5.0310331157379188e-10,6.8968574113858606e-10,-7.3970954761043773e-11
3.25,1.5598425391735825e-10,2.5106168439881963e-10,3.313359627753625e-10,4.0504408702409827e-10,5.0149016069440746e-10,6.8806739911127444e-10,-7.0919297992600037e-11
3.2525,1.5549882438378412e-10,2.5013903416964153e-10,3.3007494713527885e-10,4.0360404509790583e-10,4.9991226609398414e-10,6.8650330523842819e-10,-6.7774888076318468e-11
3.255,1.5502666975946289e-10,2.4923192081759752e-10,3.2883502914584013e-10,4.0219105951954589e-10,4.9837091214118641e-10,6.8499415168226162e-10,-6.4538330985694496e-11
3.2575,1.5456824216106486e-10,2.4834158648994132e-10,3.2761795904183747e-10,4.0080669533854026e-10,4.9686722582599682e-10,6.8354033880841114e-10,-6.121085651762607e-11
3.26,1.5412386410507597e-10,2.4746914692227974e-10,3.2642531879382494e-10,3.994525197936459e-10,4.9540249664740672e-10,6.821424646084917e-10,-5.7792510658559356e-11
3.2625,1.5369374937721589e-10,2.4661563963793331e-10,3.2525858371404938e-10,3.9813001812756097e-10,4.9397801958738603e-10,6.8080110983911373e-10,-5.4284531137609357e-11
3.265,1.5327798914603027e-10,2.4578196897977295e-10,3.241191090551218e-10,3.9684045851002699e-10,4.9259466260202207e-10,6.7951598976048869e-10,-5.0688723363660677e-11
3.2675,1.5287651945045736e-10,2.4496879437252761e-10,3.2300799974875163e-10,3.955848337631929e-10,4.9125285376639881e-10,6.7828616757687825e-10,-4.7006461096664708e-11
3.27,1.5248913920757002e-10,2.4417650861590871e-10,3.2192597555051331e-10,3.9436373823249689e-10,4.8995264018357394e-10,6.7711067088471541e-10,-4.3239862867740517e-11
3.2725,1.5211563227434706e-10,2.4340540849107022e-10,3.2087348040544355e-10,3.9317739862246064e-10,4.8869381072275496e-10,6.7598831815352775e-10,-3.9390673973863491e-11
3.275,1.5175590946203309e-10,2.4265592666491782e-10,3.1985095835261028e-10,3.9202590652729992e-10,4.8747601599528593e-10,6.7491740806845761e-10,-3.5460755796010743e-11
3.2775,1.5141009171030331e-10,2.4192877621290515e-10,3.1885914511992706e-10,3.909096198442587e-10,4.8629907895134064e-10,6.73896213842755e-10,-3.1450880520407108e-11
3.28,1.5107845664658459e-10,2.4122486668714139e-10,3.1789906711621362e-10,3.8982922734291381e-10,4.8516301881245931e-10,6.7292319272620225e-10,-2.7364151532607762e-11
3.2825,1.5076130033706478e-10,2.4054510308901537e-10,3.1697181597254299e-10,3.8878552992058637e-10,4.8406791117869594e-10,6.7199672998631457e-10,-2.3202858268948797e-11
3.285,1.5045883331815391e-10,2.3989025875151764e-10,3.1607837353514565e-10,3.877793052068397e-10,4.8301386770908146e-10,6.71115329725304e-10,-1.8969094536967908e-11
3.2875,1.5017117745013971e-10,2.3926099283191096e-10,3.1521961235571711e-10,3.8681126448882397e-10,4.8200110707525828e-10,6.702780230171584e-10,-1.4663350173513657e-11
3.29,1.4989840688448437e-10,2.3865793592771437e-10,3.1439638702815706e-10,3.8588203041648788e-10,4.8102978399122813e-10,6.694840546217144e-10,-1.0286789597139201e-11
3.2925,1.4964058208275932e-10,2.3808175681097457e-10,3.1360959441424903e-10,3.8499219735517153e-10,4.8009984602915036e-10,6.6873173498829829e-10,-5.8412867590853292e-12
3.295,1.4939777586561746e-10,2.3753314988768663e-10,3.1286012383561418e-10,3.8414239527102583e-10,4.7921134148304717e-10,6.680194305894737e-10,-1.3287845028054118e-12
3.2975,1.491701174967942e-10,2.3701283935385006e-10,3.1214886704169838e-10,3.8333334901198641e-10,4.7836452652637807e-10,6.6734618380242532e-10,3.2486541333164152e-12
3.3,1.4895779892299716e-10,2.3652157848846597e-10,3.1147678990177532e-10,3.8256592972439269e-10,4.7755990943011212e-10,6.6671175902125441e-10,7.8909571880851173e-12
3.3025,1.4876103318925828e-10,2.3606012582781832e-10,3.1084493164343497e-10,3.818410925612489e-10,4.7679810033980741e-10,6.661158962394044e-10,1.2596098691214761e-11
3.305,1.4857999964257321e-10,2.3562918749787729e-10,3.1025425846886267e-10,3.8115977182456285e-10,4.7607960611674839e-10,6.6555777010691042e-10,1.7364049734819832e-11
3.3075,1.4841484995049154e-10,2.3522939759106517e-10,3.0970553437981262e-10,3.8052268859180766e-10,4.7540464858458816e-10,6.650361538232314e-10,2.2191978815263364e-11
3.31,1.4826578922548358e-10,2.3486138283343026e-10,3.0919940730038894e-10,3.7993042827829578e-10,4.7477340824277245e-10,6.645500704588573e-10,2.7078672128582675e-11
3.3125,1.4813315399179321e-10,2.3452586991100645e-10,3.087366259114478e-10,3.7938365690443616e-10,4.7418632910882113e-10,6.6409913734395956e-10,3.2022083830797773e-11
3.315,1.4801740556374984e-10,2.3422374021648284e-10,3.0831819971344015e-10,3.7888328192213336e-10,4.7364417223902085e-10,6.636835549053862e-10,3.7022560415708842e-11
3.3175,1.4791903850255468e-10,2.3395599277602435e-10,3.0794535671913954e-10,3.7843044331693263e-10,4.7314791952419258e-10,6.6330372711721936e-10,4.2078955021226149e-11
3.32,1.4783848613474436e-10,2.3372364752886272e-10,3.0761941344722043e-10,3.7802644369465794e-10,4.7269857429886154e-10,6.6296004768724072e-10,4.7189904359147518e-11
3.3225,1.4777609808651975e-10,2.3352763991453089e-10,3.073416286401183e-10,3.7767268151960207e-10,4.7229719383745661e-10,6.6265293077127541e-10,5.2354729744312743e-11
3.325,1.4773217390670291e-10,2.3336878732272746e-10,3.0711316082428186e-10,3.7737049143154945e-10,4.7194502893422813e-10,6.6238285219979142e-10,5.7573004514786487e-11
3.3275,1.4770701099199533e-10,2.3324782853906074e-10,3.0693502060465121e-10,3.7712110722858328e-10,4.7164352933964491e-10,6.6215096727956428e-10,6.284538608578665e-11
3.33,1.4770096331441475e-10,2.3316552575380396e-10,3.0680811187909214e-10,3.7692565671959459e-10,4.7139422834087523e-10,6.6195904951507774e-10,6.81716389219901e-11
3.3325,1.4771448360810993e-10,2.3312272173559546e-10,3.0673332465877767e-10,3.7678520962992261e-10,4.7119851524478713e-10,6.6180900696206665e-10,7.3553075874019681e-11
3.335,1.4774810502715587e-10,2.3312029904617412e-10,3.0671158924444916e-10,3.767008108384588e-10,4.7105755113349569e-10,6.6170240387857549e-10,7.8989832623706341e-11
3.3375,1.4780235656266207e-10,2.3315909332382271e-10,3.0674386296296307e-10,3.7667356994468083e-10,4.7097252951216287e-10,6.6164083179030627e-10,8.4482851249537049e-11
3.34,1.4787766636555846e-10,2.332398191530129e-10,3.0683105232536806e-10,3.767046098972542e-10,4.7094496534147186e-10,6.6162636681015796e-10,9.0031729574336116e-11
3.3425,1.4797430656942937e-10,2.3336301423023089e-10,3.0697389561356019e-10,3.7679489636326912e-10,4.7097618601358207e-10,6.6166114376264937e-10,9.563876269454493e-11
3.345,1.4809240367675859e-10,2.335290335326835e-10,3.071728882618875e-10,3.7694509881021837e-10,4.7106703361467372e-10,6.6174667437205844e-10,1.0130389921949445e-10
3.3475,1.4823199920459784e-10,2.3373809864328263e-10,3.0742831016941094e-10,3.771556983643908e-10,4.7121825074373444e-10,6.6188435915760968e-10,1.07027075709129e-10
3.35,1.4839311061496783e-10,2.3399036812947893e-10,3.0774033977318902e-10,3.7742710666746184e-10,4.7143069027686414e-10,6.6207592496416457e-10,1.1280806405193915e-10
3.3525,1.4857574678675007e-10,2.3428592731136304e-10,3.0810907942337464e-10,3.7775965219486217e-10,4.7170508644845234e-10,6.6232339868451864e-10,1.186499057712422e-10
3.355,1.487798758337617e-10,2.3462469660750676e-10,3.0853442602953343e-10,3.7815343555509783e-10,4.7204179768277254e-10,6.6262806723257379e-10,1.2455259309933937e-10
3.3575,1.4900537553043919e-10,2.3500636201356814e-10,3.0901594786782419e-10,3.7860824783666628e-10,4.7244090794866673e-10,6.629905706361766e-10,1.3051430552708108e-10
3.36,1.4925203880355869e-10,2.3543039128929712e-10,3.095528526082898e-10,3.7912345021579529e-10,4.7290228312330921e-10,6.6341186317272331e-10,1.3653516651429633e-10
3.3625,1.4951960243314758e-10,2.3589609996344935e-10,3.1014405948132458e-10,3.7969793540245661e-10,4.7342524555488878e-10,6.6389276124438007e-10,1.426165619926524e-10
3.365,1.4980777543149896e-10,2.3640271243727584e-10,3.1078832181643241e-10,3.8033030620335178e-10,4.7400868518609872e-10,6.6443358073055865e-10,1.4875788569097333e-10
3.3675,1.5011625450684392e-10,2.3694936742745323e-10,3.1148426657946702e-10,3.8101913987938273e-10,4.7465142032024197e-10,6.650340043381187e-10,1.5495692002819831e-10
3.37,1.5044467331312105e-10,2.3753502168458235e-10,3.1223028875706256e-10,3.8176294506945435e-10,4.7535223272304913e-10,6.6569354498432563e-10,1.6121370589920898e-10
3.3725,1.5079254945146765e-10,2.3815837631071135e-10,3.1302445295628374e-10,3.8255992894905501e-10,4.7610967396806905e-10,6.6641166561354328e-10,1.6752755165805188e-10
3.375,1.5115920279154122e-10,2.3881781015601296e-10,3.138645018418663e-10,3.8340789083478238e-10,4.7692187477569532e-10,6.6718757065814086e-10,1.7389665889997877e-10
3.3775,1.5154373583590346e-10,2.3951143993246333e-10,3.1474799038859732e-10,3.8430425909008924e-10,4.7778656350443167e-10,6.6801980433857842e-10,1.8031725100231192e-10
3.38,1.5194502271635882e-10,2.4023721041341677e-10,3.1567231348794282e-10,3.8524615923807607e-10,4.7870099032929169e-10,6.6890619587095059e-10,1.867876440096427e-10
3.3825,1.5236180988753087e-10,2.4099302084972834e-10,3.1663475600160685e-10,3.8623064537454242e-10,4.7966223437605932e-10,6.6984442124340846e-10,1.9330535245156537e-10
3.385,1.5279288463799725e-10,2.4177684811584608e-10,3.1763265182085488e-10,3.8725497083215889e-10,4.8066759868132636e-10,6.7083274780041808e-10,1.9986777119381528e-10
3.3875,1.5323717189497541e-10,2.4258677108141542e-10,3.1866351705946622e-10,3.8831666689278538e-10,4.8171468379423978e-10,6.718694356012767e-10,2.0647155632577284e-10
3.39,1.5369361441099249e-10,2.4342078818184593e-10,3.1972493220867796e-10,3.8941332681113969e-10,4.8280111760314879e-10,6.7295239875833488e-10,2.1311527342182369e-10
3.3925,1.5416097991461031e-10,2.4427661839537378e-10,3.2081425371047597e-10,3.9054223608283051e-10,4.8392408340969618e-10,6.7407914974924904e-10,2.1979720778650618e-10
3.395,1.5463776526953579e-10,2.4515162452807772e-10,3.2192842352360225e-10,3.9170031505977296e-10,4.8508046954754551e-10,6.7524701456825459e-10,2.2651412807315821e-10
3.3975,1.5512225663282785e-10,2.4604286278171517e-10,3.2306387831332531e-10,3.9288407731905192e-10,4.862668748694815e-10,6.7645269751265478e-10,2.3326206148089789e-10
3.4,1.5561267917608865e-10,2.469471620308858e-10,3.2421653347925203e-10,3.9408946848836108e-10,4.8747947022264742e-10,6.7769233183629257e-10,2.4003739719174806e-10
3.4025,1.5610732159356662e-10,2.4786121710646599e-10,3.253819936174157e-10,3.953119475563189e-10,4.8871388044542236e-10,6.7896137872823715e-10,2.468357802875143e-10
3.405,1.5660452061765543e-10,2.4878161768173852e-10,3.2655576097987783e-10,3.965467155288561e-10,4.8996525773045627e-10,6.8025487987968082e-10,2.5365227167285267e-10
3.4075,1.5710253143858383e-10,2.4970480627218034e-10,3.2773328559594301e-10,3.9778890673296387e-10,4.9122856966081501e-10,6.8156788810861065e-10,2.6048228891577149e-10
3.41,1.5759939851998717e-10,2.506270027940799e-10,3.2890974105748133e-10,3.9903334599675949e-10,4.9249850325148532e-10,6.8289485977439325e-10,2.673200596840954e-10
3.4125,1.5809297318224898e-10,2.5154423012016573e-10,3.3007993406014026e-10,4.0027440103015622e-10,4.9376924136991694e-10,6.8422954616582356e-10,2.7415899949543436e-10
3.415,1.5858104149521278e-10,2.5245243780099163e-10,3.3123852528951485e-10,4.0150623371644541e-10,4.9503465082017225e-10,6.8556540599227154e-10,2.8099245194147151e-10
3.4175,1.590614309534509e-10,2.5334762106222414e-10,3.3238026919312508e-10,4.0272297577323236e-10,4.9628841303237764e-10,6.8689572620690414e-10,2.8781388224175503e-10
3.42,1.5953200965194683e-10,2.5422584228562518e-10,3.3350009265211286e-10,4.0391881028892949e-10,4.9752407844938597e-10,6.8821357770178389e-10,2.946160933264383e-10
3.4225,1.5999062633514259e-10,2.5508317666003619e-10,3.345929778990871e-10,4.0508804660168091e-10,4.987352404666354e-10,6.8951205372074325e-10,3.0139124745579041e-10
3.425,1.6043512571830481e-10,2.5591573135001778e-10,3.3565392095092224e-10,4.0622517153809674e-10,4.9991569233011422e-10,6.9078417606806083e-10,3.0813206579778473e-10
3.4275,1.6086339809642399e-10,2.5671964704097302e-10,3.3667789528924402e-10,4.0732471836134878e-10,5.0105940747451914e-10,6.9202276969691905e-10,3.1483134787044725e-10
3.43,1.6127341399248351e-10,2.5749110005462385e-10,3.3765990802508645e-10,4.0838113493115198e-10,5.0216030414351079e-10,6.932206465577795e-10,3.2148119691828174e-10
3.4325,1.6166320253546727e-10,2.5822633402224564e-10,3.3859515872762938e-10,4.0938893413904719e-10,5.0321225115137281e-10,6.9437056932933593e-10,3.2807362265813981e-10
3.435,1.6203078260606821e-10,2.5892168164183839e-10,3.3947911445691187e-10,4.103428921254198e-10,5.0420925264364404e-10,6.9546539616676052e-10,3.3460094577773794e-10
3.4375,1.623741434466614e-10,2.5957360083982239e-10,3.4030743433439696e-10,4.1123809216764116e-10,5.0514565211281255e-10,6.9649831164505032e-10,3.4105518649730177e-10
3.44,1.6269131601019983e-10,2.6017876131189215e-10,3.4107583704582521e-10,4.1206969994690122e-10,5.060160106683339e-10,6.9746325655894875e-10,3.4742967014404858e-10
3.4425,1.6298052610108449e-10,2.6073412225065891e-10,3.4178013820489755e-10,4.1283296369742223e-10,5.0681502108692076e-10,6.9835383045415046e-10,3.5371746646204108e-10
3.445,1.6324035480634379e-10,2.6123698646108854e-10,3.4241645788462144e-10,4.135234186343848e-10,5.0753768462558498e-10,6.9916378293857337e-10,3.5991231486611386e-10
3.4475,1.634697498393691e-10,2.6168495013060003e-10,3.4298142737643285e-10,4.1413704880701713e-10,5.0817935295578754e-10,6.9988749502226476e-10,3.6600785754342851e-10
3.45,1.6366782422519149e-10,2.6207574813096429e-10,3.4347212799045438e-10,4.146703275910962e-10,5.0873588737689637e-10,7.005201639795722e-10,3.7199834021315339e-10
3.4525,1.6383356427975975e-10,2.6240710341833472e-10,3.4388581548863131e-10,4.1511995115141964e-10,5.0920337778078404e-10,7.0105721106006074e-10,3.7787804045844453e-10
3.455,1.639656990470495e-10,2.6267669782036321e-10,3.4421966131939522e-10,4.1548252429608116e-10,5.095777378094914e-10,7.014938128143276e-10,3.8364118672142121e-10
3.4575,1.6406283628533555e-10,2.6288231377935154e-10,3.4447078318458116e-10,4.1575461807611432e-10,5.098548125331675e-10,7.0182498525211704e-10,3.8928213535972474e-10
3.46,1.6412374675613836e-10,2.6302200197499329e-10,3.4463646728500376e-10,4.1593299522287356e-10,5.1003068316916878e-10,7.0204579247213445e-10,3.9479516129267063e-10
3.4625,1.6414759811949608e-10,2.6309421629112396e-10,3.4471436010547972e-10,4.1601476802836873e-10,5.1010195014121196e-10,7.0215193363934635e-10,4.0017519456974129e-10
3.465,1.6413399744989853e-10,2.6309788312386001e-10,3.4470266338245869e-10,4.1599752093730547e-10,5.1006581646572098e-10,7.0213996359565656e-10,4.0541772192425316e-10
3.4675,1.6408286070874248e-10,2.6303234659115881e-10,3.4460015699065517e-10,4.1587942997194163e-10,5.0992022220260462e-10,7.0200744428787156e-10,4.1051905990757973e-10
3.47,1.6399424325220863e-10,2.6289726298950031e-10,3.44406059687228e-10,4.1565914123618713e-10,5.0966356591734489e-10,7.0175277425997448e-10,4.1547533538404527e-10
3.4725,1.6386823859466529e-10,2.6269251483928851e-10,3.4411990607559633e-10,4.1533570407330256e-10,5.0929453520200107e-10,7.0137475711104611e-10,4.2028425322268779e-10
3.475,1.6370497072008143e-10,2.6241814675431765e-10,3.4374149894401364e-10,4.149085222503677e-10,5.0881203425614531e-10,7.0087205749678588e-10,4.2494270400821617e-10
3.4775,1.635046161914728e-10,2.6207435334686343e-10,3.432709180482976e-10,4.143774010188313e-10,5.0821535963401636e-10,7.0024354885602353e-10,4.2944772034634986e-10
3.48,1.6326740759054265e-10,2.6166148782261286e-10,3.4270855653456895e-10,4.1374246982494553e-10,5.0750435289887027e-10,6.9948887787071996e-10,4.3379660629615269e-10
3.4825,1.6299364642768623e-10,2.6118014192691256e-10,3.4205518565470561e-10,4.1300423360330416e-10,5.0667929008865132e-10,6.9860837380175767e-10,4.3798870861286479e-10
3.485,1.6268372675829466e-10,2.6063124464827414e-10,3.4131208221994524e-10,4.1216378265434187e-10,5.0574093882049566e-10,6.9760286592467832e-10,4.4202398982287766e-10
3.4875,1.6233821287207492e-10,2.6001615459598532e-10,3.4048114492370937e-10,4.1122304608968227e-10,5.0469103948934865e-10,6.9647418974413631e-10,4.459024324022968e-10
3.49,1.6195790244170818e-10,2.5933666218381417e-10,3.3956480916681895e-10,4.1018466799447232e-10,5.035323395288098e-10,6.9522509707952157e-10,4.4962491105176857e-10
3.4925,1.6154381756883791e-10,2.5859492190503059e-10,3.3856588638243456e-10,4.0905164020467417e-10,5.0226807485087781e-10,6.9385931175269558e-10,4.5319365011401417e-10
3.495,1.61097173595901e-10,2.5779342277716314e-10,3.3748752281910608e-10,4.0782720644859579e-10,5.0090173572896085e-10,6.9238077727075521e-10,4.5661088148171005e-10
3.4975,1.6061940463861626e-10,2.5693500138155685e-10,3.3633330311593543e-10,4.0651502658205615e-10,4.9943720128981324e-10,6.907935957316202e-10,4.5987905683364926e-10
3.5,1.6011220209455984e-10,2.5602282779050014e-10,3.351072453886224e-10,4.0511925705750458e-10,4.9787880811966773e-10,6.891024519880376e-10,4.6300104556610241e-10
3.5025,1.595775069976174e-10,2.550603341263036e-10,3.3381368131892859e-10,4.0364446940922267e-10,4.9623138603274515e-10,6.8731299464917479e-10,4.6598110081098092e-10
3.505,1.5901747546114234e-10,2.5405121335156185e-10,3.3245724208796027e-10,4.0209563682006771e-10,4.9450019522732251e-10,6.8543132230697743e-10,4.6882351481328836e-10
3.5075,1.5843438414777363e-10,2.5299937424415251e-10,3.31042896831651e-10,4.0047818067156282e-10,4.9269101118497007e-10,6.8346389265551415e-10,4.7153273592637757e-10
3.51,1.5783050701515865e-10,2.5190883128844767e-10,3.295759077615243e-10,3.9879792170038607e-10,4.9081005081430575e-10,6.8141739428446353e-10,4.7411381892934031e-10
3.5125,1.5720797346299815e-10,2.5078353577027562e-10,3.2806160698277873e-10,3.9706082118948924e-10,4.8886377504964394e-10,6.7929865359090912e-10,4.7657213830972782e-10
3.515,1.5656870300630254e-10,2.4962726556962135e-10,3.2650519152474907e-10,3.9527268744592193e-10,4.868585754449609e-10,6.7711470917639595e-10,4.7891296455021633e-10
3.5175,1.5591447947730311e-10,2.4844369927137776e-10,3.2491177263507467e-10,3.934392348550657e-10,4.848007416098828e-10,6.7487284631594987e-10,4.8114162978858057e-10
3.52,1.552470772088745e-10,2.47236525507095e-10,3.232864985083697e-10,3.915663292400622e-10,4.8269669529850938e-10,6.7258033690215508e-10,4.8326373303420562e-10
3.5225,1.5456839668301458e-10,2.4600958140077578e-10,3.2163471060524004e-10,3.8966013280729454e-10,4.8055312652512079e-10,6.7024416015590419e-10,4.8528419911519085e-10
3.525,1.5388045301323891e-10,2.4476682322294555e-10,3.1996192749624941e-10,3.8772707801727613e-10,4.7837702902730215e-10,6.6787134876520588e-10,4.8720813762106268e-10
3.5275,1.5318529805451552e-10,2.4351223284855591e-10,3.1827373829764104e-10,3.8577365937403523e-10,4.7617557825859142e-10,6.6546934672932835e-10,4.8904070272553408e-10
3.53,1.5248498678586666e-10,2.4224979881719532e-10,3.1657575567252117e-10,3.8380642852638297e-10,4.7395616812726494e-10,6.6304610939921845e-10,4.9078799232028438e-10
3.5325,1.5178160096058381e-10,2.4098354885215421e-10,3.1487362157288493e-10,3.8183202162081085e-10,4.717263063822747e-10,6.6061003561682931e-10,4.9245590209825417e-10
3.535,1.5107731552776976e-10,2.3971760047141854e-10,3.1317302092979948e-10,3.7985714873713384e-10,4.6949349914856374e-10,6.5816926310099251e-10,4.9405057576261001e-10
3.5375,1.5037440578291652e-10,2.3845614894723605e-10,3.1147970919586649e-10,3.7788856683207932e-10,4.6726519490140615e-10,6.5573152931074096e-10,4.9557762325941484e-10
3.54,1.4967518212189604e-10,2.372034035408004e-10,3.097994861465495e-10,3.7593306743556705e-10,4.6504889421312077e-10,6.5330436575891641e-10,4.970429582941315e-10
3.5425,1.4898192415076182e-10,2.3596353024200801e-10,3.0813808831546059e-10,3.7399732316386085e-10,4.628521156522066e-10,6.5089560178797999e-10,4.9845239062227119e-10
3.545,1.4829685955234155e-10,2.3474059756416666e-10,3.0650107668496113e-10,3.7208783193308186e-10,4.6068223114516049e-10,6.4851298934960117e-10,4.9981230005507706e-10
3.5475,1.4762223388754845e-10,2.3353861408363576e-10,3.0489384175545522e-10,3.7021097171833567e-10,4.5854649406292775e-10,6.4616406356249884e-10,5.0112805775097382e-10
3.55,1.4696036073015114e-10,2.3236155034128799e-10,3.0332159857900187e-10,3.6837287355277382e-10,4.5645188170014935e-10,6.4385631118885612e-10,5.0240563268158606e-10
3.5525,1.4631362266430432e-10,2.3121332136528797e-10,3.0178943121594464e-10,3.6657940939932543e-10,4.5440502541328286e-10,6.4159721609182096e-10,5.0365049480953261e-10
3.555,1.456843929833243e-10,2.3009771775363894e-10,3.0030222744197678e-10,3.6483621482873985e-10,4.5241238187279238e-10,6.3939407114563588e-10,5.0486864658918084e-10
3.5575,1.4507500984780524e-10,2.2901841775963815e-10,2.9886466423195984e-10,3.6314868914566645e-10,4.5048010642298985e-10,6.3725363940881425e-10,5.0606495973584853e-10
3.56,1.4448771389467069e-10,2.2797894111488864e-10,2.974811848065256e-10,3.6152200767899838e-10,4.4861388185391031e-10,6.3518191401889433e-10,5.0724473345213125e-10
3.5625,1.4392461175899463e-10,2.2698261167811035e-10,2.9615599595611427e-10,3.5996109662072453e-10,4.468190024421895e-10,6.3318419895236559e-10,5.0841215703653355e-10
3.565,1.4338764540320473e-10,2.260325344524978e-10,2.9489306096235049e-10,3.584705414238499e-10,4.451004150870337e-10,6.3126533565645615e-10,5.0957174954385939e-10
3.5675,1.4287861480052864e-10,2.2513165038489079e-10,2.9369617009446044e-10,3.5705460539430657e-10,4.4346272448742272e-10,6.2942967893424725e-10,5.1072681428151685e-10
3.57,1.4239925139165746e-10,2.2428284915036438e-10,2.92569042105285e-10,3.5571747914231553e-10,4.4191049114878801e-10,6.276814929631643e-10,5.1188125593611472e-10
3.5725,1.4195130312843245e-10,2.2348904564827386e-10,2.9151537506289976e-10,3.5446330160951558e-10,4.4044819844135578e-10,6.2602514835922849e-10,5.1303907255588398e-10
3.575,1.4153656655787147e-10,2.2275318737612525e-10,2.9053883620116457e-10,3.5329615688544689e-10,4.3908027038849609e-10,6.2446523545067259e-10,5.1420480334773665e-10
3.5775,1.4115685281146074e-10,2.2207820090088806e-10,2.8964302274404182e-10,3.5222009703549427e-10,4.3781119635270506e-10,6.2300644552487886e-10,5.1538265246175221e-10
3.58,1.4081389360523714e-10,2.2146687470243842e-10,2.8883135287382556e-10,3.5123902820351368e-10,4.3664529485419987e-10,6.2165311019379655e-10,5.1657749144814342e-10
3.5825,1.4050924988607695e-10,2.2092168211058839e-10,2.8810688871046156e-10,3.503564477022267e-10,4.3558628118121977e-10,6.2040881324312496e-10,5.1779342164416867e-10
3.585,1.4024426258653647e-10,2.2044470343711832e-10,2.8747224630746682e-10,3.4957535705952834e-10,4.346370747278184e-10,6.192761868061157e-10,5.1903397151310485e-10
3.5875,1.4002005361269221e-10,2.2003768320385844e-10,2.8692964058469268e-10,3.488982904745716e-10,4.3380025301465113e-10,6.1825729733790434e-10,5.2030155458639227e-10
3.59,1.3983755789832865e-10,2.1970213575860917e-10,2.8648098254780066e-10,3.4832741440710365e-10,4.3307822956327039e-10,6.1735408190306706e-10,5.2159891530070845e-10
3.5925,1.3969758217238569e-10,2.1943939435291528e-10,2.8612787768595644e-10,3.4786453297017944e-10,4.3247308188786452e-10,6.1656872746350132e-10,5.2292964992993353e-10
3.595,1.3960084195332703e-10,2.1925060456394515e-10,2.8587157332296472e-10,3.4751109254367682e-10,4.3198649817380058e-10,6.1590318834370799e-10,5.2429652967837242e-10
3.5975,1.3954797160710468e-10,2.1913668270135702e-10,2.8571292813461752e-10,3.4726807579800501e-10,4.3161966989265453e-10,6.1535862020160138e-10,5.257020747443103e-10
3.6,1.3953946289858763e-10,2.1909826311640973e-10,2.8565241587037427e-10,3.4713589240540508e-10,4.3137326792380196e-10,6.1493565272400027e-10,5.2714886908908008e-10
3.6025,1.3957558954990538e-10,2.1913562688518358e-10,2.856900878658121e-10,3.4711440744841923e-10,4.3124710898955678e-10,6.1463416661055252e-10,5.2863883831815492e-10
3.605,1.3965635447739063e-10,2.1924868290245384e-10,2.8582554230897182e-10,3.4720298424436318e-10,4.3124036206643826e-10,6.1445359419655737e-10,5.3017312890240404e-10
3.6075,1.3978152239022234e-10,2.1943702921520221e-10,2.8605800936883407e-10,3.4740061911049167e-10,4.3135170590551137e-10,6.1439293569405151e-10,5.3175259863137999e-10
3.61,1.3995066102086347e-10,2.1969996356233127e-10,2.8638637221495935e-10,3.4770591919811277e-10,4.3157935725054182e-10,6.1445047470347046e-10,5.3337793062868927e-10
3.6125,1.4016314960284707e-10,2.2003648580239474e-10,2.8680917034353389e-10,3.4811703151164702e-10,4.3192110342219036e-10,6.1462389031120949e-10,5.3504934187125365e-10
3.615,1.4041816871927138e-10,2.2044529932913538e-10,2.8732455795148395e-10,3.4863159848311449e-10,4.3237425755595393e-10,6.1491065726434791e-10,5.3676618009914343e-10
3.6175,1.4071470884149588e-10,2.2092481539312854e-10,2.8793024353585068e-10,3.4924681884153268e-10,4.3293580508872208e-10,6.153081759881618e-10,5.3852794981002584e-10
3.62,1.4105160053330788e-10,2.2147314180146541e-10,2.8862345019445056e-10,3.4995943081094026e-10,4.3360228033108437e-10,6.1581313647936545e-10,5.4033437695525715e-10
3.6225,1.4142752891712034e-10,2.2208803694308582e-10,2.8940082083285015e-10,3.5076555339911587e-10,4.3436946895511392e-10,6.1642137509501395e-10,5.4218408474881811e-10
3.625,1.4184101177845711e-10,2.2276687696529207e-10,2.9025865447270637e-10,3.5166079935410186e-10,4.352324269385002e-10,6.1712819307952117e-10,5.4407507938286169e-10
3.6275,1.4229034703764678e-10,2.2350668032938426e-10,2.9119297665962253e-10,3.5264054584754149e-10,4.3618589486542613e-10,6.1792824001024771e-10,5.4600505257968344e-10
3.63,1.4277356460381259e-10,2.2430414994632104e-10,2.9219941525554666e-10,3.5369992875625353e-10,4.3722449049221192e-10,6.1881599243647462e-10,5.4797140755245797e-10
3.6325,1.432884283021432e-10,2.2515569424854946e-10,2.9327333843720281e-10,3.5483380222242718e-10,4.3834274819968054e-10,6.1978623336051744e-10,5.4997151976602624e-10
3.635,1.4383247593314402e-10,2.2605746019407089e-10,2.9440975820095893e-10,3.5603655989788416e-10,4.3953489140304002e-10,6.2083389090226449e-10,5.5200315532563707e-10
3.6375,1.4440310158081538e-10,2.2700537028986394e-10,2.9560335822664033e-10,3.5730216058690378e-10,4.4079465735561692e-10,6.219533805672793e-10,5.5406420423201188e-10
3.64,1.4499764956154957e-10,2.2799520730663262e-10,2.9684860181046968e-10,3.5862438250274157e-10,4.421155230887708e-10,6.2313857837527879e-10,5.5615213615605965e-10
3.6425,1.4561343881028401e-10,2.2902263331475687e-10,2.9813982393406478e-10,3.5999694873985652e-10,4.4349085821822121e-10,6.2438310020095756e-10,5.5826383689778013e-10
3.645,1.4624770788329095e-10,2.3008309820622906e-10,2.994711748114565e-10,3.6141345817152858e-10,4.4491387503387978e-10,6.2568050076603067e-10,5.6039594964489157e-10
3.6475,1.4689755321286827e-10,2.3117181035229029e-10,3.008365514665477e-10,3.6286717313507921e-10,4.4637744825490976e-10,6.2702380868001453e-10,5.6254483216864114e-10
3.65,1.4755988172266583e-10,2.3228379035800462e-10,3.0222969736488247e-10,3.6435113090201343e-10,4.4787422101884793e-10,6.284060206660309e-10,5.6470667144930993e-10
3.6525,1.4823144012133527e-10,2.3341395574260146e-10,3.0364433636283065e-10,3.6585838859665762e-10,4.4939685035011138e-10,6.2982063464298951e-10,5.6687804971385983e-10
3.655,1.4890886691351124e-10,2.3455712109329827e-10,3.0507418869413153e-10,3.6738214020539608e-10,4.5093815177927312e-10,6.3126093384880672e-10,5.6905526888446342e-10
3.6575,1.4958872264714265e-10,2.3570794362724983e-10,3.065128776044375e-10,3.6891563861653398e-10,4.5249104365108639e-10,6.327201482379255e-10,5.7123476797379488e-10
3.66,1.5026751051867573e-10,2.3686089413946483e-10,3.079537975184736e-10,3.7045200933310327e-10,4.5404848430736122e-10,6.3419161706342987e-10,5.7341283714328918e-10
3.6625,1.5094170016480558e-10,2.3801031402771417e-10,3.0939009378719178e-10,3.7198411762292305e-10,4.5560331049420388e-10,6.3566848551867979e-10,5.7558531760978491e-10
3.665,1.5160777524378292e-10,2.3915053054879606e-10,3.1081480173043089e-10,3.7350463494413617e-10,4.5714818590896515e-10,6.3714361364627944e-10,5.7774770087730661e-10
3.6675,1.5226230223616384e-10,2.4027595969189845e-10,3.1222101016812439e-10,3.7500623601966596e-10,4.5867566664008971e-10,6.3860979512141455e-10,5.7989559530712188e-10
3.67,1.5290199201923538e-10,2.4138118316169418e-10,3.1360202910410961e-10,3.7648179491753264e-10,4.6017836165028058e-10,6.4005993964532243e-10,5.8202439077113368e-10
3.6725,1.5352370806329999e-10,2.4246099814017137e-10,3.1495151654611261e-10,3.7792455306886641e-10,4.6164928099755537e-10,6.414875069429976e-10,5.8412967452947075e-10
3.675,1.5412443868187194e-10,2.435104273854386e-10,3.1626345758435991e-10,3.7932813904313707e-10,4.6308197442497436e-10,6.4288636669992821e-10,5.8620765797562311e-10
3.6775,1.5470126866774147e-10,2.4452469273850571e-10,3.1753208700987127e-10,3.8068651305460824e-10,4.6447045052860474e-10,6.4425053158640855e-10,5.8825461045969919e-10
3.68,1.5525138856336522e-10,2.4549919477161591e-10,3.1875192765236679e-10,3.8199391746603867e-10,4.6580897287030373e-10,6.455741033354124e-10,5.9026638082075949e-10
3.6825,1.5577210703214106e-10,2.4642950274114507e-10,3.1991772762073903e-10,3.8324485915427271e-10,4.670919716948065e-10,6.4685171084480934e-10,5.9223931535062466e-10
3.685,1.5626086700479434e-10,2.473113844035088e-10,3.2102444757089807e-10,3.8443407154464877e-10,4.6831407534963659e-10,6.4807845258155162e-10,5.9417016513147719e-10
3.6875,1.5671529763402142e-10,2.4814086953477944e-10,3.2206728543194556e-10,3.8555650282589209e-10,4.6947007428998627e-10,6.4924987264273106e-10,5.9605621469084352e-10
3.69,1.5713329391728055e-10,2.4891433553781071e-10,3.2304176275613864e-10,3.8660741497276749e-10,4.7055507511020616e-10,6.503615799319213e-10,5.9789457822339557e-10
3.6925,1.5751308168069698e-10,2.4962858528305314e-10,3.2394390791963292e-10,3.8758252343654437e-10,4.7156457536400536e-10,6.5140907918934683e-10,5.9968209097876285e-10
3.695,1.5785321404371353e-10,2.5028086522577648e-10,3.2477042065549821e-10,3.8847825994249331e-10,4.7249470283565748e-10,6.5238797846152156e-10,6.0141577348809042e-10
3.6975,1.5815246064486919e-10,2.5086877701216255e-10,3.2551853846686937e-10,3.892916130539368e-10,4.7334201460923442e-10,6.5329414543034111e-10,6.0309273086277284e-10
3.7,1.5840972161767325e-10,2.5139019319483014e-10,3.2618587202244491e-10,3.9002007788413905e-10,4.7410366490616953e-10,6.5412409759428651e-10,6.0471049027798054e-10
3.7025,1.5862405113487863e-10,2.5184327328482439e-10,3.2677023289776722e-10,3.906614209070953e-10,4.7477725265780145e-10,6.548748282602986e-10,6.0626672426002532e-10
3.705,1.5879477818331871e-10,2.5222656960443074e-10,3.2726968890078048e-10,3.9121369486490895e-10,4.75360808796513e-10,6.55543866174733e-10,6.0775975095324997e-10
3.7075,1.5892163621168303e-10,2.5253913585605181e-10,3.2768274806804616e-10,3.9167530857470595e-10,4.7585281557644727e-10,6.5612905914872066e-10,6.0918801934792578e-10
3.71,1.5900478783126008e-10,2.5278053596159088e-10,3.2800850865348672e-10,3.9204513958998494e-10,4.7625209271975671e-10,6.566284817726376e-10,6.1054990064675969e-10
3.7125,1.5904473623770572e-10,2.5295074772626441e-10,3.2824670742209318e-10,3.9232267879706333e-10,4.7655787509850129e-10,6.5704062613478678e-10,6.1184403399310159e-10
3.715,1.5904217370473814e-10,2.5305003022004995e-10,3.283975887443193e-10,3.9250797789641624e-10,4.7676986681955541e-10,6.5736471049241605e-10,6.1306987395584277e-10
3.7175,1.5899786696890078e-10,2.5307888355128551e-10,3.2846169331811581e-10,3.9260147889476391e-10,4.7688831246276909e-10,6.5760062500571817e-10,6.1422728246798067e-10
3.72,1.5891265891352389e-10,2.5303808265611656e-10,3.2843974962920536e-10,3.9260386033978636e-10,4.7691378263753274e-10,6.5774845346266764e-10,6.1531582414659633e-10
3.7225,1.5878759319177343e-10,2.5292874514724225e-10,3.2833275828385586e-10,3.9251607736331839e-10,4.7684703401844297e-10,6.5780820480696871e-10,6.1633508342833708e-10
3.725,1.5862402626335833e-10,2.5275234811167126e-10,3.2814206988671925e-10,3.9233936313910219e-10,4.7668899027601082e-10,6.5777975916215563e-10,6.1728449665183504e-10
3.7275,1.5842363883794128e-10,2.5251074461173114e-10,3.2786947645102892e-10,3.9207522610189917e-10,4.7644079938489268e-10,6.5766313901518659e-10,6.1816340290643692e-10
3.73,1.5818835255119752e-10,2.5220619148682958e-10,3.2751726064178542e-10,3.9172559910984545e-10,4.7610410076228034e-10,6.5745912114465039e-10,6.1897166178459185e-10
3.7325,1.5792025836235698e-10,2.5184135350974548e-10,3.2708816322550253e-10,3.9129299269529858e-10,4.7568122641289886e-10,6.5716942740711816e-10,6.1970989316482285e-10
3.735,1.5762163501044283e-10,2.5141925485120927e-10,3.2658533664036844e-10,3.9078048761770699e-10,4.7517516495816552e-10,6.5679628831624746e-10,6.2037949485221943e-10
3.7375,1.5729494209164955e-10,2.5094312067936003e-10,3.2601224222786906e-10,3.9019156700292016e-10,4.7458921816495094e-10,6.5634212412108863e-10,6.2098169026937006e-10
3.74,1.5694271328945264e-10,2.5041621316246898e-10,3.2537253270396056e-10,3.8952992395472766e-10,4.7392682203869285e-10,6.5580944796583928e-10,6.2151723045194296e-10
3.7425,1.5656737245526216e-10,2.4984170912615917e-10,3.2466990175084016e-10,3.8879929213214331e-10,4.7319140661235725e-10,6.5520083722696384e-10,6.2198716141101483e-10
3.745,1.5617115030264387e-10,2.4922273845784696e-10,3.2390804191768174e-10,3.8800338832504695e-10,4.7238651541137278e-10,6.5451902904154846e-10,6.2239324572847464e-10
3.7475,1.5575617699116186e-10,2.4856255867717349e-10,3.230908064941674e-10,3.8714602321746556e-10,4.7151587917125673e-10,6.5376699261519772e-10,6.2273722557153052e-10
3.75,1.5532465111297291e-10,2.478647239266093e-10,3.2222237213400507e-10,3.862313093075086e-10,4.7058351525152079e-10,6.5294807988575047e-10,6.2302102061154681e-10
3.7525,1.5487895211153569e-10,2.4713311957515548e-10,3.2130730039781134e-10,3.8526383612309253e-10,4.6959389523786355e-10,6.5206631860333816e-10,6.2324735578159065e-10
3.755,1.5442165195234237e-10,2.4637187914176439e-10,3.203504494133928e-10,3.8424858695399509e-10,4.6855195825808444e-10,6.5112634903088903e-10,6.2341962349220514e-10
3.7575,1.5395544802087014e-10,2.4558522476239181e-10,3.1935677656870319e-10,3.8319070063095177e-10,4.6746284492139314e-10,6.5013292726976521e-10,6.2354118936841785e-10
3.76,1.5348309150754112e-10,2.4477736232098482e-10,3.1833119848967532e-10,3.8209519233737949e-10,4.6633151003616122e-10,6.4909057657906407e-10,6.2361532184536509e-10
3.7625,1.5300731981583206e-10,2.4395243687691847e-10,3.1727855940931876e-10,3.8096698889066447e-10,4.6516269968534304e-10,6.4800336310591391e-10,6.2364501011474827e-10
3.765,1.5253081155494066e-10,2.4311454481079255e-10,3.162036993388535e-10,3.7981110519245915e-10,4.6396134009168846e-10,6.4687552369769136e-10,6.2363359507863141e-10
3.7675,1.520561346727792e-10,2.4226772137335537e-10,3.1511147586197619e-10,3.7863266867974325e-10,4.6273276001748531e-10,6.4571185137784168e-10,6.235846517169768e-10
3.77,1.5158565980140869e-10,2.4141587756114113e-10,3.1400671258473366e-10,3.774367690097802e-10,4.6148237887838589e-10,6.4451756706890142e-10,6.2350205437423737e-10
3.7725,1.5112147524437433e-10,2.4056269265109973e-10,3.1289407787637034e-10,3.7622828520567961e-10,4.6021525258383536e-10,6.4329789598823989e-10,6.2338978428755661e-10
3.775,1.506653103246519e-10,2.3971148361663141e-10,3.1177793647928518e-10,3.7501173100349461e-10,4.5893585834252148e-10,6.4205759829701804e-10,6.232516353536911e-10
3.7775,1.5021855411668451e-10,2.3886516051561835e-10,3.106622654766133e-10,3.7379130606563572e-10,4.5764821116597622e-10,6.4080065948833538e-10,6.2309039591088567e-10
3.78,1.4978237246769492e-10,2.3802633970209187e-10,3.0955071500864736e-10,3.7257101333396298e-10,4.5635621764999702e-10,6.3953045067850607e-10,6.2290820827613354e-10
3.7825,1.4935780957576238e-10,2.3719745738178231e-10,3.0844671383813731e-10,3.7135472652711331e-10,4.550638842383257e-10,6.3825030896273545e-10,6.227074147407078e-10
3.785,1.4894583419527139e-10,2.3638079211226186e-10,3.0735350691613947e-10,3.7014619017224614e-10,4.5377530741754704e-10,6.3696395227268655e-10,6.224910441657475e-10
3.7875,1.4854732572194364e-10,2.3557843154013333e-10,3.0627412151976727e-10,3.6894889951993654e-10,4.5249443878917931e-10,6.3567548135924805e-10,6.2226242627014124e-10
3.79,1.4816302994404199e-10,2.3479226154036877e-10,3.0521135638079679e-10,3.6776607638315869e-10,4.5122481503629086e-10,6.3438877911281639e-10,6.2202443654552607e-10
3.7925,1.4779351058977534e-10,2.3402396959913684e-10,3.0416780703590747e-10,3.6660072196290855e-10,4.4996957544289253e-10,6.3310717612047676e-10,6.217794856805924e-10
3.795,1.4743913365638379e-10,2.3327504913247269e-10,3.0314587349339428e-10,3.6545565838569448e-10,4.4873164786060242e-10,6.3183362417079258e-10,6.2152986338008644e-10
3.7975,1.4710006950676054e-10,2.3254678333921348e-10,3.021477440788062e-10,3.643334663611926e-10,4.475137913230523e-10,6.3057076709542822e-10,6.2127711360947405e-10
3.8,1.4677633994128919e-10,2.3184028551932834e-10,3.0117541495463311e-10,3.6323644025332772e-10,4.4631854313348416e-10,6.2932109667820333e-10,6.2102258008590551e-10
3.8025,1.4646788807087346e-10,2.31156569394669e-10,3.0023073334980531e-10,3.6216672959047137e-10,4.4514834034241752e-10,6.2808697051417795e-10,6.2076768509418676e-10
3.805,1.4617464637522715e-10,2.3049659322765085e-10,2.9931542076591261e-10,3.6112639310244105e-10,4.440054837101037e-10,6.2687075028346359e-10,6.2051431393828634e-10
3.8075,1.4589657414898384e-10,2.2986124762893176e-10,2.9843106012867693e-10,3.6011736390144567e-10,4.4289198358254254e-10,6.2567452027224959e-10,6.202638290362897e-10
3.81,1.4563364250584608e-10,2.2925131501903097e-10,2.9757908759056143e-10,3.5914143671172221e-10,4.41809747287847e-10,6.2450018335249524e-10,6.2001729302961901e-10
3.8125,1.4538579066097949e-10,2.2866745991580581e-10,2.9676080006020429e-10,3.5820022691652183e-10,4.4076068702369601e-10,6.2334975711852977e-10,6.1977599408770721e-10
3.815,1.4515287435048881e-10,2.2811022955236671e-10,2.9597732193363994e-10,3.5729508493714386e-10,4.3974654455472984e-10,6.2222544770409675e-10,6.1954174013288399e-10
3.8175,1.4493464708220902e-10,2.2758005563705932e-10,2.9522957569586186e-10,3.5642711290401718e-10,4.3876876339762093e-10,6.2112926593386668e-10,6.1931589987350674e-10
3.82,1.4473078639150774e-10,2.2707725700779025e-10,2.9451828960250561e-10,3.5559725242212943e-10,4.3782844876147157e-10,6.2006282743192165e-10,6.1909956577312466e-10
3.8225,1.4454091645276541e-10,2.2660202239714145e-10,2.9384402363674347e-10,3.5480626560800928e-10,4.3692632183671118e-10,6.190272010211276e-10,6.1889339045347864e-10
3.825,1.4436459209681484e-10,2.2615439614258192e-10,2.932072428295842e-10,3.5405475632981703e-10,4.360628474226046e-10,6.1802283637448809e-10,6.1869767510577844e-10
3.8275,1.4420128145846112e-10,2.2573431782446305e-10,2.9260834199840563e-10,3.5334329908912382e-10,4.3523859133776163e-10,6.170502429390944e-10,6.1851283441041252e-10
3.83,1.4405040642637834e-10,2.2534168903207119e-10,2.9204762173077672e-10,3.5267243732776847e-10,4.3445416848022514e-10,6.161100171234137e-10,6.1833937726938817e-10
3.8325,1.4391144607858011e-10,2.2497642725263377e-10,2.9152525332447451e-10,3.5204252665502823e-10,4.3371004511350742e-10,6.1520263179398015e-10,6.1817778255421479e-10
3.835,1.4378402585020036e-10,2.2463851013567103e-10,2.9104131913857654e-10,3.5145365071482057e-10,4.3300643355685198e-10,6.1432826174857709e-10,6.1802831544773966e-10
3.8375,1.4366793955796784e-10,2.2432804390476804e-10,2.9059597606121893e-10,3.5090578531943975e-10,4.3234334320565447e-10,6.1348706130990435e-10,6.1789120493994815e-10
3.84,1.4356310055600514e-10,2.2404527318322965e-10,2.9018956529129955e-10,3.5039910188931596e-10,4.3172081655144041e-10,6.1267932037011221e-10,6.177669585604572e-10
3.8425,1.4346944842610246e-10,2.2379046219139448e-10,2.8982248905258317e-10,3.4993401838682732e-10,4.3113910175069379e-10,6.1190531401191831e-10,6.1765608602198128e-10
3.845,1.433868816405482e-10,2.2356375039854317e-10,2.8949496928023997e-10,3.4951088897661354e-10,4.3059846961132318e-10,6.1116514957759265e-10,6.1755889900920673e-10
3.8475,1.4331525751907121e-10,2.233651296373712e-10,2.8920695009232792e-10,3.4912982440294435e-10,4.3009909662200719e-10,6.1045883908187438e-10,6.1747578141674598e-10
3.85,1.432544430367246e-10,2.2319455334236832e-10,2.8895824657484667e-10,3.4879069003237793e-10,4.2964091360904164e-10,6.0978627416520692e-10,6.1740698931033721e-10
3.8525,1.4320436900077503e-10,2.2305203743871685e-10,2.8874872447480118e-10,3.4849324382802583e-10,4.2922366727664153e-10,6.0914739859299412e-10,6.1735287074530432e-10
3.855,1.4316504838200684e-10,2.2293770036159595e-10,2.8857839587073176e-10,3.482372756839064e-10,4.2884699943201219e-10,6.0854230662425545e-10,6.1731402921399827e-10
3.8575,1.4313656318728397e-10,2.2285175258329958e-10,2.8844741494152002e-10,3.480227283268788e-10,4.2851072309333217e-10,6.0797114971086881e-10,6.17291223509647e-10
3.86,1.4311903740857971e-10,2.2279445700075061e-10,2.8835597475466783e-10,3.4784966487800534e-10,4.2821482405512203e-10,6.0743394746415051e-10,6.1728492588991304e-10
3.8625,1.4311261765620855e-10,2.227660726558284e-10,2.8830420975328425e-10,3.4771821596707327e-10,4.2795942239325301e-10,6.0693064449402962e-10,6.1729554441462851e-10
3.865,1.4311746721518869e-10,2.2276680487909301e-10,2.8829211230178508e-10,3.4762839375386647e-10,4.2774457060684457e-10,6.0646139625117685e-10,6.1732393995550106e-10
3.8675,1.4313376509702748e-10,2.2279680907990245e-10,2.8831958331967317e-10,3.4757997076222457e-10,4.2757002573278691e-10,6.0602620913125439e-10,6.1737084606616762e-10
3.87,1.4316169988264396e-10,2.2285622201893155e-10,2.8838653521032375e-10,3.4757267809782117e-10,4.2743535580070242e-10,6.0562506896049791e-10,6.174368090272554e-10
3.8725,1.4320147611668797e-10,2.2294519576614041e-10,2.8849293359941975e-10,3.4760633032925236e-10,4.2734014082295506e-10,6.0525788888263093e-10,6.1752229668879504e-10
3.875,1.4325332887026003e-10,2.2306390170628398e-10,2.8863876268900195e-10,3.4768090536254166e-10,4.2728432979739317e-10,6.0492498765433366e-10,6.1762824108037458e-10
3.8775,1.4331751627475814e-10,2.2321244614309896e-10,2.8882382601693463e-10,3.4779627850696883e-10,4.2726809251612025e-10,6.0462681434706642e-10,6.1775585352956527e-10
3.88,1.433942900983636e-10,2.233907885942852e-10,2.8904759828252914e-10,3.4795191333087554e-10,4.2729123197793575e-10,6.0436345897941554e-10,6.1790612827771434e-10
3.8825,1.4348387642192694e-10,2.235986835118833e-10,2.8930922431332156e-10,3.4814679549330676e-10,4.2735288459400565e-10,6.0413451273234247e-10,6.1807955982066818e-10
3.885,1.4358645375706574e-10,2.2383572153428938e-10,2.896077377204821e-10,3.4837976210141715e-10,4.2745183429621748e-10,6.0393932246661573e-10,6.1827631295397525e-10
3.8875,1.4370209914142491e-10,2.2410135817364954e-10,2.899422112790988e-10,3.4864980003103625e-10,4.2758699928377062e-10,6.03777390032517e-10,6.1849666212157465e-10
3.89,1.4383069961909605e-10,2.2439484753659811e-10,2.9031160184484246e-10,3.4895588275144048e-10,4.2775738478742923e-10,6.0364823236306202e-10,6.1874091517338028e-10
3.8925,1.4397195075701036e-10,2.2471522719322142e-10,2.9071455319439779e-10,3.4929666615740389e-10,4.279618005408844e-10,6.035512839817148e-10,6.1900936786701936e-10
3.895,1.4412544867257552e-10,2.2506141816639847e-10,2.9114940587499874e-10,3.4967047180762147e-10,4.2819875927776026e-10,6.0348567288760469e-10,6.1930205936819407e-10
3.8975,1.4429083609767746e-10,2.2543237989773909e-10,2.9161439883250032e-10,3.500754973104497e-10,4.2846674255351914e-10,6.0345065998982243e-10,6.1961913442593609e-10
3.9,1.4446787638688784e-10,2.2582715035163195e-10,2.9210783794002655e-10,3.5050996280375871e-10,4.2876424516989035e-10,6.0344544263598367e-10,6.1996059488069436e-10
3.9025,1.4465644519322229e-10,2.2624478693771153e-10,2.926281240085325e-10,3.5097216950224989e-10,4.2908983210907237e-10,6.0346926909967267e-10,6.2032641355063742e-10
3.905,1.4485641038593873e-10,2.266842502504417e-10,2.9317365252916708e-10,3.5146044579521159e-10,4.2944199644273866e-10,6.035211956560858e-10,6.2071641148687135e-10
3.9075,1.4506750803168614e-10,2.2714433835151344e-10,2.9374273827200808e-10,3.5197310951465573e-10,4.2981919689346399e-10,6.036002443994152e-10,6.2113033657465591e-10
3.91,1.4528926635814165e-10,2.2762367570406883e-10,2.9433358469011116e-10,3.5250840266270376e-10,4.302198964144079e-10,6.0370553174448805e-10,6.2156805470516003e-10
3.9125,1.4552097936706479e-10,2.2812070935036028e-10,2.9494428880217077e-10,3.5306451555194363e-10,4.3064256052567152e-10,6.0383648260594731e-10,6.2202986495804632e-10
3.915,1.4576174106354547e-10,2.2863369487816036e-10,2.9557276713075859e-10,3.5363953321302433e-10,4.3108559889193641e-10,6.0399239163184309e-10,6.2251599360848594e-10
3.9175,1.4601052720913783e-10,2.2916070403841009e-10,2.9621672283173491e-10,3.5423139640968785e-10,4.315473399497216e-10,6.041723372253137e-10,6.2302632029750503e-10
3.92,1.4626626954584231e-10,2.2969965909475507e-10,2.9687372086727143e-10,3.5483799889874666e-10,4.3202613785919379e-10,6.0437546666294157e-10,6.2356076265433557e-10
3.9225,1.4652788163347636e-10,2.3024834686709044e-10,2.9754122024647702e-10,3.5545715600391227e-10,4.3252029283010786e-10,6.0460093436866772e-10,6.2411925153213979e-10
3.925,1.4679422627441219e-10,2.3080441289365089e-10,2.98216516550957e-10,3.5608651467703559e-10,4.3302793139885665e-10,6.0484763993055681e-10,6.2470150391876307e-10
3.9275,1.4706410528309783e-10,2.3136545010515347e-10,2.9889682410267974e-10,3.5672360411745305e-10,4.3354712470226728e-10,6.0511462956295017e-10,6.2530735457929438e-10
3.93,1.4733625568478299e-10,2.3192904654950818e-10,2.9957934684316798e-10,3.5736590822655233e-10,4.3407595187710133e-10,6.0540105536200458e-10,6.2593675128086716e-10
3.9325,1.4760937003437916e-10,2.3249280766415217e-10,3.0026128513602354e-10,3.5801083016432916e-10,4.3461239053873457e-10,6.0570604278270849e-10,6.2658962089965297e-10
3.935,1.4788213727561663e-10,2.3305438166654385e-10,3.0093987537673125e-10,3.5865576989234534e-10,4.3515435103437181e-10,6.0602851090316305e-10,6.2726567993131303e-10
3.9375,1.4815327570136955e-10,2.3361146865322921e-10,3.0161245588939642e-10,3.5929829711044478e-10,4.3569990766984019e-10,6.0636737667813505e-10,6.2796458334267387e-10
3.94,1.4842153633730135e-10,2.3416180386492604e-10,3.0227647249337125e-10,3.5993610955469439e-10,4.3624731530689517e-10,6.0672177869835357e-10,6.2868621116285929e-10
3.9425,1.4868567098274454e-10,2.3470310287011839e-10,3.0292942734667121e-10,3.6056697618076697e-10,4.3679489937131948e-10,6.0709093429694399e-10,6.2943041100227576e-10
3.945,1.4894440015420646e-10,2.3523304068740138e-10,3.0356879424822892e-10,3.6118859855042552e-10,4.3734075122058843e-10,6.0747398153578459e-10,6.3019705102887831e-10
3.9475,1.4919642674704491e-10,2.3574930768406165e-10,3.041920591115696e-10,3.6179869165205162e-10,4.3788282011338257e-10,6.0786986850491037e-10,6.3098564779910025e-10
3.95,1.4944048256966834e-10,2.3624969069653974e-10,3.0479683276613288e-10,3.6239511877215635e-10,4.384192035761692e-10,6.0827756482047586e-10,6.3179576842635072e-10
3.9525,1.496753733858255e-10,2.3673213111442833e-10,3.0538089497971587e-10,3.6297591677700406e-10,4.389482267585327e-10,6.0869602917770086e-10,6.3262702682447764e-10
3.955,1.4989999413396252e-10,2.3719473771802268e-10,3.0594222060233787e-10,3.6353921881751301e-10,4.3946836578961207e-10,6.091241713504917e-10,6.3347895656404651e-10
3.9575,1.5011332185673902e-10,2.3763576359196083e-10,3.0647897848668601e-10,3.6408325817203486e-10,4.3997809875163301e-10,6.0956097897284903e-10,6.3435111818507972e-10
3.96,1.5031440674597078e-10,2.3805356605446118e-10,3.0698945049735209e-10,3.6460632969862019e-10,4.4047577619088972e-10,6.1000519309422606e-10,6.3524274266883908e-10
3.9625,1.5050237536781489e-10,2.3844660389791905e-10,3.0747200758150818e-10,3.651068553870728e-10,4.4095985482067559e-10,6.104555734089421e-10,6.3615302888884774e-10
3.965,1.5067646274647961e-10,2.38813453535512e-10,3.0792511885973609e-10,3.6558345066610999e-10,4.4142905564479372e-10,6.1091108081029679e-10,6.3708145416826039e-10
3.9675,1.5083602643105513e-10,2.3915282050374585e-10,3.0834733101827166e-10,3.6603483666435275e-10,4.4188225371530547e-10,6.1137066711443877e-10,6.3802766110742344e-10
3.97,1.5098052359815173e-10,2.3946352660465703e-10,3.0873722242735885e-10,3.6645967278311377e-10,4.4231820562549076e-10,6.1183293174284429e-10,6.3899088364078064e-10
3.9725,1.5110947850894643e-10,2.3974449773757668e-10,3.0909346640769394e-10,3.6685655571649224e-10,4.427355390052921e-10,6.1229635845256962e-10,6.399700436142903e-10
3.975,1.5122246701228552e-10,2.399947618543302e-10,3.0941492215506912e-10,3.6722416765612109e-10,4.4313286984346048e-10,6.127593966436526e-10,6.4096390883554505e-10
3.9775,1.5131912590603714e-10,2.4021345661252721e-10,3.0970060641650511e-10,3.6756136627725501e-10,4.4350891357322385e-10,6.1322063176572868e-10,6.4197150145815798e-10
3.98,1.5139917134463752e-10,2.403998393410997e-10,3.0994958747891995e-10,3.6786707977916755e-10,4.4386233726509319e-10,6.1367859651364616e-10,6.4299171886221884e-10
3.9825,1.5146242499473893e-10,2.4055331686450501e-10,3.1016100044750368e-10,3.6814025195231676e-10,4.4419182571580695e-10,6.1413168297528498e-10,6.4402319387390163e-10
3.985,1.5150883104175875e-10,2.4067348504258742e-10,3.1033412861170198e-10,3.6837989403875954e-10,4.4449612344826498e-10,6.1457818289045187e-10,6.4506441563638661e-10
3.9875,1.5153846952184311e-10,2.4076012181791564e-10,3.1046841305338809e-10,3.6858508124507104e-10,4.4477401865024067e-10,6.1501621049606257e-10,6.4611373948909682e-10
3.99,1.5155156580446846e-10,2.4081320315071798e-10,3.1056344674572462e-10,3.6875492936332899e-10,4.4502434965522861e-10,6.1544396641229228e-10,6.4716960742158225e-10
3.9925,1.5154848553184545e-10,2.408329043774998e-10,3.106189745417608e-10,3.6888865569741392e-10,4.4524593294217153e-10,6.1585975821455624e-10,6.4823049203002639e-10
3.995,1.5152973108935484e-10,2.4081961465181915e-10,3.10634935963423e-10,3.689856381220958e-10,4.4543760555383929e-10,6.1626188229717496e-10,6.4929470042600317e-10
3.9975,1.5149592134183255e-10,2.4077392168209398e-10,3.1061155277410621e-10,3.6904551531324648e-10,4.4559833835977414e-10,6.1664854460161262e-10,6.5036025517133311e-10
4.0,1.5144772170072931e-10,2.4069652648434638e-10,3.1054932134108745e-10,3.6906832020192147e-10,4.4572748666570971e-10,6.1701802893171611e-10,6.5142512654471408e-10
4.0025,1.5138574610635655e-10,2.4058812258842556e-10,3.1044882830114681e-10,3.6905423640846651e-10,4.4582454734717979e-10,6.1736853728422142e-10,6.5248713265802653e-10
4.005,1.5131048751230461e-10,2.4044933300578823e-10,3.1031056383170057e-10,3.6900323966633786e-10,4.4588875404275013e-10,6.1769802253780513e-10,6.5354378882088395e-10
4.0075,1.5122235983394617e-10,2.4028078896600865e-10,3.1013497584774182e-10,3.6891512064574581e-10,4.4591908959023207e-10,6.1800409450109468e-10,6.5459209820024675e-10
4.01,1.5112182701726969e-10,2.4008327423151113e-10,3.0992265479083812e-10,3.6878979722362929e-10,4.4591465513954916e-10,6.1828454781549868e-10,6.5562942517685345e-10
4.0125,1.5100952843476506e-10,2.3985784866482355e-10,3.096745008969073e-10,3.6862762898622061e-10,4.4587503577647514e-10,6.1853772682632744e-10,6.5665373391104505e-10
4.015,1.5088628336402403e-10,2.3960582721918091e-10,3.093917162405729e-10,3.6842935008245159e-10,4.4580025186839346e-10,6.1876235717127847e-10,6.576632272818448e-10
4.0175,1.507529755497398e-10,2.3932863957480583e-10,3.0907565679424513e-10,3.6819581939617162e-10,4.4569047855232495e-10,6.1895713297141995e-10,6.5865577153699986e-10
4.02,1.5061044802262325e-10,2.3902766234520135e-10,3.087276051418377e-10,3.6792774669528286e-10,4.4554577079206566e-10,6.191203783793145e-10,6.5962878410754666e-10
4.0225,1.5045949111490088e-10,2.387041977919521e-10,3.0834868244243821e-10,3.6762558930923093e-10,4.4536588700985259e-10,6.1925010536470006e-10,6.6057928770740188e-10
4.025,1.503009375152497e-10,2.3835958682248579e-10,3.0793997988614643e-10,3.6728972764989129e-10,4.4515045909393706e-10,6.1934443003123862e-10,6.6150443122601084e-10
4.0275,1.5013572449473931e-10,2.3799531232008585e-10,3.0750275961422681e-10,3.6692074565557809e-10,4.4489927885262158e-10,6.1940175228076679e-10,6.6240142800344374e-10
4.03,1.4996486641588966e-10,2.3761299639819365e-10,3.0703854275773281e-10,3.6651952690187088e-10,4.4461238478448911e-10,6.1942085165056631e-10,6.6326804102809625e-10
4.0325,1.4978927878335342e-10,2.3721422029559969e-10,3.065489960409942e-10,3.6608718680187017e-10,4.4429004361424574e-10,6.1940071663175731e-10,6.6410246865734551e-10
4.035,1.4960963303077614e-10,2.368003453839931e-10,3.0603569334729361e-10,3.6562485616041895e-10,4.4393250279203169e-10,6.1934016265919794e-10,6.6490275168068242e-10
4.0375,1.4942631751993038e-10,2.3637245131223331e-10,3.0549996026688187e-10,3.6513347053871855e-10,4.4353993221439781e-10,6.1923773421096965e-10,6.6566647812252528e-10
4.04,1.4923952393861925e-10,2.3593144294198017e-10,3.0494295602659997e-10,3.6461382325370838e-10,4.4311258239589721e-10,6.1909199679041369e-10,6.6639086123193344e-10
4.0425,1.4904937212164618e-10,2.3547819400653832e-10,3.0436582941722628e-10,3.6406673787460028e-10,4.4265086768297649e-10,6.1890190344119448e-10,6.6707307423181122e-10
4.045,1.4885598468562783e-10,2.3501361682089189e-10,3.0376980426456265e-10,3.6349319624931706e-10,4.4215525134074602e-10,6.1866666393374871e-10,6.6771066824627127e-10
4.0475,1.4865951379176576e-10,2.3453865733916741e-10,3.0315618446110298e-10,3.6289436555771762e-10,4.4162630349718724e-10,6.1838571145590714e-10,6.6830182399806779e-10
4.05,1.4846011846208522e-10,2.3405426716294217e-10,3.0252633619636941e-10,3.6227152872301979e-10,4.4106475401887881e-10,6.1805869473687727e-10,6.6884522886989206e-10
4.0525,1.4825792792155733e-10,2.3356140591323399e-10,3.0188170666524986e-10,3.616260851873909e-10,4.4047157103641894e-10,6.1768544873792935e-10,6.6933974402019638e-10
4.055,1.4805305627628401e-10,2.3306110570383535e-10,3.0122385531999893e-10,3.6095957184270261e-10,4.3984799138074712e-10,6.172660795955278e-10,6.6978431614871205e-10
4.0575,1.4784563758406137e-10,2.3255452304029194e-10,3.0055448872859383e-10,3.6027366935151242e-10,4.3919559039130409e-10,6.1680103311554953e-10,6.7017796457728557e-10
4.06,1.4763588807290622e-10,2.3204295893080507e-10,2.9987550121893068e-10,3.5957025185615081e-10,4.3851622920817155e-10,6.1629141599574352e-10,6.7052018930628859e-10
4.0625,1.4742414166189687e-10,2.3152782906928073e-10,2.9918894487998156e-10,3.5885140995447615e-10,4.3781188241961047e-10,6.1573845604672472e-10,6.7081071898933954e-10
4.065,1.4721081200465768e-10,2.3101058492924246e-10,2.9849696369559023e-10,3.5811946371859714e-10,4.3708462388473366e-10,6.1514348490610934e-10,6.7104952482897733e-10
4.0675,1.4699632296414403e-10,2.3049264912847187e-10,2.9780173800119771e-10,3.5737691629134383e-10,4.3633681447168423e-10,6.1450819422149845e-10,6.7123701398991124e-10
4.07,1.4678103806224495e-10,2.2997536378727474e-10,2.9710542227490394e-10,3.5662633698941574e-10,4.3557115281216394e-10,6.1383489635777906e-10,6.7137416325206415e-10
4.0725,1.4656523733899087e-10,2.2945997285334859e-10,2.9641007880744436e-10,3.5587016461953119e-10,4.3479040257798901e-10,6.1312620280095759e-10,6.7146224024411664e-10
4.075,1.4634916053956686e-10,2.289476794771983e-10,2.9571769756818131e-10,3.5511074301592845e-10,4.3399732700820239e-10,6.1238496714712998e-10,6.7150276720196639e-10
4.0775,1.4613306883982234e-10,2.2843972535187496e-10,2.9503024221118199e-10,3.5435036981137399e-10,4.3319457442796215e-10,6.1161408721501734e-10,6.7149714224525427e-10
4.08,1.4591729783974769e-10,2.2793745832220014e-10,2.9434977965610041e-10,3.5359145836836221e-10,4.3238473569458357e-10,6.1081618835274069e-10,6.7144663393504694e-10
4.0825,1.4570225256848066e-10,2.274423012292956e-10,2.9367850042465778e-10,3.5283666919593515e-10,4.3157060799640112e-10,6.0999417448249034e-10,6.7135304702478127e-10
4.085,1.4548838708763628e-10,2.2695567837605818e-10,2.9301860452611725e-10,3.5208876617748493e-10,4.3075527797670126e-10,6.0915132731860175e-10,6.7121869146817656e-10
4.0875,1.4527620074428447e-10,2.2647899635910882e-10,2.9237223188580936e-10,3.5135041957647152e-10,4.2994185197924627e-10,6.0829092682355705e-10,6.7104600443459699e-10
4.09,1.4506627670571221e-10,2.2601373104228009e-10,2.9174157089360625e-10,3.5062422643454685e-10,4.2913333112584895e-10,6.0741644335730113e-10,6.708376759135936e-10
4.0925,1.4485931755632246e-10,2.2556152560881061e-10,2.9112899024224124e-10,3.4991292436731663e-10,4.2833276545006801e-10,6.0653143729837257e-10,6.7059647035937206e-10
4.095,1.4465615599358953e-10,2.2512420111778094e-10,2.9053704660971672e-10,3.4921955882215784e-10,4.275436702304119e-10,6.0563999707295212e-10,6.7032571872371642e-10
4.0975,1.4445772591120664e-10,2.2470366698059764e-10,2.8996834656532883e-10,3.485472041141315e-10,4.2676957733793474e-10,6.0474618969745579e-10,6.700288452339354e-10
4.1,1.4426502466836217e-10,2.2430184035677734e-10,2.8942548065592763e-10,3.478988835417099e-10,4.2601384993554934e-10,6.0385391498312986e-10,6.6970930173651333e-10
4.1025,1.4407907078523069e-10,2.2392060652688274e-10,2.889109882384873e-10,3.4727762616156681e-10,4.2527981333362181e-10,6.0296689965091094e-10,6.6937044311866585e-10
4.105,1.4390087117239404e-10,2.2356181034493765e-10,2.8842735789737237e-10,3.466864600631658e-10,4.2457091084440989e-10,6.0208896290694062e-10,6.6901577125789294e-10
4.1075,1.4373142021040342e-10,2.2322725633249285e-10,2.8797700461673219e-10,3.4612834154531118e-10,4.2389066097955795e-10,6.0122390411719691e-10,6.6864880369383437e-10
4.11,1.4357172328543834e-10,2.2291870567164477e-10,2.8756223620549065e-10,3.4560611528877932e-10,4.2324247505962002e-10,6.0037573073200433e-10,6.6827329421428585e-10
4.1125,1.4342282520900076e-10,2.2263787992514826e-10,2.8718524666036721e-10,3.4512247446873333e-10,4.2262958072351886e-10,5.9954853312673975e-10,6.6789319557552593e-10
4.115,1.4328581001724765e-10,2.2238647799279941e-10,2.8684816814867509e-10,3.4468007363833252e-10,4.2205519905090569e-10,5.9874678502813197e-10,6.6751302904565428e-10
4.1175,1.4316175183459829e-10,2.2216618287026008e-10,2.8655312770456051e-10,3.4428149312915989e-10,4.2152248735570648e-10,5.979747867508606e-10,6.6713725395890542e-10
4.12,1.4305163745305165e-10,2.2197857616138803e-10,2.8630216055129793e-10,3.43929152720862e-10,4.2103437690376512e-10,5.9723660062706551e-10,6.6677025922107885e-10
4.1225,1.4295632510666221e-10,2.2182503678715125e-10,2.8609702215835362e-10,3.436251173672692e-10,4.2059337243555019e-10,5.9653561333249125e-10,6.6641574536530501e-10
4.125,1.4287658944040726e-10,2.2170672521423103e-10,2.8593910480230108e-10,3.4337102042189512e-10,4.2020143205407311e-10,5.9587439945437811e-10,6.6607654660909031e-10
4.1275,1.428132105503525e-10,2.216246972624733e-10,2.8582956046090022e-10,3.431682994645545e-10,4.1986031789169251e-10,5.9525532141504237e-10,6.6575534853203002e-10
4.13,1.4276702759472615e-10,2.2158000386286483e-10,2.8576942898326586e-10,3.4301824602325102e-10,4.1957168732143595e-10,5.9468072589847715e-10,6.6545494071772714e-10
4.1325,1.4273890657664683e-10,2.2157370115353667e-10,2.8575969696567875e-10,3.4292198895545671e-10,4.1933701591637277e-10,5.9415279444915231e-10,6.6517802591040363e-10
4.135,1.4272968876860543e-10,2.2160675518987917e-10,2.8580123491041562e-10,3.4288045932674084e-10,4.1915747294981243e-10,5.936735426597051e-10,6.6492721601261713e-10
4.1375,1.4274015411627374e-10,2.2167994853341786e-10,2.8589471892536114e-10,3.428944208542307e-10,4.1903398437063955e-10,5.9324483671133002e-10,6.6470506513947062e-10
4.14,1.4277098359902052e-10,2.2179382978624349e-10,2.8604056561306658e-10,3.4296443185542795e-10,4.1896730595478862e-10,5.9286809562848018e-10,6.6451370764660808e-10
4.1425,1.4282269136446869e-10,2.2194865494032414e-10,2.8623882339884187e-10,3.4309069154881885e-10,4.1895787307188926e-10,5.925442625177844e-10,6.6435480195789656e-10
4.145,1.4289556789493436e-10,2.2214432809836324e-10,2.8648907889102568e-10,3.4327285934802132e-10,4.1900557582404009e-10,5.9227376401363332e-10,6.6422954396878136e-10
4.1475,1.4298967934189561e-10,2.2238042177908992e-10,2.8679048346427094e-10,3.43510033547132e-10,4.1910969398349382e-10,5.9205642458100016e-10,6.6413855272640632e-10
4.15,1.4310492003880128e-10,2.2265626452283853e-10,2.8714183219973576e-10,3.438008956394786e-10,4.1926905954715262e-10,5.9189178866573164e-10,6.6408216255695895e-10
4.1525,1.4324110050685632e-10,2.2297102854828411e-10,2.8754166901652714e-10,3.4414384989801623e-10,4.1948218061412745e-10,5.9177900590304611e-10,6.6406033479288672e-10
4.155,1.4339799445637902e-10,2.2332373314710587e-10,2.879883157493896e-10,3.4453703195496128e-10,4.1974719038153201e-10,5.9171664957449753e-10,6.6407259586054664e-10
4.1575,1.4357533761713068e-10,2.2371324327625226e-10,2.8847992742987924e-10,3.4497838861585319e-10,4.2006194138458749e-10,5.917029340785947e-10,6.6411822666577449e-10
4.16,1.4377276121931018e-10,2.2413823682039437e-10,2.8901444395185651e-10,3.454656736670469e-10,4.2042410487450762e-10,5.9173585031066317e-10,6.6419627563820509e-10
4.1625,1.4398971951457054e-10,2.2459717152081419e-10,2.8958949650910118e-10,3.4599630629340905e-10,4.2083114235891174e-10,5.9181321597588721e-10,6.6430558629268998e-10
4.165,1.4422547338978399e-10,2.2508827827801791e-10,2.9020248233692908e-10,3.4656739943841847e-10,4.2128025913526656e-10,5.9193260326000011e-10,6.6444462667549244e-10
4.1675,1.4447909112967377e-10,2.256095477378522e-10,2.908506210608625e-10,3.4717588326203621e-10,4.2176837068585501e-10,5.9209110393904174e-10,6.6461139968945435e-10
4.17,1.4474941104684788e-10,2.2615864432012344e-10,2.9153090056686703e-10,3.4781852176683816e-10,4.2229208270868295e-10,5.9228537035343368e-10,6.6480334702875975e-10
4.1725,1.4503500533809715e-10,2.2673285735376317e-10,2.9223998915873464e-10,3.4849184277744542e-10,4.2284781420349277e-10,5.9251206444999143e-10,6.650181121088887e-10
4.175,1.4533416412777754e-10,2.2732911980588099e-10,2.9297415642739168e-10,3.4919209647473775e-10,4.2343186163002001e-10,5.9276804075425882e-10,6.6525370892453796e-10
4.1775,1.4564495868218578e-10,2.2794410657283997e-10,2.9372929544215651e-10,3.4991514787001356e-10,4.240401779679359e-10,5.9304982148455899e-10,6.6550800440424893e-10
4.18,1.4596538033969967e-10,2.2857436607120042e-10,2.9450105226869202e-10,3.5065651180041136e-10,4.2466830583563837e-10,5.933533544118119e-10,6.6577823615627488e-10
4.1825,1.4629343798464045e-10,2.2921640879386457e-10,2.952850126549307e-10,3.5141153589747116e-10,4.2531165681055147e-10,5.9367442116254664e-10,6.660614769203906e-10
4.185,1.4662716048911986e-10,2.2986672209521773e-10,2.960767735136366e-10,3.5217554009863204e-10,4.2596562742897397e-10,5.9400879625159334e-10,6.6635465964668299e-10
4.1875,1.4696457405908152e-10,2.3052175907757862e-10,2.9687191375221736e-10,3.5294385807802481e-10,4.2662559967388978e-10,5.9435233727872551e-10,6.6665473838943694e-10
4.19,1.4730366860777604e-10,2.3117792362399783e-10,2.9766595350973961e-10,3.5371183021808601e-10,4.2728693867881549e-10,5.9470109132305794e-10,6.6695882490999011e-10
4.1925,1.4764237464079752e-10,2.3183154907305111e-10,2.9845437720037341e-10,3.5447484891737522e-10,4.2794502687839867e-10,5.9505094469084735e-10,6.6726397462073247e-10
4.195,1.4797855972824016e-10,2.3247887787010888e-10,2.9923262926060971e-10,3.5522833558475507e-10,4.2859540822602212e-10,5.953976564109068e-10,6.675673113044628e-10
4.1975,1.4831000948946518e-10,2.3311606325391159e-10,2.9999611177343567e-10,3.559676597978997e-10,4.2923364030873437e-10,5.9573700656455748e-10,6.6786590800617892e-10
4.2,1.4863440320695019e-10,2.3373919176525613e-10,3.0074017677297995e-10,3.5668809537387119e-10,4.2985522747310168e-10,5.9606510579433534e-10,6.6815713287477433e-10
4.2025,1.4894941511797363e-10,2.3434441691476064e-10,3.0146025761968246e-10,3.5738495260754413e-10,4.3045572365660385e-10,5.9637843684477419e-10,6.6843864376317916e-10
4.205,1.4925276259061074e-10,2.3492799693929103e-10,3.0215195120244246e-10,3.5805367500526563e-10,4.3103069085080063e-10,5.9667351735850763e-10,6.6870812803358344e-10
4.2075,1.4954225778578569e-10,2.3548630069226972e-10,3.0281103212645786e-10,3.5868988027716968e-10,4.3157572863606615e-10,5.9694683684693007e-10,6.6896327462832598e-10
4.21,1.4981581978585754e-10,2.3601582203506337e-10,3.0343345552004632e-10,3.592893638777127e-10,4.3208658420397762e-10,5.9719480817387431e-10,6.6920177910126991e-10
4.2125,1.5007146680133622e-10,2.365132309358036e-10,3.0401541772295662e-10,3.5984822097282689e-10,4.3255936639462493e-10,5.9741419090975884e-10,6.6942173337297805e-10
4.215,1.5030729977670646e-10,2.3697541976424144e-10,3.0455339202536476e-10,3.6036293393758972e-10,4.3299062692329193e-10,5.9760218919496417e-10,6.6962175079636043e-10
4.2175,1.5052149476314968e-10,2.3739949285681236e-10,3.0504407413686424e-10,3.6083024467606727e-10,4.3337721911682436e-10,5.9775605058449926e-10,6.6980037615349677e-10
4.22,1.5071235340166877e-10,2.3778275799618627e-10,3.0548436680916184e-10,3.6124710758628229e-10,4.337163055923701e-10,5.9787329105632505e-10,6.6995632049539948e-10
4.2225,1.5087836866886438e-10,2.3812274064043725e-10,3.0587141321895885e-10,3.6161060893801464e-10,4.3400514720895415e-10,5.9795161408505495e-10,6.7008842708931815e-10
4.225,1.5101827623525378e-10,2.3841725334604711e-10,3.0620274289465361e-10,3.619182657831091e-10,4.3424137639649958e-10,5.9798909500239047e-10,6.7019593946999884e-10
4.2275,1.5113105661111741e-10,2.3866445632893604e-10,3.0647638037598623e-10,3.6216815231153532e-10,4.344231993568369e-10,5.97984445113554e-10,6.7027859760763697e-10
4.23,1.5121587730661103e-10,2.3886284764671977e-10,3.0669082413552802e-10,3.6235890288539741e-10,4.3454934368450602e-10,5.9793700935797604e-10,6.7033665269919513e-10
4.2325,1.5127201535859638e-10,2.3901118499497993e-10,3.0684490601453695e-10,3.6248950857244182e-10,4.346188660320533e-10,5.9784638823983245e-10,6.7037070745267889e-10
4.235,1.5129882412327395e-10,2.391084095379834e-10,3.0693764485855639e-10,3.6255910737062884e-10,4.3463102709868397e-10,5.9771233203886231e-10,6.7038151383647756e-10
4.2375,1.5129578891460229e-10,2.3915366439421214e-10,3.0696818510711679e-10,3.6256689123700267e-10,4.3458520265085425e-10,5.9753457182743635e-10,6.7036975678197883e-10
4.24,1.5126263422280592e-10,2.3914642045548144e-10,3.0693590630856745e-10,3.625121985734209e-10,4.3448088465423064e-10,5.9731289148244634e-10,6.7033598701691964e-10
4.2425,1.5119940389750033e-10,2.3908657999261433e-10,3.0684061980532182e-10,3.6239481192831993e-10,4.3431800484126658e-10,5.9704748336512672e-10,6.7028108779216001e-10
4.245,1.5110646138210414e-10,2.3897445929231231e-10,3.066826600911422e-10,3.6221510061640228e-10,4.3409707322912478e-10,5.9673921039814513e-10,6.7020648339009742e-10
4.2475,1.5098439638586999e-10,2.3881066531262665e-10,3.0646277130345159e-10,3.6197388839183619e-10,4.3381902028474254e-10,5.9638945404194225e-10,6.7011408991979832e-10
4.25,1.5083390463542106e-10,2.3859598925359399e-10,3.0618190013869178e-10,3.6167215747457205e-10,4.334849003314719e-10,5.9599969939797269e-10,6.700058453265602e-10
4.2525,1.5065573797984549e-10,2.3833139949774407e-10,3.0584116098658633e-10,3.6131095677353611e-10,4.3309582047942895e-10,5.9557139278265846e-10,6.6988360756517683e-10
4.255,1.5045076687865309e-10,2.380181696582436e-10,3.0544199331854559e-10,3.6089162197856604e-10,4.3265320027962824e-10,5.9510629006746489e-10,6.6974939036051991e-10
4.2575,1.5022008314818235e-10,2.3765796672023873e-10,3.0498629766974278e-10,3.604159804710544e-10,4.3215889743635531e-10,5.9460661315481006e-10,6.696054857002065e-10
4.26,1.4996503561935816e-10,2.3725281964755714e-10,3.0447643464745217e-10,3.5988637323384823e-10,4.316151526740261e-10,5.9407476612231579e-10,6.6945413900438312e-10
4.2625,1.4968716444637739e-10,2.3680499718101086e-10,3.0391508565875588e-10,3.5930549515443903e-10,4.3102445638663307e-10,5.9351316548439364e-10,6.6929749789065292e-10
4.265,1.4938809397588845e-10,2.363168934042291e-10,3.0330507166455464e-10,3.5867617897611521e-10,4.3038941433208648e-10,5.9292394936535299e-10,6.6913744697524115e-10
4.2675,1.490694711983562e-10,2.3579100550489062e-10,3.0264930684108705e-10,3.58001304069162e-10,4.2971275512795396e-10,5.9230935379691927e-10,6.6897605640908977e-10
4.27,1.4873301020896746e-10,2.352299981943029e-10,3.0195092239314295e-10,3.5728392737894641e-10,4.2899747178190376e-10,5.9167211075880853e-10,6.6881583405006271e-10
4.2725,1.483805514794992e-10,2.3463678107399136e-10,3.0121338663015107e-10,3.5652750715418739e-10,4.2824700477018528e-10,5.9101561759596811e-10,6.6865979627644253e-10
4.275,1.4801407395418862e-10,2.3401451958256235e-10,3.0044046994179696e-10,3.5573587901084988e-10,4.2746515441985284e-10,5.9034333392144304e-10,6.6851066693057448e-10
4.2775,1.476356461302614e-10,2.3336655601864738e-10,2.9963607825198681e-10,3.5491303394581977e-10,4.2665587175455602e-10,5.8965863891786945e-10,6.6837075789804216e-10
4.28,1.4724737875513913e-10,2.3269630888738871e-10,2.9880412836456057e-10,3.5406286893649821e-10,4.2582295657823932e-10,5.8896480621331245e-10,6.6824217338372572e-10
4.2825,1.4685142048437986e-10,2.320072280557784e-10,2.9794853153482634e-10,3.531891605473823e-10,4.2496999606710881e-10,5.8826479437126493e-10,6.6812662557074915e-10
4.285,1.4645000782853735e-10,2.3130285943253227e-10,2.9707331196186262e-10,3.5229576852297869e-10,4.2410055330722027e-10,5.8756128665959565e-10,6.680254725242561e-10
4.2875,1.4604545450757687e-10,2.3058685367666537e-10,2.9618267719474243e-10,3.5138679869301925e-10,4.2321841505152765e-10,5.868572337936168e-10,6.679403260798612e-10
4.29,1.4564010616573615e-10,2.2986292365132045e-10,2.9528102880747168e-10,3.5046666398096783e-10,4.2232777873267298e-10,5.8615599547774149e-10,6.6787315554987698e-10
4.2925,1.4523624156481464e-10,2.2913472599122606e-10,2.9437279964894481e-10,3.4953988300170258e-10,4.214330128217992e-10,5.8546108557106547e-10,6.6782609921459889e-10
4.295,1.4483595353801582e-10,2.2840572148979491e-10,2.9346222365476261e-10,3.4861075204645867e-10,4.205382636315262e-10,5.8477572754683317e-10,6.6780080227447863e-10
4.2975,1.4444109318825498e-10,2.2767910712317331e-10,2.9255321255522809e-10,3.4768317610827231e-10,4.1964715028790028e-10,5.8410245627150394e-10,6.6779799390404542e-10
4.3,1.4405332755665114e-10,2.2695787753565869e-10,2.9164945454971748e-10,3.467608499876058e-10,4.1876300885927795e-10,5.8344336590344915e-10,6.6781771978410633e-10
4.3025,1.4367420841583864e-10,2.2624488524897809e-10,2.9075452466363129e-10,3.4584742662930335e-10,4.1788920691633162e-10,5.8280053884972897e-10,6.6785994957673064e-10
4.305,1.4330520435439353e-10,2.255428662106764e-10,2.898719205375024e-10,3.4494657970923593e-10,4.170292361114217e-10,5.821763083427834e-10,6.6792486470120764e-10
4.3075,1.4294768959354036e-10,2.2485442285779298e-10,2.8900499569871962e-10,3.440618807114201e-10,4.1618655742181153e-10,5.8157307939420627e-10,6.6801281928868547e-10
4.31,1.4260292691772814e-10,2.2418198383353492e-10,2.8815687972332962e-10,3.4319659819909589e-10,4.1536428081019285e-10,5.8099288294595731e-10,6.6812382632690352e-10
4.3125,1.4227207136779115e-10,2.2352780201819532e-10,2.8733046079347457e-10,3.4235368244055955e-10,4.1456512310288793e-10,5.8043718828598396e-10,6.6825724837241056e-10
4.315,1.4195621998328308e-10,2.2289403683616002e-10,2.8652849303364487e-10,3.4153592572318502e-10,4.1379158272264941e-10,5.7990726008072415e-10,6.6841215031985558e-10
4.3175,1.4165644148781264e-10,2.2228281731549035e-10,2.8575369561341718e-10,3.4074612259971645e-10,4.130462352058817e-10,5.7940428991906779e-10,6.6858743442469693e-10
4.32,1.4137378753670342e-10,2.2169626535555938e-10,2.850087956603877e-10,3.3998713880444547e-10,4.1233186725118015e-10,5.7892978529700888e-10,6.687823037136848e-10
4.3225,1.4110925031450662e-10,2.2113640517701214e-10,2.8429639616634597e-10,3.3926171875243362e-10,4.1165118789350221e-10,5.7848548065286156e-10,6.6899621986049566e-10
4.325,1.4086371972376874e-10,2.206050635207538e-10,2.8361883337984195e-10,3.3857232387554341e-10,4.1100659616680199e-10,5.780727395355065e-10,6.6922841011497885e-10
4.3275,1.4063798353599884e-10,2.2010385645540803e-10,2.8297815487348732e-10,3.3792110008745465e-10,4.1040006450018488e-10,5.7769246544384239e-10,6.6947766065513869e-10
4.33,1.4043275085037274e-10,2.1963423222172153e-10,2.8237621218818154e-10,3.3730997696558642e-10,4.0983330622936618e-10,5.7734528194600726e-10,6.6974244251757891e-10
4.3325,1.4024865314813794e-10,2.1919752448344304e-10,2.8181477442698366e-10,3.3674080797347596e-10,4.0930796668500195e-10,5.7703181426150426e-10,6.7002139562869866e-10
4.335,1.4008621820441794e-10,2.1879497187706021e-10,2.8129556709567836e-10,3.3621538212574318e-10,4.0882566415319675e-10,5.7675290236477081e-10,6.7031339156153113e-10
4.3375,1.3994583848329693e-10,2.1842769277506255e-10,2.8082020989789342e-10,3.3573537846882041e-10,4.0838789371338973e-10,5.7650922698773369e-10,6.7061722275739626e-10
4.34,1.3982775240457778e-10,2.1809667555056987e-10,2.8039013981421741e-10,3.3530232280271675e-10,4.0799606359309661e-10,5.7630142016890871e-10,6.7093167969035043e-10
4.3425,1.3973210641600129e-10,2.1780282222117465e-10,2.800066464869441e-10,3.3491756181813886e-10,4.0765138284793754e-10,5.7612997195843967e-10,6.7125572717243592e-10
4.345,1.3965903151568678e-10,2.1754699225285219e-10,2.7967097084158974e-10,3.3458241456028935e-10,4.073550404471908e-10,5.7599540182397601e-10,6.7158860005638644e-10
4.3475,1.3960867955116742e-10,2.1733000078320874e-10,2.7938433219352605e-10,3.3429824613388348e-10,4.0710835385443697e-10,5.7589827134488007e-10,6.7192962628661778e-10
4.35,1.3958119094028683e-10,2.1715257321910588e-10,2.7914786080650238e-10,3.3406639945808136e-10,4.069127288925523e-10,5.7583954070575501e-10,6.7227859190326908e-10
4.3525,1.3957662729018829e-10,2.1701526825320342e-10,2.7896249267636062e-10,3.3388802951194693e-10,4.067693313166211e-10,5.7582022602083957e-10,6.7263546346162431e-10
4.355,1.3959492678850012e-10,2.1691842567528601e-10,2.7882885274875659e-10,3.3376388931727971e-10,4.0667885292018851e-10,5.7584107860157259e-10,6.7300015054539151e-10
4.3575,1.3963592006788037e-10,2.1686224521216804e-10,2.7874733376068752e-10,3.3369433623793709e-10,4.0664148506128483e-10,5.7590190982278077e-10,6.7337191734829676e-10
4.36,1.3969936745103155e-10,2.1684691714850764e-10,2.7871826167260071e-10,3.3367954249939456e-10,4.0665723063933925e-10,5.7600205892593291e-10,6.7374988901221855e-10
4.3625,1.3978500803380827e-10,2.1687268321757906e-10,2.787420232029118e-10,3.3371976680805019e-10,4.0672621628983849e-10,5.7614121226399773e-10,6.7413385130991124e-10
4.365,1.3989261491774142e-10,2.1693978911553527e-10,2.7881899744900205e-10,3.3381544178061902e-10,4.0684884816781241e-10,5.7631941709027374e-10,6.7452394094111641e-10
4.3675,1.4002201568914808e-10,2.1704838786143884e-10,2.7894943402331168e-10,3.3396700644076477e-10,4.0702558962739721e-10,5.7653712782702382e-10,6.7492086748813293e-10
4.37,1.4017302251609165e-10,2.1719843733666016e-10,2.7913338896334691e-10,3.3417464269730377e-10,4.072566271819104e-10,5.7679477899579904e-10,6.7532543705823548e-10
4.3725,1.4034529842895296e-10,2.1738963483869232e-10,2.7937065108521913e-10,3.3443813072547625e-10,4.0754168500052545e-10,5.7709221026349512e-10,6.7573808212066425e-10
4.375,1.4053825677103644e-10,2.176214058499005e-10,2.7966064449914857e-10,3.3475680560842952e-10,4.078800026596913e-10,5.7742871879105819e-10,6.7615852897269528e-10
4.3775,1.407510964487196e-10,2.1789298799127762e-10,2.8000246734389225e-10,3.3512959949053019e-10,4.0827041372632742e-10,5.7780323971539504e-10,6.7658649853678797e-10
4.38,1.4098293170140527e-10,2.1820352933779962e-10,2.8039503431226352e-10,3.3555523013696899e-10,4.0871158589716698e-10,5.7821491565435765e-10,6.770222839089512e-10
4.3825,1.412329101513953e-10,2.1855212862202265e-10,2.8083718114120452e-10,3.3603230521685911e-10,4.0920207854442295e-10,5.7866257576625332e-10,6.7746576753959543e-10
4.385,1.4150023291614022e-10,2.1893778297686168e-10,2.8132760338539244e-10,3.3655933341932538e-10,4.0974021683153008e-10,5.7914461203578267e-10,6.779163703154252e-10
4.3875,1.417840974092138e-10,2.1935933292193496e-10,2.8186475890349548e-10,3.3713462444296244e-10,4.10324071431052e-10,5.796591534335839e-10,6.7837351148733829e-10
4.39,1.4208362753113758e-10,2.1981546014468287e-10,2.8244687475435675e-10,3.3775619400114972e-10,4.1095149210124739e-10,5.8020417177320546e-10,6.7883643534942968e-10
4.3925,1.4239783800701922e-10,2.2030470227906131e-10,2.8307198722765538e-10,3.3842176716034477e-10,4.1162008915251423e-10,5.807777217509476e-10,6.7930466917266247e-10
4.395,1.4272565142781175e-10,2.2082547646157464e-10,2.8373795631734203e-10,3.3912884934950573e-10,4.1232718886142715e-10,5.8137762697359419e-10,6.7977766954993048e-10
4.3975,1.4306594924133631e-10,2.2137608568030306e-10,2.8444241549514189e-10,3.3987465220962422e-10,4.1306971823943085e-10,5.820010593459631e-10,6.8025439642210963e-10
4.4,1.4341761965168681e-10,2.2195472908672836e-10,2.8518278906670681e-10,3.4065615987343655e-10,4.1384439135515392e-10,5.8264491310305725e-10,6.8073338943269016e-10
4.4025,1.4377955346922677e-10,2.225595118484043e-10,2.8595637662022244e-10,3.4147025486510598e-10,4.146478477786563e-10,5.8330592104695521e-10,6.812128601699458e-10
4.405,1.4415059192083292e-10,2.2318838159291629e-10,2.8676031843590091e-10,3.423136835377217e-10,4.154766493770565e-10,5.8398103336323274e-10,6.8169118449170946e-10
4.4075,1.4452943870620515e-10,2.2383900925340855e-10,2.8759147620005966e-10,3.4318292850786349e-10,4.1632709157712133e-10,5.8466706483675452e-10,6.8216677745074749e-10
4.41,1.4491463805458683e-10,2.2450877193806219e-10,2.884463611119307e-10,3.4407415630311804e-10,4.1719516227165423e-10,5.8536062950813426e-10,6.8263801174918141e-10
4.4125,1.4530460163961562e-10,2.2519481086476261e-10,2.893211300477228e-10,3.4498313413998775e-10,4.1807650978779869e-10,5.8605760618266409e-10,6.8310265107499127e-10
4.415,1.4569768239446275e-10,2.2589416191793789e-10,2.9021172929064111e-10,3.4590535059280888e-10,4.1896645980369613e-10,5.8675355993174695e-10,6.8355800371415825e-10
4.4175,1.4609223550519786e-10,2.2660383594775216e-10,2.9111404148850427e-10,3.4683623437979227e-10,4.1986021282556898e-10,5.874439908876082e-10,6.8400130876052068e-10
4.42,1.4648665916515736e-10,2.273208615527029e-10,2.9202398998689056e-10,3.4777130401415591e-10,4.2075307877701263e-10,5.8812466541542006e-10,6.8442996521509594e-10
4.4225,1.4687935644430117e-10,2.2804223093214596e-10,2.9293753895790683e-10,3.4870610844165115e-10,4.2164043031249188e-10,5.8879129712054416e-10,6.8484113722396945e-10
4.425,1.4726868493885826e-10,2.2876485523527569e-10,2.938506420703844e-10,3.4963617534543338e-10,4.2251757703113016e-10,5.8943943648378774e-10,6.8523178226393511e-10
4.4275,1.4765291938723797e-10,2.2948553515914662e-10,2.9475916124106214e-10,3.5055697082231723e-10,4.2337978682329541e-10,5.9006472280279962e-10,6.8559895737109522e-10
4.43,1.4803026444389611e-10,2.3020098390702342e-10,2.9565884409297042e-10,3.5146391305900561e-10,4.2422231559765664e-10,5.9066278258032083e-10,6.8593966176442303e-10
4.4325,1.4839890701261895e-10,2.3090785518360868e-10,2.9654532416172491e-10,3.523523984725724e-10,4.2504045080116527e-10,5.9122908189404236e-10,6.8625067410031038e-10
4.435,1.4875706344343289e-10,2.3160278711047994e-10,2.9741417628932461e-10,3.5321779065419711e-10,4.2582953762559137e-10,5.9175906938341732e-10,6.8652875218097493e-10
4.4375,1.4910299795027757e-10,2.3228243761676996e-10,2.9826101566929519e-10,3.5405550646506854e-10,4.2658511315611084e-10,5.9224854193609543e-10,6.8677070414001902e-10
4.44,1.4943501701324726e-10,2.3294350192293778e-10,2.9908163863459802e-10,3.5486118119953936e-10,4.2730290740169045e-10,5.9269368078418077e-10,6.8697355951288646e-10
4.4425,1.4975138968984099e-10,2.3358264840337221e-10,2.9987196209460961e-10,3.5563064702472392e-10,4.2797875220460768e-10,5.9309081352112481e-10,6.8713440684914981e-10
4.445,1.5005029571754419e-10,2.341964591168699e-10,3.006278947579531e-10,3.5635976902540981e-10,4.2860851992240638e-10,5.9343623610745499e-10,6.8725038646176673e-10
4.4475,1.503298729798501e-10,2.3478149193878501e-10,3.0134528844539981e-10,3.5704436109838917e-10,4.2918816532048745e-10,5.937262562667191e-10,6.873186506957187e-10
4.45,1.5058832233993907e-10,2.353344172677042e-10,3.0202002309419512e-10,3.5768026230173673e-10,4.2971373691807638e-10,5.93957271555718e-10,6.8733640957513601e-10
4.4525,1.5082403086740901e-10,2.358521398254017e-10,3.0264817973013971e-10,3.5826356172465731e-10,4.3018157336450283e-10,5.9412601648826783e-10,6.8730105020201986e-10
4.455,1.5103563935547813e-10,2.3633187303740685e-10,3.0322620158300152e-10,3.5879073788277606e-10,4.3058843666462469e-10,5.9422970108504324e-10,6.8721030205080391e-10
4.4575,1.5122199464532976e-10,2.367711016386074e-10,3.0375092879852426e-10,3.5925869908861386e-10,4.3093154917126941e-10,5.9426601544644239e-10,6.8706219211737179e-10
4.46,1.5138203041695636e-10,2.3716749442406488e-10,3.0421955035448372e-10,3.5966476271008231e-10,4.3120860676806397e-10,5.9423334557805349e-10,6.8685551855885444e-10
4.4625,1.5151467076540526e-10,2.3751882296451553e-10,3.0462950409190125e-10,3.6000651578361556e-10,4.3141755848118373e-10,5.9413042676510068e-10,6.865893430632028e-10
4.465,1.5161881175127698e-10,2.3782293955007101e-10,3.0497835693754819e-10,3.6028164885755514e-10,4.315563929677477e-10,5.9395595392509095e-10,6.8626263709491319e-10
4.4675,1.5169342605855795e-10,2.380778906105605e-10,3.0526389698173514e-10,3.6048808054937639e-10,4.3162332611101175e-10,5.9370888349747057e-10,6.8587463907921834e-10
4.47,1.5173769839190855e-10,2.3828206245606602e-10,3.0548435652951892e-10,3.6062424559190189e-10,4.3161708658059331e-10,5.9338860825821485e-10,6.854249872779739e-10
4.4725,1.5175109396587745e-10,2.3843424127572953e-10,3.0563854666318851e-10,3.6068931941367923e-10,4.3153717337198651e-10,5.9299535826834943e-10,6.8491417526038152e-10
4.475,1.5173331053903179e-10,2.385335284381775e-10,3.0572571058578279e-10,3.6068299585691015e-10,4.3138369252111872e-10,5.9252996174151406e-10,6.8434331482416882e-10
4.4775,1.5168417863241875e-10,2.3857924949418468e-10,3.057453827848729e-10,3.6060527369593364e-10,4.3115708673902216e-10,5.9199353722895755e-10,6.8371385596524411e-10
4.48,1.5160360120897925e-10,2.385709358085321e-10,3.056973474113369e-10,3.6045633380810142e-10,4.3085798626435939e-10,5.9138739731005865e-10,6.8302733633384651e-10
4.4825,1.5149158052265822e-10,2.3850838090044607e-10,3.0558166188546923e-10,3.6023658894597663e-10,4.304872585372768e-10,5.9071307309749728e-10,6.8228543284206648e-10
4.485,1.5134832073952197e-10,2.383917267979459e-10,3.053987253465236e-10,3.5994677015035809e-10,4.3004610987313316e-10,5.8997237607849081e-10,6.8149008223710711e-10
4.4875,1.511743337420122e-10,2.3822154358178239e-10,3.0514939445901821e-10,3.5958809704880472e-10,4.2953627954228273e-10,5.8916767342284288e-10,6.8064378507574043e-10
4.49,1.5097046386767114e-10,2.3799882564008181e-10,3.0483500871988719e-10,3.5916228273917944e-10,4.2895991870039099e-10,5.883018695376327e-10,6.7974954871669878e-10
4.4925,1.5073782339888014e-10,2.3772489635445952e-10,3.044573423416613e-10,3.5867145086242312e-10,4.2831954995040275e-10,5.8737820866592784e-10,6.7881068181513276e-10
4.495,1.5047768203161389e-10,2.3740128802109434e-10,3.0401842347034583e-10,3.5811807425231517e-10,4.2761808436612536e-10,5.8640034935690096e-10,6.7783083037242784e-10
4.4975,1.5019139118728368e-10,2.3702966068089232e-10,3.035203762676542e-10,3.5750480107317967e-10,4.2685872367543157e-10,5.8537215921480369e-10,6.7681387074627649e-10
4.5,1.498803766931107e-10,2.366118094056768e-10,3.0296541293535108e-10,3.5683432816316041e-10,4.2604478202330973e-10,5.8429765756842345e-10,6.7576387002656989e-10
4.5025,1.4954612358742739e-10,2.3614966338750509e-10,3.0235590984925368e-10,3.5610939683260429e-10,4.2517944425352635e-10,5.8318073039782734e-10,6.7468478312145774e-10
4.505,1.4919016362575572e-10,2.3564526744792393e-10,3.016944760273942e-10,3.5533291072722234e-10,4.2426596558052615e-10,5.8202537018222743e-10,6.7358064262365201e-10
4.5075,1.4881404892242419e-10,2.3510075874221999e-10,3.0098387398079036e-10,3.5450790768043036e-10,4.2330758872699078e-10,5.8083539918404569e-10,6.7245522484744691e-10
4.51,1.4841936443519749e-10,2.3451841083352817e-10,3.0022697926197405e-10,3.5363754581950247e-10,4.2230770619831445e-10,5.7961459735543745e-10,6.713122278462676e-10
4.5125,1.4800780351384309e-10,2.3390072023818975e-10,2.9942682990736256e-10,3.5272514670538701e-10,4.2126996384317921e-10,5.7836702855482091e-10,6.7015564794239603e-10
4.515,1.4758124490108888e-10,2.3325049778043086e-10,2.9858678013368751e-10,3.5177426638299288e-10,4.2019821760345985e-10,5.7709705523699471e-10,6.6898976746344434e-10
4.5175,1.4714175040526412e-10,2.3257083329733484e-10,2.9771054120774721e-10,3.5078884161424864e-10,4.1909668847731664e-10,5.7580940965783173e-10,6.6781923047653788e-10
4.52,1.4669149274211302e-10,2.3186497861525074e-10,2.9680204214822614e-10,3.4977310492069334e-10,4.1796992156608359e-10,5.7450913438032415e-10,6.6664899087607548e-10
4.5225,1.4623265708038107e-10,2.3113619919974191e-10,2.9586525023016059e-10,3.4873136296281351e-10,4.1682254610440474e-10,5.7320140717175711e-10,6.6548406858323461e-10
4.525,1.4576736977726743e-10,2.3038769845945811e-10,2.949040840052514e-10,3.4766777518322522e-10,4.1565895687750864e-10,5.7189098645351755e-10,6.6432899891625382e-10
4.5275,1.4529766293152843e-10,2.2962260217038173e-10,2.9392238814540291e-10,3.4658634408076214e-10,4.1448334461027821e-10,5.7058239879895758e-10,6.6318804285734283e-10
4.53,1.4482549287463515e-10,2.2884400848097517e-10,2.92923963505824e-10,3.4549105378821975e-10,4.1329984165680205e-10,5.6928016222150853e-10,6.6206540339544732e-10
4.5325,1.4435280508701837e-10,2.2805507349136186e-10,2.9191262900954919e-10,3.4438594323250959e-10,4.1211266664726052e-10,5.6798902637241125e-10,6.6096554929783871e-10
4.535,1.4388158378841031e-10,2.2725905530990947e-10,2.9089227541004229e-10,3.4327512567311427e-10,4.1092615413599044e-10,5.6671375229794058e-10,6.5989310547327424e-10
4.5375,1.4341383185174772e-10,2.2645926781378896e-10,2.8986686205352377e-10,3.4216273064404282e-10,4.0974451874879166e-10,5.6545873703240828e-10,6.588523741861742e-10
4.54,1.4295151032066981e-10,2.2565898645648716e-10,2.8884035474301653e-10,3.4105283931251423e-10,4.0857182230869532e-10,5.6422781258241361e-10,6.5784695353586554e-10
4.5425,1.4249649304177586e-10,2.2486136351260975e-10,2.8781663050770891e-10,3.3994939649271891e-10,4.074119868706752e-10,5.6302458870906405e-10,6.5688003765076827e-10
4.545,1.4205054693759571e-10,2.2406939323607472e-10,2.8679940345102864e-10,3.388561841393188e-10,4.0626882318941907e-10,5.6185261404211001e-10,6.5595468239890293e-10
4.5475,1.4161535318563086e-10,2.232859502729433e-10,2.8579223053939978e-10,3.3777683247882681e-10,4.0514589960668981e-10,5.6071544462415847e-10,6.5507396154923355e-10
4.55,1.4119252840164457e-10,2.2251384130909556e-10,2.8479855196421796e-10,3.3671490489811694e-10,4.0404674405877935e-10,5.5961659432526527e-10,6.5424090752403949e-10
4.5525,1.4078358670154986e-10,2.2175579935161318e-10,2.8382171596738447e-10,3.3567384102632614e-10,4.0297477471490473e-10,5.5855940988325487e-10,6.534584445780092e-10
4.555,1.4038986694104182e-10,2.2101439264502991e-10,2.8286493505848669e-10,3.3465688813857702e-10,4.0193319975904287e-10,5.575469285425585e-10,6.5272922855347696e-10
4.5575,1.4001247181903738e-10,2.2029190679402067e-10,2.8193118905963823e-10,3.3366704536712583e-10,4.0092496664231126e-10,5.5658177695603462e-10,6.5205545503033058e-10
4.56,1.3965227968219473e-10,2.1959030039167995e-10,2.8102311345464908e-10,3.3270696200968083e-10,3.9995256925805929e-10,5.5566594857018818e-10,6.5143855958709478e-10
4.5625,1.3931000315034932e-10,2.189112576850032e-10,2.8014299983925498e-10,3.3177898792277574e-10,3.9901815728006544e-10,5.5480091865355309e-10,6.508793165643624e-10
4.565,1.3898624832939157e-10,2.1825628347591101e-10,2.7929288578288535e-10,3.3088527844266809e-10,3.9812369664718764e-10,5.5398794169084164e-10,6.5037826847689572e-10
4.5675,1.3868154316501865e-10,2.1762676054514009e-10,2.7847464101324074e-10,3.300278242540333e-10,3.9727105550372214e-10,5.5322806170483103e-10,6.4993551983718524e-10
4.57,1.3839632408813892e-10,2.1702393823479974e-10,2.7768997656486255e-10,3.2920843103331167e-10,3.9646190166662679e-10,5.5252222825339085e-10,6.4955097511624803e-10
4.5725,1.3813091104875548e-10,2.1644890896339198e-10,2.7694041794079982e-10,3.284286416447571e-10,3.9569759560207248e-10,5.5187116127092473e-10,6.4922423758299771e-10
4.575,1.3788550592401111e-10,2.1590264457720544e-10,2.762273553585345e-10,3.2768973317419276e-10,3.9497920464167527e-10,5.5127524276343514e-10,6.4895447210838926e-10
4.5775,1.3766020599976583e-10,2.1538602791211692e-10,2.7555209507714614e-10,3.2699288963355416e-10,3.9430767738506517e-10,5.5073479659911939e-10,6.4874096353333932e-10
4.58,1.3745504292081855e-10,2.148998464150036e-10,2.7491583904736478e-10,3.2633927634382853e-10,3.9368391777707268e-10,5.502501073243864e-10,6.4858304556715222e-10
4.5825,1.3727001471712338e-10,2.1444477742800359e-10,2.7431960452521817e-10,3.2572995296655925e-10,3.9310872155628923e-10,5.4982103265628044e-10,6.484797713459178e-10
4.585,1.3710508497203864e-10,2.1402137150583805e-10,2.7376421125621922e-10,3.2516575706114361e-10,3.9258264897168077e-10,5.4944684183131696e-10,6.4842941461317724e-10
4.5875,1.3696015590763326e-10,2.1363005863528317e-10,2.7325034834523151e-10,3.2464733459272597e-10,3.9210604659102371e-10,5.4912670994527184e-10,6.4843006565489935e-10
4.59,1.3683502385478902e-10,2.1327114318869484e-10,2.7277863357891403e-10,3.2417516893642363e-10,3.916789991344553e-10,5.4885961884250546e-10,6.4847940206938507e-10
4.5925,1.3672936796705453e-10,2.1294481207887839e-10,2.7234960958394481e-10,3.2374967096624257e-10,3.9130158103134661e-10,5.4864482023532383e-10,6.4857533570874515e-10
4.595,1.366427923971295e-10,2.1265116769870974e-10,2.7196370678414873e-10,3.2337116958790434e-10,3.9097389407358995e-10,5.4848154546560684e-10,6.4871575233846761e-10
4.5975,1.3657490315172446e-10,2.1239028134957653e-10,2.7162122588283763e-10,3.2303990687494289e-10,3.9069597418758494e-10,5.4836896924822125e-10,6.4889855929696927e-10
4.6,1.36525365933615e-10,2.1216223167589457e-10,2.7132237424432722e-10,3.2275606594617114e-10,3.9046782075522599e-10,5.483065094740094e-10,6.4912205262284141e-10
4.6025,1.3649390757068253e-10,2.1196711892698217e-10,2.7106731979266008e-10,3.2251976664285088e-10,3.9028942743068266e-10,5.4829364525493208e-10,6.4938470765874435e-10
4.605,1.3648027373913907e-10,2.1180504654155245e-10,2.7085622382229702e-10,3.2233107804049869e-10,3.9016059816302698e-10,5.4832950149915335e-10,6.4968475302476235e-10
4.6075,1.3648417863532377e-10,2.1167605530137826e-10,2.7068919337405641e-10,3.2218999134050869e-10,3.900809232455386e-10,5.4841273056041407e-10,6.5001994254227627e-10
4.61,1.3650529026572439e-10,2.1158008504246435e-10,2.7056623219234847e-10,3.2209633832964926e-10,3.9004979925049883e-10,5.4854183427132694e-10,6.5038787029344035e-10
4.6125,1.3654325480898688e-10,2.1151702979104706e-10,2.7048728693081684e-10,3.2204989389504421e-10,3.9006665546973831e-10,5.4871518650782318e-10,6.5078598787699237e-10
4.615,1.3659776217830717e-10,2.1148685467575341e-10,2.7045237434319695e-10,3.2205050704489544e-10,3.9013112185661981e-10,5.4893164727637196e-10,6.5121230683648044e-10
4.6175,1.3666857915192763e-10,2.1148964112972379e-10,2.7046162743235645e-10,3.2209817699703614e-10,3.9024295383145717e-10,5.4919032005073597e-10,6.5166523629806109e-10
4.62,1.3675551970039342e-10,2.1152552147904147e-10,2.7051522869909001e-10,3.2219296228478241e-10,3.9040189635653896e-10,5.4949043879376121e-10,6.521435457753425e-10
4.6225,1.3685841326613209e-10,2.1159460481388687e-10,2.7061336186681924e-10,3.2233495744973743e-10,3.9060780285795423e-10,5.4983129227444819e-10,6.5264611628877601e-10
4.625,1.3697708453016311e-10,2.1169694676998517e-10,2.7075614005923205e-10,3.2252421943295179e-10,3.9086050953337256e-10,5.5021206267466078e-10,6.5317176431222066e-10
4.6275,1.3711134807972861e-10,2.1183256855428048e-10,2.7094356706330211e-10,3.227606962749972e-10,3.9115977465564657e-10,5.5063199550724347e-10,6.5371947944973097e-10
4.63,1.3726100974590237e-10,2.1200147740547066e-10,2.7117556375961241e-10,3.2304418875178813e-10,3.9150514704374436e-10,5.5109016506836008e-10,6.542882416375027e-10
4.6325,1.3742589202800259e-10,2.1220368116821829e-10,2.7145203200356769e-10,3.233744155965925e-10,3.9189611358299859e-10,5.5158560649139043e-10,6.5487707738081162e-10
4.635,1.3760585181451981e-10,2.1243919091425572e-10,2.7177286099224089e-10,3.2375108262260772e-10,3.9233224429280178e-10,5.5211746365815054e-10,6.5548519222551326e-10
4.6375,1.3780078737944116e-10,2.1270801632590973e-10,2.7213792794454358e-10,3.2417396094406308e-10,3.9281323885482771e-10,5.526853095559476e-10,6.561121070352327e-10
4.64,1.3801061354637201e-10,2.130101194957283e-10,2.7254703829342528e-10,3.2464276943246405e-10,3.933387285878602e-10,5.5328881865607178e-10,6.567575398776568e-10
4.6425,1.3823522565069647e-10,2.1334537855401574e-10,2.7299987635918348e-10,3.251570595812082e-10,3.9390810003958628e-10,5.5392717106978191e-10,6.5742087824505359e-10
4.645,1.3847445459845249e-10,2.137135569328703e-10,2.7349597461738212e-10,3.2571617297517126e-10,3.9452051123786715e-10,5.5459928770979224e-10,6.5810130618828554e-10
4.6475,1.3872805410966318e-10,2.1411428486159181e-10,2.7403470684461256e-10,3.2631928023928243e-10,3.9517487496270878e-10,5.553039193831914e-10,6.5879800743679162e-10
4.65,1.3899572585646089e-10,2.1454706729152008e-10,2.7461526530046129e-10,3.2696533806024056e-10,3.9586982492767618e-10,5.5603963838569337e-10,6.5951009256417896e-10
4.6525,1.3927715116971014e-10,2.150113494374748e-10,2.7523673411581502e-10,3.2765317772348935e-10,3.9660395843566649e-10,5.5680507959285267e-10,6.6023688846075253e-10
4.655,1.3957200735128985e-10,2.1550654350952241e-10,2.7589813558198703e-10,3.2838157553635093e-10,3.973758994471995e-10,5.5759886285597621e-10,6.6097783097444335e-10
4.6575,1.3987996593102695e-10,2.1603201222610401e-10,2.7659840707414808e-10,3.2914924972181225e-10,3.981842802271956e-10,5.5841941908312356e-10,6.6173203543946536e-10
4.66,1.4020065593043308e-10,2.1658696789965183e-10,2.7733625318644565e-10,3.2995469945063165e-10,3.9902751613168431e-10,5.5926505004341493e-10,6.6249834916389476e-10
4.6625,1.4053364806841075e-10,2.1717041066745656e-10,2.781100229262189e-10,3.3079606993921045e-10,3.9990364217011844e-10,5.6013397780570796e-10,6.6327575333376069e-10
4.665,1.4087843681003904e-10,2.1778112552762327e-10,2.7891777314088595e-10,3.3167115887048064e-10,4.0081029617523676e-10,5.6102419631907428e-10,6.6406316626920899e-10
4.6675,1.4123441127355329e-10,2.1841769719782333e-10,2.7975740955872294e-10,3.3257754625250776e-10,4.0174484730538532e-10,5.6193340972767419e-10,6.6485924478050159e-10
4.67,1.4160081868803338e-10,2.1907850913550123e-10,2.806266998451817e-10,3.3351271040800399e-10,4.0270462674160292e-10,5.6285904259776601e-10,6.656623434956376e-10
4.6725,1.4197675542102586e-10,2.1976173647858167e-10,2.8152316556020198e-10,3.344739680084498e-10,4.0368696008128335e-10,5.6379839054589559e-10,6.6647067723491802e-10
4.675,1.423612034327226e-10,2.2046538533029977e-10,2.8244401847865343e-10,3.3545833851129554e-10,4.046889157174381e-10,5.6474873087817719e-10,6.6728235747025707e-10
4.6775,1.4275311214624148e-10,2.2118736795452044e-10,2.8338624741454844e-10,3.3646255792689578e-10,4.0570725489685457e-10,5.6570727265322539e-10,6.6809538233412553e-10
4.68,1.4315142330068904e-10,2.219254973063943e-10,2.8434673370111839e-10,3.3748318950020703e-10,4.0673846819978351e-10,5.6667102380445992e-10,6.6890763813053661e-10
4.6825,1.4355505185495753e-10,2.2267747762094834e-10,2.8532230935053382e-10,3.385167325570808e-10,4.0777886503249587e-10,5.6763669676029574e-10,6.6971672825747089e-10
4.685,1.4396282278234556e-10,2.2344087669554363e-10,2.8630975380066691e-10,3.3955967325166461e-10,4.0882470684911895e-10,5.6860064989527633e-10,6.7051992308702164e-10
4.6875,1.4437343376651014e-10,2.2421312807616805e-10,2.873057672710278e-10,3.4060852618833493e-10,4.0987241078174739e-10,5.6955942951434747e-10,6.7131459898768794e-10
4.69,1.4478544445277541e-10,2.2499151042388645e-10,2.8830685959432574e-10,3.4165964548720008e-10,4.10918353214597e-10,5.7050980050310176e-10,6.7209821596675493e-10
4.6925,1.4519731274825473e-10,2.2577317480254138e-10,2.8930937955777687e-10,3.4270919837738866e-10,4.1195873672255135e-10,5.7144834250532966e-10,6.728679405558479e-10
4.695,1.4560741894172339e-10,2.2655514741523372e-10,2.9030954067263197e-10,3.4375324035249013e-10,4.1298966456297189e-10,5.7237152867721169e-10,6.7362073053806687e-10
4.6975,1.4601410735941129e-10,2.2733435769793073e-10,2.9130340114302445e-10,3.4478770922345482e-10,4.1400717420064877e-10,5.7327560403088561e-10,6.7435335398423193e-10
4.7,1.4641570791242e-10,2.2810765314848555e-10,2.9228688158123447e-10,3.4580841472314579e-10,4.1500723560632089e-10,5.7415685664381897e-10,6.7506276636965316e-10
4.7025,1.4681055375531375e-10,2.2887183088896378e-10,2.9325591543015313e-10,3.4681117832917602e-10,4.1598578142459025e-10,5.7501162091147346e-10,6.75746018664005e-10
4.705,1.4719693557930233e-10,2.2962359884945093e-10,2.9420652678607277e-10,3.4779200796276981e-10,4.1693889432249022e-10,5.7583630578907274e-10,6.7640015800101563e-10
4.7075,1.475730425172843e-10,2.3035953845550755e-10,2.9513472469255883e-10,3.4874698924143841e-10,4.1786276009432075e-10,5.7662732494722224e-10,6.7702209171939262e-10
4.71,1.4793691927308762e-10,2.3107608895398115e-10,2.9603633197276774e-10,3.4967206850447825e-10,4.187535371385163e-10,5.7738113570962989e-10,6.7760864808811737e-10
4.7125,1.4828653051862579e-10,2.3176963563151129e-10,2.969069522880077e-10,3.5056287039076999e-10,4.1960711591407897e-10,5.780940276016204e-10,6.7815641795392764e-10
4.715,1.4861992180665655e-10,2.3243670288755812e-10,2.9774219906401859e-10,3.5141489902218607e-10,4.2041919312487261e-10,5.7876221337882445e-10,6.7866199994118956e-10
4.7175,1.4893534296573442e-10,2.3307408391316248e-10,2.9853798078303407e-10,3.5222390410316341e-10,4.2118567993222486e-10,5.7938210002547485e-10,6.791222168609753e-10
4.72,1.4923126711231404e-10,2.3367886422837384e-10,2.9929066573369222e-10,3.5298612959669735e-10,4.2190303512786557e-10,5.7995064181211905e-10,6.7953440493802598e-10
4.7225,1.4950628661264046e-10,2.342483225415464e-10,2.9999700158812523e-10,3.5369823582349818e-10,4.2256811344416271e-10,5.8046531872994172e-10,6.7989633965270215e-10
4.725,1.4975897745492233e-10,2.3477980469671392e-10,3.0065394689948073e-10,3.5435719338897122e-10,4.2317799827902495e-10,5.8092377750067128e-10,6.8020592612460582e-10
4.7275,1.4998784901717574e-10,2.3527064774459782e-10,3.0125848654476235e-10,3.5496007670744896e-10,4.2372984398991112e-10,5.8132355407160684e-10,6.804609123948753e-10
4.73,1.5019139024223551e-10,2.3571821665112777e-10,3.0180758849475145e-10,3.555039435962331e-10,4.2422082098174742e-10,5.8166196316207664e-10,6.806589507243456e-10
4.7325,1.5036818339644017e-10,2.361200132106074e-10,3.0229835962766322e-10,3.5598596618495675e-10,4.2464832283495924e-10,5.8193656872904048e-10,6.8079798010578778e-10
4.735,1.5051701428692161e-10,2.3647379710793926e-10,3.0272824004444702e-10,3.5640366866805826e-10,4.2500997919257983e-10,5.8214524113629159e-10,6.8087628120100628e-10
4.7375,1.5063690404470315e-10,2.3677766545908206e-10,3.0309512053735958e-10,3.5675507560738931e-10,4.2530395137662994e-10,5.8228654605253137e-10,6.8089284097772888e-10
4.74,1.5072705412074239e-10,2.370300310544265e-10,3.0339730364385403e-10,3.5703860798192927e-10,4.2552878140832527e-10,5.8235942507941458e-10,6.8084692703744897e-10
4.7425,1.5078677944732166e-10,2.3722956426813783e-10,3.0363338913327402e-10,3.572529386607433e-10,4.2568321397506689e-10,5.8236282134978494e-10,6.8073780538462928e-10
4.745,1.5081550499442272e-10,2.3737517780091924e-10,3.0380220322481217e-10,3.5739693416507043e-10,4.2576614854089009e-10,5.822957274067209e-10,6.8056480903776344e-10
4.7475,1.5081283171164983e-10,2.3746607276135711e-10,3.0390288484430391e-10,3.5746977364868403e-10,4.257768262869923e-10,5.8215745284055259e-10,6.8032758099283825e-10
4.75,1.5077860869996439e-10,2.3750177469007208e-10,3.0393497878948586e-10,3.5747108845397814e-10,4.2571508925574709e-10,5.8194815334554736e-10,6.800265947750834e-10
4.7525,1.5071293768559978e-10,2.3748210033819697e-10,3.0389836163517073e-10,3.5740088515642936e-10,4.2558122886737818e-10,5.8166857577358611e-10,6.7966297071520342e-10
4.755,1.5061611338808188e-10,2.3740707854496214e-10,3.0379306372081786e-10,3.5725931427920687e-10,4.2537563569500954e-10,5.8131946658864018e-10,6.7923778601136394e-10
4.7575,1.5048857789059635e-10,2.3727692388619017e-10,3.036192207598852e-10,3.5704658262630091e-10,4.2509863565244841e-10,5.8090130209031325e-10,6.787518340493004e-10
4.76,1.5033089035942235e-10,2.3709205811864266e-10,3.0337714856239128e-10,3.5676301199800559e-10,4.2475056858016253e-10,5.8041450060095463e-10,6.7820582670464687e-10
4.7625,1.5014372403338699e-10,2.3685315295268865e-10,3.0306751324168447e-10,3.5640923006588498e-10,4.2433208637570523e-10,5.7985978955611027e-10,6.7760080571033699e-10
4.765,1.4992785255389874e-10,2.3656113748336665e-10,3.0269138904871537e-10,3.5598625061784526e-10,4.2384422954304101e-10,5.792382519910222e-10,6.7693814629775162e-10
4.7675,1.496841420521095e-10,2.3621717077234825e-10,3.0225015974879146e-10,3.5549538254316179e-10,4.2328832501095298e-10,5.7855133617219339e-10,6.7621964349709476e-10
4.77,1.4941359651147603e-10,2.3582266600367449e-10,3.0174547692341529e-10,3.549382170802354e-10,4.2266589837532607e-10,5.7780084579841701e-10,6.754474579478642e-10
4.7725,1.4911739789714142e-10,2.3537926698429348e-10,3.0117925921187146e-10,3.543166283537665e-10,4.2197871129940827e-10,5.7698870430733861e-10,6.7462379814762452e-10
4.775,1.4879693950617732e-10,2.3488890122329752e-10,3.0055374249865949e-10,3.5363282702606649e-10,4.2122879618758963e-10,5.761169173155337e-10,6.7375092888207334e-10
4.7775,1.4845377461182061e-10,2.3435377562650932e-10,2.9987149035680621e-10,3.5288936417815447e-10,4.2041858505778475e-10,5.7518777729984187e-10,6.7283143080773918e-10
4.78,1.4808953226567321e-10,2.3377631851964256e-10,2.9913534577178434e-10,3.5208912948256551e-10,4.1955101310171323e-10,5.7420414011123457e-10,6.7186847299835889e-10
4.7825,1.477058651802771e-10,2.3315909917100235e-10,2.9834832486821606e-10,3.5123522472400989e-10,4.1862936966513016e-10,5.7316939917813714e-10,6.708657487204745e-10
4.785,1.473044358514167e-10,2.3250473103976063e-10,2.975134765027016e-10,3.50330776930927e-10,4.1765698953753466e-10,5.7208713292765262e-10,6.6982699618655037e-10
4.7875,1.4688692459146733e-10,2.3181580161206235e-10,2.9663381024020539e-10,3.4937877209174397e-10,4.1663690813190658e-10,5.7096064511851465e-10,6.6875562446814709e-10
4.79,1.4645504171898371e-10,2.3109491735198005e-10,2.9571239648480732e-10,3.4838223623616892e-10,4.1557202725948579e-10,5.6979299307084313e-10,6.6765470244164766e-10
4.7925,1.4601050919492935e-10,2.3034478579127329e-10,2.9475250964028392e-10,3.4734442471119219e-10,4.1446537954439095e-10,5.6858726077091806e-10,6.665273172697468e-10
4.795,1.4555502418607217e-10,2.2956825150338425e-10,2.9375763118631991e-10,3.4626883999656553e-10,4.1332032142947259e-10,5.6734674695792636e-10,6.6537684660558139e-10
4.7975,1.4509025041517864e-10,2.2876828708775133e-10,2.9273139184541339e-10,3.4515915694140177e-10,4.1214045702401862e-10,5.6607498051484832e-10,6.642069105586475e-10
4.8,1.4461785823945716e-10,2.2794792834652174e-10,2.9167748037522486e-10,3.4401910631510159e-10,4.1092953920115887e-10,5.647753977967829e-10,6.6302095418083577e-10
4.8025,1.4413954432842945e-10,2.2711019686053379e-10,2.9059956491067559e-10,3.4285241627506078e-10,4.0969136007693371e-10,5.6345145981810251e-10,6.6182227223706682e-10
4.805,1.4365707343305411e-10,2.2625811754906729e-10,2.8950132021132843e-10,3.4166285246753071e-10,4.0842974217125759e-10,5.6210704231464665e-10,6.6061461344996428e-10
4.8075,1.4317223483982295e-10,2.2539470650103979e-10,2.8838644100831227e-10,3.4045424853669988e-10,4.0714857875219046e-10,5.6074634924670484e-10,6.5940199051964292e-10
4.81,1.4268674163389564e-10,2.2452292147180166e-10,2.8725860328072339e-10,3.3923043690064391e-10,4.0585177441553108e-10,5.593734372181636e-10,6.5818825446606532e-10
4.8125,1.4220212479136896e-10,2.2364554526553413e-10,2.8612134655877785e-10,3.3799507373649356e-10,4.0454299560113194e-10,5.5799203755214793e-10,6.5697690133131368e-10
4.815,1.4171967990991326e-10,2.2276510896163894e-10,2.849779742331797e-10,3.3675155525447472e-10,4.0322558663525371e-10,5.5660539273972015e-10,6.5577094882512518e-10
4.8175,1.4124052437213521e-10,2.2188393715256228e-10,2.8383158406143008e-10,3.3550311593035485e-10,4.019026622213153e-10,5.5521633196851466e-10,6.5457292123727983e-10
4.82,1.4076569396271373e-10,2.2100424614461161e-10,2.8268514837347106e-10,3.3425293593174255e-10,4.0057736371974958e-10,5.5382763974586817e-10,6.5338526184603235e-10
4.8225,1.4029623209333505e-10,2.201282491303995e-10,2.8154162600331584e-10,3.3300422670266143e-10,3.99253024950094e-10,5.5244236006030713e-10,6.5221041060757526e-10
4.825,1.3983319119491145e-10,2.1925816978914493e-10,2.8040399031971696e-10,3.3176021172937721e-10,3.979329810937944e-10,5.5106362128979125e-10,6.5105066464011068e-10
4.8275,1.3937759216247098e-10,2.183962265382557e-10,2.7927523283402153e-10,3.3052416793377622e-10,3.9662065859698915e-10,5.4969481515106927e-10,6.4990850389295145e-10
4.83,1.3893036845143745e-10,2.175445880736413e-10,2.7815834779203325e-10,3.2929935498079288e-10,3.9531953941369961e-10,5.4833947635238377e-10,6.4878657211138638e-10
4.8325,1.3849232811327244e-10,2.1670530820853166e-10,2.7705629720689173e-10,3.2808906172016758e-10,3.9403314466879206e-10,5.470010948639415e-10,6.4768758359056939e-10
4.835,1.3806416090709346e-10,2.1588027531700223e-10,2.7597189592234184e-10,3.2689650153967966e-10,3.9276492567646827e-10,5.4568313500189086e-10,6.4661428028434183e-10
4.8375,1.3764647029645507e-10,2.1507121673833311e-10,2.7490773971289977e-10,3.2572465469345239e-10,3.9151800642908025e-10,5.4438872856273155e-10,6.4556899574632479e-10
4.84,1.3723982623353002e-10,2.1427977059300316e-10,2.7386624503488999e-10,3.2457627750412168e-10,3.9029522260432211e-10,5.4312084486203726e-10,6.4455372445014468e-10
4.8425,1.3684482903855233e-10,2.135076069694671e-10,2.7284980188693058e-10,3.2345407870498685e-10,3.8909938378677883e-10,5.4188236594955132e-10,6.4357031887498252e-10
4.845,1.3646215250471339e-10,2.1275648406285821e-10,2.7186087910205819e-10,3.2236086329594279e-10,3.8793356350985355e-10,5.4067633086065106e-10,6.4262071276515277e-10
4.8475,1.3609255817371344e-10,2.1202822344691354e-10,2.7090202604539426e-10,3.2129952083216655e-10,3.8680098575753805e-10,5.3950573453247561e-10,6.4170676775133167e-10
4.85,1.3573685582487621e-10,2.1132463051593684e-10,2.699757869088947e-10,3.2027293543673551e-10,3.8570477941372511e-10,5.3837341898137403e-10,6.4083016868536835e-10
4.8525,1.3539583421280576e-10,2.1064742705269193e-10,2.690846308242491e-10,3.1928395387351214e-10,3.8464799328603583e-10,5.3728223953111068e-10,6.3999254307457504e-10
4.855,1.3507019799896215e-10,2.0999822575600232e-10,2.6823091684679358e-10,3.1833538332777842e-10,3.8363368319475325e-10,5.362352219741474e-10,6.391957714209139e-10
4.8575,1.3476056009614731e-10,2.0937855529318474e-10,2.6741690644080538e-10,3.174300021425013e-10,3.82664945911663e-10,5.3523562332899916e-10,6.3844194100858223e-10
4.86,1.3446747153009264e-10,2.0878988450598294e-10,2.6664477430664997e-10,3.1657044097412591e-10,3.8174472694823676e-10,5.3428674181196165e-10,6.3773328092922788e-10
4.8625,1.3419147526816279e-10,2.0823365602912219e-10,2.6591665537840332e-10,3.1575921883637887e-10,3.808757707536422e-10,5.3339152903583388e-10,6.3707172511046778e-10
4.865,1.3393313940414316e-10,2.0771130772957398e-10,2.6523466039974635e-10,3.1499876478795709e-10,3.8006070043550216e-10,5.3255241464553924e-10,6.364586180262404e-10
4.8675,1.3369308019289317e-10,2.0722430256709967e-10,2.6460086575570262e-10,3.1429145677150109e-10,3.7930210955694254e-10,5.3177176724323691e-10,6.3589520689069312e-10
4.87,1.3347198744999597e-10,2.067741585493593e-10,2.6401731138372106e-10,3.1363965134847589e-10,3.786026059369135e-10,5.3105215348048196e-10,6.3538296636234538e-10
4.8725,1.3327065756255804e-10,2.0636245482012609e-10,2.6348604152001368e-10,3.1304572256922917e-10,3.7796480054725275e-10,5.3039637041059261e-10,6.3492371573853086e-10
4.875,1.3308998988745857e-10,2.0599080564103261e-10,2.6300909168112733e-10,3.1251202704175515e-10,3.7739126955449288e-10,5.2980718863009559e-10,6.3451940669449193e-10
4.8775,1.3293094077987309e-10,2.0566083407591491e-10,2.6258849170138041e-10,3.1204089109385876e-10,3.7688451212604631e-10,5.2928718803075131e-10,6.3417189105192728e-10
4.88,1.3279444934841446e-10,2.0537414610431056e-10,2.6222628175156736e-10,3.1163460846070198e-10,3.7644689956618132e-10,5.2883882190070794e-10,6.3388293986844205e-10
4.8825,1.3268136525509866e-10,2.0513227684878956e-10,2.6192447502901283e-10,3.1129543289536759e-10,3.7608080851790503e-10,5.2846432636059174e-10,6.3365408919240392e-10
4.885,1.3259242177834302e-10,2.0493663286189566e-10,2.6168493294864681e-10,3.1102544886689699e-10,3.7578846989229825e-10,5.2816580516747437e-10,6.3348681800571506e-10
4.8875,1.3252828126344404e-10,2.0478850888181443e-10,2.6150930808974956e-10,3.1082655384592692e-10,3.755719344232443e-10,5.2794537996715505e-10,6.3338274016772001e-10
4.89,1.3248961123037018e-10,2.0468914881805577e-10,2.6139909482580098e-10,3.1070045843559338e-10,3.754330926596885e-10,5.278050660061369e-10,6.3334339336503299e-10
4.8925,1.3247712099499941e-10,2.0463975750035784e-10,2.6135566972908487e-10,3.1064869823202837e-10,3.753736605452807e-10,5.2774666730198873e-10,6.333701967131171e-10
4.895,1.3249153861637128e-10,2.0464146200089858e-10,2.6138028401336891e-10,3.1067263446286373e-10,3.7539513560470683e-10,5.2777164313142776e-10,6.3346431568871336e-10
4.8975,1.3253355266761415e-10,2.0469524923983452e-10,2.6147402907264827e-10,3.1077346729914467e-10,3.7549878644118687e-10,5.2788128624208353e-10,6.3362681916033342e-10
4.9,1.3260374071104435e-10,2.0480190848548098e-10,2.6163775257031977e-10,3.1095217415024249e-10,3.7568558515756369e-10,5.2807643755957644e-10,6.3385834620886521e-10
4.9025,1.3270252989796889e-10,2.0496201822431476e-10,2.6187202437670258e-10,3.1120938945031235e-10,3.7595616850464286e-10,5.283575650846932e-10,6.341592834826225e-10
4.905,1.3283019781703914e-10,2.0517596279433461e-10,2.6217715653334032e-10,3.1154536857895518e-10,3.7631080101699629e-10,5.2872506968492799e-10,6.3453006423182472e-10
4.9075,1.3298691629338982e-10,2.054439622705162e-10,2.6255321361399813e-10,3.1196003226824634e-10,3.7674941166833947e-10,5.2917896684779779e-10,6.3497076955914029e-10
4.91,1.3317282086466171e-10,2.0576613790820558e-10,2.6300009322316903e-10,3.1245307854472787e-10,3.7727156548363573e-10,5.297188348407611e-10,6.3548117130690908e-10
4.9125,1.3338800555962932e-10,2.0614248912766003e-10,2.6351753694637926e-10,3.1302406546034817e-10,3.778765331759659e-10,5.303438599769813e-10,6.3606071870392366e-10
4.915,1.336324743820457e-10,2.0657283520682496e-10,2.6410505257436857e-10,3.1367237403704213e-10,3.7856343651926209e-10,5.310529737865473e-10,6.3670867293329705e-10
4.9175,1.3390609521205737e-10,2.0705673146929046e-10,2.6476177575151196e-10,3.1439698596678087e-10,3.7933115177417475e-10,5.3184496654107242e-10,6.3742416373703366e-10
4.92,1.3420858877895511e-10,2.0759343284821041e-10,2.6548638515791147e-10,3.1519634758495395e-10,3.8017804082886303e-10,5.3271824718753014e-10,6.3820608532567563e-10
4.9225,1.345395502692038e-10,2.0818191375047213e-10,2.6627716807515381e-10,3.1606842233487648e-10,3.8110185006561065e-10,5.3367044516673696e-10,6.3905268690815404e-10
4.925,1.3489844532552025e-10,2.0882089026276265e-10,2.6713211861894222e-10,3.1701082397942945e-10,3.8209989924827028e-10,5.3469856510019405e-10,6.3996172042003284e-10
4.9275,1.3528457383430951e-10,2.0950880171926131e-10,2.6804894263583724e-10,3.1802086003092038e-10,3.8316915636670585e-10,5.3579936733864547e-10,6.409307527975235e-10
4.93,1.356970230991437e-10,2.102437694379588e-10,2.690249360791579e-10,3.1909541644092082e-10,3.8430615162687639e-10,5.3696927163501958e-10,6.4195703763097486e-10
4.9325,1.3613466738219488e-10,2.1102361148063217e-10,2.7005697216952816e-10,3.2023090768507422e-10,3.8550697097995249e-10,5.3820420534055778e-10,6.4303738118700087e-10
4.935,1.3659622567837047e-10,2.1184592247190138e-10,2.7114159845226618e-10,3.2142334392068163e-10,3.8676731975849149e-10,5.394996040116526e-10,6.4416809320684382e-10
4.9375,1.3708032249867397e-10,2.1270810416794457e-10,2.7227508230183785e-10,3.2266843482815234e-10,3.880826103534637e-10,5.4085056522002155e-10,6.453451142268925e-10
4.94,1.3758548885829475e-10,2.1360734347397415e-10,2.7345346500171873e-10,3.2396170253928541e-10,3.894481511604474e-10,5.422522257993997e-10,6.4656450446878254e-10
4.9425,1.3811008321184497e-10,2.1454051863824617e-10,2.7467246452064652e-10,3.2529832865156941e-10,3.9085878986836053e-10,5.4369949202106662e-10,6.4782218639563532e-10
4.945,1.3865222978888426e-10,2.1550416903712058e-10,2.7592748782710374e-10,3.2667314330470964e-10,3.9230884136389082e-10,5.4518653702358366e-10,6.4911331813567536e-10
4.9475,1.3920977778845323e-10,2.1649447676574936e-10,2.7721362599597616e-10,3.2808069878604729e-10,3.9379232639545443e-10,5.4670706835597372e-10,6.5043255106354601e-10
4.95,1.3978033633676611e-10,2.1750732433623727e-10,2.7852567323050861e-10,3.2951531440810148e-10,3.9530312632321351e-10,5.4825467603703084e-10,6.5177434460749984e-10
4.9525,1.4036133716358914e-10,2.1853838671382341e-10,2.7985819128267315e-10,3.3097111263406865e-10,3.9683509393867538e-10,5.4982310656115529e-10,6.5313336965781329e-10
4.955,1.4095009785294963e-10,2.1958320424680804e-10,2.8120554685586962e-10,3.3244203258715971e-10,3.9838194319327743e-10,5.5140610942845677e-10,6.5450439196560745e-10
4.9575,1.4154387865931122e-10,2.2063723713270836e-10,2.8256196146211923e-10,3.3392185714127857e-10,3.9993724430025504e-10,5.5299717135482078e-10,6.5588195020699886e-10
4.96,1.4213991698468293e-10,2.2169586820117729e-10,2.839215762256764e-10,3.3540428683247111e-10,4.0149449293448399e-10,5.5458960530111943e-10,6.5726046449674886e-10
4.9625,1.4273544779824305e-10,2.2275439747044753e-10,2.8527848296662094e-10,3.3688298422951123e-10,4.0304709254281972e-10,5.5617659573360846e-10,6.5863416338429166e-10
4.965,1.4332767948826949e-10,2.23808018281639e-10,2.8662669728343759e-10,3.3835155754098611e-10,4.0458830605646209e-10,5.5775131689964388e-10,6.5999714543423259e-10
4.9675,1.439137744008975e-10,2.2485185706349297e-10,2.8796018232635224e-10,3.3980358917058675e-10,4.0611140043777292e-10,5.5930709094631858e-10,6.6134369825702297e-10
4.97,1.4449086957633534e-10,2.2588104280247926e-10,2.8927289578227251e-10,3.4123264701333762e-10,4.0760981348376864e-10,5.608373689185065e-10,6.6266829326036855e-10
4.9725,1.4505611774331478e-10,2.2689078537227288e-10,2.9055889648590963e-10,3.4263238204030321e-10,4.090771497427073e-10,5.623358837908824e-10,6.6396571151353202e-10
4.975,1.4560672827985795e-10,2.278764069759477e-10,2.9181240331027108e-10,3.4399661494555566e-10,4.1050715726683941e-10,5.6379640405282016e-10,6.6523069673916904e-10
4.9775,1.4613996435274091e-10,2.2883329357906133e-10,2.9302774058846036e-10,3.4531933817787865e-10,4.118936744159396e-10,5.6521274072236769e-10,6.6645796241366402e-10
4.98,1.4665313619541517e-10,2.2975688795609669e-10,2.9419934204461106e-10,3.4659468276724206e-10,4.1323062275893531e-10,5.6657881035062387e-10,6.676422764053663e-10
4.9825,1.4714359351521727e-10,2.3064272215248346e-10,2.9532180247661492e-10,3.4781696204898857e-10,4.1451212866347396e-10,5.6788890517814386e-10,6.6877874330002001e-10
4.985,1.4760875025729451e-10,2.3148651343902869e-10,2.9639001671479536e-10,3.4898080512487593e-10,4.1573269346689702e-10,5.6913785280284298e-10,6.6986300194713563e-10
4.9875,1.4804612077447355e-10,2.3228420633360748e-10,2.973992390769702e-10,3.5008126093674841e-10,4.1688727572518692e-10,5.7032078606331197e-10,6.7089100445070821e-10
4.99,1.4845335565533011e-10,2.3303196940745698e-10,2.9834498919110279e-10,3.5111369446837682e-10,4.1797122703476032e-10,5.7143310838312904e-10,6.7185895855904984e-10
4.9925,1.4882828832332056e-10,2.3372618462022891e-10,2.9922297472877605e-10,3.5207366208154265e-10,4.1898011589643893e-10,5.7247046088287507e-10,6.7276324321999287e-10
4.995,1.4916898506910439e-10,2.343635095944464e-10,3.0002917235833579e-10,3.5295695486738658e-10,4.1990969019423722e-10,5.7342874710336277e-10,6.7360048091436772e-10
4.9975,1.4947376253951314e-10,2.3494095696674834e-10,3.0075998263157215e-10,3.5375977715947271e-10,4.2075605287377298e-10,5.7430421417918158e-10,6.7436753691005743e-10
5.0,1.4974114541406606e-10,2.3545588790694723e-10,3.0141232779375859e-10,3.5447888949729703e-10,4.2151584525694433e-10,5.7509364132826844e-10,6.7506179684610105e-10
5.0025,1.4996981259573896e-10,2.3590597705428715e-10,3.0198354962716118e-10,3.551115198882014e-10,4.2218608800748741e-10,5.7579402689501399e-10,6.7568088317534772e-10
5.005,1.5015858683449571e-10,2.3628919270005e-10,3.0247134727443524e-10,3.5565532331589196e-10,4.2276429539784999e-10,5.7640272635957984e-10,6.762227225487883e-10
5.0075,1.5030648572274449e-10,2.3660383251605532e-10,3.0287375829259304e-10,3.5610829794165865e-10,4.2324851786964321e-10,5.7691777933948795e-10,6.766858415736455e-10
5.01,1.5041280530613638e-10,2.3684858613918876e-10,3.0318921103199427e-10,3.5646882899292427e-10,4.2363722274634419e-10,5.7733755563202075e-10,6.7706896996438758e-10
5.0125,1.5047716593055083e-10,2.3702257330977033e-10,3.0341656667966481e-10,3.5673570683005511e-10,4.2392923971398713e-10,5.7766084052973357e-10,6.773711396100524e-10
5.015,1.504995169044398e-10,2.3712534953181402e-10,3.0355519240487617e-10,3.5690822404960304e-10,4.2412384181687344e-10,5.7788691111918079e-10,6.7759187731337345e-10
5.0175,1.5048009269381739e-10,2.3715686825364662e-10,3.0360496845174855e-10,3.5698621430058241e-10,4.2422090018405212e-10,5.7801573434243252e-10,6.7773134359996785e-10
5.02,1.5041934219065193e-10,2.3711742544065494e-10,3.0356619704866729e-10,3.5696996009724024e-10,4.2422072294452507e-10,5.7804760169855598e-10,6.7779004521992064e-10
5.0225,1.5031787613569471e-10,2.3700762606362477e-10,3.0343954612854094e-10,3.5686004005088662e-10,4.2412384719908204e-10,5.7798301861031766e-10,6.7776856853684474e-10
5.025,1.5017645912374461e-10,2.3682839700606041e-10,3.0322607566073382e-10,3.5665737312020898e-10,4.2393103149201342e-10,5.7782259933606522e-10,6.7766751162483467e-10
5.0275,1.4999604816917626e-10,2.3658102056577109e-10,3.0292726313958816e-10,3.5636331770342542e-10,4.2364345428971291e-10,5.7756744439076751e-10,6.774879687346473e-10
5.03,1.4977784338734356e-10,2.3626713772352288e-10,3.0254500493303904e-10,3.5597977637236153e-10,4.232629704636356e-10,5.7721922870253462e-10,6.7723148584220702e-10
5.0325,1.4952330644241926e-10,2.3588876026595806e-10,3.0208159321576488e-10,3.555090827137749e-10,4.2279190552530544e-10,5.7678003673345396e-10,6.7689978734667085e-10
5.035,1.4923414283521769e-10,2.3544825821903656e-10,3.0153968709232432e-10,3.5495391026877016e-10,4.2223299652385529e-10,5.762523301662453e-10,6.7649489346926805e-10
5.0375,1.4891224447536724e-10,2.3494831963939559e-10,3.0092231102089223e-10,3.5431729335650728e-10,4.2158923058783318e-10,5.7563902759656563e-10,6.7601927934974443e-10
5.04,1.48559639748548e-10,2.3439189308984032e-10,3.002328540545656e-10,3.5360263187313631e-10,4.2086402841603019e-10,5.7494347785099519e-10,6.7547599673072765e-10
5.0425,1.4817843846254052e-10,2.337821259518587e-10,2.9947501196658151e-10,3.5281366114804259e-10,4.2006117231503166e-10,5.7416954105995225e-10,6.7486861666340655e-10
5.045,1.4777079291850814e-10,2.3312228238036425e-10,2.9865266296572411e-10,3.5195433010243481e-10,4.1918465158463887e-10,5.7332134132730375e-10,6.7420097713893925e-10
5.0475,1.4733889253476398e-10,2.3241571424654038e-10,2.9776978076361044e-10,3.5102866704516847e-10,4.1823847365776972e-10,5.7240274002352513e-10,6.7347641373979198e-10
5.05,1.4688500199341398e-10,2.3166592650560642e-10,2.9683051861179302e-10,3.500408802006155e-10,4.1722675141757857e-10,5.7141754946704559e-10,6.7269803135589458e-10
5.0525,1.4641145444581787e-10,2.3087659155733143e-10,2.9583926197869791e-10,3.4899539875878583e-10,4.1615374228986943e-10,5.703696026616495e-10,6.7186881189688763e-10
5.055,1.4592062378825908e-10,2.3005152678851117e-10,2.9480060360771049e-10,3.478968783531285e-10,4.1502401153560684e-10,5.6926303126983971e-10,6.7099204715514452e-10
5.0575,1.4541491217905199e-10,2.2919466874022236e-10,2.9371928575673048e-10,3.4675015455959507e-10,4.1384245928881326e-10,5.6810244284110241e-10,6.7007141066331408e-10
5.06,1.4489670549849842e-10,2.2830998135769763e-10,2.926000803044415e-10,3.4556012611234537e-10,4.1261406898303584e-10,5.6689254218721106e-10,6.6911069942956756e-10
5.0625,1.4436839493321444e-10,2.2740142906644005e-10,2.9144777819752092e-10,3.4433176137667537e-10,4.1134381984847582e-10,5.6563798936413475e-10,6.6811372446930039e-10
5.065,1.4383238851574653e-10,2.2647295168135436e-10,2.9026717944843785e-10,3.430701080344173e-10,4.1003678323418271e-10,5.6434363809803893e-10,6.6708444373847449e-10
5.0675,1.4329104968052271e-10,2.2552842119236481e-10,2.8906306733044488e-10,3.4178019998523642e-10,4.0869801156006803e-10,5.6301433210821616e-10,6.6602680439302196e-10
5.07,1.427466174983559e-10,2.2457161071239094e-10,2.8784018194007529e-10,3.4046703054295894e-10,4.0733254742783749e-10,5.6165490595634926e-10,6.6494473860445511e-10
5.0725,1.4220115850088655e-10,2.2360617924435056e-10,2.8660317635039505e-10,3.3913546450555376e-10,4.0594529200844637e-10,5.6027014999428027e-10,6.638420480207155e-10
5.075,1.4165656294120348e-10,2.2263565217065149e-10,2.8535656390645383e-10,3.3779017916403261e-10,4.045410050420395e-10,5.5886455150973818e-10,6.6272214005739629e-10
5.0775,1.411146209171486e-10,2.2166344650378267e-10,2.8410471701264788e-10,3.3643572808059261e-10,4.0312436701610536e-10,5.5744243996976376e-10,6.6158815191651939e-10
5.08,1.4057709702395266e-10,2.2069288259904905e-10,2.8285188096403678e-10,3.3507662593828343e-10,4.0169997298037206e-10,5.5600795711978899e-10,6.6044294808198008e-10
5.0825,1.400457488737371e-10,2.1972717137890507e-10,2.8160217586641556e-10,3.3371739295597988e-10,4.0027239986257939e-10,5.5456523436484559e-10,6.5928930196439885e-10
5.085,1.3952226042251454e-10,2.1876935955133473e-10,2.8035956309049753e-10,3.3236241888982839e-10,3.9884611031738513e-10,5.5311827876540072e-10,6.5812989623366061e-10
5.0875,1.390081573463709e-10,2.1782229202285431e-10,2.7912782768931263e-10,3.3101589882017156e-10,3.9742546030449897e-10,5.5167117287541977e-10,6.5696752092783502e-10
5.09,1.3850477237351576e-10,2.1688860307367999e-10,2.7791054754030498e-10,3.29681783748346e-10,3.96014577317372e-10,5.5022798732297647e-10,6.558049464691024e-10
5.0925,1.3801327019670219e-10,2.159707398837822e-10,2.7671108555979639e-10,3.2836377188816159e-10,3.9461733963396562e-10,5.4879256358712255e-10,6.5464472260541054e-10
5.095,1.3753470979285188e-10,2.1507100813323096e-10,2.7553263461012241e-10,3.2706540527777634e-10,3.9323749657383451e-10,5.4736860400627322e-10,6.5348938155927404e-10
5.0975,1.3707008984023638e-10,2.1419160329404775e-10,2.7437824884011855e-10,3.2579012315147804e-10,3.9187876219241937e-10,5.4595979407509137e-10,6.5234145275402732e-10
5.1,1.3662033233076068e-10,2.1333459478081058e-10,2.7325083674171849e-10,3.2454122085327636e-10,3.9054470936378258e-10,5.4456958083226064e-10,6.5120305098146823e-10
5.1025,1.3618624143598831e-10,2.1250187959940591e-10,2.7215312239708316e-10,3.2332182093462012e-10,3.8923867128711812e-10,5.4320124452204699e-10,6.5007612371221906e-10
5.105,1.3576848490745075e-10,2.11695139352988e-10,2.7108757441497516e-10,3.2213479367029441e-10,3.8796373081239522e-10,5.4185778772549538e-10,6.4896244778600286e-10
5.1075,1.3536762854607599e-10,2.1091587156127362e-10,2.7005641514599257e-10,3.2098274882150085e-10,3.8672273732490016e-10,5.4054198995827313e-10,6.4786366078309607e-10
5.11,1.3498420219910859e-10,2.1016549327233209e-10,2.6906173296447889e-10,3.198681420314102e-10,3.855183387744528e-10,5.3925651038353451e-10,6.4678134671722034e-10
5.1125,1.3461877445338113e-10,2.0944546683716485e-10,2.6810563921572218e-10,3.1879345538197601e-10,3.8435326775918226e-10,5.3800411961641728e-10,6.4571723060948858e-10
5.115,1.3427194876211687e-10,2.0875730399928493e-10,2.6719031717945961e-10,3.1776126076128888e-10,3.8323045005926591e-10,5.3678781692634653e-10,6.4467323421578082e-10
5.1175,1.3394433806286383e-10,2.081025158507178e-10,2.66317952409204e-10,3.1677417809244586e-10,3.8215289325179383e-10,5.3561099044711629e-10,6.4365184218294708e-10
5.12,1.3363652881034299e-10,2.0748253185503611e-10,2.654906008964737e-10,3.1583469334517438e-10,3.8112342782349683e-10,5.3447682132485807e-10,6.4265550971608327e-10
5.1225,1.3334908535251942e-10,2.0689869795421089e-10,2.6471016727613585e-10,3.149450864532288e-10,3.8014459600836014e-10,5.3338815238935048e-10,6.4168652092797845e-10
5.125,1.330825668498514e-10,2.0635231701322494e-10,2.6397849719679196e-10,3.1410752604623339e-10,3.7921873138086346e-10,5.3234752967172581e-10,6.4074695622354175e-10
5.1275,1.3283751735751897e-10,2.0584466329527e-10,2.6329744761403643e-10,3.1332418041422472e-10,3.7834815273473052e-10,5.3135745450607934e-10,6.3983889161084052e-10
5.13,1.3261443709092151e-10,2.0537696944958183e-10,2.6266888226641719e-10,3.1259726164557934e-10,3.7753528814096568e-10,5.3042064852510648e-10,6.3896463486599064e-10
5.1325,1.3241376107137124e-10,2.04950407563939e-10,2.6209460262645182e-10,3.1192899108203969e-10,3.7678264682170572e-10,5.2953993575729712e-10,6.3812671032980061e-10
5.135,1.3223586508866915e-10,2.0456607893563262e-10,2.6157627214950251e-10,3.1132149811377811e-10,3.7609275766409513e-10,5.2871821815785259e-10,6.3732783458153107e-10
5.1375,1.3208109616744926e-10,2.042250226741253e-10,2.6111538129732662e-10,3.1077668652515908e-10,3.754679725793271e-10,5.2795839566059677e-10,6.3657092770603224e-10
5.14,1.3194979633406408e-10,2.0392821988887957e-10,2.6071327353669995e-10,3.1029620844898302e-10,3.749103039683327e-10,5.2726303191572678e-10,6.3585867560121101e-10
5.1425,1.3184231761287483e-10,2.0367660491886039e-10,2.6037120742588974e-10,3.0988152412921558e-10,3.7442152051715041e-10,5.2663437375489736e-10,6.3519360554456162e-10
5.145,1.3175902091573688e-10,2.0347107072762641e-10,2.6009041563893133e-10,3.0953398750974852e-10,3.7400311394786878e-10,5.2607436912296092e-10,6.3457801538074797e-10
5.1475,1.3170026394450279e-10,2.0331245756476494e-10,2.598720922568022e-10,3.0925496647488561e-10,3.7365654536403918e-10,5.2558498002095353e-10,6.3401427445709643e-10
5.15,1.3166638466074417e-10,2.0320154589858498e-10,2.597173314374556e-10,3.0904581038532366e-10,3.7338330873559567e-10,5.2516823444719143e-10,6.3350495330385921e-10
5.1525,1.3165767497838272e-10,2.0313901786035224e-10,2.5962704168386336e-10,3.0890771631042819e-10,3.731848309797547e-10,5.2482604377774024e-10,6.3305270222299696e-10
5.155,1.3167435560134509e-10,2.0312539631976994e-10,2.5960185457709389e-10,3.0884157646837005e-10,3.7306233224974597e-10,5.2456012792487749e-10,6.3265996655077289e-10
5.1575,1.3171656502593267e-10,2.03161025110592e-10,2.5964214140606432e-10,3.0884793673154051e-10,3.7301666944766749e-10,5.2437177470654162e-10,6.3232875442261538e-10
5.16,1.3178434378514142e-10,2.0324604890211365e-10,2.5974804370587054e-10,3.0892700000066109e-10,3.7304823685784803e-10,5.2426184962857458e-10,6.3206071305273791e-10
5.1625,1.3187761550791442e-10,2.0338041151956024e-10,2.5991949338502549e-10,3.0907870301604696e-10,3.7315705827694578e-10,5.2423089920220605e-10,6.3185725605574913e-10
5.165,1.3199617825485439e-10,2.0356387744002912e-10,2.6015619431507596e-10,3.093027189806544e-10,3.7334283437962973e-10,5.2427924379149225e-10,6.3171968858575197e-10
5.1675,1.3213973381944473e-10,2.0379605687868357e-10,2.6045757159946236e-10,3.0959838973587447e-10,3.736048983500906e-10,5.2440678340394839e-10,6.3164899215520806e-10
5.17,1.3230794733385533e-10,2.0407643381693599e-10,2.6082275441112992e-10,3.0996469881677555e-10,3.7394213585082175e-10,5.2461272497644205e-10,6.316454752737246e-10
5.1725,1.3250051061576049e-10,2.0440442629949237e-10,2.6125069364826058e-10,3.1040038161150693e-10,3.7435310699450718e-10,5.2489581585568421e-10,6.31709024095436e-10
5.175,1.3271714262206513e-10,2.0477940214405701e-10,2.6174028635762413e-10,3.1090413316259957e-10,3.7483635636659317e-10,5.2525475312374024e-10,6.3183949914632294e-10
5.1775,1.3295751697939194e-10,2.0520062577336374e-10,2.6229037041168471e-10,3.1147456670106692e-10,3.7539042437987e-10,5.2568835972905638e-10,6.3203690831170577e-10
5.18,1.3322116681924164e-10,2.0566713180124933e-10,2.6289956276612805e-10,3.1211010267121332e-10,3.76013619476804e-10,5.2619513685270305e-10,6.3230096323801931e-10
5.1825,1.3350742010429628e-10,2.0617760172537157e-10,2.6356603276921194e-10,3.1280872853529155e-10,3.767038213196562e-10,5.2677303081297532e-10,6.3263081998940728e-10
5.185,1.3381540759069924e-10,2.0673034925725039e-10,2.6428741612293003e-10,3.1356785572356558e-10,3.7745835442239515e-10,5.2741958427066279e-10,6.3302521228301487e-10
5.1875,1.3414414276665667e-10,2.0732342641841759e-10,2.6506091044187868e-10,3.1438436199034254e-10,3.7827401054322637e-10,5.2813192553528109e-10,6.334825240108218e-10
5.19,1.3449256931354177e-10,2.0795472763067599e-10,2.6588345414916078e-10,3.1525478933225427e-10,3.7914720074417802e-10,5.2890679138356737e-10,6.340007557443624e-10
5.1925,1.3485956935822188e-10,2.0862204195436256e-10,2.6675186601133988e-10,3.161755407940383e-10,3.8007412105353431e-10,5.2974056146732089e-10,6.3457756613691643e-10
5.195,1.352439187818319e-10,2.0932295955882429e-10,2.6766276516448248e-10,3.1714282112044127e-10,3.8105077768336991e-10,5.3062926444895832e-10,6.3521021526800295e-10
5.1975,1.3564423084341626e-10,2.1005477912485724e-10,2.6861245689203301e-10,3.1815251561048464e-10,3.8207280477422921e-10,5.3156865787773732e-10,6.3589565372376601e-10
5.2,1.3605895764764538e-10,2.1081452642944282e-10,2.6959690828395087e-10,3.1920013885215682e-10,3.8313546213681651e-10,5.3255410724792543e-10,6.3663043356098354e-10
5.2025,1.3648639201713117e-10,2.1159900802153065e-10,2.7061182925460071e-10,3.2028092565986575e-10,3.8423366377204869e-10,5.3358048142219427e-10,6.3741048905131512e-10
5.205,1.3692471139091885e-10,2.1240490300851461e-10,2.7165281831709105e-10,3.2138998852227293e-10,3.8536218003979131e-10,5.3464241690353329e-10,6.3823148399513166e-10
5.2075,1.3737201184489201e-10,2.1322879081997606e-10,2.7271538937262999e-10,3.225223901636663e-10,3.8651578082038578e-10,5.3573458940022524e-10,6.3908902733293637e-10
5.21,1.3782633211894369e-10,2.1406714532223239e-10,2.737949805526389e-10,3.236731748280181e-10,3.8768927734494476e-10,5.3685178059793447e-10,6.3997876565886122e-10
5.2125,1.3828564912226914e-10,2.1491630326178991e-10,2.7488693288980044e-10,3.2483736411432473e-10,3.8887747926985631e-10,5.3798878887452493e-10,6.4089628451811138e-10
5.215,1.3874785884048783e-10,2.1577245105883239e-10,2.7598641535933724e-10,3.2600985570343752e-10,3.9007510035397437e-10,5.3914026946518071e-10,6.4183700256611734e-10
5.2175,1.3921077900375234e-10,2.1663167440408138e-10,2.770884215084609e-10,3.2718534292833043e-10,3.9127666847565008e-10,5.4030084877301337e-10,6.4279627652506725e-10
5.22,1.3967217075750969e-10,2.1749002070147131e-10,2.7818786404289883e-10,3.2835838514049041e-10,3.9247661984305759e-10,5.4146503182304081e-10,6.4376937897650313e-10
5.2225,1.4012980933008037e-10,2.1834356977729522e-10,2.7927969417747691e-10,3.2952353947827379e-10,3.9366939026371874e-10,5.4262722995083971e-10,6.4475149721073946e-10
5.225,1.4058153507438285e-10,2.1918846264051769e-10,2.8035902081583369e-10,3.306755490956904e-10,3.9484956223085006e-10,5.4378187933287455e-10,6.4573767833637031e-10
5.2275,1.4102524132970438e-10,2.2002086729266291e-10,2.8142108674867473e-10,3.3180937606033829e-10,3.9601192891368146e-10,5.4492369450265335e-10,6.4672317413011556e-10
5.23,1.4145883792530325e-10,2.2083695596162178e-10,2.8246116205023061e-10,3.3292009384341242e-10,3.9715146468218762e-10,5.4604773148423169e-10,6.477034144253458e-10
5.2325,1.41880240127172e-10,2.2163293887831766e-10,2.8347451539682093e-10,3.3400281502321303e-10,3.9826322958320204e-10,5.4714931055402535e-10,6.4867403836282531e-10
5.235,1.4228740565890444e-10,2.2240513568235879e-10,2.8445652635818197e-10,3.3505270553747658e-10,3.9934238756484401e-10,5.4822381040526805e-10,6.4963075854920031e-10
5.2375,1.4267835060342118e-10,2.231500090491884e-10,2.8540282152006609e-10,3.3606515695390146e-10,4.0038433680839161e-10,5.4926652378525966e-10,6.5056916834577152e-10
5.24,1.430511368758248e-10,2.2386414008563116e-10,2.8630931954304339e-10,3.3703591947893777e-10,4.0138486324716383e-10,5.5027310214049978e-10,6.5148527083571072e-10
5.2425,1.4340385276030478e-10,2.2454418366484029e-10,2.8717211747417969e-10,3.379610148821761e-10,4.023399947280907e-10,5.5123955477394502e-10,6.5237532567859512e-10
5.245,1.4373462704749523e-10,2.2518688351872787e-10,2.8798743918920457e-10,3.3883667589458995e-10,4.0324593886583559e-10,5.5216232405649515e-10,6.5323595845856651e-10
5.2475,1.4404167510640424e-10,2.2578916551267109e-10,2.8875171693514929e-10,3.396593847802239e-10,4.0409921771838639e-10,5.5303824707058292e-10,6.5406417555589226e-10
5.25,1.4432335919524456e-10,2.2634823070152782e-10,2.8946167424510646e-10,3.4042585178149987e-10,4.0489661317461033e-10,5.5386427053347937e-10,6.5485706051365267e-10
5.2525,1.4457825597470999e-10,2.2686162773867179e-10,2.9011441777101366e-10,3.4113310868278052e-10,4.0563524891539043e-10,5.5463754245997927e-10,6.5561185614239088e-10
5.255,1.4480520654233962e-10,2.2732728653979837e-10,2.907074831671822e-10,3.4177860864998586e-10,4.0631265190378765e-10,5.5535564940014102e-10,6.563261997775283e-10
5.2575,1.4500332463047158e-10,2.277434994088787e-10,2.9123884114717318e-10,3.4236025727859074e-10,4.0692674525326635e-10,5.5601658415613463e-10,6.5699801517832582e-10
5.26,1.4517195865622821e-10,2.2810887313068447e-10,2.9170688759724465e-10,3.4287646744658232e-10,4.074759486456219e-10,5.5661878068078674e-10,6.5762557953829197e-10
5.2625,1.4531063213369957e-10,2.2842227643365142e-10,2.921103783035854e-10,3.4332606745493949e-10,4.0795910921733486e-10,5.571610896016669e-10,6.582075934480157e-10
5.265,1.4541898877100777e-10,2.2868280795213837e-10,2.92448375749887e-10,3.4370820379321417e-10,4.0837542429173568e-10,5.576426877508425e-10,6.5874317172614024e-10
5.2675,1.4549677914029303e-10,2.2888981332976205e-10,2.9272026615802726e-10,3.4402228629427344e-10,4.0872435404410923e-10,5.5806300513722376e-10,6.5923160406027466e-10
5.27,1.4554388554509836e-10,2.2904292244852652e-10,2.9292576167684914e-10,3.4426809442089658e-10,4.0900572605727558e-10,5.5842189192801011e-10,6.5967256987011603e-10
5.2725,1.4556038014215815e-10,2.2914208600976608e-10,2.9306485528916956e-10,3.4444574443835657e-10,4.0921983566783735e-10,5.5871977775435266e-10,6.6006628874915236e-10
5.275,1.4554659436859999e-10,2.2918759629418091e-10,2.9313786068081262e-10,3.445556771715142e-10,4.0936732145189404e-10,5.5895747716345483e-10,6.6041333000564897e-10
5.2775,1.4550313163398942e-10,2.2918004646703658e-10,2.9314542205049899e-10,3.4459862860420207e-10,4.0944902707812349e-10,5.5913590092678394e-10,6.6071432975937413e-10
5.28,1.454308111959908e-10,2.2912028477461557e-10,2.9308848229426026e-10,3.4457557598416776e-10,4.0946597545000708e-10,5.5925593552687567e-10,6.6096986738288603e-10
5.2825,1.453305796942056e-10,2.2900938350008805e-10,2.9296828072679388e-10,3.4448768785868723e-10,4.0941926929907985e-10,5.5931854106348523e-10,6.6118061360013354e-10
5.285,1.4520347422873891e-10,2.2884867752130692e-10,2.9278638744416315e-10,3.4433642280797036e-10,4.0931026318283443e-10,5.5932485470526139e-10,6.6134740130001131e-10
5.2875,1.450506216146884e-10,2.2863974568140466e-10,2.9254468221038326e-10,3.4412358560256245e-10,4.0914066359799272e-10,5.5927636655058831e-10,6.6147139541366506e-10
5.29,1.4487328754607401e-10,2.2838442294484806e-10,2.9224535422724538e-10,3.4385138116821038e-10,4.0891263586329722e-10,5.5917516619135204e-10,6.6155447419876963e-10
5.2925,1.4467290997625213e-10,2.2808477094634586e-10,2.9189078386414825e-10,3.4352226004241814e-10,4.0862862627818372e-10,5.5902360786339584e-10,6.6159872489271558e-10
5.295,1.444510840013927e-10,2.2774304116809737e-10,2.9148348924634607e-10,3.4313879973339612e-10,4.0829119137815876e-10,5.5882407354773078e-10,6.6160619287550908e-10
5.2975,1.442095331813056e-10,2.2736165377350948e-10,2.9102612102006446e-10,3.4270361930699021e-10,4.0790290126220126e-10,5.5857878778176943e-10,6.6157845352840035e-10
5.3,1.4395007413903881e-10,2.2694317990064767e-10,2.9052147262511028e-10,3.422193752895374e-10,4.0746633450881938e-10,5.5829008024760637e-10,6.6151711238140537e-10
5.3025,1.4367457511898299e-10,2.2649028402766404e-10,2.8997246802498384e-10,3.4168879312738742e-10,4.0698405294211582e-10,5.5796029460182769e-10,6.6142388568879848e-10
5.305,1.4338493504793945e-10,2.2600571367932632e-10,2.8938221105151976e-10,3.4111479476283184e-10,4.0645876253560907e-10,5.5759182792906443e-10,6.6130071717930313e-10
5.3075,1.4308303272024702e-10,2.2549228142031901e-10,2.8875400593432968e-10,3.4050059592607908e-10,4.058934874055547e-10,5.5718730258046642e-10,6.6114982838620703e-10
5.31,1.4277066915906069e-10,2.2495279844696307e-10,2.8809126760999237e-10,3.3984960707035596e-10,4.0529147141247649e-10,5.5674954056767687e-10,6.6097352854494944e-10
5.3125,1.4244946770472107e-10,2.2438994065842768e-10,2.8739730120919881e-10,3.3916514515459609e-10,4.0465586518632761e-10,5.5628112208709817e-10,6.6077377575058818e-10
5.315,1.4212088582057235e-10,2.238062388364596e-10,2.8667520152145487e-10,3.384503033071295e-10,4.0398957970368091e-10,5.5578437430771111e-10,6.6055220984177987e-10
5.3175,1.4178631904183407e-10,2.2320420805495014e-10,2.8592795581732342e-10,3.3770800951487686e-10,4.0329535938636997e-10,5.5526145184692665e-10,6.6031019345047483e-10
5.32,1.4144720163273565e-10,2.2258647067416706e-10,2.8515861096737375e-10,3.3694120180525804e-10,4.0257596532055729e-10,5.5471460036415268e-10,6.6004926100828769e-10
5.3225,1.4110504792573953e-10,2.2195573835653954e-10,2.8437032929750703e-10,3.3615293989978163e-10,4.0183419702742906e-10,5.5414610882603481e-10,6.5977093192888954e-10
5.325,1.4076143363737051e-10,2.2131473552376426e-10,2.8356631573858327e-10,3.3534632083342627e-10,4.0107289903180214e-10,5.535582066986807e-10,6.5947682180768792e-10
5.3275,1.4041793063351778e-10,2.2066610152644113e-10,2.8274971855009014e-10,3.3452436992872518e-10,4.0029484945981184e-10,5.529530682640504e-10,6.5916851544005648e-10
5.33,1.4007602533140151e-10,2.2001235686397073e-10,2.8192360661841229e-10,3.3369002138168098e-10,3.9950271688572727e-10,5.5233275682600851e-10,6.588474778121688e-10
5.3325,1.3973704799034683e-10,2.1935591760323461e-10,2.8109100067651806e-10,3.3284621673881346e-10,3.9869916537056226e-10,5.516992668714402e-10,6.5851500155346357e-10
5.335,1.3940211257371211e-10,2.186990382780828e-10,2.8025479015629172e-10,3.3199581407502401e-10,3.9788677765101777e-10,5.5105431236573256e-10,6.5817194390076009e-10
5.3375,1.3907210142449951e-10,2.1804373352242691e-10,2.7941762470991367e-10,3.3114147379360145e-10,3.9706797483374908e-10,5.5039942977056122e-10,6.5781895665903728e-10
5.34,1.3874770127638172e-10,2.1739176074934002e-10,2.7858186062470122e-10,3.3028560888007277e-10,3.9624494776453364e-10,5.4973601610707582e-10,6.5745635077498127e-10
5.3425,1.3842947825311187e-10,2.1674469846846966e-10,2.7774961045770728e-10,3.2943036907956011e-10,3.9541965357068291e-10,5.4906527829720933e-10,6.5708422105134341e-10
5.345,1.3811794926308258e-10,2.1610404240728016e-10,2.7692285481028671e-10,3.2857772028850782e-10,3.9459387732586513e-10,5.4838835502227806e-10,6.5670265008457987e-10
5.3475,1.3781362951722865e-10,2.1547125496260388e-10,2.7610351452057548e-10,3.2772951501493994e-10,3.9376928703557552e-10,5.4770621619587461e-10,6.5631171136212322e-10
5.35,1.3751703606722929e-10,2.1484775906041437e-10,2.7529347708607496e-10,3.26887565527868e-10,3.9294747171528708e-10,5.4701976566865096e-10,6.5591142527460835e-10
5.3525,1.3722865968993991e-10,2.1423489468337778e-10,2.7449458238537406e-10,3.260536845754541e-10,3.9212997305847347e-10,5.463297783713502e-10,6.5550147246510885e-10
5.355,1.3694890702269011e-10,2.1363385377955878e-10,2.737085743237437e-10,3.2522971329137562e-10,3.9131836110825078e-10,5.4563708691522166e-10,6.5508155879181999e-10
5.3575,1.3667804184332572e-10,2.1304564708286724e-10,2.7293701388083728e-10,3.2441734173842639e-10,3.9051413075850898e-10,5.4494239785549841e-10,6.5465136901951771e-10
5.36,1.3641615317621374e-10,2.1247111239613055e-10,2.7218125548771509e-10,3.2361805051402793e-10,3.8971869538709969e-10,5.442464638306819e-10,6.5421061915710226e-10
5.3625,1.361631985406006e-10,2.1191097742749411e-10,2.7144249340279018e-10,3.2283309112569011e-10,3.8893325371110443e-10,5.4354989691859218e-10,6.5375888595387482e-10
5.365,1.3591908601614502e-10,2.1136590860371488e-10,2.7072180370439099e-10,3.2206354648044727e-10,3.8815880386807621e-10,5.4285311093831454e-10,6.5329556272638107e-10
5.3675,1.3568376809438774e-10,2.108365637521846e-10,2.7002023038725014e-10,3.213104856175962e-10,3.8739626699894578e-10,5.4215639847660722e-10,6.5281988498085949e-10
5.37,1.3545728994152499e-10,2.1032363102800729e-10,2.6933885420796809e-10,3.2057508216683983e-10,3.8664670393804103e-10,5.4146026842732345e-10,6.5233139230860986e-10
5.3725,1.3523976706260942e-10,2.0982785076186912e-10,2.6867885705920339e-10,3.1985865666586801e-10,3.8591137164920046e-10,5.4076555154085769e-10,6.5182996197533919e-10
5.375,1.350313102178523e-10,2.0934997721582164e-10,2.6804147199513577e-10,3.1916261472663669e-10,3.851916523784057e-10,5.4007330240895053e-10,6.5131567920947835e-10
5.3775,1.3483197970365166e-10,2.0889073792832789e-10,2.6742791353505382e-10,3.1848836326206857e-10,3.8448899164060752e-10,5.3938462211715426e-10,6.5078874754843674e-10
5.38,1.3464180333240284e-10,2.0845082563677309e-10,2.6683933506690342e-10,3.1783723325817213e-10,3.8380474700994534e-10,5.3870059553115301e-10,6.5024944151247627e-10
5.3825,1.3446083868789751e-10,2.0803093429124015e-10,2.6627684190710618e-10,3.1721052360265144e-10,3.8314023757744557e-10,5.3802225552639953e-10,6.4969806826648692e-10
5.385,1.3428923537172697e-10,2.0763181992241323e-10,2.6574154237536813e-10,3.1660955205088935e-10,3.8249686287211527e-10,5.3735077655261703e-10,6.4913514702843637e-10
5.3875,1.3412725865120501e-10,2.0725434111466861e-10,2.652346264751878e-10,3.1603572713905723e-10,3.8187614086406408e-10,5.3668766480289876e-10,6.4856163162674425e-10
5.39,1.3397525664816597e-10,2.0689945060028483e-10,2.6475742600904282e-10,3.1549060740651353e-10,3.8127981223505135e-10,5.3603485174240887e-10,6.4797898767793509e-10
5.3925,1.3383359894256658e-10,2.0656813771426598e-10,2.6431137661107446e-10,3.1497584455252438e-10,3.8070971183116242e-10,5.3539436201346838e-10,6.4738884639206773e-10
5.395,1.3370262833576223e-10,2.0626137316196347e-10,2.6389790458295276e-10,3.1449306986133361e-10,3.8016765339096599e-10,5.3476814528643508e-10,6.4679293048392136e-10
5.3975,1.3358266412872446e-10,2.0598009339280077e-10,2.6351835701219423e-10,3.1404385906186584e-10,3.7965534672143364e-10,5.3415806524421278e-10,6.4619301969709145e-10
5.4,1.3347404918374234e-10,2.0572523499023921e-10,2.6317402165823021e-10,3.1362976513361409e-10,3.7917449601202607e-10,5.3356604783224647e-10,6.4559105482472031e-10
5.4025,1.3337719060959626e-10,2.0549778016182801e-10,2.6286620511237558e-10,3.1325237134838948e-10,3.7872692474758071e-10,5.3299428698519014e-10,6.4498929207469513e-10
5.405,1.3329256855480733e-10,2.052987530909824e-10,2.6259623776517843e-10,3.1291327216706178e-10,3.7831452083016884e-10,5.3244524566587457e-10,6.4439030277032411e-10
5.4075,1.3322072010331717e-10,2.0512919916633305e-10,2.6236543220875743e-10,3.1261400996462825e-10,3.7793914240219514e-10,5.3192141800558615e-10,6.4379676368801395e-10
5.41,1.331622157508967e-10,2.0499014391282053e-10,2.6217505049824189e-10,3.1235608023458062e-10,3.7760258449226771e-10,5.3142521431134968e-10,6.4321144704004113e-10
5.4125,1.3311762726310548e-10,2.0488255393451706e-10,2.6202628631130013e-10,3.1214092149158292e-10,3.773064634208805e-10,5.3095879291488344e-10,6.4263707179455753e-10
5.415,1.3308748007311056e-10,2.0480729214426356e-10,2.6192023109736122e-10,3.1196990220704136e-10,3.7705235558367219e-10,5.3052418773848272e-10,6.4207636047600453e-10
5.4175,1.3307220811069049e-10,2.0476509401155388e-10,2.6185784903411076e-10,3.1184426209615915e-10,3.7684179919274153e-10,5.3012364756975716e-10,6.4153219823967253e-10
5.42,1.3307214638107298e-10,2.0475655801515329e-10,2.6183993152187429e-10,3.1176502906699263e-10,3.7667613939013173e-10,5.2975924461060027e-10,6.410074094448403e-10
5.4225,1.3308757451114216e-10,2.0478218425041713e-10,2.6186708582107549e-10,3.1173299541953409e-10,3.7655645038281148e-10,5.2943274196815457e-10,6.4050452647065641e-10
5.425,1.3311876876996958e-10,2.0484241379933818e-10,2.6193975432356935e-10,3.1174877648270481e-10,3.7648361039115554e-10,5.2914568486998291e-10,6.4002590963238387e-10
5.4275,1.3316602885068516e-10,2.0493762957634221e-10,2.6205822809635755e-10,3.1181281106989209e-10,3.764583430693185e-10,5.288995358240851e-10,6.3957399743106604e-10
5.43,1.3322965010503871e-10,2.0506810260145796e-10,2.6222262766297192e-10,3.1192535160782962e-10,3.7648119043049478e-10,5.2869562956731156e-10,6.3915119013148215e-10
5.4325,1.3330988314722369e-10,2.0523395456796862e-10,2.6243289185651625e-10,3.1208641462491837e-10,3.7655243860577795e-10,5.2853508357161009e-10,6.3875976717278981e-10
5.435,1.3340688453580295e-10,2.0543511299115667e-10,2.6268873268335486e-10,3.1229572705346473e-10,3.7667203163545829e-10,5.2841873533860274e-10,6.3840175580154427e-10
5.4375,1.3352070767313337e-10,2.0567131216312638e-10,2.6298964308165733e-10,3.1255277182098312e-10,3.7683959784367672e-10,5.2834707450175886e-10,6.3807880934593692e-10
5.44,1.3365128746044776e-10,2.0594209021230562e-10,2.6333487881804119e-10,3.1285682180843157e-10,3.7705454994858768e-10,5.2832027170850077e-10,6.3779221619466343e-10
5.4425,1.3379842699427733e-10,2.062467626073389e-10,2.6372338169525751e-10,3.13206864702196e-10,3.7731603551048724e-10,5.2833810244325058e-10,6.3754275173589942e-10
5.445,1.3396179152633655e-10,2.0658438496926718e-10,2.6415369358411431e-10,3.1360148260378151e-10,3.7762284593001435e-10,5.2840012570529565e-10,6.3733111273969435e-10
5.4475,1.3414094997529765e-10,2.0695379925318551e-10,2.646240209934774e-10,3.1403886040305546e-10,3.7797338607649034e-10,5.2850546411405785e-10,6.3715763991682444e-10
5.45,1.3433538057316554e-10,2.0735365874132337e-10,2.6513233304164375e-10,3.145168528465541e-10,3.7836569943110884e-10,5.2865283208445184e-10,6.3702222551049868e-10
5.4525,1.3454446133036605e-10,2.0778242542529205e-10,2.656763948282642e-10,3.1503305765673725e-10,3.7879749103401724e-10,5.2884056767168609e-10,6.3692429832210614e-10
5.455,1.3476746807873307e-10,2.0823837974699318e-10,2.6625378391652982e-10,3.1558486344845724e-10,3.7926620538759334e-10,5.2906677890480826e-10,6.368631764477985e-10
5.4575,1.3500355283232612e-10,2.0871959914561709e-10,2.6686185579179118e-10,3.1616944740622049e-10,3.7976905534312377e-10,5.2932943116240798e-10,6.3683806854596344e-10
5.46,1.3525175096182035e-10,2.0922398924216542e-10,2.6749780045893751e-10,3.1678388067214224e-10,3.8030320236758474e-10,5.2962632518191648e-10,6.3684797037615954e-10
5.4625,1.3551094135446589e-10,2.0974924644703e-10,2.6815861624520757e-10,3.174251016542143e-10,3.8086569717536905e-10,5.2995513066408367e-10,6.3689169721553116e-10
5.465,1.3577982708465217e-10,2.1029285137027363e-10,2.688410589099238e-10,3.1808977390226388e-10,3.8145326584022311e-10,5.3031314572835068e-10,6.3696746636670751e-10
5.4675,1.3605692880900045e-10,2.1085205908840951e-10,2.6954161921482363e-10,3.1877423810871971e-10,3.8206229251430872e-10,5.3069721317366807e-10,6.3707291903971003e-10
5.47,1.3634064628898727e-10,2.1142396700885182e-10,2.7025659699016779e-10,3.1947462219234723e-10,3.8268895059532321e-10,5.3110394333888966e-10,6.3720545133892056e-10
5.4725,1.3662935042130038e-10,2.1200560235523582e-10,2.7098218788075114e-10,3.2018696049185939e-10,3.8332930267664349e-10,5.3152970418152521e-10,6.3736223855536164e-10
5.475,1.3692144885391053e-10,2.1259399049110711e-10,2.7171461504970639e-10,3.2090736234211326e-10,3.8397949465386191e-10,5.3197092037898659e-10,6.3754052267576601e-10
5.4775,1.3721539339105653e-10,2.1318617520671803e-10,2.7245017671240529e-10,3.2163207988854653e-10,3.8463587064171311e-10,5.32424376867321e-10,6.3773793920286531e-10
5.48,1.3750962701134462e-10,2.1377918195373265e-10,2.7318518689878774e-10,3.2235740840487659e-10,3.8529490557852692e-10,5.328870669207517e-10,6.3795228037810351e-10
5.4825,1.378025333983527e-10,2.1436998709473095e-10,2.7391592971011423e-10,3.2307961020923477e-10,3.8595308967487264e-10,5.3335599939372518e-10,6.3818120532368596e-10
5.485,1.3809241765286724e-10,2.1495549585179897e-10,2.7463863293421611e-10,3.2379486304166581e-10,3.8660678297018844e-10,5.3382800377756272e-10,6.3842210597085136e-10
5.4875,1.3837752750308509e-10,2.1553254522436868e-10,2.7534947197009607e-10,3.2449929260742188e-10,3.8725222645347759e-10,5.3429972403183619e-10,6.3867209097204665e-10
5.49,1.3865608662456494e-10,2.1609793304478379e-10,2.7604457328331172e-10,3.2518895973308341e-10,3.8788552829954665e-10,5.3476764519082422e-10,6.3892806605471551e-10
5.4925,1.3892632959448323e-10,2.1664848957091127e-10,2.7672008907984319e-10,3.2585997059445151e-10,3.8850284898099929e-10,5.3522829318863646e-10,6.3918697835156938e-10
5.495,1.3918657108351966e-10,2.1718119076001256e-10,2.7737233616541363e-10,3.2650861427094397e-10,3.8910063058450784e-10,5.3567858016830379e-10,6.3944622630011589e-10
5.4975,1.3943524467762324e-10,2.1769320720783156e-10,2.7799787124410549e-10,3.2713142302897359e-10,3.8967562805116647e-10,5.3611564403149273e-10,6.3970350247621981e-10
5.5,1.3967088653547798e-10,2.1818186240463377e-10,2.7859345686922672e-10,3.2772511722187384e-10,3.9022475857981493e-10,5.3653679123391355e-10,6.3995657287013532e-10
5.5025,1.3989210277935671e-10,2.1864457541761407e-10,2.7915601186656697e-10,3.2828658570706618e-10,3.907450438492871e-10,5.3693938031589421e-10,6.402031268011077e-10
5.505,1.4009754790540556e-10,2.190788454901284e-10,2.7968262528745924e-10,3.2881292950584876e-10,3.9123367501393751e-10,5.3732088710922451e-10,6.4044085178939978e-10
5.5075,1.4028589334706367e-10,2.1948224309573425e-10,2.8017054673836263e-10,3.2930142718739494e-10,3.9168794949177029e-10,5.3767880596687353e-10,6.4066748016298256e-10
5.51,1.4045582761003841e-10,2.1985244554925414e-10,2.8061721734059498e-10,3.2974954290745645e-10,3.9210535031647689e-10,5.3801083814131038e-10,6.408809891305265e-10
5.5125,1.4060609496434642e-10,2.2018731157820351e-10,2.8102031532119287e-10,3.3015500878316808e-10,3.9248367120571638e-10,5.3831496138646797e-10,6.4107959113331091e-10
5.515,1.4073556403331338e-10,2.2048495515451658e-10,2.8137778667999588e-10,3.3051584984817506e-10,3.9282104281524705e-10,5.3858943836657904e-10,6.412617791327007e-10
5.5175,1.4084330377850507e-10,2.2074379636953648e-10,2.8168785403487244e-10,3.3083037289200036e-10,3.9311592118094312e-10,5.3883286110032559e-10,6.4142631805094335e-10
5.52,1.4092864445328592e-10,2.2096258357413335e-10,2.8194903366239108e-10,3.3109714392553692e-10,3.9336700587746513e-10,5.3904405934136997e-10,6.4157221048633651e-10
5.5225,1.4099118850369823e-10,2.2114038970452163e-10,2.8216018064020503e-10,3.3131502857414715e-10,3.9357325876198645e-10,5.3922216445169274e-10,6.4169873205098202e-10
5.525,1.4103077447157119e-10,2.2127657929404989e-10,2.8232053221490833e-10,3.3148325338411829e-10,3.9373399598578769e-10,5.3936659296158285e-10,6.4180540841499467e-10
5.5275,1.4104739273384423e-10,2.2137074976235842e-10,2.824296592424786e-10,3.316013620583573e-10,3.9384876146881344e-10,5.3947694118842496e-10,6.4189185256664705e-10
5.53,1.4104111625124164e-10,2.2142269264055618e-10,2.8248739051188457e-10,3.3166913113454806e-10,3.939173161079208e-10,5.3955301999694954e-10,6.419578104698515e-10
5.5325,1.4101208519302794e-10,2.2143238964306045e-10,2.8249377015892855e-10,3.3168659390257829e-10,3.9393968939740756e-10,5.3959489964234489e-10,6.4200342490434133e-10
5.535,1.4096054661027684e-10,2.2140004210268728e-10,2.8244903600108503e-10,3.3165398297008239e-10,3.9391613799127914e-10,5.3960281695154655e-10,6.4202903180666061e-10
5.5375,1.408869148055811e-10,2.2132610882452459e-10,2.8235366666289758e-10,3.315717661559457e-10,3.9384713061560976e-10,5.3957713605793719e-10,6.4203519130448809e-10
5.54,1.4079181527834489e-10,2.2121132915224025e-10,2.8220845454200462e-10,3.3144068812010086e-10,3.9373334549846147e-10,5.3951832130095842e-10,6.4202237443927676e-10
5.5425,1.406760728379426e-10,2.2105671398214294e-10,2.8201455702827728e-10,3.3126181647670198e-10,3.9357574156781926e-10,5.3942701801733351e-10,6.4199113571312064e-10
5.545,1.405406393539685e-10,2.20863477225835e-10,2.8177345854601475e-10,3.3103658135222047e-10,3.933756266377095e-10,5.3930437613061521e-10,6.4194258076538492e-10
5.5475,1.4038653889077857e-10,2.2063300530694469e-10,2.8148686505871201e-10,3.3076670223422437e-10,3.9313465927908588e-10,5.3915212583099505e-10,6.4187852865942822e-10
5.55,1.4021484375701436e-10,2.2036684161930169e-10,2.8115658740057096e-10,3.3045401851777191e-10,3.9285466586973196e-10,5.3897212398990091e-10,6.4180090321362612e-10
5.5525,1.4002669369825756e-10,2.2006667656430578e-10,2.8078450218161388e-10,3.3010034198378321e-10,3.9253744590451059e-10,5.3876604454749659e-10,6.4171141927244747e-10
5.555,1.3982334832357825e-10,2.1973435757730649e-10,2.8037258862791172e-10,3.2970746720634626e-10,3.9218470547552479e-10,5.3853535478892829e-10,6.4161147475119656e-10
5.5575,1.3960621542864017e-10,2.1937191153224271e-10,2.7992300300261705e-10,3.2927733104143199e-10,3.9179820544991687e-10,5.3828141125206297e-10,6.4150221523284571e-10
5.56,1.393768357493788e-10,2.1898153395941472e-10,2.7943811194599401e-10,3.2881206856946459e-10,3.9137985309773132e-10,5.3800573852001603e-10,6.4138487267779343e-10
5.5625,1.3913683596036451e-10,2.1856557275482793e-10,2.789205181106944e-10,3.283140855892547e-10,3.9093179678883132e-10,5.3771010824264287e-10,6.4126104410327254e-10
5.565,1.3888779950633116e-10,2.1812642565236436e-10,2.7837298162357039e-10,3.2778598155572929e-10,3.9045639865553429e-10,5.3739655559563423e-10,6.411325034073927e-10
5.5675,1.3863117769167699e-10,2.1766643318993058e-10,2.7779828477222592e-10,3.2723041074195338e-10,3.8995605407885205e-10,5.3706711348217792e-10,6.4100108370908067e-10
5.57,1.3836828378127889e-10,2.1718782685511313e-10,2.7719915221665847e-10,3.2665001627414974e-10,3.8943313147244834e-10,5.3672368923974831e-10,6.4086845352831905e-10
5.5725,1.381003439818875e-10,2.1669275973436107e-10,2.7657821883717868e-10,3.2604738627701126e-10,3.8888996979195168e-10,5.3636807290759141e-10,6.407361236088338e-10
5.575,1.3782855525347709e-10,2.1618337604083277e-10,2.7593806217344179e-10,3.2542498715285436e-10,3.8832881682695467e-10,5.3600192611197518e-10,6.4060544058690644e-10
5.5775,1.3755412063787196e-10,2.1566188085668271e-10,2.7528127454783066e-10,3.247852175994794e-10,3.8775180772199105e-10,5.3562682771080773e-10,6.4047768409194136e-10
5.58,1.3727826821981528e-10,2.1513055761164887e-10,2.7461052555852042e-10,3.2413051779944117e-10,3.871610770172308e-10,5.3524434055402996e-10,6.4035403752855615e-10
5.5825,1.3700223900674137e-10,2.1459169333268345e-10,2.7392848647270748e-10,3.2346332725943538e-10,3.8655872708183355e-10,5.3485592446641546e-10,6.402355228980963e-10
5.585,1.367272697742928e-10,2.1404749933347733e-10,2.7323775204901761e-10,3.227860754190341e-10,3.8594689673187882e-10,5.344629458750411e-10,6.4012295456370792e-10
5.5875,1.3645456051941977e-10,2.1350007193048377e-10,2.7254080738908144e-10,3.2210114406162547e-10,3.8532773523500656e-10,5.3406677875246132e-10,6.4001706103277849e-10
5.59,1.3618518924182429e-10,2.1295136064813293e-10,2.7184002131723658e-10,3.2141079543555744e-10,3.8470323627491348e-10,5.3366873409066332e-10,6.3991841555439554e-10
5.5925,1.3592003014166172e-10,2.1240314525620576e-10,2.7113764201232874e-10,3.2071715219916376e-10,3.840752012274591e-10,5.3326989310967983e-10,6.3982742767903313e-10
5.595,1.3565971207548697e-10,2.118569927109211e-10,2.7043572703163146e-10,3.2002212750432891e-10,3.8344520940553323e-10,5.3287105523539274e-10,6.3974425871105001e-10
5.5975,1.3540466925334965e-10,2.1131427828215993e-10,2.6973613932432533e-10,3.1932745486262206e-10,3.8281463592940195e-10,5.3247280149862864e-10,6.3966881130263658e-10
5.6,1.3515524928141338e-10,2.1077625430362201e-10,2.6904060094695132e-10,3.1863478773181963e-10,3.8218477679327731e-10,5.3207562913418102e-10,6.3960088971964096e-10
5.6025,1.3491180352187889e-10,2.1024412057901318e-10,2.6835073722415764e-10,3.1794571741287573e-10,3.8155692696712636e-10,5.3167993577695574e-10,6.3953987043465517e-10
5.605,1.3467471551644259e-10,2.0971905565875452e-10,2.6766810948973784e-10,3.1726176630485064e-10,3.8093237065822908e-10,5.3128610616511579e-10,6.3948499795426849e-10
5.6075,1.3444437436797053e-10,2.0920221466625093e-10,2.6699424709590534e-10,3.165843838386607e-10,3.8031234136825732e-10,5.3089452207827401e-10,6.3943538314154668e-10
5.61,1.342211327589869e-10,2.0869469989937997e-10,2.6633064884689916e-10,3.1591498180369602e-10,3.7969802925209126e-10,5.3050552629236371e-10,6.3939017757088071e-10
5.6125,1.3400527187496224e-10,2.081975243973617e-10,2.6567877710947773e-10,3.1525501205845385e-10,3.7909068495584668e-10,5.3011959618501438e-10,6.3934870638051976e-10
5.615,1.3379697284299442e-10,2.0771157256974955e-10,2.6503996925352395e-10,3.146058639160314e-10,3.7849149625335005e-10,5.2973728267339041e-10,6.3931031840445506e-10
5.6175,1.3359631862507696e-10,2.0723761889946214e-10,2.6441544592281699e-10,3.1396881016568322e-10,3.7790156985011577e-10,5.293591076220375e-10,6.3927428980026182e-10
5.62,1.3340330855811809e-10,2.0677635658743213e-10,2.6380633886577819e-10,3.1334502210015957e-10,3.7732191817047983e-10,5.28985358313385e-10,6.3923957565288686e-10
5.6225,1.332179228776982e-10,2.0632847650018172e-10,2.6321375256770962e-10,3.1273562819492721e-10,3.7675348425420314e-10,5.2861617603140561e-10,6.3920494177153643e-10
5.625,1.3304018780582803e-10,2.058947333599696e-10,2.6263885414548789e-10,3.1214182539033752e-10,3.7619729932886259e-10,5.2825170485418538e-10,6.391691518279181e-10
5.6275,1.328702151698487e-10,2.0547597517958402e-10,2.6208294068137411e-10,3.1156497604941943e-10,3.7565458092757151e-10,5.2789232656016804e-10,6.3913121724027557e-10
5.63,1.3270819548420679e-10,2.0507312407181183e-10,2.6154744739549291e-10,3.1100668224075669e-10,3.7512687705104263e-10,5.275388975080671e-10,6.3909060691772831e-10
5.6325,1.3255436076836596e-10,2.0468712888332207e-10,2.6103386537754687e-10,3.1046865495718603e-10,3.7461594457608651e-10,5.2719275999918999e-10,6.3904731437776012e-10
5.635,1.3240894995370509e-10,2.0431893313030793e-10,2.6054366246574189e-10,3.0995258657425285e-10,3.7412353407343496e-10,5.2685532923143884e-10,6.3900135185898491e-10
5.6375,1.3227220825419656e-10,2.0396947614866506e-10,2.6007825835089401e-10,3.0946013221702012e-10,3.736513136162533e-10,5.2652790325047156e-10,6.3895265255824171e-10
5.64,1.3214442044743152e-10,2.0363972951260527e-10,2.5963906225842703e-10,3.089929010635671e-10,3.7320088086415404e-10,5.2621169011015116e-10,6.3890112368372164e-10
5.6425,1.3202594764345271e-10,2.0333074102303465e-10,2.5922752319556746e-10,3.0855250242092858e-10,3.7277386057213542e-10,5.2590790650504062e-10,6.3884677452545799e-10
5.645,1.3191724855944133e-10,2.0304367575807679e-10,2.5884520058046573e-10,3.0814064345383241e-10,3.7237201249024811e-10,5.2561796505262174e-10,6.3878995645529083e-10
5.6475,1.3181887199929781e-10,2.0277981486237459e-10,2.5849379214814445e-10,3.0775920655700404e-10,3.7199728556418268e-10,5.2534351567465172e-10,6.3873136072840448e-10
5.65,1.3173141916469393e-10,2.0254048898112286e-10,2.5817507863802886e-10,3.0741023020704762e-10,3.7165187576432609e-10,5.2508650185810348e-10,6.3867197570906319e-10
5.6525,1.3165549921534208e-10,2.0232700321963232e-10,2.578908344992895e-10,3.0709578697966597e-10,3.7133804768543463e-10,5.2484915519967216e-10,6.3861317349809737e-10
5.655,1.3159170444354527e-10,2.0214060194971485e-10,2.5764274988056184e-10,3.0681784564955929e-10,3.7105795709580834e-10,5.2463371139916759e-10,6.3855632153041189e-10
5.6575,1.3154060328961223e-10,2.0198247252878564e-10,2.5743242818387986e-10,3.0657823992438148e-10,3.7081352329718194e-10,5.2444219643738788e-10,6.3850269936772108e-10
5.66,1.3150275939701201e-10,2.0185378700790175e-10,2.5726142256352036e-10,3.0637873993879893e-10,3.7060655587561373e-10,5.24276406302598e-10,6.3845345659765447e-10
5.6625,1.3147875032708395e-10,2.0175572562004985e-10,2.5713124478206266e-10,3.0622107819269066e-10,3.7043891168798986e-10,5.2413810894181945e-10,6.3840985469781225e-10
5.665,1.3146918610483961e-10,2.0168947045434521e-10,2.5704335301769623e-10,3.0610692857136919e-10,3.7031245634870316e-10,5.2402920021979311e-10,6.3837342154426191e-10
5.6675,1.3147472220066033e-10,2.0165619796285343e-10,2.5699915324630017e-10,3.060378846022107e-10,3.7022898581381311e-10,5.239516401327934e-10,6.3834582903582784e-10
5.67,1.3149603992625204e-10,2.0165703956677129e-10,2.5699999892212244e-10,3.0601546912844898e-10,3.7019015791332982e-10,5.2390735093241017e-10,6.383288432515587e-10
5.6725,1.3153379653795896e-10,2.0169302653765223e-10,2.5704714556709053e-10,3.0604112802362789e-10,3.701975334027312e-10,5.2389819579555206e-10,6.3832431446535607e-10
5.675,1.3158856140236355e-10,2.0176503736477819e-10,2.5714164588509901e-10,3.0611610260230216e-10,3.7025249762052616e-10,5.23925721291522e-10,6.3833387460106661e-10
5.6775,1.3166078298199686e-10,2.018737610123758e-10,2.5728425215615419e-10,3.0624133612576099e-10,3.7035619133378618e-10,5.2399118266464318e-10,6.3835896825489026e-10
5.68,1.3175081723429083e-10,2.0201971758590072e-10,2.5747541807994298e-10,3.0641735521755203e-10,3.7050930843357735e-10,5.2409551161586252e-10,6.3840080479236832e-10
5.6825,1.3185896847370284e-10,2.0220329341559678e-10,2.5771538320454982e-10,3.0664440463092097e-10,3.7071220357795323e-10,5.2423937270444667e-10,6.3846031703369027e-10
5.685,1.31985507118941e-10,2.0242476583333816e-10,2.5800425265509358e-10,3.0692254878038097e-10,3.7096499884498783e-10,5.2442329067253052e-10,6.3853838903725256e-10
5.6875,1.3213064093116447e-10,2.0268427407830714e-10,2.5834199068797318e-10,3.0725167713708808e-10,3.712675624038555e-10,5.246475147498142e-10,6.3863578502984015e-10
5.69,1.3229446627962502e-10,2.0298176078593014e-10,2.5872832302348949e-10,3.0763144297233074e-10,3.7161950791133907e-10,5.2491195755282591e-10,6.3875305560028761e-10
5.6925,1.3247695786256932e-10,2.0331692153323475e-10,2.5916263314877958e-10,3.0806121308231369e-10,3.720202359635573e-10,5.2521631024655873e-10,6.3889075124105514e-10
5.695,1.3267798489288499e-10,2.0368921463800034e-10,2.5964397156285514e-10,3.0854003225902692e-10,3.7246887626249062e-10,5.2556006737708182e-10,6.3904932848307617e-10
5.6975,1.3289730900273589e-10,2.0409785161934314e-10,2.6017106588641867e-10,3.0906656098812993e-10,3.7296416701311619e-10,5.2594237329608309e-10,6.3922886206607359e-10
5.7,1.3313453729672244e-10,2.0454177604672112e-10,2.6074230052988873e-10,3.0963902577716087e-10,3.7350437541642387e-10,5.2636195991316007e-10,6.3942901793423089e-10
5.7025,1.333890997071499e-10,2.0501966491555943e-10,2.6135569922901849e-10,3.1025518893780724e-10,3.7408722180899212e-10,5.2681691391335708e-10,6.3964887763982844e-10
5.705,1.3366026389342458e-10,2.0552994641696013e-10,2.6200894047320143e-10,3.1091241180069226e-10,3.7470996075726898e-10,5.2730481592519001e-10,6.3988697314373248e-10
5.7075,1.3394718254928316e-10,2.0607086056936449e-10,2.6269944199247106e-10,3.1160780960980452e-10,3.7536959051987872e-10,5.2782301701531951e-10,6.4014173472819838e-10
5.71,1.3424892247017759e-10,2.0664045960348829e-10,2.6342438514068264e-10,3.1233829129585428e-10,3.7606290742988809e-10,5.2836864145139907e-10,6.404115256131822e-10
5.7125,1.3456446115029423e-10,2.0723656817275704e-10,2.6418068999319415e-10,3.131005194283672e-10,3.7678648295408389e-10,5.2893859893095726e-10,6.4069467773022131e-10
5.715,1.3489266599154106e-10,2.0785675811492105e-10,2.6496499158014046e-10,3.1389084916805095e-10,3.7753660691089061e-10,5.2952953252660468e-10,6.4098930308231098e-10
5.7175,1.3523224449711953e-10,2.0849833385415538e-10,2.6577365142615133e-10,3.1470533922621727e-10,3.7830929675393373e-10,5.3013791611462702e-10,6.4129326675942395e-10
5.72,1.3558170364305043e-10,2.0915834332988946e-10,2.6660277818074411e-10,3.1553978371461934e-10,3.7910026054072526e-10,5.3075998184343057e-10,6.4160413488188176e-10
5.7225,1.359393275934056e-10,2.0983358598466658e-10,2.6744819858208787e-10,3.1638967819678395e-10,3.7990491090830589e-10,5.3139163126797439e-10,6.4191907474110313e-10
5.725,1.3630319791138924e-10,2.1052064091916679e-10,2.6830546930294649e-10,3.1725022712252165e-10,3.8071834652101855e-10,5.3202839437472348e-10,6.4223484777413065e-10
5.7275,1.3667126011602507e-10,2.112159288981876e-10,2.6916996742861149e-10,3.1811644737496754e-10,3.8153547402749338e-10,5.3266544556670046e-10,6.4254784284576488e-10
5.73,1.3704140213019988e-10,2.1191577311980598e-10,2.7003696521758123e-10,3.189832860204276e-10,3.8235113630179645e-10,5.3329788484535258e-10,6.4285443446630856e-10
5.7325,1.3741150811108861e-10,2.1261642462323054e-10,2.7090169078546605e-10,3.1984573493447092e-10,3.8316028844137257e-10,5.3392094139608556e-10,6.4315114533643796e-10
5.735,1.3777946503628563e-10,2.1331407658041197e-10,2.7175936738589723e-10,3.2069884624931131e-10,3.8395798406992154e-10,5.3453006684673686e-10,6.4343470276621798e-10
5.7375,1.3814314467371931e-10,2.1400486839147825e-10,2.7260521142939924e-10,3.2153769646949621e-10,3.8473929323135697e-10,5.3512094941596468e-10,6.4370206563443032e-10
5.74,1.385003658061234e-10,2.1468489820241761e-10,2.7343445015625186e-10,3.2235738128027864e-10,3.8549933553146587e-10,5.3568929426309798e-10,6.4395030331933696e-10
5.7425,1.3884889089398259e-10,2.1535025704180465e-10,2.7424234622638705e-10,3.2315302945034186e-10,3.8623330541145024e-10,5.3623072783676519e-10,6.4417628103137833e-10
5.745,1.3918645892712083e-10,2.1599708195343098e-10,2.7502426412587991e-10,3.239198749433977e-10,3.8693651821609967e-10,5.3674095456237127e-10,6.4437684034480423e-10
5.7475,1.3951083002645294e-10,2.1662160157192861e-10,2.7577568249695236e-10,3.2465329702151352e-10,3.8760447259478131e-10,5.3721586883401555e-10,6.4454892457741564e-10
5.75,1.3981983049775501e-10,2.1722016766819316e-10,2.7649222733377779e-10,3.2534886556534655e-10,3.8823289986798027e-10,5.3765175215233619e-10,6.446898994370416e-10
5.7525,1.4011137333812081e-10,2.1778925946775202e-10,2.7716967893991294e-10,3.2600229784964103e-10,3.8881769394648124e-10,5.3804517628434993e-10,6.4479742306895719e-10
5.755,1.4038351225336754e-10,2.1832552442572345e-10,2.778040497998543e-10,3.2660956857943214e-10,3.893549793582325e-10,5.3839292306513008e-10,6.4486933503787567e-10
5.7575,1.4063445619189696e-10,2.1882580282118128e-10,2.7839162307094208e-10,3.2716694151951826e-10,3.8984113624099628e-10,5.3869203362054594e-10,6.4490363725826426e-10
5.76,1.4086255189929541e-10,2.1928715565477037e-10,2.7892898481419488e-10,3.2767102572098229e-10,3.9027293875687617e-10,5.3893987601778263e-10,6.4489855820900923e-10
5.7625,1.4106625448902924e-10,2.1970689010393489e-10,2.7941308667487464e-10,3.2811885760651148e-10,3.9064765225060797e-10,5.3913428741034851e-10,6.4485276449432062e-10
5.765,1.4124409463918473e-10,2.2008252948848917e-10,2.7984121199667503e-10,3.2850782268256125e-10,3.9096295095627003e-10,5.3927361257067033e-10,6.4476544454495276e-10
5.7675,1.413946732518882e-10,2.2041177393975953e-10,2.8021089595056619e-10,3.2883560341280805e-10,3.912168038369136e-10,5.3935647318126372e-10,6.4463606352111719e-10
5.77,1.4151668471100777e-10,2.2069248321504311e-10,2.8051989248578766e-10,3.291001439349253e-10,3.9140741234397817e-10,5.3938170709613833e-10,6.4446421970224884e-10
5.7725,1.4160896098518962e-10,2.2092271912061929e-10,2.8076620893102444e-10,3.2929965481482048e-10,3.9153320069051003e-10,5.3934823408965392e-10,6.4424943718673621e-10
5.775,1.4167052484629485e-10,2.2110081616501452e-10,2.8094813845556398e-10,3.2943265400553685e-10,3.9159287930375132e-10,5.3925531747263855e-10,6.4399158981798203e-10
5.7775,1.4170064413425319e-10,2.2122547011273017e-10,2.8106432261496552e-10,3.294979809205374e-10,3.9158552535447616e-10,5.3910255540865435e-10,6.4369078174825371e-10
5.78,1.4169888254712e-10,2.2129581219275228e-10,2.8111385100357606e-10,3.2949488486199666e-10,3.9151067669682773e-10,5.3888995986461371e-10,6.433473599063254e-10
5.7825,1.416651189932092e-10,2.2131141578893535e-10,2.8109630699469127e-10,3.2942306752513931e-10,3.9136831130914503e-10,5.3861801957659718e-10,6.4296208045761139e-10
5.785,1.4159951906248294e-10,2.2127224596901156e-10,2.8101176751552945e-10,3.2928272200962728e-10,3.9115882257229915e-10,5.3828758599641288e-10,6.4253610106199313e-10
5.7875,1.4150246565963556e-10,2.2117858426677908e-10,2.8086068696950732e-10,3.2907439343042625e-10,3.9088290564758447e-10,5.3789984625940999e-10,6.420709569207153e-10
5.79,1.4137450367832307e-10,2.2103099125950793e-10,2.80643853825123e-10,3.2879901183453825e-10,3.9054166648592078e-10,5.3745628999719652e-10,6.4156844418737207e-10
5.7925,1.4121631978394836e-10,2.2083029870796776e-10,2.803623467060578e-10,3.2845779761553343e-10,3.9013648772478512e-10,5.3695862523639741e-10,6.4103049408236785e-10
5.795,1.4102876193504443e-10,2.2057763327552026e-10,2.8001757638688315e-10,3.2805230603453721e-10,3.8966912883294526e-10,5.3640890663846239e-10,6.4045929984635354e-10
5.7975,1.408128528532573e-10,2.2027441293371276e-10,2.7961131507167297e-10,3.2758444403733715e-10,3.891416436019e-10,5.3580944086719229e-10,6.3985720528531068e-10
5.8,1.4056979181646211e-10,2.1992231416208421e-10,2.7914566000703772e-10,3.2705648309802636e-10,3.8855643729433436e-10,5.3516270870059026e-10,6.3922667918938913e-10
5.8025,1.4030091668941705e-10,2.1952321450935822e-10,2.7862297162882891e-10,3.2647098733258352e-10,3.8791624504310672e-10,5.3447159965657799e-10,6.3857058357906441e-10
5.805,1.4000769598487136e-10,2.19079197674464e-10,2.780458434047846e-10,3.2583076081652629e-10,3.872240132341345e-10,5.3373933858529225e-10,6.3789201537211778e-10
5.8075,1.396917201117446e-10,2.1859256379472283e-10,2.7741707455364715e-10,3.2513878003310586e-10,3.864828478910939e-10,5.3296926427393964e-10,6.371942923614765e-10
5.81,1.3935471341549584e-10,2.1806585853742387e-10,2.7673967674413702e-10,3.2439819993643679e-10,3.8569603989592001e-10,5.3216487685887507e-10,6.3648082427196682e-10
5.8125,1.3899854925036787e-10,2.1750187471337887e-10,2.760168818893056e-10,3.2361233948069959e-10,3.8486703801450636e-10,5.3132973288183842e-10,6.3575495191230512e-10
5.815,1.3862525807882866e-10,2.1690362727526927e-10,2.7525214401309293e-10,3.2278469888014567e-10,3.8399943138221876e-10,5.3046745596538147e-10,6.3501999502076019e-10
5.8175,1.3823702496592627e-10,2.1627433516738733e-10,2.744491394062567e-10,3.2191894590455717e-10,3.8309691462263965e-10,5.295817060494247e-10,6.342791910820234e-10
5.82,1.3783609544243269e-10,2.1561732076801826e-10,2.7361169978951828e-10,3.2101889791998006e-10,3.8216327221143639e-10,5.2867623678099509e-10,6.3353582561852842e-10
5.8225,1.3742471065196067e-10,2.1493596262443504e-10,2.727438020019403e-10,3.2008855609451195e-10,3.812024731852513e-10,5.2775507124482535e-10,6.3279345208942215e-10
5.825,1.370050635287635e-10,2.1423364890393494e-10,2.7184953232397512e-10,3.1913211171860101e-10,3.8021869813148477e-10,5.2682233067745356e-10,6.3205571564677689e-10
5.8275,1.3657924904543407e-10,2.1351370032172276e-10,2.7093296922455531e-10,3.1815380659803103e-10,3.7921615274093241e-10,5.2588202223114801e-10,6.3132613282895848e-10
5.83,1.3614923800364642e-10,2.1277931358066171e-10,2.6999806227353367e-10,3.1715775498380887e-10,3.7819894923287205e-10,5.2493795898804932e-10,6.3060798933756099e-10
5.8325,1.3571688707266703e-10,2.1203358842544403e-10,2.6904859484716407e-10,3.1614783465574316e-10,3.771709470661803e-10,5.239936624644241e-10,6.2990419236902865e-10
5.835,1.3528400620512499e-10,2.1127963792911851e-10,2.68088286943961e-10,3.1512777610648889e-10,3.7613583084677584e-10,5.2305244862573797e-10,6.2921727444054299e-10
5.8375,1.3485241497793357e-10,2.1052064467020577e-10,2.6712090542882832e-10,3.1410131045831826e-10,3.7509726872625406e-10,5.2211769889951544e-10,6.2854979911147692e-10
5.84,1.3442398659879336e-10,2.0975984354798172e-10,2.6615028368080536e-10,3.130722748701638e-10,3.7405897784127331e-10,5.2119294350005305e-10,6.2790457024757512e-10
5.8425,1.3400063435777828e-10,2.0900042390596599e-10,2.6518022175669314e-10,3.1204453490805725e-10,3.7302471301662824e-10,5.2028160388368854e-10,6.2728430140322098e-10
5.845,1.3358425051166237e-10,2.0824545055813526e-10,2.6421440152386606e-10,3.1102186757500855e-10,3.7199816998756828e-10,5.1938688772498914e-10,6.2669142377322526e-10
5.8475,1.3317661980192425e-10,2.0749783456473604e-10,2.6325636961658673e-10,3.1000789832343926e-10,3.709829021127586e-10,5.1851167024252139e-10,6.2612791787678952e-10
5.85,1.3277930280824976e-10,2.0676026657120058e-10,2.6230948268353682e-10,3.0900603555775529e-10,3.6998220479126118e-10,5.1765863161142543e-10,6.2559545926481576e-10
5.8525,1.3239359606330685e-10,2.0603519677572909e-10,2.6137687486408334e-10,3.080194497940673e-10,3.6899909492225223e-10,5.1683021879602033e-10,6.250954787547449e-10
5.855,1.3202055477887779e-10,2.053248269853528e-10,2.6046142574406451e-10,3.0705107290690375e-10,3.6803633514476789e-10,5.1602867668465167e-10,6.2462923030519721e-10
5.8575,1.3166108009461518e-10,2.0463116966925849e-10,2.5956579429826748e-10,3.0610366081710134e-10,3.6709652320521694e-10,5.1525614414483807e-10,6.2419788377406308e-10
5.86,1.3131600717111264e-10,2.0395610912571238e-10,2.5869244288130543e-10,3.0517979866851923e-10,3.6618208581265315e-10,5.1451448841760634e-10,6.2380231144284919e-10
5.8625,1.3098614404204412e-10,2.0330142646958895e-10,2.5784365552412734e-10,3.0428186749939394e-10,3.6529528100013295e-10,5.1380527021216596e-10,6.2344305524457263e-10
5.865,1.306722719616253e-10,2.0266881595104194e-10,2.5702160438042572e-10,3.0341209919052678e-10,3.6443826434248159e-10,5.1312986237315033e-10,6.2312037564358377e-10
5.8675,1.3037511776638471e-10,2.0205988184208705e-10,2.5622840125294599e-10,3.0257265193716056e-10,3.6361314123401107e-10,5.124896379773758e-10,6.2283443966129315e-10
5.87,1.3009529763755503e-10,2.0147606935965783e-10,2.5546604485737887e-10,3.0176563185660467e-10,3.6282193472429618e-10,5.1188601472477458e-10,6.2258535140059647e-10
5.8725,1.298332633745485e-10,2.0091859738983611e-10,2.5473629067082761e-10,3.0099293023393064e-10,3.6206640614378889e-10,5.1132011003488182e-10,6.2237279877663085e-10
5.875,1.2958930423282676e-10,2.0038846956198318e-10,2.5404060987424271e-10,3.0025613549519571e-10,3.6134801480149247e-10,5.1079272485722769e-10,6.2219615031039352e-10
5.8775,1.2936359386300323e-10,1.998865480799388e-10,2.5338027386901228e-10,2.9955660959756029e-10,3.6066802332951299e-10,5.1030449606092805e-10,6.2205468944062153e-10
5.88,1.291562713723074e-10,1.9941366923226239e-10,2.5275650422013909e-10,2.9889564682854645e-10,3.6002766316865303e-10,5.0985602785338879e-10,6.2194772219158844e-10
5.8825,1.2896749063920264e-10,1.9897068938551747e-10,2.5217057073779555e-10,2.9827460456230424e-10,3.5942825915624111e-10,5.094480853730907e-10,6.2187475646172578e-10
5.885,1.2879742012196661e-10,1.9855845290812158e-10,2.5162376673085912e-10,2.9769489578955462e-10,3.5887116051314146e-10,5.0908146483214869e-10,6.2183531355134237e-10
5.8875,1.2864620004111594e-10,1.9817773369695533e-10,2.511173367252147e-10,2.9715791559595422e-10,3.5835770613398066e-10,5.0875699502965511e-10,6.218289417390748e-10
5.89,1.2851390903526507e-10,1.9782920746829553e-10,2.5065241043676387e-10,2.9666497399739699e-10,3.5788915513072644e-10,5.084754786214755e-10,6.2185523249637123e-10
5.8925,1.2840057454763492e-10,1.9751348136839051e-10,2.5023000233522276e-10,2.9621722875028028e-10,3.5746664752100549e-10,5.0823764891368228e-10,6.2191371105877284e-10
5.895,1.2830622082498195e-10,1.9723115454548612e-10,2.4985105839375472e-10,2.9581574604643976e-10,3.5709124724850559e-10,5.0804420072805856e-10,6.2200398361905815e-10
5.8975,1.2823092609988269e-10,1.9698288829864848e-10,2.4951654555641622e-10,2.9546162140278589e-10,3.5676410807685701e-10,5.0789589648940082e-10,6.2212574562286242e-10
5.9,1.2817485434080338e-10,1.9676943243580953e-10,2.4922749972097167e-10,2.9515600370442302e-10,3.5648639622150996e-10,5.0779347334677887e-10,6.2227862486484326e-10
5.9025,1.2813823680212094e-10,1.9659158893337923e-10,2.4898502625264608e-10,2.9490010743588657e-10,3.5625928660072186e-10,5.0773776878300757e-10,6.2246239915028035e-10
5.905,1.281213186049926e-10,1.9645015312539382e-10,2.4879026045077931e-10,2.9469520629967648e-10,3.5608402547406126e-10,5.0772967162601813e-10,6.2267700913921588e-10
5.9075,1.2812430603157194e-10,1.9634585727035691e-10,2.486442945369816e-10,2.9454254518324766e-10,3.5596185681522208e-10,5.0777016924765724e-10,6.2292264621232857e-10
5.91,1.2814734075680337e-10,1.9627935379859723e-10,2.4854812717217123e-10,2.9444328903239673e-10,3.5589398702671417e-10,5.078603253466065e-10,6.2319979004443622e-10
5.9125,1.2819051635777887e-10,1.9625123679233037e-10,2.485026577694539e-10,2.9439850542852489e-10,3.5588156490470156e-10,5.0800114859793182e-10,6.2350900044991164e-10
5.915,1.2825391131081108e-10,1.9626206558275412e-10,2.4850870550485999e-10,2.9440917020267899e-10,3.559256615536835e-10,5.0819364421358231e-10,6.2385088012401781e-10
5.9175,1.2833761128799737e-10,1.9631237564478183e-10,2.4856702337323102e-10,2.9447614886874915e-10,3.5602721717742068e-10,5.0843865372276847e-10,6.2422588083609191e-10
5.92,1.2844171228392538e-10,1.9640267443757042e-10,2.4867830242896819e-10,2.9460017444903712e-10,3.5618695723794973e-10,5.0873694010774365e-10,6.2463445920707879e-10
5.9225,1.2856631390749017e-10,1.9653341461876559e-10,2.4884312506456223e-10,2.9478184904896606e-10,3.5640546931583167e-10,5.0908916730106845e-10,6.2507709906337531e-10
5.925,1.2871151543888406e-10,1.9670500151119893e-10,2.4906196907205706e-10,2.9502166942146153e-10,3.5668326466790805e-10,5.0949587574563733e-10,6.2555427649263045e-10
5.9275,1.2887741283590755e-10,1.9691778998449115e-10,2.4933524133597329e-10,2.9532005568520132e-10,3.5702071178507534e-10,5.0995736033208695e-10,6.2606639516290149e-10
5.93,1.2906406076678217e-10,1.9717203533454683e-10,2.4966324554866706e-10,2.9567736246455866e-10,3.5741811212226395e-10,5.1047379280133713e-10,6.2661380698637732e-10
5.9325,1.2927142197028477e-10,1.9746783498894167e-10,2.500460886363793e-10,2.9609373559682973e-10,3.5787558528980421e-10,5.1104518122795856e-10,6.2719681204053724e-10
5.935,1.2949934841536451e-10,1.9780509500837384e-10,2.5048358923382873e-10,2.9656897650130864e-10,3.5839294880260452e-10,5.1167129041022731e-10,6.2781552624842051e-10
5.9375,1.2974760025309814e-10,1.9818353886900374e-10,2.5097525227401109e-10,2.9710250045699874e-10,3.5896960413319113e-10,5.1235158840646451e-10,6.2846982651861318e-10
5.94,1.3001590574027409e-10,1.9860277980580869e-10,2.5152037999962251e-10,2.9769342914583454e-10,3.5960459585298216e-10,5.1308522397899635e-10,6.2915939290943813e-10
5.9425,1.3030399105185643e-10,1.9906237294063426e-10,2.5211817807607148e-10,2.9834075102442153e-10,3.6029678564902373e-10,5.1387116405741593e-10,6.2988387681217384e-10
5.945,1.306115432584912e-10,1.9956175823903403e-10,2.5276771195238797e-10,2.9904331063692028e-10,3.610448392696986e-10,5.1470817618298947e-10,6.3064282240761583e-10
5.9475,1.309381463172913e-10,2.0010016522262392e-10,2.5346780526340656e-10,2.9979966798780496e-10,3.6184708623250727e-10,5.1559460614861474e-10,6.3143549142398606e-10
5.95,1.3128323491657958e-10,2.0067654053855837e-10,2.5421693546778984e-10,3.0060803815258848e-10,3.6270151675820054e-10,5.1652851043005736e-10,6.3226090460469229e-10
5.9525,1.3164609344467665e-10,2.012895573978646e-10,2.55013228327847e-10,3.014663151095375e-10,3.6360582686474289e-10,5.1750758008049954e-10,6.3311764960422102e-10
5.955,1.3202585668914652e-10,2.0193764226069688e-10,2.5585449459566653e-10,3.0237204727403869e-10,3.6455734883825788e-10,5.1852906579161737e-10,6.3400389386662014e-10
5.9575,1.3242151643797219e-10,2.0261898259277509e-10,2.5673821948611401e-10,3.033223998983947e-10,3.6555302067529273e-10,5.1958976725514969e-10,6.3491735059762238e-10
5.96,1.3283193407008788e-10,2.0333152828082946e-10,2.5766153755603243e-10,3.0431410179234112e-10,3.6658931467846758e-10,5.2068602841923023e-10,6.3585542785790561e-10
5.9625,1.3325588912164912e-10,2.0407303369583706e-10,2.5862127250220466e-10,3.0534348915374242e-10,3.6766227806578018e-10,5.21813811427938e-10,6.3681511551832247e-10
5.965,1.3369212143911817e-10,2.0484112126605591e-10,2.5961404706770526e-10,3.0640667035816459e-10,3.6876769982811993e-10,5.2296883399619026e-10,6.3779328421782916e-10
5.9675,1.3413935183756735e-10,2.0563331817418204e-10,2.6063635049853391e-10,3.0749965372258269e-10,3.6990126066481846e-10,5.2414671936661639e-10,6.3878671531588101e-10
5.97,1.3459623943467652e-10,2.0644697624994455e-10,2.6168446482418478e-10,3.0861828013335806e-10,3.7105849620795834e-10,5.2534293822874309e-10,6.3979210460789394e-10
5.9725,1.3506132946964178e-10,2.0727919385738739e-10,2.6275437380318566e-10,3.0975809193241374e-10,3.722346547901383e-10,5.2655266405661187e-10,6.4080573881249934e-10
5.975,1.3553300417910699e-10,2.0812678199629749e-10,2.6384175549315443e-10,3.1091428547012322e-10,3.7342462656564369e-10,5.2777080571767275e-10,6.4182369108899595e-10
5.9775,1.3600943796139186e-10,2.0898627426347197e-10,2.6494202453940024e-10,3.1208177345774136e-10,3.7462298662196041e-10,5.2899195897884853e-10,6.4284169891896174e-10
5.98,1.3648859341101624e-10,2.0985397065284998e-10,2.6605034614086835e-10,3.1325520611805408e-10,3.7582404137645791e-10,5.3021043311204788e-10,6.4385520578935274e-10
5.9825,1.3696827020489216e-10,2.1072600098312737e-10,2.6716166680776353e-10,3.1442901846286841e-10,3.7702189595877194e-10,5.3142027973945777e-10,6.4485934608843037e-10
5.985,1.3744618959080834e-10,2.1159840178672277e-10,2.682708089506475e-10,3.1559752118859334e-10,3.7821052857086244e-10,5.3261532329964353e-10,6.4584898611648509e-10
5.9875,1.3792009832421682e-10,2.1246720598516451e-10,2.6937257701374051e-10,3.1675501989136135e-10,3.79383909814656e-10,5.3378939081329581e-10,6.4681893428338754e-10
5.99,1.3838779570039675e-10,2.1332844357446079e-10,2.7046181789209818e-10,3.1789593186739815e-10,3.8053617161192661e-10,5.3493643690560623e-10,6.4776407926830997e-10
5.9925,1.388471269999042e-10,2.1417814942506058e-10,2.7153345213637416e-10,3.1901483039859164e-10,3.8166166336883527e-10,5.3605068494207944e-10,6.4867955294161694e-10
5.995,1.3929593124674127e-10,2.150123143336274e-10,2.7258239499659555e-10,3.2010635592390474e-10,3.8275488930585372e-10,5.371265946285891e-10,6.4956061738447553e-10
5.9975,1.3973201179541501e-10,2.1582687982525693e-10,2.7360353232888439e-10,3.2116515212527312e-10,3.8381042806740985e-10,5.3815883757157736e-10,6.5040277445189121e-10
6.0,1.4015313370644026e-10,2.1661777971923997e-10,2.7459178560110509e-10,3.221859078281466e-10,3.8482292635996322e-10,5.3914224824814236e-10,6.512016425150153e-10
6.0025,1.4055704405626819e-10,2.1738097810785283e-10,2.7554217750726745e-10,3.2316342377163395e-10,3.8578713214519728e-10,5.4007172989806863e-10,6.5195291907054697e-10
6.005,1.4094149623626948e-10,2.1811252258997502e-10,2.7644987736023381e-10,3.2409265020937501e-10,3.8669791426972467e-10,5.4094230678262502e-10,6.5265239545256192e-10
6.0075,1.4130429296655025e-10,2.1880860323036597e-10,2.7731024856377041e-10,3.2496876533128888e-10,3.8755038790057451e-10,5.4174926560647688e-10,6.532961074963088e-10
6.01,1.4164331814155814e-10,2.1946558380898777e-10,2.7811887482136685e-10,3.2578720570120109e-10,3.8833997843195418e-10,5.4248830612989972e-10,6.5388034047838407e-10
6.0125,1.4195663364721295e-10,2.2008008500058569e-10,2.7887166310883528e-10,3.265437671593855e-10,3.8906254699614146e-10,5.4315555598250958e-10,6.5440178266855352e-10
6.015,1.4224252991703055e-10,2.2064901501121992e-10,2.7956487060066733e-10,3.2723463694176687e-10,3.8971438814393384e-10,5.4374758026938345e-10,6.5485749085200837e-10
6.0175,1.4249950271653953e-10,2.2116957223804586e-10,2.8019512666297075e-10,3.2785639569991062e-10,3.9029219602665238e-10,5.4426136212817648e-10,6.5524489478401228e-10
6.02,1.4272622121561586e-10,2.2163923498859209e-10,2.8075946508037121e-10,3.2840608882973797e-10,3.9079318732822254e-10,5.4469447780502311e-10,6.5556195417773871e-10
6.0225,1.4292146634923179e-10,2.2205573384600866e-10,2.8125532405599101e-10,3.2888125171029589e-10,3.9121510303542798e-10,5.4504514450924178e-10,6.5580710186084943e-10
6.025,1.4308409659780097e-10,2.2241700673370448e-10,2.8168049098639485e-10,3.2927985205038137e-10,3.9155616955088512e-10,5.4531212674867998e-10,6.5597945807598298e-10
6.0275,1.4321304886848512e-10,2.2272118212982489e-10,2.8203305679828514e-10,3.2960023527809537e-10,3.9181499862876508e-10,5.4549465456142171e-10,6.5607871298107509e-10
6.03,1.4330737575518885e-10,2.2296661478683134e-10,2.8231139167645462e-10,3.2984104641225955e-10,3.9199047731133573e-10,5.4559215111309067e-10,6.5610466801037064e-10
6.0325,1.433663064452869e-10,2.2315194916196223e-10,2.825141550452339e-10,3.3000122305325729e-10,3.9208182133391145e-10,5.4560426464112793e-10,6.5605722412753502e-10
6.035,1.4338932649429322e-10,2.2327619674481426e-10,2.8264036179549873e-10,3.3008003826399841e-10,3.920886092004876e-10,5.4553099809878015e-10,6.5593652471529223e-10
6.0375,1.4337624407480564e-10,2.2333882261839778e-10,2.8268952318803309e-10,3.300772197311303e-10,3.9201090392995908e-10,5.4537291619626995e-10,6.5574318176078851e-10
6.04,1.4332721625250498e-10,2.2333979100886238e-10,2.8266173239894608e-10,3.299930688029116e-10,3.9184936392538052e-10,5.4513117351721777e-10,6.5547834746295495e-10
6.0425,1.4324270211534616e-10,2.2327950433741685e-10,2.8255762632684596e-10,3.29828419225682e-10,3.9160514085064051e-10,5.4480752844116186e-10,6.5514373840052747e-10
6.045,1.4312338134876874e-10,2.2315872180225106e-10,2.8237828915471374e-10,3.2958458978398906e-10,3.9127984802585749e-10,5.4440418048043292e-10,6.54741536166351e-10
6.0475,1.4297008304716842e-10,2.2297848971025438e-10,2.8212516254010972e-10,3.2926328576371917e-10,3.9087543739893656e-10,5.4392346243457021e-10,6.5427401394904682e-10
6.05,1.4278375891657186e-10,2.2274010293986807e-10,2.8179999627359192e-10,3.2886652521430109e-10,3.9039417888983324e-10,5.4336799348347262e-10,6.5374375583064447e-10
6.0525,1.4256551301298202e-10,2.2244512278386774e-10,2.8140481609340226e-10,3.2839661303871753e-10,3.8983868213415295e-10,5.4274062604613565e-10,6.5315358223721294e-10
6.055,1.4231664672679446e-10,2.2209541087760233e-10,2.8094196886247813e-10,3.2785616398305534e-10,3.8921187605067067e-10,5.4204477838210081e-10,6.5250687227456715e-10
6.0575,1.4203868598705332e-10,2.2169314939044891e-10,2.8041416704142159e-10,3.2724817991865753e-10,3.8851705711788386e-10,5.4128432065313026e-10,6.5180746930436256e-10
6.06,1.4173335948079161e-10,2.2124079360560213e-10,2.7982447189802561e-10,3.2657604123700416e-10,3.8775791098049834e-10,5.4046343542888179e-10,6.510593355006776e-10
6.0625,1.4140253009971225e-10,2.2074099922702858e-10,2.7917620263865274e-10,3.2584341518698764e-10,3.8693841120132858e-10,5.3958658196167026e-10,6.5026666927053643e-10
6.065,1.4104811303055345e-10,2.2019654848886811e-10,2.7847280855228129e-10,3.2505405808931915e-10,3.8606262298577614e-10,5.3865817655177761e-10,6.4943364678050803e-10
6.0675,1.4067203529703036e-10,2.1961031139940763e-10,2.7771779262762992e-10,3.2421172154658639e-10,3.8513453955308011e-10,5.3768251874571306e-10,6.4856433357200363e-10
6.07,1.4027626163424711e-10,2.1898527844710912e-10,2.7691473507492631e-10,3.2332015463737497e-10,3.8415809140531939e-10,5.3666385314832011e-10,6.4766266820553766e-10
6.0725,1.3986287226013334e-10,2.1832462388053347e-10,2.7606737655100268e-10,3.2238322590253565e-10,3.8313735615477659e-10,5.3560657942976106e-10,6.4673278162424924e-10
6.075,1.3943413191999257e-10,2.1763178206278478e-10,2.7517972247616301e-10,3.214050800208575e-10,3.8207663568153018e-10,5.3451533240853747e-10,6.4577908898615553e-10
6.0775,1.3899240646309733e-10,2.1691033561243516e-10,2.7425597767994555e-10,3.2039005492563409e-10,3.8098037429611177e-10,5.3339480413444406e-10,6.4480615153066059e-10
6.08,1.3854007084834333e-10,2.1616391365502172e-10,2.7330048557912043e-10,3.1934263505111501e-10,3.7985314416456721e-10,5.3224966258741934e-10,6.4381837380248427e-10
6.0825,1.3807942876807795e-10,2.1539610759858414e-10,2.7231763548176416e-10,3.1826737850122896e-10,3.7869958762454669e-10,5.3108454958945443e-10,6.4282008331457931e-10
6.085,1.3761266261355135e-10,2.1461040891604729e-10,2.7131175468033737e-10,3.1716880380180748e-10,3.7752427582696273e-10,5.2990407908459042e-10,6.4181551393853138e-10
6.0875,1.3714181591245003e-10,2.1381016927717995e-10,2.7028701187051156e-10,3.1605127926380675e-10,3.7633165956875268e-10,5.287127207797768e-10,6.4080869840854047e-10
6.09,1.3666881902427607e-10,2.129986340745453e-10,2.6924738948223026e-10,3.1491896988683212e-10,3.7512601802218942e-10,5.2751477955593012e-10,6.39803428091624e-10
6.0925,1.3619552095925375e-10,2.1217899707588482e-10,2.6819673718561006e-10,3.137758396304719e-10,3.7391140783380136e-10,5.2631432052945911e-10,6.3880332416427558e-10
6.095,1.3572373996597965e-10,2.1135443765269097e-10,2.6713884783280051e-10,3.1262570571561507e-10,3.7269164691170277e-10,5.2511504819287135e-10,6.3781169292746888e-10
6.0975,1.3525529722979044e-10,2.1052810055434815e-10,2.6607747032873442e-10,3.114723267863996e-10,3.7147040669762391e-10,5.2392047054806641e-10,6.3683163971789918e-10
6.1,1.3479202400037098e-10,2.0970306151450829e-10,2.6501628998470315e-10,3.1031946869092122e-10,3.7025139160578352e-10,5.2273401471777808e-10,6.3586618444237052e-10
6.1025,1.34335728194213e-10,2.0888229502744548e-10,2.6395890066103285e-10,3.0917086182183183e-10,3.6903832987535614e-10,5.2155917648173975e-10,6.3491837274986175e-10
6.105,1.338881052038362e-10,2.08068624017381e-10,2.6290877251452812e-10,3.0803010155400602e-10,3.6783481270814019e-10,5.203992824028636e-10,6.3399102226386315e-10
6.1075,1.3345061355667808e-10,2.0726462337664573e-10,2.6186915902095598e-10,3.0690051821568838e-10,3.6664411542752459e-10,5.1925725466740329e-10,6.3308645216501232e-10
6.11,1.3302442545534601e-10,2.0647258035443115e-10,2.6084302780415751e-10,3.0578511318235621e-10,3.6546911827323673e-10,5.1813556993102342e-10,6.3220647859773227e-10
6.1125,1.326104495073394e-10,2.0569450224108387e-10,2.5983304168633405e-10,3.0468659268993636e-10,3.6431239096836396e-10,5.1703644000590397e-10,6.3135266835496296e-10
6.115,1.3220944328354166e-10,2.0493221530817221e-10,2.5884164048952473e-10,3.0360748941192947e-10,3.6317637575127486e-10,5.1596199319258507e-10,6.3052656381622947e-10
6.1175,1.318221068767185e-10,2.0418742804660174e-10,2.5787107537337453e-10,3.0255017720126783e-10,3.6206340329160854e-10,5.1491419137064974e-10,6.2972953545694445e-10
6.12,1.3144912519467554e-10,2.0346175844302559e-10,2.5692342715162461e-10,3.015168394927351e-10,3.6097563881777459e-10,5.1389476279969419e-10,6.2896272708204328e-10
6.1225,1.3109116892676459e-10,2.0275674593036184e-10,2.5600064998344367e-10,3.0050948481646114e-10,3.5991505459486744e-10,5.1290512937301411e-10,6.2822685349266182e-10
6.125,1.3074885148921488e-10,2.0207382135728514e-10,2.5510460739416444e-10,2.9953000238803176e-10,3.5888346124223096e-10,5.119465740061299e-10,6.2752229937418372e-10
6.1275,1.3042268342855104e-10,2.0141424999958061e-10,2.5423705584016978e-10,2.985802209094472e-10,3.5788258249336625e-10,5.1102039030973658e-10,6.268495988110616e-10
6.13,1.3011303873399219e-10,2.0077910670235623e-10,2.5339957501512644e-10,2.9766185249294132e-10,3.5691402997999632e-10,5.1012778611000786e-10,6.2620918045010063e-10
6.1325,1.2982015150517953e-10,2.0016931212448477e-10,2.5259356080164368e-10,2.9677643034855882e-10,3.5597925450479399e-10,5.092698629101695e-10,6.2560138070086117e-10
6.135,1.2954414691905484e-10,1.9958570923157826e-10,2.5182029504677963e-10,2.9592533635946801e-10,3.550795870474028e-10,5.084475494245265e-10,6.2502641587294491e-10
6.1375,1.2928509474985021e-10,1.9902912465727642e-10,2.5108103559103294e-10,2.9510990883759099e-10,3.5421635307227025e-10,5.0766175898384446e-10,6.24484358951705e-10
6.14,1.2904306158361465e-10,1.9850037113997364e-10,2.5037703457493716e-10,2.9433149842566216e-10,3.5339088481521557e-10,5.0691338100816672e-10,6.2397518910185838e-10
6.1425,1.2881814184890492e-10,1.9800022002212557e-10,2.4970951582529637e-10,2.9359147361406583e-10,3.5260453844436652e-10,5.0620337538347567e-10,6.2349897247373659e-10
6.145,1.2861044924766282e-10,1.9752938949343083e-10,2.4907964650965012e-10,2.9289118648235963e-10,3.5185870682984122e-10,5.0553278493042854e-10,6.2305590736624514e-10
6.1475,1.2842009882883389e-10,1.9708857774784281e-10,2.4848855170844058e-10,2.9223194386057154e-10,3.5115477138703902e-10,5.0490277058189863e-10,6.2264634076534136e-10
6.15,1.2824718736822711e-10,1.9667848218984643e-10,2.4793732748485402e-10,2.9161500230899158e-10,3.5049407015342477e-10,5.0431452933523155e-10,6.2227070468548287e-10
6.1525,1.2809180528455788e-10,1.9629981978122545e-10,2.4742707000178146e-10,2.9104160781966574e-10,3.4987793259961904e-10,5.0376925834178413e-10,6.2192943505765315e-10
6.155,1.2795406490663956e-10,1.9595333590980086e-10,2.4695888907436035e-10,2.9051303188214693e-10,3.4930766446914216e-10,5.0326810164069649e-10,6.2162292653020438e-10
6.1575,1.2783413130870719e-10,1.9563980952680506e-10,2.4653391922411815e-10,2.9003058927149074e-10,3.4878460938094534e-10,5.0281224765941691e-10,6.2135169241479106e-10
6.16,1.2773222941753156e-10,1.9536005486389707e-10,2.4615332535033585e-10,2.8959564604941866e-10,3.4831020302702053e-10,5.0240298690728473e-10,6.2111637925691649e-10
6.1625,1.2764862586522737e-10,1.9511491464758018e-10,2.4581832553364965e-10,2.8920963895626911e-10,3.4788597696234144e-10,5.0204178837337969e-10,6.2091791995926704e-10
6.165,1.2758359460345264e-10,1.9490523532591079e-10,2.4553017306035006e-10,2.8887403322665793e-10,3.4751352489734498e-10,5.0173020387524009e-10,6.2075742452811997e-10
6.1675,1.2753739262380001e-10,1.9473185128748026e-10,2.4529011411537726e-10,2.8859028368182603e-10,3.4719446634799985e-10,5.0146983328406646e-10,6.2063607698140045e-10
6.17,1.2751025593470779e-10,1.9459557556292388e-10,2.4509934673649653e-10,2.8835978511248545e-10,3.469304054760713e-10,5.0126232781033362e-10,6.2055512935446731e-10
6.1725,1.2750241695882294e-10,1.9449719455602465e-10,2.4495899750316881e-10,2.8818384699679208e-10,3.4672282695458642e-10,5.0110937260381157e-10,6.2051590524121145e-10
6.175,1.2751411621492182e-10,1.944374693523241e-10,2.4487011583269682e-10,2.880636986515199e-10,3.4657307172372802e-10,5.0101255062351809e-10,6.2051974657042881e-10
6.1775,1.2754560748347512e-10,1.9441713316160375e-10,2.4483367959245439e-10,2.8800050375929703e-10,3.464823942304047e-10,5.0097323110723604e-10,6.2056786739545194e-10
6.18,1.2759715987844273e-10,1.9443689148632184e-10,2.4485060718118185e-10,2.8799535034946758e-10,3.464519641206581e-10,5.0099268780892329e-10,6.2066136187979086e-10
6.1825,1.2766906898285749e-10,1.9449743565275376e-10,2.4492177135503521e-10,2.8804926480894391e-10,3.464829217599269e-10,5.0107227869722686e-10,6.2080145484122789e-10
6.185,1.2776166006139338e-10,1.9459944770170887e-10,2.4504802337206439e-10,2.8816322497247464e-10,3.465763543362268e-10,5.012134103706658e-10,6.2098959345600969e-10
6.1875,1.2787525518743676e-10,1.947435661066273e-10,2.4523016486247109e-10,2.88338124053031e-10,3.4673324238074818e-10,5.0141732265889873e-10,6.2122723622874963e-10
6.19,1.280101286929237e-10,1.9493033354534738e-10,2.4546885963991713e-10,2.8857473712443863e-10,3.4695450858150949e-10,5.0168511583077379e-10,6.2151583953170598e-10
6.1925,1.2816645754215976e-10,1.9516013560118534e-10,2.4576453001456495e-10,2.8887357351545012e-10,3.4724080640145758e-10,5.0201764127359171e-10,6.2185664431728359e-10
6.195,1.2834433212811129e-10,1.9543317780725154e-10,2.4611731407267507e-10,2.8923482234655424e-10,3.4759246114872902e-10,5.0241544045119121e-10,6.2225060668796327e-10
6.1975,1.2854379140464419e-10,1.9574951312383343e-10,2.4652710728693075e-10,2.8965835072555894e-10,3.480094212525837e-10,5.0287874213912422e-10,6.226983632484621e-10
6.2,1.2876484724305037e-10,1.9610907935159819e-10,2.4699363019658762e-10,2.9014379240788618e-10,3.4849133559560639e-10,5.0340748545443399e-10,6.2320026647385679e-10
6.2025,1.2900746123943697e-10,1.9651168477387323e-10,2.4751643084532669e-10,2.9069059586466453e-10,3.4903761075880025e-10,5.0400144680347691e-10,6.2375663806003807e-10
6.205,1.2927150246937972e-10,1.9695695332801186e-10,2.4809482007771639e-10,2.9129796417226197e-10,3.4964736938625731e-10,5.0465997093276191e-10,6.2436747016795704e-10
6.2075,1.2955671093529114e-10,1.9744426456384738e-10,2.4872781852871079e-10,2.919647916871584e-10,3.503193833829414e-10,5.0538200138881266e-10,6.2503244697059247e-10
6.21,1.2986269211414049e-10,1.9797276129608095e-10,2.4941417350747589e-10,2.9268970547551876e-10,3.5105215133580963e-10,5.0616607353664347e-10,6.2575083168748868e-10
6.2125,1.3018889484759547e-10,1.9854133818895876e-10,2.5015234495802799e-10,2.9347103329310136e-10,3.5184389533803747e-10,5.0701047432442767e-10,6.2652164948648476e-10
6.215,1.305346184445501e-10,1.9914864799953859e-10,2.509404768252065e-10,2.9430674244828948e-10,3.5269248465664493e-10,5.0791309664154736e-10,6.2734350869761317e-10
6.2175,1.3089902073355624e-10,1.9979309043381614e-10,2.5177632638466281e-10,2.951943256347776e-10,3.5359534829230658e-10,5.0887145593189236e-10,6.2821463806337201e-10
6.22,1.312811723803078e-10,2.0047284796779281e-10,2.5265727621201848e-10,2.9613081898060042e-10,3.5454943009208136e-10,5.0988261135486109e-10,6.2913289388914405e-10
6.2225,1.3168011922926247e-10,2.01185971402904e-10,2.5358046548217182e-10,2.9711294156107949e-10,3.5555123406562893e-10,5.1094319132506273e-10,6.3009573221265016e-10
6.225,1.3209489136330377e-10,2.019304045405388e-10,2.545428739455839e-10,2.9813724496681118e-10,3.565970119847032e-10,5.1204946704604169e-10,6.311002762261168e-10
6.2275,1.3252444318194007e-10,2.0270391329818704e-10,2.5554129678579847e-10,2.992001171801529e-10,3.5768281438650198e-10,5.1319739799216883e-10,6.3214342217814169e-10
6.23,1.3296759809602812e-10,2.0350402219524469e-10,2.5657229018109593e-10,3.0029773687877634e-10,3.5880452694035038e-10,5.1438269491773456e-10,6.3322181777470223e-10
6.2325,1.3342298342136261e-10,2.0432794692842984e-10,2.5763209065048054e-10,3.0142596372589203e-10,3.5995775493553104e-10,5.1560090809348132e-10,6.3433186596291315e-10
6.235,1.3388900407920726e-10,2.0517260591705058e-10,2.5871663632426985e-10,3.0258032884774539e-10,3.6113776905362049e-10,5.1684731812544411e-10,6.354698144747709e-10
6.2375,1.3436384390321088e-10,2.0603465714292363e-10,2.5982155901854039e-10,3.0375602434125153e-10,3.6233946178660883e-10,5.1811680671702533e-10,6.3663144657722149e-10
6.24,1.3484551647618878e-10,2.0691056839097284e-10,2.6094224297665129e-10,3.0494796861724272e-10,3.6355741606271874e-10,5.1940368357825785e-10,6.3781193238846914e-10
6.2425,1.3533194558553545e-10,2.0779670382854028e-10,2.6207393917017952e-10,3.0615093922713121e-10,3.647860674955007e-10,5.2070190803011425e-10,6.3900596285383985e-10
6.245,1.3582102891813429e-10,2.0868936562916158e-10,2.6321181799124896e-10,3.0735965741833415e-10,3.6601981672212422e-10,5.2200544403261126e-10,6.4020808519639424e-10
6.2475,1.3631067630111289e-10,2.0958479974856289e-10,2.6435102466492458e-10,3.0856888632309777e-10,3.6725313610281938e-10,5.2330847810627026e-10,6.4141298545082928e-10
6.25,1.3679880905052865e-10,2.104791931190188e-10,2.6548669136569481e-10,3.0977343674863743e-10,3.6848059255754086e-10,5.2460543829553341e-10,6.4261570008443671e-10
6.2525,1.3728331157019361e-10,2.1136863511960686e-10,2.6661386943232905e-10,3.1096808147921229e-10,3.6969675908374539e-10,5.2589087462098812e-10,6.4381145813779792e-10
6.255,1.37762017393446e-10,2.1224915012165754e-10,2.6772756230749632e-10,3.1214755374042579e-10,3.708962485528659e-10,5.271593401766858e-10,6.4499548605551947e-10
6.2575,1.3823269456302792e-10,2.1311672938516523e-10,2.6882276339753394e-10,3.1330655226955433e-10,3.7207368461943944e-10,5.2840539934092153e-10,6.4616304702351496e-10
6.26,1.3869305564264228e-10,2.1396735110734585e-10,2.698945047592849e-10,3.1443980573351379e-10,3.7322369771458777e-10,5.2962362833647663e-10,6.4730919706349049e-10
6.2625,1.391407835165992e-10,2.1479701332021172e-10,2.7093786065886086e-10,3.155420836937319e-10,3.7434088753261609e-10,5.3080846254499043e-10,6.4842871864890003e-10
6.265,1.395735683781671e-10,2.1560176593920831e-10,2.7194799068979854e-10,3.1660827934178085e-10,3.7541992851107369e-10,5.3195434023134112e-10,6.4951641063510987e-10
6.2675,1.3998916396525889e-10,2.1637777177452583e-10,2.7292018356426439e-10,3.1763345848480331e-10,3.7645567201622799e-10,5.3305587929067108e-10,6.505672075357836e-10
6.27,1.4038549078817578e-10,2.1712140171853731e-10,2.7384996861899246e-10,3.1861293692567501e-10,3.7744326689510352e-10,5.3410801494569236e-10,6.5157634794051902e-10
6.2725,1.4076066357791704e-10,2.1782927285888971e-10,2.7473320117876616e-10,3.1954239811347426e-10,3.7837831380522521e-10,5.3510624486333017e-10,6.525395984449606e-10
6.275,1.4111300056624594e-10,2.1849828861686308e-10,2.7556611241767543e-10,3.2041791666490554e-10,3.7925687718980467e-10,5.3604659503303496e-10,6.5345335807419101e-10
6.2775,1.4144095808344073e-10,2.191255995196606e-10,2.7634530240028518e-10,3.2123597262490367e-10,3.8007547681542508e-10,5.3692565413539082e-10,6.5431445425336598e-10
6.28,1.4174306012742082e-10,2.1970854824378781e-10,2.7706766668248236e-10,3.219934011556777e-10,3.8083100347201098e-10,5.3774050748202607e-10,6.5512017659995783e-10
6.2825,1.4201785275320153e-10,2.2024459198267105e-10,2.7773029074554629e-10,3.2268727627179351e-10,3.8152061881355914e-10,5.3848853568773549e-10,6.5586811259457564e-10
6.285,1.4226392338202753e-10,2.207312861885779e-10,2.7833042494685064e-10,3.2331486656300632e-10,3.8214158880653284e-10,5.3916706123322232e-10,6.5655577817874917e-10
6.2875,1.4247995457379386e-10,2.2116634392733154e-10,2.788655210498296e-10,3.2387365760782061e-10,3.8269141314733437e-10,5.3977357177313099e-10,6.5718075811341834e-10
6.29,1.4266478792709233e-10,2.215477275012476e-10,2.7933328874943297e-10,3.2436140234286272e-10,3.831679017557994e-10,5.4030587409418108e-10,6.5774092561988918e-10
6.2925,1.4281748577710594e-10,2.2187372652250101e-10,2.7973176358435532e-10,3.2477617638003102e-10,3.8356923925081376e-10,5.4076222108045739e-10,6.5823454738003943e-10
6.295,1.4293738749051572e-10,2.2214303639351046e-10,2.8005941933157439e-10,3.2511650769903807e-10,3.8389403703320259e-10,5.4114139556585189e-10,6.5866041619230937e-10
6.2975,1.4302412730151204e-10,2.2235477963200617e-10,2.8031522991449209e-10,3.2538138223085081e-10,3.8414139678838241e-10,5.4144261037388562e-10,6.5901767311178132e-10
6.3,1.4307761168206246e-10,2.2250849421893115e-10,2.804986953051054e-10,3.2557029226164408e-10,3.8431085662358718e-10,5.4166545613309017e-10,6.5930599208015937e-10
6.3025,1.4309795631855329e-10,2.2260407920656651e-10,2.806097700356875e-10,3.2568321145471341e-10,3.8440242683876313e-10,5.4180990912487851e-10,6.5952522872426245e-10
6.305,1.4308544162003889e-10,2.2264174481676552e-10,2.8064879717450559e-10,3.2572050452252148e-10,3.8441648442601964e-10,5.4187637590909649e-10,6.5967597117474451e-10
6.3075,1.4304050517037685e-10,2.2262198634602516e-10,2.8061646105601952e-10,3.2568289879387203e-10,3.8435380123511982e-10,5.4186574634982763e-10,6.5975908077618021e-10
6.31,1.4296376631092334e-10,2.2254558999204373e-10,2.8051373770256035e-10,3.2557144511956944e-10,3.8421554977035364e-10,5.4177934848859747e-10,6.5977570352395717e-10
6.3125,1.4285605321559418e-10,2.2241363315749969e-10,2.8034189286377164e-10,3.2538750006119144e-10,3.8400321508837346e-10,5.4161866526427158e-10,6.5972713719335192e-10
6.315,1.4271841422016774e-10,2.2222748489840654e-10,2.801025478088886e-10,3.251327992717884e-10,3.8371862588081668e-10,5.4138545555259951e-10,6.596151131574435e-10
6.3175,1.4255207065008986e-10,2.2198876428923615e-10,2.7979767918081968e-10,3.2480942972724214e-10,3.8336397885132303e-10,5.4108191760468991e-10,6.594417270248978e-10
6.32,1.4235832911540759e-10,2.2169924051484036e-10,2.7942951264300922e-10,3.2441973931243588e-10,3.8294166969127843e-10,5.40710676631247e-10,6.5920954678377279e-10
6.3225,1.4213851357545399e-10,2.213608104011282e-10,2.7900040599360911e-10,3.2396622038444101e-10,3.8245424636958915e-10,5.402744801015042e-10,6.5892130010300346e-10
6.325,1.4189397253531389e-10,2.2097551534582242e-10,2.785128190842437e-10,3.2345144333422723e-10,3.8190436055717348e-10,5.3977595920179094e-10,6.585795463850928e-10
6.3275,1.4162614030886694e-10,2.2054559060043263e-10,2.7796936369172327e-10,3.2287805693295829e-10,3.812947257280047e-10,5.3921763981452983e-10,6.5818661361456946e-10
6.33,1.4133663203154895e-10,2.2007351981627849e-10,2.773728823033188e-10,3.2224888248355708e-10,3.806282199161398e-10,5.386022457107885e-10,6.577449664275046e-10
6.3325,1.4102729875457034e-10,2.1956207662658546e-10,2.767265232923589e-10,3.2156703705645267e-10,3.7990795148123046e-10,5.3793291301576626e-10,6.5725752538742317e-10
6.335,1.4070011986223982e-10,2.190142419459475e-10,2.7603368919772412e-10,3.2083588834014608e-10,3.7913726895195677e-10,5.3721314118722026e-10,6.5672767033896613e-10
6.3375,1.4035710311616346e-10,2.1843309873465031e-10,2.7529798493945285e-10,3.2005901235562971e-10,3.7831968502530959e-10,5.3644655961919657e-10,6.5615899606100131e-10
6.34,1.4000020575103467e-10,2.1782171226171042e-10,2.745231009967862e-10,3.1924011419439755e-10,3.7745883572462463e-10,5.3563681362006018e-10,6.5555507942112821e-10
6.3425,1.3963129479780619e-10,2.1718308684445163e-10,2.7371272299634451e-10,3.1838293398818299e-10,3.7655838211258207e-10,5.347873112760881e-10,6.5491899801335302e-10
6.345,1.3925211520669041e-10,2.1652010947209689e-10,2.728704094745459e-10,3.1749109410632929e-10,3.7562189371268767e-10,5.3390139703159125e-10,6.5425371676255944e-10
6.3475,1.388643026419335e-10,2.158355683028523e-10,2.7199954817482123e-10,3.1656803687008404e-10,3.7465281797545709e-10,5.3298227617640536e-10,6.5356200971000684e-10
6.35,1.3846941648502721e-10,2.1513222595352045e-10,2.7110342427155806e-10,3.1561703727583962e-10,3.736544081579016e-10,5.3203300443763394e-10,6.5284660358554684e-10
6.3525,1.3806898877363758e-10,2.1441286286019608e-10,2.701853190037867e-10,3.1464132062458573e-10,3.7262978627925545e-10,5.3105658271577735e-10,6.5211029806818113e-10
6.355,1.3766456589317513e-10,2.136802706429466e-10,2.6924854019287033e-10,3.1364415656397418e-10,3.7158209913891188e-10,5.3005592667267466e-10,6.51355847577309e-10
6.3575,1.3725774066768136e-10,2.1293724687206704e-10,2.6829642933138837e-10,3.1262889060149374e-10,3.7051458666046401e-10,5.2903394406546187e-10,6.5058589088629209e-10
6.36,1.3685011313919555e-10,2.1218652578688249e-10,2.6733230990195687e-10,3.1159888903495269e-10,3.6943052843299574e-10,5.27993622148958e-10,6.4980310650143688e-10
6.3625,1.3644320718582079e-10,2.1143073627556227e-10,2.6635944875507279e-10,3.105574599626858e-10,3.683331485261246e-10,5.2693776555306982e-10,6.4900993910693875e-10
6.365,1.3603835520057898e-10,2.1067232191618757e-10,2.6538096290869341e-10,3.0950774254581963e-10,3.6722543029155929e-10,5.2586889578071447e-10,6.482084636928843e-10
6.3675,1.3563665086129326e-10,2.0991351292772655e-10,2.6439976288510082e-10,3.084526712579219e-10,3.6611013088957226e-10,5.2478927278478786e-10,6.4740036515439546e-10
6.37,1.3523896565227889e-10,2.0915632857843808e-10,2.6341853565652074e-10,3.0739497067669529e-10,3.6498982910804475e-10,5.2370094912246338e-10,6.4658707166994512e-10
6.3725,1.3484604329781594e-10,2.0840265507060706e-10,2.6243980854256531e-10,3.0633723952544587e-10,3.6386704935770697e-10,5.2260597198389856e-10,6.4577002731187101e-10
6.375,1.3445858945717559e-10,2.0765429851830844e-10,2.6146597543882902e-10,3.0528197404881184e-10,3.6274428600822676e-10,5.2150642431195767e-10,6.4495060896817993e-10
6.3775,1.3407731790584951e-10,2.0691300074992545e-10,2.6049930414252016e-10,3.0423156444342629e-10,3.6162394983000498e-10,5.2040441538045077e-10,6.441303309615758e-10
6.38,1.3370295178462472e-10,2.0618043455505578e-10,2.5954194825416621e-10,3.0318825544642544e-10,3.6050827702065644e-10,5.1930187622968901e-10,6.4331037936651258e-10
6.3825,1.3333618719452378e-10,2.0545818166539418e-10,2.5859598361722773e-10,3.021541901816855e-10,3.5939935917937796e-10,5.1820060081267405e-10,6.4249169542024996e-10
6.385,1.3297763731233535e-10,2.0474769071082814e-10,2.5766341750648302e-10,3.0113148940339432e-10,3.5829925554186222e-10,5.1710234131584788e-10,6.4167519206875522e-10
6.3875,1.3262779730922113e-10,2.0405026403346432e-10,2.5674613549929678e-10,3.0012220409315677e-10,3.5720996000305703e-10,5.1600877127923281e-10,6.4086175491224612e-10
6.39,1.3228705153043887e-10,2.033671005690268e-10,2.5584590483591943e-10,2.9912828165696816e-10,3.561334162674674e-10,5.1492152249988898e-10,6.4005217293644157e-10
6.3925,1.3195569325180186e-10,2.0269932975753242e-10,2.5496439073232221e-10,2.9815154582339632e-10,3.5507149992380732e-10,5.1384212975097493e-10,6.3924714518307269e-10
6.395,1.3163398684430695e-10,2.0204806489954442e-10,2.5410321956113132e-10,2.9719378830683466e-10,3.540260736394141e-10,5.1277213922714065e-10,6.3844728126656808e-10
6.3975,1.3132220996774698e-10,2.0141439448001433e-10,2.5326398970414412e-10,2.9625679497967231e-10,3.5299902104553939e-10,5.1171315971656149e-10,6.3765318431593651e-10
6.4,1.3102070291817356e-10,2.0079940549555305e-10,2.5244830572176931e-10,2.9534240439343125e-10,3.5199232048889258e-10,5.1066701781344485e-10,6.3686559656385362e-10
6.4025,1.3072986823731282e-10,2.0020420419404252e-10,2.5165779623277367e-10,2.9445251220860808e-10,3.5100805120478609e-10,5.0963568346387579e-10,6.3608554628272813e-10
6.405,1.3045014270023097e-10,1.9962994557502042e-10,2.508941401662438e-10,2.9358907232489349e-10,3.5004835746213691e-10,5.0862123270558634e-10,6.3531420722336964e-10
6.4075,1.3018197511351725e-10,1.9907784408721857e-10,2.5015907225205726e-10,2.9275409188662327e-10,3.4911543827138389e-10,5.0762590511575316e-10,6.3455263751115335e-10
6.41,1.2992582499485209e-10,1.9854915951520778e-10,2.4945437609805579e-10,2.9194962538430614e-10,3.4821153300674727e-10,5.0665208447212051e-10,6.3380216350523392e-10
6.4125,1.2968218537193734e-10,1.9804518681962701e-10,2.4878187809220464e-10,2.9117780019889211e-10,3.4733895506975233e-10,5.0570221966362957e-10,6.3306437675179652e-10
6.415,1.2945161380448177e-10,1.9756726613012529e-10,2.4814344498992331e-10,2.9044080457226759e-10,3.4650011640176745e-10,5.0477898227082346e-10,6.3234112018144882e-10
6.4175,1.29234740820727e-10,1.9711679403953945e-10,2.475409968800911e-10,2.8974089724384816e-10,3.4569752763533316e-10,5.0388520419270899e-10,6.3163451382232246e-10
6.42,1.2903226012105024e-10,1.9669523590860018e-10,2.4697653506213593e-10,2.8908042435865878e-10,3.4493380772551908e-10,5.0302379326200568e-10,6.3094689780113372e-10
6.4225,1.2884489925853407e-10,1.9630409521386734e-10,2.4645211913395146e-10,2.8846181220616033e-10,3.4421172829915965e-10,5.0219780769207484e-10,6.3028076905079695e-10
6.425,1.2867338764026184e-10,1.9594486974110351e-10,2.4596980721139648e-10,2.8788749668221465e-10,3.4353409352640761e-10,5.0141035763709094e-10,6.296386716329699e-10
6.4275,1.2851843444725578e-10,1.9561901638424017e-10,2.4553160151208024e-10,2.873598660321053e-10,3.4290365485127057e-10,5.0066450892121259e-10,6.2902318607563391e-10
6.43,1.2838072771498818e-10,1.953279490488092e-10,2.4513943557794733e-10,2.8688121462537019e-10,3.42323017922365e-10,4.9996324839186887e-10,6.2843689658377033e-10
6.4325,1.2826095031992143e-10,1.9507306312938348e-10,2.4479520269719583e-10,2.8645378808665779e-10,3.4179472619381939e-10,4.9930956908817591e-10,6.2788238437757997e-10
6.435,1.2815980432494412e-10,1.9485576054233773e-10,2.4450076245163896e-10,2.8607979160443044e-10,3.4132128726033063e-10,4.9870652174232137e-10,6.2736239478469731e-10
6.4375,1.2807803494561178e-10,1.946774606644929e-10,2.442579465640913e-10,2.8576139174866524e-10,3.40905173800354e-10,4.9815716714699893e-10,6.2687965487801467e-10
6.44,1.2801644238975297e-10,1.9453958153111563e-10,2.4406853168603307e-10,2.8550068163795723e-10,3.4054877858297889e-10,4.9766444566408352e-10,6.2643697653800424e-10
6.4425,1.2797586177370433e-10,1.9444350758781276e-10,2.4393423609009966e-10,2.8529969592936774e-10,3.4025443476392984e-10,4.9723120068768779e-10,6.2603721045081532e-10
6.445,1.2795709975817858e-10,1.9439053477026973e-10,2.4385668919274034e-10,2.8516035227674022e-10,3.4002436941777596e-10,4.9686027391877233e-10,6.2568338879757558e-10
6.4475,1.2796085603589785e-10,1.9438179500064622e-10,2.4383732659429058e-10,2.8508436704280971e-10,3.3986059267236542e-10,4.9655434828446117e-10,6.2537861100529687e-10
6.45,1.2798769299944281e-10,1.9441821281626851e-10,2.4387728912256782e-10,2.8507312409753043e-10,3.3976479841090385e-10,4.9631572349975139e-10,6.2512560072295331e-10
6.4525,1.2803806365972005e-10,1.945005128468053e-10,2.4397739387370731e-10,2.8512763341862815e-10,3.3973829391791139e-10,4.9614616891696528e-10,6.2492651529758186e-10
6.455,1.2811236034304302e-10,1.9462926241959657e-10,2.4413819408538207e-10,2.8524855509936874e-10,3.3978196955902234e-10,4.9604709854509235e-10,6.2478314394631442e-10
6.4575,1.2821094471609257e-10,1.9480490497017983e-10,2.4436005466777408e-10,2.8543631781541062e-10,3.3989644007561464e-10,4.9601974025260999e-10,6.2469722975186111e-10
6.46,1.28334128400817e-10,1.9502774224916557e-10,2.4464314830951897e-10,2.8569112011452052e-10,3.400820251195139e-10,4.960650290480543e-10,6.2467030607385754e-10
6.4625,1.2848213540998455e-10,1.9529790196263452e-10,2.4498742969683544e-10,2.8601292353848532e-10,3.4033876638113268e-10,4.9618356106272854e-10,6.247036736500413e-10
6.465,1.2865504528971652e-10,1.9561524910036431e-10,2.4539253099440109e-10,2.8640135589972673e-10,3.4066635911799007e-10,4.9637551875009483e-10,6.2479844748769457e-10
6.4675,1.288527790664176e-10,1.9597937105935867e-10,2.458577559267441e-10,2.8685571096757648e-10,3.4106412774966626e-10,4.9664062873652997e-10,6.249552445115789e-10
6.47,1.29075066346286e-10,1.9638955263735823e-10,2.4638205866292283e-10,2.8737491467173305e-10,3.4153096915069431e-10,4.9697809297627178e-10,6.2517413217429399e-10
6.4725,1.2932143169444044e-10,1.9684476126075544e-10,2.4696399695485284e-10,2.8795745575636298e-10,3.4206534190119602e-10,4.973865941165374e-10,6.2545457250644725e-10
6.475,1.2959121504870248e-10,1.9734366391426866e-10,2.4760170046491911e-10,2.8860130462104441e-10,3.4266519344220887e-10,4.9786430398835875e-10,6.2579581354267591e-10
6.4775,1.2988364512792651e-10,1.9788469914876373e-10,2.4829292649763602e-10,2.8930394866125718e-10,3.4332796482569989e-10,4.9840895444541876e-10,6.261965538297566e-10
6.48,1.3019790300086917e-10,1.9846615419093847e-10,2.490351758377917e-10,2.9006256146393816e-10,3.4405073595202764e-10,4.9901791602558683e-10,6.266552411121744e-10
6.4825,1.3053313831954727e-10,1.9908618760840433e-10,2.4982575545828698e-10,2.9087412061924933e-10,3.4483034212750968e-10,4.9968823497044748e-10,6.2717004017197808e-10
6.485,1.308884092560571e-10,1.9974275244979834e-10,2.506617372220783e-10,2.9173536169360229e-10,3.4566331804974534e-10,5.0041660848762806e-10,6.2773871603171788e-10
6.4875,1.3126261353312674e-10,2.0043351281589467e-10,2.5153987988444372e-10,2.926427283523728e-10,3.4654588857354254e-10,5.0119928878768898e-10,6.2835855131185886e-10
6.49,1.3165442574415664e-10,2.0115578520230459e-10,2.5245658324609272e-10,2.9359229972188376e-10,3.4747391209305821e-10,5.0203211093948885e-10,6.2902630963826632e-10
6.4925,1.3206225753231441e-10,2.0190654430875705e-10,2.5340789676909938e-10,2.9457976488188814e-10,3.4844284328444178e-10,5.0291058862775577e-10,6.2973854765679367e-10
6.495,1.3248427386666522e-10,2.0268247275671069e-10,2.5438953578896268e-10,2.9560044534814668e-10,3.4944776181876008e-10,5.0382986419933779e-10,6.3049162457862072e-10
6.4975,1.3291846837463257e-10,2.0348004950787067e-10,2.5539694610947704e-10,2.966493575193512e-10,3.5048342065647757e-10,5.0478477281505769e-10,6.3128156752349226e-10
6.5,1.3336274668622889e-10,2.0429563528850468e-10,2.5642540679086496e-10,2.9772133378470038e-10,3.5154435457298969e-10,5.0576981805023182e-10,6.3210409478224022e-10
6.5025,1.3381502071417492e-10,2.0512556789753473e-10,2.5747014430317226e-10,2.9881116364003188e-10,3.5262505791258715e-10,5.0677930047223303e-10,6.3295454700528769e-10
6.505,1.3427320737416134e-10,2.059661150607688e-10,2.5852634055248568e-10,2.9991365664859143e-10,3.5372006765800601e-10,5.0780757696418439e-10,6.3382830980661488e-10
6.5075,1.3473519801171955e-10,2.0681343808801976e-10,2.5958911235856567e-10,3.0102362273261908e-10,3.5482396394882689e-10,5.0884906063171629e-10,6.3472085976602934e-10
6.51,1.3519879807342644e-10,2.0766353590091737e-10,2.6065343107642414e-10,3.0213575598581567e-10,3.5593124726801606e-10,5.0989815408482269e-10,6.3562765964985664e-10
6.5125,1.3566167573014425e-10,2.0851222606325025e-10,2.6171408265290409e-10,3.0324455344141254e-10,3.5703627014885882e-10,5.1094915613197489e-10,6.365440391495004e-10
6.515,1.3612139211143389e-10,2.0935524547639351e-10,2.6276579719289876e-10,3.0434443577344242e-10,3.5813331610317327e-10,5.1199628815504934e-10,6.3746517555998575e-10
6.5175,1.3657543382029873e-10,2.1018830711866026e-10,2.6380333166630257e-10,3.0542984612719616e-10,3.5921667887011463e-10,5.1303382105145677e-10,6.3838621093414673e-10
6.52,1.3702127387318164e-10,2.1100716075305478e-10,2.64821509234042e-10,3.0649529615514791e-10,3.6028070955669052e-10,5.1405608934553122e-10,6.3930230305463569e-10
6.5225,1.3745640722331623e-10,2.1180760289898608e-10,2.6581521948136264e-10,3.07535400804496e-10,3.6131985450762506e-10,5.1505754012128017e-10,6.402087033222909e-10
6.525,1.3787841162527618e-10,2.1258554043917063e-10,2.6677948487403597e-10,3.0854495010135194e-10,3.623287445414965e-10,5.1603276142029188e-10,6.4110078115119651e-10
6.5275,1.3828496938811478e-10,2.1333702406411011e-10,2.6770949491964279e-10,3.0951890398063071e-10,3.6330220332306442e-10,5.169764728043529e-10,6.4197399771217915e-10
6.53,1.3867393188121414e-10,2.1405834079141889e-10,2.6860071440317364e-10,3.1045251883627682e-10,3.6423537720041391e-10,5.1788371559123146e-10,6.4282399278963647e-10
6.5325,1.3904334714265561e-10,2.1474606990020715e-10,2.694489797423659e-10,3.1134143231022668e-10,3.6512377841353858e-10,5.1874994723007392e-10,6.436467315404428e-10
6.535,1.3939141886018732e-10,2.153970553006211e-10,2.7025053933351835e-10,3.1218173971661583e-10,3.6596342478655814e-10,5.1957122294242036e-10,6.4443883028228413e-10
6.5375,1.3971644764656811e-10,2.1600835829918304e-10,2.710020067807192e-10,3.1296996032216031e-10,3.6675083838689484e-10,5.2034414484302164e-10,6.4519733999928888e-10
6.54,1.4001677424284049e-10,2.1657717568795021e-10,2.7170021886388764e-10,3.1370289889753917e-10,3.6748287799801247e-10,5.2106574410696869e-10,6.4591984488300545e-10
6.5425,1.402907847940869e-10,2.1710082163174749e-10,2.7234217951106962e-10,3.1437757510757733e-10,3.6815659059339048e-10,5.2173322447580625e-10,6.4660405257676487e-10
6.545,1.4053696188770863e-10,2.175767737132156e-10,2.7292508186351763e-10,3.1499121213760425e-10,3.6876923435326839e-10,5.2234389224268313e-10,6.4724764117084298e-10
6.5475,1.4075394529172797e-10,2.1800275556350905e-10,2.7344639313392654e-10,3.1554131911862734e-10,3.6931836655277236e-10,5.2289538912755075e-10,6.4784847851522842e-10
6.55,1.4094059857660726e-10,2.1837682394552429e-10,2.7390391589167885e-10,3.1602573712179682e-10,3.6980184919937248e-10,5.2338568130031022e-10,6.484047281289697e-10
6.5525,1.4109606365533195e-10,2.1869743410571284e-10,2.7429586508311062e-10,3.1644268000508788e-10,3.7021799885842192e-10,5.2381316333920828e-10,6.4891501895947525e-10
6.555,1.4121978735809209e-10,2.1896347813616064e-10,2.7462096804598992e-10,3.167908660522691e-10,3.7056563686378752e-10,5.2417686676120963e-10,6.4937867723518023e-10
6.5575,1.413114985925888e-10,2.1917426315433641e-10,2.7487846304972212e-10,3.1706952342091394e-10,3.708440149511057e-10,5.2447625033873302e-10,6.4979530788626336e-10
6.56,1.4137114905556222e-10,2.1932946095713111e-10,2.7506803953654871e-10,3.172783310457598e-10,3.7105279376504159e-10,5.2471098440762627e-10,6.5016464868901612e-10
6.5625,1.4139886542094126e-10,2.194290664434734e-10,2.7518977843054071e-10,3.1741734899050719e-10,3.7119201492229142e-10,5.2488099527846181e-10,6.5048659152408318e-10
6.565,1.4139494123242115e-10,2.1947337630607808e-10,2.7524410948067262e-10,3.1748703870222822e-10,3.7126216007499346e-10,5.2498657716313563e-10,6.5076132668789362e-10
6.5675,1.4135986159309078e-10,2.1946298010403282e-10,2.7523177113167393e-10,3.1748821313845621e-10,3.7126412178535305e-10,5.2502860763190961e-10,6.5098952352236022e-10
6.57,1.4129433691479745e-10,2.1939876930136609e-10,2.7515381405065506e-10,3.1742197872561821e-10,3.7119908609489687e-10,5.2500831626332293e-10,6.5117216771709492e-10
6.5725,1.4119929982282e-10,2.1928192752291148e-10,2.7501162693017231e-10,3.1728977791140602e-10,3.7106858551689792e-10,5.2492730724889838e-10,6.5131052824397764e-10
6.575,1.4107586846320616e-10,2.1911391708582248e-10,2.7480695644336998e-10,3.1709342211356312e-10,3.7087448623850765e-10,5.2478749947395804e-10,6.5140625772140136e-10
6.5775,1.4092527104527766e-10,2.1889639573325532e-10,2.7454184730775079e-10,3.1683504829690474e-10,3.7061892182862208e-10,5.2459105402655368e-10,6.514612634063713e-10
6.58,1.4074878824261973e-10,2.1863118492344095e-10,2.7421853283180684e-10,3.1651697744953261e-10,3.7030418478797467e-10,5.2434020533869226e-10,6.514774536718497e-10
6.5825,1.4054775449318956e-10,2.1832027310669645e-10,2.7383936958582368e-10,3.1614160202076874e-10,3.699326568099169e-10,5.2403716475252666e-10,6.5145666440384429e-10
6.585,1.4032360782651986e-10,2.1796584396779719e-10,2.7340686398602358e-10,3.1571141338780486e-10,3.6950683791249897e-10,5.2368421963898568e-10,6.5140076724648796e-10
6.5875,1.4007796568593066e-10,2.1757033428995571e-10,2.7292375261455194e-10,3.1522909455125044e-10,3.6902939261051934e-10,5.2328375321727095e-10,6.5131164382122315e-10
6.59,1.3981266953874143e-10,2.1713645734680307e-10,2.7239306768689044e-10,3.1469762258460638e-10,3.6850324854437959e-10,5.2283840652801141e-10,6.5119132191931833e-10
6.5925,1.3952969114455298e-10,2.1666713136910863e-10,2.7181807950301327e-10,3.1412019405804419e-10,3.6793151507590826e-10,5.223509454692933e-10,6.5104188638607024e-10
6.595,1.3923103757519885e-10,2.1616537066925694e-10,2.7120223965427997e-10,3.1350019618794039e-10,3.6731746993666328e-10,5.2182440289352588e-10,6.5086565817013157e-10
6.5975,1.3891868731934142e-10,2.1563420283455642e-10,2.7054911708284145e-10,3.1284115464777171e-10,3.6666452044524095e-10,5.2126198970644486e-10,6.5066517803236037e-10
6.6,1.3859453498831506e-10,2.1507659025502664e-10,2.6986227353796094e-10,3.1214661447898341e-10,3.65976088904331e-10,5.2066690287128563e-10,6.5044308714585072e-10
6.6025,1.3826036100533301e-10,2.1449541550917824e-10,2.6914519763659958e-10,3.1142007129966566e-10,3.652555404405529e-10,5.2004214314472822e-10,6.5020179794296109e-10
6.605,1.3791782917326891e-10,2.1389346751769048e-10,2.6840121921610883e-10,3.1066486188313196e-10,3.6450607919288185e-10,5.1939042454682583e-10,6.4994330689419177e-10
6.6075,1.3756853702312957e-10,2.1327350550969833e-10,2.676335541514439e-10,3.0988414415125073e-10,3.6373071646180136e-10,5.1871423259771376e-10,6.4966933367855946e-10
6.61,1.3721406742977152e-10,2.1263831454838081e-10,2.6684541104279257e-10,3.0908100202638177e-10,3.6293234163749671e-10,5.180159107037872e-10,6.4938140582438395e-10
6.6125,1.3685604269994667e-10,2.1199070866561425e-10,2.6604002862568757e-10,3.0825854838690049e-10,3.6211384568046723e-10,5.1729780369266483e-10,6.4908098296927215e-10
6.615,1.3649614022362685e-10,2.1133350394692862e-10,2.6522066484348353e-10,3.0741995197735984e-10,3.6127821042545332e-10,5.1656228717500532e-10,6.4876955574384982e-10
6.6175,1.3613604081589735e-10,2.1066944974468932e-10,2.6439054040336489e-10,3.0656837458664881e-10,3.6042842922313115e-10,5.1581172821366123e-10,6.4844857421093363e-10
6.62,1.3577733368590729e-10,2.1000116602966535e-10,2.6355278797287149e-10,3.0570689799129437e-10,3.5956739999074502e-10,5.1504831392949112e-10,6.481192660223981e-10
6.6225,1.354214156864582e-10,2.0933109286475857e-10,2.6271040588754837e-10,3.048384741910251e-10,3.5869784425875004e-10,5.1427403203418652e-10,6.4778268804587824e-10
6.625,1.3506942494806924e-10,2.0866144800898643e-10,2.6186619907020125e-10,3.0396585458445737e-10,3.5782225482666748e-10,5.134907102721506e-10,6.4743973163989448e-10
6.6275,1.3472227479070762e-10,2.0799425975490439e-10,2.6102279381168741e-10,3.0309163311585925e-10,3.5694296952708451e-10,5.1270001864707454e-10,6.4709106516872207e-10
6.63,1.3438073060586844e-10,2.0733140196880042e-10,2.601826421772528e-10,3.0221825526135893e-10,3.5606223488409911e-10,5.119034724162348e-10,6.4673709917921906e-10
6.6325,1.3404551078402037e-10,2.0667464670022051e-10,2.5934803205086658e-10,3.0134802600148927e-10,3.5518221116582523e-10,5.1110253673030989e-10,6.463782139407577e-10
6.635,1.3371735299891654e-10,2.0602570195306213e-10,2.5852111009179889e-10,3.0048311229062946e-10,3.5430495616231972e-10,5.1029859321782844e-10,6.4601475769179152e-10
6.6375,1.3339702775854954e-10,2.0538623189375909e-10,2.5770392709889058e-10,2.9962556619508529e-10,3.534324143487135e-10,5.094929576239507e-10,6.4564691770041636e-10
6.64,1.3308529200188861e-10,2.0475783459687461e-10,2.5689847393163853e-10,2.9877734744566773e-10,3.5256639735227385e-10,5.0868689451376064e-10,6.4527481432245784e-10
6.6425,1.3278280592875019e-10,2.0414196885563485e-10,2.5610666763622791e-10,2.9794038711925608e-10,3.5170866996019332e-10,5.0788159440351063e-10,6.4489842442395311e-10
6.645,1.324900882008928e-10,2.0353992251121168e-10,2.5533028598694772e-10,2.9711652603500321e-10,3.5086090554153671e-10,5.0707812755715234e-10,6.4451766133205214e-10
6.6475,1.3220750268951886e-10,2.0295282150192405e-10,2.5457094817204864e-10,2.9630748141012542e-10,3.5002470208265652e-10,5.0627745492472126e-10,6.4413240051159639e-10
6.65,1.3193529169137548e-10,2.0238168732932896e-10,2.5383015372927647e-10,2.9551484762837371e-10,3.4920160159188752e-10,5.0548053815764515e-10,6.4374243216915332e-10
6.6525,1.3167363451085407e-10,2.0182749346343891e-10,2.5310933690335179e-10,2.9474016296030549e-10,3.4839312328747375e-10,5.0468837861822908e-10,6.4334751959927232e-10
6.655,1.3142271105721005e-10,2.0129119306002355e-10,2.5240989429702749e-10,2.9398493765999516e-10,3.4760078496160879e-10,5.039020656880939e-10,6.4294749127099457e-10
6.6575,1.3118274340611791e-10,2.007737270709842e-10,2.5173321675419647e-10,2.9325070866040515e-10,3.4682615684783139e-10,5.0312291169111622e-10,6.4254256101648851e-10
6.66,1.309540138950373e-10,2.0027605500122057e-10,2.5108072213405508e-10,2.9253906649289684e-10,3.4607087009229379e-10,5.0235224999636425e-10,6.4213287038797904e-10
6.6625,1.307368405112771e-10,1.9979917202998143e-10,2.504538769390376e-10,2.9185166929052809e-10,3.4533663063545726e-10,5.0159142868008804e-10,6.4171846059149421e-10
6.665,1.3053153934568514e-10,1.9934409848358424e-10,2.498541728372498e-10,2.9119020598073675e-10,3.4462521358157288e-10,5.0084198820223882e-10,6.4129959047802321e-10
6.6675,1.3033840260135238e-10,1.9891185286605262e-10,2.4928310050321238e-10,2.905563795641215e-10,3.4393841344175879e-10,5.0010560210412867e-10,6.4087679292750048e-10
6.67,1.3015772582901855e-10,1.9850346050236803e-10,2.4874214924031761e-10,2.8995190819915434e-10,3.4327807251740861e-10,4.9938422756345659e-10,6.4045102562603077e-10
6.6725,1.2998984013466471e-10,1.981199625804392e-10,2.4823281080323786e-10,2.8937851766828287e-10,3.4264605207285209e-10,4.9867996701323191e-10,6.4002359345870135e-10
6.675,1.2983513742641142e-10,1.9776244721096758e-10,2.477566197230479e-10,2.8883799273878296e-10,3.4204429916064651e-10,4.9799493839441972e-10,6.3959604359530277e-10
6.6775,1.2969407394433595e-10,1.9743206702081605e-10,2.4731518756953394e-10,2.8833220208559271e-10,3.4147485601086209e-10,4.9733127654369187e-10,6.3916981557491077e-10
6.68,1.2956714134116798e-10,1.9713000523045334e-10,2.4691017402800191e-10,2.8786308764063774e-10,3.4093992618516343e-10,4.9669128874734335e-10,6.3874662372477551e-10
6.6825,1.294548285034892e-10,1.9685743137912112e-10,2.4654324186908156e-10,2.8743261768978655e-10,3.4044175157651759e-10,4.9607736546494877e-10,6.3832828459747915e-10
6.685,1.2935758935011343e-10,1.9661546136544814e-10,2.4621599086741409e-10,2.8704271514826274e-10,3.3998253358627055e-10,4.9549189915879474e-10,6.3791663672716305e-10
6.6875,1.2927583873286998e-10,1.9640514658749479e-10,2.4592992323342839e-10,2.8669520310165011e-10,3.3956439851173449e-10,4.9493734113854772e-10,6.3751367889949168e-10
6.69,1.2920998014523552e-10,1.9622750922294154e-10,2.4568646826484504e-10,2.8639182058933653e-10,3.3918935730140751e-10,4.9441614719740512e-10,6.3712150172982453e-10
6.6925,1.2916044701339976e-10,1.9608358635980051e-10,2.4548702532509111e-10,2.8613424943811527e-10,3.3885933852093599e-10,4.9393081010401296e-10,6.3674248175423315e-10
6.695,1.291277332316417e-10,1.9597445922734539e-10,2.4533301092852082e-10,2.8592415789324135e-10,3.3857623208528669e-10,4.9348381981827296e-10,6.3637906918893909e-10
6.6975,1.2911240139054024e-10,1.9590123245905668e-10,2.4522584025214731e-10,2.8576320769232039e-10,3.3834190497297497e-10,4.9307761288968466e-10,6.3603394308151331e-10
6.7,1.2911505007119579e-10,1.958649914004676e-10,2.4516690186651355e-10,2.8565303714984501e-10,3.3815818682384648e-10,4.9271453083413024e-10,6.3570973458124129e-10
6.7025,1.2913624621930285e-10,1.9586672598924011e-10,2.4515748661238881e-10,2.8559519463122848e-10,3.3802687052916319e-10,4.9239682984594052e-10,6.3540910602710161e-10
6.705,1.2917645740855596e-10,1.9590726388090558e-10,2.4519868232299629e-10,2.8559101819122048e-10,3.3794959589345149e-10,4.9212669856200153e-10,6.3513481818426424e-10
6.7075,1.2923602226512607e-10,1.9598724482995332e-10,2.4529129879428664e-10,2.8564151163693585e-10,3.3792764965218768e-10,4.9190607711492629e-10,6.3488945271292028e-10
6.71,1.2931517582857471e-10,1.9610711575423556e-10,2.4543583658776061e-10,2.8574732406898635e-10,3.379619657638679e-10,4.9173657951400406e-10,6.346752265062336e-10
6.7125,1.2941409707249982e-10,1.9626717159950459e-10,2.4563254087818473e-10,2.859088150699789e-10,3.3805314457886496e-10,4.9161942089290167e-10,6.3449396724246909e-10
6.715,1.2953293493241263e-10,1.9646757330235603e-10,2.4588144752477232e-10,2.8612607858293992e-10,3.3820146963764652e-10,4.9155547083998319e-10,6.3434736028476118e-10
6.7175,1.2967179378724567e-10,1.9670833871147221e-10,2.4618240273615456e-10,2.8639898778961987e-10,3.3840698217296166e-10,4.915453710692643e-10,6.3423699941317755e-10
6.72,1.2983069739556375e-10,1.9698931596783446e-10,2.4653503939430334e-10,2.8672717756279411e-10,3.3866941287097091e-10,4.9158948879714731e-10,6.3416431112105946e-10
6.7225,1.3000954824645673e-10,1.9731013351933313e-10,2.4693874019061969e-10,2.8711003256393408e-10,3.3898820784078669e-10,4.9168791088443803e-10,6.3413046175625514e-10
6.725,1.3020811206555756e-10,1.9767019036168115e-10,2.4739262967213357e-10,2.8754667888743298e-10,3.3936252607505519e-10,4.9184038316971595e-10,6.3413655043688266e-10
6.7275,1.304259925062892e-10,1.9806863230217637e-10,2.4789554295584371e-10,2.8803592852519822e-10,3.3979117611913074e-10,4.9204614803342688e-10,6.3418325500478493e-10
6.73,1.3066261009135265e-10,1.985043112538349e-10,2.4844593573494335e-10,2.885761720546942e-10,3.4027254873370859e-10,4.9230389876395275e-10,6.3427061997040171e-10
6.7325,1.309172345099966e-10,1.9897580613816686e-10,2.4904184762948914e-10,2.8916533061256961e-10,3.4080458538748258e-10,4.9261186293143238e-10,6.3439821516906249e-10
6.735,1.3118904295488876e-10,1.9948147327568933e-10,2.4968094470328223e-10,2.8980084550915687e-10,3.4138473032975813e-10,4.9296781979912706e-10,6.3456514401796745e-10
6.7375,1.3147718538074691e-10,2.0001953789404737e-10,2.5036066745550857e-10,2.9047987070217708e-10,3.4201008709602124e-10,4.9336927597961428e-10,6.3477019415935734e-10
6.74,1.3178079465905048e-10,2.0058812248576948e-10,2.5107831034593732e-10,2.9119938474733064e-10,3.426775283256313e-10,4.9381351542326606e-10,6.3501203201005913e-10
6.7425,1.3209891353557063e-10,2.011851544630635e-10,2.51830950780486e-10,2.9195617224656546e-10,3.4338369717121022e-10,4.9429751965673613e-10,6.3528900961444731e-10
6.745,1.3243042757169936e-10,2.0180827843925622e-10,2.5261537256685947e-10,2.9274675098304816e-10,3.4412496107340846e-10,4.9481790739703606e-10,6.3559909840083062e-10
6.7475,1.3277401777345953e-10,2.0245481930936674e-10,2.5342801834562703e-10,2.9356730014377916e-10,3.4489735435858686e-10,4.9537095244051038e-10,6.3594008738462051e-10
6.75,1.331281260490896e-10,2.0312178779647088e-10,2.5426500087836701e-10,2.944136310009297e-10,3.4569653462114386e-10,4.9595241598847942e-10,6.3630917499969921e-10
6.7525,1.3349098215398234e-10,2.0380595120845524e-10,2.5512214089066286e-10,2.9528123049558793e-10,3.4651782063861385e-10,4.9655770868419865e-10,6.3670309306453811e-10
6.755,1.3386066435467311e-10,2.045039029221049e-10,2.559950280152013e-10,2.9616531639092161e-10,3.4735625232572171e-10,4.9718200690028789e-10,6.3711826783521169e-10
6.7575,1.3423520553988604e-10,2.0521218160807429e-10,2.5687917124530813e-10,2.9706101206070792e-10,3.4820675100800749e-10,4.9782046552398391e-10,6.3755113084284225e-10
6.76,1.3461265703841984e-10,2.0592731783945352e-10,2.5777007012754704e-10,2.9796347056495218e-10,3.4906427279810089e-10,4.9846820056399085e-10,6.379982912567261e-10
6.7625,1.349911012609958e-10,2.0664580485845025e-10,2.5866322634113802e-10,2.9886792355207553e-10,3.4992387361498529e-10,4.9912029907214212e-10,6.3845630584151758e-10
6.765,1.3536862214454321e-10,2.073640628037371e-10,2.5955410738989414e-10,2.9976962941642076e-10,3.5078068473998472e-10,4.9977188207560556e-10,6.3892154306781989e-10
6.7675,1.3574323190179065e-10,2.0807836625900175e-10,2.6043805187136511e-10,3.0066374060887207e-10,3.5162975752043504e-10,5.0041803848203462e-10,6.393901275311418e-10
6.77,1.3611283876538565e-10,2.0878486432688039e-10,2.6131027771673946e-10,3.0154528323203244e-10,3.5246606228606825e-10,5.0105383515472296e-10,6.398581398776516e-10
6.7725,1.3647525697438203e-10,2.0947966008602613e-10,2.6216599646856615e-10,3.0240925016259854e-10,3.532845778124267e-10,5.0167437155301424e-10,6.4032166035848133e-10
6.775,1.3682825196941743e-10,2.1015888830563789e-10,2.6300051136380175e-10,3.0325072551116147e-10,3.5408037059703924e-10,5.0227485544043478e-10,6.4077677809541505e-10
6.7775,1.3716958325811292e-10,2.1081875052262586e-10,2.6380924436771161e-10,3.0406494200699738e-10,3.5484863622246886e-10,5.0285065470033955e-10,6.4121980961847769e-10
6.78,1.3749705904265003e-10,2.1145553497187754e-10,2.6458772470459748e-10,3.0484727000468042e-10,3.5558468855277755e-10,5.0339729782428194e-10,6.4164718534614854e-10
6.7825,1.3780861489801891e-10,2.1206568602582543e-10,2.6533164512121788e-10,3.0559327893957013e-10,3.5628405752368463e-10,5.0391051577021691e-10,6.4205545438536931e-10
6.785,1.3810234920528733e-10,2.1264585119084468e-10,2.6603691737088038e-10,3.0629877017095111e-10,3.56942549434572e-10,5.0438624497142026e-10,6.4244128429883192e-10
6.7875,1.3837658361106744e-10,2.1319297026351719e-10,2.666998177426589e-10,3.0695993072965487e-10,3.57556385063891e-10,5.0482086635600529e-10,6.4280167908029896e-10
6.79,1.3862984340244284e-10,2.1370427876479325e-10,2.6731702380711684e-10,3.0757338486834034e-10,3.5812218705744604e-10,5.0521124587345901e-10,6.4313407610703658e-10
6.7925,1.3886077562232645e-10,2.1417724214745441e-10,2.6788557638351502e-10,3.0813615719567609e-10,3.5863703728617247e-10,5.0555471564260331e-10,6.4343632239266464e-10
6.795,1.3906806817924036e-10,2.1460948685118516e-10,2.6840280568004023e-10,3.0864561804931284e-10,3.5909843930365094e-10,5.0584910002874896e-10,6.4370659331804359e-10
6.7975,1.3925041848925296e-10,2.1499875693017128e-10,2.6886623779926579e-10,3.0909937832196913e-10,3.5950414680454978e-10,5.0609247465392978e-10,6.4394319337681699e-10
6.8,1.3940657577245169e-10,2.1534293429474152e-10,2.6927359961939699e-10,3.0949527909000613e-10,3.5985215758919307e-10,5.0628324042199611e-10,6.4414493524069774e-10
6.8025,1.3953541931315408e-10,2.1564010787603006e-10,2.6962287349048682e-10,3.0983145410977837e-10,3.6014078685077696e-10,5.0642008109761732e-10,6.4431082991341766e-10
6.805,1.396360200575515e-10,2.1588864339381236e-10,2.6991234819356423e-10,3.1010635175880715e-10,3.6036869173137378e-10,5.0650201216107368e-10,6.444401852274575e-10
6.8075,1.3970768146428743e-10,2.1608724163982398e-10,2.7014064278823468e-10,3.1031875103992183e-10,3.6053483217913733e-10,5.065283762447448e-10,6.4453245201256766e-10
6.81,1.3974997725732851e-10,2.1623499723388474e-10,2.7030678339770346e-10,3.1046783878527075e-10,3.6063861058622778e-10,5.0649896062163562e-10,6.4458744965194117e-10
6.8125,1.3976276512697807e-10,2.1633143006833481e-10,2.7041029499016438e-10,3.1055325379754414e-10,3.6067988694255792e-10,5.0641399582368952e-10,6.446054101196423e-10
6.815,1.3974616644708179e-10,2.1637647248672136e-10,2.7045122571469336e-10,3.1057514458774917e-10,3.6065894790499971e-10,5.0627402635072234e-10,6.4458687519699966e-10
6.8175,1.3970052320748434e-10,2.1637043639181464e-10,2.7043009949203345e-10,3.1053415919600726e-10,3.6057656446173084e-10,5.060800066128776e-10,6.4453282323854258e-10
6.82,1.3962635407808749e-10,2.1631395875590982e-10,2.7034783306194702e-10,3.1043136647968747e-10,3.6043398412538889e-10,5.0583342914179337e-10,6.444444986982734e-10
6.8225,1.3952435009229623e-10,2.1620796750675777e-10,2.7020568493346847e-10,3.1026819902915776e-10,3.6023283775654229e-10,5.055362517501067e-10,6.4432369866960804e-10
6.825,1.3939538941320073e-10,2.1605366345390776e-10,2.7000520460802839e-10,3.1004641270045127e-10,3.5997507491945165e-10,5.0519078322010582e-10,6.4417263609905204e-10
6.8275,1.3924056275113958e-10,2.1585253151477526e-10,2.697482344507751e-10,3.0976806812955298e-10,3.5966298911018549e-10,5.0479963433781119e-10,6.4399376366144277e-10
6.83,1.3906114827009835e-10,2.1560631062759899e-10,2.6943690321358535e-10,3.0943551838594813e-10,3.5929916871075393e-10,5.0436563630615084e-10,6.4378963879030435e-10
6.8325,1.3885858656407904e-10,2.1531698188523362e-10,2.6907365125536865e-10,3.0905137407148822e-10,3.5888637509592862e-10,5.0389171841055365e-10,6.4356281180129219e-10
6.835,1.3863439956061101e-10,2.1498668041694271e-10,2.6866115899443704e-10,3.0861850075566579e-10,3.5842762300313667e-10,5.0338113482625874e-10,6.4331599502530123e-10
6.8375,1.3839013888261959e-10,2.1461767247119796e-10,2.6820225372186655e-10,3.0813991791306999e-10,3.5792605576907234e-10,5.0283727962291253e-10,6.4305220726945042e-10
6.84,1.3812738031901816e-10,2.1421234666792916e-10,2.6769984141336156e-10,3.0761871643435758e-10,3.5738491819513456e-10,5.0226356917179002e-10,6.4277437304304245e-10
6.8425,1.3784777659903634e-10,2.1377324019998566e-10,2.6715691563020052e-10,3.0705801729841064e-10,3.5680747651878829e-10,5.0166332598284166e-10,6.4248525090729043e-10
6.845,1.3755315450314967e-10,2.1330312413126058e-10,2.6657667276327079e-10,3.0646106710439807e-10,3.5619705575874319e-10,5.010398460799457e-10,6.4218762993816744e-10
6.8475,1.3724548660677925e-10,2.1280496466788039e-10,2.6596251639207524e-10,3.0583130649404146e-10,3.5555712569040043e-10,5.0039652961204247e-10,6.4188455577712769e-10
6.85,1.3692685104280632e-10,2.1228189607078435e-10,2.6531804766753246e-10,3.051723679586383e-10,3.5489135047057201e-10,4.9973701313675056e-10,6.4157920857431355e-10
6.8525,1.3659936415278697e-10,2.1173714031287193e-10,2.6464702215420194e-10,3.044880260686642e-10,3.5420350654587217e-10,4.990651537023071e-10,6.4127494960926276e-10
6.855,1.3626510051250188e-10,2.1117389255035989e-10,2.6395325350793981e-10,3.0378211001352533e-10,3.5349738999029885e-10,4.9838472314868464e-10,6.4097486322718421e-10
6.8575,1.3592602179547107e-10,2.105952313110319e-10,2.6324047613200138e-10,3.0305838273555428e-10,3.5277669718275542e-10,4.9769927456011468e-10,6.4068175274624857e-10
6.86,1.3558394274434607e-10,2.1000409093157884e-10,2.6251226173493399e-10,3.0232046724116026e-10,3.5204498140470469e-10,4.9701207473688229e-10,6.4039813033115858e-10
6.8625,1.3524053745279508e-10,2.0940327992078957e-10,2.6177197592533875e-10,3.0157176180373113e-10,3.5130557421865764e-10,4.9632614361967717e-10,6.4012629365028751e-10
6.865,1.3489739274234232e-10,2.0879554212095383e-10,2.6102282277125993e-10,3.0081544014941674e-10,3.5056155738325838e-10,4.9564420242776543e-10,6.3986832316294587e-10
6.8675,1.3455606006807301e-10,2.0818360184316785e-10,2.6026793330558237e-10,3.0005454067998855e-10,3.4981582325766755e-10,4.9496877437805553e-10,6.3962610064654638e-10
6.87,1.3421810450481315e-10,2.0757016879139583e-10,2.5951041867058828e-10,2.9929206994667934e-10,3.4907117981527268e-10,4.9430218903191876e-10,6.3940143262831288e-10
6.8725,1.3388510447157262e-10,2.0695788251709421e-10,2.5875332632555712e-10,2.9853098743252146e-10,3.4833039493381989e-10,4.9364662604688134e-10,6.3919585463445986e-10
6.875,1.3355860736622311e-10,2.0634925606351731e-10,2.5799958252699823e-10,2.9777413987907781e-10,3.4759612023866012e-10,4.9300411843422724e-10,6.3901062330592898e-10
6.8775,1.3324005011498766e-10,2.0574664037676631e-10,2.5725196585872156e-10,2.9702421687137587e-10,3.4687081848547774e-10,4.9237644332419359e-10,6.3884671208915677e-10
6.88,1.3293066191538445e-10,2.051521762660561e-10,2.5651306658620514e-10,2.9628369863311963e-10,3.4615669377609367e-10,4.9176505167019938e-10,6.3870474610009523e-10
6.8825,1.3263140004752692e-10,2.0456776023803792e-10,2.5578524122021682e-10,2.9555480176884401e-10,3.454556485260975e-10,4.9117109782527021e-10,6.3858495554958255e-10
6.885,1.3234296727119764e-10,2.0399505302974286e-10,2.5507060832876399e-10,2.9483949968634664e-10,3.4476932251429127e-10,4.90595478007128e-10,6.3848732339929106e-10
6.8875,1.3206588307514344e-10,2.0343550608161352e-10,2.5437104934710505e-10,2.9413957310613835e-10,3.4409919876086895e-10,4.9003890980066395e-10,6.3841167130721551e-10
6.89,1.3180058415570284e-10,2.0289041370293455e-10,2.5368821759064416e-10,2.9345659805816894e-10,3.434466273590945e-10,4.8950189305023519e-10,6.3835740348677551e-10
6.8925,1.31547499930429e-10,2.0236096415627786e-10,2.5302356302679651e-10,2.9279194864546991e-10,3.4281280850633079e-10,4.8898480346902672e-10,6.3832390200155532e-10
6.895,1.313070774642175e-10,2.0184827530771225e-10,2.5237839024545021e-10,2.9214680186605508e-10,3.4219872500520651e-10,4.8848784651506985e-10,6.3831051313106302e-10
6.8975,1.3107973420009731e-10,2.0135336947701299e-10,2.5175390450074248e-10,2.9152219200035524e-10,3.4160513762761926e-10,4.8801103071871996e-10,6.3831636917880516e-10
6.9,1.308658039012056e-10,2.0087714278994815e-10,2.51151244943568e-10,2.9091911690254291e-10,3.4103271681868986e-10,4.875542352705021e-10,6.3834020474449712e-10
6.9025,1.3066547211747924e-10,2.0042032075003213e-10,2.5057142724994691e-10,2.9033849640799134e-10,3.404820285418031e-10,4.8711718339631728e-10,6.3838061465885373e-10
6.905,1.3047876222379283e-10,1.9998348234096025e-10,2.5001534350582502e-10,2.8978115335588794e-10,3.3995359231404523e-10,4.8669955923824512e-10,6.3843616919673816e-10
6.9075,1.3030557268587285e-10,1.9956712408445096e-10,2.4948379542228977e-10,2.8924781898260969e-10,3.3944791328322719e-10,4.8630101435481219e-10,6.385052017821287e-10
6.91,1.3014572707588282e-10,1.9917168633215929e-10,2.4897750979559124e-10,2.8873916763007487e-10,3.3896547121075491e-10,4.8592123635576839e-10,6.3858620367895887e-10
6.9125,1.2999905529862274e-10,1.9879759521459776e-10,2.4849717489976737e-10,2.8825583664355463e-10,3.3850674034782113e-10,4.8555996356088428e-10,6.3867784449466216e-10
6.915,1.29865446155155e-10,1.9844527987459312e-10,2.4804348119070436e-10,2.8779849522580417e-10,3.3807226644082497e-10,4.8521714272056662e-10,6.3877924324513032e-10
6.9175,1.2974486442944459e-10,1.9811520064603349e-10,2.4761716265991768e-10,2.8736788500128213e-10,3.376626602800875e-10,4.848927683937751e-10,6.3888939837730921e-10
6.92,1.2963731768293153e-10,1.9780785732178229e-10,2.4721901101140452e-10,2.8696482623385915e-10,3.3727861670868986e-10,4.8458694371678667e-10,6.390070821984957e-10
6.9225,1.2954280966412668e-10,1.9752377241225458e-10,2.4684984506972203e-10,2.8659017459590195e-10,3.369208750672478e-10,4.8429981545466073e-10,6.391310614225964e-10
6.925,1.2946131760245667e-10,1.9726347148574428e-10,2.4651048906499838e-10,2.8624479977087993e-10,3.3659021372399372e-10,4.8403170352110123e-10,6.3926058280364733e-10
6.9275,1.2939280831252716e-10,1.9702748670442367e-10,2.462017746644947e-10,2.8592959814559067e-10,3.3628746114783991e-10,4.8378310052010213e-10,6.3939528098727227e-10
6.93,1.2933727698389005e-10,1.9681637944287341e-10,2.4592456278717707e-10,2.8564550057767373e-10,3.360135071770333e-10,4.8355472469789369e-10,6.3953501007522416e-10
6.9325,1.2929478372879415e-10,1.9663077252195451e-10,2.4567977648099027e-10,2.8539351568969681e-10,3.3576934692447881e-10,4.8334743258474453e-10,6.3967971387194565e-10
6.935,1.2926545918151874e-10,1.9647136416974129e-10,2.4546843175399468e-10,2.8517478497238796e-10,3.355561211580965e-10,4.8316216138709971e-10,6.3982947666138429e-10
6.9375,1.2924948828822256e-10,1.9633890140856345e-10,2.4529161570251048e-10,2.8499054294583215e-10,3.3537515199782806e-10,4.8300002773832465e-10,6.3998462709208734e-10
6.94,1.2924707385947209e-10,1.962341375574204e-10,2.4515043677406201e-10,2.8484207459849735e-10,3.3522786771474658e-10,4.8286230889299688e-10,6.4014573439472096e-10
6.9425,1.292583949875253e-10,1.9615778489653338e-10,2.4504595888134797e-10,2.8473063736896379e-10,3.3511563917690875e-10,4.8275025698379098e-10,6.4031339796385716e-10
6.945,1.2928359455918292e-10,1.9611050234450506e-10,2.4497918384864064e-10,2.8465741522477577e-10,3.3503978407651983e-10,4.8266517561618169e-10,6.4048837162100858e-10
6.9475,1.2932280086739153e-10,1.960929332087649e-10,2.4495106964795439e-10,2.8462354940515456e-10,3.3500157350216664e-10,4.8260846541782044e-10,6.406715778425612e-10
6.95,1.2937617118205508e-10,1.9610574731140973e-10,2.4496255928894823e-10,2.8463014066749488e-10,3.3500221275026718e-10,4.8258152940925242e-10,6.4086401962911601e-10
6.9525,1.2944393742231663e-10,1.9614967836681526e-10,2.4501463435524211e-10,2.8467832617760976e-10,3.3504292442073339e-10,4.8258576911688064e-10,6.4106693427068192e-10
6.955,1.2952642108686046e-10,1.962255191997808e-10,2.4510831510199332e-10,2.8476928487382493e-10,3.3512499396583589e-10,4.8262270938133467e-10,6.4128182691992699e-10
6.9575,1.2962400684665088e-10,1.9633407905789229e-10,2.4524464110487079e-10,2.8490423518800292e-10,3.3524973973988978e-10,4.8269387977315381e-10,6.415103807465934e-10
6.96,1.297370733950537e-10,1.9647610143823139e-10,2.4542459533153633e-10,2.8508434675502785e-10,3.3541846089253396e-10,4.8280085817082721e-10,6.4175439472893241e-10
6.9625,1.2986592203490927e-10,1.966522025775928e-10,2.4564900008714158e-10,2.8531063944404072e-10,3.3563237874693026e-10,4.8294519321953558e-10,6.4201564620795311e-10
6.965,1.3001073681931985e-10,1.9686282373078813e-10,2.459184214532942e-10,2.8558381711540755e-10,3.3589240201296398e-10,4.8312818961891569e-10,6.4229573933702941e-10
6.9675,1.3017160784813158e-10,1.9710822630267278e-10,2.4623314103880512e-10,2.8590423899869413e-10,3.3619906047820416e-10,4.8335070315997677e-10,6.4259591472273364e-10
6.97,1.3034857697300395e-10,1.9738853545840335e-10,2.4659321194978253e-10,2.8627200985248795e-10,3.3655259474994286e-10,4.8361322307515024e-10,6.4291705348487716e-10
6.9725,1.3054166573290381e-10,1.9770376115281373e-10,2.4699849952201251e-10,2.8668701022902743e-10,3.3695301100111692e-10,4.839160849250242e-10,6.4325986406912302e-10
6.975,1.3075087367660458e-10,1.9805380289417155e-10,2.4744870943878474e-10,2.8714892081410489e-10,3.3740007942916001e-10,4.8425954069752973e-10,6.4362514137584831e-10
6.9775,1.3097614091105473e-10,1.9843841727587554e-10,2.479433635264093e-10,2.8765722476387634e-10,3.3789333142116278e-10,4.8464359662457743e-10,6.4401361436560045e-10
6.98,1.3121732265587578e-10,1.9885718883901561e-10,2.4848178713653736e-10,2.8821122217270774e-10,3.3843207215626605e-10,4.8506799465056471e-10,6.444259018557719e-10
6.9825,1.3147416347225263e-10,1.9930949751429889e-10,2.4906307614969737e-10,2.8881000511109613e-10,3.3901539545724191e-10,4.8553212396316739e-10,6.4486229865034315e-10
6.985,1.3174626656875027e-10,1.9979448706803054e-10,2.496860487516208e-10,2.8945238438157392e-10,3.3964212805243448e-10,4.8603500093456496e-10,6.4532281690308619e-10
6.9875,1.3203307195792259e-10,2.0031102199393412e-10,2.5034915548224565e-10,2.901367557627157e-10,3.4031068984841601e-10,4.8657519122504711e-10,6.4580703116508789e-10
6.99,1.3233386813941233e-10,2.0085768200828466e-10,2.5105042869761584e-10,2.9086102620117806e-10,3.4101900997890623e-10,4.8715080685302104e-10,6.4631408733198553e-10
6.9925,1.3264784600807797e-10,2.0143282173447855e-10,2.5178754071045728e-10,2.9162263990006277e-10,3.4176452698434333e-10,4.8775953454260518e-10,6.4684268448025521e-10
6.995,1.3297417011965899e-10,2.0203468047029215e-10,2.525579697475344e-10,2.924188012598749e-10,3.4254435156601971e-10,4.883988084180462e-10,6.4739135134149338e-10
6.9975,1.3331197741403019e-10,2.026613880780677e-10,2.5335903987255148e-10,2.9324655258600589e-10,3.4335539392331783e-10,4.8906578612177188e-10,6.4795829752337149e-10
7.0,1.3366034414192695e-10,2.0331091646563003e-10,2.5418788244864962e-10,2.9410275352437096e-10,3.44194377808698e-10,4.8975736599295042e-10,6.4854152035682727e-10
