Physical Time (s),ep_bot Monitor (kg-m/s^3): bot_cv1,ep_bot Monitor (kg-m/s^3): bot_cv2,ep_bot Monitor (kg-m/s^3): bot_cv3,ep_bot Monitor (kg-m/s^3): bot_cv4,ep_bot Monitor (kg-m/s^3): bot_cv5,ep_bot Monitor (kg-m/s^3): bot_cv6,ep_bot Monitor (kg-m/s^3): bot_cv7
0.0025,4.7319800339680134e-11,4.9867257285676413e-11,5.131830627686501e-11,5.1347267076775862e-11,5.1347638457176723e-11,5.1347648094972731e-11,5.1347648123341853e-11
0.005,8.8044324146089488e-09,1.058162225350704e-08,1.1569692154330303e-08,1.1587371260833181e-08,1.1587493879314828e-08,1.1587495259296153e-08,1.1587495260081492e-08
0.0075,2.2644158208509788e-07,3.026058489620037e-07,3.6275664399727324e-07,3.6483720408767416e-07,3.6485545737014031e-07,3.6485559933010989e-07,3.6485559934203807e-07
0.01,1.6355994852650597e-06,2.1964981444891405e-06,2.8692334994034749e-06,2.9208810578884364e-06,2.9217557151780443e-06,2.92176365177288e-06,2.9217636518237769e-06
0.0125,5.6006907520030475e-06,7.1369472604489869e-06,9.8868742503766668e-06,1.0322489049795486e-05,1.0338219378710269e-05,1.0338447571907177e-05,1.0338447572701108e-05
0.015,1.1586053618108392e-05,1.3759846329891065e-05,1.9617521857670248e-05,2.1373331629963386e-05,2.1504589143270162e-05,2.1508083173144026e-05,2.1508083305794451e-05
0.0175,1.4701369706796734e-05,1.5942911255499631e-05,2.2784837021287992e-05,2.6821542218861803e-05,2.7422176898440435e-05,2.7452866453255851e-05,2.7452871367758687e-05
0.02,9.5844088857794863e-06,9.1487217185493385e-06,1.2321235336504461e-05,1.7737896677987415e-05,1.9366032748443741e-05,1.9522264350835947e-05,1.9522336536964881e-05
0.0225,-2.8575824681373828e-07,-9.4108635697209814e-07,-2.3283438743045155e-06,1.3083362164680953e-06,4.1085488130204496e-06,4.6463926582340305e-06,4.6471306077938712e-06
0.025,-9.1304486174796057e-07,-1.0105349143554096e-06,-2.7112530967445609e-06,-2.7085924970431665e-06,1.4857931706561984e-07,1.410014096117123e-06,1.4155056534152925e-06
0.0275,5.9508968362944041e-06,6.043188416928484e-06,6.3899462330016016e-06,5.0182993417563944e-06,6.2554107108273568e-06,8.2768582991953003e-06,8.3056845798242071e-06
0.03,7.5182827134013902e-06,7.5964228663949778e-06,9.0002595695253927e-06,9.2746563495543384e-06,8.7802636438534178e-06,1.0937378602457765e-05,1.1044815312253504e-05
0.0325,3.8379444959286948e-06,3.8853975004030097e-06,5.0105491389315159e-06,7.0546275621341734e-06,6.5984355615703267e-06,7.9901129796553432e-06,8.2793952092646569e-06
0.035,9.1049585796090235e-07,9.3269886359724133e-07,1.4113251072518515e-06,3.5170142035289741e-06,4.4790029058369317e-06,4.8548778024752927e-06,5.4230836797576138e-06
0.0375,3.4501554898773641e-08,3.4406011403720563e-08,1.0133278203621288e-07,1.2070039797885603e-06,3.1200310912763509e-06,3.1697715856406439e-06,3.981616885220084e-06
0.04,3.1460587018816232e-08,5.001692701800042e-08,4.1584372387032008e-08,2.9149033675409488e-07,1.8846332514594914e-06,2.4864638503082855e-06,3.3165739508940317e-06
0.0425,1.9419540720496765e-07,2.6614330145396269e-07,3.9150323564807916e-07,3.596321883188449e-07,1.0605436426311596e-06,2.4599258732637467e-06,3.0627629623947765e-06
0.045,3.3915540313648853e-07,4.3969733270171392e-07,7.1115692203706307e-07,7.6704359496518216e-07,8.6432994497518768e-07,2.6118319966587085e-06,2.9902303206751556e-06
0.0475,3.9711469801388947e-07,4.7573129549318194e-07,7.7296538903732606e-07,9.7894175236268628e-07,9.475704304669405e-07,2.4065511333713626e-06,2.8254441456126687e-06
0.05,3.3451111616726849e-07,3.6763897529102884e-07,5.7205642550819478e-07,8.3081549944226423e-07,8.9967354236404406e-07,1.7375049861222544e-06,2.4268102937432275e-06
0.0525,1.8998532051858746e-07,1.8790576739491489e-07,2.654309340539539e-07,4.6827286332222119e-07,6.3219220681489986e-07,9.447656455285973e-07,1.8679088350922541e-06
0.055,4.9384227284654584e-08,3.3042127356553129e-08,2.2593248780194169e-08,1.2334513055737459e-07,2.9677666147262511e-07,3.8624462153324083e-07,1.33382206662331e-06
0.0575,-2.7989231317471807e-08,-4.4817614943458226e-08,-8.7216398214423286e-08,-6.9837673422160875e-08,4.898980069271038e-08,1.4260758152249234e-07,9.6743793806510996e-07
0.06,-4.3973510161847995e-08,-5.6754412987747181e-08,-9.6519039578296354e-08,-1.1683143328121055e-07,-6.6286857472423257e-08,8.4891931422090445e-08,7.8941410284777879e-07
0.0625,-3.1330721365206393e-08,-3.9916366258350226e-08,-6.7387702462158804e-08,-9.0139215514917651e-08,-8.5223294961259697e-08,7.4173455267683502e-08,7.1918571128342429e-07
0.065,-9.1565202405594313e-09,-1.4050449429147703e-08,-3.0424982228604647e-08,-4.3666962644686435e-08,-5.3667495874070645e-08,6.1122908716954039e-08,6.558048068908327e-07
0.0675,2.6063144122008458e-08,2.4780108661966938e-08,1.9069209872113011e-08,1.2913216098832566e-08,6.2768968669689402e-09,6.3426488558668348e-08,5.5267441976415848e-07
0.07,7.8399549561907912e-08,8.0494090693077021e-08,8.7544039188659187e-08,8.539621237713162e-08,8.47477979366173e-08,1.0257852122041722e-07,4.3305615569020587e-07
0.0725,1.3634325730746375e-07,1.4041940670680323e-07,1.6023872448322196e-07,1.6378919279377699e-07,1.6489021158991357e-07,1.6807274934703561e-07,3.4392028770957412e-07
0.075,1.797339866796701e-07,1.8283312940559524e-07,2.095524959248691e-07,2.2162791825666424e-07,2.2240948017302618e-07,2.2533355947155919e-07,3.0165233238818731e-07
0.0775,1.9562293080086387e-07,1.9383754456458405e-07,2.1685590521006604e-07,2.3610267544753528e-07,2.3864468452281967e-07,2.4362732980454902e-07,2.8073903510823837e-07
0.08,1.8493040435280864e-07,1.7450687294312465e-07,1.8302514575128811e-07,2.029606558137368e-07,2.0985299196068403e-07,2.1418997284443295e-07,2.4438465451384991e-07
0.0825,1.5757793099630249e-07,1.3572128583313846e-07,1.2257854982864098e-07,1.3489370458747828e-07,1.4553598924666571e-07,1.4835576490456006e-07,1.7614342982542788e-07
0.085,1.2454414511954303e-07,8.9624112930019907e-08,5.2141051343105283e-08,5.0490279818509725e-08,6.0693729711261861e-08,6.443591144567069e-08,8.42197394700693e-08
0.0875,9.3686625907351831e-08,4.5189079785565385e-08,-1.6166315860521959e-08,-3.4629986559539472e-08,-3.0400338850289527e-08,-2.3205613902467106e-08,-1.3639390952599301e-08
0.09,6.9354119479231424e-08,8.0144650752248447e-09,-7.5083448255924965e-08,-1.1030715939914598e-07,-1.1643010429250465e-07,-1.0700471545672003e-07,-1.0400649618615231e-07
0.0925,5.2848798129773323e-08,-1.8953467520116192e-08,-1.2049570069486559e-07,-1.7067582173716515e-07,-1.8909036914050736e-07,-1.8331332268763077e-07,-1.8133454226796965e-07
0.095,4.2008160730413398e-08,-3.5961885507462482e-08,-1.5126971729250087e-07,-2.1357911576470894e-07,-2.4377645176368408e-07,-2.4957329159242692e-07,-2.4552451842918389e-07
0.0975,3.0866708039524728e-08,-4.7268629754421404e-08,-1.7001216168471388e-07,-2.4084182818940111e-07,-2.8047498284978796e-07,-3.0377163228549401e-07,-2.987958411382929e-07
0.1,1.083946999627543e-08,-6.0619816978630253e-08,-1.8299116460999063e-07,-2.5808017886718635e-07,-3.0370102931056831e-07,-3.4554263694835565e-07,-3.4412245872519341e-07
0.1025,-2.6326178623168718e-08,-8.4839741506691242e-08,-1.9833493009934372e-07,-2.7298618116390154e-07,-3.2073462036300737e-07,-3.7692703624398384e-07,-3.8461470358937999e-07
0.105,-8.4744330073924099e-08,-1.2615534282772425e-07,-2.2288236680876712e-07,-2.922781080033302e-07,-3.3840801412158742e-07,-4.0134103567790939e-07,-4.224274942010209e-07
0.1075,-1.6102782882461642e-07,-1.8439642869386106e-07,-2.586703024705869e-07,-3.1835930738725349e-07,-3.5954893989543165e-07,-4.2082956752182238e-07,-4.5662917105667036e-07
0.11,-2.4299266321249765e-07,-2.5075111141321184e-07,-3.0049596715178137e-07,-3.471732276144879e-07,-3.8074838626031052e-07,-4.333488536598471e-07,-4.8129410526870104e-07
0.1125,-3.1244701317639529e-07,-3.091324631276908e-07,-3.3608103225891681e-07,-3.6841419171343019e-07,-3.9265725023834702e-07,-4.3203163046225417e-07,-4.8596510782534947e-07
0.115,-3.5046951415975129e-07,-3.4079165894952256e-07,-3.4926356181781258e-07,-3.682879742422594e-07,-3.8285100609816266e-07,-4.0706916288269307e-07,-4.5855786707866574e-07
0.1175,-3.438231739148456e-07,-3.3107318187991112e-07,-3.2596863041792469e-07,-3.3469157871275387e-07,-3.4090412568915281e-07,-3.5041976679291001e-07,-3.9070064026890725e-07
0.12,-2.9080469785245007e-07,-2.7602277941944561e-07,-2.6070255264462579e-07,-2.628010270196155e-07,-2.6347160011479673e-07,-2.6088201938997207e-07,-2.8313313338299077e-07
0.1225,-2.032050739452588e-07,-1.8527777844326691e-07,-1.6015668046172115e-07,-1.5821127445991957e-07,-1.5672036083413785e-07,-1.4635965992943565e-07,-1.4756916860669065e-07
0.125,-1.029916476151225e-07,-7.9489346760049297e-08,-4.1901185347541505e-08,-3.5965740947029901e-08,-3.4886695602416574e-08,-2.1934807925559551e-08,-3.6459542812032358e-09
0.1275,-1.4622258595644786e-08,1.7074626448112589e-08,7.1632285371545077e-08,8.4354838158960593e-08,8.4492780374742792e-08,9.5453723004119905e-08,1.2781727604228363e-07
0.13,4.496401971003552e-08,8.6807701548104888e-08,1.6275767003172506e-07,1.8692230559593403e-07,1.8801630388440422e-07,1.9446473324392987e-07,2.3340909305937406e-07
0.1325,7.1267472319622751e-08,1.2415267883537723e-07,2.240580472918637e-07,2.6437993862845035e-07,2.7008083927269746e-07,2.7230668990430914e-07,3.1045678391209097e-07
0.135,7.0343734056701311e-08,1.3401139429393221e-07,2.5734018100916111e-07,3.1673647470716932e-07,3.3109865370488439e-07,3.3195126647088726e-07,3.6384361633820786e-07
0.1375,5.365329832632076e-08,1.2672092425136309e-07,2.6941858978321865e-07,3.4775016737451731e-07,3.7377580348179088e-07,3.7755214145084035e-07,4.0053559462668428e-07
0.14,3.2096803430780634e-08,1.1210988021254504e-07,2.6698024814383649e-07,3.6070376945158726e-07,3.9929733510270031e-07,4.1027084208942917e-07,4.2442669367759652e-07
0.1425,1.2067611502722069e-08,9.5566541633731814e-08,2.5341026789892156e-07,3.5618430053971318e-07,4.0579760990096544e-07,4.269250170769198e-07,4.3425396079844002e-07
0.145,-5.1437498745480307e-09,7.7524205616157126e-08,2.2871670923928662e-07,3.3277600091987375e-07,3.8981205718579834e-07,4.2201680859743238e-07,4.2526685881657632e-07
0.1475,-2.0772511097376218e-08,5.6225032481528376e-08,1.9212139561162865e-07,2.8985668969581203e-07,3.4958350032835606e-07,3.9174419011546932e-07,3.933389006931804e-07
0.15,-3.5069513689857417e-08,3.1508314965977e-08,1.454074592291052e-07,2.3063952245015298e-07,2.8822185135872768e-07,3.3765609229499816e-07,3.3908589330635147e-07
0.1525,-4.5456173921589951e-08,6.8105181204575141e-09,9.4474281080219595e-08,1.631760155592137e-07,2.1453670509408924e-07,2.6768277308064841e-07,2.6947154756250462e-07
0.155,-4.724306491763521e-08,-1.1680046328732816e-08,4.8087324751732479e-08,9.8521946417712977e-08,1.4086764917116877e-07,1.939447727664592e-07,1.9607237995353658e-07
0.1575,-3.6113362283120879e-08,-1.7853673666022331e-08,1.4693690386370121e-08,4.7120533558326858e-08,7.9108511511559775e-08,1.2865191435408977e-07,1.3115091998988914e-07
0.16,-1.0786725304567304e-08,-8.7598164582140662e-09,-9.5901034288180362e-10,1.5141775374523587e-08,3.6722747361808468e-08,7.9959509504518818e-08,8.3362538969875947e-08
0.1625,2.5714188691143688e-08,1.3775200760208626e-08,3.7729356694186822e-10,2.577782501176404e-09,1.4624387403079968e-08,4.9670972411044846e-08,5.5086413548490736e-08
0.165,6.6872852348963464e-08,4.3803103152214959e-08,1.3096082001606103e-08,3.9376665345800405e-09,7.7743742028547963e-09,3.3628506806138922e-08,4.2414266544779461e-08
0.1675,1.0494196091735172e-07,7.3647193337678389e-08,2.9363115564561898e-08,1.1090772071512765e-08,8.0904896389574794e-09,2.4462855634218826e-08,3.7651368508993985e-08
0.17,1.3332606422298161e-07,9.6569780780254107e-08,4.2138759421321696e-08,1.6575159756642669e-08,7.9268822134660513e-09,1.5021220862805399e-08,3.27471075581936e-08
0.1725,1.4824966916322908e-07,1.0862384062473203e-07,4.7244438140467884e-08,1.5861995924751524e-08,2.4983194467374908e-09,7.9824202714388149e-10,2.1947239067632687e-08
0.175,1.4925616909338112e-07,1.0920403959389867e-07,4.3985315456100896e-08,8.0913892639136927e-09,-9.2496524611151429e-09,-1.9114397475216181e-08,3.0863996839423219e-09
0.1775,1.3866909776788583e-07,1.0043542142697348e-07,3.4459657438875158e-08,-4.6077381996808174e-09,-2.5245562257477501e-08,-4.2524071260143509e-08,-2.2562515483864027e-08
0.18,1.2044092168489008e-07,8.5939252903721395e-08,2.2184959427387685e-08,-1.856028698918381e-08,-4.1723629875040569e-08,-6.5470172304836244e-08,-5.1362658498803407e-08
0.1825,9.8891040863856247e-08,6.9541565055764585e-08,1.0699909696777512e-08,-3.0054363262907796e-08,-5.4782970847630997e-08,-8.3742644682246886e-08,-7.8721677382472117e-08
0.185,7.7721780779348777e-08,5.4349956840128073e-08,2.6293081058544309e-09,-3.6379159791922011e-08,-6.150800327699794e-08,-9.4025292945164041e-08,-1.0026744336267868e-07
0.1875,5.9481455328518815e-08,4.233069707177328e-08,-6.6747262790637764e-10,-3.6243251002795857e-08,-6.0480701116385673e-08,-9.4504754570090806e-08,-1.126248097486085e-07
0.19,4.5437288263962371e-08,3.4291557219668421e-08,9.9410496225099655e-10,-2.9698271170755684e-08,-5.1776241065824453e-08,-8.5004614193905643e-08,-1.1381994908432772e-07
0.1925,3.5713052910507214e-08,3.0081073502625576e-08,6.9178875557749904e-09,-1.7810475859978828e-08,-3.6664022616810309e-08,-6.6822668580610065e-08,-1.0345004710338908e-07
0.195,2.9580849137163572e-08,2.8870908803925652e-08,1.5847770782839497e-08,-2.2784001180020565e-09,-1.7199686161087026e-08,-4.2401479918800448e-08,-8.2688330394682597e-08
0.1975,2.5796567469485458e-08,2.9433685803043346e-08,2.6234683091506443e-08,1.4904392984853934e-08,4.1844341997135927e-09,-1.4900685945616787e-08,-5.4135896504311951e-08
0.2,2.2927515263455797e-08,3.0402092378802318e-08,3.6466502943615163e-08,3.1745108982317025e-08,2.5075365532993618e-08,1.2331205361105917e-08,-2.144821700906602e-08
0.2025,1.9649451064089727e-08,3.0509295619132443e-08,4.5078382650513499e-08,4.6506755250430378e-08,4.3430639786154745e-08,3.6323427017679312e-08,1.1265480069410267e-08
0.205,1.4998350184589617e-08,2.880119046496555e-08,5.0918204471727715e-08,5.7869179463996232e-08,5.7790815298082529e-08,5.492229880977066e-08,4.010694291071228e-08
0.2075,8.5636921996038542e-09,2.4823062949538171e-08,5.3299570055202616e-08,6.5042287177293118e-08,6.7389490811282558e-08,6.7074796789213073e-08,6.2035927696827629e-08
0.21,5.5819157495083507e-10,1.8713929672754686e-08,5.2120226504785862e-08,6.7849980642989284e-08,7.2192329852489922e-08,7.2939854036138915e-08,7.542549858652215e-08
0.2125,-8.2689313116196847e-09,1.1157238071338107e-08,4.7863235704469264e-08,6.6701819972855631e-08,7.2787020002067152e-08,7.3702504308258857e-08,8.029983047875401e-08
0.215,-1.6862773323455314e-08,3.1850478620299304e-09,4.1455267138444013e-08,6.2434767838935595e-08,7.0132810645349435e-08,7.1110363831217425e-08,7.8144168991898665e-08
0.2175,-2.4145008531518066e-08,-4.0764602957993211e-09,3.4059890375931076e-08,5.6111461886918263e-08,6.5289900043764848e-08,6.6923620905820523e-08,7.1393270267052411e-08
0.22,-2.9291734243598576e-08,-9.6686314900215569e-09,2.6858192012958641e-08,4.8840943142773675e-08,5.9227619185781272e-08,6.2475611237389177e-08,6.2771411611093398e-08
0.2225,-3.1899052610911293e-08,-1.2968111420562969e-08,2.0895294706897805e-08,4.1683027016262512e-08,5.2776563698721005e-08,5.849707121758815e-08,5.4698892735071653e-08
0.225,-3.2016074718264012e-08,-1.3743719831373631e-08,1.6999147029626562e-08,3.5623059576311638e-08,4.6696171486421456e-08,5.5220592217853192e-08,4.8907360096327391e-08
0.2275,-3.0044221759274896e-08,-1.2101756957538755e-08,1.5761842644509773e-08,3.1578876769068013e-08,4.1785197599662011e-08,5.267794063733769e-08,4.6319671949345771e-08
0.23,-2.6572483234259693e-08,-8.3867355874786918e-09,1.7514207277673491e-08,3.0343925404908294e-08,3.8894593523178507e-08,5.0979554794289212e-08,4.7110009167275953e-08
0.2325,-2.2210701364447976e-08,-3.082254398689123e-09,2.2283423925537603e-08,3.2463619488362014e-08,3.8814133685545876e-08,5.0449024963761941e-08,5.0880070929791076e-08
0.235,-1.7481956645097649e-08,3.2431907922156738e-09,2.9721349571969626e-08,3.8056212758235408e-08,4.2044678580378519e-08,5.1545958651089236e-08,5.6846986217773833e-08
0.2375,-1.276558252901483e-08,9.9726881953401269e-09,3.9057644301092436e-08,4.6652391277073399e-08,4.8541005945528204e-08,5.4619869671922871e-08,6.3987432283842284e-08
0.24,-8.0702814325311813e-09,1.6756504961897235e-08,4.9537311385598003e-08,5.7530699771633602e-08,5.7845625301274389e-08,5.9720829179032574e-08,7.1143278200476678e-08
0.2425,-3.7751681143695423e-09,2.2565628300193872e-08,5.9109088146086335e-08,6.8499520497797786e-08,6.8109926695195438e-08,6.6071363391251324e-08,7.7036812586792592e-08
0.245,4.1658554204849634e-10,2.7223491671652604e-08,6.6622493919272682e-08,7.7950929329822574e-08,7.770637506453653e-08,7.2686418946562866e-08,8.0753870099080794e-08
0.2475,4.7651303713661101e-09,3.0600692814702432e-08,7.0884688324452366e-08,8.4043259822115534e-08,8.459854039386651e-08,7.8033463139760337e-08,8.1578434761903546e-08
0.25,9.5811245670069003e-09,3.2952270020220929e-08,7.1567958987184848e-08,8.5825660098805058e-08,8.7479870567870626e-08,8.0842039101159781e-08,7.9431156927083359e-08
0.2525,1.5124055940628782e-08,3.4751497706967428e-08,6.9154846365098355e-08,8.3410629919878028e-08,8.6114733386823163e-08,8.0515716569562602e-08,7.4793272988439097e-08
0.255,2.1668420153236225e-08,3.6385760669472053e-08,6.4106745133262656e-08,7.712739118548059e-08,8.0605764314755582e-08,7.6683671395370361e-08,6.7887109218676858e-08
0.2575,2.9095783244584286e-08,3.8336475574305778e-08,5.7625363548583504e-08,6.8249627326511603e-08,7.2031452981489227e-08,6.994436801996706e-08,5.9712995445615254e-08
0.26,3.7261621720193583e-08,4.0881465286892137e-08,5.062000980103823e-08,5.7835714389626484e-08,6.1404023716565021e-08,6.0972025247958238e-08,5.0813456872574703e-08
0.2625,4.5670947109442572e-08,4.4198055289131425e-08,4.4426161738267305e-08,4.7603287823520975e-08,5.0466346693215047e-08,5.1271644150364187e-08,4.2353545062919474e-08
0.265,5.3866181894157826e-08,4.8113041480815353e-08,3.951905945943842e-08,3.8328101528900276e-08,4.0068691432014408e-08,4.1638451471880374e-08,3.4612670841240063e-08
0.2675,6.1293825102609816e-08,5.239772309888854e-08,3.6535803889276449e-08,3.1099703582575128e-08,3.1420986298810707e-08,3.3274473387484512e-08,2.8326259511843221e-08
0.27,6.7554790978537517e-08,5.6769068808004891e-08,3.5659392039724377e-08,2.6456364918139198e-08,2.5186763316939707e-08,2.6885413571457129e-08,2.3851426942168485e-08
0.2725,7.2157121469337877e-08,6.0804715172463749e-08,3.6941837223911577e-08,2.4918824927906217e-08,2.2107392312475646e-08,2.3273474355695437e-08,2.1777357960256756e-08
0.275,7.5108707429731985e-08,6.4331269167993942e-08,4.0063603953788563e-08,2.6307216492084798e-08,2.214390490036582e-08,2.2493659164042538e-08,2.2095650646593349e-08
0.2775,7.652401429269045e-08,6.7206540916673825e-08,4.455426225310539e-08,3.0190356045833656e-08,2.5005158745146354e-08,2.437330426258249e-08,2.4657600921086616e-08
0.28,7.6615363427776793e-08,6.9464875271373054e-08,5.0173415010786917e-08,3.6254688307854379e-08,3.0422172530657758e-08,2.8731193850261195e-08,2.9356165263137189e-08
0.2825,7.5390665768362439e-08,7.0776248448416116e-08,5.6037809519850077e-08,4.3511326137209791e-08,3.7487695304175073e-08,3.4825403640350332e-08,3.5504472749815055e-08
0.285,7.2828848208903128e-08,7.1008367284173973e-08,6.1805295169214288e-08,5.1529664858635271e-08,4.5771487640805008e-08,4.2317442972392324e-08,4.2824543055113189e-08
0.2875,6.9072529245491242e-08,6.9906583177637131e-08,6.6337645033661014e-08,5.8800664329727881e-08,5.3713374518680605e-08,4.9786419657006272e-08,4.99542370444953e-08
0.29,6.4302520311519735e-08,6.7482877415302041e-08,6.9153258111266281e-08,6.451922638158736e-08,6.0397140818323798e-08,5.6344912029132776e-08,5.606934245550869e-08
0.2925,5.8974436213155109e-08,6.39956309304925e-08,6.9905887490286404e-08,6.7900650007340806e-08,6.4854547787556364e-08,6.0995007892523815e-08,6.0249369272120479e-08
0.295,5.3121688598553546e-08,5.9515129828420217e-08,6.8670010051102506e-08,6.888076501372253e-08,6.6907025903205409e-08,6.3463270471539235e-08,6.2271736385172111e-08
0.2975,4.6642237055399053e-08,5.3977164982403642e-08,6.5432045897657795e-08,6.7387235211993075e-08,6.6392150760257881e-08,6.34857265769512e-08,6.190043970518964e-08
0.3,3.9278221025444271e-08,4.7195827759456744e-08,6.0103113732913395e-08,6.3332435861988985e-08,6.3162899655095677e-08,6.0816945983614449e-08,5.8881741115647629e-08
0.3025,3.1481823953775619e-08,3.9733941683957897e-08,5.3271295701611134e-08,5.7200961345482413e-08,5.7596297286695037e-08,5.5717384816918741e-08,5.3463512923386216e-08
0.305,2.3782637000210867e-08,3.2286492188009061e-08,4.5832698718074061e-08,4.9867001075892725e-08,5.0501401945481074e-08,4.8892130180007333e-08,4.6307393249825038e-08
0.3075,1.6369602387739012e-08,2.5088197842571498e-08,3.8172932363678756e-08,4.1722506512103173e-08,4.2236266174581015e-08,4.0609850989136068e-08,3.7602705758051724e-08
0.31,9.7325414396704568e-09,1.8623382983307661e-08,3.0858686379026774e-08,3.336626038310739e-08,3.3372038701016314e-08,3.1364448976097699e-08,2.777335034953634e-08
0.3125,4.2595359978306195e-09,1.332563387394041e-08,2.4505319968891067e-08,2.5527830424163836e-08,2.4651265661273254e-08,2.1852179945980597e-08,1.745658220574442e-08
0.315,4.2949230424646738e-11,9.3259020262676452e-09,1.9403734104790854e-08,1.8602294811922708e-08,1.6487589441320239e-08,1.2445300717386969e-08,6.9784878827454026e-09
0.3175,-2.7412887389903772e-09,6.8002977868908122e-09,1.5858256900198546e-08,1.3063364926333127e-08,9.4440544838882481e-09,3.739207286084307e-09,-3.05059152411644e-09
0.32,-4.0518544665850511e-09,5.7656033892678712e-09,1.3936987459605993e-08,9.1558553942448591e-09,3.9025246363891633e-09,-3.7710210084723556e-09,-1.2064211285415443e-08
0.3225,-3.8960502379470769e-09,6.1494130530334114e-09,1.3431383049550917e-08,6.6195656728836104e-09,-3.7848822885208484e-10,-1.0283354778657492e-08,-2.0179797317695467e-08
0.325,-2.1790476551774512e-09,7.9276490522150686e-09,1.4144219062964025e-08,5.2709553754766214e-09,-3.5054707694986299e-09,-1.5765410496795459e-08,-2.7228349749543084e-08
0.3275,1.2007818097586077e-09,1.1085346174527586e-08,1.5879307457574508e-08,4.9047029205389752e-09,-5.6213260116136117e-09,-2.0205018308440861e-08,-3.3040373725046127e-08
0.33,6.329437883765643e-09,1.5602880948014924e-08,1.8418707318775731e-08,5.2676209708123294e-09,-6.9332709975307537e-09,-2.3659448021742844e-08,-3.7514756472797185e-08
0.3325,1.3262273625994253e-08,2.1425021411093781e-08,2.146521214075729e-08,5.9944481385128737e-09,-7.777653129505743e-09,-2.6336979902559758e-08,-4.0722983060243125e-08
0.335,2.2442060208935843e-08,2.8778926643097555e-08,2.4797985025489534e-08,6.6532811431889117e-09,-8.6382022368623801e-09,-2.8672187836637236e-08,-4.2970793787714983e-08
0.3375,3.3792439437589218e-08,3.748185410927282e-08,2.8031927080824191e-08,6.823409301491414e-09,-9.8866468037507688e-09,-3.0904420058603938e-08,-4.4439507492787991e-08
0.34,4.6736266864643213e-08,4.7117954105107866e-08,3.0994674979892662e-08,6.4749885030362505e-09,-1.1477766129954088e-08,-3.2903030452895259e-08,-4.5079819051931493e-08
0.3425,6.1074097134102947e-08,5.7590880231982304e-08,3.3722161301212742e-08,5.6747745216158362e-09,-1.3321656172638326e-08,-3.4572313058481428e-08,-4.490650543187445e-08
0.345,7.6220214461867279e-08,6.8518296446146435e-08,3.6220009282384131e-08,4.5757948850778701e-09,-1.5223363629662492e-08,-3.574734474829699e-08,-4.3937395471282549e-08
0.3475,9.1136862259870098e-08,7.9293484932620852e-08,3.8711874237138139e-08,3.7195475610233067e-09,-1.6608196587875073e-08,-3.5971730254384865e-08,-4.1964072409695438e-08
0.35,1.0624225307019969e-07,9.0173617437595615e-08,4.1297198838208458e-08,3.1933142589369612e-09,-1.7353929124930218e-08,-3.5074649262205811e-08,-3.8806028440569106e-08
0.3525,1.2107482710269774e-07,1.0086147006072982e-07,4.4083755246405733e-08,3.3567056207899807e-09,-1.7034600052034582e-08,-3.2658482976434186e-08,-3.4144301502717467e-08
0.355,1.3524748750521795e-07,1.1122041252954039e-07,4.7410613138237649e-08,4.8076493166032303e-09,-1.4979502266200141e-08,-2.8089160775822919e-08,-2.7385936533469275e-08
0.3575,1.4843416931583841e-07,1.2118852180230563e-07,5.1732417346075964e-08,8.2309305205231339e-09,-1.0437823345705496e-08,-2.066069190565969e-08,-1.7838851162308712e-08
0.36,1.6033113227398097e-07,1.3066382865555389e-07,5.7379055281870543e-08,1.413381772497289e-08,-2.8611574226392936e-09,-9.8809778250884182e-09,-5.0134583791187127e-09
0.3625,1.7064562884670422e-07,1.394927499801238e-07,6.4536559285121487e-08,2.2832640399424045e-08,8.0717779705495741e-09,4.4985945939097265e-09,1.132968709681879e-08
0.365,1.7909309123801302e-07,1.4749131198601951e-07,7.3293098630312214e-08,3.4501679315963711e-08,2.2503841034687964e-08,2.2527491498759821e-08,3.120983824453834e-08
0.3675,1.8539131433766653e-07,1.5443935481271301e-07,8.3606782172605137e-08,4.912607305849714e-08,4.0359451360516789e-08,4.4020614082054964e-08,5.4388686871110386e-08
0.37,1.8925382159127857e-07,1.6006046255013411e-07,9.5244613398996434e-08,6.6421943386735142e-08,6.1269172259127621e-08,6.849121701874666e-08,8.0312324819231124e-08
0.3725,1.9041517079325203e-07,1.6415003140886927e-07,1.0836092104941239e-07,8.6797653466192196e-08,8.5735690104027804e-08,9.6488613334259739e-08,1.0951415728810403e-07
0.375,1.8856367955062345e-07,1.6605689676141677e-07,1.2106417102446982e-07,1.0734308540385787e-07,1.1031206930183132e-07,1.2413543959387293e-07,1.3797611801824522e-07
0.3775,1.835839412764853e-07,1.6569261931542143e-07,1.3353360303941014e-07,1.284041159524376e-07,1.3542370676036446e-07,1.5194475727108471e-07,1.6623937382932926e-07
0.38,1.753727004910158e-07,1.6275200552579575e-07,1.450107571420651e-07,1.489366156470619e-07,1.5989690679793052e-07,1.7868426389583527e-07,1.9308961452445061e-07
0.3825,1.6388246973280888e-07,1.5699949717189207e-07,1.5478371296853091e-07,1.6793146678857531e-07,1.8260264099661762e-07,2.031957673516873e-07,2.1741932586644534e-07
0.385,1.49129428782885e-07,1.4829513180706807e-07,1.6228623980020121e-07,1.8455082305665503e-07,2.026047502714433e-07,2.2454158595464886e-07,2.3836373351065386e-07
0.3875,1.3119176192667785e-07,1.3657204033464983e-07,1.6702219952142264e-07,1.9805117970531318e-07,2.1908526846507204e-07,2.419234509333563e-07,2.5520537951931822e-07
0.39,1.10220978816879e-07,1.2184853418588064e-07,1.6858998743667601e-07,2.0781308557467202e-07,2.3137248807861142e-07,2.5470279040043068e-07,2.6738135601537121e-07
0.3925,8.6486139564493129e-08,1.0427838939008429e-07,1.6676408642965751e-07,2.1342888516237823e-07,2.3902603630809316e-07,2.624788670055375e-07,2.745534833932907e-07
0.395,6.0396020019480633e-08,8.4176626293708853e-08,1.615405137880215e-07,2.1475844478107658e-07,2.4189423974625554e-07,2.6514397131959666e-07,2.7666012923169197e-07
0.3975,3.2511621880877024e-08,6.2021101292504861e-08,1.5311967661161438e-07,2.1190916219197089e-07,2.4009328967452002e-07,2.6286275322387869e-07,2.7389558599588375e-07
0.4,3.5330212328633086e-09,3.8431025666772511e-08,1.4187346465274077e-07,2.05197857569721e-07,2.3396689720077748e-07,2.5603221381304112e-07,2.6667129287166543e-07
0.4025,-2.571412415947634e-08,1.4148466543623388e-08,1.2832414737866757e-07,1.9512217565683066e-07,2.240539248422589e-07,2.4524919029497888e-07,2.555851634323361e-07
0.405,-5.5050407253483875e-08,-1.0639302606261784e-08,1.1266390185196795e-07,1.8190863564257554e-07,2.1061536748297026e-07,2.3080552615148095e-07,2.4090283977704422e-07
0.4075,-8.3266235860622934e-08,-3.4864650915020122e-08,9.5661727048449294e-08,1.6631799643096979e-07,1.9446834998215729e-07,2.1358406503133875e-07,2.2348635587763557e-07
0.41,-1.0906019659704328e-07,-5.7344425465055466e-08,7.8348508572512214e-08,1.4942904428079503e-07,1.7677174644105397e-07,1.9482041275902771e-07,2.0454045260728673e-07
0.4125,-1.3154547794989021e-07,-7.7278324781667835e-08,6.1477597434979857e-08,1.3206246010461599e-07,1.5841510890246644e-07,1.7545800200517878e-07,1.8495593075696001e-07
0.415,-1.4894788080929054e-07,-9.3029481233359751e-08,4.6685791915356327e-08,1.1605348596417329e-07,1.4137671766729802e-07,1.5757496788855039e-07,1.6678987017419469e-07
0.4175,-1.6090934796565548e-07,-1.0426332406202381e-07,3.4435684062657869e-08,1.019923103412341e-07,1.2629874250896741e-07,1.4182767160235402e-07,1.5064497793063256e-07
0.42,-1.672092814838588e-07,-1.108013805757742e-07,2.5031658872290622e-08,9.0306480989675422e-08,1.1365198035607555e-07,1.2868092210092913e-07,1.3693758407375828e-07
0.4225,-1.6745077282631778e-07,-1.1216012494538802e-07,1.9378207732732508e-08,8.2178200883659824e-08,1.0470021421431088e-07,1.1940336424229091e-07,1.2694938663770062e-07
0.425,-1.6237895170479656e-07,-1.0901696499052552e-07,1.6984796120403329e-08,7.7153186135202687e-08,9.8973728845664356e-08,1.1345314115946351e-07,1.2011140660040242e-07
0.4275,-1.5273263358498175e-07,-1.0208665890747058e-07,1.7172868725953851e-08,7.4508459440569092e-08,9.5683025493958918e-08,1.0993946079559514e-07,1.1550745475935687e-07
0.43,-1.3941381760829658e-07,-9.1972077586001731e-08,1.992005097996895e-08,7.4374140825029354e-08,9.4936412114396309e-08,1.0891270349463913e-07,1.1326148086332231e-07
0.4325,-1.2314021252914787e-07,-7.9415170001810038e-08,2.4267996483862391e-08,7.5547464411377377e-08,9.5385940311642227e-08,1.0888475443035484e-07,1.1182950128500247e-07
0.435,-1.0429986938248793e-07,-6.492011944999611e-08,2.9331861585190962e-08,7.6817177789616342e-08,9.5637705143642429e-08,1.0829956538117582e-07,1.0958396386684563e-07
0.4375,-8.4050523834530125e-08,-4.9279356615011017e-08,3.484421039976316e-08,7.7991219124083379e-08,9.5430653336517099e-08,1.0684743481798137e-07,1.0629106404098625e-07
0.44,-6.2999071093901623e-08,-3.3016841986314138e-08,4.0213173868242741e-08,7.8235866431285543e-08,9.3778547183516577e-08,1.0341749386166721e-07,1.0080380296726426e-07
0.4425,-4.2087220037311585e-08,-1.694398399464041e-08,4.4708340511131452e-08,7.6668533064346059e-08,8.9692860976982257e-08,9.6954356902151105e-08,9.2073925694762285e-08
0.445,-2.2316232801586669e-08,-1.9350511834718298e-09,4.7535302165900163e-08,7.2410222793409431e-08,8.2223327705195245e-08,8.6477814237563481e-08,7.9140569394776916e-08
0.4475,-4.6808427387730119e-09,1.1213210647972293e-08,4.8273469952988549e-08,6.5182135338839458e-08,7.1137727813484064e-08,7.181839417561157e-08,6.1892878006611904e-08
0.45,1.0252432453213055e-08,2.2011888148932883e-08,4.6576336712165973e-08,5.470278691299061e-08,5.6181093475575633e-08,5.2752968508667332e-08,4.0137727676703344e-08
0.4525,2.2072315637375533e-08,3.0059327450802277e-08,4.2117511585516587e-08,4.070775455720511e-08,3.7130301469640927e-08,2.9097251713182379e-08,1.372796671226594e-08
0.455,3.0434230394889176e-08,3.501593385983889e-08,3.4634258294102168e-08,2.3040044117438551e-08,1.3901107058748995e-08,8.3344511141290822e-10,-1.7292636089606224e-08
0.4575,3.5072948104301926e-08,3.6658174763941668e-08,2.4106466938320594e-08,1.8907284872330178e-09,-1.3180198257923034e-08,-3.1583472053583771e-08,-5.2365224590633703e-08
0.46,3.6045348091541155e-08,3.5293102756675036e-08,1.2017126475218913e-08,-2.0197632840804712e-08,-4.0967863630998166e-08,-6.4486528742237907e-08,-8.7582274894788146e-08
0.4625,3.3680610937577451e-08,3.1191898426496011e-08,-1.3011054926139704e-09,-4.2716619210802796e-08,-6.8817824678321717e-08,-9.7063789202344978e-08,-1.2202058821837464e-07
0.465,2.8135272882098223e-08,2.4342966791172009e-08,-1.6267808922624959e-08,-6.6338410483818827e-08,-9.7496331686004372e-08,-1.3010638837445841e-07,-1.5641750627861134e-07
0.4675,1.9898598449974917e-08,1.5223336053602169e-08,-3.2249620425162138e-08,-9.0137034555662824e-08,-1.2589072528529121e-07,-1.6230621031155128e-07,-1.8936553911701966e-07
0.47,9.5502213784141716e-09,4.4358358024496257e-09,-4.8378095276924437e-08,-1.1293083166445565e-07,-1.5264382336340077e-07,-1.9213384659589608e-07,-2.1927036819708423e-07
0.4725,-2.3060227326484841e-09,-7.4034286507188997e-09,-6.3768821203787848e-08,-1.335502364546608e-07,-1.7641876163802949e-07,-2.1810514258913002e-07,-2.44628049627164e-07
0.475,-1.5070191154193335e-08,-1.970474383213252e-08,-7.766724590877415e-08,-1.5100556427623796e-07,-1.9607625294677232e-07,-2.3896588784094319e-07,-2.642181692856482e-07
0.4775,-2.8278999442355854e-08,-3.1994358918426552e-08,-8.9483464626283506e-08,-1.6454060661562031e-07,-2.1075133148536003e-07,-2.5378657292174295e-07,-2.7718113253387134e-07
0.48,-4.1400914967793859e-08,-4.3698416937739871e-08,-9.8320103572031723e-08,-1.7288976539217644e-07,-2.1901099515740202e-07,-2.6104747106133319e-07,-2.8209760279846678e-07
0.4825,-5.3348597362351865e-08,-5.3788586138363196e-08,-1.0299979946533636e-07,-1.7459918498951076e-07,-2.1925408927380209e-07,-2.5913509652243926e-07,-2.7753970501107292e-07
0.485,-6.3517035129285994e-08,-6.1730243443678259e-08,-1.0307273112710223e-07,-1.6915799165307747e-07,-2.1094101965562288e-07,-2.4759487966735796e-07,-2.6323137216337504e-07
0.4875,-7.1576021292738162e-08,-6.728170444956838e-08,-9.8649773786067907e-08,-1.5686194097809434e-07,-1.9445821354469993e-07,-2.2697634710531634e-07,-2.3987963425360283e-07
0.49,-7.742035159604658e-08,-7.0368472308605817e-08,-8.9811275736698992e-08,-1.3791213799686743e-07,-1.7007184903864749e-07,-1.976636386499468e-07,-2.0795403736779201e-07
0.4925,-8.0936609296181418e-08,-7.0891843711942994e-08,-7.6576546303696151e-08,-1.1247085325681771e-07,-1.3804462894959179e-07,-1.6004181257463647e-07,-1.6788280035994039e-07
0.495,-8.2109106952193912e-08,-6.8860866895186096e-08,-5.9107962422853972e-08,-8.0905491016139329e-08,-9.8891020445390254e-08,-1.1475850315645527e-07,-1.2031645804013679e-07
0.4975,-8.1302734870107221e-08,-6.4750719093808894e-08,-3.8461778480687683e-08,-4.4850968111945177e-08,-5.4579364712852855e-08,-6.4015034350944278e-08,-6.7446967549206073e-08
0.5,-7.8667448897694037e-08,-5.8721242221390938e-08,-1.4912430316996889e-08,-4.7418494902591347e-09,-5.6399191103095443e-09,-8.3944496584229527e-09,-9.7842567813621411e-09
0.5025,-7.4871485243160364e-08,-5.1563711539054535e-08,9.9355209740459046e-09,3.703632855339639e-08,4.513131100279395e-08,4.9075082230865885e-08,4.9684138912521718e-08
0.505,-7.0174922872449759e-08,-4.3544044190349555e-08,3.5712874826056795e-08,7.9935721652178645e-08,9.7100605674937267e-08,1.077497447663445e-07,1.1040060142215077e-07
0.5075,-6.5151499329147841e-08,-3.5303415741343523e-08,6.13040108990019e-08,1.2234720037410794e-07,1.4840399233292813e-07,1.6565065590203781e-07,1.7043716472194931e-07
0.51,-6.0437369534600916e-08,-2.7551524196224408e-08,8.552465839679536e-08,1.6258228093474845e-07,1.9709931100670705e-07,2.207122270031115e-07,2.2775745024181458e-07
0.5125,-5.6640198322086052e-08,-2.0955096383666507e-08,1.0724902218061386e-07,1.9903038133965117e-07,2.4133258546765744e-07,2.7094478835495346e-07,2.8037293413279874e-07
0.515,-5.4109223397141462e-08,-1.5867413125920978e-08,1.2595187868668238e-07,2.309426375571821e-07,2.8023773246336451e-07,3.1540605715823331e-07,3.2733724665520072e-07
0.5175,-5.3354593354507988e-08,-1.2863354563397481e-08,1.405993325548999e-07,2.5679622862498104e-07,3.1203222216384744e-07,3.5212120909077075e-07,3.6661305167146279e-07
0.52,-5.4778570416778531e-08,-1.2410955713082542e-08,1.5025820459767295e-07,2.7515646951035941e-07,3.3501204421573975e-07,3.7916022012709239e-07,3.9616237826750615e-07
0.5225,-5.831112247240587e-08,-1.4439796078867572e-08,1.5490854668976378e-07,2.8584655010752762e-07,3.4890400035478077e-07,3.9611939073382862e-07,4.1548141286796631e-07
0.525,-6.3680400874566475e-08,-1.8688457428762743e-08,1.5479710546110366e-07,2.8907696714698679e-07,3.5387531404083645e-07,4.0306817234945483e-07,4.2453408462837298e-07
0.5275,-7.047045593198039e-08,-2.4764331395365921e-08,1.5035814369517039e-07,2.8535141935965957e-07,3.5044233138986141e-07,4.0047048139975565e-07,4.2368393856057867e-07
0.53,-7.813007782664006e-08,-3.21393760088501e-08,1.4220270702141518e-07,2.7544088550961803e-07,3.3945202881426731e-07,3.8917710716839627e-07,4.1369627536822512e-07
0.5325,-8.5854805482691232e-08,-4.0002051440465162e-08,1.3137856928054536e-07,2.6073201970489049e-07,3.224838886380312e-07,3.7086663100609302e-07,3.9618162045621686e-07
0.535,-9.2770508098503678e-08,-4.744552438086018e-08,1.1909969378052152e-07,2.4282853319331551e-07,3.0137879216231123e-07,3.4754811607901103e-07,3.7313047559223473e-07
0.5375,-9.7764011760792885e-08,-5.3250197574884951e-08,1.0733221748010188e-07,2.2452395857787186e-07,2.7940081364764617e-07,3.2283608625153696e-07,3.4819495565974721e-07
0.54,-1.0068333120350686e-07,-5.735274365973119e-08,9.5965653171327117e-08,2.0555047895821192e-07,2.5622899523032485e-07,2.9644753877541155e-07,3.2113107268402187e-07
0.5425,-1.0100978941707778e-07,-5.9280711687483178e-08,8.5585026503713219e-08,1.8681943335775017e-07,2.3297836937809277e-07,2.6968085297061033e-07,2.9329396958001116e-07
0.545,-9.8256047775981959e-08,-5.8506547474040315e-08,7.6914006246463498e-08,1.6938106247267296e-07,2.1089644584348955e-07,2.4394627386770102e-07,2.6616452691882889e-07
0.5475,-9.1897973366068715e-08,-5.4587196739874373e-08,7.013780924434882e-08,1.5321441246696852e-07,1.8990462182649272e-07,2.191513689789563e-07,2.3968142581099124e-07
0.55,-8.1534120806330995e-08,-4.7083244368964922e-08,6.5992820688966378e-08,1.3937084098510306e-07,1.7125352440518803e-07,1.967151108967631e-07,2.1534996536461328e-07
0.5525,-6.7133363897184381e-08,-3.5821601738319018e-08,6.5176547206276769e-08,1.2900467144961664e-07,1.5633419131545728e-07,1.782259882868983e-07,1.9487696624740881e-07
0.555,-4.9045125516497077e-08,-2.1060501194883212e-08,6.7812282206180329e-08,1.2249627619139338e-07,1.4564711091164908e-07,1.6430106972057579e-07,1.7898509152316002e-07
0.5575,-2.7708624351689992e-08,-3.2224021519019254e-09,7.3490747345227258e-08,1.1942663069575472e-07,1.3875368648357341e-07,1.5451759169814905e-07,1.6732912140499815e-07
0.56,-3.7848038788840501e-09,1.7054767993624451e-08,8.1567604618160462e-08,1.1910677997122127e-07,1.3492153587234484e-07,1.4812656632469468e-07,1.5922177205934746e-07
0.5625,2.1871846501613798e-08,3.8971328063862218e-08,9.126378264147374e-08,1.2068919962463432e-07,1.3324435805301232e-07,1.441799628672561e-07,1.5375604781943561e-07
0.565,4.8290949927013728e-08,6.1632050850223034e-08,1.0172755007959225e-07,1.232159416550072e-07,1.3268510556237872e-07,1.4158187197119428e-07,1.4985405518872199e-07
0.5675,7.4483590461806905e-08,8.4122531355242188e-08,1.1209150963677276e-07,1.2568871588909245e-07,1.3215120392122215e-07,1.3917250661495379e-07,1.4635334655557156e-07
0.57,9.950968759834578e-08,1.0556978854766489e-07,1.215388885269639e-07,1.271766294401026e-07,1.3061981559657611e-07,1.3586174083968723e-07,1.421464202652774e-07
0.5725,1.2253122666956822e-07,1.251957891185132e-07,1.2936591191631915e-07,1.2690584231407425e-07,1.2724261850963152e-07,1.3073821876313019e-07,1.3629541730380978e-07
0.575,1.4283153283974641e-07,1.4233958014936224e-07,1.3501221082443259e-07,1.2429790341398869e-07,1.2139203723685387e-07,1.23118690474869e-07,1.2808461039785141e-07
0.5775,1.5981601318327559e-07,1.5645911699374261e-07,1.3806766348790107e-07,1.1897594354264489e-07,1.1266924216835282e-07,1.1255902564533646e-07,1.1703343369454938e-07
0.58,1.7301906284233791e-07,1.6713773139379353e-07,1.3827889752464698e-07,1.107689903191762e-07,1.0090804043342377e-07,9.8860770249258887e-08,1.0290378334262206e-07
0.5825,1.8212259244753343e-07,1.7410179562138872e-07,1.3556665848254447e-07,9.9728185981938628e-08,8.6190911111780703e-08,8.2089581801764666e-08,8.571886858565417e-08
0.585,1.8698146080256096e-07,1.7724331333489077e-07,1.3004002648842692e-07,8.6138220085852365e-08,6.8860254016342049e-08,6.2588089099542104e-08,6.5776698654185803e-08
0.5875,1.8763849286726712e-07,1.7663143886137942e-07,1.2199123484398302e-07,7.0503316801628607e-08,4.9502637007717115e-08,4.0960883584898132e-08,4.3636548959204287e-08
0.59,1.8432107408336284e-07,1.7250541779013642e-07,1.1186361506033042e-07,5.3495806417803331e-08,2.8890742937967606e-08,1.8014699352210632e-08,2.0061488277345249e-08
0.5925,1.7740680265229723e-07,1.6523959212524443e-07,1.0019639002237106e-07,3.5877390232531412e-08,7.8944012178487245e-09,-5.3344904087331719e-09,-4.0715746042394248e-09
0.595,1.6737495625819483e-07,1.5529799801064931e-07,8.7572273809473597e-08,1.8432501554671366e-08,-1.2593631832525759e-08,-2.8138931924194895e-08,-2.7845570989782297e-08
0.5975,1.5476920938087389e-07,1.4320162508081849e-07,7.4591520180273165e-08,1.9382992075239455e-09,-3.1691825880752234e-08,-4.9455096528553608e-08,-5.0334587530588947e-08
0.6,1.4018151555531715e-07,1.2951492842974826e-07,6.1862998006909032e-08,-1.2846067922057514e-08,-4.8542900425340752e-08,-6.8357720526121822e-08,-7.0612310757116903e-08
0.6025,1.2423951921584963e-07,1.1483246541100725e-07,4.9982775666305269e-08,-2.5211455642972105e-08,-6.2351353186370102e-08,-8.3980299263380118e-08,-8.7787712325608391e-08
0.605,1.0756017286233263e-07,9.973268342877566e-08,3.9479870283053455e-08,-3.4565794635076188e-08,-7.2459074461505138e-08,-9.5598333824425079e-08,-1.0108881729296555e-07
0.6075,9.0730662953978611e-08,8.4757552845492115e-08,3.0787068179171481e-08,-4.0470278882667882e-08,-7.8384775168975027e-08,-1.0267183452500983e-07,-1.0990618589507911e-07
0.61,7.426830051045844e-08,7.0374475204389879e-08,2.4206554161197189e-08,-4.2676238506155378e-08,-7.9863552692383018e-08,-1.0488981198024059e-07,-1.1384463185838105e-07
0.6125,5.8600559953297543e-08,5.6957911683892675e-08,1.9897885243930474e-08,-4.1135973268933748e-08,-7.6858061126901836e-08,-1.0218315912934683e-07,-1.1274452902849089e-07
0.615,4.4058298050406777e-08,4.4783759151315698e-08,1.7881014681768979e-08,-3.5995989789446109e-08,-6.9551414064823542e-08,-9.4718220792706999e-08,-1.0668475373612413e-07
0.6175,3.0874492512852179e-08,3.4029062745923769e-08,1.8046348779529408e-08,-2.757907279675075e-08,-5.8327307658535868e-08,-8.2876969448764807e-08,-9.597213556059803e-08
0.62,1.9191832268965754e-08,2.4780110936933245e-08,2.0173099336042408e-08,-1.635542046068169e-08,-4.3738284503121916e-08,-6.7224749981239571e-08,-8.1116496751803054e-08
0.6225,9.0719970471910948e-09,1.7043208176347881e-08,2.3954859263125286e-08,-2.9025769319091791e-09,-2.646024735391744e-08,-4.8463494828359954e-08,-6.2788481215423246e-08
0.625,5.1064898005232217e-10,1.0760726467686469e-08,2.9026737937624525e-08,1.2133527232736562e-08,-7.2487000297304772e-09,-2.7386362386007844e-08,-4.177487504958712e-08
0.6275,-6.550189542866937e-09,5.8254715985791335e-09,3.4993460640288823e-08,2.808076076794988e-08,1.3109329304613359e-08,-4.8274317899776939e-09,-1.8925927408475495e-08
0.63,-1.2208722983972603e-08,2.0956401929430299e-09,4.1454374387802933e-08,4.4276290701656139e-08,3.3835143177760188e-08,1.8380317548225401e-08,4.8917980686851839e-09
0.6325,-1.6593496834731661e-08,-5.9270247669927857e-10,4.8031305141049193e-08,6.0110174603450011e-08,5.4209399507346058e-08,4.1459935209693228e-08,2.8857263423250462e-08
0.635,-1.9845694902671322e-08,-2.4085166577258678e-09,5.4380701754522917e-08,7.5035505561501491e-08,7.3581342180497452e-08,6.3699724273035326e-08,5.2210923617946629e-08
0.6375,-2.2112831985321111e-08,-3.5169419100919052e-09,6.0216685709787442e-08,8.8606751324970931e-08,9.1415436114261616e-08,8.4505143731135299e-08,7.4313595208760918e-08
0.64,-2.3534236016348791e-08,-4.0660150892798299e-09,6.531544286369819e-08,1.0047589902303208e-07,1.0728344833076584e-07,1.0338898731800987e-07,9.4640061896931581e-08
0.6425,-2.4234145159214573e-08,-4.1793631943589894e-09,6.9523266774317106e-08,1.1040344248696198e-07,1.2087801166544723e-07,1.1998669802893165e-07,1.1279649851204904e-07
0.645,-2.4315349740976824e-08,-3.9506508283282804e-09,7.2756793783140945e-08,1.1825451984735879e-07,1.3200700886222636e-07,1.3404960116679418e-07,1.2851235599493956e-07
0.6475,-2.3854907806461949e-08,-3.4395377690023706e-09,7.5003632375562937e-08,1.2399539383564617e-07,1.4058777937488999e-07,1.454364291223118e-07,1.4162725235043692e-07
0.65,-2.290405648756653e-08,-2.6714482032649333e-09,7.6324177218907495e-08,1.2769746770485599e-07,1.4665256596871105e-07,1.541196434801842e-07,1.5209264233291802e-07
0.6525,-2.149279346377809e-08,-1.6429963006039451e-09,7.6845033387143143e-08,1.2953187851082099e-07,1.5034497458981392e-07,1.6018295058519955e-07,1.5996418010172001e-07
0.655,-1.963635026711366e-08,-3.3061374746699751e-10,7.674523141747531e-08,1.2975783366288252e-07,1.519125744069077e-07,1.6381899373903486e-07,1.6539764409281434e-07
0.6575,-1.7342181687872233e-08,1.2989488695937994e-09,7.6232375786130062e-08,1.2869196954113506e-07,1.5167735783962433e-07,1.6530423065075635e-07,1.6862470742415904e-07
0.66,-1.461322523607178e-08,3.2809870022077506e-09,7.5515487833918605e-08,1.2666839522219033e-07,1.4999412299030603e-07,1.6496094196218979e-07,1.6991849155786152e-07
0.6625,-1.1448033140051265e-08,5.6494075868324054e-09,7.4783516104774807e-08,1.2400050903019034e-07,1.4720683710544281e-07,1.6311297804888615e-07,1.6955231952052086e-07
0.665,-7.8441122531653514e-09,8.4333579297179839e-09,7.4196804307784353e-08,1.2096324484680034e-07,1.4362484778032417e-07,1.6005809782261852e-07,1.6777271291574475e-07
0.6675,-3.8026602656780284e-09,1.1653435617820887e-08,7.3884866742186593e-08,1.1778745861743041e-07,1.3951502908442646e-07,1.5605887412236926e-07,1.6479318503630864e-07
0.67,6.6455703582496806e-10,1.5315395195883637e-08,7.3942574120949217e-08,1.1465511265265143e-07,1.3509528037432161e-07,1.5133687680136334e-07,1.6079301387219625e-07
0.6725,5.5291878887041437e-09,1.9403850081686631e-08,7.4424011310617165e-08,1.1169358874933778e-07,1.3052873077810489e-07,1.4606822516118249e-07,1.5591839410168099e-07
0.675,1.0738916295428303e-08,2.3875034944776746e-08,7.5336659065347284e-08,1.0897328833085465e-07,1.2592266309019745e-07,1.4038390311795158e-07,1.5028746247706898e-07
0.6775,1.6214008175561443e-08,2.8653511779969153e-08,7.6638953647675184e-08,1.0650724586028894e-07,1.2132971364904477e-07,1.3437194748782787e-07,1.4399572739237714e-07
0.68,2.184821614957019e-08,3.3633680416581338e-08,7.8243844241748748e-08,1.0425655882339685e-07,1.1675449952610781e-07,1.2808455472145028e-07,1.3712409152563772e-07
0.6825,2.7512487087577176e-08,3.8684369816468742e-08,8.0026109671252861e-08,1.0213746136544147e-07,1.1215990910885441e-07,1.2154307566870218e-07,1.2974194236025465e-07
0.685,3.3061583602337984e-08,4.3656611272420682e-08,8.183490741034049e-08,1.00037080299221e-07,1.0748345496136208e-07,1.1475305496453279e-07,1.219181977038731e-07
0.6875,3.8343562783274681e-08,4.8393982376635606e-08,8.3508459229977763e-08,9.7830664849425282e-08,1.0265376818573664e-07,1.0771802352092971e-07,1.1372946717467875e-07
0.69,4.3210252416956947e-08,5.2744039104645847e-08,8.4890619950685795e-08,9.5400811592704315e-08,9.7609285296695695e-08,1.0045501683263785e-07,1.0526908905100703e-07
0.6925,4.7526922685622886e-08,5.656873810644281e-08,8.584450025143662e-08,9.2652451628338963e-08,9.2312250301688843e-08,9.3004894937451693e-08,9.6651129737478858e-08
0.695,5.1179789529273998e-08,5.9752643065134419e-08,8.6264778534099444e-08,8.9527599456915837e-08,8.6762405306815827e-08,8.5442511470926065e-08,8.8015155885432859e-08
0.6975,5.4079828014357807e-08,6.2207331520398268e-08,8.6084992656135217e-08,8.6014401198148764e-08,8.1005477252314942e-08,7.7882024786424011e-08,7.9527804728343739e-08
0.7,5.6163891097504888e-08,6.3872891439982603e-08,8.5280756742602198e-08,8.2151282171176289e-08,7.513653002262897e-08,7.0477721431836016e-08,7.1381341053645762e-08
0.7025,5.739362947037856e-08,6.4717113398262976e-08,8.3870118820883452e-08,7.8026945938761203e-08,6.929899033118175e-08,6.342140057132517e-08,6.3791197520173447e-08
0.705,5.7753367024640144e-08,6.4733384260423474e-08,8.1911530003694362e-08,7.3777979855401875e-08,6.3681390592046369e-08,5.6937885077588704e-08,5.6992047526814071e-08
0.7075,5.7246553096751163e-08,6.3936735514348757e-08,7.9498582869815548e-08,6.958236185867067e-08,5.850963370282775e-08,5.1276826588581676e-08,5.1231560706365203e-08
0.71,5.5893494471520645e-08,6.2360844021678354e-08,7.675365822500618e-08,6.5649669912386912e-08,5.4035761499884641e-08,4.6701082186593228e-08,4.6761138368090868e-08
0.7125,5.3728563940958062e-08,6.0054267791578036e-08,7.381919982617905e-08,6.2207921580791634e-08,5.0522699635080728e-08,4.3471719900964733e-08,4.3823276875374091e-08
0.715,5.0794719969665754e-08,5.7073588432162053e-08,7.0844229350339636e-08,5.9484525854270947e-08,4.8223275533255527e-08,4.1827607314360925e-08,4.2633516528382403e-08
0.7175,4.7141459293401945e-08,5.3480292223689834e-08,6.7975306319949461e-08,5.7692425147582783e-08,4.7364830864605142e-08,4.1971325748907992e-08,4.3368102772841213e-08
0.72,4.2820511264132127e-08,4.9335278064728968e-08,6.5343665428412756e-08,5.7011025880018784e-08,4.8128603853824765e-08,4.4050076050820897e-08,4.614626094039076e-08
0.7225,3.7882089725892929e-08,4.4694159389255385e-08,6.3053599229812444e-08,5.7569066167064125e-08,5.0631651136509058e-08,4.8139686902621343e-08,5.1014999813589963e-08
0.725,3.2371923543764492e-08,3.9603764136737071e-08,6.117383347047948e-08,5.943160001477384e-08,5.4912912033123847e-08,5.423241869914075e-08,5.7937211963881965e-08
0.7275,2.6338513676400882e-08,3.4108508805330511e-08,5.9734894147491119e-08,6.258825188051452e-08,6.0917690222017265e-08,6.2220377110117289e-08,6.6773932377322994e-08
0.73,1.9843141075064268e-08,2.8258942241014248e-08,5.87242011324398e-08,6.6934339299767205e-08,6.8471388094418401e-08,7.1867202727533442e-08,7.7255320865779979e-08
0.7325,1.2977077024179067e-08,2.2127086833400995e-08,5.8086141338211524e-08,7.2257342764627262e-08,7.7261241021870914e-08,8.2788701230826353e-08,8.8961992203181999e-08
0.735,5.7988439689315539e-09,1.5751676748082946e-08,5.7722185388550148e-08,7.8301173603779034e-08,8.693927277241746e-08,9.458058149820242e-08,1.0146233285221568e-07
0.7375,-1.7416976773575996e-09,9.0734634278289499e-09,5.7506383943516305e-08,8.4867126772622739e-08,9.7268489616425787e-08,1.0698649189294348e-07,1.1448486303595581e-07
0.74,-9.6943200540984509e-09,2.0327576540806561e-09,5.7301191765031108e-08,9.1739294857644688e-08,1.0799474059522337e-07,1.1973344152990462e-07,1.2774144164849143e-07
0.7425,-1.805320438359891e-08,-5.3802497913281886e-09,5.6963567987284574e-08,9.8639369613977737e-08,1.1877466049582121e-07,1.3244732707298125e-07,1.4084202321170751e-07
0.745,-2.6780950525918559e-08,-1.3145688339613334e-08,5.6352227309677287e-08,1.052577007355583e-07,1.2921944467208058e-07,1.4470721551312196e-07,1.5335437105293967e-07
0.7475,-3.5828550258827108e-08,-2.123261784795294e-08,5.5330403787109448e-08,1.1127869615123247e-07,1.3892763614004797e-07,1.5608222669220542e-07,1.6484358688067834e-07
0.75,-4.5134364881124398e-08,-2.9597903834400553e-08,5.3773571163660518e-08,1.1640008759385325e-07,1.4750952676717333e-07,1.6615565455851411e-07,1.748967215305748e-07
0.7525,-5.4619577983478715e-08,-3.8181387786531393e-08,5.1584157450762851e-08,1.2036224888607384e-07,1.5462502050209042e-07,1.7456414625759243e-07,1.831615796192842e-07
0.755,-6.4182931755747135e-08,-4.6900314670304073e-08,4.8704101217222764e-08,1.2296958283042884e-07,1.6001114959585819e-07,1.8102659289799225e-07,1.8937437787667418e-07
0.7575,-7.3700828595881634e-08,-5.5648924522503099e-08,4.5118129298553669e-08,1.2409651373770948e-07,1.6348834680585198e-07,1.8535138338922084e-07,1.9336504074048258e-07
0.76,-8.3032507788972807e-08,-6.4302970927641685e-08,4.0850905878867992e-08,1.2368326404082372e-07,1.649590711750336e-07,1.8743473643547979e-07,1.9505319889916756e-07
0.7625,-9.2028240076869715e-08,-7.2727148569048666e-08,3.5963263459205734e-08,1.2173343766564356e-07,1.6440234277817109e-07,1.8725534615045224e-07,1.9444044917372508e-07
0.765,-1.0053065406905754e-07,-8.0776047046934407e-08,3.0553293607724421e-08,1.1831558665540227e-07,1.6187656363801427e-07,1.8487655310140849e-07,1.9161060841582977e-07
0.7675,-1.0838103905298344e-07,-8.8299754124138102e-08,2.4754169769199952e-08,1.1356363998532979e-07,1.5751909731839058e-07,1.8044532167743495e-07,1.8672702346351478e-07
0.77,-1.1542279262997534e-07,-9.514690921014039e-08,1.8730807672484165e-08,1.0767346197500277e-07,1.5154300198330866e-07,1.7418801019793273e-07,1.8002740470495017e-07
0.7725,-1.2150845697857001e-07,-1.0117143038336256e-07,1.2670601669416759e-08,1.0089139945848447e-07,1.4422437463875285e-07,1.6639658129108594e-07,1.7180966588082475e-07
0.775,-1.2650902359406784e-07,-1.0624153333714019e-07,6.7714735418930703e-09,9.3498181830694531e-08,1.3588519143197077e-07,1.5741066911833439e-07,1.6241411727098986e-07
0.7775,-1.3032239181135876e-07,-1.1024843701916149e-07,1.2273866904336405e-09,8.5788121046917925e-08,1.2686949900080718e-07,1.4759281607776378e-07,1.5219922850629378e-07
0.78,-1.3287964837335447e-07,-1.1311297872334278e-07,-3.7839945368122596e-09,7.8049385191085107e-08,1.17520382110244e-07,1.3730448175178557e-07,1.4151839244239163e-07
0.7825,-1.3414737342871487e-07,-1.1478859851298177e-07,-8.1100324302503936e-09,7.0548406801168861e-08,1.081595122772083e-07,1.268843995664764e-07,1.306991480271436e-07
0.785,-1.3412661164085641e-07,-1.1526124853134276e-07,-1.162920345305913e-08,6.3517466066270966e-08,9.9073150103993098e-08,1.1663343721376734e-07,1.2002886740066349e-07
0.7875,-1.3284948761301595e-07,-1.14546715558727e-07,-1.4252702972074419e-08,5.714857536716292e-08,9.0501523767236239e-08,1.0680283927168765e-07,1.0974371752808294e-07
0.79,-1.3037580746204373e-07,-1.1268825240165231e-07,-1.5927119748005964e-08,5.1586011344646612e-08,8.2629731245931261e-08,9.7584639923843732e-08,1.0001967962071239e-07
0.7925,-1.2679186349195186e-07,-1.0975596874077528e-07,-1.6636108732674518e-08,4.6922467219837225e-08,7.5583217050650759e-08,8.9107098905346021e-08,9.0968611083764614e-08
0.795,-1.2221087276089596e-07,-1.0584765452552875e-07,-1.6402249561782512e-08,4.3196783081045853e-08,6.9424534816465307e-08,8.1431852483215888e-08,8.2636102161112071e-08
0.7975,-1.1677420705835678e-07,-1.0109054136838489e-07,-1.52901989647567e-08,4.0389815554138004e-08,6.4149591063249963e-08,7.4550774401111358e-08,7.499926754604708e-08
0.8,-1.106518400452074e-07,-9.5642109217531285e-08,-1.3408353474680354e-08,3.8422757615381418e-08,5.9685682554651395e-08,6.8384881131541098e-08,6.7966851346310087e-08
0.8025,-1.0403761058827576e-07,-8.9685678273090632e-08,-1.0905882817898032e-08,3.7159062355410308e-08,5.5893709573954965e-08,6.2787081072277263e-08,6.1383088833378051e-08
0.805,-9.7140316702060045e-08,-8.3422235939715315e-08,-7.9666516740967375e-09,3.6410540306389055e-08,5.2574537681580315e-08,5.7549127710578367e-08,5.5035691258749608e-08
0.8075,-9.0170211039917503e-08,-7.7057072693592462e-08,-4.7954621444251254e-09,3.5952740881113683e-08,4.9486180838500832e-08,5.2419837724242512e-08,4.867495224642688e-08
0.81,-8.3326085861551521e-08,-7.0786659925416798e-08,-1.6030520992871122e-09,3.5543143011679703e-08,4.6364322767449299e-08,4.7127060689710118e-08,4.2036429586264591e-08
0.8125,-7.6783154373107329e-08,-6.4786252051672103e-08,1.4091078032936024e-09,3.4939834538096057e-08,4.294330237683214e-08,4.1399888906881712e-08,3.4863460113833519e-08
0.815,-7.0685264103229592e-08,-5.9201650721630246e-08,4.0609329658340072e-09,3.391892295884828e-08,3.8977200460200058e-08,3.4991918255305213e-08,2.6930856448954433e-08
0.8175,-6.5134469786258466e-08,-5.4138480513941104e-08,6.2066809557048734e-09,3.2290169273620253e-08,3.4256050476898775e-08,2.7697264140840864e-08,1.8060089103950732e-08
0.82,-6.0188973500816401e-08,-4.9659392408298793e-08,7.7436816918416094e-09,2.9912264978960249e-08,2.8626409386811448e-08,1.9373869746379413e-08,8.1419976652127294e-09
0.8225,-5.5859121013490773e-08,-4.577966332432102e-08,8.6199896586766362e-09,2.6704138549291664e-08,2.2003288308265354e-08,9.95512232986299e-09,-2.8530674846695168e-09
0.825,-5.2107747730302914e-08,-4.2467160578333096e-08,8.8368940105769708e-09,2.265074096148194e-08,1.4378111527961483e-08,-5.421983342061231e-10,-1.4868554833218607e-08
0.8275,-4.885387560655883e-08,-3.9645757223243708e-08,8.447133270891806e-09,1.7802084913449777e-08,5.8176477308884144e-09,-1.2019247768633417e-08,-2.77652378376441e-08
0.83,-4.5978291357861573e-08,-3.7200504753697895e-08,7.5525565950443171e-09,1.227397535400797e-08,-3.5325508742165719e-09,-2.4291421139860569e-08,-4.1319159423747669e-08
0.8325,-4.3330087616002437e-08,-3.4983961703980076e-08,6.2983141125360186e-09,6.2412308541862728e-09,-1.345657900849506e-08,-3.7096827448206782e-08,-5.523197995203461e-08
0.835,-4.0734596439066355e-08,-3.2823878184185307e-08,4.8662017913654489e-09,-6.7998330131266923e-11,-2.3672229670878128e-08,-5.0101398732525595e-08,-6.9137461349205873e-08
0.8375,-3.8001596369407442e-08,-3.0531306656079529e-08,3.467148811043561e-09,-6.3792432406608143e-09,-3.3839348157354126e-08,-6.290805492467795e-08,-8.2611688509289153e-08
0.84,-3.4933485009788761e-08,-2.7908635817915139e-08,2.3330653204468834e-09,-1.238233332243991e-08,-4.3572170870017235e-08,-7.5070343971099977e-08,-9.5187572660553258e-08
0.8425,-3.1335190136798855e-08,-2.4759478957172599e-08,1.7065935343544465e-09,-1.7742930678726749e-08,-5.2452047573593252e-08,-8.6106192758683836e-08,-1.0636897878753872e-07
0.845,-2.7024234472671582e-08,-2.0898848494488145e-08,1.8287720532195279e-09,-2.2117683314741176e-08,-6.0045086278042456e-08,-9.5517650128529146e-08,-1.1565085154698005e-07
0.8475,-2.1842641464613418e-08,-1.616510291382744e-08,2.9254317256118329e-09,-2.5171994697034794e-08,-6.5923058088998982e-08,-1.0281441983770314e-07,-1.2254294739205442e-07
0.85,-1.5663741474215426e-08,-1.042696966446259e-08,5.1961611385499343e-09,-2.6598104074687343e-08,-6.9688133399650924e-08,-1.0754246420825186e-07,-1.2659818605276652e-07
0.8525,-8.4009360464179181e-09,-3.5925194738387705e-09,8.802705166479647e-09,-2.6131542981145409e-08,-7.0993266559925086e-08,-1.0930707451025384e-07,-1.2743497447978309e-07
0.855,-1.8291118011868473e-11,4.3801156300006371e-09,1.3856660648433527e-08,-2.3567338575452605e-08,-6.9562612463317805e-08,-1.0779595498386253e-07,-1.2475967303607491e-07
0.8575,9.4729056606065221e-09,1.3485564905626136e-08,2.041587394707376e-08,-1.8770968180589502e-08,-6.5206845378635192e-08,-1.0279652923617293e-07,-1.1838201774622363e-07
0.86,2.0009943759405199e-08,2.3666758779341699e-08,2.8477575933261545e-08,-1.1687752437502257e-08,-5.7835246677863144e-08,-9.4209307550315739e-08,-1.0822766394122815e-07
0.8625,3.1488146181076021e-08,3.4823866674480231e-08,3.7983843674015427e-08,-2.3415677872841296e-09,-4.7455533842371684e-08,-8.2046767842457085e-08,-9.4335014493572215e-08
0.865,4.3765419371698485e-08,4.6818900938562208e-08,4.8827030491140832e-08,9.1718870938006847e-09,-3.4166858048539056e-08,-6.6425831266115224e-08,-7.6846726745702765e-08
0.8675,5.6668015557983817e-08,5.948139974286285e-08,6.0855572597056261e-08,2.2691989759192423e-08,-1.8151861037033566e-08,-4.755892313059069e-08,-5.5999986101342411e-08
0.87,6.9997375958142876e-08,7.2615092315344273e-08,7.3880705118396969e-08,3.8001544712513235e-08,3.3250781165069236e-10,-2.5743177913470864e-08,-3.2115002158522283e-08
0.8725,8.3531642626953665e-08,8.5999377097707294e-08,8.7678304913986683e-08,5.4829875372302987e-08,2.0960790979479642e-08,-1.3535537460035092e-09,-5.5888092585499051e-09
0.875,9.7030584753661663e-08,9.9394077782801974e-08,1.0199285592159425e-07,7.2858840525570953e-08,4.334521646434886e-08,2.5163429986309879e-08,2.3111121513152137e-08
0.8775,1.1023930117836827e-07,1.1254331522824407e-07,1.1654307253231646e-07,9.1728670722382342e-08,6.7042758724490185e-08,5.3297167180145962e-08,5.3453282274551581e-08
0.88,1.2289726818801014e-07,1.2518466512865866e-07,1.3103171749711166e-07,1.1104923689008657e-07,9.1568019857688456e-08,8.2487431684027509e-08,8.4856561503044542e-08
0.8825,1.3474504705516132e-07,1.3705590139068166e-07,1.4515356199251443e-07,1.3041211275235033e-07,1.1640830368376168e-07,1.1214072988615776e-07,1.1670611504252163e-07
0.885,1.4553422545103401e-07,1.4790501362896743e-07,1.5860746261257539e-07,1.4940669114644096e-07,1.4104310546937824e-07,1.4165190690163812e-07,1.4837489149087286e-07
0.8875,1.5503502695570664e-07,1.5749797619036257e-07,1.7110547945988798e-07,1.6763201564353784e-07,1.6495842571029371e-07,1.7041980050640315e-07,1.792388226972124e-07
0.89,1.6304871502971605e-07,1.6563124250843559e-07,1.8238665215288327e-07,1.8471344615622223e-07,1.8766857384515375e-07,1.9787286834522714e-07,2.0870306791512634e-07
0.8925,1.694149658479399e-07,1.7213921007374237e-07,1.9222532046270007e-07,2.0031555981882846e-07,2.0873202734057166e-07,2.2348682400732066e-07,2.362195407666841e-07
0.895,1.7401958488655698e-07,1.7690222243193769e-07,2.0044284349160236e-07,2.1416008758621531e-07,2.2777457812583055e-07,2.4681149661710209e-07,2.6131456545475901e-07
0.8975,1.7679711752186906e-07,1.7984931149267957e-07,2.0691097795321018e-07,2.2602913356619864e-07,2.4449369426161835e-07,2.6747675083961593e-07,2.8359499308913759e-07
0.9,1.7773218739959768e-07,1.8095965168305799e-07,2.1155262807014882e-07,2.3576589779602597e-07,2.5866063012071874e-07,2.8519512540393846e-07,3.0275091483901452e-07
0.9025,1.7685810576236376e-07,1.8026135833438672e-07,2.1434218536614321e-07,2.4327723240489007e-07,2.7012489065428815e-07,2.9976873637734387e-07,3.1856362664892188e-07
0.905,1.7425645757043014e-07,1.7783106975452463e-07,2.1530473676306213e-07,2.4853287671323781e-07,2.7881284050204762e-07,3.1108719944788912e-07,3.3090359992628194e-07
0.9075,1.7004835761563976e-07,1.7378542431077673e-07,2.1450912738526771e-07,2.5155816072482728e-07,2.8471964282610636e-07,3.1911949000802968e-07,3.397228521292072e-07
0.91,1.6438999854336732e-07,1.6827664957533436e-07,2.1206261193749644e-07,2.5242617809659098e-07,2.8789936557682462e-07,3.2390265543644853e-07,3.4504381755187341e-07
0.9125,1.5747012209422835e-07,1.6149007451807931e-07,2.0810788125569033e-07,2.5125256226198539e-07,2.8845736700310597e-07,3.2553278741089486e-07,3.4695062780044981e-07
0.915,1.495155467279435e-07,1.5364956181698874e-07,2.0282727990890516e-07,2.4819748273097158e-07,2.8655029488843612e-07,3.2416423309551923e-07,3.4558914205268706e-07
0.9175,1.4079827514096598e-07,1.4502461735195122e-07,1.9644993085757231e-07,2.4347300203463002e-07,2.8239397958174637e-07,3.200185140161556e-07,3.4117769190809394e-07
0.92,1.3163149999141369e-07,1.3592635960993011e-07,1.8924802321533881e-07,2.3734082187249523e-07,2.7626281171890237e-07,3.1338594098696223e-07,3.340110781262825e-07
0.9225,1.2234028106174583e-07,1.2667831591416367e-07,1.8151251752057614e-07,2.3009186034967073e-07,2.6847066876122534e-07,3.0460665845141618e-07,3.2444230473675419e-07
0.925,1.1322036160438255e-07,1.1757514256924344e-07,1.7351243955677853e-07,2.220049523495347e-07,2.5932652518229555e-07,2.9402214036880065e-07,3.1283191977131329e-07
0.9275,1.0451432184232214e-07,1.0885869095187607e-07,1.654691488561891e-07,2.1331555693317062e-07,2.4909738424081445e-07,2.8193217642636239e-07,2.9950168784263656e-07
0.93,9.6413413568983735e-08,1.0071970865210738e-07,1.5755329566978815e-07,2.0420567837250219e-07,2.379935876459583e-07,2.6857687264746147e-07,2.8471446538707691e-07
0.9325,8.9070176247444998e-08,9.3310590377602844e-08,1.4989792272389862e-07,1.9481323995587899e-07,2.2617555416386958e-07,2.5414242212117841e-07,2.686792908004146e-07
0.935,8.2609255731187316e-08,8.6756377255286748e-08,1.4261238349769252e-07,1.85246608390101e-07,2.1376729063999716e-07,2.3877441332593074e-07,2.5156462229033653e-07
0.9375,7.7131224593083757e-08,8.1158427147072228e-08,1.3578766007325946e-07,1.7559319537862735e-07,2.0086529863356398e-07,2.2258686003824672e-07,2.3350739792850286e-07
0.94,7.2712460327831606e-08,7.6594165883707363e-08,1.2949625409792278e-07,1.6592286805086813e-07,1.8754394875139411e-07,2.0566731879508518e-07,2.1461794688372447e-07
0.9425,6.9397954125953378e-08,7.3109860306784765e-08,1.2378481594233338e-07,1.5628266970415939e-07,1.738528021197724e-07,1.8807529058685962e-07,1.9497806534459035e-07
0.945,6.7195889450048162e-08,7.0715289625734973e-08,1.1866992540650749e-07,1.466941064756015e-07,1.5981707218595897e-07,1.6984396432079702e-07,1.7464257440290975e-07
0.9475,6.6073334919887925e-08,6.9379393415328231e-08,1.1413401248752838e-07,1.3714976986434513e-07,1.4543600555568612e-07,1.5098070171096472e-07,1.5363927686682666e-07
0.95,6.5958682286935269e-08,6.9032741581817992e-08,1.101287324409383e-07,1.2761876805888944e-07,1.3069043307755375e-07,1.3147637445403649e-07,1.3197809661503795e-07
0.9525,6.6746591426630955e-08,6.9572483052322206e-08,1.065802235717663e-07,1.1805297670983632e-07,1.1554996016170996e-07,1.1131466758736986e-07,1.0966022755776615e-07
0.955,6.8307361599924654e-08,7.0871881076386602e-08,1.0340100147139155e-07,1.0840143289026136e-07,9.998935127781283e-08,9.0489638595106312e-08,8.6695835617970616e-08
0.9575,7.0495241800597037e-08,7.2788663296380758e-08,1.0049959475263696e-07,9.8622512369720934e-08,8.4002615720964766e-08,6.9022169075385031e-08,6.312077991036738e-08
0.96,7.3155988568429682e-08,7.5172466818285274e-08,9.7787914421033695e-08,8.8693203392546283e-08,6.7614007195253944e-08,4.697139495927784e-08,3.9008393944092167e-08
0.9625,7.6133617340658386e-08,7.7871464791705138e-08,9.5185750286298363e-08,7.8613796459408998e-08,5.0884006790253585e-08,2.4442521398192742e-08,1.4477731909765606e-08
0.965,7.9275546105783439e-08,8.0737442134392079e-08,9.2625230597167768e-08,6.8411594096960815e-08,3.3913484319596936e-08,1.590883809567995e-09,-1.030199275250675e-08
0.9675,8.2435017333870165e-08,8.362814761919738e-08,9.0051951411169247e-08,5.81405086612232e-08,1.6842793862221959e-08,-2.1377813818232707e-08,-3.5110828364548317e-08
0.97,8.547266252516885e-08,8.6408700319019276e-08,8.7425636189207647e-08,4.7880333226378376e-08,-1.5021036812912697e-10,-4.4210504269826937e-08,-5.9680909177514909e-08
0.9725,8.825733576329681e-08,8.8952291550127661e-08,8.4718962274455245e-08,3.7733992119894982e-08,-1.6854765626640396e-08,-6.6611747914878351e-08,-8.3701443823406851e-08
0.975,9.0673493874665037e-08,9.1147392359502139e-08,8.1923189212561273e-08,2.7830898455091036e-08,-3.3025584218311963e-08,-8.8243893567952705e-08,-1.0681881889639771e-07
0.9775,9.2618459823667001e-08,9.2894847969678884e-08,7.9043207121700977e-08,1.8318209502434503e-08,-4.8395339537369153e-08,-1.0874218344483914e-07,-1.2865219845292277e-07
0.98,9.4002830343158382e-08,9.4108136522433062e-08,7.6096053435698464e-08,9.3564449526848131e-09,-6.2681786419800854e-08,-1.2772451733745611e-07,-1.4880356940327126e-07
0.9825,9.475120684569472e-08,9.4713737724769508e-08,7.3106714686180612e-08,1.1101961565113178e-09,-7.5601542264936207e-08,-1.4480893658503567e-07,-1.6687600157050016e-07
0.985,9.4801385349882123e-08,9.4650319316218651e-08,7.0106860346574994e-08,-6.2560051919306165e-09,-8.6877122408243686e-08,-1.5962346354798927e-07,-1.8248395560485834e-07
0.9875,9.4103362606496629e-08,9.3867457632829954e-08,6.712788161785513e-08,-1.259000146147902e-08,-9.6253074530199941e-08,-1.7182539877448257e-07,-1.952732452431191e-07
0.99,9.2618504927599615e-08,9.232477227926235e-08,6.4197867477911021e-08,-1.775966058050816e-08,-1.0350723626021793e-07,-1.8111548773701e-07,-2.0493573649417408e-07
0.9925,9.0317604285057657e-08,8.9990110651654477e-08,6.1340813263816303e-08,-2.1654843132820858e-08,-1.0845528827333635e-07,-1.8724459360638854e-07,-2.1121637522099213e-07
0.995,8.7178244763221856e-08,8.6836994212641854e-08,5.8573316040202856e-08,-2.4192324137932427e-08,-1.109573797409749e-07,-1.9002202150829984e-07,-2.1392168704519702e-07
0.9975,8.3184374808266015e-08,8.2844223750265335e-08,5.5901726521152226e-08,-2.5320998324330833e-08,-1.1092531680686051e-07,-1.893247590658303e-07,-2.1292936575424913e-07
1.0,7.832639734260571e-08,7.7996218044696819e-08,5.3321152703580189e-08,-2.5025516804034173e-08,-1.0832867996849628e-07,-1.8510562039530889e-07,-2.0819659609470438e-07
1.0025,7.2601618302627066e-08,7.2283699579236421e-08,5.0814679016858717e-08,-2.3328907315329697e-08,-1.0319874070082036e-07,-1.7739859166195086e-07,-1.9976556248679464e-07
1.005,6.6016040467680811e-08,6.5705817376349607e-08,4.835405948637324e-08,-2.0294117918548929e-08,-9.5631955041864472e-08,-1.663241497461754e-07,-1.8776888154040433e-07
1.0075,5.8584698634873986e-08,5.8270859518675951e-08,4.5900198510165143e-08,-1.602368982414737e-08,-8.5788833471086973e-08,-1.5208742891453689e-07,-1.724273113999175e-07
1.01,5.0333003167788084e-08,4.9997988191121184e-08,4.3406065796617145e-08,-1.0654983921684359e-08,-7.3887331151724844e-08,-1.3496946955194999e-07,-1.5404033523903253e-07
1.0125,4.12993287277113e-08,4.0920258575418341e-08,4.0821243390208306e-08,-4.3548307229397952e-09,-6.0196748450234797e-08,-1.1532041688655649e-07,-1.329788156889113e-07
1.015,3.1533299579299009e-08,3.1083195372444259e-08,3.8095000423624945e-08,2.6892278968817706e-09,-4.5023077000254633e-08,-9.3539419593866286e-08,-1.0966386131422181e-07
1.0175,2.1096910625000897e-08,2.0546219016381615e-08,3.5181467124000411e-08,1.0279621616270568e-08,-2.8695234900655571e-08,-7.0058572203578759e-08,-8.4549814690719277e-08
1.02,1.0068551888966613e-08,9.3867755109033666e-09,3.2042754136918282e-08,1.8213009171251485e-08,-1.1558754819147146e-08,-4.5334910907098078e-08,-5.8115931978722162e-08
1.0225,-1.45759726419438e-09,-2.3002243362775111e-09,2.8652988129110004e-08,2.6289208528165659e-08,6.0373438929974431e-09,-1.9834718590277708e-08,-3.0849989291061526e-08
1.025,-1.3371896768502718e-08,-1.4402824383828978e-08,2.50000069388141e-08,3.4317471430047591e-08,2.3750703641078762e-08,5.9798915427836124e-09,-3.2344570607582336e-09
1.0275,-2.5547356652532512e-08,-2.6790253412115326e-08,2.1088389553984705e-08,4.2123218615972017e-08,4.125581223248442e-08,3.1663112949281106e-08,2.4265868621522331e-08
1.03,-3.7837765358984195e-08,-3.9311228446289861e-08,1.6943517387420572e-08,4.9553574104729938e-08,5.8251993977323905e-08,5.6795572899850882e-08,5.1214008843122097e-08
1.0325,-5.008100517498378e-08,-5.1797737513075799e-08,1.2611023263466018e-08,5.6480929878674454e-08,7.4468521546061269e-08,8.0990988667551043e-08,7.7207459223083711e-08
1.035,-6.2102208602023885e-08,-6.4068524925539703e-08,8.1534428996675106e-09,6.280276076942849e-08,8.9669561820758069e-08,1.0390393882588223e-07,1.0188582235847639e-07
1.0375,-7.371340326567232e-08,-7.5928973419206902e-08,3.6524968308534048e-09,6.8446536742127852e-08,1.0365858617442621e-07,1.2523436943180102e-07,1.2493504096893921e-07
1.04,-8.4718885551645969e-08,-8.7177033569477073e-08,-7.9609081169336111e-10,7.3366008480347553e-08,1.1627732304347248e-07,1.4472891493778054e-07,1.4608868562753611e-07
1.0425,-9.4918367205108828e-08,-9.760662339688109e-08,-5.0833368742545558e-09,7.7541780821367309e-08,1.2740773404588659e-07,1.6218321795039244e-07,1.6512988177522463e-07
1.045,-1.0411460341662078e-07,-1.0701555887138605e-07,-9.0917689022944406e-09,8.0983077710977121e-08,1.3697553789877979e-07,1.7744917207874501e-07,1.8189886387502449e-07
1.0475,-1.1211616934141317e-07,-1.1520853406404188e-07,-1.2699280503873242e-08,8.3721917483015234e-08,1.4494826116620854e-07,1.9043172392894463e-07,1.9628924343578307e-07
1.05,-1.1874573391147924e-07,-1.2200548842592457e-07,-1.5785020166216e-08,8.5809876640541904e-08,1.5132845480395234e-07,2.0108402616780394e-07,2.0824339832524017e-07
1.0525,-1.2384694074436382e-07,-1.2724846787391971e-07,-1.8234383728660651e-08,8.7313451878178008e-08,1.5615158401670847e-07,2.0940548569107015e-07,2.1775063828575534e-07
1.055,-1.2728876820935552e-07,-1.308059798339291e-07,-1.9944278417415016e-08,8.8308862386745214e-08,1.5947928145386025e-07,2.1543572527769756e-07,2.2484126721802563e-07
1.0575,-1.2896925378967739e-07,-1.3257657259333482e-07,-2.0826906862924776e-08,8.8878750742761144e-08,1.6139704099634798e-07,2.1925101963099232e-07,2.2958321198565372e-07
1.06,-1.2882043769600306e-07,-1.324935284882366e-07,-2.0813445900226817e-08,8.910724560777259e-08,1.6200807962676772e-07,2.2095843934426515e-07,2.3207633397609449e-07
1.0625,-1.2681086601853308e-07,-1.3052712494057017e-07,-1.9855457621007795e-08,8.9076397308673398e-08,1.6142746066083145e-07,2.2068875693378311e-07,2.3244553453386916e-07
1.065,-1.2294830941232569e-07,-1.2668714281240678e-07,-1.7927435883171848e-08,8.8864032481002262e-08,1.5977846905946608e-07,2.1859195762488612e-07,2.3083643010706045e-07
1.0675,-1.1728004814237665e-07,-1.2102287667161566e-07,-1.5029018353132e-08,8.8540492418275294e-08,1.5718834137676164e-07,2.1483139933227273e-07,2.2740968416654591e-07
1.07,-1.0989351619676239e-07,-1.1362359227460925e-07,-1.1187055015171863e-08,8.8163164123169132e-08,1.5378141735528413e-07,2.095760023275428e-07,2.2233331529765483e-07
1.0725,-1.0091328665613536e-07,-1.0461544794674047e-07,-6.4523088301145918e-09,8.7778304012248412e-08,1.4967987961086284e-07,2.0299964088419739e-07,2.1578217421458488e-07
1.075,-9.0504110569685485e-08,-9.4164397527148274e-08,-9.0021929103300503e-10,8.7420848311444052e-08,1.449998395459925e-07,1.9527619522741522e-07,2.0793305528641795e-07
1.0775,-7.8866306946879826e-08,-8.2471676737246666e-08,5.3667635215103885e-09,8.7107639763974632e-08,1.3984550670290021e-07,1.8657149772362198e-07,1.9895658993734952e-07
1.08,-6.6232166232844792e-08,-6.9770249953461021e-08,1.2221235433821397e-08,8.6837259592048725e-08,1.3430695909413585e-07,1.7704132400372982e-07,1.8901521282367268e-07
1.0825,-5.2855640262814244e-08,-5.6314544649621515e-08,1.9517737844494524e-08,8.659296672864516e-08,1.2845874476696602e-07,1.6682666163528909e-07,1.782580657756915e-07
1.085,-3.9014813218590635e-08,-4.2383352306304613e-08,2.7092603144021693e-08,8.6343479220774517e-08,1.2236248739809033e-07,1.5605790763910371e-07,1.6682538709169424e-07
1.0875,-2.5004249149051815e-08,-2.8272270181205186e-08,3.4770965199260206e-08,8.6050329781072502e-08,1.1607217212517073e-07,1.4485777719172548e-07,1.5485105657442657e-07
1.09,-1.1125549128446017e-08,-1.4284479002871747e-08,4.2368689735118306e-08,8.5664943551817545e-08,1.0963048556408442e-07,1.3333707644179664e-07,1.4245809443292128e-07
1.0925,2.321452497519244e-09,-7.2212867653573345e-10,4.9695654983106725e-08,8.5127611702300611e-08,1.0306670107952749e-07,1.2159248796981171e-07,1.2975619060927944e-07
1.095,1.5048616603273274e-08,1.2123514251576839e-08,5.6566282071379118e-08,8.4376443566759519e-08,9.640420665304623e-08,1.0971288601960954e-07,1.1684770030542501e-07
1.0975,2.6789642771051215e-08,2.3982091384994767e-08,6.2807017043580305e-08,8.33518259427067e-08,8.9662660341309687e-08,9.7780781185158775e-08,1.0382868790567641e-07
1.1,3.730886835318364e-08,3.4613092687214827e-08,6.826046266840684e-08,8.1998506916172025e-08,8.2858529728677536e-08,8.5871776674287325e-08,9.0788120681544471e-08
1.1025,4.6412226085408885e-08,4.3817137421305528e-08,7.2795749015372564e-08,8.0272629052534609e-08,7.6010606067922386e-08,7.405899615249608e-08,7.7811841247011895e-08
1.105,5.3952353288928559e-08,5.1441257061565587e-08,7.6313049741151561e-08,7.8146696842044824e-08,6.9145630530760662e-08,6.2417842997194689e-08,6.4986959515200546e-08
1.1075,5.9826870128815965e-08,5.7377201068842801e-08,7.8741960465084329e-08,7.560668125369107e-08,6.2294286285711486e-08,5.1022525947321917e-08,5.2398327870532552e-08
1.11,6.3974894488914062e-08,6.1558230185691144e-08,8.0039493208926984e-08,7.265266231567924e-08,5.5493728270571261e-08,3.9949607518748713e-08,4.013228499497775e-08
1.1125,6.6373486150438012e-08,6.3955794148754908e-08,8.0191951731061116e-08,6.9302639081661979e-08,4.8792747812110931e-08,2.9284850988860196e-08,2.8283824642263732e-08
1.115,6.7037868572898058e-08,6.457999976714032e-08,7.921277906059167e-08,6.559165163992479e-08,4.225130823761015e-08,1.9122784048745121e-08,1.6956482025407188e-08
1.1175,6.6019260491511667e-08,6.347780182480503e-08,7.7142548249066722e-08,6.1572005141406296e-08,3.5941373391149115e-08,9.5678780859336407e-09,6.2636539955273463e-09
1.12,6.3404496648053078e-08,6.0732861698344721e-08,7.4046773293218757e-08,5.7309034525405847e-08,2.9941951257726158e-08,7.2863584273289737e-10,-3.6772961681067798e-09
1.1225,5.9317080943551041e-08,5.6467057740926447e-08,7.0017770057868905e-08,5.2882485320296895e-08,2.4339976701066887e-08,-7.2818143520149936e-09,-1.2744458098269605e-08
1.125,5.3915066330063472e-08,5.0838432479548378e-08,6.5174332081411829e-08,4.8384322536843541e-08,1.9225387569746623e-08,-1.435290878891842e-08,-2.081885043929476e-08
1.1275,4.7384798569568603e-08,4.4034884144241895e-08,5.9657213456349556e-08,4.3916041760452115e-08,1.4688211611145227e-08,-2.0379359338616481e-08,-2.7787063829367936e-08
1.13,3.9933401945678619e-08,3.6266612662845605e-08,5.3622250628217294e-08,3.9583881044714178e-08,1.0814336085113995e-08,-2.5266733534191944e-08,-3.354701894288773e-08
1.1325,3.1782011735312782e-08,2.7759395319093548e-08,4.7233854712995262e-08,3.5492593167158271e-08,7.6797871665219409e-09,-2.8938000103458931e-08,-3.8014639861500211e-08
1.135,2.3160603856180053e-08,1.8749336138838245e-08,4.0661183728691305e-08,3.174190707544903e-08,5.3476402914815671e-09,-3.1337100353121402e-08,-4.112755647782773e-08
1.1375,1.4302420685832115e-08,9.4769474370436302e-09,3.4074037384358319e-08,2.8422681582392634e-08,3.8634638841420413e-09,-3.2433812937194857e-08,-4.2850108580408758e-08
1.14,5.438409797343447e-09,1.8132820769774741e-10,2.7637116757310025e-08,2.5612353723297641e-08,3.2523163454882946e-09,-3.2226667715294903e-08,-4.3176374176298972e-08
1.1425,-3.2086973705273946e-09,-8.9061822643342921e-09,2.1507761044769764e-08,2.3375537903602365e-08,3.5188961173467806e-09,-3.0743075996678298e-08,-4.2130431382338194e-08
1.145,-1.1429775902072954e-08,-1.7567672374558125e-08,1.5830626560676503e-08,2.1761111852319781e-08,4.6457648575430528e-09,-2.8041116474670491e-08,-3.9768299232142431e-08
1.1475,-1.9032288246165827e-08,-2.5601738780137474e-08,1.0736466869997543e-08,2.0803167076361117e-08,6.5970011605105198e-09,-2.4205116475849701e-08,-3.6173641794421135e-08
1.15,-2.5844889935810816e-08,-3.2828522554235841e-08,6.3374344269661561e-09,2.0518222572348219e-08,9.3171298807363036e-09,-1.9345568418353981e-08,-3.1457796045701356e-08
1.1525,-3.1719423606295523e-08,-3.9091898472507983e-08,2.7259617004397028e-09,2.0905396225623079e-08,1.2732593630117843e-08,-1.3596325121167212e-08,-2.5757034839689007e-08
1.155,-3.6532160473528982e-08,-4.4260839285277004e-08,-2.6694737366833122e-11,2.194527102033557e-08,1.6751412432809416e-08,-7.1135716777492758e-09,-1.9231561115323773e-08
1.1575,-4.0184107736080858e-08,-4.8229786263407289e-08,-1.8698029175870919e-09,2.3602077502229058e-08,2.126642285181275e-08,-7.1350697017847197e-11,-1.2061008784971108e-08
1.16,-4.2601429858151241e-08,-5.0919273468691082e-08,-2.7718415224444415e-09,2.5827208764658984e-08,2.6160007223449313e-08,7.3439011497090576e-09,-4.4389438849235526e-09
1.1625,-4.3736355165593015e-08,-5.2277214188848551e-08,-2.7181299421036305e-09,2.856583540974478e-08,3.1312641255024288e-08,1.4944106664110616e-08,3.4380507131860948e-09
1.165,-4.3567459191569332e-08,-5.2279026261535004e-08,-1.7123937877939497e-09,3.1756391916352091e-08,3.6605063185958314e-08,2.2542569542529814e-08,1.1373512124615867e-08
1.1675,-4.2098864846366791e-08,-5.0926582398781969e-08,2.2199337433333484e-10,3.5328546961678518e-08,4.1916818734398786e-08,2.9954622886121848e-08,1.9171909879462181e-08
1.17,-3.9356346363174809e-08,-4.8244278413482397e-08,3.0481013312084685e-09,3.9210828365261264e-08,4.7135091778994759e-08,3.7008192588658105e-08,2.6649437828986063e-08
1.1725,-3.538759169528645e-08,-4.4279679811667949e-08,6.7150510530719583e-09,4.3328670372578524e-08,5.215323079963674e-08,4.3544605499656094e-08,3.3635192497199008e-08
1.175,-3.0262386778970469e-08,-3.9103545224141641e-08,1.1158639154433748e-08,4.7609407392260879e-08,5.6876865915580101e-08,4.9425235409033752e-08,3.9977984486966114e-08
1.1775,-2.4069393495542714e-08,-3.2806407312748205e-08,1.6304523460372356e-08,5.1984122070452756e-08,6.1226938862308587e-08,5.4537475494131628e-08,4.5553035323309815e-08
1.18,-1.690689817608707e-08,-2.5488920583353439e-08,2.2075228779511515e-08,5.6392797710111473e-08,6.514419532672272e-08,5.879999798930199e-08,5.0267953198861113e-08
1.1825,-8.8664884882619828e-09,-1.7244907772591834e-08,2.8402771254351913e-08,6.0794760653226527e-08,6.8597955171880758e-08,6.2170956867758302e-08,5.4071941826519563e-08
1.185,-2.4452982241325167e-11,-8.1523508503799201e-09,3.5232641225472597e-08,6.5161337588898348e-08,7.157338882474164e-08,6.4632783897821533e-08,5.6940680250556095e-08
1.1875,9.5374975766338627e-09,1.7048888727101837e-09,4.2511727364808348e-08,6.9476080812618295e-08,7.4074897448552812e-08,6.6194906454217389e-08,5.8877933546683251e-08
1.19,1.9709840908928141e-08,1.2213502400148454e-08,5.0170713006112598e-08,7.3722338449785068e-08,7.6118341780078593e-08,6.68896649180482e-08,5.9911164456338933e-08
1.1925,3.0358947602658959e-08,2.3234595652508991e-08,5.8125302442236401e-08,7.788371301713974e-08,7.7731570316534372e-08,6.6773918624584605e-08,6.0093954959860886e-08
1.195,4.1343889326094182e-08,3.4621664433302632e-08,6.6283215161688317e-08,8.1941612557624833e-08,7.8949090394788223e-08,6.5922076795498084e-08,5.9499744388486177e-08
1.1975,5.2527932134670341e-08,4.6232683466264019e-08,7.4551824471488385e-08,8.58753698508513e-08,7.980837256500157e-08,6.4420611608156074e-08,5.8216375836884904e-08
1.2,6.3780388321147364e-08,5.793204792092477e-08,8.2842911415497537e-08,8.9670415082217205e-08,8.0356905681188696e-08,6.2374449529035379e-08,5.6352386629785075e-08
1.2025,7.4975008829116782e-08,6.9588324455941489e-08,9.1073385430025966e-08,9.3318494453861569e-08,8.0650927739137717e-08,5.9904530313100417e-08,5.4034406840025175e-08
1.205,8.5986463312713578e-08,8.1070026068270127e-08,9.916321939803264e-08,9.6819445484425132e-08,8.075767611423354e-08,5.7148927519031725e-08,5.1408024895422147e-08
1.2075,9.6688013628181755e-08,9.2243296900323207e-08,1.0703203224631424e-07,1.0017424008639909e-07,8.0746637717443148e-08,5.4252345094210507e-08,4.862727642268851e-08
1.21,1.0695647943993806e-07,1.0297761498206915e-07,1.146002747505638e-07,1.033846243748499e-07,8.0688726629757244e-08,5.1362554479300526e-08,4.5850496829778346e-08
1.2125,1.1668378418602074e-07,1.1315827221195899e-07,1.2179847830794119e-07,1.0645707081638666e-07,8.0657356810836304e-08,4.8628984588404592e-08,4.3238634391395294e-08
1.215,1.2577536270281459e-07,1.2268425352182725e-07,1.2856622837068173e-07,1.0940137711328968e-07,8.0724923662869762e-08,4.619819026044781e-08,4.0950134243634617e-08
1.2175,1.3414833833583472e-07,1.3146593623702684e-07,1.34849633972459e-07,1.1222762238067982e-07,8.095976258425179e-08,4.4209249526525605e-08,3.9135938447783862e-08
1.22,1.4173025086106859e-07,1.3942423959343839e-07,1.4059876951007192e-07,1.1494054605010436e-07,8.1418811590469234e-08,4.2784371758805351e-08,3.7929596345263268e-08
1.2225,1.4846076143987059e-07,1.4649264821913685e-07,1.4577111071282957e-07,1.1754553682858769e-07,8.2153435385104692e-08,4.2033890481161118e-08,3.7451966249649587e-08
1.225,1.5429477797182888e-07,1.5262025295055068e-07,1.5033303084162094e-07,1.2004730878736617e-07,8.3207079480609281e-08,4.2050868562012682e-08,3.7805084700220671e-08
1.2275,1.591989467459459e-07,1.5776778269135204e-07,1.5425918235087051e-07,1.2245142864709006e-07,8.4616861935730553e-08,4.2913522986144526e-08,3.907480038126201e-08
1.23,1.6314731864561236e-07,1.6190365428080255e-07,1.5752819856221535e-07,1.2476054517099407e-07,8.6409337157116242e-08,4.4680656961659783e-08,4.13257472814215e-08
1.2325,1.6612157236219999e-07,1.6500455249916454e-07,1.6012015217551264e-07,1.269695437333014e-07,8.8595366101860911e-08,4.7385953928620497e-08,4.4595594576125626e-08
1.235,1.681100544761241e-07,1.6705432081418126e-07,1.6201844370944304e-07,1.2906923537338182e-07,9.1174315190646335e-08,5.1041806095944771e-08,4.8898706408280229e-08
1.2375,1.6911027700348624e-07,1.6804713479923163e-07,1.6321086155861674e-07,1.3104648021381644e-07,9.4134035260909291e-08,5.5639172859559401e-08,5.4226217520894192e-08
1.24,1.6913083410409563e-07,1.6798918463254281e-07,1.6369161344894414e-07,1.3288505649001098e-07,9.7451840496953403e-08,6.1148874628696977e-08,6.0547282358451595e-08
1.2425,1.6818986057284292e-07,1.6689685660275155e-07,1.634604484961151e-07,1.3456329200648799e-07,1.0109112005934728e-07,6.7518861308862831e-08,6.7806633847344654e-08
1.245,1.6631325819012552e-07,1.6479518997653747e-07,1.6252192748788868e-07,1.3605700665626377e-07,1.0500369681263932e-07,7.4674915253296066e-08,7.5924859861922891e-08
1.2475,1.6353569577633812e-07,1.6171950687312678e-07,1.608874480005653e-07,1.3734310506703519e-07,1.0913580808789498e-07,8.2528076632061842e-08,8.4806255417983096e-08
1.25,1.5990209248135267e-07,1.5771684123245958e-07,1.5857507953067376e-07,1.383969653117956e-07,1.1342592206821919e-07,9.0973279726087558e-08,9.433770864789306e-08
1.2525,1.5546442836519697e-07,1.5284181657371752e-07,1.5560963029214985e-07,1.3919508100255462e-07,1.1780833239201191e-07,9.989410077040185e-08,1.0439332613716243e-07
1.255,1.5027853756338965e-07,1.4715358120812551e-07,1.5201719478780617e-07,1.3970555862620294e-07,1.2220127668313442e-07,1.0915076599142696e-07,1.1482251091732239e-07
1.2575,1.4440163577493009e-07,1.4071375677887418e-07,1.4782678898657127e-07,1.3990224105911237e-07,1.2652669120538172e-07,1.1860344773328082e-07,1.254738063101668e-07
1.26,1.3789441519715176e-07,1.3358847770698738e-07,1.4307100706266471e-07,1.3976136249591004e-07,1.3070815895683589e-07,1.2811064906502884e-07,1.3619327644641072e-07
1.2625,1.308159132056322e-07,1.2584239686760418e-07,1.3778201004794259e-07,1.3925798288242376e-07,1.3466881430148575e-07,1.3753079270908268e-07,1.4682664585283587e-07
1.265,1.2322862905432705e-07,1.175447976661538e-07,1.3199370100547433e-07,1.3836498187122195e-07,1.3832762584552688e-07,1.4671627793967546e-07,1.5721282145029744e-07
1.2675,1.1519546931793628e-07,1.0876508396499083e-07,1.2574255150143853e-07,1.3705775957203593e-07,1.4160571119619066e-07,1.5552257267408064e-07,1.6719356385359699e-07
1.27,1.0677734893387478e-07,9.9570543189048419e-08,1.1906536699636419e-07,1.3531144822942268e-07,1.4442056990222849e-07,1.6379801997480134e-07,1.7660250058304321e-07
1.2725,9.803493508456992e-08,9.0028849726738426e-08,1.1200179527804407e-07,1.3310996042017786e-07,1.4670025184843677e-07,1.7140162603370671e-07,1.8528345277957826e-07
1.275,8.9028639337505529e-08,8.0207929651841305e-08,1.045907292448741e-07,1.3043916402427335e-07,1.4837873506907652e-07,1.7820028415975681e-07,1.9308789881881917e-07
1.2775,7.9820612054653205e-08,7.0177846703275593e-08,9.6873266476864245e-08,1.2728759213119227e-07,1.4939616179495032e-07,1.8406962042117578e-07,1.9987604343721628e-07
1.28,7.0469923519547769e-08,6.0004681789995821e-08,8.8890639622003225e-08,1.2364831630565285e-07,1.4970140630419911e-07,1.8889889098090767e-07,2.0552188164526345e-07
1.2825,6.1032744353292942e-08,4.9751247008035976e-08,8.0684522275019234e-08,1.1951893645433863e-07,1.4925044163337389e-07,1.9258915868238025e-07,2.0991145949502025e-07
1.285,5.1562301705831836e-08,3.9477136614293089e-08,7.2295328874478653e-08,1.1490042923721897e-07,1.4800665112030704e-07,1.9505464028650917e-07,2.1294461239476714e-07
1.2875,4.2109269073822144e-08,2.9238648293011068e-08,6.3762655943485362e-08,1.0979597063395896e-07,1.4593833014951068e-07,1.9621896169744284e-07,2.145313502371295e-07
1.29,3.2720801230110673e-08,1.908860323431879e-08,5.5126134921463582e-08,1.0421632426380981e-07,1.4302688327954573e-07,1.9602448952945828e-07,2.146016720979041e-07
1.2925,2.3446818669159985e-08,9.0824466820926151e-09,4.643271849785309e-08,9.8188710914268107e-08,1.3927627651674074e-07,1.9444147810832625e-07,2.1311477972499959e-07
1.295,1.4335674690225158e-08,-7.2742099469618477e-10,3.7729614396318957e-08,9.1747496741061906e-08,1.3470466229698887e-07,1.9146092699685502e-07,2.1005229459339331e-07
1.2975,5.4288839181210122e-09,-1.0296573595319217e-08,2.9058759516044502e-08,8.4925363374202845e-08,1.2933388102701625e-07,1.8708448347600844e-07,2.0540828912023969e-07
1.3,-3.2371340301408808e-09,-1.9585947125139328e-08,2.045956384545012e-08,7.7757983231506061e-08,1.2319383143831719e-07,1.8132927898408012e-07,1.9919436184862666e-07
1.3025,-1.1629102329235024e-08,-2.8560046737059394e-08,1.1971737328153721e-08,7.0287180193062516e-08,1.1632472489930669e-07,1.7422949162116457e-07,1.9144145450439148e-07
1.305,-1.9718760950530718e-08,-3.7188721478341353e-08,3.6308864135657403e-09,6.255790462215546e-08,1.0877620501604727e-07,1.6583601361462727e-07,1.8219958527883881e-07
1.3075,-2.7484944600742557e-08,-4.5449295000555426e-08,-4.5354534595020491e-09,5.4607616643880557e-08,1.0059500206948304e-07,1.5620401050093203e-07,1.7152565547043179e-07
1.31,-3.4911918141100332e-08,-5.3325482552623006e-08,-1.2502323520605172e-08,4.6473568551113283e-08,9.1830985528096848e-08,1.4539878821349253e-07,1.5948933289934519e-07
1.3125,-4.1991734005007749e-08,-6.0810215530712582e-08,-2.0250779606091646e-08,3.8190724860167258e-08,8.2533056873626744e-08,1.3349062274244541e-07,1.4616782706918292e-07
1.315,-4.8723072772704895e-08,-6.7903207436709547e-08,-2.7767704266831749e-08,2.9793204860365073e-08,7.2753146642689786e-08,1.2055809078954741e-07,1.3164912788289937e-07
1.3175,-5.5104934544569223e-08,-7.4603545835177981e-08,-3.50402687793016e-08,2.1318545751191723e-08,6.2551571883517815e-08,1.0669334022213684e-07,1.1603707681042179e-07
1.32,-6.1133716341087567e-08,-8.0907715591979267e-08,-4.2053309291768858e-08,1.2805142492339277e-08,5.1990968429550996e-08,9.1995535711097506e-08,9.9444718188204644e-08
1.3225,-6.6809050624532065e-08,-8.6817054960769262e-08,-4.8793458240213567e-08,4.2947833441883375e-09,4.1141691192922583e-08,7.6577029747334798e-08,8.2000199660153233e-08
1.325,-7.2139011210108702e-08,-9.2342951813991108e-08,-5.5255372045517552e-08,-4.1764538012783575e-09,3.0070808827811583e-08,6.0551873704076458e-08,6.3835353043234996e-08
1.3275,-7.7136540594160773e-08,-9.7501399046650577e-08,-6.1437521258120804e-08,-1.257276226176321e-08,1.8848134266975528e-08,4.4042059434393046e-08,4.5091751418627453e-08
1.33,-8.1815918805976059e-08,-1.0230944253070468e-07,-6.7341897300714661e-08,-2.0864407005553149e-08,7.5390725790789931e-09,2.7170567179005289e-08,2.5913868005322279e-08
1.3325,-8.6189522928193996e-08,-1.0678223597576623e-07,-7.296765792632146e-08,-2.9014149645666159e-08,-3.780266995275264e-09,1.0075354149481929e-08,6.4625924435797315e-09
1.335,-9.0265457152504098e-08,-1.1093033009943867e-07,-7.8311522435750362e-08,-3.6983974975440608e-08,-1.5031117243563727e-08,-7.0979707939873886e-09,-1.3092024617272087e-08
1.3375,-9.4047787244806568e-08,-1.1476088858401821e-07,-8.3366414718045274e-08,-4.4734025824835331e-08,-2.6132125186909402e-08,-2.4196768281006099e-08,-3.2571350729141995e-08
1.34,-9.7538212163795087e-08,-1.1827877744435423e-07,-8.8123282334299703e-08,-5.2222385742332842e-08,-3.7000081687343629e-08,-4.106354787404381e-08,-5.1790960374329949e-08
1.3425,-1.0073503265042177e-07,-1.2148496191339888e-07,-9.2569881654398365e-08,-5.9400650292468993e-08,-4.7543538067147502e-08,-5.7531394178407559e-08,-7.0556655659219227e-08
1.345,-1.0363273823147863e-07,-1.24376729115476e-07,-9.66890904546525e-08,-6.6212912250234745e-08,-5.7661175832199351e-08,-7.3422812432228976e-08,-8.8663577032183791e-08
1.3475,-1.0622215329305567e-07,-1.2694784587432853e-07,-1.0046162134585347e-07,-7.2602199636083161e-08,-6.7249163159813033e-08,-8.8557840840239736e-08,-1.0590479455715808e-07
1.35,-1.0849412122006687e-07,-1.2919257948073629e-07,-1.0387043395853176e-07,-7.8516841716610606e-08,-7.6210475647766482e-08,-1.0276411015861017e-07,-1.2208163279048893e-07
1.3525,-1.104384928424008e-07,-1.3110379699879235e-07,-1.0689709799478218e-07,-8.3905581479311896e-08,-8.4449561713461636e-08,-1.158720052631524e-07,-1.3699939198388799e-07
1.355,-1.1204188317531715e-07,-1.3267113994075096e-07,-1.0952069423321691e-07,-8.87147303614203e-08,-9.1870697833552076e-08,-1.2771495046267132e-07,-1.504676952469524e-07
1.3575,-1.1329368331352908e-07,-1.3388711747786382e-07,-1.1172430519683805e-07,-9.2895234105185095e-08,-9.8384763542466479e-08,-1.3813767446271599e-07,-1.6230906083827553e-07
1.36,-1.1418470852703491e-07,-1.3474530897888645e-07,-1.1349256117397222e-07,-9.6400727048110247e-08,-1.0390629862554836e-07,-1.4699353787018134e-07,-1.7235633467729425e-07
1.3625,-1.1470610076648933e-07,-1.3523963184562981e-07,-1.1481308105690112e-07,-9.919574209694263e-08,-1.0836606509705714e-07,-1.5415884982803612e-07,-1.8046741692135021e-07
1.365,-1.1485179957223945e-07,-1.3536699357021895e-07,-1.1567776838548911e-07,-1.0125290949491217e-07,-1.1170830873025494e-07,-1.5953027030919723e-07,-1.8652289538739213e-07
1.3675,-1.1462030740736261e-07,-1.3512915457259297e-07,-1.1608401290521516e-07,-1.0255390669906436e-07,-1.1389249832252336e-07,-1.6302855113030679e-07,-1.9043002543379943e-07
1.37,-1.1401446465499114e-07,-1.345316829895484e-07,-1.1603371997826901e-07,-1.0308629525319642e-07,-1.1488757688399502e-07,-1.6459316555784392e-07,-1.921176228946424e-07
1.3725,-1.1303918296819449e-07,-1.3358142163260923e-07,-1.1553188032875246e-07,-1.0284293794415651e-07,-1.1467260690027434e-07,-1.6418403645545471e-07,-1.9153802430801245e-07
1.375,-1.1170279276654912e-07,-1.3228909492861127e-07,-1.1458927870472034e-07,-1.0182890689475766e-07,-1.1324317215491578e-07,-1.6178672380102338e-07,-1.886722041623551e-07
1.3775,-1.1001844024816302e-07,-1.3066994204976003e-07,-1.1322308408666385e-07,-1.0006182897549785e-07,-1.1061308223783615e-07,-1.5741325424371518e-07,-1.8353040271409677e-07
1.38,-1.080032010360024e-07,-1.2874259532044497e-07,-1.1145627694849979e-07,-9.7571205086735469e-08,-1.0681511348719798e-07,-1.5110189601844898e-07,-1.7615134205537046e-07
1.3825,-1.0568034279352818e-07,-1.2653264751022954e-07,-1.0931848970200799e-07,-9.4396977231090484e-08,-1.018995649917944e-07,-1.4291644079187389e-07,-1.6660147984652344e-07
1.385,-1.0307706954109323e-07,-1.2406830417481462e-07,-1.0684173260086562e-07,-9.058184729729137e-08,-9.59231067919639e-08,-1.3293572326282566e-07,-1.5496459299752422e-07
1.3875,-1.0022266485731702e-07,-1.2137971687210115e-07,-1.0406139797764964e-07,-8.617386751185556e-08,-8.8951358170042515e-08,-1.2125677152209068e-07,-1.4134545063531705e-07
1.39,-9.7152465280647984e-08,-1.1850364476537268e-07,-1.0102001316755535e-07,-8.123043156511412e-08,-8.1062887115997367e-08,-1.0799808804134425e-07,-1.2587318013944565e-07
1.3925,-9.3907887581662246e-08,-1.1548234474338983e-07,-9.7766835091346483e-08,-7.581994871200414e-08,-7.2350024433269413e-08,-9.3296714711902591e-08,-1.0869865662336022e-07
1.395,-9.0531698772714934e-08,-1.1235830290685167e-07,-9.4353523599633168e-08,-7.0020227725476298e-08,-6.2921222870565332e-08,-7.7315759696986224e-08,-9.0001901470243111e-08
1.3975,-8.7064615343883993e-08,-1.0917092258600472e-07,-9.0829965245183989e-08,-6.3913770784498608e-08,-5.2897933123909158e-08,-6.0235020361634062e-08,-6.9982054899974394e-08
1.4,-8.3543245914468216e-08,-1.0595413028127377e-07,-8.7243035782336323e-08,-5.7589172741687541e-08,-4.2414112737621286e-08,-4.2254208667733161e-08,-4.8861772232838648e-08
1.4025,-7.9997255025904435e-08,-1.0273443057613463e-07,-8.3629913770431394e-08,-5.1117135691213151e-08,-3.1587782355386895e-08,-2.3566726330774109e-08,-2.6859044472722659e-08
1.405,-7.6453764175890529e-08,-9.9536476196945568e-08,-8.0024591621754002e-08,-4.4561493438567335e-08,-2.0527917185149359e-08,-4.3607517635425956e-09,-4.1887408704277939e-09
1.4075,-7.2941331770031261e-08,-9.638577258907721e-08,-7.6461965372527398e-08,-3.7989920958225291e-08,-9.3461229585823844e-09,1.517109761284351e-08,1.8927169062068813e-08
1.41,-6.948156442081999e-08,-9.3299398883654359e-08,-7.2971871743506471e-08,-3.147490751039151e-08,1.8359422224511993e-09,3.4825450411403916e-08,4.2254393282647085e-08
1.4125,-6.6093141784352301e-08,-9.0291035690100551e-08,-6.9579727096240275e-08,-2.5083885069320073e-08,1.2898210325259667e-08,5.4398610340073707e-08,6.5556447840090614e-08
1.415,-6.2789684557002964e-08,-8.7368768402429984e-08,-6.6302599952088587e-08,-1.8868331239712683e-08,2.3738313296780421e-08,7.3702665596247241e-08,8.8611210178852363e-08
1.4175,-5.957981018241419e-08,-8.45364923265351e-08,-6.3152467516910229e-08,-1.2875209523192298e-08,3.4259770757887259e-08,9.2554190542222315e-08,1.1119983858360547e-07
1.42,-5.6470172445598746e-08,-8.1797571515178231e-08,-6.0138917168844845e-08,-7.1462254921076388e-09,4.4373233699135589e-08,1.1077829986957391e-07,1.3311121167000166e-07
1.4225,-5.3461782553968139e-08,-7.914894463993871e-08,-5.7264367746213743e-08,-1.7122936493880923e-09,5.4001402961363506e-08,1.2821348804767661e-07,1.5414753742108795e-07
1.425,-5.0554118121507189e-08,-7.6584133976609214e-08,-5.4528569300906916e-08,3.3982988639985117e-09,6.3071949701109748e-08,1.4470545075979013e-07,1.7411726186413543e-07
1.4275,-4.7740106001214205e-08,-7.4089171758302204e-08,-5.1925424187417375e-08,8.1603679927229545e-09,7.1519100311312387e-08,1.6011237004881831e-07,1.9284229728057066e-07
1.43,-4.5007272237996864e-08,-7.1643952724440056e-08,-4.9441633931278532e-08,1.2556739315473812e-08,7.9282903735018837e-08,1.7429883479028886e-07,2.1015159276263322e-07
1.4325,-4.2338523689559116e-08,-6.9224235911023524e-08,-4.7058183581776949e-08,1.6577709623626705e-08,8.6312319628524432e-08,1.8714317528422068e-07,2.2588902181476138e-07
1.435,-3.971382642945989e-08,-6.6803573432509879e-08,-4.47522273156737e-08,2.0223183321178546e-08,9.257198429421897e-08,1.985453114188115e-07,2.3992168700914438e-07
1.4375,-3.7114063414229724e-08,-6.4357594419006416e-08,-4.250144242961386e-08,2.3495599433476088e-08,9.8032670511610715e-08,2.0841810333109966e-07,2.5213180537448751e-07
1.44,-3.4519250235073044e-08,-6.1861984100115717e-08,-4.028235173024763e-08,2.6401816868665899e-08,1.0267105512850668e-07,2.166849881262151e-07,2.6241460560137482e-07
1.4425,-3.191180862459377e-08,-5.9295016778249459e-08,-3.8071899285082652e-08,2.8957979852742231e-08,1.0648297384774686e-07,2.2329692584801345e-07,2.7069576280097949e-07
1.445,-2.9275987694261016e-08,-5.663680732125013e-08,-3.5850162601231502e-08,3.1173262115813791e-08,1.0945866277594222e-07,2.2820692841712855e-07,2.7690594527706836e-07
1.4475,-2.6596920568731353e-08,-5.3868584450443125e-08,-3.3597597853185028e-08,3.3058032370142659e-08,1.1159299305064181e-07,2.31379759243007e-07,2.8099064786834911e-07
1.45,-2.3861574539043296e-08,-5.0974071788953959e-08,-3.1296764898694516e-08,3.4620947382811534e-08,1.1287965395674873e-07,2.3278688308338786e-07,2.8290519092046081e-07
1.4525,-2.1058545769813894e-08,-4.7938672469118747e-08,-2.8931063721257584e-08,3.5878110889969551e-08,1.1332669333682731e-07,2.3241886780642156e-07,2.8262761822476726e-07
1.455,-1.8178884305385771e-08,-4.475198736680306e-08,-2.6485197537690101e-08,3.6848553760241367e-08,1.1295088969594424e-07,2.3028571265426322e-07,2.8015941790846993e-07
1.4575,-1.5215000367720237e-08,-4.140521468971025e-08,-2.3945961775552855e-08,3.7549349629672047e-08,1.1176911352489071e-07,2.2640413046068403e-07,2.7551347029163635e-07
1.46,-1.215793296482973e-08,-3.7887720703451894e-08,-2.129906457765251e-08,3.8001890134105733e-08,1.0980882252499004e-07,2.2081392277604716e-07,2.6873098224265674e-07
1.4625,-8.9991055920447168e-09,-3.4191238710227665e-08,-1.8531284253417435e-08,3.822627619011809e-08,1.0709846241721792e-07,2.1356474318783396e-07,2.5986776803547635e-07
1.465,-5.7351147970808183e-09,-3.0314420109877078e-08,-1.5633200000514569e-08,3.8251887685159655e-08,1.0368788091906321e-07,2.0473924631444307e-07,2.4901813669168769e-07
1.4675,-2.3680475584359018e-09,-2.626102073184301e-08,-1.2600775046352322e-08,3.8106478846619268e-08,9.9628543293409468e-08,1.9443137471196746e-07,2.3629310520903108e-07
1.47,1.1013944300958129e-09,-2.2033402861954258e-08,-9.429844304545651e-09,3.7816987024795996e-08,9.4979893802796509e-08,1.8275432795862072e-07,2.2182824879895376e-07
1.4725,4.6710723033947765e-09,-1.7637018045715741e-08,-6.1176334217735208e-09,3.7410845952523499e-08,8.9804532775044622e-08,1.6983482131996293e-07,2.057777171756933e-07
1.475,8.3341354586395521e-09,-1.3085019182966939e-08,-2.6677833954129989e-09,3.6916443142990957e-08,8.4171540082516315e-08,1.5581590201556911e-07,1.8831663330923963e-07
1.4775,1.2076303873959608e-08,-8.3998058000786848e-09,9.0834929280858714e-10,3.6362502829405556e-08,7.8158978889741703e-08,1.4085823019211609e-07,1.696419940529784e-07
1.48,1.5878073983890107e-08,-3.6082550978222835e-09,4.5945207490782009e-09,3.577396429185415e-08,7.1846271912976471e-08,1.2513224670525234e-07,1.4996454021580859e-07
1.4825,1.9718496158537702e-08,1.261096195414486e-09,8.3714825051440171e-09,3.5172978245911783e-08,6.5314372818872117e-08,1.0881813669985958e-07,1.2950817120410975e-07
1.485,2.3575470701633378e-08,6.1780073495180836e-09,1.2218189007372378e-08,3.4578524256420473e-08,5.8642311509917136e-08,9.2099836174052021e-08,1.0850351478692427e-07
1.4875,2.7426259384301184e-08,1.1110658295679948e-08,1.6112606784306631e-08,3.4013295294631781e-08,5.191525643027908e-08,7.5170842257546708e-08,8.7192820541035043e-08
1.49,3.1247571275944503e-08,1.6025075606256338e-08,2.0030874036665646e-08,3.3502313038839361e-08,4.5228261199447566e-08,5.8239958791609541e-08,6.5835241771967704e-08
1.4925,3.5017415023062575e-08,2.0889118633098561e-08,2.3949454420896009e-08,3.3068892619493582e-08,3.8674362808281212e-08,4.1516632991946165e-08,4.4691467739746417e-08
1.495,3.8717225709903135e-08,2.5675020693659484e-08,2.7848884225006169e-08,3.2740870569887446e-08,3.2346327834654658e-08,2.5207863003045834e-08,2.4019893159684019e-08
1.4975,4.2330496047131966e-08,3.0356654308675297e-08,3.1709453070415654e-08,3.2541324363586779e-08,2.633439419351049e-08,9.5151017178206307e-09,4.0725990243387943e-09
1.5,4.5836659841496776e-08,3.4901908208277005e-08,3.5505059890979215e-08,3.2485431791585162e-08,2.0720227077116403e-08,-5.3709214464037739e-09,-1.4910565211647729e-08
1.5025,4.9208964459360105e-08,3.927204882612526e-08,3.9202071417576253e-08,3.2580272155757526e-08,1.5574484038127448e-08,-1.927145860542766e-08,-3.2704147479249955e-08
1.505,5.2417895481735069e-08,4.3427642944927445e-08,4.2763881300451331e-08,3.2825630584054853e-08,1.0956148464743827e-08,-3.2027998954050061e-08,-4.9105720371644249e-08
1.5075,5.5431096383791184e-08,4.7325906845141205e-08,4.6149590251182136e-08,3.3211235719701711e-08,6.9076398243912723e-09,-4.3507777002673051e-08,-6.3942063038838467e-08
1.51,5.8213130107955271e-08,5.0919897884933885e-08,4.9313255869072147e-08,3.3720247474535951e-08,3.4605267970634179e-09,-5.3597450409906095e-08,-7.7063346749509774e-08
1.5125,6.0729184333887821e-08,5.4164089601283715e-08,5.2209098158023637e-08,3.4332835135403621e-08,6.3955577849855679e-10,-6.2199153579738002e-08,-8.8339417989523462e-08
1.515,6.2947646053100894e-08,5.7017339001288753e-08,5.4794038262581232e-08,3.5026226563803465e-08,-1.5431464700051982e-09,-6.9241309787385112e-08,-9.7671307181427737e-08
1.5175,6.4839208749133821e-08,5.9442610828285699e-08,5.702753287553232e-08,3.5773989093768433e-08,-3.0846359302072452e-09,-7.4670126132123627e-08,-1.0498267478429235e-07
1.52,6.6375945957378243e-08,6.1404703974053724e-08,5.8869644977638032e-08,3.6548984930752413e-08,-3.9842772166260195e-09,-7.8444640287981186e-08,-1.1021501347811107e-07
1.5225,6.7528901417494751e-08,6.2867288020923688e-08,6.027780025126275e-08,3.7309876984453953e-08,-4.2700022012658728e-09,-8.0568197084306139e-08,-1.1335941208602215e-07
1.525,6.8269851102993983e-08,6.3796026418365824e-08,6.1210320055380152e-08,3.8011194054602567e-08,-3.9839367963941783e-09,-8.1071421041891355e-08,-1.1443951705663448e-07
1.5275,6.8575030869765505e-08,6.4163616026983308e-08,6.1631280837702761e-08,3.8605042123300403e-08,-3.1794069724383144e-09,-8.0010628852257395e-08,-1.1351018661699967e-07
1.53,6.8427673518017584e-08,6.3952114803634439e-08,6.1514157817256832e-08,3.9049535879261733e-08,-1.912189361609173e-09,-7.7458818893160582e-08,-1.1064870480894005e-07
1.5325,6.7814466932517786e-08,6.3147027900856738e-08,6.083564752652589e-08,3.930611985834751e-08,-2.4060711291830541e-10,-7.3506670664499734e-08,-1.0595579357437238e-07
1.535,6.6724981394189778e-08,6.1738814905463869e-08,5.95768607712645e-08,3.9331992498694746e-08,1.7667308966080967e-09,-6.82674117597582e-08,-9.9560697434341502e-08
1.5375,6.5154658125747884e-08,5.9724229319562366e-08,5.7725202157687386e-08,3.908661527638704e-08,4.0351868177174967e-09,-6.1869567587169448e-08,-9.1613031556994448e-08
1.54,6.3105281261426431e-08,5.7108941962884836e-08,5.5276927574566707e-08,3.8531859313436107e-08,6.477590089707779e-09,-5.4472438809960201e-08,-8.2298218782769494e-08
1.5425,6.0588161259654748e-08,5.3911313250323484e-08,5.2241817324844881e-08,3.7641413937595383e-08,9.0171513050612312e-09,-4.6231638722020252e-08,-7.1801425775632598e-08
1.545,5.7626897402507351e-08,5.0163997970612143e-08,4.8644491599949972e-08,3.6400943976845142e-08,1.1587317630021745e-08,-3.7300548237012027e-08,-6.0308446096545149e-08
1.5475,5.425171488308657e-08,4.590569978087319e-08,4.45163913782674e-08,3.4800163910760745e-08,1.4120338806161714e-08,-2.783751000141441e-08,-4.8012077586405708e-08
1.55,5.0499282860104921e-08,4.1183438170838134e-08,3.9898850492801979e-08,3.284149974206464e-08,1.6557705950991462e-08,-1.7996355154083183e-08,-3.510199328568894e-08
1.5525,4.6413679469071568e-08,3.6054057971580713e-08,3.4844364405736472e-08,3.0542215893637708e-08,1.8862203472270528e-08,-7.905755297264773e-09,-2.174214770914425e-08
1.555,4.2052203468716521e-08,3.0590163751538724e-08,2.9422286637022118e-08,2.7934136858549589e-08,2.1008133989439294e-08,2.3141587184314462e-09,-8.089512663799956e-09
1.5575,3.7481201372897313e-08,2.4874220255498038e-08,2.3712792183652541e-08,2.5056397089397585e-08,2.2974629778853045e-08,1.2551077330951733e-08,5.7068470169475182e-09
1.56,3.2772397212482385e-08,1.8993177405245176e-08,1.7801889665163969e-08,2.1959778327619183e-08,2.4754256071065667e-08,2.2706439053170921e-08,1.9512707400208724e-08
1.5625,2.8001603664315199e-08,1.3039562268576753e-08,1.1782222157154601e-08,1.870228911556059e-08,2.6347483961922577e-08,3.2688478227211276e-08,3.3200748221205162e-08
1.565,2.3242784276639772e-08,7.1037596016967672e-09,5.7450570088662134e-09,1.5337472058272514e-08,2.7751970757057815e-08,4.2406251449728663e-08,4.6646177548402402e-08
1.5675,1.8566646059664458e-08,1.2729211096857495e-09,-2.2024210223959968e-10,1.1921740015118167e-08,2.8965179742960834e-08,5.1771564744613007e-08,5.9727558998421004e-08
1.57,1.4040151693805253e-08,-4.3694447220225311e-09,-6.0267956996150055e-09,8.5147083015427267e-09,2.9993844666947377e-08,6.0707601864601018e-08,7.2336504643405587e-08
1.5725,9.7301692461780057e-09,-9.7392714726117861e-09,-1.1586647352643907e-08,5.1789482336109883e-09,3.0857080862531965e-08,6.9155442750242361e-08,8.4383613353488735e-08
1.575,5.7019314085674885e-09,-1.475536544061518e-08,-1.6814077447686859e-08,1.9783761683729283e-09,3.1579001269738884e-08,7.7072196820511221e-08,9.5797143893084961e-08
1.5775,2.01179355748363e-09,-1.9349299534203205e-08,-2.1635849867631327e-08,-1.0282267131927984e-09,3.2181165876215196e-08,8.4412128370951875e-08,1.0650436628273998e-07
1.58,-1.2925225711265663e-09,-2.3462904960947029e-08,-2.5989087566337471e-08,-3.7929593243802435e-09,3.2683598281512883e-08,9.1144134477775282e-08,1.1644962418819254e-07
1.5825,-4.1681136376162513e-09,-2.7042717227856801e-08,-2.9815444298597195e-08,-6.2702257552748721e-09,3.3110760435589632e-08,9.7254947492087006e-08,1.2559739918987038e-07
1.585,-6.5744082126264762e-09,-3.0039421536694634e-08,-3.3060690162844176e-08,-8.415988018518172e-09,3.3476301506335671e-08,1.0271743174613147e-07,1.3390131480582898e-07
1.5875,-8.4843019519276861e-09,-3.2421651536043969e-08,-3.5689105415699425e-08,-1.0199569799553763e-08,3.3796605265279573e-08,1.0751921278229877e-07,1.4133292643188464e-07
1.59,-9.8819515130109305e-09,-3.4170079058666577e-08,-3.7676787047158906e-08,-1.1596399479120181e-08,3.4084888118744326e-08,1.116495238849737e-07,1.4786848105052251e-07
1.5925,-1.0756448219184755e-08,-3.5269744782156307e-08,-3.9004165859205902e-08,-1.2578754445260971e-08,3.4369200577492114e-08,1.1512257637550977e-07,1.535114236070884e-07
1.595,-1.1104970733891166e-08,-3.5717005489047237e-08,-3.9663683932879305e-08,-1.3125767804296783e-08,3.4680252934600171e-08,1.1796278410947643e-07,1.5827794018718894e-07
1.5975,-1.0939566075398308e-08,-3.5527524209030426e-08,-3.9668226828542113e-08,-1.3241196100918935e-08,3.50285542631762e-08,1.2018964006234066e-07,1.6218148265206858e-07
1.6,-1.0286218157879828e-08,-3.4732455336957243e-08,-3.9046440724142131e-08,-1.2941754792492061e-08,3.5411983563381099e-08,1.2181777001584208e-07,1.6523251643612707e-07
1.6025,-9.1831059057864585e-09,-3.3377440799913778e-08,-3.7842105983748022e-08,-1.225895186866845e-08,3.5809704621493682e-08,1.2284545833557469e-07,1.6742742332815386e-07
1.605,-7.6802785189515956e-09,-3.1521997941482526e-08,-3.6113492730779771e-08,-1.1236056884094487e-08,3.6195183914890328e-08,1.2326769980321928e-07,1.6876127405999219e-07
1.6075,-5.8357897903661145e-09,-2.9235510019286173e-08,-3.3929387923573716e-08,-9.9193895655184694e-09,3.6547654253535351e-08,1.2308811116325655e-07,1.6923917689197268e-07
1.61,-3.7138622897172419e-09,-2.6593527151356411e-08,-3.1364869662496091e-08,-8.3603867902689258e-09,3.6847577455399099e-08,1.2231330015555325e-07,1.6887113851272291e-07
1.6125,-1.3812970676589831e-09,-2.3674807648261085e-08,-2.8498927390390434e-08,-6.609931351897246e-09,3.708138540291337e-08,1.2097171474217495e-07,1.6768940403246132e-07
1.615,1.0909201760150915e-09,-2.0565107175974023e-08,-2.5418632327487689e-08,-4.732885800010052e-09,3.7224978434975933e-08,1.1908599086821086e-07,1.6572048685912518e-07
1.6175,3.6247752062607701e-09,-1.7358795662822943e-08,-2.2220222411719992e-08,-2.7969927390154604e-09,3.7254734753145803e-08,1.16687598972992e-07,1.6300083477439357e-07
1.62,6.1380576155473992e-09,-1.415397203006954e-08,-1.9004304566122448e-08,-8.7998936821227148e-10,3.7129407610441341e-08,1.1378792445290119e-07,1.5954800758955689e-07
1.6225,8.5498325669681801e-09,-1.1047850234516876e-08,-1.5871380303343299e-08,9.3893794326606019e-10,3.6808280955612616e-08,1.1040252349050813e-07,1.5538549182976768e-07
1.625,1.0779996913215651e-08,-8.1371473109016293e-09,-1.2921865885336902e-08,2.5847780187592536e-09,3.625664698274874e-08,1.0655163909931905e-07,1.5054307867349042e-07
1.6275,1.275119970720706e-08,-5.5151939282017112e-09,-1.0253406163439379e-08,3.9828814019492464e-09,3.5440545463290716e-08,1.0225689329178452e-07,1.4505311331653548e-07
1.63,1.4389524875925933e-08,-3.2715372992880002e-09,-7.9603630260376684e-09,5.0605065880773095e-09,3.4327211565082345e-08,9.7540034634529682e-08,1.3894837848688582e-07
1.6325,1.562743457763405e-08,-1.4876162210097174e-09,-6.1293785645102804e-09,5.7496924351125776e-09,3.2886101211296514e-08,9.2426340653279996e-08,1.3226607531815657e-07
1.635,1.6409550674894248e-08,-2.3047154346420114e-10,-4.8326252289232261e-09,5.992307340559407e-09,3.1094447539486177e-08,8.6946553418977605e-08,1.2504877696831481e-07
1.6375,1.6689948324963726e-08,4.4269557139027931e-10,-4.1325843270428805e-09,5.7360370600311484e-09,2.8927577148081026e-08,8.1127202999207234e-08,1.1733533320092379e-07
1.64,1.6427127318987608e-08,4.775989375270955e-10,-4.090145549568769e-09,4.9312121750510923e-09,2.636024806442555e-08,7.4990151166697252e-08,1.0916070241803761e-07
1.6425,1.5583625352443797e-08,-1.7398310960462406e-10,-4.7597826005106892e-09,3.5317582221555104e-09,2.3369178373647355e-08,6.8552590550268125e-08,1.0055544280499539e-07
1.645,1.4133235152384095e-08,-1.5438354625421278e-09,-6.1782570580486767e-09,1.5075757148136109e-09,1.9950007485688201e-08,6.185416648657752e-08,9.1572996549918215e-08
1.6475,1.2061336672369053e-08,-3.6513510329303432e-09,-8.3705614851406319e-09,-1.1594414199096624e-09,1.6106043748869388e-08,5.4934967026436905e-08,8.2268404528735729e-08
1.65,9.3633710051716986e-09,-6.5036700954917107e-09,-1.1348206295693853e-08,-4.4826516638580762e-09,1.1836884254201757e-08,4.7828546106877557e-08,7.2690496854769743e-08
1.6525,6.0445428585592741e-09,-1.0097898188371418e-08,-1.511252010975042e-08,-8.4692666879016086e-09,7.1406756570240613e-09,4.0564017037822589e-08,6.2884751244847639e-08
1.655,2.1207325604666897e-09,-1.4416965367410511e-08,-1.9648938439624773e-08,-1.3113210697798026e-08,2.019333170314086e-09,3.316547147193037e-08,5.2892315573876918e-08
1.6575,-2.3787550546938991e-09,-1.94259500079144e-08,-2.4923430494392438e-08,-1.8390851793402611e-08,-3.5137208654673233e-09,2.5658399254161257e-08,4.2756374275329154e-08
1.66,-7.4104364279274323e-09,-2.507485260849007e-08,-3.0886933834076942e-08,-2.4260441547396189e-08,-9.4242851362335503e-09,1.8078924239047952e-08,3.2531087807585068e-08
1.6625,-1.2920032637847225e-08,-3.1302360516640765e-08,-3.7478235229001331e-08,-3.0668864603465253e-08,-1.5665399135483588e-08,1.0473873963935644e-08,2.2280954742454393e-08
1.665,-1.884647894643572e-08,-3.8039371581374698e-08,-4.4627507969010707e-08,-3.7554462649362782e-08,-2.2182980941535266e-08,2.8948654119124271e-09,1.207424677117507e-08
1.6675,-2.5121236927342232e-08,-4.5206970993203867e-08,-5.2253162217519553e-08,-4.4851854838203486e-08,-2.8930012269775466e-08,-4.6160054470465573e-09,1.9690442250644131e-09
1.67,-3.1668572986641745e-08,-5.2714906099770074e-08,-6.0259699039414817e-08,-5.2483736151355329e-08,-3.5857152280156832e-08,-1.2021047878136736e-08,-7.982467433179662e-09
1.6725,-3.8403277045113625e-08,-6.0461315722020737e-08,-6.8539088587065768e-08,-6.0351885886054104e-08,-4.2887855726672315e-08,-1.9263279428722416e-08,-1.7708966081096323e-08
1.675,-4.5234908526066016e-08,-6.8338457705472529e-08,-7.6976461456489883e-08,-6.835656330953085e-08,-4.9947991283135307e-08,-2.6295956471169871e-08,-2.7150167724815098e-08
1.6775,-5.2068734338849577e-08,-7.6233561220767321e-08,-8.5450518656450257e-08,-7.6393269478942099e-08,-5.6964684777378708e-08,-3.3077231125540053e-08,-3.6251600204487337e-08
1.68,-5.880949530665242e-08,-8.4034689713569031e-08,-9.384102461425541e-08,-8.4356376296810316e-08,-6.3864139373395215e-08,-3.956922261868831e-08,-4.4964786903423958e-08
1.6825,-6.5363580350252095e-08,-9.1631500180284831e-08,-1.0202916099144069e-07,-9.2138920939999395e-08,-7.057247024015224e-08,-4.5738170157386812e-08,-5.3246979160173398e-08
1.685,-7.1638689599713826e-08,-9.8915612757888585e-08,-1.0989821070456561e-07,-9.9635347514098078e-08,-7.7014582304571367e-08,-5.1557522603265975e-08,-6.106513291306581e-08
1.6875,-7.7547894865286388e-08,-1.0578303123123687e-07,-1.1733431064409292e-07,-1.0674175280173387e-07,-8.3111648439806509e-08,-5.6988582136545616e-08,-6.8375247228553627e-08
1.69,-8.3004881295114497e-08,-1.1212934305285323e-07,-1.242230812487832e-07,-1.1335279002352354e-07,-8.8786861725996623e-08,-6.1996724482725123e-08,-7.5139811705885242e-08
1.6925,-8.7926222066960377e-08,-1.1785620418908309e-07,-1.3045732007703866e-07,-1.1936899069138329e-07,-9.3964059097280075e-08,-6.6543084178556096e-08,-8.1318597709052758e-08
1.695,-9.2237720210459734e-08,-1.2287772535864013e-07,-1.3594339238751488e-07,-1.2470225775623338e-07,-9.8573674394119138e-08,-7.0594498302805778e-08,-8.6877932663985008e-08
1.6975,-9.5876133625553999e-08,-1.2711956853347904e-07,-1.4059986328491381e-07,-1.2927640723333282e-07,-1.02567066132349e-07,-7.414336230095039e-08,-9.1810840667934133e-08
1.7,-9.8781308190917807e-08,-1.3051015533779433e-07,-1.4434806108138973e-07,-1.3301543344487659e-07,-1.0588663846985334e-07,-7.7169160469207581e-08,-9.6098190188684536e-08
1.7025,-1.0090222848662327e-07,-1.3298911185198976e-07,-1.4712070652888404e-07,-1.3585668270537882e-07,-1.0848357776028916e-07,-7.9654814431763035e-08,-9.9725223170013293e-08
1.705,-1.0220285535776429e-07,-1.3451392375896227e-07,-1.4886940108354559e-07,-1.3775361321391238e-07,-1.103258166585361e-07,-8.1593461344736255e-08,-1.0268832110407859e-07
1.7075,-1.0266113322036837e-07,-1.3505776285901256e-07,-1.4956366476103049e-07,-1.3867163733621919e-07,-1.1138469146792886e-07,-8.2976905016781008e-08,-1.0498253712179129e-07
1.71,-1.0226732753573637e-07,-1.3460846570973558e-07,-1.4918917024135299e-07,-1.3859427549730074e-07,-1.1164900002472865e-07,-8.3816314547952855e-08,-1.066224368039684e-07
1.7125,-1.0104270181861303e-07,-1.3318711685099765e-07,-1.4776664419575965e-07,-1.3753786061898642e-07,-1.1111173699542719e-07,-8.408867697598095e-08,-1.0758545075522671e-07
1.715,-9.8959112903690149e-08,-1.3076718908784872e-07,-1.4526322407866036e-07,-1.354696236816451e-07,-1.0978786068783055e-07,-8.3866762550232817e-08,-1.0795069959970021e-07
1.7175,-9.6025880481666586e-08,-1.2735046824465286e-07,-1.416794125667009e-07,-1.3238625131358509e-07,-1.0766207085860256e-07,-8.3133303958227205e-08,-1.0770454942155476e-07
1.72,-9.2263055905530258e-08,-1.2296337697391917e-07,-1.3704922806385133e-07,-1.283050102120621e-07,-1.047114773361194e-07,-8.1828622455528128e-08,-1.0678758622280878e-07
1.7225,-8.7718800343279301e-08,-1.1767698936504149e-07,-1.314540435978924e-07,-1.2329421152852256e-07,-1.0096746337058832e-07,-7.9945308815625188e-08,-1.0518992860008505e-07
1.725,-8.2469154325752895e-08,-1.1158551383698102e-07,-1.2499019778021585e-07,-1.1744807479019985e-07,-9.6516507719463699e-08,-7.7543635408157102e-08,-1.0296931846762851e-07
1.7275,-7.6584524580923426e-08,-1.0476193178936732e-07,-1.1772804347977351e-07,-1.1083581669608537e-07,-9.1433541311581056e-08,-7.468003574403824e-08,-1.0017985745713583e-07
1.73,-7.0116101294471705e-08,-9.7255567857179474e-08,-1.0971734127933617e-07,-1.0350210512063936e-07,-8.5787424788203798e-08,-7.1435263699554061e-08,-9.6894922591692407e-08
1.7325,-6.3108297651370047e-08,-8.9115088570261401e-08,-1.010166876942788e-07,-9.5487442808847777e-08,-7.9539725144864833e-08,-6.77022937536854e-08,-9.3002097097259297e-08
1.735,-5.5619259781265044e-08,-8.0426511115167082e-08,-9.1723414868736499e-08,-8.6876132054485056e-08,-7.2743765643278365e-08,-6.34986760799758e-08,-8.8505880091530169e-08
1.7375,-4.7727627286687598e-08,-7.1286672733647737e-08,-8.1939334388284387e-08,-7.7766106768353893e-08,-6.549178981496255e-08,-5.8900542560582219e-08,-8.3472391047104293e-08
1.74,-3.9505814153623828e-08,-6.1769669108979835e-08,-7.1737840058948297e-08,-6.8226498490483611e-08,-5.7846279496276333e-08,-5.3942021143517111e-08,-7.7929532819038912e-08
1.7425,-3.1015392315839808e-08,-5.1938559010328655e-08,-6.1186538027332889e-08,-5.8314600882255265e-08,-4.9833483155933139e-08,-4.8599053688971879e-08,-7.1849969864036331e-08
1.745,-2.2319017667071545e-08,-4.1870090249296063e-08,-5.0373924951137645e-08,-4.8106984493639304e-08,-4.1489961682004155e-08,-4.2852324828854809e-08,-6.5211205906563935e-08
1.7475,-1.3485487364586166e-08,-3.1655652097684886e-08,-3.9404042058655324e-08,-3.7699565369665054e-08,-3.2875091323650317e-08,-3.6702723951730245e-08,-5.8010160425121984e-08
1.75,-4.5954471473265045e-09,-2.1399280483646504e-08,-2.8391585046699819e-08,-2.7203903041005271e-08,-2.4077913033939976e-08,-3.0180234997310116e-08,-5.0273579489190629e-08
1.7525,4.2622701939723767e-09,-1.120552535309281e-08,-1.7448736998103469e-08,-1.6729358170663492e-08,-1.5196050393065658e-08,-2.3332557231931778e-08,-4.2045703343206612e-08
1.755,1.3006245850224666e-08,-1.1650010343063608e-09,-6.6735226130594505e-09,-6.3700312412141335e-09,-6.3087424967623161e-09,-1.6195241401877681e-08,-3.3356810331004215e-08
1.7575,2.1563716684292364e-08,8.6406488274482813e-09,3.8444728042094689e-09,3.7885729921324424e-09,2.5233026328215152e-09,-8.7903883654050562e-09,-2.4222048266406525e-08
1.76,2.9872054798872052e-08,1.8138761824828741e-08,1.4024869832171563e-08,1.3668801820705657e-08,1.1246958166759497e-08,-1.1355026935692031e-09,-1.4650563121342022e-08
1.7625,3.7877457374300742e-08,2.7264558459787263e-08,2.3795392282600243e-08,2.3196440366884968e-08,1.9794244232236714e-08,6.7301187730341663e-09,-4.6746194188805943e-09
1.765,4.5535449357415258e-08,3.5963307697425546e-08,3.3092953472931792e-08,3.2307059447457689e-08,2.8108377668729369e-08,1.4772682676170233e-08,5.67527185185811e-09
1.7675,5.2806904388274993e-08,4.4186972244646715e-08,4.1862563949884788e-08,4.0942487645593918e-08,3.613533842588908e-08,2.295491432484305e-08,1.6360935012925189e-08
1.77,5.9654083712017202e-08,5.1893697606460146e-08,5.0059471939975477e-08,4.9053895615314478e-08,4.3827649500642845e-08,3.1242857915583378e-08,2.7343950873184107e-08
1.7725,6.6044445372413419e-08,5.9049345400980562e-08,5.7646857510562877e-08,5.6599961490157249e-08,5.1140371055553545e-08,3.9591672869003284e-08,3.8570832881886567e-08
1.775,7.1951513636980213e-08,6.5625055574338811e-08,6.4592509294986748e-08,6.3544815509370682e-08,5.8038200518424369e-08,4.7965174496819395e-08,4.9993681349315665e-08
1.7775,7.7358677568065787e-08,7.1602732297086566e-08,7.087496872449823e-08,6.9861402584645217e-08,6.4485487298610498e-08,5.6311622394926035e-08,6.1545051756033365e-08
1.78,8.2261295047541798e-08,7.6977924952205698e-08,7.6487321029606344e-08,7.5537793682484517e-08,7.0464639518893962e-08,6.4594524140474258e-08,7.3169243040540949e-08
1.7825,8.6663982548314075e-08,8.1755605627859404e-08,8.1432101025560536e-08,8.0570581122219843e-08,7.5961119764024826e-08,7.2776031954680124e-08,8.4806197799898342e-08
1.785,9.0573731223151682e-08,8.5943521461789778e-08,8.5716854432382843e-08,8.4961093724524424e-08,8.0960895223940128e-08,8.0812879716908631e-08,9.6387297237012094e-08
1.7875,9.3998355221003545e-08,8.9552233676844551e-08,8.935350908104083e-08,8.8715455042253279e-08,8.5455548713110298e-08,8.8664070622195775e-08,1.0784380109972187e-07
1.79,9.6950554288585372e-08,9.2600988102695908e-08,9.2366441682850096e-08,9.1852660659049489e-08,8.9449474493254292e-08,9.6296651960496356e-08,1.1911374031703877e-07
1.7925,9.9449996997363289e-08,9.5118250167069068e-08,9.4788997466859485e-08,9.4400801990824525e-08,9.2949885196256477e-08,1.0367200584085505e-07,1.3012859150757101e-07
1.795,1.0152296894951495e-07,9.713885210547147e-08,9.6661402146362234e-08,9.6395179241112268e-08,9.596928524387887e-08,1.1074985137861994e-07,1.4081712464302523e-07
1.7975,1.0319862077393035e-07,9.8699520001114731e-08,9.8024520984980043e-08,9.787268436846829e-08,9.8523877546085006e-08,1.1748789510488429e-07,1.511046516251545e-07
1.8,1.0450724065956573e-07,9.9838150640167436e-08,9.892191946765073e-08,9.887355564190358e-08,1.0063383407783449e-07,1.2384440065107331e-07,1.6091528635897573e-07
1.8025,1.0547762396298814e-07,1.0059177179676969e-07,9.9398346380374993e-08,9.9439813884375234e-08,1.0232095673938387e-07,1.2977909839303313e-07,1.7017162732668165e-07
1.805,1.0613797242228741e-07,1.0099881430273118e-07,9.95013700587793e-08,9.9616918629329722e-08,1.0360880313971669e-07,1.3525095348982868e-07,1.7879317135701059e-07
1.8075,1.0652212743321891e-07,1.0110664945374939e-07,9.9289446222411767e-08,9.9462472273927238e-08,1.0454189358200591e-07,1.4025554510613863e-07,1.8673465262542093e-07
1.81,1.0666386770388942e-07,1.0096197905640218e-07,9.8819117855269873e-08,9.903235877560447e-08,1.0515069055841765e-07,1.4475642390139812e-07,1.9391796421228388e-07
1.8125,1.0660764238933308e-07,1.0061747980447233e-07,9.8150879279863353e-08,9.8386950439841628e-08,1.0547387885510713e-07,1.4872233046794473e-07,2.0027141995695799e-07
1.815,1.0638554878594833e-07,1.0011247110840674e-07,9.7330493454981842e-08,9.7572268508902518e-08,1.055352821698759e-07,1.5210297083618462e-07,2.0570559394092235e-07
1.8175,1.0602620114510601e-07,9.9483750998757114e-08,9.6402822967866865e-08,9.6635018313285727e-08,1.053697636783324e-07,1.5487267973186737e-07,2.1015645872300955e-07
1.82,1.0555579262541921e-07,9.8764584971470635e-08,9.5408545294257533e-08,9.5617864129300108e-08,1.0500931486530083e-07,1.5700687927957684e-07,2.1356242357073426e-07
1.8225,1.0499806020443865e-07,9.7986486051473098e-08,9.4386424553827634e-08,9.4561606957819546e-08,1.044806444112701e-07,1.5847322166216626e-07,2.1585622578906179e-07
1.825,1.0437636266301112e-07,9.7179700610543953e-08,9.337360282906559e-08,9.3505887098542652e-08,1.0381113078418869e-07,1.5924992197408472e-07,2.1698482317042229e-07
1.8275,1.0371094975859789e-07,9.6369345392430406e-08,9.2400446293735379e-08,9.2483856029807119e-08,1.0302500379534551e-07,1.593202869720692e-07,2.1690415838490986e-07
1.83,1.0302196159207337e-07,9.5579857069474116e-08,9.1496358321752389e-08,9.1528129700850706e-08,1.0215026207253583e-07,1.5868248895070998e-07,2.1559020780345638e-07
1.8325,1.0232877579989149e-07,9.4835474536448691e-08,9.0691379326552641e-08,9.067235826235417e-08,1.012186708399599e-07,1.5734159409184518e-07,2.1303117641363705e-07
1.835,1.0165169026981846e-07,9.4161634490105561e-08,9.0015090847185729e-08,8.9949443985102057e-08,1.0026604468444348e-07,1.5531719634487421e-07,2.0923584658780413e-07
1.8375,1.0100858694893208e-07,9.3578685012195027e-08,8.9489133238120014e-08,8.9384056117110781e-08,9.9320236422454798e-08,1.5262447922603291e-07,2.0421298631377391e-07
1.84,1.0041381184580166e-07,9.3101512939981432e-08,8.9128936593721613e-08,8.8994600211774147e-08,9.8403087223764223e-08,1.4928549815367646e-07,1.9798419973927068e-07
1.8425,9.9875967345234337e-08,9.2736976432340357e-08,8.8939978708368056e-08,8.8789311773159371e-08,9.7531927864469361e-08,1.4532893546605173e-07,1.9058226295373131e-07
1.845,9.9398905523756022e-08,9.2487161423641611e-08,8.8923289135985155e-08,8.8771955979245081e-08,9.6721532488104027e-08,1.4079491250091526e-07,1.8205868865064098e-07
1.8475,9.8982448476991308e-08,9.2348794587091714e-08,8.9073657257138841e-08,8.8939798849633546e-08,9.5980107229095394e-08,1.3572240685569422e-07,1.7247001461256902e-07
1.85,9.8623206873228846e-08,9.2314719763880229e-08,8.9381295713465125e-08,8.9285235828111727e-08,9.5312546426059765e-08,1.3016148149224274e-07,1.6189305007252527e-07
1.8525,9.8318743173312698e-08,9.237978028336179e-08,8.9837738084414605e-08,8.9801213817300572e-08,9.472444187140233e-08,1.2415805619514333e-07,1.5040515796234292e-07
1.855,9.8070785324722064e-08,9.2543482279004988e-08,9.0440014980457318e-08,9.0486476189455952e-08,9.4229260868137004e-08,1.1777794107573676e-07,1.3811155741232571e-07
1.8575,9.787771578075832e-08,9.2801023397172481e-08,9.1181180538107345e-08,9.1335887128633962e-08,9.3835757140880729e-08,1.1108188250451748e-07,1.2511718131683274e-07
1.86,9.7740135405331272e-08,9.3149076144547688e-08,9.205494289316935e-08,9.2344463511004755e-08,9.3552777090868082e-08,1.0413822275669573e-07,1.1154063779258404e-07
1.8625,9.7650069955442752e-08,9.3572550461623793e-08,9.3038043669682472e-08,9.3488013929268415e-08,9.3372675040190639e-08,9.7002106612922581e-08,9.7491225968778678e-08
1.865,9.7591309824433327e-08,9.4046414270109887e-08,9.4095025850020083e-08,9.472942832832411e-08,9.3281803814134625e-08,8.9735128309009481e-08,8.3086700409459305e-08
1.8675,9.7548766001468736e-08,9.4548381404197333e-08,9.5195954794671984e-08,9.6037445968541426e-08,9.326581778090897e-08,8.2397544612941437e-08,6.8448400196831214e-08
1.87,9.7509345247137927e-08,9.505788189020326e-08,9.631348655475826e-08,9.7383489562890921e-08,9.3311418558180076e-08,7.5051278032934776e-08,5.3701181640027697e-08
1.8725,9.7457229685124129e-08,9.5550546297282453e-08,9.7415068816147265e-08,9.8732920234206306e-08,9.3401416671444451e-08,6.7763009791366659e-08,3.8975794636930089e-08
1.875,9.7383503845206629e-08,9.601096787191614e-08,9.8479635229639306e-08,1.0006288127154046e-07,9.352439493221517e-08,6.0598807572567763e-08,2.4406631663686352e-08
1.8775,9.7275072734479605e-08,9.6420671688328352e-08,9.9483518105734373e-08,1.0134709051544517e-07,9.3668813701838225e-08,5.3627288134194887e-08,1.013058332654107e-08
1.88,9.7115972107841335e-08,9.6757389285507125e-08,1.0039648550637874e-07,1.0255170318597046e-07,9.3814702090307795e-08,4.6908141801843059e-08,-3.7235763777573827e-09
1.8825,9.6889697222039604e-08,9.6996686422681938e-08,1.0118352180333425e-07,1.0363683277763078e-07,9.3933502350341991e-08,4.0484918176878673e-08,-1.7044649976530973e-08
1.885,9.6580729335713785e-08,9.711576619048182e-08,1.0181370385446674e-07,1.0456701174403963e-07,9.4001000763402826e-08,3.4401721374481061e-08,-2.9722885138018077e-08
1.8875,9.6177103089591434e-08,9.7096191571898662e-08,1.0226212148433469e-07,1.0531262455347548e-07,9.3998132288354773e-08,2.8710610761853699e-08,-4.1640051787099669e-08
1.89,9.5668340573858611e-08,9.6921451050312678e-08,1.0250537968914581e-07,1.0584557041608602e-07,9.3901486519103696e-08,2.3445898677438142e-08,-5.2700043567141828e-08
1.8925,9.5045204087097169e-08,9.6578059175977403e-08,1.0252347641808485e-07,1.0614056669340023e-07,9.3691461750325309e-08,1.8644820605707293e-08,-6.2807726709145342e-08
1.895,9.4304734356679497e-08,9.6060011670645431e-08,1.0230553664201079e-07,1.0618196598879542e-07,9.3357753078355086e-08,1.4354036895994954e-08,-7.1862666540683516e-08
1.8975,9.3443999574452036e-08,9.5359686045895343e-08,1.0183890829932846e-07,1.0595218850186566e-07,9.2883990518767489e-08,1.060350473485207e-08,-7.9784824339207836e-08
1.9,9.2457300550055091e-08,9.4466633366529288e-08,1.0110817928732326e-07,1.0543108952719024e-07,9.2247896343844607e-08,7.4037916064272308e-09,-8.6519423747927969e-08
1.9025,9.1340013535557813e-08,9.3373912737140135e-08,1.0010307864746758e-07,1.0460400563226383e-07,9.1432952713252861e-08,4.7663328321423771e-09,-9.2015189273869579e-08
1.905,9.0092441334690202e-08,9.2081710655881431e-08,9.8821786970053247e-08,1.034647523596979e-07,9.0430575587738471e-08,2.7046194661395994e-09,-9.6224919367497169e-08
1.9075,8.872050726113449e-08,9.0596210689464801e-08,9.7269372209690148e-08,1.0201452917053455e-07,8.9240096590249709e-08,1.2393229131408169e-09,-9.9100405392440669e-08
1.91,8.722572633088838e-08,8.8917128881512193e-08,9.5442542640102834e-08,1.0024602087422897e-07,8.7845782804874021e-08,3.619847879919666e-10,-1.0062900327146422e-07
1.9125,8.561003738579206e-08,8.7045231048470892e-08,9.3339684375251536e-08,9.8153596676965351e-08,8.623643654797997e-08,6.1117957608152565e-11,-1.0080774389488027e-07
1.915,8.3880200911014075e-08,8.4988308898951552e-08,9.0968167165311709e-08,9.5741437374442793e-08,8.4408383760000693e-08,3.2331568951642412e-10,-9.9642210505113838e-08
1.9175,8.2044308968604485e-08,8.2756933418494561e-08,8.8340915897860462e-08,9.3021207336448163e-08,8.2362490737947701e-08,1.123118534277712e-09,-9.7158535874920896e-08
1.92,8.0113203195495766e-08,8.0367491765759291e-08,8.5480271019562159e-08,9.0014490693358743e-08,8.0111455357439875e-08,2.4492369561039307e-09,-9.3377162640666983e-08
1.9225,7.8094217847914924e-08,7.7828356972156173e-08,8.239498524463859e-08,8.6728241198224511e-08,7.7653634388527697e-08,4.2729488921270602e-09,-8.8342898283819525e-08
1.925,7.5986164675739104e-08,7.5137675079643868e-08,7.9083389221376987e-08,8.3160620207785914e-08,7.4975443201966563e-08,6.5401495815766354e-09,-8.2135301169220792e-08
1.9275,7.3789328001836737e-08,7.2298694352780361e-08,7.5552654672915945e-08,7.9319599428127522e-08,7.2077204360736737e-08,9.2179825357613601e-09,-7.4818105307990139e-08
1.93,7.1508264217997216e-08,6.932170118870845e-08,7.1819377966262569e-08,7.5222580233248465e-08,6.8963445826177401e-08,1.2260951535472028e-08,-6.647479161437154e-08
1.9325,6.9152919747004809e-08,6.6222812076662679e-08,6.7905058126572038e-08,7.0892470592473455e-08,6.5644892487144935e-08,1.561784676384232e-08,-5.7201610540176045e-08
1.935,6.6737326810875416e-08,6.3022679242479389e-08,6.3837618050957234e-08,6.6360530635261936e-08,6.2141889206926069e-08,1.9249761935039363e-08,-4.7086608292889909e-08
1.9375,6.4276830687358402e-08,5.974311287245278e-08,5.9647191896553203e-08,6.1661712997460004e-08,5.8478407746116876e-08,2.3116448957942909e-08,-3.6225121562029267e-08
1.94,6.1786433619196083e-08,5.6406694688760049e-08,5.5365787533720637e-08,5.6832964277574892e-08,5.4681159980495594e-08,2.7177254597071186e-08,-2.4722451042761555e-08
1.9425,5.9280917444016904e-08,5.3036631315124147e-08,5.1025827890820015e-08,5.1911664603953067e-08,5.0777336191495832e-08,3.1387332049098439e-08,-1.2691587471536455e-08
1.945,5.6769882474036675e-08,4.9648681417243339e-08,4.665112995782539e-08,4.6927396692342451e-08,4.6786833831733557e-08,3.5694172804879251e-08,-2.5758660167213433e-10
1.9475,5.4255962067606452e-08,4.6249070134237168e-08,4.22536778653433e-08,4.1896615586770548e-08,4.2715824085121471e-08,4.002362540552174e-08,1.2431506667682962e-08
1.95,5.1738027020056313e-08,4.2840185864694896e-08,3.7841093046278089e-08,3.6832166228303386e-08,3.8568162639566398e-08,4.4294882393054319e-08,2.5214196107805423e-08
1.9525,4.9215422488416876e-08,3.9426008423051996e-08,3.3424655815972682e-08,3.1752087700880235e-08,3.4353987845344371e-08,4.8432489097568375e-08,3.7934396447095907e-08
1.955,4.6691448606350337e-08,3.6017102818016818e-08,2.9024058302375785e-08,2.6682645690074021e-08,3.0093934415456614e-08,5.2384936535614271e-08,5.0458380918185154e-08
1.9575,4.4177849940243049e-08,3.2634899583364162e-08,2.4670794623649074e-08,2.1661904692884652e-08,2.5821934847447136e-08,5.6110669734212747e-08,6.2654768137103009e-08
1.96,4.168903823664011e-08,2.930155427861729e-08,2.0396604343343654e-08,1.672874737877794e-08,2.1570537927831635e-08,5.9572538249318866e-08,7.4403287121950394e-08
1.9625,3.9237118138266065e-08,2.6036948331300367e-08,1.6230533698000334e-08,1.1918527885017773e-08,1.7371165640731469e-08,6.2731665272763956e-08,8.5578278061839324e-08
1.965,3.6830308688880764e-08,2.2855216586975024e-08,1.2194309951731749e-08,7.2597899441405969e-09,1.3249794095518665e-08,6.5547630571541907e-08,9.6057324149787925e-08
1.9675,3.4471367105525971e-08,1.9762593616806609e-08,8.2983747454304744e-09,2.7684920282783488e-09,9.2201150053417647e-09,6.7962263849575089e-08,1.0569973957319559e-07
1.97,3.2162620312050802e-08,1.6763907763836558e-08,4.5521852988490265e-09,-1.5391088500107125e-09,5.2964087000158251e-09,6.9932196553805484e-08,1.143865954696129e-07
1.9725,2.9902832691264117e-08,1.3859539536070796e-08,9.6028742157002549e-10,-5.6531868742846879e-09,1.4882569688876633e-09,7.1420349953426607e-08,1.2200948297837434e-07
1.975,2.7692047439962914e-08,1.1052671161083803e-08,-2.4696108684046867e-09,-9.5608916342335766e-09,-2.1918222767616961e-09,7.2398539549929279e-08,1.2847505918536855e-07
1.9775,2.5513699141107618e-08,8.3310475323928433e-09,-5.7462457153817878e-09,-1.326995995453251e-08,-5.7498756621932091e-09,7.2866826849620174e-08,1.3372914556076132e-07
1.98,2.339526758958585e-08,5.7287601476071948e-09,-8.8228960652590932e-09,-1.6719988864605664e-08,-9.1247363442214338e-09,7.2772386836965493e-08,1.376708581764313e-07
1.9825,2.1357915653370406e-08,3.2771543974154739e-09,-1.1660165882523422e-08,-1.9866738924066393e-08,-1.2268847531926822e-08,7.2144604162082317e-08,1.4028230328948688e-07
1.985,1.9419201238986473e-08,9.9177331695122907e-10,-1.4254552584872541e-08,-2.2716530233630126e-08,-1.5182873973932055e-08,7.0983497591094052e-08,1.4152954633806323e-07
1.9875,1.7561793644662938e-08,-1.1597234563058696e-09,-1.6653306922365416e-08,-2.532257035339132e-08,-1.7915744454378993e-08,6.9231872753214314e-08,1.4132666713634569e-07
1.99,1.5754188320230014e-08,-3.2162622394540317e-09,-1.8891120376088848e-08,-2.7709497180803649e-08,-2.0489741444334393e-08,6.686670492449964e-08,1.3962380047494455e-07
1.9925,1.3987294028528054e-08,-5.1775432793707641e-09,-2.0951601545322574e-08,-2.9847097798976609e-08,-2.2871414333875387e-08,6.3943156970063029e-08,1.3646192856520068e-07
1.995,1.2283836952691371e-08,-7.0063086308657325e-09,-2.2788536252040716e-08,-3.1686974685198915e-08,-2.5005839728733637e-08,6.0541726983974642e-08,1.3192806223609357e-07
1.9975,1.0680319426979036e-08,-8.6603526046160212e-09,-2.4364034788986795e-08,-3.31968874243102e-08,-2.6853427342767145e-08,5.6718465277961377e-08,1.2610082387351752e-07
2.0,9.2083104355113155e-09,-1.0111264950865262e-08,-2.5655790995112724e-08,-3.4356864530469244e-08,-2.8387410216552119e-08,5.2509860633929271e-08,1.1904102163259477e-07
2.0025,7.889926613919747e-09,-1.1340959468142867e-08,-2.6648918018090582e-08,-3.5153818631202917e-08,-2.9588976490028383e-08,4.7954466830023232e-08,1.1081389636905866e-07
2.005,6.7372680681265775e-09,-1.2339198930514955e-08,-2.733566819798709e-08,-3.5583083140338144e-08,-3.0446891169934294e-08,4.3109103476660799e-08,1.0150703017666657e-07
2.0075,5.7506255694764806e-09,-1.3110177705179774e-08,-2.7725410770535671e-08,-3.5656937945038851e-08,-3.0965749666047381e-08,3.8029438421750638e-08,9.1213877711082984e-08
2.01,4.9137592644975549e-09,-1.3678336719270347e-08,-2.7848704048992139e-08,-3.5408221657585574e-08,-3.1171265909890015e-08,3.2756273222240286e-08,8.0022367237339474e-08
2.0125,4.1921822215097372e-09,-1.4084585281726914e-08,-2.7749267444564688e-08,-3.4877635996192672e-08,-3.1100795934117396e-08,2.724329812507182e-08,6.7961591896555068e-08
2.015,3.5809089662956904e-09,-1.4341585304607158e-08,-2.7453930839004577e-08,-3.4108595101293174e-08,-3.0787645028667916e-08,2.1631299219108163e-08,5.5207416922576857e-08
2.0175,3.0642706011730732e-09,-1.4478727162744224e-08,-2.7007834184654869e-08,-3.315410996318437e-08,-3.0277722994125445e-08,1.5948890872250737e-08,4.1868914706061216e-08
2.02,2.6313131213453323e-09,-1.4510820739867243e-08,-2.6427477096567972e-08,-3.2025467223390451e-08,-2.9578202730421422e-08,1.0241293934236375e-08,2.808202646424847e-08
2.0225,2.297958435887767e-09,-1.4411202074201142e-08,-2.5676307454218278e-08,-3.0682711932853301e-08,-2.864557290489527e-08,4.5885154745875508e-09,1.4016330424010116e-08
2.025,2.1015477057438058e-09,-1.4132205155364182e-08,-2.4705639924907274e-08,-2.9088421457271776e-08,-2.7438916200900282e-08,-9.2868684923286097e-10,-1.5165735779742079e-10
2.0275,2.0746297059705167e-09,-1.3645018331053465e-08,-2.3499010473764249e-08,-2.7241472123861301e-08,-2.5952339158050345e-08,-6.2488715270210481e-09,-1.4273569263410525e-08
2.03,2.2372004769449608e-09,-1.2942351393484398e-08,-2.2061402886090173e-08,-2.5151172739602587e-08,-2.4191264154967172e-08,-1.1301754359863275e-08,-2.820117436893484e-08
2.0325,2.5875424557419572e-09,-1.2037692795937661e-08,-2.0413115121334594e-08,-2.2837736267055963e-08,-2.2171495214342454e-08,-1.6003491366278674e-08,-4.1774832097364248e-08
2.035,3.1188232816767744e-09,-1.0943433304257422e-08,-1.857114890120922e-08,-2.03225787584582e-08,-1.9912431614761367e-08,-2.0282940027000027e-08,-5.4843940404536019e-08
2.0375,3.8170756885524702e-09,-9.6776565385688449e-09,-1.6560927963907673e-08,-1.7640432458507229e-08,-1.7447576235471638e-08,-2.4095759863513335e-08,-6.7276575347279506e-08
2.04,4.6696688473232246e-09,-8.2573107527294658e-09,-1.4406641390601441e-08,-1.4822677994779885e-08,-1.4808571823198287e-08,-2.7422003530129281e-08,-7.8958741789548473e-08
2.0425,5.6682659097538146e-09,-6.695690402999982e-09,-1.2127713012015734e-08,-1.1893775315010205e-08,-1.2020646991278223e-08,-3.0253390424105067e-08,-8.9794398486266002e-08
2.045,6.8043224486905287e-09,-5.0058008932800671e-09,-9.7427946993637731e-09,-8.8776839511397171e-09,-9.1085953703379691e-09,-3.25832476808926e-08,-9.9693378189297622e-08
2.0475,8.0776024484038072e-09,-3.1920269205563763e-09,-7.2622348903476224e-09,-5.7919105435468252e-09,-6.0907979862475498e-09,-3.4393605610075249e-08,-1.0857120477719397e-07
2.05,9.4840656979752622e-09,-1.2622860390282691e-09,-4.699125305826981e-09,-2.6537512462893528e-09,-2.9864007121301444e-09,-3.566322695667704e-08,-1.1634160579081391e-07
2.0525,1.1014863911388223e-08,7.7076833818459401e-10,-2.0712196785771865e-09,5.1318795333146964e-10,1.7815475109878755e-10,-3.6382168615169704e-08,-1.2293671864850433e-07
2.055,1.2659484520783917e-08,2.8940030626540298e-09,6.0596517325050994e-10,3.6891687342078015e-09,3.3800317073228617e-09,-3.6544676351429917e-08,-1.2830437810663076e-07
2.0575,1.4408008280124005e-08,5.0964388366570373e-09,3.3201702164116635e-09,6.8574009268633126e-09,6.5990150143850024e-09,-3.6151152997746313e-08,-1.3240332603189832e-07
2.06,1.6251556632168991e-08,7.3668261210430991e-09,6.0556755587084944e-09,9.9992975880947597e-09,9.8128973369167881e-09,-3.5213992052771897e-08,-1.3521377787160431e-07
2.0625,1.8184812285329394e-08,9.698053612902407e-09,8.8021290872594662e-09,1.3101162753023746e-08,1.3003846815341569e-08,-3.3752342624993438e-08,-1.3672711193516703e-07
2.065,2.0205695626646735e-08,1.2087198696760241e-08,1.1554808431766788e-08,1.6155173272677786e-08,1.6159828460594171e-08,-3.1775686784476697e-08,-1.3693408821312032e-07
2.0675,2.2308324025007822e-08,1.4526635442856202e-08,1.4305879758807235e-08,1.9152007694921107e-08,1.9267321662202569e-08,-2.9301097774303436e-08,-1.35839177899147e-07
2.07,2.4483917992334464e-08,1.7006378320790351e-08,1.7044040833972589e-08,2.2078598004493887e-08,2.2309120083813966e-08,-2.6353927152601521e-08,-1.3346146966088016e-07
2.0725,2.6725147457481188e-08,1.9518477995014404e-08,1.9760997001464622e-08,2.4926758286181673e-08,2.5272967527533996e-08,-2.2964465380844342e-08,-1.298323259528275e-07
2.075,2.9026638373925708e-08,2.2059559069621766e-08,2.2455560489351899e-08,2.769689558335743e-08,2.8155505297634866e-08,-1.9155906986806065e-08,-1.2497796245621524e-07
2.0775,3.1386406382415402e-08,2.4630672335075357e-08,2.5132410064549285e-08,3.0394009506059921e-08,3.095766834347115e-08,-1.4955749393480015e-08,-1.1894126965475075e-07
2.08,3.3803875004537866e-08,2.7234231527160125e-08,2.7796961160170438e-08,3.3024235070072995e-08,3.3682347540029619e-08,-1.0395982094747511e-08,-1.1178196898073105e-07
2.0825,3.6281415346420616e-08,2.9874511854439742e-08,3.045434369978187e-08,3.5595564507628562e-08,3.6334881520593953e-08,-5.504773856357535e-09,-1.0355707894424215e-07
2.085,3.8816266266974932e-08,3.2548416221251526e-08,3.3102451567027098e-08,3.8108092844146248e-08,3.8912999752182346e-08,-3.1996119131439819e-10,-9.4340275338517857e-08
2.0875,4.1402089089758699e-08,3.5250578121359043e-08,3.574110904458086e-08,4.0567006821879011e-08,4.14196439967853e-08,5.1173714079247854e-09,-8.4215426362340856e-08
2.09,4.4038299004840197e-08,3.7987533597276722e-08,3.8383860496894054e-08,4.2989064898548124e-08,4.3870165296209537e-08,1.077938795004394e-08,-7.3257997123308908e-08
2.0925,4.6732889515347173e-08,4.077485237797028e-08,4.1054299862648851e-08,4.5404254648526616e-08,4.629405590762916e-08,1.6650220713222108e-08,-6.153652527942635e-08
2.095,4.9493523883427309e-08,4.3624439129306308e-08,4.3771137228342708e-08,4.7839103141105702e-08,4.8717769001449997e-08,2.271283706112207e-08,-4.9123794797518469e-08
2.0975,5.232716343704552e-08,4.6544612291017425e-08,4.6545941305334721e-08,5.0310636263234192e-08,5.1158752599931588e-08,2.8948429967069778e-08,-3.6091581175037683e-08
2.1,5.5235585363153143e-08,4.9539554868519595e-08,4.938507843157893e-08,5.2828805851175544e-08,5.3627402469276605e-08,3.5317349890046094e-08,-2.2542574866074124e-08
2.1025,5.8222455302397703e-08,5.2617132892206667e-08,5.2300784533346045e-08,5.5409914341559005e-08,5.6141154601008538e-08,4.1792423742545604e-08,-8.5590040550099447e-09
2.105,6.1293418224594769e-08,5.578866357219021e-08,5.5313123557898863e-08,5.8080748468315128e-08,5.872806837861436e-08,4.8360713014446805e-08,5.7823763026833186e-09
2.1075,6.4451759233958202e-08,5.9061919657113377e-08,5.8439094524858151e-08,6.0868274031133716e-08,6.1417341341193123e-08,5.5007659488656463e-08,2.0400524827998435e-08
2.11,6.76980390194157e-08,6.2441762992245689e-08,6.1689832917473125e-08,6.3789767029805203e-08,6.4228461197879843e-08,6.1710670723530087e-08,3.5204672608253583e-08
2.1125,7.1033310921493203e-08,6.5934161028755169e-08,6.5075187004154692e-08,6.6859262232162388e-08,6.71782402930722e-08,6.8450274557680996e-08,5.0109515190398452e-08
2.115,7.4461005593462357e-08,6.9548011577665573e-08,6.860987126710452e-08,7.0097091945716211e-08,7.028987478026025e-08,7.5216693067137581e-08,6.504204558740267e-08
2.1175,7.798646752462597e-08,7.3290583649442184e-08,7.2304485720110125e-08,7.3519319222083612e-08,7.3582573124028471e-08,8.1996275661522601e-08,7.9925087336732013e-08
2.12,8.1604205984484262e-08,7.7154194102383208e-08,7.6151647358596198e-08,7.7123847146073542e-08,7.7057206301233999e-08,8.8762652208751158e-08,9.4668411753980495e-08
2.1225,8.5301997091917839e-08,8.1126060183831442e-08,8.0142541417704896e-08,8.0907904390102872e-08,8.0714496581614197e-08,9.5491961040100945e-08,1.0918608605169048e-07
2.125,8.9074759140341853e-08,8.5206194132365592e-08,8.4283557258859883e-08,8.4881572076942145e-08,8.456742071916629e-08,1.0217989482872349e-07,1.234270159354727e-07
2.1275,9.2924006120919989e-08,8.9403290781849318e-08,8.8589589691766057e-08,8.9062749166015689e-08,8.8636598933425569e-08,1.0882611467835141e-07,1.3733968142284731e-07
2.13,9.6852349410773149e-08,9.3722929344391889e-08,9.3069308047158139e-08,9.3462822728591057e-08,9.2935844147720834e-08,1.1543188237527443e-07,1.5088209865030856e-07
2.1325,1.0084999523314577e-07,9.8150642390997941e-08,9.7705646606325137e-08,9.8065018165208096e-08,9.744971819678984e-08,1.2197128478133141e-07,1.6398224794904651e-07
2.135,1.04896205035807e-07,1.0265861815785396e-07,1.0246614579202161e-07,1.0283844385394958e-07,1.0215046107306307e-07,1.2840523836254303e-07,1.7656527162423681e-07
2.1375,1.0896396978758059e-07,1.0721612062980624e-07,1.0731778460550599e-07,1.0774981430131192e-07,1.0700685193097979e-07,1.3469582197575465e-07,1.885554736939161e-07
2.14,1.1302963667299717e-07,1.1180016025084054e-07,1.1223776108184946e-07,1.1277682790365997e-07,1.1199921236828031e-07,1.4082850070954016e-07,1.9990618369198295e-07
2.1425,1.1707513954391068e-07,1.1639257319866476e-07,1.1720791645750928e-07,1.179018369499113e-07,1.1711101927579112e-07,1.4679580309911221e-07,2.1058784676979652e-07
2.145,1.2107850726039996e-07,1.2096829040462099e-07,1.2220216555828663e-07,1.2309719191149598e-07,1.2231492302298369e-07,1.5258024082771118e-07,2.205608152459285e-07
2.1475,1.2501443199946885e-07,1.254954230256562e-07,1.2718280316530781e-07,1.2832169660863329e-07,1.2756972528734077e-07,1.5814701047868905e-07,2.2977484224384034e-07
2.15,1.2885403856459982e-07,1.2993724617258328e-07,1.3210456712060605e-07,1.3352442312829899e-07,1.328243658724563e-07,1.6346158591090645e-07,2.3818985886970945e-07
2.1525,1.3256768918354673e-07,1.342583251202071e-07,1.369243846618135e-07,1.3865593908327497e-07,1.3802841928517858e-07,1.6848472894760015e-07,2.4575401531699874e-07
2.155,1.3612889647586055e-07,1.3842639292039282e-07,1.4160314184615435e-07,1.4367056589144431e-07,1.4313440660154216e-07,1.7319026389309953e-07,2.5244573948175562e-07
2.1575,1.3950736923790296e-07,1.4240340223201274e-07,1.4609550241428567e-07,1.4851774171058644e-07,1.4809033470699298e-07,1.7754710517341176e-07,2.5823757966773197e-07
2.16,1.4269059976663022e-07,1.4617077446605301e-07,1.503778738153017e-07,1.5317440225663592e-07,1.5287645023917592e-07,1.8157073516719178e-07,2.6309256380759566e-07
2.1625,1.4562302485099146e-07,1.4966547027341127e-07,1.5437702508796833e-07,1.5755019889173655e-07,1.5739152778287477e-07,1.8513063603971186e-07,2.669651392492727e-07
2.165,1.4826348799306077e-07,1.5283565818886628e-07,1.580319436313256e-07,1.6157547641895919e-07,1.6156085904522001e-07,1.8819601385352704e-07,2.6984152518899419e-07
2.1675,1.5058097105200059e-07,1.5564645717872237e-07,1.6130820108635942e-07,1.6522051647391108e-07,1.6535703049540233e-07,1.9079025671744181e-07,2.717530621088932e-07
2.17,1.5254977817842152e-07,1.5806948569941146e-07,1.6417574603720042e-07,1.6845742352727823e-07,1.6875572030624891e-07,1.9291517063752052e-07,2.7270861321725178e-07
2.1725,1.5414173543300017e-07,1.6007108296678836e-07,1.6658945203221778e-07,1.7123090455159117e-07,1.7169953562462239e-07,1.9452663975525904e-07,2.7268007313269584e-07
2.175,1.5533275273258178e-07,1.6162174818783448e-07,1.6850863354651078e-07,1.7348552137015134e-07,1.7412536375356241e-07,1.9557308112249124e-07,2.716417230600446e-07
2.1775,1.5610781371783151e-07,1.626996884747152e-07,1.6990436655222868e-07,1.7518179709420099e-07,1.7598627609779e-07,1.9602511564065314e-07,2.6959757978232438e-07
2.18,1.564476987579112e-07,1.632751723240089e-07,1.7073833849794977e-07,1.7627592999002139e-07,1.7723391317071024e-07,1.9586308716796799e-07,2.6655726455466407e-07
2.1825,1.5633520154358683e-07,1.6332074114009067e-07,1.7097369634061023e-07,1.7672673024623427e-07,1.778243588999945e-07,1.9507528892618013e-07,2.6253838124039396e-07
2.185,1.5574955524117699e-07,1.6281144630430873e-07,1.7058041643532412e-07,1.7650114115685002e-07,1.7772261854745537e-07,1.9365210898274082e-07,2.5756026397374488e-07
2.1875,1.5467605409378286e-07,1.6173177430635952e-07,1.6954110902288177e-07,1.7557708763270326e-07,1.769028053411915e-07,1.9158243030649887e-07,2.5164515066157454e-07
2.19,1.5310353447426094e-07,1.6006939518146202e-07,1.6784157222765073e-07,1.7393482131293922e-07,1.7534045198338736e-07,1.8885338182743846e-07,2.4481563985448488e-07
2.1925,1.5102645468841875e-07,1.5781677346116665e-07,1.6547178767673929e-07,1.715612776095327e-07,1.7302011188471557e-07,1.8545302610135776e-07,2.3709651786509549e-07
2.195,1.4844252203636007e-07,1.5496959491370262e-07,1.6242601200615533e-07,1.6845025227775647e-07,1.6993440061026017e-07,1.813830527553162e-07,2.2851329608913472e-07
2.1975,1.4534133094850107e-07,1.5151652952771027e-07,1.586911898082999e-07,1.6458258832701811e-07,1.6605512331296439e-07,1.7662149091689856e-07,2.1914064323209369e-07
2.2,1.4173089607651101e-07,1.4746405462223198e-07,1.542708832192001e-07,1.5996557345093451e-07,1.6139827149059267e-07,1.712188144730448e-07,2.0897939964978648e-07
2.2025,1.376090700540243e-07,1.4281061350366437e-07,1.4916666645542281e-07,1.546056626212846e-07,1.5597385696080506e-07,1.6515575290395597e-07,1.9803903801593353e-07
2.205,1.3297319952276398e-07,1.3755599684848802e-07,1.4338300165017369e-07,1.4851087165259993e-07,1.4978964111840117e-07,1.5840161472995501e-07,1.8631128138141165e-07
2.2075,1.2783609464967835e-07,1.317139268489459e-07,1.3693028769620815e-07,1.4168719982022904e-07,1.4284412571983105e-07,1.5096166648303002e-07,1.7384040351189182e-07
2.21,1.2222781193159974e-07,1.2531648226433811e-07,1.2983942960471709e-07,1.3416161454543883e-07,1.3515783010951714e-07,1.4288615158852931e-07,1.6071156799085753e-07
2.2125,1.1618466026163089e-07,1.1840457872970393e-07,1.221596895540801e-07,1.259886762283137e-07,1.2678687508131779e-07,1.3424389888687795e-07,1.4702404561989795e-07
2.215,1.0973322234567266e-07,1.1101448588347515e-07,1.1394105599883334e-07,1.172273807963664e-07,1.1779507967010621e-07,1.2509007052312755e-07,1.3286273838417295e-07
2.2175,1.0290782476555515e-07,1.0319264047585884e-07,1.0524149119462069e-07,1.0794435222308772e-07,1.0825562058846542e-07,1.1547966950101098e-07,1.1829611632971567e-07
2.22,9.5752835457965602e-08,9.4989929094383729e-08,9.6116020310792063e-08,9.8198632020715402e-08,9.8230001920519624e-08,1.0545342590807864e-07,1.0338879447697194e-07
2.2225,8.8320451453257436e-08,8.6463236589112216e-08,8.6624120121518424e-08,8.8054632461542607e-08,8.7785227152417495e-08,9.5063266844031388e-08,8.8211885523764122e-08
2.225,8.066249545788512e-08,7.7671913712565088e-08,7.6831224450625221e-08,7.7583312203834185e-08,7.6995113929774827e-08,8.4370121467715734e-08,7.2847284127412842e-08
2.2275,7.2827654882511608e-08,6.8674056366919507e-08,6.6805721647412881e-08,6.6860427439037629e-08,6.5939874237692043e-08,7.3447952833380425e-08,5.7383081394218565e-08
2.23,6.4865414611972872e-08,5.9528789399847765e-08,5.6617290186140741e-08,5.5962771655483195e-08,5.4698961845430662e-08,6.2383397150019614e-08,4.1935920601260514e-08
2.2325,5.6825319689258589e-08,5.0295578190697286e-08,4.6335003922566728e-08,4.4964976034987726e-08,4.3348803743462272e-08,5.1238711761501536e-08,2.6590241560265879e-08
2.235,4.875559851716721e-08,4.1031149769231346e-08,3.6024996398248838e-08,3.394098865981286e-08,3.1966079650001667e-08,4.0082847898631617e-08,1.1437896678991172e-08
2.2375,4.0705314674606785e-08,3.1793348970308849e-08,2.5754990910073144e-08,2.296835443600678e-08,2.0633849877630996e-08,2.8991341419739574e-08,-3.4244986468927977e-09
2.24,3.2729687145094599e-08,2.2646798756640363e-08,1.5598570559653175e-08,1.2126616729448679e-08,9.4352173879852988e-09,1.8037620794767438e-08,-1.7907163052345099e-08
2.2425,2.4880326112604183e-08,1.3652311831912888e-08,5.6239837089056632e-09,1.4878205584768507e-09,-1.5545664408035776e-09,7.2993987555414586e-09,-3.1912695606523667e-08
2.245,1.7210275371744184e-08,4.8711476855778564e-09,-4.1014325572461919e-09,-8.8765580293301573e-09,-1.2261506271562261e-08,-3.1524399907179072e-09,-4.5356401519577115e-08
2.2475,9.7455525190615547e-09,-3.6667004333214617e-09,-1.3546592621799569e-08,-1.8935092713270864e-08,-2.2646992506042227e-08,-1.328186529240688e-08,-5.824132050033388e-08
2.25,2.5304338561383273e-09,-1.1911169955228525e-08,-2.2647373058341168e-08,-2.8602387182122107e-08,-3.2624125436826357e-08,-2.304215423500882e-08,-7.0449756406996963e-08
2.2525,-4.3840462762130281e-09,-1.979787314741628e-08,-3.1328660502079851e-08,-3.7800502749965766e-08,-4.2113438805759204e-08,-3.2322772204213024e-08,-8.1835256767996588e-08
2.255,-1.0958107484774554e-08,-2.7282290494346512e-08,-3.9552941506625111e-08,-4.6510194510785709e-08,-5.1103377352899935e-08,-4.1080742749795338e-08,-9.2329760285146902e-08
2.2575,-1.717445802995258e-08,-3.4355395629538758e-08,-4.732186980025e-08,-5.4742590225250265e-08,-5.9605866860353283e-08,-4.9339322320034471e-08,-1.0194782990199233e-07
2.26,-2.3035210605148668e-08,-4.1023371890597736e-08,-5.4637066024658197e-08,-6.2486288409185067e-08,-6.759953884397868e-08,-5.7107996697607703e-08,-1.1068631914654728e-07
2.2625,-2.8529325276117896e-08,-4.7265800602328342e-08,-6.146574388043365e-08,-6.9693741756147108e-08,-7.5028062078784005e-08,-6.4345269150036754e-08,-1.184904877806185e-07
2.265,-3.3630848156082718e-08,-5.3045653057693197e-08,-6.7764333011315024e-08,-7.6317152202653483e-08,-8.1845306663283113e-08,-7.099825036813495e-08,-1.2529687782461293e-07
2.2675,-3.831329074998739e-08,-5.8333013142884298e-08,-7.3502726052974451e-08,-8.2330147981795519e-08,-8.8030161919707424e-08,-7.7026649612694615e-08,-1.3105852655413616e-07
2.27,-4.2560821890964747e-08,-6.3113834569504983e-08,-7.8669239962256395e-08,-8.7726060787236332e-08,-9.3577932952524837e-08,-8.2408000040789896e-08,-1.3573762463417871e-07
2.2725,-4.6366236448420899e-08,-6.7383893047511188e-08,-8.3262938376975741e-08,-9.2507901722848423e-08,-9.8493100438787206e-08,-8.7137010129204756e-08,-1.3931074088018794e-07
2.275,-4.9725334388673857e-08,-7.114075940644835e-08,-8.7284347325554629e-08,-9.667859775951595e-08,-1.0277947538047726e-07,-9.1215839191731916e-08,-1.4177373202142262e-07
2.2775,-5.2634672357394987e-08,-7.4382329233427708e-08,-9.073423469805613e-08,-1.0024176798908558e-07,-1.0644335710029347e-07,-9.4648771172152888e-08,-1.4312132106522953e-07
2.28,-5.5101432297302923e-08,-7.7118874896651539e-08,-9.3627422952128842e-08,-1.0321654818076426e-07,-1.095058345131152e-07,-9.7456785269326763e-08,-1.4338461212490976e-07
2.2825,-5.7136859091876217e-08,-7.9365992731473997e-08,-9.5984165994115531e-08,-1.0562656243204466e-07,-1.1199212429168049e-07,-9.9663208199154278e-08,-1.4259884437137697e-07
2.285,-5.8762315876298847e-08,-8.1150127817599154e-08,-9.7836457456929971e-08,-1.0750839681933013e-07,-1.1394118433637724e-07,-1.0130559818547093e-07,-1.4081640329803075e-07
2.2875,-5.9995358514005881e-08,-8.249376397939619e-08,-9.9209861998520169e-08,-1.088837007542913e-07,-1.1537605090659675e-07,-1.0241542946691331e-07,-1.3802771367436876e-07
2.29,-6.0878678023328924e-08,-8.3444852706638834e-08,-1.0016543067314164e-07,-1.0984062837953871e-07,-1.1639418887835469e-07,-1.0305215028032717e-07,-1.3435540292418536e-07
2.2925,-6.1454497076130122e-08,-8.406037524877896e-08,-1.0077227673016677e-07,-1.1045321790507258e-07,-1.170746896937708e-07,-1.0330216994274396e-07,-1.2989470742705846e-07
2.295,-6.1766051954596508e-08,-8.4393106558568989e-08,-1.0108583919318934e-07,-1.1076387566844119e-07,-1.1745263903233139e-07,-1.0322373155094369e-07,-1.247301373240319e-07
2.2975,-6.1841666875459067e-08,-8.4465440615182431e-08,-1.011190246297724e-07,-1.1077564912524468e-07,-1.1752774610058045e-07,-1.028075204686574e-07,-1.1885166271478214e-07
2.3,-6.1689807286634235e-08,-8.4276714494433092e-08,-1.0086787271559947e-07,-1.1049635756339883e-07,-1.1731785671216076e-07,-1.0205643045571621e-07,-1.1227506516882612e-07
2.3025,-6.1316919838839349e-08,-8.3835833750290853e-08,-1.0035041919874491e-07,-1.0996237670342688e-07,-1.1687260783539961e-07,-1.0101291546485929e-07,-1.0506372482040653e-07
2.305,-6.0738090662850377e-08,-8.3169428436695286e-08,-9.9605965760695042e-08,-1.0922037413702968e-07,-1.1624163190344904e-07,-9.9732018009103363e-08,-9.7304211327513276e-08
2.3075,-5.9975567507600691e-08,-8.2312537822692521e-08,-9.8680631339472588e-08,-1.0831752388960528e-07,-1.154696060964353e-07,-9.8269325037668328e-08,-8.9090157302477543e-08
2.31,-5.9055579543321414e-08,-8.1301379740281801e-08,-9.7619397551313899e-08,-1.0729995482389049e-07,-1.1460162964093002e-07,-9.6677893211610982e-08,-8.0518152558859053e-08
2.3125,-5.8003633103988574e-08,-8.0166001879914854e-08,-9.6456101222034159e-08,-1.0620417766483028e-07,-1.1367671232021465e-07,-9.499836504806842e-08,-7.1676375786578164e-08
2.315,-5.6845139309416747e-08,-7.8932441016936867e-08,-9.521490641522443e-08,-1.0505525757618051e-07,-1.127210331902274e-07,-9.3257816287634808e-08,-6.2629669254615764e-08
2.3175,-5.5604775028709869e-08,-7.76253352250065e-08,-9.3919302761668364e-08,-1.0387860358515769e-07,-1.1175995611121612e-07,-9.1486087233359933e-08,-5.3450201345416919e-08
2.32,-5.4304287332505116e-08,-7.6266556839642037e-08,-9.2591941178826665e-08,-1.0269796651487388e-07,-1.1082002575989811e-07,-8.9717457950061904e-08,-4.4208828677530571e-08
2.3225,-5.2961170253941273e-08,-7.4875160251614987e-08,-9.1255309318252448e-08,-1.0153686131447975e-07,-1.0992429669456123e-07,-8.797809300854041e-08,-3.4954339822031376e-08
2.325,-5.1602732706344186e-08,-7.3482601465881904e-08,-8.994750902039634e-08,-1.0044038078456643e-07,-1.0911947800426103e-07,-8.6300409706908618e-08,-2.5805969573656537e-08
2.3275,-5.0231212793430356e-08,-7.2095537138390123e-08,-8.8670164681220992e-08,-9.9393425421463387e-08,-1.083824323385148e-07,-8.4716442371326662e-08,-1.6787262300810054e-08
2.33,-4.8861015587750092e-08,-7.0717894233564171e-08,-8.7412023779072747e-08,-9.837477737993335e-08,-1.0768525608851137e-07,-8.3202634968420898e-08,-7.9130287419414985e-09
2.3325,-4.748875652423749e-08,-6.9332990056499738e-08,-8.6148550477556773e-08,-9.7364065492535307e-08,-1.0701090748206134e-07,-8.1736831359910859e-08,7.8745315967839737e-10
2.335,-4.6105924802869958e-08,-6.7937231288142092e-08,-8.4887498331642851e-08,-9.6381414099744139e-08,-1.0638396326527525e-07,-8.0345653657996749e-08,9.2273334623505759e-09
2.3375,-4.4716158638681734e-08,-6.6547426626924399e-08,-8.3655675266979362e-08,-9.5452279107566811e-08,-1.0582604222454021e-07,-7.9061339887125671e-08,1.7312609622690198e-08
2.34,-4.3324266931123146e-08,-6.5169468798413133e-08,-8.245316816401159e-08,-9.4561821768508066e-08,-1.053128110932099e-07,-7.7871876799581206e-08,2.4996418332797182e-08
2.3425,-4.1922512685933105e-08,-6.3784707627032293e-08,-8.1246340537637104e-08,-9.3662680370007695e-08,-1.0478832640524958e-07,-7.6725420782824325e-08,3.2287174252086666e-08
2.345,-4.049520591539189e-08,-6.2364692932516224e-08,-7.9994544827989552e-08,-9.2710024099465327e-08,-1.0420300256110941e-07,-7.5579235802547727e-08,3.9191793052699308e-08
2.3475,-3.9023851972672995e-08,-6.0881852950554424e-08,-7.8662432770655191e-08,-9.1666278187848083e-08,-1.0351425619160053e-07,-7.4398565609893144e-08,4.5716406648926699e-08
2.35,-3.7491262105275937e-08,-5.931532638409029e-08,-7.7225852875364504e-08,-9.0502624276032989e-08,-1.0268837136575032e-07,-7.3163642389328137e-08,5.1838722487977907e-08
2.3525,-3.5884903478205247e-08,-5.7652335159148508e-08,-7.566982189146745e-08,-8.9196087959872861e-08,-1.0169629425773669e-07,-7.1853715771468954e-08,5.7543898231914633e-08
2.355,-3.4190998556122814e-08,-5.5875253742358886e-08,-7.396723460142176e-08,-8.7704108056475945e-08,-1.0048367022873377e-07,-7.0451685318597358e-08,6.2823622572998783e-08
2.3575,-3.2405483855679218e-08,-5.3974616397431169e-08,-7.2103069014165997e-08,-8.6012943979138054e-08,-9.9039317075171675e-08,-6.8900724694569075e-08,6.7674313606527853e-08
2.36,-3.0513177102745074e-08,-5.1934465671550094e-08,-7.0063426316293213e-08,-8.41122560696274e-08,-9.7355462551065033e-08,-6.7190637139403653e-08,7.2064479264996567e-08
2.3625,-2.8500705593652776e-08,-4.974239232086231e-08,-6.7837378984088644e-08,-8.1990379077326584e-08,-9.5416480611530014e-08,-6.5321497579285829e-08,7.5953069973222385e-08
2.365,-2.6353383885180149e-08,-4.737777269976213e-08,-6.5395958309169228e-08,-7.9607627450535585e-08,-9.3171411967355608e-08,-6.3256404104386809e-08,7.9369306979248159e-08
2.3675,-2.4053010304434286e-08,-4.4815507557387537e-08,-6.2703526492918851e-08,-7.6916357349953538e-08,-9.0561452588907847e-08,-6.0944532215155571e-08,8.2357852740023855e-08
2.37,-2.1583793524704042e-08,-4.2035471115535102e-08,-5.9734585728197522e-08,-7.3889168738103301e-08,-8.7558347353896649e-08,-5.8356629271691028e-08,8.4944868771631618e-08
2.3725,-1.8931439150134377e-08,-3.9018454672453466e-08,-5.6465985838949463e-08,-7.0499958479158871e-08,-8.4134058572586969e-08,-5.5461023510799447e-08,8.715388333901873e-08
2.375,-1.6083800637437741e-08,-3.5748614355793444e-08,-5.2877078658434374e-08,-6.6721230099273022e-08,-8.0258224450853134e-08,-5.2222728560895844e-08,8.9009536711211544e-08
2.3775,-1.3039589424600879e-08,-3.2227340517357418e-08,-4.8968177909325496e-08,-6.2549725662975543e-08,-7.5927095850376917e-08,-4.8628690856463592e-08,9.0526994895684487e-08
2.38,-9.8093653244509983e-09,-2.846864317995445e-08,-4.4754720493441806e-08,-5.8000823678404435e-08,-7.1155414567898981e-08,-4.4683241718128646e-08,9.1708977167086262e-08
2.3825,-6.405161539711671e-09,-2.4484706371834281e-08,-4.0251291587003373e-08,-5.3093990457976966e-08,-6.5962308577577709e-08,-4.0403565187941827e-08,9.2551250283576201e-08
2.385,-2.8344741039537824e-09,-2.0282329619752059e-08,-3.546622526989661e-08,-4.7839974705877741e-08,-6.0358106668915171e-08,-3.57926564229032e-08,9.3087210033463875e-08
2.3875,8.9786594457047277e-10,-1.5867318286737978e-08,-3.0407598876846483e-08,-4.2249165891329203e-08,-5.4352331683294794e-08,-3.085519995992368e-08,9.3344807612818551e-08
2.39,4.7860415860633093e-09,-1.1249607771499762e-08,-2.5090463565476728e-08,-3.6338611202916692e-08,-4.7962886774880763e-08,-2.5602826180079547e-08,9.3356512012498894e-08
2.3925,8.8227660843962177e-09,-6.4390806747090569e-09,-1.9525387578164922e-08,-3.0117763021712293e-08,-4.1201196018004885e-08,-2.0039289400731646e-08,9.3160824844414232e-08
2.395,1.3000660360530142e-08,-1.4434541823849979e-09,-1.3717442480480177e-08,-2.3590003746593771e-08,-3.4072196625687077e-08,-1.4160868830538244e-08,9.2801420735303769e-08
2.3975,1.7311460412633407e-08,3.7289739079971108e-09,-7.6744239422122518e-09,-1.6766337816629597e-08,-2.6591153944862489e-08,-7.971623004698514e-09,9.231930607209855e-08
2.4,2.1745915908765335e-08,9.0670015320333599e-09,-1.411332772714016e-09,-9.666869559272341e-09,-1.8784070027634017e-08,-1.4893856069988296e-09,9.173671166543351e-08
2.4025,2.6293052963823444e-08,1.4554773122019888e-08,5.048637182163193e-09,-2.3217563079005138e-09,-1.0686267816216618e-08,5.2643023920621834e-09,9.108436937315589e-08
2.405,3.0939253764530589e-08,2.0171680161154805e-08,1.1675663822990896e-08,5.2297137542575781e-09,-2.343629997149058e-09,1.2254863035661026e-08,9.0388387302747432e-08
2.4075,3.5670346476811971e-08,2.5896882053724546e-08,1.8441416325175267e-08,1.2954001545913745e-08,6.2057003139344115e-09,1.9457179158573919e-08,8.9694865308848273e-08
2.41,4.0467640524459521e-08,3.1706368929173495e-08,2.5315335877050901e-08,2.0815051043638632e-08,1.4921922578745265e-08,2.6839830402101899e-08,8.9035375701809148e-08
2.4125,4.5312684979849568e-08,3.7576035324498706e-08,3.2267133120927433e-08,2.8775331850861219e-08,2.3760584381180162e-08,3.4370690794201627e-08,8.8443766275795217e-08
2.415,5.0185671278025642e-08,4.3480661345962751e-08,3.9265884207203349e-08,3.6796848510930624e-08,3.2674933195199406e-08,4.2013867380894347e-08,8.7952208636719701e-08
2.4175,5.5067335140399612e-08,4.9395317697911161e-08,4.6279540208134882e-08,4.4838805739275179e-08,4.1616449588939382e-08,4.972930842529748e-08,8.7591358351413398e-08
2.42,5.9953928476527963e-08,5.53094761868846e-08,5.3287942514052207e-08,5.2873871537402372e-08,5.0554132490468737e-08,5.7513122206279303e-08,8.7373237547947649e-08
2.4225,6.4808981127756966e-08,6.1177346412485885e-08,6.0230251471300383e-08,6.0821506418885819e-08,5.9391234209244455e-08,6.5241390692095501e-08,8.7304698676157394e-08
2.425,6.9602042355328915e-08,6.6959885464317725e-08,6.7056946588161182e-08,6.862113809337862e-08,6.8057274239376024e-08,7.2852214934141212e-08,8.742002776555071e-08
2.4275,7.4304715960605429e-08,7.2626113750398695e-08,7.3741330665488684e-08,7.6254802158609209e-08,7.6534364737132949e-08,8.0346474217622056e-08,8.7804313964246551e-08
2.43,7.8893233185300622e-08,7.8149719328677988e-08,8.0260519042219056e-08,8.3706615017749115e-08,8.4806554066588168e-08,8.772316829573778e-08,8.8510865324853961e-08
2.4325,8.3345013221594622e-08,8.3504095273790819e-08,8.6577890443105772e-08,9.0924842376860084e-08,9.2812427285246615e-08,9.4929750104199872e-08,8.953104083089543e-08
2.435,8.7639344604633001e-08,8.8663180135806879e-08,9.2651335759867723e-08,9.7842258003706265e-08,1.004687622251159e-07,1.0188437005456985e-07,9.0833358104198385e-08
2.4375,9.1756964013761461e-08,9.3598662220935556e-08,9.8438949195359387e-08,1.0440123899780433e-07,1.077047112676458e-07,1.0851348214916861e-07,9.2408145445444462e-08
2.44,9.5676539746519517e-08,9.82788108900778e-08,1.0390033153792987e-07,1.1055928218732153e-07,1.1447300189157224e-07,1.1476737098392247e-07,9.4271448892960551e-08
2.4425,9.9374902531194601e-08,1.0267136535103776e-07,1.0899662259459075e-07,1.1627733738523733e-07,1.2073347339133107e-07,1.2060351328966676e-07,9.6437888333971959e-08
2.445,1.0282858823532215e-07,1.0674714520901363e-07,1.1369296041397786e-07,1.2151746952328861e-07,1.2644647260333017e-07,1.259872028461123e-07,9.8918929972427593e-08
2.4475,1.060164363541247e-07,1.1048226594188665e-07,1.1796244362772354e-07,1.262485330110734e-07,1.315775249236919e-07,1.3088599109983529e-07,1.0171699592303653e-07
2.45,1.0892306162949739e-07,1.1386024759201216e-07,1.2178647357447831e-07,1.3044673549578288e-07,1.3609567126692065e-07,1.3526635243740257e-07,1.0482434191755723e-07
2.4525,1.1153491435330495e-07,1.1686507652479121e-07,1.2514589940754766e-07,1.3408801241121554e-07,1.3996916699651178e-07,1.3909179949495962e-07,1.0821968046300417e-07
2.455,1.1383955098314417e-07,1.1948239610264291e-07,1.2802406094100979e-07,1.3715181019809179e-07,1.4317254347993166e-07,1.4233122821126986e-07,1.1188623995472169e-07
2.4575,1.1582748527801276e-07,1.217026840152628e-07,1.3041138255637814e-07,1.3962720559039013e-07,1.4569380167225704e-07,1.4496642899442509e-07,1.1580467209593911e-07
2.46,1.1749071874950193e-07,1.2351834310963421e-07,1.3230004073253185e-07,1.4150691445417338e-07,1.4752686955864435e-07,1.4698575784450938e-07,1.1996695330142887e-07
2.4625,1.1882302967345678e-07,1.2492280382358042e-07,1.3368313806600705e-07,1.4278551509494393e-07,1.4866840773912991e-07,1.4837828780338316e-07,1.2435500775021928e-07
2.465,1.1981900851540454e-07,1.2590975009445824e-07,1.3455376191296544e-07,1.4345707098243439e-07,1.4911395865876293e-07,1.4913206635931002e-07,1.2894034738701997e-07
2.4675,1.2047617587377595e-07,1.2647693704277242e-07,1.3491068060733206e-07,1.4352212808756438e-07,1.4886537740780594e-07,1.4924021819709157e-07,1.3368983257688873e-07
2.47,1.2079584418176899e-07,1.2662833676921263e-07,1.3476113026420691e-07,1.4299002430295808e-07,1.4793412286844324e-07,1.4870570312127205e-07,1.3856977457090908e-07
2.4725,1.2078243663036972e-07,1.2637147289456908e-07,1.3411623762044165e-07,1.418753636258347e-07,1.4633867478482092e-07,1.4753799044038264e-07,1.4354278468686565e-07
2.475,1.2043924310679634e-07,1.2571014785182195e-07,1.329823347019954e-07,1.4018881241720816e-07,1.4409227890680843e-07,1.457410661757742e-07,1.4855889101275979e-07
2.4775,1.1976505074950347e-07,1.2464314515877808e-07,1.3136055632469601e-07,1.3793600658517408e-07,1.4120440999040722e-07,1.4331571085054198e-07,1.5355056152280485e-07
2.48,1.1875617425016185e-07,1.2316961617135484e-07,1.2925475759959156e-07,1.3512686140753711e-07,1.3769193282298322e-07,1.402715912737953e-07,1.5846004149570488e-07
2.4825,1.1740980673807713e-07,1.212909489462359e-07,1.266724479474114e-07,1.3177631918370699e-07,1.33578122129056e-07,1.3662602298274313e-07,1.6323902775219103e-07
2.485,1.1572464900748513e-07,1.1900998834683647e-07,1.2362331793601935e-07,1.2790241301191518e-07,1.288887955341275e-07,1.3239881660249473e-07,1.6783138472841861e-07
2.4875,1.1371448238114463e-07,1.1634389388526538e-07,1.2012888180019025e-07,1.2353075721727844e-07,1.2364769938082362e-07,1.275975112116756e-07,1.7221935140970893e-07
2.49,1.113736866041949e-07,1.1329034830668344e-07,1.1618984632364627e-07,1.1866744969609424e-07,1.1787565909012357e-07,1.2225336966532502e-07,1.7630377321309627e-07
2.4925,1.0870820339729264e-07,1.0986204210654558e-07,1.1182730393891e-07,1.1334046969175001e-07,1.1161290289530661e-07,1.1639917145504511e-07,1.8001885817741288e-07
2.495,1.05729586888017e-07,1.0608104841394922e-07,1.0708127822627918e-07,1.0760723046081937e-07,1.0492822075518937e-07,1.1008856443735736e-07,1.8330382975953992e-07
2.4975,1.0245517384890647e-07,1.0197353796465829e-07,1.0199037001529508e-07,1.0151980796069066e-07,9.7879749604643289e-08,1.0337231604458832e-07,1.8612179755154287e-07
2.5,9.8906857190986697e-08,9.7564617657199339e-08,9.6579671952043797e-08,9.5107915141592294e-08,9.0501736009102051e-08,9.6282377150537242e-08,1.8844496420666632e-07
2.5025,9.5107373784331673e-08,9.2877145747368419e-08,9.0870050149754474e-08,8.8394399133021993e-08,8.2823706295510717e-08,8.8851270813211735e-08,1.9026082697137608e-07
2.505,9.1074257206464444e-08,8.7930466498891372e-08,8.488576161282482e-08,8.1407562625491066e-08,7.4881508927457465e-08,8.1113369431965397e-08,1.9151982568929689e-07
2.5075,8.6821254753614824e-08,8.2745998453776181e-08,7.8662880811887124e-08,7.4196724684584234e-08,6.6736521049501949e-08,7.3127638148094342e-08,1.9218211840974189e-07
2.51,8.2361751269113885e-08,7.734709764715033e-08,7.2239633738197137e-08,6.6812273888805966e-08,5.8449092674282165e-08,6.4951818691046959e-08,1.9220887548559694e-07
2.5125,7.7713389909406532e-08,7.1759858547556524e-08,6.5647953101022809e-08,5.9289158598244878e-08,5.0059402883181945e-08,5.6625415919878094e-08,1.9155916534068485e-07
2.515,7.2895608653391607e-08,6.6008379287026051e-08,5.8913430573925998e-08,5.1657918202913656e-08,4.1603526262567807e-08,4.8182001256506965e-08,1.9018479987630131e-07
2.5175,6.7924208965502992e-08,6.0110369303885777e-08,5.2055706608425823e-08,4.394370384224753e-08,3.3111558240387716e-08,3.9650995733151079e-08,1.8805443151089139e-07
2.52,6.2804070259391889e-08,5.4073094664337278e-08,4.5086787743210081e-08,3.6161523614585752e-08,2.4607205050398231e-08,3.10598575437097e-08,1.850438713105086e-07
2.5225,5.7557563596823095e-08,4.7925736912103656e-08,3.8048505566424752e-08,2.8370324653524739e-08,1.6155417424706825e-08,2.2466531631138097e-08,1.8123155510177534e-07
2.525,5.2204624972711662e-08,4.1695564106285044e-08,3.0976684062945399e-08,2.0609383769290006e-08,7.7967816453473218e-09,1.3921598061846909e-08,1.7666162409726766e-07
2.5275,4.6768417871064023e-08,3.5405860621158643e-08,2.3884650766137485e-08,1.287486395565421e-08,-4.8151873421711456e-10,5.4232428006622272e-09,1.7133070942890844e-07
2.53,4.1269210851084244e-08,2.9069786186018255e-08,1.6772881943214395e-08,5.1589163870159311e-09,-8.6893228541016781e-09,-3.037055199045659e-09,1.651862883757391e-07
2.5325,3.5718357782655519e-08,2.269652969264719e-08,9.6559611671954494e-09,-2.5109668685604261e-09,-1.6787312120945178e-08,-1.1422065869316404e-08,1.5820012756313306e-07
2.535,3.0126644442007131e-08,1.630474314623559e-08,2.5683512524285433e-09,-1.0083884418790945e-08,-2.4711431817431869e-08,-1.9666998689784529e-08,1.5038764031455887e-07
2.5375,2.4510343538036151e-08,9.9207565684629981e-09,-4.4552069022843294e-09,-1.7521310162913663e-08,-3.2422205815482399e-08,-2.7727853765411256e-08,1.4178242989467086e-07
2.54,1.8891999629619182e-08,3.5715238331528423e-09,-1.1388914917727451e-08,-2.4802102241656841e-08,-3.9903982132239709e-08,-3.5582619942167177e-08,1.3243031165476538e-07
2.5425,1.3292883861135259e-08,-2.7222256664064288e-09,-1.8215492895779474e-08,-3.1914136232599953e-08,-4.7150641861835448e-08,-4.3220360281018289e-08,1.2237569117421663e-07
2.545,7.72739440529166e-09,-8.9473354904030423e-09,-2.4923162716137514e-08,-3.8848536914371772e-08,-5.415716245863964e-08,-5.0631886964006652e-08,1.1166515229967103e-07
2.5475,2.2067749852451945e-09,-1.5093602084096632e-08,-3.1502960515475494e-08,-4.5597901958938891e-08,-6.0917367139024044e-08,-5.7807143520321902e-08,1.0033892825651979e-07
2.55,-3.2578332481628657e-09,-2.1149578796154939e-08,-3.7944620110648534e-08,-5.2153897037864929e-08,-6.7423141411209405e-08,-6.473427722098023e-08,8.8442521736077484e-08
2.5525,-8.6521606059334677e-09,-2.7100751208369373e-08,-4.4235780164419917e-08,-5.850621651605492e-08,-7.3666038813741692e-08,-7.1400732054126913e-08,7.6031042706612534e-08
2.555,-1.3959790734640929e-08,-3.2931177390517723e-08,-5.0362578322009438e-08,-6.4643452276822865e-08,-7.9638568087280059e-08,-7.7794467499713825e-08,6.3164905940502672e-08
2.5575,-1.9164967125821986e-08,-3.8625760610108648e-08,-5.631226664108723e-08,-7.0556657277546532e-08,-8.5336139613296514e-08,-8.3906545257160581e-08,4.9910232262204484e-08
2.56,-2.4255668014012855e-08,-4.4173373800758834e-08,-6.2075906050703282e-08,-7.6240770450905165e-08,-9.0757967792064781e-08,-8.9732191384846975e-08,3.6333596849040326e-08
2.5625,-2.9217952156933101e-08,-4.9560231394775606e-08,-6.7642373120988897e-08,-8.1690744071482339e-08,-9.5905760509514288e-08,-9.5270472175007115e-08,2.2514521705306266e-08
2.565,-3.4040377874147117e-08,-5.4775012493558729e-08,-7.3002932132541651e-08,-8.6902324299871359e-08,-1.007811761339552e-07,-1.0052000312808879e-07,8.5316657211798281e-09
2.5675,-3.8711805595451261e-08,-5.9807052878656821e-08,-7.814934092178822e-08,-9.1872263950606936e-08,-1.053867672948525e-07,-1.0548035569870017e-07,-5.5369275151977103e-09
2.57,-4.322011183097287e-08,-6.4644848706061451e-08,-8.3072677646239378e-08,-9.6595857416553556e-08,-1.0972307083362346e-07,-1.1015078959640007e-07,-1.9615942459489629e-08
2.5725,-4.7551581885144377e-08,-6.9275748052374936e-08,-8.7763296012253739e-08,-1.0106607759468162e-07,-1.1378827448269046e-07,-1.1452930684491776e-07,-3.3618742287288716e-08
2.575,-5.1690527694838333e-08,-7.3685268414153921e-08,-9.2209774101860202e-08,-1.0527483358851754e-07,-1.1757829977604203e-07,-1.1861007644179858e-07,-4.7462279406787161e-08
2.5775,-5.5620286562104857e-08,-7.7858077026642716e-08,-9.6399873706258142e-08,-1.0921589553105601e-07,-1.2109234921390566e-07,-1.2238998186301123e-07,-6.1061607337240091e-08
2.58,-5.9324358407575708e-08,-8.1779273309064844e-08,-1.0032222421616708e-07,-1.1288321346579723e-07,-1.243294079456046e-07,-1.2586644481980062e-07,-7.4335571809206948e-08
2.5825,-6.2788502750486756e-08,-8.5436555723092492e-08,-1.0396824361540517e-07,-1.1627209160008867e-07,-1.2728985871837413e-07,-1.2904045609787996e-07,-8.7202686381067433e-08
2.585,-6.6000988587691357e-08,-8.8819312724941687e-08,-1.0732918958706022e-07,-1.1937630461948463e-07,-1.2997124166374615e-07,-1.3190964576707733e-07,-9.9577878768376939e-08
2.5875,-6.895276001673099e-08,-9.1918713422940195e-08,-1.1039786825639668e-07,-1.2219274228638335e-07,-1.3237633769894636e-07,-1.3447890651157161e-07,-1.1139024703139783e-07
2.59,-7.163622012982974e-08,-9.472744658719208e-08,-1.1316927005797837e-07,-1.2472153380566285e-07,-1.3451141780567356e-07,-1.367565627669799e-07,-1.2257816681383963e-07
2.5925,-7.4046032537908072e-08,-9.7240978637954554e-08,-1.1564165895696245e-07,-1.2696585201881262e-07,-1.3638452624308926e-07,-1.3875306077977753e-07,-1.3309530841381646e-07
2.595,-7.6178278649105169e-08,-9.9456192108766888e-08,-1.1781352362032535e-07,-1.2892614983179483e-07,-1.3799826958940519e-07,-1.4047219161255516e-07,-1.4287767763834262e-07
2.5975,-7.8029417107182895e-08,-1.0137015418717892e-07,-1.1968268258064149e-07,-1.3060177838285787e-07,-1.3935582385261427e-07,-1.4192053352428718e-07,-1.518787893913179e-07
2.6,-7.9596170545133095e-08,-1.0297989539855254e-07,-1.2124707027820177e-07,-1.3199284542531227e-07,-1.4046063399413594e-07,-1.4310408826255553e-07,-1.6004974761350325e-07
2.6025,-8.0873203096846314e-08,-1.0427981448420692e-07,-1.2250172829810953e-07,-1.3309656570195809e-07,-1.413130880547247e-07,-1.4402610734326109e-07,-1.6734367401675744e-07
2.605,-8.1854485039304723e-08,-1.0526318472197188e-07,-1.2343908650087085e-07,-1.3390586601811353e-07,-1.4190808230714991e-07,-1.4468465163238528e-07,-1.7371526960395449e-07
2.6075,-8.253309032226828e-08,-1.0592182595656221e-07,-1.2404967504267377e-07,-1.3441083888784884e-07,-1.422364919492768e-07,-1.4507360138512344e-07,-1.7912253296761916e-07
2.61,-8.2901747908248394e-08,-1.0624705992222365e-07,-1.2432376796870235e-07,-1.3460098652820213e-07,-1.4228631824705153e-07,-1.4518296380238463e-07,-1.8353128188668853e-07
2.6125,-8.295352992815074e-08,-1.0623116942008939e-07,-1.2425284596156447e-07,-1.344668537162675e-07,-1.4204805944534584e-07,-1.4500556126291941e-07,-1.8691194058599494e-07
2.615,-8.2682306763597354e-08,-1.0586687788398325e-07,-1.2382768018621865e-07,-1.3399775419098921e-07,-1.4151101835724662e-07,-1.4453387904700694e-07,-1.8924434990620187e-07
2.6175,-8.2082901464169085e-08,-1.0514791364910764e-07,-1.2304009576274954e-07,-1.3318463522978875e-07,-1.4066546956733211e-07,-1.4376089319897823e-07,-1.9051460264437089e-07
2.62,-8.1151631950121551e-08,-1.0406984530888412e-07,-1.2188465752769341e-07,-1.3201968253890102e-07,-1.3950096141285518e-07,-1.4267793052050041e-07,-1.9071676855099785e-07
2.6225,-7.9886492829552877e-08,-1.0262963249109439e-07,-1.2035695468085203e-07,-1.3049660681085258e-07,-1.380090187004628e-07,-1.4127782652689267e-07,-1.8984883092775562e-07
2.625,-7.8286921491906069e-08,-1.0082615148812478e-07,-1.1845399966696063e-07,-1.2860997477224023e-07,-1.3618241112818915e-07,-1.3955518293381868e-07,-1.8791539723340214e-07
2.6275,-7.6354878398361453e-08,-9.8660903043597717e-08,-1.1617478254718491e-07,-1.2635583783362925e-07,-1.3401401519805073e-07,-1.3750373540011277e-07,-1.8493134548122971e-07
2.63,-7.4094063402686708e-08,-9.613663953889599e-08,-1.1351991380302752e-07,-1.2373207930250861e-07,-1.3149825924037161e-07,-1.3511816874790572e-07,-1.8091466771591056e-07
2.6325,-7.1510477964523067e-08,-9.3258543962515128e-08,-1.104928011441736e-07,-1.2073982038284443e-07,-1.2863302705162063e-07,-1.3239655136417764e-07,-1.7589645903531982e-07
2.635,-6.8609804667522599e-08,-9.003178005598384e-08,-1.0709607389424121e-07,-1.1737685661386066e-07,-1.2541256709091435e-07,-1.2933325132204544e-07,-1.69906444848421e-07
2.6375,-6.5398824190375286e-08,-8.6462128036000222e-08,-1.0333259927806833e-07,-1.1364147429425869e-07,-1.2183053077571382e-07,-1.2592196286707068e-07,-1.6298200504384935e-07
2.64,-6.1883442259705927e-08,-8.2554108627004606e-08,-9.9204403311511188e-08,-1.0953332227742424e-07,-1.1788248090047466e-07,-1.2215711843605516e-07,-1.551662165886949e-07
2.6425,-5.8069355249509217e-08,-7.8311978187640621e-08,-9.4713386709810387e-08,-1.0505078623418025e-07,-1.1356330506956386e-07,-1.1803191508834783e-07,-1.4650304780247783e-07
2.645,-5.3961046392005178e-08,-7.3738788894370463e-08,-8.9859677593466718e-08,-1.0018925388426178e-07,-1.0886244508692237e-07,-1.1353359787945021e-07,-1.3703675986388923e-07
2.6475,-4.9562474162986691e-08,-6.8837453271910333e-08,-8.4643527690241317e-08,-9.4944678518261004e-08,-1.037713468279742e-07,-1.0865142265848935e-07,-1.2681036377891244e-07
2.65,-4.4877242733155108e-08,-6.3610656403759307e-08,-7.9065593901343648e-08,-8.9315258780610449e-08,-9.8285262471217631e-08,-1.0337930379226271e-07,-1.1587557707609708e-07
2.6525,-3.9909538458305715e-08,-5.8061934737666428e-08,-7.3127586070587198e-08,-8.3298442981785908e-08,-9.23949939763005e-08,-9.7704679956315776e-08,-1.042767354384266e-07
2.655,-3.4665416771836267e-08,-5.2197251050828672e-08,-6.68329797348601e-08,-7.6892761378707205e-08,-8.6095969706320974e-08,-9.1620137636767993e-08,-9.2061903628662096e-08
2.6575,-2.9152319547942703e-08,-4.6023646202407816e-08,-6.0187214375351034e-08,-7.0101357007230218e-08,-7.9387706348388028e-08,-8.5122636928948687e-08,-7.928509013620935e-08
2.66,-2.3380804898329527e-08,-3.9551827428802598e-08,-5.3200957447154004e-08,-6.2934204348188826e-08,-7.2276242381305456e-08,-7.821475556980719e-08,-6.6003072063428099e-08
2.6625,-1.7364103161690446e-08,-3.2796530324619509e-08,-4.5889134513032647e-08,-5.5404260094540975e-08,-6.4771539922494624e-08,-7.09033801909532e-08,-5.227769293968703e-08
2.665,-1.111890796279101e-08,-2.5775937677844437e-08,-3.826940991496154e-08,-4.7525808590002642e-08,-5.6884971315347604e-08,-6.3197136486750842e-08,-3.8171937981266972e-08
2.6675,-4.6635896792157879e-09,-1.8509262043067064e-08,-3.0360089351739379e-08,-3.9314329948063761e-08,-4.862941144176836e-08,-5.5106781730007853e-08,-2.3745390457299986e-08
2.67,1.9838260644837734e-09,-1.1015983214975248e-08,-2.2182007281891098e-08,-3.0790133273591039e-08,-4.0022380657904726e-08,-4.6647004722743854e-08,-9.0605169560957536e-09
2.6725,8.8032916204668073e-09,-3.3186582492715459e-09,-1.3759976017444904e-08,-2.1977144789841337e-08,-3.1084148020478778e-08,-3.7834143904815863e-08,5.8228507725813953e-09
2.675,1.5773786704007378e-08,4.5588268641189886e-09,-5.1200991741544621e-09,-1.2902959671103867e-08,-2.1841956920554531e-08,-2.8692815350449368e-08,2.0838062729119292e-08
2.6775,2.2872599640454711e-08,1.2591341152419714e-08,3.7106884875152068e-09,-3.5951564016060906e-09,-1.2323166011127105e-08,-1.9248652680521454e-08,3.5920137671855986e-08
2.68,3.0075337129111983e-08,2.0751925551503713e-08,1.2703440937807697e-08,5.9166088011120239e-09,-2.5581232909832185e-09,-9.5307762765157809e-09,5.1005723391584564e-08
2.6825,3.7357798563848284e-08,2.9013352260578261e-08,2.182833884470184e-08,1.5600177506042484e-08,7.4199810181242222e-09,4.2913001183331016e-10,6.6031071070027572e-08
2.685,4.4694123842834118e-08,3.7346731596182195e-08,3.1053147954626464e-08,2.54215632372753e-08,1.7576796014883084e-08,1.0597863530017681e-08,8.0929696262416796e-08
2.6875,5.20587621563886e-08,4.5723274319184031e-08,4.0345126122421403e-08,3.5344698886153415e-08,2.7875035015174259e-08,2.0938927288100952e-08,9.5642015695410323e-08
2.69,5.9425824970572877e-08,5.4113007770789614e-08,4.9669678802235556e-08,4.5331587616969259e-08,3.827411259812577e-08,3.1411698967156136e-08,1.1010498543828037e-07
2.6925,6.676878327370271e-08,6.2484862656753093e-08,5.8991663399509268e-08,5.534467616091157e-08,4.8734198708401158e-08,4.1975734989883174e-08,1.2425835720400296e-07
2.695,7.4060415043884962e-08,7.0807292768986677e-08,6.8275424011630302e-08,6.534544238967794e-08,5.9214648655551956e-08,5.2589695432184653e-08,1.3804413656770007e-07
2.6975,8.1272188526944486e-08,7.9047327311382945e-08,7.7483271893309424e-08,7.5291914531655823e-08,6.9670040917893871e-08,6.3207104305792736e-08,1.514095820627145e-07
2.7,8.8375764919579904e-08,8.7171977693919808e-08,8.6577219825329642e-08,8.5141273092772176e-08,8.0053738260275238e-08,7.3779922992065288e-08,1.6429298177544846e-07
2.7025,9.5340902506513257e-08,9.5146504696968566e-08,9.5517228292601021e-08,9.4847062499672361e-08,9.0314371694733624e-08,8.425584614251743e-08,1.7663859321221715e-07
2.705,1.0213856895097578e-07,1.0293743125313941e-07,1.042650778314067e-07,1.043670858613598e-07,1.0040586936759543e-07,9.4586575148644017e-08,1.8839868913497251e-07
2.7075,1.087380714007312e-07,1.1050904390098376e-07,1.1278037914861898e-07,1.1365817361681231e-07,1.1028268157429033e-07,1.0472454139973034e-07,1.9952802150769456e-07
2.71,1.1511048286514256e-07,1.178271568120695e-07,1.2102323689099879e-07,1.226746941262053e-07,1.1989489319726398e-07,1.1461760788017768e-07,2.0997958882509577e-07
2.7125,1.2122809648514821e-07,1.2485900876592509e-07,1.2895349620299272e-07,1.3136919966686364e-07,1.2918882333742164e-07,1.2420926736832948e-07,2.197031380469834e-07
2.715,1.2706432506012041e-07,1.3157285656484055e-07,1.3653348590154871e-07,1.3969785703325758e-07,1.3811590478410275e-07,1.3344817239692685e-07,2.2865787922381019e-07
2.7175,1.3259600767169853e-07,1.3794079550855715e-07,1.4373090634385438e-07,1.4762456969357199e-07,1.4663660265910884e-07,1.4229210429070287e-07,2.3680845358140692e-07
2.72,1.3780080628536949e-07,1.4393629841544287e-07,1.5051518820631824e-07,1.5511494323713704e-07,1.5471250163374294e-07,1.5069972547305475e-07,2.4412778651497482e-07
2.7225,1.4265750025854425e-07,1.4953448386676177e-07,1.5685778047051371e-07,1.6213580923502066e-07,1.6230690189750979e-07,1.5863227300486133e-07,2.5059775537236012e-07
2.725,1.4714473571610214e-07,1.5471018227871094e-07,1.6272878622155229e-07,1.6865148311350104e-07,1.6937824197624451e-07,1.6604458139116139e-07,2.5619389141978752e-07
2.7275,1.5124182311879734e-07,1.5943844115315323e-07,1.6809805856154208e-07,1.7462686077364923e-07,1.7588693603593452e-07,1.7289425128315514e-07,2.6089550939197522e-07
2.73,1.5492926772781522e-07,1.6369587711331606e-07,1.7293889413432246e-07,1.8003266305093352e-07,1.8180058175955077e-07,1.7914529550632241e-07,2.6468054378291962e-07
2.7325,1.5818891321280069e-07,1.67461592836309e-07,1.772282151612928e-07,1.8484294353496956e-07,1.8708997696858128e-07,1.8476502327411143e-07,2.6753960733560417e-07
2.735,1.61005672559835e-07,1.7071900351725586e-07,1.8094783378228015e-07,1.8903658434928232e-07,1.9173164501432189e-07,1.8972785828196351e-07,2.694722352562227e-07
2.7375,1.6336743101691838e-07,1.7345459190033568e-07,1.8408218324102221e-07,1.9259551432400318e-07,1.9570505166460237e-07,1.9401065681171802e-07,2.7047496839845937e-07
2.74,1.6526597219743602e-07,1.756585906370662e-07,1.8662000290344502e-07,1.955064076114676e-07,1.989939870778982e-07,1.9759499154082745e-07,2.7055329393393787e-07
2.7425,1.6669380265915907e-07,1.7732147040650494e-07,1.8855056572453911e-07,1.9775773031564939e-07,2.015851647370526e-07,2.0046617899808687e-07,2.6971800537757682e-07
2.745,1.6764558241009297e-07,1.7843647858294603e-07,1.8986556951080405e-07,1.9933919494548287e-07,2.0346744320908539e-07,2.0261081241717494e-07,2.6797888375482501e-07
2.7475,1.6811863934122223e-07,1.7900024122692518e-07,1.9056092116194882e-07,2.0024598124643851e-07,2.0463532450796612e-07,2.0402173023170343e-07,2.6535306463045692e-07
2.75,1.6811340465222508e-07,1.7901327108681227e-07,1.9063850950477233e-07,2.0048148708226172e-07,2.0509138562107715e-07,2.046999237528758e-07,2.6186656031977772e-07
2.7525,1.6763339488666605e-07,1.7847980564046112e-07,1.9010374950569369e-07,2.0005207305545162e-07,2.0484335174194965e-07,2.0465292119866518e-07,2.5755070452634171e-07
2.755,1.6668521505045156e-07,1.7740780865452548e-07,1.8896580168334128e-07,1.9896731440654594e-07,2.0390169297014036e-07,2.0389115371978976e-07,2.5244197254242921e-07
2.7575,1.6527799934182348e-07,1.7580822513778577e-07,1.872375702311879e-07,1.9724072346755053e-07,2.0227999953155026e-07,2.0242851758905306e-07,2.4657553274753603e-07
2.76,1.6342399750012762e-07,1.7369551492271945e-07,1.8493598666119343e-07,1.9489081560131857e-07,1.999963391547395e-07,2.002819742941363e-07,2.3999088886307825e-07
2.7625,1.6113766896337942e-07,1.7108655184789008e-07,1.8208032472622742e-07,1.9193932864328008e-07,1.9707459138069452e-07,1.9747570252533361e-07,2.3273179212160345e-07
2.765,1.5843590286562248e-07,1.6800067917878192e-07,1.7869309464813184e-07,1.8841280840729156e-07,1.9354553505844481e-07,1.9404203991005031e-07,2.2485312786716056e-07
2.7675,1.5533834303528624e-07,1.6446079829031865e-07,1.7480099119429694e-07,1.8434077696017749e-07,1.8943966113823559e-07,1.9001147375284385e-07,2.1640958443956112e-07
2.77,1.5186694303062641e-07,1.6049251961763912e-07,1.7043306793767472e-07,1.7975405995162779e-07,1.8478848959993999e-07,1.8541598058520461e-07,2.0745178086538068e-07
2.7725,1.4804656714000424e-07,1.5612492998952193e-07,1.6562202301428802e-07,1.7468779217633926e-07,1.7962891556397329e-07,1.8029313503875949e-07,1.9803659948119655e-07
2.775,1.4390408904533119e-07,1.513893034913264e-07,1.6040302824451301e-07,1.6918041528103442e-07,1.740026357317196e-07,1.7468588159964747e-07,1.8822167248733771e-07
2.7775,1.394677056078228e-07,1.463181552419447e-07,1.5481298731600547e-07,1.6327271239927378e-07,1.6795300844053548e-07,1.6863940239402661e-07,1.7806995133169041e-07
2.78,1.3476716188054841e-07,1.4094584441799261e-07,1.4889092647610608e-07,1.5700715313172185e-07,1.6152459448090232e-07,1.6220008208578952e-07,1.6764725035346502e-07
2.7825,1.2983303982006768e-07,1.3530831374721655e-07,1.4267801980115033e-07,1.5042864935370015e-07,1.5476474135020962e-07,1.5541607006963276e-07,1.5701676301896776e-07
2.785,1.2469929866769372e-07,1.294451969384106e-07,1.362192818757553e-07,1.4358744331147844e-07,1.4772702670648697e-07,1.4834152156629746e-07,1.4624719025701433e-07
2.7875,1.1940088965833811e-07,1.2339704402605026e-07,1.2956036427401476e-07,1.3653354463185035e-07,1.4046480924167611e-07,1.4103084726017622e-07,1.3540535435620748e-07
2.79,1.1397377974481932e-07,1.1720505982777913e-07,1.2274655723630728e-07,1.2931531957445709e-07,1.3302842615534134e-07,1.3353539009675519e-07,1.2455658526276296e-07
2.7925,1.0845303684453847e-07,1.1090900086014857e-07,1.1582104296298784e-07,1.219774405697909e-07,1.254647638503452e-07,1.2590416929138113e-07,1.1376511131056585e-07
2.795,1.0287272695758247e-07,1.0454761659759833e-07,1.0882636981225474e-07,1.1456531739058368e-07,1.1782055360979228e-07,1.1818450926948863e-07,1.0309255449504524e-07
2.7975,9.7266791102944999e-08,9.8160080634748927e-08,1.0180668420436732e-07,1.0712694624365666e-07,1.1014558140792255e-07,1.1042619436492208e-07,9.2602373088947156e-08
2.8,9.1666619588571395e-08,9.1782996898020262e-08,9.4803749496130989e-08,9.9708547060607346e-08,1.0248924016036451e-07,1.0267986827830995e-07,8.2363992207206857e-08
2.8025,8.6103306008290148e-08,8.5452248616129227e-08,8.7857884197954771e-08,9.235420209556714e-08,9.4898344691913048e-08,9.4994108997063067e-08,7.243933926698901e-08
2.805,8.060483671101821e-08,7.9199692544042276e-08,8.1003399887546949e-08,8.5099486062299091e-08,8.7408363783152307e-08,8.7404299653521606e-08,6.2873604125201307e-08
2.8075,7.5197603289590492e-08,7.3054930122455155e-08,7.427158061242105e-08,7.7976404183475376e-08,8.0052641217920432e-08,7.9943870239925453e-08,5.3711438038812536e-08
2.81,6.9904262619897449e-08,6.7043222156926113e-08,6.7689186435614425e-08,7.1011755038269993e-08,7.285693450271694e-08,7.2637230490797827e-08,4.4985744530716567e-08
2.8125,6.4745217273954061e-08,6.1187312626525797e-08,6.1280573426957589e-08,6.4231912049410066e-08,6.5849692988247241e-08,6.5513019348129498e-08,3.6729242777191734e-08
2.815,5.973813784207829e-08,5.5506892875043533e-08,5.5067640625501609e-08,5.7661736437898e-08,5.905776282552583e-08,5.859832963235808e-08,2.8974913546811217e-08
2.8175,5.4898657144762511e-08,5.0019499683267587e-08,4.9069041917943697e-08,5.1319173230643363e-08,5.2499040491821633e-08,5.1911365575385313e-08,2.1748045322819071e-08
2.82,5.0239686747566495e-08,4.4739630472920031e-08,4.3299306465375433e-08,4.521717344668426e-08,4.6184630717850451e-08,4.5463249632769867e-08,1.5062136780944601e-08
2.8225,4.5771824311647196e-08,3.9678848529569861e-08,3.7770040039367623e-08,3.9367380772822419e-08,4.0124862606928104e-08,3.9262753485718387e-08,8.9281322116079957e-09
2.825,4.1504729395639663e-08,3.4847924693087175e-08,3.249358999365546e-08,3.3783701691665539e-08,3.4333762976790955e-08,3.3321982930813055e-08,3.3508273830483785e-09
2.8275,3.7445954833314039e-08,3.0255907631332232e-08,2.7479976597804674e-08,2.8475952386802483e-08,2.8820889607009715e-08,2.7648961649971026e-08,-1.6649462829324149e-09
2.83,3.3603049004056473e-08,2.5911492796517693e-08,2.2737792168020577e-08,2.3452414476430672e-08,2.3594503173116833e-08,2.2251714507781509e-08,-6.1200857882144254e-09
2.8325,2.9981606614555269e-08,2.182019490369451e-08,1.8270789980024724e-08,1.8712500930779819e-08,1.8650234449389806e-08,1.7124440160017934e-08,-1.0028518367980453e-08
2.835,2.6586357813872298e-08,1.7985812013614697e-08,1.4080274218970743e-08,1.4254466970734341e-08,1.39838932229597e-08,1.2261065073119303e-08,-1.3406305949916328e-08
2.8375,2.3419740257427378e-08,1.4409564282148818e-08,1.0165150198027826e-08,1.0075825173415968e-08,9.5917349682614396e-09,7.6566072870876983e-09,-1.6274598853742801e-08
2.84,2.0476666842591234e-08,1.1085149630387646e-08,6.5216071921283823e-09,6.1810930843483804e-09,5.4825351039023669e-09,3.3149410542156115e-09,-1.860829017399677e-08
2.8425,1.7761766253147505e-08,8.0177554853650301e-09,3.1511106375629649e-09,2.556965667225683e-09,1.6335286314483769e-09,-7.8720550164026279e-10,-2.0468358614413692e-08
2.845,1.5273161993968483e-08,5.2029400872002993e-09,4.1567683739245037e-11,-8.1745275680137177e-10,-1.9820534698968342e-09,-4.6723379516128059e-09,-2.1921770358306215e-08
2.8475,1.3006564166451393e-08,2.6296618572470617e-09,-2.8228789850555592e-09,-3.9484706583215878e-09,-5.360866780009793e-09,-8.332463228498834e-09,-2.2999181972552928e-08
2.85,1.0951068002190254e-08,2.8041263973022501e-10,-5.4556529368985853e-09,-6.8357569590729192e-09,-8.4937279896921558e-09,-1.1763038326765894e-08,-2.3720972548937478e-08
2.8525,9.0897061150756872e-09,-1.8613976800352749e-09,-7.8680415229974058e-09,-9.4946846306621977e-09,-1.1400188258463107e-08,-1.4991219368675112e-08,-2.4120058871582403e-08
2.855,7.405706694060932e-09,-3.8057616112300534e-09,-1.007106299541548e-08,-1.1953571013794965e-08,-1.4122458235299303e-08,-1.806227267493872e-08,-2.4249893278909504e-08
2.8575,5.8913034967607628e-09,-5.5539817692536078e-09,-1.2068997098665261e-08,-1.4225328169521684e-08,-1.6681464888948311e-08,-2.0992807731583689e-08,-2.4150131568748058e-08
2.86,4.5445443378946765e-09,-7.1080335066162626e-09,-1.3865742403878971e-08,-1.6309964497764358e-08,-1.9074567665534037e-08,-2.3773397863554081e-08,-2.3838610518199773e-08
2.8625,3.3607005042155985e-09,-8.478989119498835e-09,-1.5476084730577447e-08,-1.8216422229805886e-08,-2.1303104338811732e-08,-2.6402853711427761e-08,-2.3349949113811325e-08
2.865,2.327039736936929e-09,-9.6880823844611395e-09,-1.69260274588698e-08,-1.9967737508508629e-08,-2.3385664948502247e-08,-2.8901825036926312e-08,-2.2735651239661528e-08
2.8675,1.4251823134433688e-09,-1.0760392419359685e-08,-1.8243882665390735e-08,-2.1594317906883729e-08,-2.5352666833945178e-08,-3.1304975135518605e-08,-2.2068335220425816e-08
2.87,6.3932530406061748e-10,-1.1715094564673374e-08,-1.9451621282993479e-08,-2.3125287244283037e-08,-2.7241517809443599e-08,-3.3653076493428669e-08,-2.1453842750182913e-08
2.8725,-4.7578942625144309e-11,-1.2570140052261007e-08,-2.0563296121584259e-08,-2.4566964166846663e-08,-2.904998469214083e-08,-3.5936452144119529e-08,-2.0881329654854449e-08
2.875,-6.4720794784779852e-10,-1.3334166831974833e-08,-2.1579801000195931e-08,-2.5909746298876982e-08,-3.076070407638844e-08,-3.8132888062056213e-08,-2.0328080463770577e-08
2.8775,-1.1688252228007796e-09,-1.4010047763769274e-08,-2.2497891364906432e-08,-2.7151534079598155e-08,-3.2374340320910885e-08,-4.0240350666351179e-08,-1.9796654769674385e-08
2.88,-1.6169311092863167e-09,-1.459613071559468e-08,-2.3318730037690678e-08,-2.8305771652324622e-08,-3.3911474687503494e-08,-4.2272804786866597e-08,-1.9327280479994303e-08
2.8825,-1.9895261108849535e-09,-1.5089123829234919e-08,-2.4043580087053346e-08,-2.9374299443861131e-08,-3.5372587435367523e-08,-4.4224477669234401e-08,-1.8958966661511192e-08
2.885,-2.2802568771293366e-09,-1.5486029522955008e-08,-2.4668597122117142e-08,-3.0340049167724579e-08,-3.6730502283371451e-08,-4.6066335535967689e-08,-1.8705557146432515e-08
2.8875,-2.4835953804221364e-09,-1.5784801282426078e-08,-2.5187078912388693e-08,-3.1182825757863085e-08,-3.7951159253903845e-08,-4.7763462553357351e-08,-1.8559331562039819e-08
2.89,-2.5969094004040588e-09,-1.5983497713955261e-08,-2.5594326843647084e-08,-3.1897773776167043e-08,-3.9024173738690615e-08,-4.930245623530384e-08,-1.8518585960037266e-08
2.8925,-2.6198729254849306e-09,-1.6080192453528172e-08,-2.5886717983544454e-08,-3.2484253653903208e-08,-3.9948565923064192e-08,-5.067392129616266e-08,-1.8578028541510941e-08
2.895,-2.5522050136134154e-09,-1.6071776267727092e-08,-2.6058261372464694e-08,-3.2935864603132637e-08,-4.0720125756118903e-08,-5.1863926947437046e-08,-1.8735764977717109e-08
2.8975,-2.3920443706614175e-09,-1.5952526084440614e-08,-2.6099313190688535e-08,-3.3238768242074608e-08,-4.1324070733042637e-08,-5.2851091009994758e-08,-1.8983822331166625e-08
2.9,-2.1358060534218943e-09,-1.5714901711834459e-08,-2.5998987864990525e-08,-3.3377310231427389e-08,-4.1741264326533035e-08,-5.3612517438079246e-08,-1.9312417330001633e-08
2.9025,-1.7788679773201517e-09,-1.5351516743515465e-08,-2.5747651004577291e-08,-3.3338582945497421e-08,-4.1952667557915431e-08,-5.4125372514728392e-08,-1.9710528165451871e-08
2.905,-1.3160876547693669e-09,-1.4855771949622584e-08,-2.5336294789190924e-08,-3.31086087628794e-08,-4.1937724181238461e-08,-5.4365945038835393e-08,-2.0166796601486373e-08
2.9075,-7.4063086147859554e-10,-1.422001445808994e-08,-2.4754620218823557e-08,-3.2674980008848272e-08,-4.1682491264628396e-08,-5.431898620797204e-08,-2.0671317801277536e-08
2.91,-4.3370848716512532e-11,-1.343449087909825e-08,-2.3990864536223104e-08,-3.2023246411445911e-08,-4.1169062715596862e-08,-5.3962542735980639e-08,-2.121156598782525e-08
2.9125,7.8699518277846773e-10,-1.2487009502563043e-08,-2.3030315198058438e-08,-3.1133962890392803e-08,-4.0374916821796265e-08,-5.3271636370495849e-08,-2.1765414541549386e-08
2.915,1.7621946156091814e-09,-1.1364315285766519e-08,-2.1856147849881249e-08,-2.9984846684655868e-08,-3.9273753446878531e-08,-5.2217050261918284e-08,-2.2300790644270685e-08
2.9175,2.8926447385114786e-09,-1.0054050851250233e-08,-2.0452970728067886e-08,-2.8557240481523843e-08,-3.784385818546229e-08,-5.0774206055582403e-08,-2.2782096222056704e-08
2.92,4.1866435140360823e-09,-8.5459858537458118e-09,-1.8809572596825301e-08,-2.6840937877949152e-08,-3.6075634288719572e-08,-4.8931542332432517e-08,-2.3183821935503961e-08
2.9225,5.6502418591708302e-09,-6.8326268170137379e-09,-1.6918051215313326e-08,-2.4828855421101742e-08,-3.3961267243742722e-08,-4.66782475126241e-08,-2.3478921829276691e-08
2.925,7.2882937093902037e-09,-4.9077685335199928e-09,-1.4770860861253286e-08,-2.2512876129201487e-08,-3.1489960126778061e-08,-4.4001260146703673e-08,-2.3633206514749946e-08
2.9275,9.1047934444939986e-09,-2.7657915333468909e-09,-1.2360107773246624e-08,-1.9882485380411938e-08,-2.8650206171434e-08,-4.0888701208716638e-08,-2.3612390707518324e-08
2.93,1.1105121935885886e-08,-3.9938858346098581e-10,-9.6761214581103569e-09,-1.6926104325828642e-08,-2.543051303769131e-08,-3.7330457598522362e-08,-2.3381537427096351e-08
2.9325,1.3295826157657413e-08,2.1993877378677526e-09,-6.7099266360013454e-09,-1.3634967849542857e-08,-2.1822485422035305e-08,-3.3320445174733245e-08,-2.2906766289358601e-08
2.935,1.5683972377873767e-08,5.0379815966464072e-09,-3.4538443307245856e-09,-9.999452279926632e-09,-1.7816224644409525e-08,-2.8850652699525809e-08,-2.2149297944329667e-08
2.9375,1.827577981503333e-08,8.121854971547121e-09,9.721305937870454e-11,-6.012892643889326e-09,-1.3402746184947928e-08,-2.3912793728467546e-08,-2.1071841334616856e-08
2.94,2.1075492654079222e-08,1.1454175402650719e-08,3.9460259849927097e-09,-1.6738277686102265e-09,-8.5814021805669086e-09,-1.8506451893371663e-08,-1.9640965118311394e-08
2.9425,2.4085305038935426e-08,1.5036650931278346e-08,8.0933746698222414e-09,3.0146837869248315e-09,-3.359271409567708e-09,-1.2641525049716406e-08,-1.7833963273840912e-08
2.945,2.7304396139856639e-08,1.8867878748187724e-08,1.2536541081695784e-08,8.0472065383974863e-09,2.2547847096256148e-09,-6.3310087084708589e-09,-1.5632155654569231e-08
2.9475,3.0729608543313156e-08,2.2943511611165224e-08,1.7269051544529391e-08,1.3414754830916738e-08,8.2486213154258844e-09,4.078973933984864e-10,-1.3021170989646286e-08
2.95,3.4354841939249058e-08,2.7255426407663526e-08,2.2280074221450258e-08,1.9104663944202859e-08,1.4606629196907366e-08,7.5551281060609938e-09,-9.9893367870106199e-09
2.9525,3.8170809060149193e-08,3.1791568956071769e-08,2.7554320635109161e-08,2.5096498132768499e-08,2.1304736414628183e-08,1.5081718548575897e-08,-6.536627682189064e-09
2.955,4.2165603058606743e-08,3.6536719465991514e-08,3.3072094211824858e-08,3.1365239871212942e-08,2.8312083300514414e-08,2.2951104184588942e-08,-2.6651371356884958e-09
2.9575,4.6325337061260127e-08,4.1473288073534844e-08,3.8812055302340454e-08,3.7886861744674176e-08,3.5600249708789651e-08,3.1128594313185969e-08,1.6242425501827463e-09
2.96,5.0633003733638594e-08,4.6579930536026585e-08,4.474869099889624e-08,4.4631322137153032e-08,4.3135502493051814e-08,3.9574263086862642e-08,6.3237438104937972e-09
2.9625,5.5070209180873735e-08,5.1833722787118221e-08,5.0853619929353969e-08,5.1564448503860396e-08,5.0878880611258365e-08,4.8243326206254344e-08,1.1417428452417926e-08
2.965,5.9615162642476291e-08,5.7208085698375656e-08,5.7094567951331648e-08,5.8648145739985863e-08,5.8785805978599175e-08,5.7084432399334856e-08,1.6880576966775058e-08
2.9675,6.4244402333916023e-08,6.2674933632334665e-08,6.3438488720286867e-08,6.5843866547173246e-08,6.6811227130747177e-08,6.6045883811419361e-08,2.2686711847189536e-08
2.97,6.8933442057993938e-08,6.8204876187995847e-08,6.9850382174540816e-08,7.3110091344571451e-08,7.4907409363843663e-08,7.5072974452214226e-08,2.8804777936000223e-08
2.9725,7.3657887487949089e-08,7.3768790976309402e-08,7.6295270398447378e-08,8.0405526269729701e-08,8.3027708242219534e-08,8.4111909578794256e-08,3.5204296303334215e-08
2.975,7.8394307835397688e-08,7.9338591021926168e-08,8.2738803920455507e-08,8.7688262968595207e-08,9.1122558992330027e-08,9.3103956944537885e-08,4.1850338437462781e-08
2.9775,8.312055795014223e-08,8.4886836231347685e-08,8.9146933923790841e-08,9.4917935596599324e-08,9.914361086734336e-08,1.0199279092131116e-07,4.870867158680421e-08
2.98,8.7816203546840545e-08,9.0387749399834072e-08,9.5487901196003357e-08,1.020577778262133e-07,1.070496376490638e-07,1.1073031674653333e-07,5.575045605915913e-08
2.9825,9.2460894336115679e-08,9.5815718715822778e-08,1.0173039368357567e-07,1.0907110021037779e-07,1.1479932115907305e-07,1.1926908033859428e-07,6.2946956945113209e-08
2.985,9.7034010176556464e-08,1.0114549498340954e-07,1.0784436907594131e-07,1.1592182057805207e-07,1.2235063303889377e-07,1.2756132963284761e-07,7.0264304668702274e-08
2.9875,1.0151466070158412e-07,1.063522190983633e-07,1.137999929845516e-07,1.2257379830364091e-07,1.2966027223226527e-07,1.3555686620148266e-07,7.7663801648709731e-08
2.99,1.0588132233263119e-07,1.1141063037948287e-07,1.1956681579009406e-07,1.2899068284625823e-07,1.3668473754938269e-07,1.4320439814674386e-07,8.5102684396213263e-08
2.9925,1.1011246046056762e-07,1.1629526026610076e-07,1.2511497976156893e-07,1.3513870282989488e-07,1.433858214396003e-07,1.5045912310705409e-07,9.2542370635950379e-08
2.995,1.1418601422532479e-07,1.2097993361814152e-07,1.3041398829192917e-07,1.4098357915400954e-07,1.4972571116955872e-07,1.5727835871826889e-07,9.9944334218502557e-08
2.9975,1.1807996639296288e-07,1.2543878137601822e-07,1.3543451709369417e-07,1.4649276724457323e-07,1.5566839376482478e-07,1.6362174270062039e-07,1.0726975614967629e-07
3.0,1.2177204390409346e-07,1.2964627967468186e-07,1.4014793559036637e-07,1.5163483060302498e-07,1.6117950494624001e-07,1.6945161231591253e-07,1.1447536104608542e-07
3.0025,1.2524172603489272e-07,1.3357929923213148e-07,1.4452872108692149e-07,1.5638287606229589e-07,1.6623074643407758e-07,1.7473705703776322e-07,1.2152930202583788e-07
3.005,1.284700412398535e-07,1.3721657941401484e-07,1.4855361533323576e-07,1.6071221947986147e-07,1.7079630481028962e-07,1.7945078170846602e-07,1.2838987113964321e-07
3.0075,1.3143939781994338e-07,1.4053806769736409e-07,1.5220058034288747e-07,1.6459923935923075e-07,1.7485165225399915e-07,1.8356771747587258e-07,1.3501807541047969e-07
3.01,1.3413516212888684e-07,1.435268252291621e-07,1.554506465904724e-07,1.6802367715734234e-07,1.7837495419497243e-07,1.8706551450297936e-07,1.413751047572026e-07
3.0125,1.365440503292955e-07,1.4616774615398709e-07,1.5828689907377622e-07,1.7096827768092955e-07,1.8134865524702367e-07,1.8992692926266564e-07,1.4742327990335952e-07
3.015,1.3865552167621558e-07,1.4844941127499871e-07,1.6069735162916784e-07,1.734215798849151e-07,1.8376260917260537e-07,1.9214292525018224e-07,1.5313206469841656e-07
3.0175,1.4046253988754529e-07,1.5036498154041392e-07,1.6267622876647016e-07,1.7537989264408984e-07,1.85615589078133e-07,1.9371424537003767e-07,1.5848264714666915e-07
3.02,1.4196103532822387e-07,1.5191132005939076e-07,1.6422174993348059e-07,1.7684250656798469e-07,1.8690902928772062e-07,1.9464500954198064e-07,1.6344886144897161e-07
3.0225,1.4314905428308801e-07,1.5308761888146499e-07,1.653343624004996e-07,1.7781084285892176e-07,1.8764532677153703e-07,1.9493959785404677e-07,1.6800650617575141e-07
3.025,1.4402613905625323e-07,1.5389469836198795e-07,1.6601675349895312e-07,1.7828959101869874e-07,1.8783056525360121e-07,1.9460848132582109e-07,1.7213930067291861e-07
3.0275,1.4459301976128949e-07,1.5433468496774833e-07,1.6627317588519604e-07,1.7828698324407832e-07,1.8747899620928984e-07,1.9367318111287117e-07,1.7583894589496149e-07
3.03,1.4485249689312486e-07,1.5441196283709184e-07,1.6610995241259307e-07,1.7781293029926922e-07,1.866053755611498e-07,1.9215457091037957e-07,1.7909572730610457e-07
3.0325,1.4480882618524061e-07,1.5413290852325945e-07,1.6553622592683523e-07,1.7688032486526744e-07,1.8522610843972658e-07,1.9007328212140372e-07,1.8190091607427594e-07
3.035,1.4446856199989832e-07,1.5350704817645246e-07,1.6456589095405166e-07,1.7550661196976575e-07,1.8336222993452444e-07,1.8745537413488699e-07,1.8424664331466419e-07
3.0375,1.4383985608047973e-07,1.5254602090910864e-07,1.6321522250644508e-07,1.7371204325613801e-07,1.8103809850709276e-07,1.843326453483226e-07,1.8613182170191056e-07
3.04,1.4293192170468231e-07,1.5126256961337586e-07,1.6150057933990669e-07,1.7151694552288421e-07,1.7827815210167503e-07,1.8073684901506e-07,1.8755640949014569e-07
3.0425,1.4175459725001618e-07,1.4966984919255227e-07,1.5943852358603072e-07,1.6894231527142642e-07,1.7510971953674887e-07,1.7670255216783609e-07,1.8852065783542039e-07
3.045,1.4031820511031522e-07,1.4778131286864585e-07,1.5704662770218982e-07,1.6601180362173223e-07,1.7156336995576781e-07,1.7226761206589229e-07,1.8902468828758695e-07
3.0475,1.3863376214424778e-07,1.4561145892186427e-07,1.5434509824680725e-07,1.6275358402122789e-07,1.6767533424332889e-07,1.6747678075022678e-07,1.8908000032928501e-07
3.05,1.367127718692952e-07,1.4317604304843004e-07,1.513559335745629e-07,1.5919505831592806e-07,1.6347947347214985e-07,1.6237215914114058e-07,1.8869648328713484e-07
3.0525,1.3456851051633147e-07,1.4049313111589715e-07,1.4810207078935773e-07,1.5536208518196671e-07,1.5900479564486422e-07,1.5698944187464158e-07,1.8787831776902634e-07
3.055,1.3221594079193937e-07,1.3758228868567725e-07,1.4460721838747394e-07,1.5128224791598338e-07,1.542824490292648e-07,1.5136667294809272e-07,1.8663368826827919e-07
3.0575,1.2967237854547666e-07,1.3446522743270854e-07,1.4089755931519569e-07,1.4698804582705512e-07,1.4935194678677867e-07,1.4555178546327008e-07,1.8498128152125552e-07
3.06,1.2695520863593913e-07,1.3116303391474e-07,1.3699853278721518e-07,1.4250969861956287e-07,1.4425034637134639e-07,1.3958968272944445e-07,1.8294165360379307e-07
3.0625,1.2408179954061735e-07,1.2769653185947316e-07,1.3293485136389142e-07,1.3787603844757011e-07,1.3901162977956715e-07,1.335217292069024e-07,1.8053118649291119e-07
3.065,1.2106827461809373e-07,1.2408508435750942e-07,1.2873000863184379e-07,1.3311535376601707e-07,1.3366852660167993e-07,1.2738751675961721e-07,1.7776820972040883e-07
3.0675,1.179308976855533e-07,1.2034828433150676e-07,1.2440819060193778e-07,1.2825632299548385e-07,1.2825392957176549e-07,1.2122626391575324e-07,1.746679270816155e-07
3.07,1.146849442175297e-07,1.1650483191117038e-07,1.1999239413980393e-07,1.2332686110674966e-07,1.2280122231467457e-07,1.1507824392384835e-07,1.7125270169569461e-07
3.0725,1.1134547703751622e-07,1.1257339669168227e-07,1.1550499846144922e-07,1.1835275708817987e-07,1.1733994042795442e-07,1.0897727706168447e-07,1.6754078793878967e-07
3.075,1.0792710873685697e-07,1.0857193318219774e-07,1.1096646997024948e-07,1.1335645830710449e-07,1.1189538222168274e-07,1.029520994333233e-07,1.6354802971136945e-07
3.0775,1.0444430496645064e-07,1.0451769403202618e-07,1.0639552303051914e-07,1.0835690789071098e-07,1.0648786709571029e-07,9.702614900120891e-08,1.5928737129613281e-07
3.08,1.0091173681319655e-07,1.0042774705349263e-07,1.0181088168989623e-07,1.0337510811369369e-07,1.0113971298321735e-07,9.1224481417373177e-08,1.5477827471684507e-07
3.0825,9.7343223405873772e-08,9.6318055082058107e-08,9.7231251927789932e-08,9.8432697318813095e-08,9.5874911457294862e-08,8.5575290352843727e-08,1.5004593065822179e-07
3.085,9.3752825480770984e-08,9.2204968007414305e-08,9.2675963398101872e-08,9.3550852468509985e-08,9.0717414413900251e-08,8.0105598594819676e-08,1.4511590747693463e-07
3.0875,9.0154492591939167e-08,8.8104858366826022e-08,8.816385860048124e-08,8.8750227937666333e-08,8.5689369841363024e-08,7.4839002054222728e-08,1.4001677278957102e-07
3.09,8.6560156795826734e-08,8.4031642806619608e-08,8.3710077424470128e-08,8.4046420034851182e-08,8.0805624578473239e-08,6.9789201201853422e-08,1.3476901898878253e-07
3.0925,8.2981215234567596e-08,7.9998172058336616e-08,7.9327352136934654e-08,7.9452160491742569e-08,7.6078835879697277e-08,6.4967666142120451e-08,1.293931347065878e-07
3.095,7.9426956697143863e-08,7.6013900757119397e-08,7.5023952978310225e-08,7.4973760306433051e-08,7.1513044316617502e-08,6.0377311136987676e-08,1.2390434308740562e-07
3.0975,7.5905051371635802e-08,7.2085622873793014e-08,7.0805293467991853e-08,7.0614764166338906e-08,6.7109897580360274e-08,5.6017593707929529e-08,1.1831623275285069e-07
3.1,7.2419996861254533e-08,6.8216304926007055e-08,6.6672748488655203e-08,6.6373786107304477e-08,6.286488880851491e-08,5.1880778265021768e-08,1.1263686375825851e-07
3.1025,6.8973472293322398e-08,6.4405833983970147e-08,6.2623412232958972e-08,6.2244330683998485e-08,5.8768440694886343e-08,4.7953625724416289e-08,1.0687231117416491e-07
3.105,6.5565165952440554e-08,6.0652050460855528e-08,5.8652830095132409e-08,5.822101356407014e-08,5.4812638295106272e-08,4.4223957794601915e-08,1.0102988917852011e-07
3.1075,6.2194759669938337e-08,5.6953026815042427e-08,5.4756737289246886e-08,5.4296894936387517e-08,5.0987080871390171e-08,4.0675766165886987e-08,9.5115022275227251e-08
3.11,5.8862721099266302e-08,5.3307736140297202e-08,5.0931793358872685e-08,5.0466179714479131e-08,4.7282815812425144e-08,3.7293712306766671e-08,8.9138567495334431e-08
3.1125,5.5571765299316612e-08,4.9717532115946011e-08,4.7176904791586477e-08,4.6724248446287871e-08,4.3692084649730379e-08,3.4065377079793699e-08,8.3110212484883226e-08
3.115,5.2325644330509689e-08,4.6184865190233131e-08,4.3491829586546141e-08,4.3066751033521734e-08,4.0206123340046584e-08,3.0977366391808077e-08,7.7042162915932051e-08
3.1175,4.9127704771234205e-08,4.2712177464311843e-08,3.9877047462903901e-08,3.9491462088819591e-08,3.681753425760141e-08,2.8015962048781023e-08,7.0946058053889617e-08
3.12,4.5982386808951277e-08,3.9303569931644978e-08,3.6334875338949099e-08,3.599628440363639e-08,3.3519939840090892e-08,2.5169612897398461e-08,6.4837627341514431e-08
3.1225,4.289412283746651e-08,3.5963459983443719e-08,3.2868419220588812e-08,3.2581459055706111e-08,3.0309669729211956e-08,2.2428703633867964e-08,5.8732112743080619e-08
3.125,3.9867958934255956e-08,3.2696842372788545e-08,2.9481001525758421e-08,2.9246629398239854e-08,2.7181256481316916e-08,1.9780627763633204e-08,5.2643514483639198e-08
3.1275,3.6908118744924846e-08,2.9507411625222536e-08,2.6174921366950997e-08,2.5990899092836609e-08,2.4129267271131203e-08,1.7212492208232621e-08,4.6586748348910465e-08
3.13,3.4017735409075064e-08,2.63971347913951e-08,2.2950091678045705e-08,2.2811308357773509e-08,2.1147003462988555e-08,1.4711304997621101e-08,4.057644726919325e-08
3.1325,3.1198735361638161e-08,2.3366406801986484e-08,1.980523568815683e-08,1.9704880548697956e-08,1.8228596027068689e-08,1.2265857970390363e-08,3.4628561367532977e-08
3.135,2.8453324517123918e-08,2.0416079968108112e-08,1.6739483679308837e-08,1.666933876717311e-08,1.5369359405591617e-08,9.8659551953130352e-09,2.8758823037086368e-08
3.1375,2.5784048579490096e-08,1.7547953691142338e-08,1.3753866531920179e-08,1.370440349182405e-08,1.2565034984258625e-08,7.5013249851879363e-09,2.2981266154170569e-08
3.14,2.3194838597114872e-08,1.4765775116811591e-08,1.0851068145498343e-08,1.0809685538008204e-08,9.8127264772339022e-09,5.1638993208230255e-09,1.7309384570862305e-08
3.1425,2.0691791657591908e-08,1.2075674988490361e-08,8.03583373943345e-09,7.9880290583068656e-09,7.1136432659560423e-09,2.8502929217284231e-09,1.1762164066752409e-08
3.145,1.8281741267799066e-08,9.4841733155176615e-09,5.3131028621343407e-09,5.2422260367782367e-09,4.4688267933150642e-09,5.5781571346575334e-10,6.3574248319303504e-09
3.1475,1.5972734005576608e-08,6.9987850402257151e-09,2.6893654207844258e-09,2.5775299451100232e-09,1.8814344942040091e-09,-1.7135923636166928e-09,1.1144993135675339e-09
3.15,1.3771757258464743e-08,4.6256736762801589e-09,1.6995141069831838e-10,-2.8779995978875255e-12,-6.4957086652633382e-10,-3.9704346678254293e-09,-3.9560685442528206e-09
3.1525,1.1684327533195488e-08,2.3695948206076968e-09,-2.2411741630347635e-09,-2.4965909151196732e-09,-3.1241349009606871e-09,-6.2174068397377129e-09,-8.8396416507557461e-09
3.155,9.7158029453985266e-09,2.3585509689439644e-10,-4.5388950991160448e-09,-4.8986150264783668e-09,-5.5376052212843841e-09,-8.4524540333868402e-09,-1.352531131507973e-08
3.1575,7.8717277502487657e-09,-1.7688920080966518e-09,-6.7156651136615127e-09,-7.2006533036172515e-09,-7.8797128388427418e-09,-1.0665678556977706e-08,-1.7991970387444765e-08
3.16,6.1586255704799626e-09,-3.6363588819859887e-09,-8.7617054861810493e-09,-9.3932766326754166e-09,-1.0143131499171841e-08,-1.2851463636312785e-08,-2.2221841456821866e-08
3.1625,4.5837262999580507e-09,-5.3578624877923278e-09,-1.0667533977909399e-08,-1.1468307096567158e-08,-1.2321795153775493e-08,-1.500598363757683e-08,-2.6202231877829328e-08
3.165,3.1537315369468096e-09,-6.9261654387461607e-09,-1.242571433943271e-08,-1.3417947258399594e-08,-1.4407458660439715e-08,-1.7121922392925178e-08,-2.9920018517281815e-08
3.1675,1.8742417909731567e-09,-8.3357238960621825e-09,-1.40304788880647e-08,-1.5235243860732122e-08,-1.6392064914266806e-08,-1.9192538971525893e-08,-3.3366522083251484e-08
3.17,7.4989457504035731e-10,-9.5819887155927143e-09,-1.5476573320777703e-08,-1.6912358855865107e-08,-1.8265639311032345e-08,-2.1207157768223145e-08,-3.6531488757933917e-08
3.1725,-2.1443343464145252e-10,-1.0659586107743221e-08,-1.6756534631499563e-08,-1.843900173394413e-08,-2.0015908257836448e-08,-2.3151221653780945e-08,-3.9397497047270164e-08
3.175,-1.013745159894937e-09,-1.1562152794398609e-08,-1.7860978502299514e-08,-1.9803448040698754e-08,-2.1629747775039558e-08,-2.500992329031398e-08,-4.195095858092812e-08
3.1775,-1.6426019458050825e-09,-1.2281777366778854e-08,-1.8779459981330077e-08,-2.0994124343372091e-08,-2.3093256323821645e-08,-2.6767051397416924e-08,-4.4180017523777538e-08
3.18,-2.0944779622775868e-09,-1.2809268703215581e-08,-1.9500807926633439e-08,-2.1998247557731109e-08,-2.4391260707107303e-08,-2.8404347975728402e-08,-4.6065922036166135e-08
3.1825,-2.3625482456282249e-09,-1.3136168630852245e-08,-2.0015172014696359e-08,-2.2802805401422886e-08,-2.5507161543048082e-08,-2.99019947234262e-08,-4.7596924949256491e-08
3.185,-2.4410069880615759e-09,-1.3256173351934611e-08,-2.0314745482113609e-08,-2.3397116880458533e-08,-2.642763433920814e-08,-3.124336823361601e-08,-4.8764543637183516e-08
3.1875,-2.3255152243483407e-09,-1.3164376542799584e-08,-2.039213004295442e-08,-2.377165486706864e-08,-2.7141954291400077e-08,-3.2415398644757758e-08,-4.9563680620201048e-08
3.19,-2.0129553380030516e-09,-1.2856304286687625e-08,-2.0240244200609202e-08,-2.391737547448133e-08,-2.7639115185385271e-08,-3.3403831317357776e-08,-4.9993436264525395e-08
3.1925,-1.500889930958281e-09,-1.232787519864588e-08,-1.9852741339979986e-08,-2.3824499207943534e-08,-2.7905581031745922e-08,-3.419006250824292e-08,-5.0045350935512442e-08
3.195,-7.8744076458673924e-10,-1.1575957303490165e-08,-1.922431602088843e-08,-2.3483291750025393e-08,-2.7926553763070537e-08,-3.4753280716932475e-08,-4.9710742835776718e-08
3.1975,1.2843720502644898e-10,-1.0598721711484852e-08,-1.8351510798451846e-08,-2.2886807754545042e-08,-2.7690421110786311e-08,-3.5075988413224943e-08,-4.8983632759946564e-08
3.2,1.2463273431466376e-09,-9.3960077862245338e-09,-1.7232020671027069e-08,-2.2028978611271098e-08,-2.7186584672107108e-08,-3.5142364967670134e-08,-4.7860585207130602e-08
3.2025,2.5637949157807828e-09,-7.9699945562513136e-09,-1.5866597311832923e-08,-2.0908075980457212e-08,-2.6410382566995767e-08,-3.4943045098507578e-08,-4.6344809881265649e-08
3.205,4.0768536098664254e-09,-6.3247533467829874e-09,-1.4258597464998343e-08,-1.9525410383998498e-08,-2.5359673475660459e-08,-3.4469886704347654e-08,-4.4441165889133281e-08
3.2075,5.7789535628584143e-09,-4.4669101573908074e-09,-1.2413700804826118e-08,-1.7884187476479822e-08,-2.4033874927445307e-08,-3.3715566136390988e-08,-4.2155523660341539e-08
3.21,7.6633929634086846e-09,-2.4028210679873056e-09,-1.0336887907210916e-08,-1.5987428797998435e-08,-2.2433726712021172e-08,-3.2673543723173015e-08,-3.9494837741436713e-08
3.2125,9.7220421010330505e-09,-1.4021790000146567e-10,-8.0344285329036701e-09,-1.3839437039628078e-08,-2.0560991890877062e-08,-3.1340700231162702e-08,-3.6472283362091601e-08
3.215,1.1946623030120233e-08,2.3126325576919609e-09,-5.5141186281315097e-09,-1.1447482387834249e-08,-1.8421423464098248e-08,-2.9719541433446188e-08,-3.31030831789718e-08
3.2175,1.432728154247655e-08,4.9452865007442898e-09,-2.7857371079548874e-09,-8.819879146686815e-09,-1.6021612165901453e-08,-2.781370010598338e-08,-2.9403189072874545e-08
3.22,1.6852892746881079e-08,7.7452223777396803e-09,1.3738426567123522e-10,-5.9685872281661479e-09,-1.337127218327311e-08,-2.5629314441896872e-08,-2.5394452264678686e-08
3.2225,1.951006533667026e-08,1.0697043811583873e-08,3.238574956543295e-09,-2.9087983121402817e-09,-1.048447748946046e-08,-2.3178141274396048e-08,-2.1102673358800469e-08
3.225,2.2282823365397799e-08,1.3782535286722945e-08,6.497891961055048e-09,3.3946959657063796e-10,-7.3798841426565776e-09,-2.0475956946076139e-08,-1.6557187588151132e-08
3.2275,2.5152771856804812e-08,1.6981137943147548e-08,9.8934184679030785e-09,3.7534600569105688e-09,-4.0791271005770202e-09,-1.7541444861556535e-08,-1.1791540540252675e-08
3.23,2.8099410230314453e-08,2.0270242060497687e-08,1.3401121767584111e-08,7.3081380955959889e-09,-6.0694147291173377e-10,-1.439681803242965e-08,-6.8405001356177711e-09
3.2325,3.1100832324843171e-08,2.3625389248743583e-08,1.6994595778172578e-08,1.0975970283270686e-08,3.0089111986185841e-09,-1.1067962683337383e-08,-1.7419947373853277e-09
3.235,3.4134130539437513e-08,2.7020675123910028e-08,2.0645686368773251e-08,1.472818589240154e-08,6.7391149697451563e-09,-7.5835899523240444e-09,3.4649354251540504e-09
3.2375,3.717666193966812e-08,3.0430589183689121e-08,2.4326285284854699e-08,1.8534180298457866e-08,1.0550946563086667e-08,-3.9769868678922704e-09,8.7369043916023798e-09
3.24,4.0206583399146972e-08,3.3830437359873577e-08,2.8008630203362344e-08,2.2364019365168199e-08,1.4413489794368365e-08,-2.7905116090951732e-10,1.4032789831911582e-08
3.2425,4.3204176885669353e-08,3.7197489024563293e-08,3.1666721852787572e-08,2.6188770245761676e-08,1.8296823907062369e-08,3.4804368303697135e-09,1.9314744747719511e-08
3.245,4.6149869259910201e-08,4.0508773814848659e-08,3.5274430380822824e-08,2.9980575341616827e-08,2.2171860929467004e-08,7.2725312547064744e-09,2.454747743161096e-08
3.2475,4.902410301714568e-08,4.3741517776165655e-08,3.880584487310257e-08,3.3711104552153418e-08,2.600805597978747e-08,1.1064970205542415e-08,2.9691006744289836e-08
3.25,5.1807778227697966e-08,4.6873949826834256e-08,4.2236358090803762e-08,3.7352294108104456e-08,2.9774315261385318e-08,1.4823321398161237e-08,3.4707426661164078e-08
3.2525,5.4481407822548756e-08,4.9884084191372151e-08,4.5541760813147448e-08,4.0877037624289227e-08,3.3441188746365366e-08,1.8516053807957404e-08,3.9560239954640957e-08
3.255,5.7026204046282485e-08,5.2750481624179959e-08,4.8697909253335621e-08,4.4258861337897435e-08,3.6979635611969397e-08,2.2112131955419368e-08,4.4215831833794351e-08
3.2575,5.9424594628428964e-08,5.5452893112462354e-08,5.1681902923592954e-08,4.7472535465165142e-08,4.0361781124804542e-08,2.5581446857354043e-08,4.8641222557917411e-08
3.26,6.1658949819353826e-08,5.797095470803434e-08,5.4470714751787494e-08,5.049249369301041e-08,4.3559469620649013e-08,2.88928397076107e-08,5.2803208755806215e-08
3.2625,6.3713046100953679e-08,6.0286293137020661e-08,5.7044108038798965e-08,5.3296280189401781e-08,4.6548922950443749e-08,3.2019707225569957e-08,5.6676663356478369e-08
3.265,6.5571835520399371e-08,6.2382229407342306e-08,5.9383685069396284e-08,5.5863502171692146e-08,4.9308448763962452e-08,3.4937395832307849e-08,6.0237880983357899e-08
3.2675,6.7222216243438626e-08,6.4244280659667128e-08,6.1473450997965604e-08,5.8176613182293512e-08,5.1817762471921069e-08,3.762243001504168e-08,6.3462279891651092e-08
3.27,6.8653822788932777e-08,6.5860660962380207e-08,6.3300027194073826e-08,6.0220770297378253e-08,5.4059579312078566e-08,4.0055250038617837e-08,6.6334095607196287e-08
3.2725,6.9858311168298835e-08,6.7221415469975768e-08,6.4851384842043903e-08,6.1981925764685037e-08,5.6018102067673332e-08,4.2217555715473962e-08,6.8837248472457001e-08
3.275,7.0830149808947346e-08,6.8319514774952418e-08,6.611838296766769e-08,6.3448464730912118e-08,5.7679800841064978e-08,4.4092678579412841e-08,7.0959260981396841e-08
3.2775,7.156576158487412e-08,6.9150042501354673e-08,6.709454170939533e-08,6.4612180206733929e-08,5.9034638881067455e-08,4.5667748159860629e-08,7.2689992684442533e-08
3.28,7.2063421510137405e-08,6.9710452092390759e-08,6.7776609833682288e-08,6.5468510431576255e-08,6.0076512124991351e-08,4.6934093450627234e-08,7.4026103216244038e-08
3.2825,7.2322995191790454e-08,7.0000497068903279e-08,6.8164167835622644e-08,6.6015976417640308e-08,6.0803110254431618e-08,4.7888457108502242e-08,7.4970400419490841e-08
3.285,7.2346041275857582e-08,7.0022058169573497e-08,6.8258817510951503e-08,6.6255865828272353e-08,6.1215205397166627e-08,4.8529989972304142e-08,7.5526458346627949e-08
3.2875,7.2135644158468824e-08,6.9778454979612937e-08,6.8063623098261012e-08,6.6190531243837287e-08,6.1313619982668647e-08,4.8857095791341973e-08,7.5698628705548675e-08
3.29,7.1695792051653467e-08,6.927377748859379e-08,6.7582397886548477e-08,6.5823033670296565e-08,6.1100605184337923e-08,4.8870594185395651e-08,7.5495370830135243e-08
3.2925,7.1031193186771342e-08,6.8513256454067855e-08,6.6820721823555252e-08,6.5159080608970453e-08,6.0581100918165487e-08,4.8573032908473532e-08,7.4925723118165854e-08
3.295,7.0148057710786304e-08,6.7504316296021155e-08,6.578676501529498e-08,6.4206846238421641e-08,5.9762371510327727e-08,4.7970098443799991e-08,7.400044514208267e-08
3.2975,6.9055156543367601e-08,6.625725704609171e-08,6.4491539506642846e-08,6.297670835958937e-08,5.8653580645711111e-08,4.7069497301748161e-08,7.2734843951008328e-08
3.3,6.7763303227534659e-08,6.4784353234191431e-08,6.2947785949716306e-08,6.1480049512664704e-08,5.7264914686227788e-08,4.5880515361101263e-08,7.1145260622778099e-08
3.3025,6.6284537223900271e-08,6.309886033693263e-08,6.1169010625884814e-08,5.9729416909476738e-08,5.5608228440943995e-08,4.4413637353127966e-08,6.9247540001679109e-08
3.305,6.4631505506246642e-08,6.1214510546951904e-08,5.916965850955279e-08,5.774076290436257e-08,5.3700612966320731e-08,4.2685168827101536e-08,6.706250672022754e-08
3.3075,6.2817398644145303e-08,5.9145725071146414e-08,5.6965493102571828e-08,5.5531963498941901e-08,5.1560753001229162e-08,4.0712822668083756e-08,6.4614337859542383e-08
3.31,6.0856263122833873e-08,5.6908382307158451e-08,5.4574477426270164e-08,5.3122958844750715e-08,4.9209285646445145e-08,3.8516153628968045e-08,6.1929583253620453e-08
3.3125,5.8763185620044705e-08,5.4520278188906741e-08,5.2016866318497853e-08,5.0534244131936492e-08,4.6666605162803061e-08,3.6115437993051077e-08,5.903473616563605e-08
3.315,5.6555164850588347e-08,5.2001715551102423e-08,4.9315344928956947e-08,4.7789038324164456e-08,4.3955375435183343e-08,3.3532891464576708e-08,5.5956053804777692e-08
3.3175,5.4250728146556486e-08,4.9374596273710207e-08,4.6494018162332407e-08,4.4911717644645354e-08,4.1099492228259737e-08,3.0791991647362482e-08,5.2723068875937077e-08
3.32,5.1869765050496758e-08,4.6661911724855035e-08,4.357752106755697e-08,4.1927743244531673e-08,3.8124246315846076e-08,2.7916081647428345e-08,4.9364870014787346e-08
3.3225,4.9432376917873002e-08,4.3886060264547487e-08,4.0589085481199772e-08,3.8861327015716096e-08,3.5055556976141386e-08,2.4931280689583637e-08,4.5911575466186501e-08
3.325,4.6958304173445898e-08,4.1068443994648542e-08,3.7551430153783075e-08,3.573728309837332e-08,3.1920822313773768e-08,2.1866798323081482e-08,4.2397074059532205e-08
3.3275,4.4465815717561943e-08,3.822906664461109e-08,3.4487036569756382e-08,3.2579787200353633e-08,2.8745228485316583e-08,1.8748869739974805e-08,3.8853408628953087e-08
3.33,4.1972130188801363e-08,3.5387633963011972e-08,3.1418264512065194e-08,2.9412660386959634e-08,2.5553074769506107e-08,1.5603061971154942e-08,3.531139290421007e-08
3.3325,3.9493868602006572e-08,3.2563641874218279e-08,2.8367030681518803e-08,2.6259672870782106e-08,2.2370017346426222e-08,1.2456586725356397e-08,3.1801852349843707e-08
3.335,3.7046886931277809e-08,2.9775531708262071e-08,2.5353238898247833e-08,2.3142446239447925e-08,1.9219009746879799e-08,9.3324524522658362e-09,2.8350904609865664e-08
3.3375,3.464645309930562e-08,2.7040663849018252e-08,2.239604525959185e-08,2.0082846539916204e-08,1.6122780474058947e-08,6.2527273933656531e-09,2.4985426869722173e-08
3.34,3.2306822877726604e-08,2.4375201483354672e-08,1.9513622188488906e-08,1.710077407028014e-08,1.3102746074622784e-08,3.2393958445448842e-09,2.1729681903602173e-08
3.3425,3.0041650206598879e-08,2.1794876552775244e-08,1.672365216127459e-08,1.421450524695812e-08,1.0178050200703234e-08,3.1284464556006356e-10,1.8606035547384533e-08
3.345,2.7863975564661808e-08,1.9314796931391492e-08,1.4042352233553305e-08,1.1440012075534435e-08,7.364944218544657e-09,-2.5098352702986535e-09,1.5633073715309856e-08
3.3475,2.578603955651258e-08,1.6949014035662615e-08,1.1484394676483145e-08,8.7918971237570182e-09,4.6782624349476958e-09,-5.2123481573177277e-09,1.2829770439679946e-08
3.35,2.3819497166852368e-08,1.4711029809685264e-08,9.0649096822711833e-09,6.2862793945293473e-09,2.1346863733180898e-09,-7.7765678977954548e-09,1.0214586324369205e-08
3.3525,2.1975066969946128e-08,1.2613749317207396e-08,6.7988583990177567e-09,3.9385887033026817e-09,-2.5044938801074154e-10,-1.0186964978547312e-08,7.8033295458385987e-09
3.355,2.0262690213163142e-08,1.0669233875298767e-08,4.6999792629232246e-09,1.7638813631938661e-09,-2.4616886466822365e-09,-1.2429957785527967e-08,5.6102489740149022e-09
3.3575,1.8691945108763893e-08,8.8885171207969031e-09,2.7799914319015302e-09,-2.2521195014124118e-10,-4.4861262053003204e-09,-1.4493391807755128e-08,3.6479504330653685e-09
3.36,1.7271710271173506e-08,7.2811190840887945e-09,1.0482710023339609e-09,-2.0189206258916838e-09,-6.3145950960302864e-09,-1.6369764049790213e-08,1.9223165149904538e-09
3.3625,1.601028228610834e-08,5.8554516432178148e-09,-4.8684879442826924e-10,-3.6086390870295427e-09,-7.9385924991255658e-09,-1.8051324589666888e-08,4.3959113086309762e-10
3.365,1.4914295920998606e-08,4.6180570685412331e-09,-1.8186632213749593e-09,-4.9882563097455578e-09,-9.3517532446116114e-09,-1.9531497969764641e-08,-7.9474751175547603e-10
3.3675,1.3988661854487555e-08,3.5740221819123227e-09,-2.9417558067893131e-09,-6.1530054869581566e-09,-1.0549221614139366e-08,-2.0804942731952624e-08,-1.7765017248551594e-09
3.37,1.3236680312367427e-08,2.7270020790568829e-09,-3.8525233797071934e-09,-7.099645895363969e-09,-1.1528061244428121e-08,-2.1868644894052935e-08,-2.5054409764124484e-09
3.3725,1.2659801735493233e-08,2.0786146723152769e-09,-4.5492551397348989e-09,-7.8258443747234947e-09,-1.2286862763242215e-08,-2.2722562976262491e-08,-2.9840433872309132e-09
3.375,1.2257126699416415e-08,1.6276727377819142e-09,-5.0334921434189717e-09,-8.3333345884487305e-09,-1.282786441334515e-08,-2.3370079502423494e-08,-3.2179555729065132e-09
3.3775,1.2024094507140681e-08,1.36880183794209e-09,-5.3115431085948001e-09,-8.6295919399309421e-09,-1.315796524358366e-08,-2.3818363264109894e-08,-3.2183480704971637e-09
3.38,1.1952057990236601e-08,1.291999450673583e-09,-5.3946962720980404e-09,-8.7276970920738444e-09,-1.3291399433013683e-08,-2.4081314595404668e-08,-3.0032647246297234e-09
3.3825,1.2028492183467459e-08,1.3827285945024214e-09,-5.2992635140158621e-09,-8.6452790623467818e-09,-1.3248089213410893e-08,-2.4180182567354934e-08,-2.5977450003858592e-09
3.385,1.2238311832383628e-08,1.62370937268287e-09,-5.0441253597801979e-09,-8.4018680796092872e-09,-1.3047721162225465e-08,-2.4134440593117666e-08,-2.0245258807930045e-09
3.3875,1.2565214240504137e-08,1.9967573284059331e-09,-4.6483341758163676e-09,-8.017509722471513e-09,-1.2711264782056407e-08,-2.3966110701735211e-08,-1.3103844422894714e-09
3.39,1.2992704209585712e-08,2.4838625632777569e-09,-4.1306256679635535e-09,-7.5113764935617004e-09,-1.2259300442754852e-08,-2.3697549129782206e-08,-4.8134425822431358e-10
3.3925,1.3504616889616499e-08,3.0673948377884546e-09,-3.510554299183996e-09,-6.9059666306120536e-09,-1.1716264638986909e-08,-2.3354431729285237e-08,4.3203819091984396e-10
3.395,1.408636950089475e-08,3.7310944716558696e-09,-2.8066417363399111e-09,-6.2211716395776807e-09,-1.1103405186721665e-08,-2.295950127934447e-08,1.4020690422777954e-09
3.3975,1.4725936851384088e-08,4.46118237024268e-09,-2.0343796293578051e-09,-5.4736419320043705e-09,-1.0437993826857238e-08,-2.2530822023857687e-08,2.4047737671927477e-09
3.4,1.5414051172831046e-08,5.2468422878550679e-09,-1.2054108548491364e-09,-4.6749878194728804e-09,-9.7324143966017953e-09,-2.2081159455766173e-08,3.42154986448343e-09
3.4025,1.6144302469479068e-08,6.0805405406797804e-09,-3.2775356129880877e-10,-3.8329912308587296e-09,-8.9936601629970433e-09,-2.1616707926380426e-08,4.4401148993823614e-09
3.405,1.6912655652743514e-08,6.9576741793053478e-09,5.9322213507617366e-10,-2.9538470097139992e-09,-8.2276510286956454e-09,-2.1141608522970059e-08,5.4505573115265648e-09
3.4075,1.7716928691410743e-08,7.8757820505717751e-09,1.5543483887188604e-09,-2.0419729325057536e-09,-7.4385287260550709e-09,-2.0658586320081383e-08,6.4440436084315284e-09
3.41,1.8555391023291168e-08,8.8325772306138367e-09,2.5523864067167167e-09,-1.1013028701541373e-09,-6.6312688709700315e-09,-2.0172911446628019e-08,7.4104338438675079e-09
3.4125,1.9425621958656563e-08,9.8245439136278573e-09,3.583045113351507e-09,-1.365986622461113e-10,-5.8115363627986575e-09,-1.9690035438819541e-08,8.3395326861280443e-09
3.415,2.0323401861782337e-08,1.084609971009552e-08,4.6399349620973945e-09,8.4531872031460059e-10,-4.9854489366454813e-09,-1.9214319358154811e-08,9.2224885719391799e-09
3.4175,2.1242744934386739e-08,1.1890209541022227e-08,5.7155944884576172e-09,1.8378007702009663e-09,-4.158732487020461e-09,-1.8750417110304617e-08,1.0050000678769057e-08
3.42,2.217679296316546e-08,1.294946717493399e-08,6.8025238959595761e-09,2.8337016005785052e-09,-3.3373225847460771e-09,-1.8302482299026518e-08,1.0814452113044648e-08
3.4225,2.311829733959024e-08,1.4016341621332733e-08,7.8928543586836716e-09,3.8246004942714421e-09,-2.5301501139350635e-09,-1.7877496046473298e-08,1.1505384572895844e-08
3.425,2.4060088457022741e-08,1.5083237472152394e-08,8.9784534496856888e-09,4.8014946966808087e-09,-1.7465367316576829e-09,-1.7481865914612092e-08,1.2112654806820673e-08
3.4275,2.4995364030154555e-08,1.6142517627248771e-08,1.0051402789750228e-08,5.7568409653309759e-09,-9.9254984401409985e-10,-1.7116961388994638e-08,1.2631658218775937e-08
3.43,2.5917127451028667e-08,1.7186072093059022e-08,1.1103812860420479e-08,6.6851370522829166e-09,-2.7146182587976777e-10,-1.6782908818807271e-08,1.3059391517848563e-08
3.4325,2.6818951098354737e-08,1.8206568951935867e-08,1.2128786830119124e-08,7.5816794320753577e-09,4.147457516095627e-10,-1.6479131678107512e-08,1.3394297303657575e-08
3.435,2.7695143821626274e-08,1.9197694604501583e-08,1.3119900712598532e-08,8.4409966295419431e-09,1.0623884141166689e-09,-1.6207234006530666e-08,1.3632056287596932e-08
3.4375,2.8541001578490116e-08,2.015445416394491e-08,1.4072173166166042e-08,9.2582234156143337e-09,1.6676849612388369e-09,-1.596820216200002e-08,1.3769634585427688e-08
3.44,2.9352656310058582e-08,2.1072808508957016e-08,1.4981411183219237e-08,1.0029521362660196e-08,2.228714393662782e-09,-1.5759448129254815e-08,1.3808106963469833e-08
3.4425,3.0127160864469405e-08,2.1949584545180287e-08,1.5844074856846585e-08,1.075199611322771e-08,2.7441845452684571e-09,-1.5579248221852447e-08,1.3747177749360719e-08
3.445,3.0861573418230996e-08,2.2781519622754532e-08,1.6657039736751942e-08,1.142371313279022e-08,3.213523051264229e-09,-1.5425048148316776e-08,1.3587278153668099e-08
3.4475,3.1553256172971679e-08,2.3566009767875237e-08,1.7418947961956324e-08,1.2044428700999915e-08,3.6374019900250659e-09,-1.5294132815467444e-08,1.3330439336067851e-08
3.45,3.2200145653142573e-08,2.4301511154148e-08,1.8129709248988148e-08,1.2615085245042011e-08,4.0171495232548282e-09,-1.5182758840134423e-08,1.2981102276466106e-08
3.4525,3.2801311875815465e-08,2.4987557538608213e-08,1.8789550673380695e-08,1.3136973601056156e-08,4.3559911210188429e-09,-1.5085045805885063e-08,1.2546423341180541e-08
3.455,3.3356608617446023e-08,2.5624059989414213e-08,1.939872632997698e-08,1.3613123383614916e-08,4.6596856544223953e-09,-1.4993337735749503e-08,1.2034831201870213e-08
3.4575,3.3866470241158788e-08,2.6211296118691674e-08,1.995802418132838e-08,1.404534130301222e-08,4.9318109137862272e-09,-1.4902915915198017e-08,1.1453535226276519e-08
3.46,3.4331672084478057e-08,2.6750030968328599e-08,2.0468858544521626e-08,1.443659515975774e-08,5.176861051402336e-09,-1.4807347451269911e-08,1.0812466687728411e-08
3.4625,3.4753011845778518e-08,2.7241341920686596e-08,2.0933512851681045e-08,1.4791048262235832e-08,5.4015955713444464e-09,-1.4695361354763001e-08,1.0126347842839948e-08
3.465,3.5130889621537166e-08,2.7686034915844939e-08,2.1353943706216313e-08,1.5112131139810155e-08,5.6112808483567966e-09,-1.4559090021702179e-08,9.4066837517003065e-09
3.4675,3.546527923346163e-08,2.8084634501335427e-08,2.1731083822313473e-08,1.5401414490521746e-08,5.8089321070051237e-09,-1.4394063163335061e-08,8.6630544057567737e-09
3.47,3.575598899078843e-08,2.8437534216499206e-08,2.2065630643953379e-08,1.5659395921992145e-08,5.9948875789999446e-09,-1.4198829106879083e-08,7.9022465643347011e-09
3.4725,3.6003319124262566e-08,2.8745498599344185e-08,2.2358911252317513e-08,1.588794420846014e-08,6.1720553357668728e-09,-1.3968836984946903e-08,7.1339282242652074e-09
3.475,3.6208364728123596e-08,2.9009740931476007e-08,2.2612752594703185e-08,1.609054840187053e-08,6.3456572019795186e-09,-1.3698687280772247e-08,6.3678622462348933e-09
3.4775,3.6372991772205704e-08,2.9232151111300359e-08,2.283029633406884e-08,1.6273051663328586e-08,6.5222735047116505e-09,-1.3382480399268059e-08,5.6156942450736677e-09
3.48,3.6499480815501374e-08,2.9415090957780839e-08,2.3015071579694497e-08,1.6440172393614456e-08,6.7068864849263707e-09,-1.3015889470489609e-08,4.8878501132256095e-09
3.4825,3.6589818078795578e-08,2.956066758610532e-08,2.316956471888006e-08,1.6593225837549312e-08,6.9007119140083327e-09,-1.2598282922601371e-08,4.1903347286254179e-09
3.485,3.664506116855884e-08,2.9670060657958285e-08,2.3294776216253906e-08,1.6732095883137549e-08,7.1033706452811867e-09,-1.2130267389824004e-08,3.5270678102529575e-09
3.4875,3.6664698004178805e-08,2.9742443144635906e-08,2.3389627935049153e-08,1.6857692132596191e-08,7.3163271869241829e-09,-1.1610949255835261e-08,2.9043479391904517e-09
3.49,3.6646898471270098e-08,2.9775394113582731e-08,2.3451537777512247e-08,1.6968653744161835e-08,7.5386810412182807e-09,-1.1043262788075754e-08,2.3261254652667944e-09
3.4925,3.6589012902584466e-08,2.9765835406213331e-08,2.3477354005959455e-08,1.7061444204701009e-08,7.7670804299822318e-09,-1.0431037895650188e-08,1.7934760241760221e-09
3.495,3.6488335031172367e-08,2.9710818115946411e-08,2.346375382845972e-08,1.713053581685459e-08,7.9940970755680111e-09,-9.7848950673563189e-09,1.3009776294074278e-09
3.4975,3.6342625477254884e-08,2.9607746274349175e-08,2.3407453068283387e-08,1.7170207105281653e-08,8.2109474668917896e-09,-9.1175130373238182e-09,8.4238092233330001e-10
3.5,3.6150457156386343e-08,2.9454383614203257e-08,2.3304874094882343e-08,1.7175183597552292e-08,8.4095402039349871e-09,-8.4414293895090508e-09,4.1112619378700344e-10
3.5025,3.5911283322634284e-08,2.9249019317796484e-08,2.3152727194930254e-08,1.7141602483806453e-08,8.5848980668729544e-09,-7.7655347173304203e-09,3.527637591632751e-12
3.505,3.5625402561022041e-08,2.8990875846947219e-08,2.2949014351986801e-08,1.7066770877745372e-08,8.7335698036641909e-09,-7.0975245199751585e-09,-3.8408613011053365e-10
3.5075,3.529305428646432e-08,2.8679394549420541e-08,2.2692424561903398e-08,1.6947541149339088e-08,8.8499483758281281e-09,-6.4471986166541056e-09,-7.565836058405215e-10
3.51,3.491386924728201e-08,2.8313641651032716e-08,2.2380729706225393e-08,1.6778856693751841e-08,8.9255443456568546e-09,-5.8274086934074229e-09,-1.1217322471928699e-09
3.5125,3.4486815422052841e-08,2.7892158044773096e-08,2.2010957307102565e-08,1.6554955500205712e-08,8.9514795583061292e-09,-5.2511651374842783e-09,-1.4872522556089964e-09
3.515,3.4010517901064908e-08,2.7413141371155587e-08,2.1580398005839293e-08,1.6271178006950902e-08,8.9199317269196992e-09,-4.7319647213240173e-09,-1.8622267891269556e-09
3.5175,3.3483682258013742e-08,2.6874790294731377e-08,2.1086794510462827e-08,1.5924297084490113e-08,8.825099676145198e-09,-4.281689143299871e-09,-2.2532240872431088e-09
3.52,3.2904916062784744e-08,2.6275313500858552e-08,2.0528235191392927e-08,1.5511475698024607e-08,8.6616789806797065e-09,-3.9113535024043556e-09,-2.6665415586842039e-09
3.5225,3.2272864317364482e-08,2.5612868584506388e-08,1.9902303465072045e-08,1.5028956813637986e-08,8.4229990053105823e-09,-3.6331779150230084e-09,-3.1104393684551833e-09
3.525,3.1585588850464844e-08,2.4884716308553472e-08,1.9205077806709163e-08,1.44710732597092e-08,8.1015010134888592e-09,-3.4590162103580978e-09,-3.5936457140519095e-09
3.5275,3.0840452009056101e-08,2.4087284489114696e-08,1.8431518848669303e-08,1.3830328769226182e-08,7.6867257659233549e-09,-3.4031889395689321e-09,-4.1277173091494248e-09
3.53,3.0034740778545139e-08,2.321710650567586e-08,1.7576772172670617e-08,1.3099758539854716e-08,7.1696698852904735e-09,-3.4781802553673651e-09,-4.7232003004152791e-09
3.5325,2.9166076009838479e-08,2.227125577647367e-08,1.6637023269016658e-08,1.2274548275481004e-08,6.544227495509432e-09,-3.6938462197372082e-09,-5.3886768395506838e-09
3.535,2.8233815036368521e-08,2.1248662219013486e-08,1.5610021041489426e-08,1.1351380744931654e-08,5.8053599653129159e-09,-4.0598983321786926e-09,-6.1328167455669767e-09
3.5375,2.7239328831830561e-08,2.0150279203460114e-08,1.4495584888425207e-08,1.03289697555169e-08,4.9499807881877634e-09,-4.5835943396479956e-09,-6.9616405827224148e-09
3.54,2.6186039232907058e-08,1.897947772482448e-08,1.3296585627930324e-08,9.2084603168388015e-09,3.9771417473179077e-09,-5.2682481822436063e-09,-7.8779721695831301e-09
3.5425,2.5079503486227915e-08,1.7742231341731977e-08,1.2019222494252967e-08,7.9953898882212988e-09,2.8912172050236108e-09,-6.1098460060768728e-09,-8.8782806266440222e-09
3.545,2.3926094552819318e-08,1.6445319328659893e-08,1.0670397205955143e-08,6.6962857396046444e-09,1.6977427796117917e-09,-7.104851207789585e-09,-9.9614955780892311e-09
3.5475,2.2732943693028481e-08,1.5096674754989055e-08,9.2586594205246003e-09,5.318971014540851e-09,4.0426508557874458e-10,-8.2463711595830329e-09,-1.1122207302609297e-08
3.55,2.1508033727682591e-08,1.3705583827799989e-08,7.7932318134653243e-09,3.8716013246283384e-09,-9.8178624188600403e-10,-9.5278062645868698e-09,-1.2355755377475961e-08
3.5525,2.0261154555685683e-08,1.2283100504744149e-08,6.2846068614717453e-09,2.3634954368714031e-09,-2.4535459607958618e-09,-1.0944072403178966e-08,-1.3658915425053275e-08
3.555,1.9002290735244156e-08,1.0839889880299237e-08,4.7430801668967156e-09,8.0469145556863581e-10,-4.0007865513389005e-09,-1.2485138713585224e-08,-1.5026484600119264e-08
3.5575,1.7742469043318428e-08,9.3877041911547057e-09,3.181115195675915e-09,-7.9143786509550525e-10,-5.6100405405214176e-09,-1.4138028053318358e-08,-1.6447730502260597e-08
3.56,1.649160569434249e-08,7.9375267351923704e-09,1.6114639333198146e-09,-2.4108185695103386e-09,-7.2666013399688396e-09,-1.5888759117226091e-08,-1.7912798503805712e-08
3.5625,1.5258536436927866e-08,6.4996012826676733e-09,4.6056549126097208e-11,-4.0403033625254253e-09,-8.9558933204887476e-09,-1.7720579662634247e-08,-1.9409538930068522e-08
3.565,1.405100414086114e-08,5.0830516228842029e-09,-1.5051294252930477e-09,-5.6693688003772914e-09,-1.0666248920497591e-08,-1.9619362337169559e-08,-2.0929751573356549e-08
3.5675,1.2874981879347006e-08,3.6945241910592627e-09,-3.0355042589257464e-09,-7.2913246367034661e-09,-1.2390913186229998e-08,-2.1575683918415702e-08,-2.2469037900579011e-08
3.57,1.1734454363790369e-08,2.3382579099502535e-09,-4.5408098782269516e-09,-8.9021538728940245e-09,-1.4126306344474241e-08,-2.3584538452290372e-08,-2.4027732273030978e-08
3.5725,1.0631454059224946e-08,1.0165601952812197e-09,-6.0187187522236746e-09,-1.049953688379277e-08,-1.5868779652344787e-08,-2.5640510267143055e-08,-2.5604956362283148e-08
3.575,9.5669568566845351e-09,-2.6918050369795255e-10,-7.4678554701798656e-09,-1.2081902853393839e-08,-1.7615839213342475e-08,-2.7739250658380586e-08,-2.7201403587697061e-08
3.5775,8.5412969109730807e-09,-1.5183496615294143e-09,-8.8872741721713928e-09,-1.3647047396784124e-08,-1.9363256813018326e-08,-2.9873233025004655e-08,-2.8814438128014412e-08
3.58,7.5545057524150606e-09,-2.7305356328098615e-09,-1.0275385952416576e-08,-1.5192134928530637e-08,-2.1107659929690935e-08,-3.203647060453265e-08,-3.0443231555963867e-08
3.5825,6.6065460936980105e-09,-3.9052347653970841e-09,-1.1630634441243807e-08,-1.67132148580098e-08,-2.2841875872419958e-08,-3.4217810062655419e-08,-3.2081960307354457e-08
3.585,5.6977763133730346e-09,-5.0409500915679318e-09,-1.2950005375096929e-08,-1.8206023371950913e-08,-2.4559473817227119e-08,-3.6406053685993259e-08,-3.3724482021881197e-08
3.5875,4.8299440670788912e-09,-6.1342205130027297e-09,-1.4228699300103195e-08,-1.9664913775796444e-08,-2.6253543611216534e-08,-3.8590579477086992e-08,-3.5364854421076793e-08
3.59,4.0066153806089481e-09,-7.17979769933435e-09,-1.5460569903215346e-08,-2.1082513620129528e-08,-2.7914457630521087e-08,-4.0757749122034276e-08,-3.699385367198305e-08
3.5925,3.232877164590334e-09,-8.1711613331534082e-09,-1.6637819207882021e-08,-2.2448687609890398e-08,-2.9530076599823127e-08,-4.2891916563724644e-08,-3.8599993982301478e-08
3.595,2.5148348318585949e-09,-9.1010305049820771e-09,-1.7751572091068785e-08,-2.375193704869727e-08,-3.1085468606372345e-08,-4.4972521969441647e-08,-4.0166814495416308e-08
3.5975,1.8587436205999931e-09,-9.9618399410431423e-09,-1.8792291966589233e-08,-2.4980447579742909e-08,-3.2565363054740451e-08,-4.6979320433935491e-08,-4.1677604094278199e-08
3.6,1.2711200138017489e-09,-1.0745394524973767e-08,-1.9749622271913577e-08,-2.6121598659414863e-08,-3.3953472736056058e-08,-4.8889592814529843e-08,-4.3112329643544801e-08
3.6025,7.5875553138998408e-10,-1.1442998759698543e-08,-2.0612837079935146e-08,-2.716246222071878e-08,-3.5235064970463414e-08,-5.0684349141577158e-08,-4.4454562735420563e-08
3.605,3.2875826892499314e-10,-1.2045338774548579e-08,-2.1370241357426479e-08,-2.8089032697358676e-08,-3.6394065560203476e-08,-5.2343731071488587e-08,-4.5686894201085374e-08
3.6075,-1.1746376224110021e-11,-1.2542953453165769e-08,-2.2010050768847934e-08,-2.8887325023179474e-08,-3.741429653642694e-08,-5.3847797099817716e-08,-4.6791873158125754e-08
3.61,-2.558904602385254e-10,-1.2926694864642333e-08,-2.2520962320464892e-08,-2.9543578715498347e-08,-3.8278668764820685e-08,-5.5174129184201006e-08,-4.7749285825493013e-08
3.6125,-3.9733186930259469e-10,-1.3188199402972862e-08,-2.2892813442666372e-08,-3.0045935671255974e-08,-3.8972939329269802e-08,-5.6303936759530545e-08,-4.8542018439901298e-08
3.615,-4.2998966321246863e-10,-1.3319487868873334e-08,-2.3115572729257882e-08,-3.0382406048019506e-08,-3.9481682038217525e-08,-5.7215279353736873e-08,-4.9149331245944469e-08
3.6175,-3.4764861494092635e-10,-1.3312522833080339e-08,-2.3179131088516304e-08,-3.0540626505402618e-08,-3.9789555367201e-08,-5.7887493414350455e-08,-4.9551511549763868e-08
3.62,-1.4391542183968641e-10,-1.3159483751730381e-08,-2.3074045930688826e-08,-3.0508665140810877e-08,-3.9882171480679324e-08,-5.8302058909327622e-08,-4.973054958521361e-08
3.6225,1.8708151354375553e-10,-1.285372628682845e-08,-2.2792521672693844e-08,-3.0276455446609274e-08,-3.9747573501716553e-08,-5.8444276581692623e-08,-4.9671828481930534e-08
3.625,6.501402292448242e-10,-1.2389898629569339e-08,-2.2327731485551582e-08,-2.9834313955278131e-08,-3.9373389112576813e-08,-5.8299409662454905e-08,-4.9360682040939484e-08
3.6275,1.2490621556991562e-09,-1.1763249078020657e-08,-2.1673213877571254e-08,-2.9174156596888825e-08,-3.8750441343873577e-08,-5.7857039707214445e-08,-4.8785896363704239e-08
3.63,1.9870153236885417e-09,-1.0969374016817438e-08,-2.0823447514709726e-08,-2.8290078510983798e-08,-3.7871425979341997e-08,-5.7106451909822378e-08,-4.7937141775422641e-08
3.6325,2.8665605465689274e-09,-1.0004766317612029e-08,-1.9774645020559514e-08,-2.7178552716049523e-08,-3.6731987757250942e-08,-5.6040686292336439e-08,-4.6807426246354312e-08
3.635,3.889120365799744e-09,-8.8676063965240273e-09,-1.8525163820267137e-08,-2.5837913258232339e-08,-3.5329614158196885e-08,-5.4655426239998559e-08,-4.5391902404761605e-08
3.6375,5.0539424857607243e-09,-7.5590811760469367e-09,-1.707634993842083e-08,-2.4268766660271422e-08,-3.3664282455440173e-08,-5.2949412063932524e-08,-4.368897636604337e-08
3.64,6.3573551519246973e-09,-6.0838088437746002e-09,-1.543264359014029e-08,-2.2474502774715419e-08,-3.1737935670749375e-08,-5.0923068103321609e-08,-4.1697937965840743e-08
3.6425,7.7927190957896809e-09,-4.4492942651040758e-09,-1.3600873160995856e-08,-2.0461027116019405e-08,-2.9557039949171813e-08,-4.8583457296329291e-08,-3.9423851465038722e-08
3.645,9.3510572635119851e-09,-2.6647735258366605e-09,-1.1589653816647985e-08,-1.8236909526872824e-08,-2.7131732417525186e-08,-4.5942821204056923e-08,-3.6876985556533461e-08
3.6475,1.1023030857933029e-08,-7.3932638451813265e-10,-9.4081815930067609e-09,-1.5812390772156768e-08,-2.4473725787544691e-08,-4.3015524409223203e-08,-3.4070037347858255e-08
3.65,1.2799126490541466e-08,1.3175388513269499e-09,-7.0671433125138537e-09,-1.3200128740986643e-08,-2.1596542265238439e-08,-3.9816373520795462e-08,-3.1016178874848968e-08
3.6525,1.4670605316729138e-08,3.4963286580410327e-09,-4.5774552464223576e-09,-1.0413005851692506e-08,-1.8514419447985106e-08,-3.6361238004082084e-08,-2.7729596363718046e-08
3.655,1.6628095208773361e-08,5.785983447752079e-09,-1.9514435537161092e-09,-7.4642475767432805e-09,-1.524189837342981e-08,-3.2666296464109559e-08,-2.4224611654433794e-08
3.6575,1.8662367459547759e-08,8.175153519374401e-09,7.9825060187532349e-10,-4.3667695677026185e-09,-1.1793296413376093e-08,-2.8748886673012164e-08,-2.0516109224609948e-08
3.66,2.0764506793275415e-08,1.0652825619136259e-08,3.6589323591774558e-09,-1.1337342472187269e-09,-8.1837018660376597e-09,-2.4629005036241592e-08,-1.6622036886584035e-08
3.6625,2.2926809133316626e-08,1.3209498726864331e-08,6.6195704589451744e-09,2.2224533887329784e-09,-4.4273909550546892e-09,-2.0324357149971735e-08,-1.2557301290762801e-08
3.665,2.5142540226231483e-08,1.5836708549856544e-08,9.669920294913583e-09,5.6892823574286067e-09,-5.3739448693082273e-10,-1.5849332341332564e-08,-8.3339102235547305e-09
3.6675,2.7405809370093777e-08,1.852714901403817e-08,1.2801098169630863e-08,9.2562936695765399e-09,3.4741254425222902e-09,-1.1218047745166502e-08,-3.963740418040106e-09
3.67,2.9711225643850756e-08,2.1274014938357148e-08,1.6004183792617414e-08,1.2911723271077553e-08,7.5930102286886689e-09,-6.4470380629387967e-09,5.3851668188076305e-10
3.6725,3.2053675085111005e-08,2.4070535661797468e-08,1.9269853233343008e-08,1.6643121259484938e-08,1.1802351254190349e-08,-1.5588880943552632e-09,5.1520133640147645e-09
3.675,3.4428337291238442e-08,2.6909890956625761e-08,2.2588477474453538e-08,2.043746813719473e-08,1.6085657919280499e-08,3.4241885889612337e-09,9.8563020294391506e-09
3.6775,3.6830354204548537e-08,2.9785076649195746e-08,2.5950486858296004e-08,2.4282728628415811e-08,2.0428731093193318e-08,8.4837776770412368e-09,1.4634843265267028e-08
3.68,3.9254732839048646e-08,3.2689071254291839e-08,2.9346730107688392e-08,2.8167283505360815e-08,2.4816968040342194e-08,1.3601473682432978e-08,1.9471159832905269e-08
3.6825,4.1695666666710007e-08,3.5614289917471248e-08,3.2767871839282008e-08,3.2079413169895104e-08,2.9235938578972342e-08,1.8758729467685525e-08,2.4348216370464587e-08
3.685,4.4148147688891661e-08,3.8554326534861562e-08,3.6205724349548545e-08,3.6008608201831609e-08,3.3672664820085592e-08,2.3938452285742605e-08,2.9249984442532921e-08
3.6875,4.6606901501466983e-08,4.1502460316565664e-08,3.9651762088827856e-08,3.9944642135451543e-08,3.8114294967954114e-08,2.9123274129553057e-08,3.4159964232222326e-08
3.69,4.9066854019763064e-08,4.445197819917038e-08,4.3097674478360469e-08,4.3877837292566519e-08,4.2549197073732907e-08,3.4298626416820428e-08,3.9064869898039551e-08
3.6925,5.1523000366491871e-08,4.739623211103169e-08,4.6535244625965419e-08,4.7798050580691793e-08,4.6964695868867163e-08,3.9447941778209914e-08,4.3949196349524567e-08
3.695,5.3971910893586189e-08,5.0330618041141952e-08,4.9958274073355791e-08,5.1696879297709377e-08,5.135004187107827e-08,4.4557043445515816e-08,4.8799973961847345e-08
3.6975,5.6411136799922925e-08,5.325172673085519e-08,5.3361443804375702e-08,5.5566096742778432e-08,5.5694239986907563e-08,4.9610952673347536e-08,5.3603345458813052e-08
3.7,5.883946472290734e-08,5.6157544308634665e-08,5.6740876216616975e-08,5.9399047620669023e-08,5.9988172643388872e-08,5.4595676286739761e-08,5.8345571466682249e-08
3.7025,6.125627101220501e-08,5.9046375227433986e-08,6.0092856509080832e-08,6.3189970035042e-08,6.4223978765017268e-08,5.9499615538510305e-08,6.3015703706941316e-08
3.705,6.3659727089436374e-08,6.1914592363273913e-08,6.3411428082403668e-08,6.6930935748970813e-08,6.8392019001642699e-08,6.4309987334575424e-08,6.7601158746751024e-08
3.7075,6.6047026040857704e-08,6.4757417512667981e-08,6.6689567980686317e-08,7.0612214603245886e-08,7.247964547139204e-08,6.9011419512810124e-08,7.208638020378447e-08
3.71,6.841360462627022e-08,6.7568449849249077e-08,6.9919178466373445e-08,7.4223100109884533e-08,7.6472837661523352e-08,7.3586934420386642e-08,7.6453911214197902e-08
3.7125,7.0754908153663328e-08,7.0342100403606462e-08,7.3094229043634879e-08,7.7756203327980177e-08,8.0361342889715742e-08,7.8021747633088668e-08,8.0688700554245751e-08
3.715,7.3066514028395098e-08,7.3073408854800246e-08,7.620925577968188e-08,8.1205992064727019e-08,8.4138164006068589e-08,8.2305157634922261e-08,8.4779949799520139e-08
3.7175,7.5344353525925496e-08,7.575792078716586e-08,7.9259006785589803e-08,8.456745513698168e-08,8.7798150829750555e-08,8.6426930673799153e-08,8.8716762322553094e-08
3.72,7.7584678593691176e-08,7.8390982655657994e-08,8.2237297027007555e-08,8.7832570354061087e-08,9.1333746044249816e-08,9.0378169031716415e-08,9.2489875387651073e-08
3.7225,7.9783332479162072e-08,8.0966881870929512e-08,8.5136575424811068e-08,9.099204717081278e-08,9.4734978817837608e-08,9.4147942612982674e-08,9.6088061558558979e-08
3.725,8.1935677899951006e-08,8.3479465436687037e-08,8.7949414158165835e-08,9.4037841043268736e-08,9.7993208552491384e-08,9.7728877774483561e-08,9.9503800894322192e-08
3.7275,8.403616817138003e-08,8.5922028817456293e-08,9.0668570021269174e-08,9.6962087280738062e-08,1.0109916987519155e-07,1.0111221459337209e-07,1.0272838097153043e-07
3.73,8.6078178454719813e-08,8.8287014918068597e-08,9.3285679371471308e-08,9.975540101065457e-08,1.040425241262456e-07,1.0428689926652436e-07,1.0575090654417151e-07
3.7325,8.8055150721418284e-08,9.056721701372683e-08,9.5792794994427622e-08,1.0240894148701828e-07,1.0681429374416085e-07,1.0724291812080656e-07,1.0856130270846291e-07
3.735,8.9960284085848633e-08,9.2755192029446459e-08,9.818208178557515e-08,1.0491561785203861e-07,1.0940851329422999e-07,1.0997470973664929e-07,1.1115375154652981e-07
3.7375,9.1787294746136084e-08,9.4844024525914783e-08,1.0044594748991796e-07,1.0726766580750497e-07,1.1181731787063422e-07,1.124751446889731e-07,1.1352140170711385e-07
3.74,9.3530203126724996e-08,9.6826983994699763e-08,1.0257759672779868e-07,1.0945907500128746e-07,1.1403615054258579e-07,1.1474181407620403e-07,1.1566186283989011e-07
3.7425,9.5183347458625553e-08,9.8697640275509105e-08,1.0457075761880835e-07,1.1148362311625839e-07,1.1605871882586263e-07,1.1676964469106393e-07,1.175697864199397e-07
3.745,9.6740814209525927e-08,1.0044928604186789e-07,1.0641865066169785e-07,1.133347162064627e-07,1.1787863585789902e-07,1.1855284386318997e-07,1.1923887727880182e-07
3.7475,9.8195998899729601e-08,1.0207438231603398e-07,1.081134552798752e-07,1.1500542014042347e-07,1.1949011588152007e-07,1.2008727905158051e-07,1.2066446590463505e-07
3.75,9.9541310218270018e-08,1.0356451768607205e-07,1.0964650946463124e-07,1.1648851301320438e-07,1.2088759670883993e-07,1.2136815944988495e-07,1.2184115496376104e-07
3.7525,1.0076835209433668e-07,1.04910666418593e-07,1.1100924149609078e-07,1.1777765599294618e-07,1.2206736589309537e-07,1.2239435709111896e-07,1.2276726056685128e-07
3.755,1.0186843615812827e-07,1.0610370896978138e-07,1.1219307621247078e-07,1.1886507707766694e-07,1.2302379942258671e-07,1.2316293046556069e-07,1.2343906695789683e-07
3.7575,1.0283330246253239e-07,1.0713514584219507e-07,1.1318988818850439e-07,1.1974307837718566e-07,1.2375025254173805e-07,1.2367007463727964e-07,1.2385217012414763e-07
3.76,1.0365526196627567e-07,1.0799689485192096e-07,1.1399162284999988e-07,1.2040366370126675e-07,1.2423936361446536e-07,1.2391168586863883e-07,1.2400215625228509e-07
3.7625,1.0432761616453298e-07,1.0868159921532346e-07,1.145906460840274e-07,1.2083943117133361e-07,1.2448346464835505e-07,1.238827120547978e-07,1.2388446956339841e-07
3.765,1.0484440126031291e-07,1.091826114507421e-07,1.1498002190210892e-07,1.2104390183786079e-07,1.244767428584734e-07,1.2357825194935877e-07,1.2349379636532704e-07
3.7675,1.052000839021362e-07,1.0949394129087279e-07,1.1515390239561704e-07,1.2101239291199012e-07,1.242162441688023e-07,1.2299795354658921e-07,1.2282976430529488e-07
3.77,1.0538948987463048e-07,1.0961026954895369e-07,1.1510771725488739e-07,1.2074214727462572e-07,1.2370218119783672e-07,1.2214507675630571e-07,1.2189525916762963e-07
3.7725,1.0540757826905351e-07,1.0952659724602751e-07,1.1483736767766451e-07,1.2023036080027172e-07,1.2293303482464711e-07,1.2101993750722627e-07,1.2069000180725287e-07
3.775,1.0524935572035126e-07,1.0923821084130196e-07,1.1433903363035967e-07,1.1947423018471498e-07,1.2190763260659526e-07,1.1962413969166449e-07,1.1921531267704836e-07
3.7775,1.0491004663005386e-07,1.087408963697998e-07,1.1360972076438443e-07,1.1847235495233617e-07,1.2062528545737528e-07,1.179584615282407e-07,1.1747180397242395e-07
3.78,1.0438548843506536e-07,1.0803130167529591e-07,1.1264781967126915e-07,1.1722523384310596e-07,1.1908829724826094e-07,1.1602770980038307e-07,1.1546433817375395e-07
3.7825,1.0367217452568542e-07,1.0710685287894685e-07,1.1145274793479126e-07,1.1573430084834688e-07,1.1730009608559768e-07,1.1383753902632173e-07,1.1319852268815558e-07
3.785,1.027671466921654e-07,1.0596544154044469e-07,1.1002413306233877e-07,1.1400115411341875e-07,1.1526408040594912e-07,1.1139413508096564e-07,1.1068051673196879e-07
3.7875,1.0166813251692152e-07,1.0460548939337947e-07,1.083615662220895e-07,1.1202695481916516e-07,1.1298292574950791e-07,1.0870260762320429e-07,1.0791522139199788e-07
3.79,1.0037356903295063e-07,1.0302603758440868e-07,1.0646541419007673e-07,1.098138579768054e-07,1.1046050214771812e-07,1.057690975515251e-07,1.0490849656607336e-07
3.7925,9.8882425673846981e-08,1.0122654368885533e-07,1.0433620693173612e-07,1.0736407277808693e-07,1.0770110960049447e-07,1.026001945184623e-07,1.0166696111836221e-07
3.795,9.7195123767308963e-08,9.9208031968412653e-08,1.0197598878994249e-07,1.0468149477246071e-07,1.0471123422140907e-07,9.9205208301310114e-08,9.819947599591669e-08
3.7975,9.5313388734156893e-08,9.6973093355765111e-08,9.9388370777837458e-08,1.0177149587517633e-07,1.0149800595783287e-07,9.5594000342365968e-08,9.4516351365371831e-08
3.8,9.3241009950043483e-08,9.4526970164233197e-08,9.657984233247698e-08,9.8640776041247419e-08,9.806891380149924e-08,9.1776296729710191e-08,9.0627342137974062e-08
3.8025,9.0983930168648164e-08,9.1877354876713415e-08,9.3559342514750889e-08,9.529849605652768e-08,9.4433414380682483e-08,8.7763790056775199e-08,8.6544267658197248e-08
3.805,8.8549161941671432e-08,8.9032564325810608e-08,9.0336378452532385e-08,9.1754979661452045e-08,9.0602802741477849e-08,8.3569992236060615e-08,8.2281104529639631e-08
3.8075,8.5945143280633075e-08,8.6002371914326883e-08,8.6921943309101348e-08,8.8022460973054807e-08,8.6589939428657527e-08,7.9209057897649082e-08,7.7852092892540974e-08
3.81,8.3180687751768116e-08,8.2796861463577488e-08,8.3327569733524367e-08,8.4114537274209483e-08,8.241034718833179e-08,7.4697791926784336e-08,7.3273758669218491e-08
3.8125,8.0266186241991607e-08,7.9428059766938998e-08,7.956704851069136e-08,8.0046899979538169e-08,7.8081228582297329e-08,7.0054125940120813e-08,6.8563859066224221e-08
3.815,7.7212968430611295e-08,7.5909216947323234e-08,7.5655413223752476e-08,7.5835962493233254e-08,7.3620956555607325e-08,6.5299245343295608e-08,6.3743907747014554e-08
3.8175,7.4033023270786179e-08,7.2254383201287354e-08,7.160816558078359e-08,7.1497686842881541e-08,6.9046544363218114e-08,6.045292240103164e-08,5.8833727366622361e-08
3.82,7.0739782886718625e-08,6.847907589265366e-08,6.7442313625715996e-08,6.7049848075083541e-08,6.437584593104599e-08,5.5534679285507788e-08,5.3852981832735471e-08
3.8225,6.7347698896699536e-08,6.4599687563179593e-08,6.3175761973520089e-08,6.2511362414906132e-08,5.9628485067581313e-08,5.0566155202029836e-08,4.8823705975410561e-08
3.825,6.3870616178218406e-08,6.0631603696453821e-08,5.882518626552698e-08,5.7900066794671214e-08,5.4822596388694391e-08,4.5565335009245671e-08,4.3763954872344448e-08
3.8275,6.0322834265013749e-08,5.6590679002284111e-08,5.4407419980192591e-08,5.3233588055063726e-08,4.9977620299542002e-08,4.0552760975998037e-08,3.8694424268916396e-08
3.83,5.6718233555916462e-08,5.2492534673611226e-08,4.9938904844456952e-08,4.852858319336804e-08,4.5110037925412208e-08,3.5544117819822826e-08,3.3630896904968014e-08
3.8325,5.3071549158987435e-08,4.8353568905321426e-08,4.543626292926969e-08,4.3801287092575009e-08,4.023484795184046e-08,3.0553612955112835e-08,2.8587652791756483e-08
3.835,4.9398382147032908e-08,4.419111864495142e-08,4.0917916600909825e-08,3.9070190057580201e-08,3.5370529785994891e-08,2.5599530135531538e-08,2.3583087930491356e-08
3.8375,4.5714325607383261e-08,4.0022601680225487e-08,3.6402653969369383e-08,3.4354580068504707e-08,3.053664296529068e-08,2.0701661007713221e-08,1.8636984125121905e-08
3.84,4.2036302622518405e-08,3.5867048415297781e-08,3.1911010524286769e-08,2.9675317461581096e-08,2.5754083089374314e-08,1.5881149699289582e-08,1.3770712837161211e-08
3.8425,3.8380523919809762e-08,3.1742683505453197e-08,2.7462115909951132e-08,2.5051376396876994e-08,2.104204336227588e-08,1.1158071279697227e-08,9.0045474893366161e-09
3.845,3.4763179917325319e-08,2.7667359754018811e-08,2.3074344033113634e-08,2.0501574051706002e-08,1.6420060755138058e-08,6.5525794872826597e-09,4.3584742841473308e-09
3.8475,3.1199217819423028e-08,2.3657185762561919e-08,1.8764158154857888e-08,1.6042663684191907e-08,1.1904198415204642e-08,2.079117798800485e-09,-1.5286145652151291e-10
3.85,2.7702594920715552e-08,1.9727185911098173e-08,1.4547413337640916e-08,1.1691239483463462e-08,7.5110846251771104e-09,-2.2468354193584755e-09,-4.5136799503346008e-09
3.8525,2.4287331560031004e-08,1.5892718927684068e-08,1.0440775390668043e-08,7.4648488916233148e-09,3.2583945850461248e-09,-6.4090835309933953e-09,-8.7074970580269378e-09
3.855,2.0966772901975063e-08,1.2168663632802117e-08,6.4601458800905508e-09,3.379797999647418e-09,-8.3802093761689267e-10,-1.0393146720850894e-08,-1.2719446949740388e-08
3.8575,1.7752887035366399e-08,8.5683399672819911e-09,2.6195709243957551e-09,-5.4993328822370114e-10,-4.7638681778882048e-09,-1.4185000837199041e-08,-1.6535199473106996e-08
3.86,1.4657576866345562e-08,5.1046644277278061e-09,-1.0684645252482154e-09,-4.3126328513980013e-09,-8.5075222359262365e-09,-1.7773201060545691e-08,-2.0143025840597934e-08
3.8625,1.1691019423145594e-08,1.7883412807748308e-09,-4.5939205678348453e-09,-7.8992637475609891e-09,-1.2060786747524722e-08,-2.1150458296309146e-08,-2.3535454738087951e-08
3.865,8.8632380361988954e-09,-1.370024773946143e-09,-7.9463115509763408e-09,-1.1299958953633452e-08,-1.541423682762466e-08,-2.4308027740416454e-08,-2.6703196412410972e-08
3.8675,6.1841373766969789e-09,-4.3597982987526191e-09,-1.1114558704540554e-08,-1.45037613030467e-08,-1.8558222902192121e-08,-2.7237821837002576e-08,-2.9638061956663297e-08
3.87,3.6636398804837735e-09,-7.1699220280874345e-09,-1.4086277670750148e-08,-1.749777478091823e-08,-2.1481179931065196e-08,-2.993101374931061e-08,-3.2330683948564916e-08
3.8725,1.3116376921812481e-09,-9.7889675936046502e-09,-1.6848686988059863e-08,-2.0269030278310106e-08,-2.4170315115616859e-08,-3.2375844197961362e-08,-3.4769130196959791e-08
3.875,-8.6237133689823148e-10,-1.2205672466610252e-08,-1.9389474691793058e-08,-2.2805515213302199e-08,-2.66136261851118e-08,-3.4561464466169986e-08,-3.6942230044009133e-08
3.8775,-2.8477700213023273e-09,-1.440783726897229e-08,-2.1696579227216866e-08,-2.5096433405525376e-08,-2.8801705473436397e-08,-3.6480322346639846e-08,-3.884264676088149e-08
3.88,-4.6340437219431522e-09,-1.638390797478101e-08,-2.3758902808029737e-08,-2.7131295689285665e-08,-3.0724282367941128e-08,-3.8123360113370647e-08,-4.0461455786730161e-08
3.8825,-6.2102169492796857e-09,-1.8122330488635038e-08,-2.556478052188646e-08,-2.8898318229319814e-08,-3.2370699092364449e-08,-3.9482336260075455e-08,-4.1790577834056754e-08
3.885,-7.565518660341858e-09,-1.9611862041963726e-08,-2.7102161549832461e-08,-3.0384626578502437e-08,-3.3728908555043413e-08,-4.0547662840795342e-08,-4.2820575000979332e-08
3.8875,-8.6894345030592287e-09,-2.0841149147257107e-08,-2.8358285624064543e-08,-3.1576030712555284e-08,-3.4784322586439521e-08,-4.1306152327959214e-08,-4.3538204714709951e-08
3.89,-9.5715355432065654e-09,-2.1798363199487324e-08,-2.9319792896496019e-08,-3.2458446319824297e-08,-3.5522620118013042e-08,-4.1745414601184295e-08,-4.3931234691313378e-08
3.8925,-1.0201561940271321e-08,-2.2471519031138824e-08,-2.9973847649039057e-08,-3.3019338732754539e-08,-3.5930837579672441e-08,-4.185347720039942e-08,-4.3988023416514152e-08
3.895,-1.0569988588582114e-08,-2.2849849598085601e-08,-3.0310004070434601e-08,-3.3249638796441278e-08,-3.6001119285837112e-08,-4.1623940549901039e-08,-4.3702704247769104e-08
3.8975,-1.066963188481898e-08,-2.2925693045672381e-08,-3.0320499570662011e-08,-3.3141861810476982e-08,-3.5727320954875365e-08,-4.1052672661085378e-08,-4.3071882121638615e-08
3.9,-1.049654924962612e-08,-2.2695109956888539e-08,-3.0000912014680243e-08,-3.2691646996476928e-08,-3.5106146165978591e-08,-4.0137358302182907e-08,-4.2093741044240689e-08
3.9025,-1.00501919764553e-08,-2.2157526758117139e-08,-2.9349911465959256e-08,-3.1896945172992652e-08,-3.4134901899733345e-08,-3.8875908037431174e-08,-4.0766903841920537e-08
3.905,-9.3328457981624435e-09,-2.1315115239791185e-08,-2.8368940277005898e-08,-3.0758152003157235e-08,-3.281341219814867e-08,-3.7269567335222044e-08,-3.9093214761683916e-08
3.9075,-8.3487824577774898e-09,-2.0171925009928496e-08,-2.7061411191634387e-08,-2.9278174394670576e-08,-3.1144772303352296e-08,-3.5322369066238842e-08,-3.70768562701218e-08
3.91,-7.1033907489325818e-09,-1.8733056183457487e-08,-2.5432101760222074e-08,-2.7461888701564636e-08,-2.9134459143937839e-08,-3.3041462092781765e-08,-3.4725634706003747e-08
3.9125,-5.6025983566419335e-09,-1.7004380952666221e-08,-2.3486967900822865e-08,-2.5315412043727203e-08,-2.6789597749536389e-08,-3.0435627648646554e-08,-3.2049100801424442e-08
3.915,-3.8531188604459681e-09,-1.4993155817119503e-08,-2.1233866170677027e-08,-2.2847689444775764e-08,-2.4120010124038175e-08,-2.751560469528123e-08,-2.9058366873144384e-08
3.9175,-1.8626683543144558e-09,-1.2708162618934738e-08,-1.8682267391877537e-08,-2.0068921491634566e-08,-2.1136346750965057e-08,-2.4292932947734262e-08,-2.5765466286906155e-08
3.92,3.6058624131446826e-10,-1.0158839706690548e-08,-1.5842145871645376e-08,-1.6989242957196615e-08,-1.7848765745919588e-08,-2.0777532596766017e-08,-2.2181245521707726e-08
3.9225,2.8094969813745811e-09,-7.3533379176138416e-09,-1.272212412335779e-08,-1.3616591673868864e-08,-1.4265051131631966e-08,-1.697813362512059e-08,-1.8315223734137323e-08
3.925,5.4761539799411282e-09,-4.3006709817310818e-09,-9.3318566559234141e-09,-9.9598307160633877e-09,-1.0393369333084279e-08,-1.2903246818309468e-08,-1.4176225932722535e-08
3.9275,8.3532205521552642e-09,-1.0092249433210433e-09,-5.6806292713304988e-09,-6.0291797404750293e-09,-6.2442019508117241e-09,-8.563723674782654e-09,-9.7755390359642509e-09
3.93,1.1432427775029113e-08,2.5114602994026544e-09,-1.7793398642941499e-09,-1.8373436070058563e-09,-1.8310324381413077e-09,-3.9729025562847535e-09,-5.1273238762081895e-09
3.9325,1.4703745705537652e-08,6.2495321286547187e-09,2.3583354723906283e-09,2.6003757229254297e-09,2.8297085826523778e-09,8.5269108699297759e-10,-2.4868463389205948e-10
3.935,1.8156445873643887e-08,1.0192180151176929e-08,6.7178270374774091e-09,7.2687132932754501e-09,7.7219660093618899e-09,5.8960527663750889e-09,4.8423384558482711e-09
3.9375,2.1778738451948374e-08,1.432559919707024e-08,1.1283986539023959e-08,1.2151684501029045e-08,1.2829001537141216e-08,1.1139733754127886e-08,1.0127414072827876e-08
3.94,2.5558168926504368e-08,1.8635650811255397e-08,1.6041145689833917e-08,1.7231671393115273e-08,1.8132164882779285e-08,1.6564595224265505e-08,1.5587794330821603e-08
3.9425,2.9481927709426237e-08,2.3108117772722854e-08,2.0973742555638671e-08,2.2492387296510952e-08,2.3614486863801968e-08,2.2154117479956316e-08,2.1206807986627058e-08
3.945,3.3536795298180455e-08,2.7728503442958302e-08,2.6066537027904424e-08,2.7918163666674574e-08,2.9260173078658607e-08,2.7893380801502834e-08,2.6969205042522524e-08
3.9475,3.7709335442694293e-08,3.2481975451141012e-08,3.1304186821954432e-08,3.349432948248085e-08,3.5054743464051149e-08,3.3768707030412862e-08,3.2861206900269608e-08
3.95,4.1986618190983835e-08,3.7354175072390755e-08,3.6671788584809378e-08,3.9206514328975466e-08,4.0984965425029809e-08,3.9767528517702459e-08,3.8869832307041042e-08
3.9525,4.6354860020940688e-08,4.2329522885568879e-08,4.2152520204402443e-08,4.503669025724633e-08,4.7032423623912339e-08,4.5871878896114843e-08,4.4977093251591734e-08
3.955,5.0800962411544802e-08,4.7393152013316438e-08,4.772985639474089e-08,5.0967131850966497e-08,5.3179552088050074e-08,5.2065366104849015e-08,5.1166977067986272e-08
3.9575,5.5312535607181831e-08,5.2531046381545677e-08,5.3388086260752193e-08,5.6980883368625819e-08,5.9408782436802506e-08,5.8331855583739505e-08,5.7423983062598352e-08
3.96,5.9878744437798787e-08,5.7731061073947345e-08,5.9113719211269124e-08,6.3064305524577215e-08,6.5706841010126014e-08,6.4660525439891907e-08,6.3737824650183994e-08
3.9625,6.4488414437326308e-08,6.2980437647103945e-08,6.4892321576575138e-08,6.9201517302231846e-08,7.2057301873253436e-08,7.1036379065150558e-08,7.0094094663493708e-08
3.965,6.9131026088672783e-08,6.8266587777056362e-08,7.0708749155683998e-08,7.5375572945036018e-08,7.8442655857042272e-08,7.7443077594396823e-08,7.64769285469939e-08
3.9675,7.3794992445061039e-08,7.357530166635701e-08,7.6546233483488776e-08,8.1567772540447214e-08,8.4843585092359075e-08,8.3862783844900669e-08,8.2869290286929981e-08
3.97,7.8467065357971457e-08,7.8890750747885419e-08,8.2387279060291833e-08,8.7759213759350694e-08,9.1239742302288899e-08,9.0275417399134322e-08,8.9251730015015033e-08
3.9725,8.3134186039988619e-08,8.4198329675748829e-08,8.8217053624242539e-08,9.3934598804012751e-08,9.7615183966238455e-08,9.6665692756786081e-08,9.5609705916795622e-08
3.975,8.7782165255711836e-08,8.9483036677234929e-08,9.4020781862416275e-08,1.0007969050214955e-07,1.0395568215991894e-07,1.0301975005931494e-07,1.0192974673080866e-07
3.9775,9.2398602730908666e-08,9.4731924637696186e-08,9.9784842120886344e-08,1.0618121023580501e-07,1.1024904270719264e-07,1.0932603294653104e-07,1.0820076416015207e-07
3.98,9.6971475650101259e-08,9.9931585944575264e-08,1.0549359569815157e-07,1.122226248278107e-07,1.1647910472490058e-07,1.1556887646261841e-07,1.1440754794266151e-07
3.9825,1.0148893364941328e-07,1.0506772779207921e-07,1.1112988729322093e-07,1.1818574171176173e-07,1.2262803227493606e-07,1.2173167723224475e-07,1.2053407991319327e-07
3.985,1.0593807274272015e-07,1.1012440248834154e-07,1.166749106562339e-07,1.2404962761353831e-07,1.2867456174986813e-07,1.2779482616948856e-07,1.2656056194233243e-07
3.9875,1.1030555283043807e-07,1.1508575050280022e-07,1.2211110473425496e-07,1.2979517500530796e-07,1.3459935908866418e-07,1.337407463681375e-07,1.3247052227471286e-07
3.99,1.1457576648533257e-07,1.1993412002566878e-07,1.2741950518582123e-07,1.3540198175225708e-07,1.4038030864631043e-07,1.3954822621855149e-07,1.3824321050377692e-07
3.9925,1.187335676223287e-07,1.2465253028771254e-07,1.3258151133090479e-07,1.4084981487209182e-07,1.4599596132668358e-07,1.4519639556383879e-07,1.43858219788352e-07
3.995,1.2276234289775912e-07,1.2922223328966088e-07,1.3757682054979413e-07,1.4611751103926594e-07,1.5142452537104632e-07,1.5066415724870088e-07,1.4929505386733619e-07
3.9975,1.2664497727233409e-07,1.3362417173026505e-07,1.4238526040913502e-07,1.5118462676214998e-07,1.5664552342950352e-07,1.5593135184639179e-07,1.5453413621800766e-07
4.0,1.3036439133486072e-07,1.3783950494345833e-07,1.4698645199846556e-07,1.5603023511572199e-07,1.6163836628431702e-07,1.6097814008729541e-07,1.5955618985334832e-07
4.0025,1.3390371168555278e-07,1.418494146753948e-07,1.5135964818022229e-07,1.6063178213967106e-07,1.6637959385526319e-07,1.6578055968864732e-07,1.643376614169892e-07
4.005,1.3724678305897638e-07,1.4563540479858079e-07,1.5548362228459319e-07,1.6496651939619942e-07,1.7084628811124248e-07,1.7031585703463519e-07,1.6885644688715509e-07
4.0075,1.4037722194027113e-07,1.4917831420910185e-07,1.5933695027254815e-07,1.6901224220219334e-07,1.7501503138699306e-07,1.7455958254345323e-07,1.7308832253206165e-07
4.01,1.4327820496225796e-07,1.52458504424832e-07,1.6289856475841487e-07,1.72747380688415e-07,1.7886459229815749e-07,1.7849014985061528e-07,1.7701204326903362e-07
4.0125,1.4593260686151765e-07,1.5545644545271834e-07,1.6614790172070685e-07,1.7615125015732481e-07,1.8237393628969384e-07,1.8208671582679313e-07,1.8060700859105816e-07
4.015,1.4832467408617886e-07,1.5815458426594071e-07,1.6906635368522972e-07,1.792040987504046e-07,1.8552220498793324e-07,1.8532874854312882e-07,1.8385282882944196e-07
4.0175,1.5043971718560003e-07,1.6053694383911089e-07,1.7163683088017833e-07,1.818876382755201e-07,1.882896531340448e-07,1.8819543750717783e-07,1.8672841670720488e-07
4.02,1.5226511101096325e-07,1.625897004970613e-07,1.7384422664356796e-07,1.8418611974165648e-07,1.9066040407231462e-07,1.9066974492562198e-07,1.8921642411885526e-07
4.0225,1.5379072205428243e-07,1.6430128313476872e-07,1.7567549115210949e-07,1.8608491572818718e-07,1.9261904743884123e-07,1.9273520158333063e-07,1.9129997457061035e-07
4.025,1.5500830215847358e-07,1.6566181519564101e-07,1.7711917904304537e-07,1.8757117159265388e-07,1.9415147093371982e-07,1.9437632378341175e-07,1.9296340477410684e-07
4.0275,1.5591134733302592e-07,1.6666346410961549e-07,1.7816639814895146e-07,1.8863534689737644e-07,1.9524732570784684e-07,1.9558121286890015e-07,1.9419420878948739e-07
4.03,1.5649519055229936e-07,1.6730085845760268e-07,1.7881110937292359e-07,1.8927080246987067e-07,1.9589921196887482e-07,1.963406765274154e-07,1.9498287789536999e-07
4.0325,1.5675679384928949e-07,1.6757079930121862e-07,1.7904981612417699e-07,1.8947351056082426e-07,1.96102051459882e-07,1.9664793406139493e-07,1.953221977184753e-07
4.035,1.5669451826769464e-07,1.6747184992351307e-07,1.7888155835975023e-07,1.8924260264883476e-07,1.9585444888868535e-07,1.9650001658690749e-07,1.9520872913154033e-07
4.0375,1.5630773413429283e-07,1.670036396627583e-07,1.7830684556126174e-07,1.8857939095862855e-07,1.9515799653716499e-07,1.9589734474553688e-07,1.9464229676615042e-07
4.04,1.5559630986997022e-07,1.6616614051521212e-07,1.7732652100368363e-07,1.8748548137371037e-07,1.9401408902475825e-07,1.9483996309644387e-07,1.9362226731312574e-07
4.0425,1.545603033424431e-07,1.6495954883036926e-07,1.7594157902860569e-07,1.8596292044544524e-07,1.9242614067133821e-07,1.9333107495190669e-07,1.921512157068114e-07
4.045,1.5319973197230949e-07,1.6338419306360962e-07,1.741530847147715e-07,1.8401416786828854e-07,1.9039743655972726e-07,1.9137322740592789e-07,1.9023142212973988e-07
4.0475,1.515154806114318e-07,1.6144163326395915e-07,1.7196376962885875e-07,1.8164266087003589e-07,1.8793127175491067e-07,1.8896852912150258e-07,1.8786433404618674e-07
4.05,1.4950969242752465e-07,1.5913481428797203e-07,1.693778889706828e-07,1.7885385230555365e-07,1.850322927370217e-07,1.8611918357120718e-07,1.8505181987143534e-07
4.0525,1.4718516392505311e-07,1.5646721026241807e-07,1.6639990914221537e-07,1.756526943059484e-07,1.8170501583008159e-07,1.8282796892206653e-07,1.8179608164715194e-07
4.055,1.4454690673512558e-07,1.534446903631592e-07,1.6303637775362096e-07,1.7204581953916181e-07,1.7795632954791979e-07,1.7910043425789516e-07,1.781022214645049e-07
4.0575,1.4160097159122201e-07,1.5007435367453705e-07,1.5929499707354296e-07,1.6804093756091866e-07,1.7379481555067258e-07,1.7494519850972938e-07,1.7397852397914927e-07
4.06,1.3835575456061077e-07,1.4636597135462369e-07,1.5518608917695575e-07,1.6364871995976893e-07,1.6923132154204517e-07,1.7037282736092121e-07,1.6943503337116144e-07
4.0625,1.3482278685020869e-07,1.4233292072591804e-07,1.5072449902412512e-07,1.5888494592910374e-07,1.6428192061905455e-07,1.653987876805288e-07,1.644867075471285e-07
4.065,1.3101494133453033e-07,1.3798991286277022e-07,1.4592655550796712e-07,1.5376662906429402e-07,1.5896362816776731e-07,1.6003895433842959e-07,1.59149011362475e-07
4.0675,1.2694782881643427e-07,1.3335450312160549e-07,1.4081160662236519e-07,1.4831518148952491e-07,1.5329938875660512e-07,1.54316009744839e-07,1.5344410422885582e-07
4.07,1.2263854966285296e-07,1.2844583538479563e-07,1.3540071295766397e-07,1.4255328816671491e-07,1.4731241886244039e-07,1.4825229129369239e-07,1.4739389710529991e-07
4.0725,1.181047388514084e-07,1.232838348991243e-07,1.2971608084223953e-07,1.365039932132606e-07,1.4102581945228758e-07,1.418695471493581e-07,1.4101995245150444e-07
4.075,1.1336628024969955e-07,1.1789140398288409e-07,1.2378314491717004e-07,1.3019379414085576e-07,1.3446563749660815e-07,1.3519327384419872e-07,1.3434786831463651e-07
4.0775,1.0844253233819458e-07,1.1229099121643724e-07,1.1762643994036042e-07,1.2364802261998108e-07,1.2765748092191837e-07,1.2824876869024623e-07,1.2740257918419698e-07
4.08,1.0335452802059004e-07,1.0650661191855512e-07,1.1127179556105573e-07,1.1689346191233436e-07,1.2062941126389348e-07,1.2106461452629025e-07,1.202123033459645e-07
4.0825,9.8124245626477176e-08,1.0056296857607996e-07,1.0474602167072015e-07,1.0995878869224041e-07,1.1341111713728543e-07,1.1367127729309467e-07,1.1280723878536006e-07
4.085,9.2774019799092256e-08,9.4485054080325801e-08,9.8076177170109168e-08,1.028726883606865e-07,1.0603211610804582e-07,1.0609849786537258e-07,1.0521683255813355e-07
4.0875,8.732586308718795e-08,8.8297728204843053e-08,9.1289616837573087e-08,9.5664080027707137e-08,9.8522286268030836e-08,9.8375323949989484e-08,9.7469986472836066e-08
4.09,8.1801580893152983e-08,8.2025568575296642e-08,8.4413004334485771e-08,8.8360448960348342e-08,9.090934206413529e-08,9.0528933642394312e-08,8.9593821248151789e-08
4.0925,7.6223359026544728e-08,7.5693546578414484e-08,7.7473241029391721e-08,8.0989927364935979e-08,8.3222958185192051e-08,8.2589647360078381e-08,8.1618750031431266e-08
4.095,7.0613713034267026e-08,6.9326992970827468e-08,7.0497405766176545e-08,7.3580380761757763e-08,7.5490998909248487e-08,7.4585686433861052e-08,7.3572780580566284e-08
4.0975,6.4994954150040808e-08,6.29509840117189e-08,6.3511888796651676e-08,6.6158876165029074e-08,6.7740917830571789e-08,6.6545417331058773e-08,6.5484221096042684e-08
4.1,5.9390095615118832e-08,5.6591257613546786e-08,5.6544048880968457e-08,5.8753747535521374e-08,6.0001663525582176e-08,5.8498009161711141e-08,5.7382217181035555e-08
4.1025,5.3820972952105598e-08,5.0272165042694356e-08,4.9620202661825436e-08,5.1392678132034224e-08,5.2302343535496321e-08,5.0473870985611002e-08,4.9296984791649337e-08
4.105,4.8308351303947861e-08,4.4016877188942339e-08,4.2765754586450112e-08,4.4102447759802973e-08,4.4671428247398942e-08,4.2502808405643462e-08,4.1258266314392217e-08
4.1075,4.2872067128645749e-08,3.7847598525599435e-08,3.600495852096865e-08,3.6908849229910065e-08,3.7135075890772573e-08,3.4611107353395707e-08,3.3292349495016245e-08
4.11,3.7530775048523485e-08,3.1785308462584487e-08,2.936046577109671e-08,2.9835640789343341e-08,2.9717726530102408e-08,2.6824248611848528e-08,2.5424670125879616e-08
4.1125,3.2302952854811349e-08,2.5850938691905425e-08,2.2854582462459555e-08,2.2906358106926867e-08,2.2443917147391617e-08,1.9168061798708506e-08,1.7680896157849832e-08
4.115,2.7206229780999925e-08,2.0064255421362272e-08,1.6508543552689609e-08,1.6143067069484276e-08,1.5336547046693265e-08,1.1667018801961317e-08,1.0085517075203494e-08
4.1175,2.225595277947649e-08,1.4442208103674478e-08,1.0339957949899867e-08,9.5638634285521356e-09,8.4144532576701115e-09,4.3409299794365909e-09,2.6585830363570615e-09
4.12,1.7467313479916732e-08,9.0014350621376558e-09,4.3661498460086002e-09,3.1863154278057148e-09,1.6957602160998187e-09,-2.7911030786347401e-09,-4.5804215379338154e-09
4.1225,1.2852254846219638e-08,3.7549482361384055e-09,-1.3993941168030489e-09,-2.9763717800837886e-09,-4.8064517720794683e-09,-9.7156257711259908e-09,-1.1617858185653892e-08
4.125,8.4217571066992096e-09,-1.2849719274726771e-09,-6.9438042964791137e-09,-8.9111112206078569e-09,-1.1078276846718566e-08,-1.6417627851698959e-08,-1.8438606130998857e-08
4.1275,4.1860134813509794e-09,-6.1066406866488939e-09,-1.2254325056411661e-08,-1.4604335839521857e-08,-1.7106265431509258e-08,-2.2883215833371652e-08,-2.5028790036784544e-08
4.13,1.5480782632755616e-10,-1.0698685093636709e-08,-1.7318261923105185e-08,-2.0042391493940458e-08,-2.2875888572026304e-08,-2.9096837999779348e-08,-3.1372757115264162e-08
4.1325,-3.6625546723090104e-09,-1.5050180284421461e-08,-2.2123196244991722e-08,-2.5211868688842687e-08,-2.8372727522342085e-08,-3.5042579772504622e-08,-3.7454376484387669e-08
4.135,-7.2579922105800854e-09,-1.9151537512096294e-08,-2.6658517996458743e-08,-3.0101598628884096e-08,-3.3585226296039158e-08,-4.0708173864795905e-08,-4.3261472277743603e-08
4.1375,-1.0623358175313865e-08,-2.2993204890221617e-08,-3.0913521793401102e-08,-3.4700360490734562e-08,-3.8502147924071639e-08,-4.6081104693539759e-08,-4.8781105090420405e-08
4.14,-1.375178147040214e-08,-2.6567376941164552e-08,-3.4879826663902369e-08,-3.8999049202543845e-08,-4.3113343799949189e-08,-5.1150037014594212e-08,-5.4002128065445654e-08
4.1425,-1.6636799010347048e-08,-2.9867064798712609e-08,-3.8550382275913737e-08,-4.2990842514194693e-08,-4.7411668083743092e-08,-5.5905954960749301e-08,-5.8915097246661298e-08
4.145,-1.9273693620334309e-08,-3.2887400914895755e-08,-4.1920071903376415e-08,-4.6669668336756676e-08,-5.1389654587083831e-08,-6.0339393903078832e-08,-6.3510145162361817e-08
4.1475,-2.1657949907023766e-08,-3.5623442698014556e-08,-4.4983239631963434e-08,-5.0028595389583339e-08,-5.5039043098516739e-08,-6.444115157439245e-08,-6.7777651516091501e-08
4.15,-2.3785805638516411e-08,-3.8070674785928512e-08,-4.7734026131951439e-08,-5.3059872241378872e-08,-5.835098638517067e-08,-6.8201946204879846e-08,-7.170774314689116e-08
4.1525,-2.565345004045154e-08,-4.0224231701778828e-08,-5.0166422035006558e-08,-5.5756778996014875e-08,-6.1318536066688365e-08,-7.161360736213676e-08,-7.5291638078158318e-08
4.155,-2.7257316300700957e-08,-4.2079532208118755e-08,-5.2275128212494723e-08,-5.811485246055837e-08,-6.3937119005192451e-08,-7.4669495694858291e-08,-7.852175865424559e-08
4.1575,-2.8595211737730734e-08,-4.3633773940244115e-08,-5.4056910333172049e-08,-6.0130737052543555e-08,-6.620241047004282e-08,-7.7361623707503338e-08,-8.1389701478087964e-08
4.16,-2.9667020801811873e-08,-4.4886637531052809e-08,-5.5511116125088678e-08,-6.1802648734289918e-08,-6.8111730563120031e-08,-7.9685933527301434e-08,-8.3890618016300167e-08
4.1625,-3.0474744125354389e-08,-4.5840223907763887e-08,-5.6639827497523176e-08,-6.313219554746956e-08,-6.9665969117773688e-08,-8.1642142300479905e-08,-8.6023459478883682e-08
4.165,-3.1022597344981815e-08,-4.6498981536801296e-08,-5.7446670129158938e-08,-6.4121906965404968e-08,-7.0867009835325021e-08,-8.3231841828086984e-08,-8.7789322313827397e-08
4.1675,-3.1316655923901598e-08,-4.686922262355317e-08,-5.7937349928811272e-08,-6.4775892753838467e-08,-7.1717620526387995e-08,-8.4457241202010026e-08,-8.9189650831868775e-08
4.17,-3.1364195592827687e-08,-4.6958436745149187e-08,-5.8118793739034588e-08,-6.5100804850256026e-08,-7.2224660547366624e-08,-8.5323821306643982e-08,-9.022896521994154e-08
4.1725,-3.1173214376394958e-08,-4.6774789473523879e-08,-5.7998574896168262e-08,-6.5103420855912962e-08,-7.2393321714541964e-08,-8.5834245233635021e-08,-9.0909077356033185e-08
4.175,-3.0751810021972718e-08,-4.632642654532321e-08,-5.7584500132332747e-08,-6.4790722349903274e-08,-7.2229078893253109e-08,-8.5990593067207946e-08,-9.1231663307662154e-08
4.1775,-3.0107768962379749e-08,-4.5621224799266927e-08,-5.688399251154107e-08,-6.4169129531090335e-08,-7.173674629284136e-08,-8.5795030079849106e-08,-9.1198158785217394e-08
4.18,-2.9248223878067311e-08,-4.4666598796427212e-08,-5.5904010279793265e-08,-6.3244559594379943e-08,-7.092170825188783e-08,-8.5251499384812637e-08,-9.0811492028580814e-08
4.1825,-2.8179713681492371e-08,-4.3469799527980958e-08,-5.4652422515343184e-08,-6.2025075418179751e-08,-6.9792029000938717e-08,-8.4367466135426764e-08,-9.0078166827326581e-08
4.185,-2.6909040189342032e-08,-4.2038905551015707e-08,-5.3138597858198738e-08,-6.052015356592328e-08,-6.8356844302323699e-08,-8.3151383642738819e-08,-8.9005306291108224e-08
4.1875,-2.5443009887783402e-08,-4.0382312556149555e-08,-5.1371602317758127e-08,-5.8738395670542419e-08,-6.6624475704764067e-08,-8.1610635900953001e-08,-8.7599479885459318e-08
4.19,-2.3788699295514147e-08,-3.8508402220486884e-08,-4.9360008618598117e-08,-5.6687900791305544e-08,-6.4601831206453025e-08,-7.9750371221935793e-08,-8.5865078196663792e-08
4.1925,-2.1953743408880184e-08,-3.6425648503100789e-08,-4.7112514460235084e-08,-5.4377247135005538e-08,-6.2296409925089381e-08,-7.7576819316937811e-08,-8.3807728821340371e-08
4.195,-1.9945405020518527e-08,-3.4141662600054029e-08,-4.4636967980438278e-08,-5.1814820953581142e-08,-5.9716345267804671e-08,-7.5096723299814169e-08,-8.1433769552901625e-08
4.1975,-1.7770403192262714e-08,-3.1663518053891257e-08,-4.1941065297420527e-08,-4.9008663489455779e-08,-5.6869423848640421e-08,-7.2316962361744418e-08,-7.8749559659744303e-08
4.2,-1.543496576499523e-08,-2.8997975584427331e-08,-3.9031963613977576e-08,-4.5966246430731562e-08,-5.3763541133888394e-08,-6.9245028795562505e-08,-7.5761718858775044e-08
4.2025,-1.294542169105398e-08,-2.6152213562765547e-08,-3.5917272477778189e-08,-4.2694951662631155e-08,-5.0406494826285425e-08,-6.5888281354911901e-08,-7.2477084729136716e-08
4.205,-1.0308572687850546e-08,-2.3134122013189977e-08,-3.2605369397697184e-08,-3.9202846925255753e-08,-4.6806552546419783e-08,-6.2255311154973585e-08,-6.8903986720687734e-08
4.2075,-7.5310869982100715e-09,-1.9951601388975619e-08,-2.9105195361729719e-08,-3.5499218592427909e-08,-4.2972673979853128e-08,-5.8354397608293937e-08,-6.505032892037781e-08
4.21,-4.6199716190537251e-09,-1.6613018110430237e-08,-2.5426312184250576e-08,-3.1594330427002429e-08,-3.891486886257927e-08,-5.4195002996654909e-08,-6.0925419510085209e-08
4.2125,-1.5820660819101937e-09,-1.3126514872593331e-08,-2.157763783116711e-08,-2.7497812206351502e-08,-3.4642700327919745e-08,-4.9786195399379349e-08,-5.6538112729549725e-08
4.215,1.5757302391899666e-09,-9.4999563282201318e-09,-1.7567304694748932e-08,-2.3217978981613611e-08,-3.0164783832029756e-08,-4.5136441188676383e-08,-5.1896306369260157e-08
4.2175,4.845455398280673e-09,-5.7419126005970801e-09,-1.3403928619675579e-08,-1.8763101646078433e-08,-2.5489850456583194e-08,-4.0255643765529348e-08,-4.7009598618462569e-08
4.22,8.2209159860579892e-09,-1.8587601461804877e-09,-9.0939587314766942e-09,-1.4139619076196631e-08,-2.0625057634482936e-08,-3.515228611986771e-08,-4.1886358103299907e-08
4.2225,1.1696640144617728e-08,2.1434873606111114e-09,-4.6444487586448671e-09,-9.3553674977030797e-09,-1.5578776884392793e-08,-2.9835131783167551e-08,-3.6535392321178021e-08
4.225,1.5266977412786187e-08,6.2578817183202862e-09,-6.4395653531766082e-11,-4.4210002720145298e-09,-1.0362314277715476e-08,-2.4316006968750423e-08,-3.0968803826961699e-08
4.2275,1.8926214168443697e-08,1.0476882862862185e-08,4.6365127864955914e-09,6.521422074579254e-10,-4.9878182684427731e-09,-1.8608075307611156e-08,-2.5199854779636065e-08
4.23,2.2667584177267229e-08,1.4791699931884103e-08,9.4476279193924208e-09,5.8510967945604429e-09,5.3067471347037038e-10,-1.2726006356167749e-08,-1.9243487135271392e-08
4.2325,2.6484244991395723e-08,1.9193772258745947e-08,1.4359236808875915e-08,1.1165264126311112e-08,6.1817592607109125e-09,-6.6815056262902329e-09,-1.3111581714262433e-08
4.235,3.036819352861966e-08,2.3673538282880042e-08,1.9360916545277854e-08,1.6583738809771029e-08,1.1953034775155881e-08,-4.8882728443268072e-10,-6.8190142292062098e-09
4.2375,3.4311505180340568e-08,2.8221790771907314e-08,2.4442245795364838e-08,2.2095127391758255e-08,1.7830998572235063e-08,5.8342401549640341e-09,-3.8461374609361798e-10
4.24,3.8305836814834472e-08,3.2828875384507713e-08,2.9591880283404458e-08,2.7686701141297469e-08,2.3801653048782059e-08,1.2270891812004816e-08,6.1738597417230062e-09
4.2425,4.2342613996539308e-08,3.7484839466127498e-08,3.4798045915275126e-08,3.3344784129063683e-08,2.9850090416903848e-08,1.8804266490051414e-08,1.2838678643103214e-08
4.245,4.6412547832659775e-08,4.2178778703908181e-08,4.0047901187138934e-08,3.9054515187916306e-08,3.5960527151442428e-08,2.5416839840664696e-08,1.9591513427962389e-08
4.2475,5.0505638051812065e-08,4.6898671109076032e-08,4.532724574129144e-08,4.4800245507481512e-08,4.211604996243096e-08,3.2090440400017602e-08,2.6413578199952059e-08
4.25,5.4610680990785393e-08,5.1630904843105299e-08,5.062013709612296e-08,5.0564050710093989e-08,4.8296586565071554e-08,3.880190286679602e-08,3.3280365191346256e-08
4.2525,5.8716231178781072e-08,5.6361731143224916e-08,5.5910804984853255e-08,5.6327769395348772e-08,5.4481360226396447e-08,4.5527988358900094e-08,4.0167085043581429e-08
4.255,6.2809509224421972e-08,6.1076214396994753e-08,6.1182273151232474e-08,6.2071858978115957e-08,6.0648747314837658e-08,5.2244745689227245e-08,4.7048474310496852e-08
4.2575,6.6877116890879523e-08,6.5758985426647821e-08,6.6417436896125361e-08,6.7776870545264374e-08,6.6777755763850449e-08,5.8928454895840762e-08,5.3899385779089462e-08
4.26,7.0905811245326486e-08,7.0395097827511588e-08,7.1599444055241928e-08,7.3424035501368599e-08,7.284792295191708e-08,6.5555353832627223e-08,6.0694907063812917e-08
4.2625,7.4882099593665193e-08,7.4968874004957691e-08,7.6709935061179581e-08,7.8993386570229643e-08,7.8836042388701685e-08,7.2097584699476858e-08,6.7405939367618287e-08
4.265,7.8791475039338933e-08,7.9462685163815031e-08,8.1728137530963433e-08,8.4461128096947201e-08,8.4714888746339873e-08,7.852360367788981e-08,7.3999617546515664e-08
4.2675,8.2618861161419617e-08,8.3858143264025382e-08,8.6632280819063828e-08,8.9801930908620683e-08,9.0457095353285585e-08,8.4803686508597157e-08,8.0445078707311086e-08
4.27,8.6347473167789664e-08,8.8135603873817894e-08,9.1400073411349373e-08,9.4991623087005679e-08,9.6036619536093289e-08,9.0908515812154325e-08,8.6711687902731391e-08
4.2725,8.9959960537318268e-08,9.2275345660349008e-08,9.6010194789370729e-08,1.0000768304729785e-07,1.0142945590158713e-07,9.6811060888816803e-08,9.2771186190732434e-08
4.275,9.3439405655249012e-08,9.6258332746178972e-08,1.0044225099320128e-07,1.048287038015404e-07,1.0661358496533409e-07,1.0248641274777002e-07,9.8597284976204073e-08
4.2775,9.6768870259288977e-08,1.0006527987869756e-07,1.0467491308602512e-07,1.0943203509779358e-07,1.1156345153915504e-07,1.0790457549074612e-07,1.0415838999505059e-07
4.28,9.9931836064670355e-08,1.0367718516010751e-07,1.086868965934428e-07,1.1379357844621304e-07,1.1625232607334921e-07,1.1303481488156475e-07,1.094226051837312e-07
4.2825,1.0291353690506177e-07,1.0707688442576491e-07,1.1245834502474011e-07,1.1788949813558506e-07,1.2065350311921217e-07,1.1784706983117989e-07,1.143587561870874e-07
4.285,1.0569959798554321e-07,1.1024761613321277e-07,1.1596964783033117e-07,1.2169722486261324e-07,1.2474097322510687e-07,1.2231212193864383e-07,1.1893656657699525e-07
4.2875,1.0827674192000051e-07,1.1317383948997161e-07,1.1920275858274261e-07,1.2519645978577404e-07,1.2849256226073639e-07,1.2640552227195648e-07,1.2313017751985734e-07
4.29,1.1063292168376785e-07,1.1584133537331097e-07,1.2214125669904436e-07,1.2836925163126389e-07,1.318885126623668e-07,1.3010389159129143e-07,1.2691469474601566e-07
4.2925,1.1275644431642809e-07,1.1823633452367473e-07,1.2476934474270419e-07,1.3119886764763827e-07,1.3491101079939994e-07,1.3338701824937533e-07,1.302690193651049e-07
4.295,1.1463613992900237e-07,1.203457828380781e-07,1.2707239524813602e-07,1.3366913638138333e-07,1.3754240560097791e-07,1.3623457377013415e-07,1.3317165431236318e-07
4.2975,1.1626191404456359e-07,1.2215806699382339e-07,1.2903750813157038e-07,1.3576538531915724e-07,1.3976635953530565e-07,1.386279063693797e-07,1.3560329295707952e-07
4.3,1.1762338078715691e-07,1.2366173433547005e-07,1.3065304755258615e-07,1.374750748751823e-07,1.4156927084028486e-07,1.405519850890613e-07,1.3754786002688078e-07
4.3025,1.1871085914106253e-07,1.2484634622257817e-07,1.3190849656936008e-07,1.3878733692736758e-07,1.4293869068400459e-07,1.4199201887273071e-07,1.3899002542818549e-07
4.305,1.1951562127678035e-07,1.2570253876816199e-07,1.3279426202035316e-07,1.3969334527460584e-07,1.4386625578756115e-07,1.4293894776193398e-07,1.3992011159405349e-07
4.3075,1.2002995099068317e-07,1.2622215243545209e-07,1.3330199662169862e-07,1.4018499039742939e-07,1.4434419165754561e-07,1.4338417065985613e-07,1.403291497401967e-07
4.31,1.202477454602941e-07,1.2639896596428393e-07,1.3342542336700274e-07,1.4025542209602114e-07,1.4436453691824327e-07,1.4331904451245921e-07,1.4020841419734878e-07
4.3125,1.20164892740591e-07,1.2622903109601946e-07,1.3316087965347914e-07,1.3990138836127436e-07,1.4392386977235954e-07,1.4273969144223649e-07,1.3955382856288375e-07
4.315,1.1977944083949887e-07,1.2571087920856489e-07,1.3250777286022835e-07,1.3912314569703936e-07,1.430235237885347e-07,1.4164849259249146e-07,1.3836821508161213e-07
4.3175,1.1909161012664256e-07,1.2484548466982573e-07,1.3146801349089444e-07,1.3792340865211985e-07,1.4166737250790898e-07,1.4005051495053627e-07,1.3665661699857446e-07
4.32,1.1810442643579815e-07,1.2363667672378179e-07,1.300461564952188e-07,1.363083530932716e-07,1.3986343656917147e-07,1.3795481863876091e-07,1.344282797549395e-07
4.3225,1.1682375873937777e-07,1.2209137582521392e-07,1.2825003530748076e-07,1.3428690908241226e-07,1.3762204086026048e-07,1.353739635235715e-07,1.3169645969075057e-07
4.325,1.1525717678475367e-07,1.2021836421196086e-07,1.260896341731111e-07,1.3187020264154735e-07,1.3495412750312501e-07,1.3231909005890544e-07,1.2847295406778157e-07
4.3275,1.1341357358295395e-07,1.1802791288971459e-07,1.2357658807846049e-07,1.2907075982145152e-07,1.3187468746668938e-07,1.2880923281392081e-07,1.2477776068520594e-07
4.33,1.1130247193770164e-07,1.1553114578215971e-07,1.2072387359361793e-07,1.2590296358252564e-07,1.2839954721864349e-07,1.2486280798534333e-07,1.2063010802198128e-07
4.3325,1.0893292256548675e-07,1.1273900186918705e-07,1.175443510862457e-07,1.2238152583743327e-07,1.2454537704518172e-07,1.2049966642236155e-07,1.1605092784413718e-07
4.335,1.0631554650714865e-07,1.0966441437826635e-07,1.1405315877072235e-07,1.1852359917390828e-07,1.2033066104889083e-07,1.1574148163205679e-07,1.1106330695933875e-07
4.3375,1.0346121005152406e-07,1.0632061357197975e-07,1.1026607897901638e-07,1.1434708844465542e-07,1.1577490773140605e-07,1.1061101108054294e-07,1.0569152745889296e-07
4.34,1.0038121434057694e-07,1.0272114049056924e-07,1.061986627969012e-07,1.0987001602542194e-07,1.1089838846015096e-07,1.0513154160291848e-07,9.9960089160842168e-08
4.3425,9.708808911058442e-08,9.8880632618419429e-08,1.0186761978590114e-07,1.0511134979444161e-07,1.0572280472525399e-07,9.9327966145811054e-08,9.389526203067754e-08
4.345,9.3593768525804268e-08,9.4813073404692917e-08,9.7288918013378659e-08,1.0008900244729556e-07,1.002687417285289e-07,9.3224709150042377e-08,8.7523586026700163e-08
4.3475,8.9910233711824189e-08,9.0532322022508613e-08,9.247815198504006e-08,9.4820527424248645e-08,9.4556149766471327e-08,8.6846099139343032e-08,8.0871192166091943e-08
4.35,8.6049220253195905e-08,8.6051957474343398e-08,8.7450677166433067e-08,8.9322943552422173e-08,8.8604249425459548e-08,8.0215276928930329e-08,7.3962490611384611e-08
4.3525,8.2022879684228295e-08,8.1386252739816469e-08,8.2222739247599166e-08,8.3614443517247713e-08,8.2432454999945753e-08,7.3354476912891548e-08,6.6821695130639314e-08
4.355,7.7844949452598271e-08,7.6551446632954143e-08,7.6812735926214083e-08,7.7715054082809781e-08,7.6062787121909884e-08,6.6289375345495014e-08,5.94757006553805e-08
4.3575,7.3529194288223195e-08,7.1563916124281814e-08,7.1239148846911505e-08,7.1644431114413562e-08,6.9516719005783223e-08,5.9045030748681927e-08,5.195135274627759e-08
4.36,6.9090710684519446e-08,6.6441611816458379e-08,6.5522264649195062e-08,6.5425311669967375e-08,6.2819595915979314e-08,5.1650666702331738e-08,4.4279628886527457e-08
4.3625,6.4546512971115669e-08,6.1204437265074018e-08,5.9684427058400203e-08,5.9082039268528617e-08,5.5997689175350663e-08,4.4136213786316339e-08,3.6491877487551573e-08
4.365,5.9913626777038905e-08,5.5871791418688857e-08,5.3747018847074879e-08,5.2638111974288395e-08,4.9076626113098608e-08,3.6530858935724072e-08,2.8618944762430137e-08
4.3675,5.5208490699840291e-08,5.0462125269292125e-08,4.7730467387719039e-08,4.611597733735027e-08,4.2081401641873246e-08,2.8863276756177894e-08,2.0691174083332354e-08
4.37,5.044788401897938e-08,4.4994532050085492e-08,4.1655933844105695e-08,3.9538589620904524e-08,3.5036388858678209e-08,2.1160718766158602e-08,1.2737137114363832e-08
4.3725,4.564778240247815e-08,3.9487448542052989e-08,3.5543872305811355e-08,3.2928598346028339e-08,2.7966114888147867e-08,1.3450651912276951e-08,4.785363739068903e-09
4.375,4.0825701694916072e-08,3.3961323289290388e-08,2.9417272111129954e-08,2.6310461885481705e-08,2.0897357949166185e-08,5.7634303249997604e-09,-3.1324955852863201e-09
4.3775,3.5998633293339695e-08,2.8436061127460433e-08,2.3298343888886498e-08,1.9708706085343606e-08,1.3856962013655568e-08,-1.8710418982610802e-09,-1.0985344055179358e-08
4.38,3.118443530024446e-08,2.2932196645982417e-08,1.7209472649257114e-08,1.3147471936149234e-08,6.8710862939050406e-09,-9.4237049421576065e-09,-1.8742955656816221e-08
4.3825,2.6399442264089238e-08,1.7467906261515279e-08,1.1169719123054338e-08,6.6466779312612421e-09,-3.8681493737467464e-11,-1.6870694060326025e-08,-2.6380404626939905e-08
4.385,2.1659943023155315e-08,1.2061413963159841e-08,5.1993322918616934e-09,2.2752204110875253e-10,-6.8509865444642504e-09,-2.418907089940223e-08,-3.3874001930387712e-08
4.3875,1.6981480377296816e-08,6.7305595630026707e-09,-6.8150437077640206e-10,-6.0879401257469731e-09,-1.3542382865440167e-08,-3.1353092849296979e-08,-4.1197348554268794e-08
4.39,1.2378773606525507e-08,1.4924679080199012e-09,-6.4539132409768185e-09,-1.2279689975095971e-08,-2.0091997044918681e-08,-3.8340038958308708e-08,-4.8326736165893231e-08
4.3925,7.8663638737390663e-09,-3.6359944205526044e-09,-1.2099496225173999e-08,-1.8328180281037662e-08,-2.6479191012365165e-08,-4.5127705928063012e-08,-5.5239090888410564e-08
4.395,3.4582855186424708e-09,-8.6388947502761021e-09,-1.7601082381019632e-08,-2.4215774451567916e-08,-3.2685992865524937e-08,-5.169788639779256e-08,-6.1915926286401089e-08
4.3975,-8.3173905503660263e-10,-1.3500919755059443e-08,-2.2942359655039496e-08,-2.9925290021392881e-08,-3.8694129345065507e-08,-5.8031439307123515e-08,-6.8337890401765578e-08
4.4,-4.9912021474455146e-09,-1.820821212480349e-08,-2.8108584334458229e-08,-3.5441079745992625e-08,-4.4486795424587723e-08,-6.4110985123554826e-08,-7.4487586788098465e-08
4.4025,-9.0079072159426942e-09,-2.274741728618764e-08,-3.3085496281652425e-08,-4.0748316874644703e-08,-5.0049021722890505e-08,-6.992135956995456e-08,-8.0349743658745354e-08
4.405,-1.2871414453770986e-08,-2.7107155967711944e-08,-3.7861024195173019e-08,-4.5834651704671132e-08,-5.5368424319440026e-08,-7.5450139211361804e-08,-8.5912197162489224e-08
4.4075,-1.6571128242212672e-08,-3.1275666391858089e-08,-4.2422501069511804e-08,-5.0686431148331877e-08,-6.0431075745785869e-08,-8.0683014222666519e-08,-9.1160423462160131e-08
4.41,-2.0097478558663867e-08,-3.5242289826219119e-08,-4.6758441248534044e-08,-5.5292335442880719e-08,-6.5225718097451922e-08,-8.5608510013614207e-08,-9.608280504945498e-08
4.4125,-2.3440577812472387e-08,-3.8995919964510373e-08,-5.0856619718827679e-08,-5.963970938394009e-08,-6.9739733293810251e-08,-9.0214604510520532e-08,-1.0066793408427329e-07
4.415,-2.6591849615810303e-08,-4.2526997012806294e-08,-5.4706770612667832e-08,-6.3718001170818771e-08,-7.3963180573470041e-08,-9.4493050542510912e-08,-1.0490769777884216e-07
4.4175,-2.9543361603888098e-08,-4.5826916193592587e-08,-5.8300117880794364e-08,-6.7518636051359949e-08,-7.7888293209356283e-08,-9.8438329657334572e-08,-1.087975848754347e-07
4.42,-3.2289883537144824e-08,-4.8890283877815134e-08,-6.1631282361408717e-08,-7.1036616343153733e-08,-8.1510928215759698e-08,-1.0204931982860599e-07,-1.1233742157510554e-07
4.4225,-3.482776745552176e-08,-5.1713234888699719e-08,-6.4696035922466241e-08,-7.4267757599669686e-08,-8.4827083802374583e-08,-1.053232075609575e-07,-1.1552550235867855e-07
4.425,-3.7155210052286455e-08,-5.4293667727100367e-08,-6.749166508142076e-08,-7.7208971150111166e-08,-8.7833536225099299e-08,-1.0825818774425343e-07,-1.1836105519918962e-07
4.4275,-3.9271371279542304e-08,-5.6630206458746788e-08,-7.0016404939602061e-08,-7.9858544337597595e-08,-9.0529052074337947e-08,-1.1085411850792148e-07,-1.208446429881467e-07
4.43,-4.1175634706522218e-08,-5.8721710940935736e-08,-7.2268948656263677e-08,-8.2215425849664498e-08,-9.2913435064224774e-08,-1.1311225771269295e-07,-1.2297884550780427e-07
4.4325,-4.2867382675994971e-08,-6.0567385206569481e-08,-7.424835958017258e-08,-8.4278228391737798e-08,-9.4985678541305257e-08,-1.1503444160718602e-07,-1.2476668545226209e-07
4.435,-4.4346608125948943e-08,-6.2167719725980363e-08,-7.5955388580636611e-08,-8.6048146618572151e-08,-9.6747775906505531e-08,-1.166251986551833e-07,-1.2621379349269944e-07
4.4375,-4.561383880215543e-08,-6.352414913443177e-08,-7.7391922951358466e-08,-8.7528201899599153e-08,-9.8204764459610509e-08,-1.1789193637948075e-07,-1.2732898401758039e-07
4.44,-4.6670181464381011e-08,-6.4638654619577088e-08,-7.8560389462287638e-08,-8.8721426854979851e-08,-9.9360544105972701e-08,-1.1884026436795965e-07,-1.2811948796830096e-07
4.4425,-4.7516922926263373e-08,-6.5513240587692035e-08,-7.9463694775503494e-08,-8.9631809380183896e-08,-1.0022106091603932e-07,-1.194792794895435e-07,-1.2859557855226233e-07
4.445,-4.8154584294942851e-08,-6.6148887599707631e-08,-8.0103706965965816e-08,-9.0261793506409773e-08,-1.0078888687631234e-07,-1.1981380411418067e-07,-1.2876341189882039e-07
4.4475,-4.8583514479923446e-08,-6.6546267512554891e-08,-8.0481433351211796e-08,-9.0612454877719492e-08,-1.0106526861411125e-07,-1.1984762256012863e-07,-1.2862831673313797e-07
4.45,-4.8803752519293115e-08,-6.6705700009175973e-08,-8.059719887981624e-08,-9.0684243593222491e-08,-1.0105126215285895e-07,-1.1958312571048668e-07,-1.2819384259309093e-07
4.4525,-4.8815291593944308e-08,-6.6627533625235325e-08,-8.0451576670344675e-08,-9.0478123184796471e-08,-1.0074910286823815e-07,-1.1902466840417229e-07,-1.2746515346346372e-07
4.455,-4.8618179003007437e-08,-6.6312278375550554e-08,-8.004550536776837e-08,-8.9995965132013711e-08,-1.001618837860103e-07,-1.1817747169264129e-07,-1.2644879826069687e-07
4.4575,-4.8212393242195298e-08,-6.576040523933505e-08,-7.9380174710448047e-08,-8.9240173033615683e-08,-9.929292016668526e-08,-1.1704707871843126e-07,-1.2515163044823159e-07
4.46,-4.7598064472875301e-08,-6.4972600801106239e-08,-7.8457025024528721e-08,-8.821306816040507e-08,-9.8144951648820412e-08,-1.1563795766184552e-07,-1.2357949977163641e-07
4.4625,-4.677593313082804e-08,-6.3950420437204104e-08,-7.7278381649610602e-08,-8.6917298521576134e-08,-9.6721646378724495e-08,-1.1395579414300672e-07,-1.217398843247814e-07
4.465,-4.5747982125218093e-08,-6.2696927595853263e-08,-7.5847883246131632e-08,-8.5356208269836507e-08,-9.5026298817311874e-08,-1.1200457895308836e-07,-1.1963782083575466e-07
4.4675,-4.4516865690856464e-08,-6.1215857106703805e-08,-7.4169819639109798e-08,-8.3533951822872702e-08,-9.3063150908039257e-08,-1.097893084459551e-07,-1.1727937826843186e-07
4.47,-4.3086229185664278e-08,-5.951172975102353e-08,-7.2249011788485131e-08,-8.1456099136555714e-08,-9.0838276243600142e-08,-1.0731611239439992e-07,-1.1467132630703081e-07
4.4725,-4.145985735728031e-08,-5.7588921921311958e-08,-7.0090406975847764e-08,-7.9128218111806141e-08,-8.8357802823323833e-08,-1.0459147160674163e-07,-1.1182095652116158e-07
4.475,-3.9641651364032013e-08,-5.5451780654193431e-08,-6.7699091861720368e-08,-7.6556054258620412e-08,-8.5627973134937628e-08,-1.0162315461103469e-07,-1.0873654237980911e-07
4.4775,-3.7634884619909799e-08,-5.310412963021367e-08,-6.5079788067036579e-08,-7.3744906254779695e-08,-8.2655040706703709e-08,-9.8419029610381367e-08,-1.0542674530898847e-07
4.48,-3.5443380737672388e-08,-5.0550766568691937e-08,-6.2238042223227564e-08,-7.0700163810527958e-08,-7.9444370288097556e-08,-9.4985079522641955e-08,-1.0189769334332472e-07
4.4825,-3.3070779925553065e-08,-4.7796401804996302e-08,-5.9179245163602831e-08,-6.7427932172299318e-08,-7.6002493998235405e-08,-9.1328121658375719e-08,-9.8156758477979202e-08
4.485,-3.0520769967424779e-08,-4.4845633524850276e-08,-5.5908519608560631e-08,-6.3934141639034627e-08,-7.2335467897449505e-08,-8.745440941148875e-08,-9.4210536370412041e-08
4.4875,-2.7797640621397796e-08,-4.1703417221757491e-08,-5.2431519277135659e-08,-6.022522348955455e-08,-6.8450484336741207e-08,-8.337106632666682e-08,-9.0065773297200122e-08
4.49,-2.4905913202711525e-08,-3.8374709422194349e-08,-4.8753915395540078e-08,-5.630806026988624e-08,-6.4354570839728424e-08,-7.908418474846747e-08,-8.5728471177573998e-08
4.4925,-2.1850084968034966e-08,-3.4864376789108885e-08,-4.4880814781310103e-08,-5.2188293814097244e-08,-6.0054707355127086e-08,-7.460120464906391e-08,-8.1206000350376707e-08
4.495,-1.8635474790373113e-08,-3.1178310042491437e-08,-4.0818229588374588e-08,-4.7871332529312999e-08,-5.5556570736131692e-08,-6.9928682999541853e-08,-7.6505229483545413e-08
4.4975,-1.5267672134576425e-08,-2.7323094583494491e-08,-3.6573444943268227e-08,-4.3363683923732719e-08,-5.0866212636281371e-08,-6.5073656664191502e-08,-7.1632795236249626e-08
4.5,-1.1754002256969783e-08,-2.3307475555757167e-08,-3.2156518676480964e-08,-3.8675289328120106e-08,-4.5992147347318319e-08,-6.0043893515545929e-08,-6.6596386040687817e-08
4.5025,-8.1015300913606571e-09,-1.9139962322161844e-08,-2.7577243248203776e-08,-3.3816044888685075e-08,-4.094352030192069e-08,-5.4847740222184656e-08,-6.1403880729249178e-08
4.505,-4.3189610152394922e-09,-1.4830772367728946e-08,-2.2846715666127427e-08,-2.8798158964325069e-08,-3.5732608615910108e-08,-4.9496639033906865e-08,-5.6066355313580773e-08
4.5075,-4.1538759729630579e-10,-1.039004729488916e-08,-1.7975660327490581e-08,-2.3633115027720798e-08,-3.0371049352996891e-08,-4.4001233854791626e-08,-5.0594116857031821e-08
4.51,3.5991831566458992e-09,-5.8286574862832184e-09,-1.2975644678397703e-08,-1.8333250888303069e-08,-2.4871743960433798e-08,-3.8372233067226741e-08,-4.4997278932852292e-08
4.5125,7.715062056655031e-09,-1.1570768465104151e-09,-7.8579019230590626e-09,-1.2910733365810896e-08,-1.9246771733279596e-08,-3.2619132918755454e-08,-3.9284495856463519e-08
4.515,1.1920674482896438e-08,3.61183323358719e-09,-2.6365211362830151e-09,-7.3799455767652838e-09,-1.3510091891822682e-08,-2.6754277503535916e-08,-3.3467481501984821e-08
4.5175,1.6203627065369309e-08,8.4638242481324246e-09,2.6727197896400428e-09,-1.7561220652901269e-09,-7.6765419719986503e-09,-2.0792939305024601e-08,-2.7560281194533263e-08
4.52,2.0549013437108098e-08,1.3381465141911756e-08,8.050264936402668e-09,3.9389881705916159e-09,-1.7690767649698032e-09,-1.4758601146081352e-08,-2.1585657703630404e-08
4.5225,2.4940406433256503e-08,1.8345622236405515e-08,1.3475129479852322e-08,9.6834451664274035e-09,4.1892715488778236e-09,-8.6743417750757828e-09,-1.5565776563631913e-08
4.525,2.9359381864017266e-08,2.3335384946735684e-08,1.8924879999478744e-08,1.5453058287375831e-08,1.0173604458048791e-08,-2.5637839233882022e-09,-9.5231939127460187e-09
4.5275,3.3787248536223349e-08,2.833029747741382e-08,2.4377717298381984e-08,2.1225824841723134e-08,1.6162065184475531e-08,3.5518911038882793e-09,-3.4784650081538956e-09
4.53,3.8204968410125412e-08,3.330968418646454e-08,2.9811431753446073e-08,2.6978998099699009e-08,2.2132747464395309e-08,9.652985994874957e-09,2.5506691049575709e-09
4.5325,4.2593096921257532e-08,3.8252114347228048e-08,3.5203058325224044e-08,3.268929933988481e-08,2.8062525936131885e-08,1.5716474128337696e-08,8.5413234343035016e-09
4.535,4.6932281599705659e-08,4.3135842573740896e-08,4.0529513365648129e-08,3.8333086856968952e-08,3.3927206682162513e-08,2.1717612322586355e-08,1.4469440320589e-08
4.5375,5.1203301762138156e-08,4.7939066310657557e-08,4.5767571951823637e-08,4.3886556873088751e-08,3.9701311512007762e-08,2.7629712377081265e-08,2.0309766293047581e-08
4.54,5.5386230094883232e-08,5.2639324232464357e-08,5.0892823008283199e-08,4.9323315409816671e-08,4.5357461011562614e-08,3.3423705482468958e-08,2.603411217258597e-08
4.5425,5.9462848245498443e-08,5.7216149684958128e-08,5.5882232987532153e-08,5.4617518562938102e-08,5.0868513888785515e-08,3.9072893723730034e-08,3.161561364606308e-08
4.545,6.3415127961767398e-08,6.1649036803093904e-08,6.0712438007935662e-08,5.974368652020205e-08,5.620845404976285e-08,4.4551855670568817e-08,3.7028924992869306e-08
4.5475,6.7226276390250464e-08,6.5918676699880784e-08,6.5361663155348657e-08,6.4678662619768539e-08,6.1353169233409548e-08,4.9836657561721855e-08,4.2250251662988108e-08
4.55,7.0879697453587913e-08,7.0005973839338665e-08,6.9808928924851006e-08,6.9399917798388205e-08,6.6279292006507352e-08,5.4903866660573093e-08,4.725692051107084e-08
4.5525,7.4359808061216954e-08,7.3893388070016316e-08,7.403528218912519e-08,7.3887669686154137e-08,7.0965853911051563e-08,5.9731373879739348e-08,5.2026867087058907e-08
4.555,7.7650408768901458e-08,7.7563015631033119e-08,7.8021884413338815e-08,7.8121745049296091e-08,7.5390845281440378e-08,6.4295502089120508e-08,5.6537077381747956e-08
4.5575,8.073663237280815e-08,8.0998539319646641e-08,8.1751462217993482e-08,8.2083661873347637e-08,7.953389195199611e-08,6.8574492430039528e-08,6.0765855245810529e-08
4.56,8.3603419772185988e-08,8.4183633156208493e-08,8.5206882795427927e-08,8.5755775905135194e-08,8.3376846494494701e-08,7.2548324206576956e-08,6.4693759354984543e-08
4.5625,8.6236739974724646e-08,8.7103388801940434e-08,8.8372656211186466e-08,8.9121876464576842e-08,8.6902794641549148e-08,7.619868874581517e-08,6.8302073310841026e-08
4.565,8.8624758204818572e-08,8.9745382015409869e-08,9.12360037743363e-08,9.2169045029515208e-08,9.009891554557686e-08,7.9512908477392139e-08,7.1578404321259431e-08
4.5675,9.0757322495479983e-08,9.2098798705363528e-08,9.3785923171819153e-08,9.4887037081419649e-08,9.2955453297128335e-08,8.2480881048016644e-08,7.4511848667626621e-08
4.57,9.2626003816243812e-08,9.4154210732003098e-08,9.6012479330625934e-08,9.7265866921221052e-08,9.5462237321192893e-08,8.5092090425534875e-08,7.7091781023542129e-08
4.5725,9.4224491988619433e-08,9.5904367236380801e-08,9.7907772858071519e-08,9.9297137551913446e-08,9.7610797859055155e-08,8.7338038755987841e-08,7.9309216902199517e-08
4.575,9.5547508788460478e-08,9.734323114655031e-08,9.9464912721065525e-08,1.0097302521448714e-07,9.9393130242454979e-08,8.9210259678231089e-08,8.1155849333869137e-08
4.5775,9.6591559698283265e-08,9.84670091701227e-08,1.0067990442890892e-07,1.0228919496295985e-07,1.0080462209796677e-07,9.0704042860470579e-08,8.2626895755599518e-08
4.58,9.7354889531447577e-08,9.9273893779107405e-08,1.0155101977921178e-07,1.0324395755102304e-07,1.0184299034289532e-07,9.1817574222331536e-08,8.3720569681994861e-08
4.5825,9.7837115494075799e-08,9.976374707723502e-08,1.020784148931678e-07,1.0383787958543629e-07,1.0250824082059086e-07,9.2549960892018396e-08,8.4435995340822855e-08
4.585,9.8039590577021295e-08,9.9938498239776629e-08,1.0226461164045337e-07,1.0407380245227944e-07,1.0280339557536227e-07,9.290441925328189e-08,8.4776531424069558e-08
4.5875,9.7965416557250235e-08,9.9802254214826433e-08,1.0211427208784693e-07,1.0395622954951187e-07,1.0273353447182073e-07,9.2885738991851234e-08,8.4746651277148772e-08
4.59,9.7619669883443572e-08,9.9361469916824458e-08,1.016347627415221e-07,1.0349302439744712e-07,1.0230739547548403e-07,9.2503335158844183e-08,8.4355450885489971e-08
4.5925,9.7009332973093954e-08,9.862456022772587e-08,1.0083559153231939e-07,1.0269425134979948e-07,1.0153535172819944e-07,9.1768453285208031e-08,8.3613949587590088e-08
4.595,9.6142920368215628e-08,9.7601279572396392e-08,9.9727486291596736e-08,1.0157138315850713e-07,1.0042834554644069e-07,9.0691361302180685e-08,8.2532525008783149e-08
4.5975,9.5029688727312058e-08,9.6301948112387899e-08,9.8321711443473929e-08,1.0013656929203716e-07,9.8999182608590033e-08,8.9285696315263524e-08,8.112511003091908e-08
4.6,9.367942681870954e-08,9.4737322871197116e-08,9.6629949430036708e-08,9.8402119844885181e-08,9.7260386468813608e-08,8.7563932009746564e-08,7.9404072845121019e-08
4.6025,9.2102425730943634e-08,9.2918779735403116e-08,9.46643527897734e-08,9.6380569407860095e-08,9.5224629384313828e-08,8.5538529614179363e-08,7.738196886981918e-08
4.605,9.0309726073339002e-08,9.0858751908748446e-08,9.2438195215559538e-08,9.4085569597568732e-08,9.290664683518367e-08,8.3225324243453683e-08,7.5074516947801049e-08
4.6075,8.8313287139405609e-08,8.8571005396363123e-08,8.9966382361710831e-08,9.1532840835026763e-08,9.0322483552774083e-08,8.0640814042106988e-08,7.2498321379964043e-08
4.61,8.6125698817741373e-08,8.6070128124581662e-08,8.7264884167842778e-08,8.8739121438043684e-08,8.7489142650015846e-08,7.7801954192522267e-08,6.9670231687872696e-08
4.6125,8.376004984505716e-08,8.3371248996254899e-08,8.4350286881425492e-08,8.5721750632898132e-08,8.4423953456310417e-08,7.4725703539794349e-08,6.6607143677377024e-08
4.615,8.1229980677225844e-08,8.0489697238347369e-08,8.1238836361586246e-08,8.2497236621500707e-08,8.1143832443785523e-08,7.1429551365826711e-08,6.3326521810119296e-08
4.6175,7.8549321166907667e-08,7.7440763091393583e-08,7.7946539915260179e-08,7.9081916582255907e-08,7.766583605493983e-08,6.7931650314245309e-08,5.9846664181694568e-08
4.62,7.5732063335725489e-08,7.4239911654719003e-08,7.4489796404540277e-08,7.5492929685294488e-08,7.4007596771254442e-08,6.4250096233488947e-08,5.6185559060426523e-08
4.6225,7.279266353095992e-08,7.0903169964646305e-08,7.0885827411101245e-08,7.1748463165609818e-08,7.0188274462571516e-08,6.0405559726248279e-08,5.2364113355544175e-08
4.625,6.97459771418954e-08,6.7447166842304374e-08,6.7153014233233636e-08,6.7868191267747499e-08,6.6228222956044063e-08,5.6417843877951478e-08,4.8402073479534295e-08
4.6275,6.6606595301116899e-08,6.3888554789988766e-08,6.330965790697403e-08,6.3871429152768928e-08,6.2147325897914423e-08,5.2307561894473446e-08,4.4320069101052508e-08
4.63,6.3389872477654862e-08,6.0244889774983295e-08,5.9374504950754079e-08,5.9777597976359779e-08,5.7966023586273724e-08,4.809597370105123e-08,4.0139364469353704e-08
4.6325,6.0110664160795679e-08,5.6533002551273263e-08,5.5365603146303935e-08,5.5605676207058353e-08,5.3703648300959775e-08,4.3803363367226534e-08,3.5880306196620844e-08
4.635,5.6784782386822753e-08,5.2770631185757543e-08,5.1301706472809957e-08,5.1374809720190647e-08,4.9379681767169364e-08,3.9449682808800312e-08,3.1562821511693783e-08
4.6375,5.3427779549581697e-08,4.8975024762193857e-08,4.7200960237488822e-08,4.7103425735247026e-08,4.5012804528858942e-08,3.5053698825497294e-08,2.7205469576167562e-08
4.64,5.0055810690560664e-08,4.5164043403734916e-08,4.308243469765352e-08,4.2811225235213176e-08,4.0622726666729727e-08,3.0634620355206179e-08,2.2827514672362519e-08
4.6425,4.6683184708981917e-08,4.1353498680367323e-08,3.896273267957193e-08,3.8515235470413766e-08,3.6226830102237693e-08,2.6209892624177957e-08,1.8446244358169818e-08
4.645,4.3324383509734254e-08,3.7559515252232112e-08,3.4859127294499451e-08,3.4233495217895528e-08,3.184413942390127e-08,2.1799528318710531e-08,1.4081783345323521e-08
4.6475,3.9994393154236617e-08,3.3798977140037773e-08,3.07899241831382e-08,2.9985645314126573e-08,2.7495222942790982e-08,1.7425432816513461e-08,9.7558285150618585e-09
4.65,3.6707972342614171e-08,3.0088626945795744e-08,2.6773344381068259e-08,2.5790481121011225e-08,2.3199297880106533e-08,1.3107060652717457e-08,5.4879188760821634e-09
4.6525,3.3479481017175601e-08,2.6444869859881379e-08,2.2827245476500104e-08,2.166637640479529e-08,1.8975081956146116e-08,8.863344280224686e-09,1.2971183488802974e-09
4.655,3.0322549855129376e-08,2.2883145347242848e-08,1.8968339476925538e-08,1.7630419549133479e-08,1.4840379361054894e-08,4.711774149088453e-09,-2.7995801218351416e-09
4.6575,2.7249999618472656e-08,1.9417732085158743e-08,1.5212062361277165e-08,1.3699022180786425e-08,1.0811117522511579e-08,6.6815828981273699e-10,-6.7863018471168254e-09
4.66,2.427403919697132e-08,1.6062229200699618e-08,1.1573185761074821e-08,9.8880211509393214e-09,6.9039799923008646e-09,-3.2508153880144122e-09,-1.0646563216098208e-08
4.6625,2.1405858611466802e-08,1.2829415320378579e-08,8.0653955819559418e-09,6.211427959221355e-09,3.1322868083202673e-09,-7.0324257072808104e-09,-1.4368138620905087e-08
4.665,1.8656466733957246e-08,9.7320225510085156e-09,4.7022993654040932e-09,2.6834490811428728e-09,-4.8905597407934749e-10,-1.0661949346830103e-08,-1.7936701631463126e-08
4.6675,1.6036810003806893e-08,6.7824525385743431e-09,1.4972433348091944e-09,-6.8200594908134413e-10,-3.9451188747868366e-09,-1.412337654536043e-08,-2.1336497702787881e-08
4.67,1.3556785379394032e-08,3.9916328264976182e-09,-1.5378775652827749e-09,-3.8726740228368053e-09,-7.2227145446619954e-09,-1.7403075779627734e-08,-2.4554115641613716e-08
4.6725,1.1225428895353294e-08,1.3697651794806529e-09,-4.3910771607088209e-09,-6.8749803811562895e-09,-1.0307464041195659e-08,-2.0486651030716301e-08,-2.7575546640193519e-08
4.675,9.0513078756860748e-09,-1.0730072838177645e-09,-7.0506457373657427e-09,-9.6771474346031937e-09,-1.3189196774454207e-08,-2.3364487490162346e-08,-3.0390973187732066e-08
4.6775,7.0407939714844213e-09,-3.3289926081976631e-09,-9.5082332515943978e-09,-1.2270000950106219e-08,-1.5858508365064363e-08,-2.6029214219909503e-08,-3.2993741893637452e-08
4.68,5.2000835746633441e-09,-5.3912952202284288e-09,-1.1757052680805723e-08,-1.4647261443738387e-08,-1.8309180975751518e-08,-2.8475275512806763e-08,-3.5378639408828356e-08
4.6825,3.5329679276550225e-09,-7.2562323445104434e-09,-1.3793352143182237e-08,-1.6804762736967386e-08,-2.0536346644822797e-08,-3.0698263510851641e-08,-3.7541920128197537e-08
4.685,2.0409237897086361e-09,-8.9225723885130049e-09,-1.5615069320503946e-08,-1.8739206510321673e-08,-2.2536641249943852e-08,-3.2694973057807594e-08,-3.9481117907898891e-08
4.6875,7.2279137403897843e-10,-1.0391450033197807e-08,-1.7222303411992859e-08,-2.0449567757778361e-08,-2.4308052115951334e-08,-3.4462632499417677e-08,-4.1193590881403625e-08
4.69,-4.2311450496779197e-10,-1.1664002059893524e-08,-1.8615134509048869e-08,-2.1935128214703683e-08,-2.5849085071732698e-08,-3.599948496038942e-08,-4.2678106590898304e-08
4.6925,-1.3987330262326955e-09,-1.2741419153296551e-08,-1.9794183419385485e-08,-2.3196709989162071e-08,-2.7160728832549878e-08,-3.730632116923221e-08,-4.3936117814575602e-08
4.695,-2.2054886122489277e-09,-1.3624561298017028e-08,-2.076056579679759e-08,-2.4236221655418445e-08,-2.8245409709998578e-08,-3.8385787655002232e-08,-4.4970353726850084e-08
4.6975,-2.8449828097863683e-09,-1.4315085211407072e-08,-2.1516245865416074e-08,-2.5055893484564883e-08,-2.9106053390554004e-08,-3.9241604309507825e-08,-4.5784649692455297e-08
4.7,-3.3185865709623014e-09,-1.4814834639819362e-08,-2.2063398378629503e-08,-2.565777287882534e-08,-2.9744770077759245e-08,-3.9876867359814224e-08,-4.638236677265005e-08
4.7025,-3.6279423519523548e-09,-1.5126185481847234e-08,-2.2404599255803847e-08,-2.6044246602112739e-08,-3.0164262205800732e-08,-4.0294940950351808e-08,-4.676694065633668e-08
4.705,-3.7748409050597046e-09,-1.5251604563418327e-08,-2.2542124007428486e-08,-2.6216696068100736e-08,-3.0365420112882303e-08,-4.0497480990636725e-08,-4.6940333168691395e-08
4.7075,-3.7614358977660694e-09,-1.5193639592078781e-08,-2.2477859926291699e-08,-2.6175765348863331e-08,-3.0348607855857449e-08,-4.0486044722638903e-08,-4.6904603812922617e-08
4.71,-3.5901636787679945e-09,-1.4955090190410736e-08,-2.2215059812565754e-08,-2.5925624395845637e-08,-3.0118196630173549e-08,-4.0264949119419056e-08,-4.6663704503992133e-08
4.7125,-3.2637834479961152e-09,-1.4539468649050019e-08,-2.1758768503580604e-08,-2.5472893503622197e-08,-2.9681165082693947e-08,-3.9840073697434949e-08,-4.622339384453539e-08
4.715,-2.7854497097042489e-09,-1.3951092096434203e-08,-2.1114790510413352e-08,-2.4824318283032496e-08,-2.904441082245404e-08,-3.921729634705495e-08,-4.5589520867976571e-08
4.7175,-2.1590254141149069e-09,-1.3195128365667648e-08,-2.0289294488346554e-08,-2.3987489766974251e-08,-2.821659270696827e-08,-3.8405551866896114e-08,-4.477080716713028e-08
4.72,-1.3891535125556482e-09,-1.22772876982777e-08,-1.9288248947325586e-08,-2.2968404907019619e-08,-2.7203917176217783e-08,-3.7410842210257995e-08,-4.3773052307406925e-08
4.7225,-4.8130622533024018e-10,-1.1203731534421963e-08,-1.8117437112779707e-08,-2.1771773667873516e-08,-2.6010532373161646e-08,-3.6237794927434873e-08,-4.2601131497133911e-08
4.725,5.5855576814923441e-10,-9.9807995275391777e-09,-1.6783031470695195e-08,-2.0402856148390489e-08,-2.4641187415391157e-08,-3.4891409961210744e-08,-4.1259631181841971e-08
4.7275,1.7246152054630766e-09,-8.6144390733435634e-09,-1.5290857524959838e-08,-1.8866847686840158e-08,-2.3100551097712479e-08,-3.3375301467696957e-08,-3.9751920056783393e-08
4.73,3.0120506829615687e-09,-7.1096233053727146e-09,-1.3645905335027224e-08,-1.7168301717768518e-08,-2.1392340989940448e-08,-3.1691410261299904e-08,-3.8079007791316958e-08
4.7325,4.4171291385126001e-09,-5.4704881944575347e-09,-1.1852626540633465e-08,-1.5312004870715915e-08,-1.9520702154429384e-08,-2.9842773957481208e-08,-3.6243571786403311e-08
4.735,5.9361920644268655e-09,-3.7015125550558718e-09,-9.9165148980804228e-09,-1.3304347656711054e-08,-1.7492610005113447e-08,-2.7835635072597372e-08,-3.4250860677693474e-08
4.7375,7.5661684121974867e-09,-1.8068832923257145e-09,-7.8427695048630284e-09,-1.1150479333773248e-08,-1.5312688970477503e-08,-2.5673411886583205e-08,-3.2103306413761451e-08
4.74,9.3034377641724448e-09,2.0837240242291677e-10,-5.6374926722779345e-09,-8.8565621359164127e-09,-1.2986910821952765e-08,-2.3360703038814439e-08,-2.9804647471484186e-08
4.7425,1.1143908545696305e-08,2.3387708493391729e-09,-3.3073517992734938e-09,-6.4301892566881766e-09,-1.0522937189038212e-08,-2.0904179494100014e-08,-2.736055597940579e-08
4.745,1.3083222964613902e-08,4.5788538406700129e-09,-8.588562357746397e-10,-3.8790356399356043e-09,-7.9282245053946109e-09,-1.8309336820361954e-08,-2.4775963919184406e-08
4.7475,1.5116556593735811e-08,6.9231207341450005e-09,1.702284451687131e-09,-1.2092499875210901e-09,-5.209402754914107e-09,-1.5582563060644208e-08,-2.2056103374217782e-08
4.75,1.7239283784007122e-08,9.3667548962915029e-09,4.3717744097112835e-09,1.5752784379753849e-09,-2.370609296098566e-09,-1.2727441942701622e-08,-1.9203425018813492e-08
4.7525,1.9446571301182087e-08,1.190493933496981e-08,7.1451627709232476e-09,4.4709437505632614e-09,5.8490614845108178e-10,-9.7469602172900982e-09,-1.6220526626684544e-08
4.755,2.1734188849096844e-08,1.4533366477366806e-08,1.0018172116289771e-08,7.4741808203904581e-09,3.6537872426974709e-09,-6.6442941027945843e-09,-1.3109130943978305e-08
4.7575,2.409751201049693e-08,1.7246816898535052e-08,1.2985002435983037e-08,1.0579799353486617e-08,6.8316806863390331e-09,-3.423201977828213e-09,-9.8724614311534372e-09
4.76,2.6532023940948602e-08,2.0039751718762009e-08,1.6039188532551163e-08,1.3781155213679497e-08,1.0112745976586684e-08,-8.7818040290996937e-11,-6.5139277900575419e-09
4.7625,2.9032241787290581e-08,2.2905177155832032e-08,1.9172284622090506e-08,1.7068861156757791e-08,1.3488771712269789e-08,3.3549546540102664e-09,-3.0396911249922218e-09
4.765,3.1591510657255697e-08,2.5834841815134605e-08,2.237463985062359e-08,2.0432405267058848e-08,1.6949497338512728e-08,6.8963216725989599e-09,5.4156210530020298e-10
4.7675,3.4203176720747576e-08,2.8820929423170597e-08,2.5637802225575919e-08,2.3862784547075635e-08,2.0485270347831679e-08,1.0527981569050036e-08,4.221796570168437e-09
4.77,3.6859211406578465e-08,3.1854439600924242e-08,2.8952301835087222e-08,2.7350495041983409e-08,2.4087266128950544e-08,1.4243226805622138e-08,7.994776792302027e-09
4.7725,3.9551772617277824e-08,3.4926708773088339e-08,3.2309013758969144e-08,3.0886547515333788e-08,2.7746467995632982e-08,1.8033782980823411e-08,1.1852674423711737e-08
4.775,4.2272157434464523e-08,3.8028160858697828e-08,3.5698192493853985e-08,3.4461421588463638e-08,3.1453555800917283e-08,2.1890350961169692e-08,1.5786390083359992e-08
4.7775,4.501107523789361e-08,4.1148493976289329e-08,3.91091067781484e-08,3.8064188541676547e-08,3.5197035021596556e-08,2.5800860756964829e-08,1.9784226510875749e-08
4.78,4.7758999159629845e-08,4.4276984676720563e-08,4.2530165144819824e-08,4.1682829998010348e-08,3.8964946156019936e-08,2.9753634817813545e-08,2.3834808685187741e-08
4.7825,5.050522427101279e-08,4.7401350991723143e-08,4.5947469016285924e-08,4.5302551495258581e-08,4.274168558656785e-08,3.3733241489959521e-08,2.7922405872830831e-08
4.785,5.3238305356871681e-08,5.0508319847145606e-08,4.9345806086566822e-08,4.8906821020628192e-08,4.6510701747499839e-08,3.7723623090637372e-08,3.2031397550216206e-08
4.7875,5.5946202878574974e-08,5.3583776887660413e-08,5.2708852368699967e-08,5.2477762411186075e-08,5.025462169027711e-08,4.1708101279747733e-08,3.61446834823506e-08
4.79,5.8615636890671592e-08,5.6612430355116289e-08,5.6020112826905754e-08,5.5998453292683551e-08,5.3956045745093347e-08,4.5668703297193882e-08,4.0244567241785652e-08
4.7925,6.1232908768347015e-08,5.9579115865713671e-08,5.9264196082386597e-08,5.9453119607915921e-08,5.7598059545192802e-08,4.9587071912766256e-08,4.4312154448736863e-08
4.795,6.3784628109452458e-08,6.2469410444927726e-08,6.242663358147524e-08,6.2827406492710146e-08,6.1165147134652453e-08,5.3446750710886604e-08,4.8330755122156943e-08
4.7975,6.6257640031603595e-08,6.5269001716310608e-08,6.5492504140763459e-08,6.6106656038920946e-08,6.464223011457704e-08,5.7231511139094601e-08,5.2283134179662427e-08
4.8,6.8639686699200959e-08,6.7964152058151559e-08,6.8446369539202121e-08,6.9273679657161012e-08,6.8011609296212912e-08,6.0922380866368059e-08,5.6149466578204964e-08
4.8025,7.091957703265487e-08,7.0541950947072675e-08,7.1273343652326892e-08,7.2311799537024703e-08,7.1255431899615575e-08,6.4499667867644645e-08,5.9909101983376472e-08
4.805,7.3085913541071742e-08,7.2989204028948984e-08,7.3958337968944915e-08,7.5204477016886594e-08,7.4356539909637408e-08,6.7944493856640913e-08,6.3541973095581231e-08
4.8075,7.5129300851381006e-08,7.5295309571301921e-08,7.6489829145538968e-08,7.7939176751943742e-08,7.7302070113033015e-08,7.1242999145429013e-08,6.7033408339498455e-08
4.81,7.7041432064022694e-08,7.7451164968135838e-08,7.8858260352897306e-08,8.0505588111754715e-08,8.00799238608642e-08,7.438068484162549e-08,7.0368193963620915e-08
4.8125,7.8814967060127303e-08,7.94487597714928e-08,8.1055627763167254e-08,8.289574280521008e-08,8.2680772848730273e-08,7.7346217084851714e-08,7.3533199506855868e-08
4.815,8.0443623871138643e-08,8.1281187727336023e-08,8.3074798781620143e-08,8.5101961276188652e-08,8.5095276450578955e-08,8.0128380117375013e-08,7.651623306747072e-08
4.8175,8.1921255709045703e-08,8.2941750993574328e-08,8.4908626927858118e-08,8.711680776086811e-08,8.7315882000111472e-08,8.2717011380300402e-08,7.9305219609109262e-08
4.82,8.3242767034421501e-08,8.4424883492528671e-08,8.6550721630933811e-08,8.8932368628548452e-08,8.93335721246766e-08,8.5101259406325029e-08,8.1888148245741271e-08
4.8225,8.4403315194138253e-08,8.5725186336706537e-08,8.7994764388947304e-08,9.0540896515919652e-08,9.1138896715423151e-08,8.7269398052067248e-08,8.4251912466806188e-08
4.825,8.5398652199014524e-08,8.6837448011751016e-08,8.9234445692230109e-08,9.1935187759512354e-08,9.2723493365449696e-08,8.9210336589552273e-08,8.6384699917936575e-08
4.8275,8.6224410609199208e-08,8.7756337104208544e-08,9.0263898556001553e-08,9.3109383654342934e-08,9.4081628249550857e-08,9.0916024105966561e-08,8.8276837827887258e-08
4.83,8.6876668867136339e-08,8.8477462359281042e-08,9.1078747251944868e-08,9.4059404661653479e-08,9.5209314765052602e-08,9.2381396862864872e-08,8.9922340352675646e-08
4.8325,8.7352937422658255e-08,8.8998486522994554e-08,9.1677298791544762e-08,9.4784219950564379e-08,9.6105163531089282e-08,9.3603988629561042e-08,9.1317685904516328e-08
4.835,8.7652584019346944e-08,8.9319573080006677e-08,9.2060964581391842e-08,9.5285692689807821e-08,9.6770670001512319e-08,9.458425410975079e-08,9.2461974924223797e-08
4.8375,8.77768831895711e-08,8.9442930417315451e-08,9.223265775784443e-08,9.5566719415320117e-08,9.7208297566840296e-08,9.5323555898352067e-08,9.3355778627474471e-08
4.84,8.7728747847055909e-08,8.9372124221242479e-08,9.2195913559040623e-08,9.56302996203589e-08,9.7420225525294368e-08,9.5822524962083544e-08,9.3998740333247832e-08
4.8425,8.7512389673764091e-08,8.9111850856980578e-08,9.1954924539264327e-08,9.547961100486677e-08,9.7408359045897698e-08,9.6081556178877097e-08,9.4390434530499395e-08
4.845,8.7133217473601197e-08,8.8667875153413688e-08,9.1514821213808541e-08,9.5118670037462798e-08,9.7176231886096492e-08,9.6102568230075184e-08,9.4531755399192242e-08
4.8475,8.6597718647414759e-08,8.8047053244606268e-08,9.0882755319521718e-08,9.4554556968280161e-08,9.6730147079486839e-08,9.5889920405050846e-08,9.4426225128881817e-08
4.85,8.5913143073886418e-08,8.725719102789125e-08,9.0067315858235381e-08,9.3796550232439233e-08,9.60793192638962e-08,9.5451479776400355e-08,9.4081260956311656e-08
4.8525,8.5087650595564762e-08,8.6307595838730325e-08,8.9078795039356033e-08,9.2855255977879293e-08,9.5234267707163992e-08,9.4796780292481001e-08,9.3506024862339254e-08
4.855,8.4130229435953217e-08,8.5208856459983385e-08,8.7929038924732654e-08,9.1743197133803958e-08,9.420784039401979e-08,9.3939057885835222e-08,9.2713047198189116e-08
4.8575,8.3050940735468624e-08,8.3972745734172128e-08,8.6630895755940304e-08,9.0473549752956345e-08,9.3013364726549999e-08,9.2891392211389222e-08,9.17154414887237e-08
4.86,8.1860206475928291e-08,8.261094551296847e-08,8.5196428005328639e-08,8.9058056852485041e-08,9.1662108642639753e-08,9.1665282021612321e-08,9.0524323072091667e-08
4.8625,8.0568786222145537e-08,8.1135061257530085e-08,8.3637322161579595e-08,8.7508429830312384e-08,9.0165728371966982e-08,9.0272871802302764e-08,8.9151536431312711e-08
4.865,7.9187539901583804e-08,7.9556859346453966e-08,8.19657623207877e-08,8.5837178782757507e-08,8.8537020811013719e-08,8.8726789431110587e-08,8.761048013237715e-08
4.8675,7.7727237462934943e-08,7.7888393668346488e-08,8.0194874296493723e-08,8.4058315712835203e-08,8.6790631673702449e-08,8.7039983245022698e-08,8.59135917600346e-08
4.87,7.6198821972089651e-08,7.614221223238371e-08,7.8338473248332847e-08,8.2186368776118307e-08,8.494058810673897e-08,8.5224381545192732e-08,8.4072634023681834e-08
4.8725,7.4613753049528226e-08,7.4331538706162909e-08,7.6411025604429006e-08,8.0236120663141264e-08,8.3001139515289269e-08,8.3294474357679531e-08,8.2102486118348786e-08
4.875,7.2983415482622561e-08,7.2469259925459541e-08,7.4426101824632105e-08,7.8220727033002348e-08,8.0985041859104116e-08,8.1264236031029637e-08,8.001698897742924e-08
4.8775,7.1319388514092747e-08,7.0568339231992847e-08,7.2397207016186475e-08,7.6153471239578725e-08,7.8906644220293495e-08,7.9150274396448112e-08,7.7833472309415892e-08
4.88,6.9632569052708753e-08,6.8640926819511651e-08,7.0337224991483877e-08,7.4048092825279744e-08,7.67807416773731e-08,7.6968481633455974e-08,7.5568008969029019e-08
4.8825,6.7933591312274396e-08,6.6698933133624664e-08,6.8259080095933921e-08,7.1918708695979891e-08,7.4622094952994706e-08,7.4734463168724355e-08,7.3237064717333968e-08
4.885,6.6233143460991154e-08,6.4754568287784335e-08,6.6176192558809795e-08,6.9779364636159849e-08,7.244506431219033e-08,7.2463444987373311e-08,7.0856450904400795e-08
4.8875,6.4541762923905707e-08,6.2819940407476141e-08,6.4101583482120708e-08,6.7643716163741126e-08,7.0263740949870128e-08,7.0170421743894739e-08,6.844159137208287e-08
4.89,6.2870053972750822e-08,6.0906957520526436e-08,6.2047820398309431e-08,6.5525006905087958e-08,6.8092243333566306e-08,6.7870677186588804e-08,6.600892170624061e-08
4.8925,6.122807515681983e-08,5.9026496090871436e-08,6.0026133423605389e-08,6.3434895953640277e-08,6.5943121176482106e-08,6.5577302189253156e-08,6.357254590191339e-08
4.895,5.9624771340420473e-08,5.7188084964787887e-08,5.804640719477284e-08,6.1384162002443579e-08,6.3828036135533681e-08,6.3302838059008672e-08,6.1145864300182117e-08
4.8975,5.8067609757596504e-08,5.5399728806699964e-08,5.6116793481510658e-08,5.9380843379470185e-08,6.1755464830009823e-08,6.1057699651742205e-08,5.8740264090493572e-08
4.9,5.6563597627194072e-08,5.3669188919183296e-08,5.424533894376803e-08,5.7432579510321195e-08,5.9732634759890984e-08,5.8850643010023812e-08,5.6365270363796994e-08
4.9025,5.5118981245603856e-08,5.2003705260518968e-08,5.2439848350149891e-08,5.5546917580099571e-08,5.7767550662813393e-08,5.669248531953749e-08,5.4033093779372992e-08
4.905,5.3739768279152171e-08,5.0410538098278208e-08,5.0708568294282879e-08,5.3733092900520945e-08,5.587013857769942e-08,5.4594337605484407e-08,5.1756169318593121e-08
4.9075,5.2432068629826606e-08,4.889714284479239e-08,4.906009058784688e-08,5.2000608620391783e-08,5.4050677807831764e-08,5.2567526744516608e-08,4.9546391085620725e-08
4.91,5.1200961031139109e-08,4.7469741028147349e-08,4.7501608291860619e-08,5.0357670003834122e-08,5.2317897231163837e-08,5.0622167071940836e-08,4.7415259556003171e-08
4.9125,5.005181071346668e-08,4.6134714268616141e-08,4.6040209595960587e-08,4.8811852300634069e-08,5.0680323113070688e-08,4.8767837653403123e-08,4.5373083322175158e-08
4.915,4.8989097860382349e-08,4.489716747585389e-08,4.4681597538174999e-08,4.7369712918919549e-08,4.9145243527868804e-08,4.7013435496015567e-08,4.3430110327008843e-08
4.9175,4.8016112662650373e-08,4.3760632250686765e-08,4.3429661781390157e-08,4.6035796191420265e-08,4.7718008041088146e-08,4.5366151687639785e-08,4.1595003290237964e-08
4.92,4.7135431191454923e-08,4.2727945452256026e-08,4.2287303199497462e-08,4.4812873732743878e-08,4.6402536716493033e-08,4.383150136454978e-08,3.9874266762009701e-08
4.9225,4.6349326351023746e-08,4.1802030355934788e-08,4.1257924350370864e-08,4.3704173751273488e-08,4.520180771689305e-08,4.2413957622189423e-08,3.8273581380274043e-08
4.925,4.5660279527115928e-08,4.0986360978930128e-08,4.034539671735558e-08,4.2713944559986018e-08,4.4120518668090627e-08,4.1120151417815835e-08,3.6800572318457947e-08
4.9275,4.5071007568194306e-08,4.0284761907307156e-08,3.9554483837588943e-08,4.1848224431009781e-08,4.3166099705573329e-08,3.9959165330376635e-08,3.5465141766651501e-08
4.93,4.4584609042689444e-08,3.9701207325230082e-08,3.8890085308987941e-08,4.1112699116437575e-08,4.2344331789881445e-08,3.8937162735003912e-08,3.4274341668265465e-08
4.9325,4.420364362527532e-08,3.9238782036045356e-08,3.8356207170362446e-08,4.0512482049295789e-08,4.1661375646682155e-08,3.806184110447436e-08,3.3236921880947657e-08
4.935,4.3929447939084388e-08,3.8899008908912204e-08,3.7954967366369772e-08,4.0050694024961479e-08,4.1122204586863073e-08,3.734013014749628e-08,3.2360728625705237e-08
4.9375,4.3761894985921837e-08,3.8681829784270179e-08,3.7686703250927978e-08,3.9728028039591464e-08,4.0728309809126094e-08,3.6774785225532049e-08,3.1649575084137082e-08
4.94,4.3699402186932087e-08,3.8585691118972636e-08,3.7550806183391303e-08,3.9544629757878579e-08,4.0480162257636037e-08,3.636799257718258e-08,3.1106711905546214e-08
4.9425,4.3739051204346194e-08,3.8607955840103589e-08,3.7545855656561046e-08,3.9500190990832365e-08,4.0377383347995014e-08,3.6120667255320267e-08,3.0734043821017958e-08
4.945,4.3877037603106972e-08,3.8745362509872803e-08,3.7669259332198048e-08,3.9593129750797525e-08,4.041949517513176e-08,3.6033121541434893e-08,3.053239637370005e-08
4.9475,4.4109637188864309e-08,3.8994796051870234e-08,3.7918004972979584e-08,3.9820620132871148e-08,4.0604272483980549e-08,3.6104262317830605e-08,3.0501381618046823e-08
4.95,4.443367339801892e-08,3.9353441540038793e-08,3.8289269983376819e-08,4.0179979633750517e-08,4.0929814811177192e-08,3.6332541147656571e-08,3.0639792056618582e-08
4.9525,4.4845901344350771e-08,3.9817813842503455e-08,3.8779363400714359e-08,4.0667676321867319e-08,4.1393462788004499e-08,3.6716475935929841e-08,3.0946819167338715e-08
4.955,4.5342267189922679e-08,4.0383009634338618e-08,3.9382990996591959e-08,4.127844025963002e-08,4.1990195877684866e-08,3.7251735187661949e-08,3.1418293028079825e-08
4.9575,4.5917667539173837e-08,4.1042737243195829e-08,4.0093396732161675e-08,4.2005618155667917e-08,4.2713729911212208e-08,3.7933203214092429e-08,3.2049534569049548e-08
4.96,4.6566260678541741e-08,4.1790042029764763e-08,4.0903286513600708e-08,4.2841703710050066e-08,4.3555921021717668e-08,3.875274720985032e-08,3.2832760229692045e-08
4.9625,4.7282411255140579e-08,4.2618696889067217e-08,4.180636349157936e-08,4.3780141101550536e-08,4.4509762252994027e-08,3.9703289053873153e-08,3.3761259398032621e-08
4.965,4.8060756612399822e-08,4.3523191444268632e-08,4.2797237490004267e-08,4.4815549445963384e-08,4.5569891965142022e-08,4.0779390257946595e-08,3.4829699798907548e-08
4.9675,4.8896554907346651e-08,4.4498537239147935e-08,4.3870756445807613e-08,4.5942947366368824e-08,4.6730621788363182e-08,4.197466461606517e-08,3.6031902348431585e-08
4.97,4.9785334001064038e-08,4.5539595536154468e-08,4.5021219395229971e-08,4.7157062764595389e-08,4.7986930934082724e-08,4.328406115719591e-08,3.7362976226411259e-08
4.9725,5.0722150250433646e-08,4.6640417224346222e-08,4.6241762735899506e-08,4.8450349214987301e-08,4.9331165642951903e-08,4.4698473820040088e-08,3.8813510764621097e-08
4.975,5.1702872786657731e-08,4.7796101324894286e-08,4.7526742755484822e-08,4.9816469563085224e-08,5.0756722723420261e-08,4.621022741061516e-08,4.0375488885274261e-08
4.9775,5.2723702476044547e-08,4.9002088249442143e-08,4.8870835558178822e-08,5.1249282119896867e-08,5.2257182015109209e-08,4.7812655858628e-08,4.2041765474645806e-08
4.98,5.3781554956935355e-08,5.0254365971530361e-08,5.0269016753346441e-08,5.2742617342433191e-08,5.3826264134708599e-08,4.9498789369409591e-08,4.3804633936048023e-08
4.9825,5.4873147705680283e-08,5.1548571296484791e-08,5.1716176529189083e-08,5.4291256356864465e-08,5.5458233609733865e-08,5.1262279038152189e-08,4.5657169877741042e-08
4.985,5.5995186094124808e-08,5.2880680080066781e-08,5.3207877466368816e-08,5.5890174315904573e-08,5.7147212875252714e-08,5.3096829829201683e-08,4.7592462865537595e-08
4.9875,5.7144929682010554e-08,5.4247746247631249e-08,5.4741450680480387e-08,5.753730409366477e-08,5.889129253334288e-08,5.500109845463904e-08,4.9608944002593059e-08
4.99,5.8320880691805535e-08,5.564824357515624e-08,5.6315573753025312e-08,5.923109593853829e-08,6.0688350307210624e-08,5.6972448504073555e-08,5.1703225043204264e-08
4.9925,5.9522473670709166e-08,5.7081289358226734e-08,5.7928496612697272e-08,6.0969503485800268e-08,6.2537013081485768e-08,5.900939531248713e-08,5.3873506590858954e-08
4.995,6.0749393843113295e-08,5.8545864202977546e-08,5.9577835118395522e-08,6.274883700870098e-08,6.4432151349008169e-08,6.1104999341216886e-08,5.6112297918233463e-08
4.9975,6.2001520055864107e-08,6.0041069731113921e-08,6.1261869160239401e-08,6.4566348700124045e-08,6.6369373676576586e-08,6.3253228972725064e-08,5.8413123860177738e-08
5.0,6.3278330377671793e-08,6.1565780889784586e-08,6.297925785954331e-08,6.642038468565022e-08,6.8345710306150863e-08,6.5449014787181722e-08,6.0770408498031727e-08
5.0025,6.4579057207740872e-08,6.3118945331829084e-08,6.4729023540886402e-08,6.8308880729351028e-08,7.0357998252493831e-08,6.7687600577317416e-08,6.3178831508458759e-08
5.005,6.5903311835522042e-08,6.4700167481557064e-08,6.6510747787530552e-08,7.0231545834014839e-08,7.2407059296997502e-08,6.9969168098684258e-08,6.5637421505168398e-08
5.0075,6.7250651947375914e-08,6.6308947938307293e-08,6.8323778100537622e-08,7.2187860260712538e-08,7.4491368611446602e-08,7.2290767042441523e-08,6.8142494031509382e-08
5.01,6.8621229872564188e-08,6.7945154582642194e-08,7.0167359536268961e-08,7.41766297486426e-08,7.6609528640116276e-08,7.4650230754937845e-08,7.0690620963922242e-08
5.0125,7.0015127093036437e-08,6.9608151433994154e-08,7.2039709439802659e-08,7.6195598445739495e-08,7.8759546729576139e-08,7.7044480343327076e-08,7.3278361771254338e-08
5.015,7.1431439511837344e-08,7.1295828327095977e-08,7.3937363797637628e-08,7.8240479731571142e-08,8.0936581974671833e-08,7.9467201891019548e-08,7.5898487132144064e-08
5.0175,7.2868284080140274e-08,7.3004975755588342e-08,7.5855872335514211e-08,8.0305549807837447e-08,8.3134347308923302e-08,8.1911804797156818e-08,7.8543631453426957e-08
5.02,7.432295812252725e-08,7.4731627390458704e-08,7.7790338259035492e-08,8.2385053373507172e-08,8.5345721886814282e-08,8.437057368121621e-08,8.1205073724121325e-08
5.0225,7.579178991134449e-08,7.6470994400952497e-08,7.9735231414328386e-08,8.4472631135893403e-08,8.7563156804725913e-08,8.6835056366523135e-08,8.3873647983865049e-08
5.025,7.7270144803907902e-08,7.8217489362124404e-08,8.1684294279573958e-08,8.6561182108563116e-08,8.9778490113069319e-08,8.9295908569640607e-08,8.6538630627809742e-08
5.0275,7.8753025436384322e-08,7.9965304140018192e-08,8.3630891069535083e-08,8.8643893435471714e-08,9.19850596351768e-08,9.1744802879398859e-08,8.9190480419596194e-08
5.03,8.0234626383525173e-08,8.1707655108033665e-08,8.5567290517328292e-08,9.0712141580694628e-08,9.4173663731684638e-08,9.4170526908939374e-08,9.1817092778572023e-08
5.0325,8.1708852805072232e-08,8.343744208388924e-08,8.7485633896253078e-08,9.2757879125402844e-08,9.6336734435456646e-08,9.6565140246133054e-08,9.4409539811775841e-08
5.035,8.316873802276962e-08,8.5146516735395347e-08,8.9376571943042516e-08,9.4771179019985606e-08,9.8463818653164393e-08,9.8917935187628771e-08,9.6956811094934753e-08
5.0375,8.4606889388010062e-08,8.6826099395662233e-08,9.1230147935563965e-08,9.6740159224343121e-08,1.005409818462254e-07,1.0121395358116446e-07,9.9443029072351237e-08
5.04,8.6014855851216479e-08,8.8466249323217035e-08,9.3035135534504457e-08,9.8652265181753839e-08,1.0255416055655518e-07,1.0343730443454146e-07,1.0185166147164344e-07
5.0425,8.7382933027926733e-08,9.0055602519415395e-08,9.4778696409501533e-08,1.0049368200354641e-07,1.0448806958817004e-07,1.0557054025834229e-07,1.0416444224133787e-07
5.045,8.8700933297909908e-08,9.1582292735029787e-08,9.6447721049123198e-08,1.022502774551643e-07,1.0632836117361295e-07,1.0759815830368376e-07,1.0636466225251675e-07
5.0475,8.9958369878593255e-08,9.3034292295156318e-08,9.8028909660857525e-08,1.0390811597693137e-07,1.0806072074042622e-07,1.0950497067764177e-07,1.0843653150080967e-07
5.05,9.1144302479196365e-08,9.439901833526776e-08,9.9508153265020045e-08,1.0545240350506457e-07,1.0966944578428419e-07,1.1127405487151149e-07,1.1036255722109736e-07
5.0525,9.2247784036065661e-08,9.5663588995373261e-08,1.0087102962289697e-07,1.0686803852925838e-07,1.1113919744640232e-07,1.1288938577475624e-07,1.1212630015244365e-07
5.055,9.3257244063540743e-08,9.6814488913104369e-08,1.021029651330475e-07,1.0813976603045037e-07,1.1245411396283667e-07,1.1433404850614201e-07,1.1370976772828907e-07
5.0575,9.4161022720847808e-08,9.7838530705025487e-08,1.0318989980058507e-07,1.0925276087494748e-07,1.1359864743426751e-07,1.1559155227514878e-07,1.1509553364076535e-07
5.06,9.4947953295255687e-08,9.872338893843726e-08,1.0411870436979874e-07,1.1019337682415549e-07,1.1455917203167187e-07,1.1664804488990101e-07,1.1626928086494594e-07
5.0625,9.5607873353505965e-08,9.9457852916226972e-08,1.0487734246898186e-07,1.1094890046174008e-07,1.1532209471468654e-07,1.17487988669803e-07,1.1721467025973102e-07
5.065,9.6131440383134995e-08,1.0003157864273396e-07,1.054545330084468e-07,1.1150708244860529e-07,1.1587423550707188e-07,1.1809737501844647e-07,1.1791753628591364e-07
5.0675,9.6510392016270167e-08,1.0043523675715224e-07,1.0584003666652931e-07,1.1185705817141112e-07,1.162043565688606e-07,1.1846370926674933e-07,1.1836470369091962e-07
5.07,9.6737303069294285e-08,1.0066026871109407e-07,1.0602447575048412e-07,1.1198888108189141e-07,1.1630174470041433e-07,1.1857474791688677e-07,1.1854338772341227e-07
5.0725,9.6805328497191966e-08,1.0069887051602373e-07,1.059995922526238e-07,1.1189415353967617e-07,1.1615714529073503e-07,1.1842050334567169e-07,1.1844275799088137e-07
5.075,9.6708203738231582e-08,1.0054421916402954e-07,1.0575855287012655e-07,1.1156592903143014e-07,1.1576349989999331e-07,1.179942997022424e-07,1.1805558544442495e-07
5.0775,9.6440389726539669e-08,1.0019049513125042e-07,1.0529554372691339e-07,1.1099841646577934e-07,1.151150030591102e-07,1.1729054417365352e-07,1.1737627686996737e-07
5.08,9.5997350919777561e-08,9.9633091494047348e-08,1.0460622908673505e-07,1.1018732586233967e-07,1.142070128735797e-07,1.1630328847913052e-07,1.1639838658065978e-07
5.0825,9.5375845339971602e-08,9.8868721178047335e-08,1.0368742912031399e-07,1.0912982053725188e-07,1.1303685428584307e-07,1.1502829807484955e-07,1.1511746159204291e-07
5.085,9.4573784448088947e-08,9.7895320210742803e-08,1.0253720562900602e-07,1.0782456769282019e-07,1.1160352020843976e-07,1.1346333106519423e-07,1.1353126885049887e-07
5.0875,9.3590352352105256e-08,9.6712318829941266e-08,1.0115543111377453e-07,1.0627190118892564e-07,1.0990824612029297e-07,1.1161043171281309e-07,1.1164203302927967e-07
5.09,9.2426446748020632e-08,9.5321382614805464e-08,9.9544961274532642e-08,1.0447551983356668e-07,1.0795549130204488e-07,1.0947579748140355e-07,1.0945584321658595e-07
5.0925,9.1084690722993917e-08,9.3726310901509025e-08,9.7711019099560382e-08,1.0244160181465745e-07,1.0575200746971884e-07,1.0706777489943798e-07,1.0698101996850447e-07
5.095,8.956956544918198e-08,9.1933063231398625e-08,9.5661198002809333e-08,1.0017951693073885e-07,1.0330811123495665e-07,1.0439795439601207e-07,1.0422910136449438e-07
5.0975,8.7887684786376168e-08,8.9949767584986321e-08,9.3405102468459454e-08,9.7700435469505861e-08,1.0063640650160887e-07,1.0147938248395993e-07,1.0121323115507727e-07
5.1,8.6046709079014508e-08,8.7785457310125329e-08,9.0952845733935203e-08,9.5015198594821645e-08,9.7748046748720127e-08,9.8322582887305928e-08,9.7943996208714628e-08
5.1025,8.4055261530047345e-08,8.545015437656335e-08,8.8315290788443215e-08,9.2134862391717705e-08,9.4654325695818689e-08,9.4939491580256977e-08,9.4434148142294088e-08
5.105,8.1922925345228465e-08,8.2954987837673786e-08,8.5504575088873586e-08,8.9071576896745671e-08,9.1367767799641272e-08,9.1344137669436947e-08,9.0698853720366045e-08
5.1075,7.9660195482920144e-08,8.0312410526516398e-08,8.2534571929002903e-08,8.5840133248911496e-08,8.7904497213101863e-08,8.7555371235184152e-08,8.6757862449194401e-08
5.11,7.727724056846829e-08,7.7534435794706813e-08,7.9419148337140724e-08,8.2456272243783932e-08,8.4281405557730722e-08,8.3591479056757733e-08,8.2629949202005625e-08
5.1125,7.4786644006755259e-08,7.4635851990575475e-08,7.6175609305361205e-08,7.8939753050541908e-08,8.0520550934259969e-08,7.9476121280940876e-08,7.8339314430280626e-08
5.115,7.2200383491430858e-08,7.1630872835258912e-08,7.2820439953262966e-08,7.5308983024707482e-08,7.6641489734375717e-08,7.5230777959942921e-08,7.39080847117028e-08
5.1175,6.9531807747818196e-08,6.8534970310155005e-08,6.9371028182162087e-08,7.1583685222397192e-08,7.2665566352983561e-08,7.08791129545537e-08,6.9361297287052332e-08
5.12,6.6793642617792368e-08,6.5362521657448932e-08,6.5842773720183874e-08,6.7779737490141704e-08,6.860964992461075e-08,6.6440949727588404e-08,6.4719768411348374e-08
5.1225,6.3998242857071114e-08,6.212752565967271e-08,6.2250916088759278e-08,6.3913313365943454e-08,6.4491399920657974e-08,6.1935781216640964e-08,6.000394983848645e-08
5.125,6.1158197209677762e-08,5.8844591324982356e-08,5.8611694330711723e-08,6.0001250182964254e-08,6.0329004486946508e-08,5.7383200993542703e-08,5.5234712291991327e-08
5.1275,5.8286120426934333e-08,5.5528465692107331e-08,5.4941233057731291e-08,5.6060406421863169e-08,5.6140196676792045e-08,5.2801848362689075e-08,5.0431765080987049e-08
5.13,5.5394303695034473e-08,5.2193228371530206e-08,5.125471076055644e-08,5.2107111081942209e-08,5.1941560297898683e-08,4.8209980934589969e-08,4.5614153810775847e-08
5.1325,5.2495238151078111e-08,4.8852851549323699e-08,4.7567058987314253e-08,4.8157569173030215e-08,4.7749940102725874e-08,4.3626260822258504e-08,4.0801614252852186e-08
5.135,4.9600309745796625e-08,4.5519973435821051e-08,4.389201247355755e-08,4.4226613818514389e-08,4.3581665916263817e-08,3.9069540359697832e-08,3.6014236612330351e-08
5.1375,4.672101964861292e-08,4.2207604573277811e-08,4.0243890505893509e-08,4.0329487924506336e-08,3.9453472482465461e-08,3.4559121904072822e-08,3.1272496297393509e-08
5.14,4.3868742069841563e-08,3.892899869697133e-08,3.6637660872634827e-08,3.6482503495464862e-08,3.5382885382123217e-08,3.0115079481660293e-08,2.6597935244964718e-08
5.1425,4.1054802316644675e-08,3.5697503299253309e-08,3.3088333510606643e-08,3.2701129386241982e-08,3.138587519727988e-08,2.5754206440310867e-08,2.2008672824697317e-08
5.145,3.8290227819073823e-08,3.2525926543884924e-08,2.9609713675477504e-08,2.8999672109852841e-08,2.7477223055829232e-08,2.1492368592733714e-08,1.7521456981201227e-08
5.1475,3.5585959319726451e-08,2.9426653044632636e-08,2.6214785689309746e-08,2.539163865703689e-08,2.3671126946237017e-08,1.7345555590239725e-08,1.3153261649631359e-08
5.15,3.2952919908945578e-08,2.6411757263979337e-08,2.2916032465646025e-08,2.1889830915338129e-08,1.9981104309646174e-08,1.3328546581001935e-08,8.9196967810918679e-09
5.1525,3.0401594579367266e-08,2.3492792227574639e-08,1.9725624467323456e-08,1.850733269995469e-08,1.6420916283568315e-08,9.4565544465579238e-09,4.8371032721611773e-09
5.155,2.7942948827527407e-08,2.0682000260103466e-08,1.665648611749777e-08,1.525730705815453e-08,1.3004369385779426e-08,5.7450128506352791e-09,9.2171750473081221e-10
5.1575,2.5586522991022092e-08,1.7989941519814725e-08,1.3719665711598557e-08,1.2151320767963246e-08,9.7438197068228685e-09,2.2076564586160848e-09,-2.8120035757279567e-09
5.16,2.3342001490619325e-08,1.5427380542339061e-08,1.0926646717874781e-08,9.2017887880045005e-09,6.6526103631574723e-09,-1.1413569604687769e-09,-6.349073638506326e-09
5.1625,2.1217668193992136e-08,1.300352809740236e-08,8.2876331155032209e-09,6.4192895337710017e-09,3.7414018334095545e-09,-4.2903885636390731e-09,-9.6771694906670277e-09
5.165,1.9221155752523165e-08,1.0727105905668199e-08,5.8126662254634134e-09,3.8145573378284278e-09,1.021244141255024e-09,-7.2279760642595036e-09,-1.2784386982284534e-08
5.1675,1.7359901376382455e-08,8.6068993290602296e-09,3.5115880080288231e-09,1.3981008507741313e-09,-1.4969646846743719e-09,-9.9425693340977349e-09,-1.5658371744885859e-08
5.17,1.5641188783939403e-08,6.6514874839135103e-09,1.3933894666740765e-09,-8.2100562676012629e-10,-3.803891347966282e-09,-1.242383722396553e-08,-1.8288250987602666e-08
5.1725,1.4071644009654405e-08,4.8683787072342364e-09,-5.343500548040023e-10,-2.8355615539225911e-09,-5.8924892779983915e-09,-1.4664268476315165e-08,-2.0666443581705915e-08
5.175,1.2657071544934704e-08,3.2637213009918284e-09,-2.2657068298710179e-09,-4.6402537541789549e-09,-7.7576013644063713e-09,-1.6657734576642293e-08,-2.278606403956527e-08
5.1775,1.1401618143701557e-08,1.8416896603202382e-09,-3.7965942239609182e-09,-6.2305935246608555e-09,-9.3940922866996282e-09,-1.839834412975087e-08,-2.4640761569091866e-08
5.18,1.0308458703206223e-08,6.0553038271681197e-10,-5.1232678532791201e-09,-7.6020483270423851e-09,-1.0797150235482679e-08,-1.9881161536630431e-08,-2.6225468219762303e-08
5.1825,9.380039103470669e-09,-4.4195276168252548e-10,-6.2423840772148672e-09,-8.7502422236261445e-09,-1.1961831973413587e-08,-2.1101341435326953e-08,-2.7535108012397382e-08
5.185,8.6182209176171942e-09,-1.2984163593739207e-09,-7.15108448008018e-09,-9.6721188265159068e-09,-1.2884584208643236e-08,-2.2055629182787917e-08,-2.856647372044809e-08
5.1875,8.0240404256275816e-09,-1.962329746240621e-09,-7.8474255413919018e-09,-1.036666340951994e-08,-1.3565263599286035e-08,-2.2743760219412051e-08,-2.931920117343355e-08
5.19,7.5983917513645498e-09,-2.4322616534880781e-09,-8.3299391754232956e-09,-1.0832926758104167e-08,-1.4004256551583099e-08,-2.3167431692458335e-08,-2.9795010758179773e-08
5.1925,7.3416882302868777e-09,-2.7075239186811468e-09,-8.5982021445898395e-09,-1.1071310085331406e-08,-1.4202816583538703e-08,-2.3328963184747112e-08,-2.9996453983128452e-08
5.195,7.2539991267945337e-09,-2.7881858506290729e-09,-8.6526166759922176e-09,-1.1081663462741125e-08,-1.4160678583993867e-08,-2.3228790055596624e-08,-2.9924022894106404e-08
5.1975,7.3346795610694009e-09,-2.6753372578368265e-09,-8.4943478553161135e-09,-1.0865119272700285e-08,-1.3878804164313098e-08,-2.2868541153035537e-08,-2.9579742518811546e-08
5.2,7.5819833215390165e-09,-2.3712157130924256e-09,-8.1254493716631225e-09,-1.042328829168992e-08,-1.3358840591166662e-08,-2.2250481556597726e-08,-2.8966301577160537e-08
5.2025,7.9929219082035198e-09,-1.8791923531429215e-09,-7.5491624045773089e-09,-9.7593271358086784e-09,-1.2604164642273214e-08,-2.1379327144224876e-08,-2.8089502374994081e-08
5.205,8.5633828463720263e-09,-1.2037022148166409e-09,-6.7698601806811535e-09,-8.8782381707822056e-09,-1.1620887682558567e-08,-2.0262457638077883e-08,-2.695727848249116e-08
5.2075,9.2883250685190854e-09,-3.502678216159458e-10,-5.7937611277413634e-09,-7.7868338830660781e-09,-1.0415967238685113e-08,-1.8907189449531803e-08,-2.5577537453450718e-08
5.21,1.0162043043096084e-08,6.7474493033545847e-10,-4.6281325072399556e-09,-6.4938339123353905e-09,-8.9995729292561001e-09,-1.7325559105138396e-08,-2.3963441391662628e-08
5.2125,1.1178454884086253e-08,1.8644288573483214e-09,-3.2808583013484261e-09,-5.0078643521616296e-09,-7.3810231267249292e-09,-1.5528471707853158e-08,-2.2126956294723936e-08
5.215,1.2331192918413533e-08,3.2114755774251947e-09,-1.7601944934426424e-09,-3.3381144985316046e-09,-5.5703692745030541e-09,-1.3527237645743552e-08,-2.007947935674592e-08
5.2175,1.3613979829453359e-08,4.708519097962444e-09,-7.4579068527748541e-11,-1.4932408516162865e-09,-3.5765130398000696e-09,-1.1332169686488453e-08,-1.7832249422390926e-08
5.22,1.5019975984298964e-08,6.3473926135705894e-09,1.7669150540090636e-09,5.1712821102676228e-10,-1.4094245735042189e-09,-8.9545204279345352e-09,-1.5397328275447254e-08
5.2225,1.6541964475986759e-08,8.119499501121849e-09,3.7548308800936333e-09,2.6827733301891468e-09,9.1933967651813714e-10,-6.4074447357353905e-09,-1.2788656899095668e-08
5.225,1.8172616748247945e-08,1.0016273886495543e-08,5.880037941234741e-09,4.9939650840009228e-09,3.398599124112802e-09,-3.7035773229724092e-09,-1.0019771050029056e-08
5.2275,1.9904513391801117e-08,1.2029368544388184e-08,8.1336882194780621e-09,7.4411392290472636e-09,6.0176168520155207e-09,-8.5507253014394052e-10,-7.1037787004570479e-09
5.23,2.1731474344245324e-08,1.4152142120496603e-08,1.0508724365101812e-08,1.0016133249250947e-08,8.7672929777354056e-09,2.1268502528367721e-09,-4.0527493613575441e-09
5.2325,2.3647749795964382e-08,1.6378304398737028e-08,1.2998033738327226e-08,1.2710701915260972e-08,1.1638636003512026e-08,5.2307537302878831e-09,-8.7923934467316877e-10
5.235,2.5648031800440854e-08,1.8701727407485945e-08,1.5594546561810209e-08,1.5517576626638608e-08,1.4624056805587237e-08,8.4470646324277169e-09,2.4066321929718416e-09
5.2375,2.7727532486422214e-08,2.1116536858300253e-08,1.829138757681191e-08,1.8429572533982761e-08,1.7715933066083816e-08,1.1765908146428987e-08,5.7940237114117537e-09
5.24,2.9881689571699984e-08,2.3616960690663984e-08,2.1081740320821061e-08,2.1439026502185349e-08,2.0905789114653355e-08,1.517763785635904e-08,9.2726398976485694e-09
5.2425,3.2105749233444933e-08,2.6197011462388483e-08,2.3958378381549809e-08,2.4537725708628838e-08,2.4184223221582712e-08,1.8672022066359096e-08,1.2831173849451463e-08
5.245,3.4394601295207023e-08,2.8850240719479739e-08,2.6913456740956385e-08,2.7716532716694405e-08,2.7540854494002249e-08,2.2237713813421457e-08,1.6457178969967865e-08
5.2475,3.6743407484575586e-08,3.1570555827849146e-08,2.9939589244495445e-08,3.0966583924017546e-08,3.0966556066559716e-08,2.5865690707051795e-08,2.014081957809151e-08
5.25,3.9147139480241795e-08,3.4351820903632057e-08,3.3029640505967186e-08,3.4279249953269344e-08,3.4452153200268747e-08,2.954623897876074e-08,2.387183121883332e-08
5.2525,4.1600009787842114e-08,3.7187289760726461e-08,3.6176139855077187e-08,3.7647166017635014e-08,3.7989990128899629e-08,3.3270805444808342e-08,2.7641075722424249e-08
5.255,4.4097008299972268e-08,4.0071218827761418e-08,3.9373033313345961e-08,4.1063818867464386e-08,4.1572752993983944e-08,3.7030722332266488e-08,3.1439852156531889e-08
5.2575,4.6633568207179051e-08,4.2998594467013518e-08,4.2615171474208212e-08,4.4524392139924458e-08,4.5194325951061142e-08,4.081826840428176e-08,3.5260318506241763e-08
5.26,4.9204938928769439e-08,4.5964223624771808e-08,4.5896653768241191e-08,4.8022137528012154e-08,4.8846994694617983e-08,4.4624126068186976e-08,3.9092855087247518e-08
5.2625,5.1806872226101688e-08,4.8963200330962326e-08,4.9211666814391947e-08,5.1550442502057905e-08,5.2523261874091931e-08,4.8439469626820609e-08,4.2928380926706244e-08
5.265,5.4434678492174311e-08,5.1989936470863343e-08,5.2553638556944332e-08,5.510143936691115e-08,5.6215214537832496e-08,5.2255954218908049e-08,4.675827162926949e-08
5.2675,5.7084169312241326e-08,5.5039362855007118e-08,5.5916526779799884e-08,5.8667932454683452e-08,5.9915389226374359e-08,5.6066823494032107e-08,5.0575861548983826e-08
5.27,5.975081990986623e-08,5.8105990360555014e-08,5.9293984656561902e-08,6.2243108229719615e-08,6.3617326206018356e-08,5.9866427082107908e-08,5.4375360382103892e-08
5.2725,6.2430631666700331e-08,6.1184744693256603e-08,6.2679924311858901e-08,6.5820426535999378e-08,6.7314122824436632e-08,6.3647586090861008e-08,5.8149848394801017e-08
5.275,6.5118508368905127e-08,6.4269205895237904e-08,6.6066827369153436e-08,6.9392290374478464e-08,7.0997309623756617e-08,6.7401033589377115e-08,6.1890216559591373e-08
5.2775,6.7808856094668838e-08,6.7352443805181114e-08,6.9446646046776282e-08,7.2949684356187883e-08,7.4657184319882678e-08,7.1116500509902069e-08,6.5586374345723534e-08
5.28,7.049462671451544e-08,7.0426088708291399e-08,7.2809845871108861e-08,7.6482562223551262e-08,7.8284094855162132e-08,7.4784463253798059e-08,6.9228813740097341e-08
5.2825,7.3168298014782941e-08,7.3481459285887336e-08,7.614681159234216e-08,7.9980770980127346e-08,8.1867492174614279e-08,7.8394553680641651e-08,7.2807514070489403e-08
5.285,7.5820895442116143e-08,7.6508319011306015e-08,7.9446155330596299e-08,8.343210158182869e-08,8.5395156708405445e-08,8.1935732026625945e-08,7.6311898213362361e-08
5.2875,7.8443981357195139e-08,7.9497043837211757e-08,8.2697520927772217e-08,8.6825931715925191e-08,8.8856599054754024e-08,8.539754775960965e-08,7.9731800952250339e-08
5.29,8.1027106950267909e-08,8.2435832838879749e-08,8.588833861189757e-08,9.0149029572267008e-08,9.2238723270636738e-08,8.8767659447997167e-08,8.3055196435729757e-08
5.2925,8.3559377922049128e-08,8.5312677391193191e-08,8.9006170906783092e-08,9.3389627295684883e-08,9.5529745715605552e-08,9.2034960833539226e-08,8.6271687678378824e-08
5.295,8.6030206235142199e-08,8.8115918956905191e-08,9.2038645557637223e-08,9.6534314923325308e-08,9.8715630689894839e-08,9.5186118998617534e-08,8.9368766611454155e-08
5.2975,8.8428047241241827e-08,9.083256653609245e-08,9.4971213528168733e-08,9.9567419565141751e-08,1.0178029862868349e-07,9.8206092239194854e-08,9.2332150470443883e-08
5.3,9.0742169476342025e-08,9.3450059792701933e-08,9.7789744232754121e-08,1.0247402466184419e-07,1.0470847383571253e-07,1.0107995159779063e-07,9.5147428896437007e-08
5.3025,9.2959736196233541e-08,9.5953633211940209e-08,1.0047815059887106e-07,1.0523767254745377e-07,1.0748418757703851e-07,1.0379131943482344e-07,9.7798641488246291e-08
5.305,9.5066680840025315e-08,9.8327178594385202e-08,1.0301900441967127e-07,1.0784043453922835e-07,1.1008968525595668e-07,1.0632287851155186e-07,1.0026894764554562e-07
5.3075,9.7048864095948075e-08,1.0055472109695718e-07,1.0539503822047216e-07,1.1026493626584573e-07,1.1250721129354156e-07,1.0865764742307546e-07,1.0254210843646831e-07
5.31,9.8892146032727722e-08,1.0262040821582103e-07,1.0758933445862807e-07,1.1249366517659874e-07,1.1471874289241373e-07,1.1077789094680306e-07,1.0460114293590977e-07
5.3125,1.0058176404601433e-07,1.0450757838944916e-07,1.0958389503402069e-07,1.1450731773869097e-07,1.1670448459260486e-07,1.1266378459009248e-07,1.0642642426144578e-07
5.315,1.0210311257293897e-07,1.0619977521552188e-07,1.1136084746421594e-07,1.1628708856415863e-07,1.1844498059928449e-07,1.1429538305700008e-07,1.0799833067587713e-07
5.3175,1.0344157533367333e-07,1.0768066344147845e-07,1.1290242745792741e-07,1.1781443981142165e-07,1.1992144976060376e-07,1.1565464021348676e-07,1.0929924973568641e-07
5.32,1.0458361669999674e-07,1.0893500919413469e-07,1.1419198321247393e-07,1.1907240121480661e-07,1.2111751152490638e-07,1.1672545405494806e-07,1.1031329850775035e-07
5.3225,1.0551631609248918e-07,1.0994808325242161e-07,1.1521364828916947e-07,1.2004452557473127e-07,1.2201654506546227e-07,1.1749183565183884e-07,1.1102484925374516e-07
5.325,1.0622673430208725e-07,1.1070506213519973e-07,1.1595156893001581e-07,1.2071412838236837e-07,1.2260080937050298e-07,1.1793563440748869e-07,1.1141587137167583e-07
5.3275,1.0670218433032012e-07,1.1119157871989063e-07,1.1639044940817092e-07,1.21065266140433e-07,1.2285357932699302e-07,1.1803927553352179e-07,1.1146857664885569e-07
5.33,1.0693090521322652e-07,1.1139461991875777e-07,1.1651660967650266e-07,1.2108459984602178e-07,1.227610375686247e-07,1.1778765653486792e-07,1.111678086021155e-07
5.3325,1.0690227953711445e-07,1.1130271911284529e-07,1.1631809424356297e-07,1.2075963902838446e-07,1.2231049807790352e-07,1.1716749012931226e-07,1.1050026009975432e-07
5.335,1.0660716460810184e-07,1.109061744969566e-07,1.1578478656020814e-07,1.2008002702356834e-07,1.2149186633700397e-07,1.1616859539189214e-07,1.0945563445863594e-07
5.3375,1.0603813461628057e-07,1.1019734061909446e-07,1.1490912410161404e-07,1.1903823013839825e-07,1.2029788415221699e-07,1.1478434811484625e-07,1.0802734777923317e-07
5.34,1.0518949974998796e-07,1.0917033264060871e-07,1.1368540124512623e-07,1.176285565633327e-07,1.1872273446098803e-07,1.1300898276395846e-07,1.0620867304296286e-07
5.3425,1.0405725954183603e-07,1.0782088364874107e-07,1.121094492006899e-07,1.1584705531510256e-07,1.1676252240852543e-07,1.1083913814747123e-07,1.0399663142482587e-07
5.345,1.0263910796191392e-07,1.0614647348136813e-07,1.1017889399545502e-07,1.1369212505708943e-07,1.144164171793268e-07,1.082743540887763e-07,1.0139068055097446e-07
5.3475,1.0093489592032785e-07,1.041470566276508e-07,1.0789384907444049e-07,1.1116415327987124e-07,1.1168491776298351e-07,1.0531497044974241e-07,9.8390875664947036e-08
5.35,9.8946462992411396e-08,1.0182494639771221e-07,1.0525710690860514e-07,1.0826635616602989e-07,1.0857131815665639e-07,1.0196415130824327e-07,9.5000542313185057e-08
5.3525,9.6677953398722643e-08,9.9185348739586993e-08,1.0227517474170718e-07,1.0500616468283121e-07,1.0508308487115404e-07,9.8228487343415629e-08,9.1225457633613283e-08
5.355,9.4135434083652896e-08,9.6235646987588432e-08,9.8956844852810235e-08,1.0139306785169056e-07,1.0123004457419656e-07,9.4117284398385581e-08,8.7074230454827288e-08
5.3575,9.1327490942115915e-08,9.2986050304448356e-08,9.5313889113472448e-08,9.7439988959567628e-08,9.7025946237405151e-08,8.9644405123712039e-08,8.2560396242383282e-08
5.36,8.8263738826729254e-08,8.9447912839206634e-08,9.1359035746068525e-08,9.3160590740103565e-08,9.2484960084466335e-08,8.4824203284485598e-08,7.7698174316994491e-08
5.3625,8.4956332894586234e-08,8.5635580571639612e-08,8.7108367456471345e-08,8.8571858743454815e-08,8.7624767215014609e-08,7.9675834647491849e-08,7.2506994731547238e-08
5.365,8.1418320557916254e-08,8.156442438010285e-08,8.2579144104804175e-08,8.3692491158800745e-08,8.2465124193209013e-08,7.4219862754927711e-08,6.700748582555886e-08
5.3675,7.7664513087723015e-08,7.7251515195961122e-08,7.7790315594588384e-08,7.8543020111605005e-08,7.7028172163684123e-08,6.8480255047240484e-08,6.1223132025428439e-08
5.37,7.3710941868287931e-08,7.2715125515093219e-08,7.2761984525167993e-08,7.3145030895075095e-08,7.1336603267440212e-08,6.2479318482376094e-08,5.5176195543296882e-08
5.3725,6.9576082340132731e-08,6.7976473435942309e-08,6.75177332915193e-08,6.7523774204482042e-08,6.5417223398128723e-08,5.6246333546706586e-08,4.8895911462115062e-08
5.375,6.5278083260473306e-08,6.3056194345072747e-08,6.2080419706462902e-08,6.1703706550081129e-08,5.9295191483350147e-08,4.9807372845301364e-08,4.240834835297415e-08
5.3775,6.083604300867641e-08,5.7975882206935176e-08,5.6473551475201047e-08,5.5709304641049752e-08,5.2995513248255987e-08,4.3188264280316932e-08,3.5738846552439941e-08
5.38,5.6270139582894241e-08,5.2758285755154056e-08,5.0721635389708962e-08,4.9566299442482965e-08,4.6544873307954247e-08,3.6416160537258941e-08,2.8914656285733857e-08
5.3825,5.1599699562080104e-08,4.7425383366405538e-08,4.4848879529436062e-08,4.3300420762896786e-08,3.9970256141295229e-08,2.9518336742389578e-08,2.1963398330242473e-08
5.385,4.6844383501670826e-08,4.199985993837754e-08,3.8880362058225433e-08,3.6938696690107845e-08,3.3300398945177459e-08,2.2524249424988108e-08,1.4914626060242219e-08
5.3875,4.202494950988906e-08,3.6505631890091597e-08,3.2842348226269892e-08,3.0508991740684109e-08,2.6564118431476277e-08,1.5464222678893728e-08,7.7990014606175453e-09
5.39,3.7162166508987854e-08,3.0966290739134814e-08,2.6760347226955018e-08,2.4037949986448681e-08,1.9788960919210901e-08,8.3668200086331156e-09,6.4485830319011433e-10
5.3925,3.2276650818094397e-08,2.5405064199060322e-08,2.0659332126298032e-08,1.755110127096916e-08,1.3001094707059812e-08,1.2598051237450054e-09,-6.5199287005183215e-09
5.395,2.7388490503218562e-08,1.9844389153778359e-08,1.456295515912696e-08,1.1073121854351318e-08,6.225817987190629e-09,-5.830179121177047e-09,-1.3668398172712054e-08
5.3975,2.2518257798997698e-08,1.4307311942348164e-08,8.4963929653411836e-09,4.6307245504344039e-09,-5.0901988599160155e-10,-1.2874564754754835e-08,-2.0771959356701442e-08
5.4,1.7686014872518814e-08,8.8165368534741065e-09,2.4845048908478894e-09,-1.7499787008476043e-09,-7.1765086044139425e-09,-1.9845652628296045e-08,-2.7802525515056527e-08
5.4025,1.2910562251603509e-08,3.3931978270398952e-09,-3.4498184888458817e-09,-8.0452100641551582e-09,-1.3752022746593933e-08,-2.6718043778104641e-08,-3.4734506177922097e-08
5.405,8.2109379306565261e-09,-1.941238138083826e-09,-9.2836084328164451e-09,-1.4231361983468271e-08,-2.0211194411699739e-08,-3.3466682396490632e-08,-4.1543070446563194e-08
5.4075,3.6050843934993467e-09,-7.1666219579404955e-09,-1.4995614750977611e-08,-2.0286480436330793e-08,-2.6531266695099767e-08,-4.0068065184596269e-08,-4.8204418310887138e-08
5.41,-8.8991838617514066e-10,-1.2263828244553962e-08,-2.0565312282814202e-08,-2.618872983782468e-08,-3.2689711517959609e-08,-4.6498575455964802e-08,-5.4694813633315991e-08
5.4125,-5.2588812726353875e-09,-1.7216002256908158e-08,-2.5974750721086492e-08,-3.1918878619015136e-08,-3.8665963344435011e-08,-5.2736596125468431e-08,-6.0992362506724753e-08
5.415,-9.4854185527658906e-09,-2.2004988152612368e-08,-3.1204199389365726e-08,-3.7456322326635537e-08,-4.4438892190085784e-08,-5.8760042601232627e-08,-6.7074746924776981e-08
5.4175,-1.3556061264701878e-08,-2.6615705994159553e-08,-3.6237303463000619e-08,-4.278390188013512e-08,-4.9990862348566541e-08,-6.4551026031868604e-08,-7.2923598562823452e-08
5.42,-1.745703088876033e-08,-3.1032562892450573e-08,-4.1057398454239844e-08,-4.7884309356754313e-08,-5.5304088067710409e-08,-7.0091393738854371e-08,-7.8521104328189876e-08
5.4225,-2.1176217527749996e-08,-3.5241932779885883e-08,-4.5650039106054849e-08,-5.2742949061692121e-08,-6.0363631000705878e-08,-7.5365637875572791e-08,-8.3851846892133983e-08
5.425,-2.4701742506311829e-08,-3.9230353688259008e-08,-5.0000718893009408e-08,-5.734513557880916e-08,-6.5155205910700899e-08,-8.0359332099511282e-08,-8.8901191094850923e-08
5.4275,-2.8021763959613223e-08,-4.2984128852405721e-08,-5.4094518994036674e-08,-6.16757475366227e-08,-6.9662848767472675e-08,-8.5055319613545677e-08,-9.365152554834783e-08
5.43,-3.1123704592313457e-08,-4.6488647629834321e-08,-5.7915505732458465e-08,-6.5718092890804046e-08,-7.3869434264219484e-08,-8.9435426062580955e-08,-9.8084418842913192e-08
5.4325,-3.3997088460622881e-08,-4.9732180974114309e-08,-6.1451168244597611e-08,-6.9458771967713493e-08,-7.7760991901947851e-08,-9.3485313052927651e-08,-1.0218534328263238e-07
5.435,-3.663196207336625e-08,-5.2703941977769377e-08,-6.4689605672449864e-08,-7.288443282854792e-08,-8.1323201867234188e-08,-9.7190009443924348e-08,-1.0593913746429105e-07
5.4375,-3.9020416285730969e-08,-5.5395533620949638e-08,-6.7621663186073356e-08,-7.5985003959583945e-08,-8.4545506110504556e-08,-1.0053941890214695e-07,-1.0933629287431362e-07
5.44,-4.1155761197725715e-08,-5.7799605638859947e-08,-7.0239390858859204e-08,-7.8751926975940416e-08,-8.7418980719998404e-08,-1.0352484956668222e-07,-1.1236802750654948e-07
5.4425,-4.30327945004151e-08,-5.9910345265852612e-08,-7.2536703639708972e-08,-8.1179344495885082e-08,-8.9937589225552842e-08,-1.061400080949003e-07,-1.1502809985821606e-07
5.445,-4.4646776751052465e-08,-6.1722375924408572e-08,-7.4507847015449863e-08,-8.326126570438863e-08,-9.2095236206191299e-08,-1.0837833617465697e-07,-1.1730988866440984e-07
5.4475,-4.5995232301480047e-08,-6.3232827626477534e-08,-7.6149466442867827e-08,-8.4994313331933654e-08,-9.3889149581850158e-08,-1.1023724590005819e-07,-1.1921088490970608e-07
5.45,-4.7076322528825851e-08,-6.4439511861775026e-08,-7.7459121101261248e-08,-8.6376262683480139e-08,-9.5317404186241252e-08,-1.1171561081713812e-07,-1.2073006686764576e-07
5.4525,-4.7889999748907724e-08,-6.5342265279938803e-08,-7.8436755806027713e-08,-8.7407497347615412e-08,-9.6380244370749635e-08,-1.1281399503768881e-07,-1.2186790563223623e-07
5.455,-4.8437792046451048e-08,-6.5942652790087298e-08,-7.9083668572705758e-08,-8.808912754197059e-08,-9.7079430949157159e-08,-1.1353512399798182e-07,-1.2262740832387819e-07
5.4575,-4.8721747920458892e-08,-6.6242696327833556e-08,-7.9401548047988811e-08,-8.8422333888183991e-08,-9.7416164939729602e-08,-1.1387993570004747e-07,-1.2300986551598571e-07
5.46,-4.8744749917255546e-08,-6.6245401140041487e-08,-7.9393092517235433e-08,-8.8409125734522207e-08,-9.7392029070313081e-08,-1.1384962649516074e-07,-1.2301666105654097e-07
5.4625,-4.8510695536808066e-08,-6.5955146669375249e-08,-7.9062700643253875e-08,-8.805353712565349e-08,-9.7010945583906272e-08,-1.1344884878881092e-07,-1.2265294295065259e-07
5.465,-4.8024786756444844e-08,-6.5377870091150655e-08,-7.8416502361517606e-08,-8.7361520514884651e-08,-9.6278702351636744e-08,-1.1268424714699452e-07,-1.2192553979784071e-07
5.4675,-4.7293393129908842e-08,-6.4520640894329325e-08,-7.7461835419732506e-08,-8.6340600149521575e-08,-9.5202561569010467e-08,-1.1156363844401335e-07,-1.2084268984993359e-07
5.47,-4.6323693440385449e-08,-6.3391394030360865e-08,-7.6207287315196866e-08,-8.4999936388681634e-08,-9.379213193082667e-08,-1.1009736643883921e-07,-1.1941447799503612e-07
5.4725,-4.512366935916814e-08,-6.1999285060457016e-08,-7.4663138123306156e-08,-8.3350793947971938e-08,-9.2059261475523672e-08,-1.0829647949246673e-07,-1.1765207054187951e-07
5.475,-4.3702366736532173e-08,-6.0354957358814356e-08,-7.2841385050940751e-08,-8.1406230126177993e-08,-9.0018085957335599e-08,-1.0617554777870142e-07,-1.1557026167468712e-07
5.4775,-4.206942012051539e-08,-5.8469749845603436e-08,-7.0754727932041164e-08,-7.9180002790996085e-08,-8.7683167821670718e-08,-1.037494425630619e-07,-1.1318420213741279e-07
5.48,-4.0234713239110321e-08,-5.6355079164872408e-08,-6.8415794708740607e-08,-7.6685988883440725e-08,-8.5070004770635891e-08,-1.0103526812176172e-07,-1.1051096520230671e-07
5.4825,-3.8207832072923846e-08,-5.4021738785333143e-08,-6.5836042749494312e-08,-7.3935649003783781e-08,-8.2190720101338692e-08,-9.8047000615127083e-08,-1.0756483498147172e-07
5.485,-3.599811386173042e-08,-5.148010667825865e-08,-6.30265254023164e-08,-7.0940327769675129e-08,-7.9056918095309284e-08,-9.479764563930076e-08,-1.0435867196842617e-07
5.4875,-3.3613968054219865e-08,-4.8739524637472078e-08,-5.9996990472547831e-08,-6.7709348498954107e-08,-7.5677868248756327e-08,-9.1297875453659039e-08,-1.0090340752840198e-07
5.49,-3.1063807623624044e-08,-4.5809482855543403e-08,-5.6757963432249115e-08,-6.4254365025567386e-08,-7.2065100017841316e-08,-8.7559400830068206e-08,-9.7211111604892448e-08
5.4925,-2.8355845295949632e-08,-4.269955874217413e-08,-5.332030733795833e-08,-6.0587719031350555e-08,-6.8231711402419883e-08,-8.3594670256594942e-08,-9.3294097312810746e-08
5.495,-2.5498049299697932e-08,-3.9419442269187487e-08,-4.9695231773311647e-08,-5.6721055357267853e-08,-6.4189702455490126e-08,-7.9415828626809092e-08,-8.9164414172356894e-08
5.4975,-2.249852006234819e-08,-3.5979125364646226e-08,-4.5894161090776139e-08,-5.2666553903894042e-08,-5.9951869569312716e-08,-7.5036375817567908e-08,-8.4835562802555994e-08
5.5,-1.9366097975045894e-08,-3.2389172496198903e-08,-4.1929073238819045e-08,-4.8437008935898974e-08,-5.5531641363116922e-08,-7.0470548908148529e-08,-8.0321944229560995e-08
5.5025,-1.6109646857648682e-08,-2.8659652799006108e-08,-3.7810809732019759e-08,-4.404422497611282e-08,-5.0942361986272663e-08,-6.5733238616080295e-08,-7.5638517972748626e-08
5.505,-1.2737154504820832e-08,-2.4799060696877926e-08,-3.3548292468790693e-08,-3.9498192576930991e-08,-4.6194824710936446e-08,-6.0835632455516814e-08,-7.0796252901989406e-08
5.5075,-9.2556210150115681e-09,-2.0814625419998131e-08,-2.9148971070927395e-08,-3.4806850385719601e-08,-4.129763906238181e-08,-5.5786470841474914e-08,-6.5803656319837835e-08
5.51,-5.6717961469574922e-09,-1.6713595465415653e-08,-2.4620805608647277e-08,-2.9978534395017491e-08,-3.6259079376995706e-08,-5.0592605253993118e-08,-6.0666656866651851e-08
5.5125,-1.9914739974661936e-09,-1.250284780214956e-08,-1.9972082479457102e-08,-2.5022179913535616e-08,-3.1087659997937228e-08,-4.5262706701261037e-08,-5.5393593270481521e-08
5.515,1.779034603862237e-09,-8.1903573441146081e-09,-1.5212114452737387e-08,-1.9947376011678467e-08,-2.5793122912583785e-08,-3.9806676588813792e-08,-4.9993773474202476e-08
5.5175,5.6323222196167906e-09,-3.7852972787244375e-09,-1.0351463907714081e-08,-1.4765411748940277e-08,-2.0386952717245338e-08,-3.423634746661853e-08,-4.4478470661661012e-08
5.52,9.5604356153125383e-09,7.0285452750900599e-10,-5.4010354314166493e-09,-9.4883129533439653e-09,-1.4881732584153783e-08,-2.8564011965922006e-08,-3.8859389965446055e-08
5.5225,1.3555472199585546e-08,5.2650489730566051e-09,-3.7067339290337286e-10,-4.1270700816638778e-09,-9.2894626419340981e-09,-2.2801988364659292e-08,-3.3148269213536473e-08
5.525,1.7608606331501699e-08,9.8914182339021661e-09,4.7290466053328538e-09,1.3067813670891614e-09,-3.6228822282382596e-09,-1.6963279343917086e-08,-2.735731660672381e-08
5.5275,2.1712391274400544e-08,1.4573577998527479e-08,9.8889390752981855e-09,6.8036461573693055e-09,2.107810205577815e-09,-1.1057708113244267e-08,-2.1495542874925566e-08
5.53,2.5857908052460029e-08,1.9301367453910262e-08,1.5097602504618445e-08,1.2351593318747511e-08,7.8908241537884826e-09,-5.096370711690817e-09,-1.5573452193206807e-08
5.5325,3.0036286531907015e-08,2.4064488242000532e-08,2.0343563446894258e-08,1.7938891062674186e-08,1.3714884914632895e-08,9.1010463999256445e-10,-9.6013102559772384e-09
5.535,3.4237585774382159e-08,2.8851279617057236e-08,2.5613270438545914e-08,2.3550719635105787e-08,1.9564484491796661e-08,6.9451908069012786e-09,-3.5948671769951451e-09
5.5375,3.8451416598782147e-08,3.3649522752838159e-08,3.0892888224771093e-08,2.9172020970974452e-08,2.542450300545445e-08,1.2993403865062142e-08,2.4308416402058676e-09
5.54,4.2666219711281399e-08,3.8445928086659407e-08,3.6167729708498247e-08,3.4787410894096835e-08,3.1279184677296899e-08,1.9038915336112175e-08,8.4604762755201446e-09
5.5425,4.6871524431085591e-08,4.3228890088160652e-08,4.1425438245930513e-08,4.0383721148041143e-08,3.7115100545599396e-08,2.5068990994191185e-08,1.4481692155783843e-08
5.545,5.1055291018913081e-08,4.7985233753059725e-08,4.6651880188538742e-08,4.5946286729731548e-08,4.2917090277915482e-08,3.1069556133860736e-08,2.0480742401854983e-08
5.5475,5.520631048643296e-08,5.270258131704311e-08,5.1834047097664181e-08,5.1461373239728519e-08,4.8670712166796967e-08,3.7026440262847027e-08,2.6443812962144746e-08
5.55,5.9311902859011526e-08,5.7366657656298121e-08,5.6956411510262474e-08,5.6912392406421972e-08,5.4358708413442185e-08,4.2922601842649765e-08,3.2354289165238594e-08
5.5525,6.335829776803914e-08,6.1961447247012941e-08,6.2000773622241439e-08,6.2280230990787554e-08,5.9961798008085273e-08,4.8738519505259566e-08,3.8192874169320393e-08
5.555,6.7331497301914715e-08,6.6470119710942196e-08,6.6947660997609037e-08,6.754392787591759e-08,6.5458355112658975e-08,5.4452484666518889e-08,4.3938500511931103e-08
5.5575,7.1216624003319066e-08,7.0875076283997179e-08,7.1776920946419448e-08,7.2681756045970282e-08,7.0826466547960951e-08,6.0042499589376324e-08,4.956948087003899e-08
5.56,7.4997074187897766e-08,7.5157477412474909e-08,7.6468227069081529e-08,7.7672075706104032e-08,7.6043397746367713e-08,6.5485967414792426e-08,5.5063286566577096e-08
5.5625,7.865700745814768e-08,7.929999783254755e-08,8.1003668840113577e-08,8.2496072499300441e-08,8.1089044653208165e-08,7.0762119192943574e-08,6.0398935384614844e-08
5.565,8.2179662346048313e-08,8.3284341245067502e-08,8.5364020707587398e-08,8.7133836398267909e-08,8.5942678310648474e-08,7.5849628239740534e-08,6.5555710987051452e-08
5.5675,8.5548968401906887e-08,8.7092612347707111e-08,8.9529694292108692e-08,9.1564440410858724e-08,9.0582507060378331e-08,8.0725409210010415e-08,7.0510183967523453e-08
5.57,8.8749986758474064e-08,9.0707634600696248e-08,9.3481433707237436e-08,9.5767911660867344e-08,9.498838349413544e-08,8.5368747767630514e-08,7.5241478918408091e-08
5.5725,9.1765285814044418e-08,9.4109728656880621e-08,9.7197763642418833e-08,9.9722180702222635e-08,9.9138166322298476e-08,8.9756763281095495e-08,7.972638474473503e-08
5.575,9.4578938757132248e-08,9.7280954469517564e-08,1.0065901986537002e-07,1.0340624370552688e-07,1.0301064669405378e-07,9.3868063275620823e-08,8.3943144407468805e-08
5.5775,9.7176951960487258e-08,1.0020539619087141e-07,1.0384796904854886e-07,1.0680211618716895e-07,1.0658647021876141e-07,9.7682494014436293e-08,8.7870913360617946e-08
5.58,9.9545369910981285e-08,1.0286707407053477e-07,1.0674738001228302e-07,1.0989137090244323e-07,1.098462136539577e-07,1.011789473000662e-07,9.1487776307111078e-08
5.5825,1.0167118736092156e-07,1.0525121282636175e-07,1.0934142916410762e-07,1.1265676099337252e-07,1.1277151081704692e-07,1.043383415710526e-07,9.4774054544852153e-08
5.585,1.0354177900982454e-07,1.073437275544353e-07,1.1161463874554401e-07,1.1508126496034378e-07,1.1534374346552576e-07,1.0714127349371804e-07,9.7709811869484491e-08
5.5875,1.0514543631161409e-07,1.0913172698402081e-07,1.1355302686912232e-07,1.1715038598472652e-07,1.1754737729806987e-07,1.0956991340095841e-07,1.0027626047767278e-07
5.59,1.0647227659308884e-07,1.1060439867462216e-07,1.1514495947832903e-07,1.1885193078195696e-07,1.1936937814683974e-07,1.1160869533167467e-07,1.0245668580863719e-07
5.5925,1.075138239688176e-07,1.1175246031122918e-07,1.1638059377377801e-07,1.201754010865759e-07,1.2079822684937186e-07,1.1324396146723735e-07,1.0423650837127508e-07
5.595,1.0826301084370113e-07,1.1256826293505159e-07,1.1725184831531727e-07,1.2111191319847005e-07,1.2182446399778854e-07,1.144648685327291e-07,1.0560383710402285e-07
5.5975,1.0871406144560304e-07,1.1304551711041517e-07,1.1775220760243377e-07,1.2165483094716781e-07,1.2244096852436453e-07,1.1526322056626419e-07,1.0654896139815858e-07
5.6,1.0886262142801323e-07,1.1317929802677639e-07,1.1787668545229881e-07,1.2179995993459678e-07,1.2264433314117986e-07,1.1563512062401272e-07,1.0706703163875767e-07
5.6025,1.0870577090009815e-07,1.129662137768301e-07,1.1762197303782498e-07,1.2154423150632735e-07,1.2243139198577902e-07,1.1557632680752203e-07,1.0715283757042602e-07
5.605,1.0824221213294081e-07,1.124049674148653e-07,1.1698705626581807e-07,1.208865238976819e-07,1.2180036993026239e-07,1.1508338204378513e-07,1.0680161336696676e-07
5.6075,1.0747252917659129e-07,1.114966964508983e-07,1.1597353787458184e-07,1.1982824804530134e-07,1.2075235393595254e-07,1.1415608238258455e-07,1.0601211685260633e-07
5.61,1.0639945929809164e-07,1.1024512601824678e-07,1.1458554872636468e-07,1.1837336777485807e-07,1.1929082332970196e-07,1.1279690653651685e-07,1.0478547468823537e-07
5.6125,1.0502801156825136e-07,1.0865622592656293e-07,1.1282962788404627e-07,1.1652864380636165e-07,1.1742202354503166e-07,1.1101077392240698e-07,1.031257875220638e-07
5.615,1.0336451266102867e-07,1.0673702981985076e-07,1.1071344860427389e-07,1.1430229749653963e-07,1.1515413146865748e-07,1.0880577011037667e-07,1.0103998305262847e-07
5.6175,1.0141707835650705e-07,1.0449662066179364e-07,1.0824711665144853e-07,1.1170507181552274e-07,1.1249789416963078e-07,1.0619108301838902e-07,9.8536426518990705e-08
5.62,9.9194523539001858e-08,1.0194517372791535e-07,1.0544215329995966e-07,1.0874918330071593e-07,1.0946569656449141e-07,1.0317843673194271e-07,9.5626489987162411e-08
5.6225,9.6707645981835717e-08,9.9095392460407056e-08,1.0231287733486238e-07,1.0544969013290623e-07,1.0607304278510185e-07,9.9782274630493793e-08,9.2323564158451032e-08
5.625,9.3968633814304433e-08,9.5961443883961334e-08,9.8874882593097855e-08,1.018231754258213e-07,1.0233682168701175e-07,9.6019759231503562e-08,8.8644430951092461e-08
5.6275,9.0990863834560523e-08,9.2558720280582184e-08,9.5145008130127341e-08,9.7887359339422633e-08,9.8275571686012307e-08,9.1910039700150396e-08,8.4607778535835915e-08
5.63,8.7789380511066866e-08,8.8904511430525182e-08,9.1142282820688741e-08,9.3662021561679557e-08,9.3909567643069587e-08,8.7473039170805214e-08,8.023300151474468e-08
5.6325,8.4381121095503357e-08,8.5017836797663739e-08,8.6886895985606087e-08,8.9167969104181547e-08,8.9260087059787587e-08,8.2730494928584875e-08,7.5541863645777888e-08
5.635,8.0783254780014653e-08,8.091761251170767e-08,8.2398790144146811e-08,8.4425969568135886e-08,8.4348312726637235e-08,7.7703549056439854e-08,7.0554531858304645e-08
5.6375,7.7013039056321681e-08,7.6622821908890026e-08,7.7698121765022477e-08,7.9457431712321949e-08,7.9196575857141635e-08,7.2414874307182001e-08,6.5293161049434632e-08
5.64,7.3088340979687215e-08,7.2153493357044517e-08,7.2807052224312286e-08,7.428587239322686e-08,7.3829011310022244e-08,6.6888570865625333e-08,5.9781596682559533e-08
5.6425,6.9027141594155571e-08,6.753023317256071e-08,6.7748394900083063e-08,6.8935283789135859e-08,6.827024357898553e-08,6.1149446571568426e-08,5.4044884590297328e-08
5.645,6.4847767980039144e-08,6.2774114632713806e-08,6.2545353787187984e-08,6.3430251518751409e-08,6.2545647573350977e-08,5.5223204810408285e-08,4.8108974703569491e-08
5.6475,6.0569372709215e-08,5.7907010972385764e-08,5.722159120611801e-08,5.7795071175802219e-08,5.6680279053198541e-08,4.9136129032275941e-08,4.2000693139382108e-08
5.65,5.6211128403114839e-08,5.2950516789141633e-08,5.1799908929297883e-08,5.2053508684467882e-08,5.0698560425703395e-08,4.2914318054235703e-08,3.5746731124126557e-08
5.6525,5.1791751247982879e-08,4.792562287783675e-08,4.6302803237107353e-08,4.6229004954991476e-08,4.4624920332056766e-08,3.6583842731113029e-08,2.9373231790056004e-08
5.655,4.7331700499921321e-08,4.2855365667066077e-08,4.0755297383555215e-08,4.0347964686311735e-08,3.8487056082550597e-08,3.0173701154131717e-08,2.2909296793258781e-08
5.6575,4.2849610475708729e-08,3.7760769822904194e-08,3.5180305381526955e-08,3.4434777655917064e-08,3.2310260192005944e-08,2.3709547787595517e-08,1.638089304492606e-08
5.66,3.8365692627496912e-08,3.2664537251722763e-08,2.9602544554086964e-08,2.8515315856690038e-08,2.6121269251641725e-08,1.7219113226354907e-08,9.8163055591181879e-09
5.6625,3.389787028197682e-08,2.7586830753054175e-08,2.404383119041061e-08,2.2612329416901305e-08,1.9943932472219678e-08,1.0727167814269045e-08,3.2408321787494473e-09
5.665,2.9464737483307955e-08,2.2548633408070124e-08,1.8526481480019058e-08,1.6749170549706289e-08,1.3802727150733955e-08,4.2604491876714825e-09,-3.3178061526651037e-09
5.6675,2.5082802619852084e-08,1.7568649216003454e-08,1.3070895080069768e-08,1.0947315861688099e-08,7.7196368298953254e-09,-2.1574125102009417e-09,-9.8351737606573983e-09
5.67,2.0770023221517592e-08,1.2667252279424022e-08,7.6992802174847585e-09,5.2302253340327186e-09,1.719057312470271e-09,-8.4999727459331603e-09,-1.6283920240800171e-08
5.6725,1.6541546681313308e-08,7.8614641806796491e-09,2.4296929010167214e-09,-3.8302509962460947e-10,-4.1782182391315171e-09,-1.4744040959819928e-08,-2.2639894539662772e-08
5.675,1.2412795985183334e-08,3.1684647850474266e-09,-2.7194592494501054e-09,-5.8724301390215781e-09,-9.9508824083299534e-09,-2.0867422152093944e-08,-2.8880166216420595e-08
5.6775,8.3972407920576629e-09,-1.3967630658536036e-09,-7.7316381473424463e-09,-1.1220131431303257e-08,-1.5579833255549332e-08,-2.6849800260119439e-08,-3.4983771817547698e-08
5.68,4.5070580703408011e-09,-5.8204038682496812e-09,-1.2591523609130497e-08,-1.6410156707934401e-08,-2.1047643629623214e-08,-3.267146507436148e-08,-4.0929950473475635e-08
5.6825,7.5426100098743046e-10,-1.0088506110431609e-08,-1.7283536751801654e-08,-2.1425486911205987e-08,-2.6336303757030858e-08,-3.8312205990362709e-08,-4.6697226935065469e-08
5.685,-2.8496647091413844e-09,-1.4187395644290834e-08,-2.1792553350269414e-08,-2.6250738875025107e-08,-3.1429885789295758e-08,-4.3753636618861348e-08,-5.2266281882159887e-08
5.6875,-6.2927984474350998e-09,-1.8102889650139071e-08,-2.6103046608349045e-08,-3.0869888448737001e-08,-3.6311994079953742e-08,-4.8977470586956146e-08,-5.7617565711254092e-08
5.69,-9.5635548172982665e-09,-2.1821653877681812e-08,-3.0200639574674262e-08,-3.5267771829548121e-08,-4.0966528341992458e-08,-5.3965974117345106e-08,-6.273208541896027e-08
5.6925,-1.265165835202476e-08,-2.5332355344794971e-08,-3.4072794233956096e-08,-3.9430071700584712e-08,-4.5378261798559506e-08,-5.8702538446558891e-08,-6.7592464239709109e-08
5.695,-1.554837375765381e-08,-2.8625651106985074e-08,-3.7709164906286472e-08,-4.3344786242394254e-08,-4.9533249097641922e-08,-6.3172046789504269e-08,-7.2182978135463072e-08
5.6975,-1.8246688560145407e-08,-3.1693925949112565e-08,-4.1100885118857686e-08,-4.7000796015902951e-08,-5.3418534541327183e-08,-6.7359542536117125e-08,-7.6487398379566981e-08
5.7,-2.0740431663203432e-08,-3.4530137326599698e-08,-4.4239817958259195e-08,-5.0389344111625085e-08,-5.7024378477740647e-08,-7.1253743684773335e-08,-8.049357970493838e-08
5.7025,-2.3024911030844987e-08,-3.7128586920098778e-08,-4.7119250220606701e-08,-5.3503164742250722e-08,-6.0342888957068897e-08,-7.4844985556846254e-08,-8.419121999581393e-08
5.705,-2.5095748050805335e-08,-3.9483703958069417e-08,-4.9732770610912361e-08,-5.6335967860266343e-08,-6.3367747714743842e-08,-7.8125265784972923e-08,-8.7571151448790801e-08
5.7075,-2.6949661896501333e-08,-4.1591177591618948e-08,-5.2075428881163133e-08,-5.8882665153532227e-08,-6.6093473172048886e-08,-8.1087962748840956e-08,-9.0626294948734395e-08
5.71,-2.858413883403572e-08,-4.3447697494096605e-08,-5.4143296076386886e-08,-6.1138749686188556e-08,-6.8514690818115721e-08,-8.3726255207766624e-08,-9.334844771375311e-08
5.7125,-2.9997790973521563e-08,-4.5051348192191897e-08,-5.5933606425825065e-08,-6.3100270350045778e-08,-7.0626308712807916e-08,-8.6034191282953757e-08,-9.5731134657102361e-08
5.715,-3.1190581294349051e-08,-4.6401778237603551e-08,-5.7445036668529668e-08,-6.4764170002887315e-08,-7.2424329372089983e-08,-8.8006579992323751e-08,-9.7768508346581777e-08
5.7175,-3.2162540714442374e-08,-4.7498669755831908e-08,-5.8676198188147603e-08,-6.6127715150722704e-08,-7.3904961713054837e-08,-8.9638279951377935e-08,-9.9455131838601183e-08
5.72,-3.2914369798785508e-08,-4.8342454760783264e-08,-5.9626788213958134e-08,-6.7189667489983511e-08,-7.5066197184741584e-08,-9.0925943659247127e-08,-1.0078740944857638e-07
5.7225,-3.3447349181609016e-08,-4.8934242038131866e-08,-6.0297318123919401e-08,-6.7950057005112709e-08,-7.5907717160368496e-08,-9.186840803876704e-08,-1.0176367177432841e-07
5.725,-3.3763400245227259e-08,-4.9275851496555244e-08,-6.0689537985587233e-08,-6.8410281893812144e-08,-7.6430000821100269e-08,-9.2465544130734535e-08,-1.0238345113874313e-07
5.7275,-3.3865020363938835e-08,-4.9370089255036383e-08,-6.0806533593980818e-08,-6.8573273446247515e-08,-7.6635518769083361e-08,-9.2719525307790382e-08,-1.0264851273326149e-07
5.73,-3.3755611700271135e-08,-4.9221022577054246e-08,-6.0652430676097745e-08,-6.8443129045912247e-08,-7.6528184429723228e-08,-9.2633809185465371e-08,-1.0256193348771723e-07
5.7325,-3.3439733569332168e-08,-4.8834325431003424e-08,-6.0233573865647894e-08,-6.802671447905105e-08,-7.6115888389677238e-08,-9.2216540600042014e-08,-1.0213181433251336e-07
5.735,-3.2923028367417282e-08,-4.8216648488907584e-08,-5.9556944705645325e-08,-6.7330695339891784e-08,-7.5404845441123046e-08,-9.147311546452398e-08,-1.0136348597952529e-07
5.7375,-3.221171641918918e-08,-4.7374978277573238e-08,-5.8629782291300003e-08,-6.6362349134673439e-08,-7.4402397731944189e-08,-9.0410936616579801e-08,-1.0026422107755962e-07
5.74,-3.131185400091538e-08,-4.6315901677202769e-08,-5.7458891716574958e-08,-6.512804990646445e-08,-7.3114541210047064e-08,-8.9035807681445119e-08,-9.8839683835834131e-08
5.7425,-3.0229122934205963e-08,-4.5045566161370648e-08,-5.605049942876148e-08,-6.3633377606033336e-08,-7.1546225877049432e-08,-8.7352925066270767e-08,-9.7095330000934571e-08
5.745,-2.8969053138516277e-08,-4.3569957390308569e-08,-5.4410701971817216e-08,-6.1884431842659784e-08,-6.9703364296261125e-08,-8.5368882394779872e-08,-9.5038083363726724e-08
5.7475,-2.7536762355093666e-08,-4.1894672484815653e-08,-5.254542025171912e-08,-5.9887768532243812e-08,-6.7593257070150945e-08,-8.3091709234103671e-08,-9.2676502796197653e-08
5.75,-2.5936956811232731e-08,-4.0025264036270038e-08,-5.0461340183368015e-08,-5.7651577185081695e-08,-6.5225296111471301e-08,-8.053176172198852e-08,-9.0021347112345842e-08
5.7525,-2.4174461035163057e-08,-3.7967918311291828e-08,-4.8165908062105137e-08,-5.5184185470542442e-08,-6.260863503193497e-08,-7.7699197994590758e-08,-8.7083306238185477e-08
5.755,-2.2254025420950295e-08,-3.5729114406260412e-08,-4.5667333534182081e-08,-5.2494969165064991e-08,-5.9753514201377098e-08,-7.4605531765622062e-08,-8.3874382081289576e-08
5.7575,-2.0181395188783921e-08,-3.3316459902414664e-08,-4.2974644325532594e-08,-4.9593060317037555e-08,-5.6669283657918472e-08,-7.1261457393778585e-08,-8.0405888177444829e-08
5.76,-1.7962806309313368e-08,-3.0737531290140019e-08,-4.0096035048110689e-08,-4.6486643298090382e-08,-5.3364295001312695e-08,-6.7676103712553768e-08,-7.6687629386021312e-08
5.7625,-1.5604444661796008e-08,-2.7999238357016964e-08,-3.703847357131283e-08,-4.3182695577101933e-08,-4.9845999961334218e-08,-6.3857818781674366e-08,-7.2728557052130666e-08
5.765,-1.3111433583881994e-08,-2.5106821817635921e-08,-3.3807362002038526e-08,-3.9687797569415168e-08,-4.6121521561361759e-08,-5.9814449951111243e-08,-6.8537369741512801e-08
5.7675,-1.0487625184367118e-08,-2.2064125906622577e-08,-3.0407176655611527e-08,-3.6007093502113256e-08,-4.2196432937984137e-08,-5.5551678754773473e-08,-6.4120131673784435e-08
5.77,-7.7358360308120307e-09,-1.8874381104863658e-08,-2.6841962632223537e-08,-3.2145419706385918e-08,-3.8076722150330112e-08,-5.1076974310977492e-08,-5.9485076740422552e-08
5.7725,-4.8586938121182877e-09,-1.5541116832005376e-08,-2.3116283855908861e-08,-2.8108363071588233e-08,-3.3769317474686834e-08,-4.6398961394881845e-08,-5.4641603076953707e-08
5.775,-1.8583837124911972e-09,-1.206745074359017e-08,-1.9234018483704925e-08,-2.3900383092272436e-08,-2.9279315391303365e-08,-4.15241274790829e-08,-4.9596892390142723e-08
5.7775,1.2624644787125574e-09,-8.4570094003970638e-09,-1.5200109850010995e-08,-1.9527793582153487e-08,-2.4613997098152769e-08,-3.64613888423566e-08,-4.4360558814031221e-08
5.78,4.5006760496033886e-09,-4.7140752388661225e-09,-1.1020097299977145e-08,-1.4997388839320027e-08,-1.9780946254207445e-08,-3.1219369713448875e-08,-3.8941799841639813e-08
5.7825,7.8536492601367413e-09,-8.4218462093585476e-10,-6.6983949021514719e-09,-1.0313950604336726e-08,-1.4784844160108454e-08,-2.580357084664477e-08,-3.3346307635358661e-08
5.785,1.1317217153443216e-08,3.1533365696980315e-09,-2.2412659041094577e-09,-5.4844342002404688e-09,-9.6336629894999618e-09,-2.0223397528485653e-08,-2.7584048594731048e-08
5.7875,1.4887263395728309e-08,7.2673853551102294e-09,2.34537750091241e-09,-5.1549845495340075e-10,-4.3349316910038138e-09,-1.4487389967696745e-08,-2.1664334622669327e-08
5.79,1.8557736866807515e-08,1.1492741709942633e-08,7.0531936551137398e-09,4.5837846035827152e-09,1.1009300695343279e-09,-8.6074736082900961e-09,-1.5600010432198506e-08
5.7925,2.2321887202933864e-08,1.5821381557605534e-08,1.1872884068459852e-08,9.8023741082017299e-09,6.6617660305810726e-09,-2.5970465806831192e-09,-9.4050946950733264e-09
5.795,2.6171368460961992e-08,2.024352506410352e-08,1.6793119336150536e-08,1.5127275115754155e-08,1.2333181903312146e-08,3.5279902915403995e-09,-3.0954236724818219e-09
5.7975,3.0097323464306551e-08,2.4748909943620362e-08,2.1802238276156827e-08,2.0545865615346984e-08,1.8101901259382284e-08,9.752894154870479e-09,3.3137739458942219e-09
5.8,3.4090204782655997e-08,2.9326683248096109e-08,2.6888250714245861e-08,2.6045819816394967e-08,2.3955484627013671e-08,1.6064881925979538e-08,9.8091217171381097e-09
5.8025,3.8140410528549473e-08,3.396604065184697e-08,3.2039300643206045e-08,3.1614575086484164e-08,2.9881363504107451e-08,2.2450979098242878e-08,1.6376949073193575e-08
5.805,4.2237131331677418e-08,3.8654717277253567e-08,3.7242275988637833e-08,3.7238539394057027e-08,3.5865186386101119e-08,2.8895758422749067e-08,2.3001255641133585e-08
5.8075,4.636910462096396e-08,4.3379877928608658e-08,4.2483086798184562e-08,4.2902140489514608e-08,4.1890314409590684e-08,3.5382073989455521e-08,2.9664497195405012e-08
5.81,5.0523405694833437e-08,4.8126524670285307e-08,4.7744628706121567e-08,4.8586449839989779e-08,4.7936351031870166e-08,4.1887907260940567e-08,3.63441377033113e-08
5.8125,5.468697551900044e-08,5.2879240259407986e-08,5.3008702405728761e-08,5.4270999115263138e-08,5.3981826673882992e-08,4.8391649055618239e-08,4.3018587031714747e-08
5.815,5.8845266440214021e-08,5.7620705854577568e-08,5.8254919302061424e-08,5.9933020942960055e-08,6.0002373237868252e-08,5.486758930879992e-08,4.9661935141465316e-08
5.8175,6.2982671132762885e-08,6.2332571916462238e-08,6.3462531324380131e-08,6.5549535405687656e-08,6.5973588053250202e-08,6.1289935362592614e-08,5.6247797329872574e-08
5.82,6.7082133621773559e-08,6.6995257065112115e-08,6.8610489355002338e-08,7.1098347707311945e-08,7.1871237325869134e-08,6.7632070540148208e-08,6.2749290749572524e-08
5.8225,7.1126410569195979e-08,7.1589474105717129e-08,7.3678548094702514e-08,7.6558744015504543e-08,7.7673276437492668e-08,7.3870086446239463e-08,6.9142135890864836e-08
5.825,7.5097132319130333e-08,7.6095015144901843e-08,7.8645138366427139e-08,8.1907947768835621e-08,8.33562084558544e-08,7.9978894338889945e-08,7.5400763949576108e-08
5.8275,7.8976977649601084e-08,8.0492604791016142e-08,8.3489204862990148e-08,8.7122952117148657e-08,8.8895491895911868e-08,8.5932189439441939e-08,8.1498266436627755e-08
5.83,8.2748378402757869e-08,8.4762522182841845e-08,8.8188786225614135e-08,9.2180404828102891e-08,9.4266822542252052e-08,9.1705173797495951e-08,8.7410191441689014e-08
5.8325,8.6395108789830584e-08,8.8886435964751808e-08,9.2723346338893065e-08,9.7057948361868547e-08,9.9446922468402204e-08,9.7273539392729933e-08,9.3111690347195014e-08
5.835,8.9901410542341879e-08,9.2846155696596312e-08,9.7072386139802611e-08,1.0173352411345013e-07,1.0441296252550851e-07,1.0261363784193143e-07,9.8578670721775442e-08
5.8375,9.3250978523347584e-08,9.6622935727686713e-08,1.0121511762717128e-07,1.0618502647311039e-07,1.0914204727022744e-07,1.0770210790665702e-07,1.0378742900172282e-07
5.84,9.642744581173226e-08,1.0019790340011714e-07,1.0513110693983878e-07,1.103911344567926e-07,1.136116374918722e-07,1.125148600490459e-07,1.0871360637759302e-07
5.8425,9.9415384258533418e-08,1.0355353822443519e-07,1.0880178826884358e-07,1.1433232155420951e-07,1.1780109056571411e-07,1.1702968337739428e-07,1.1333447602708187e-07
5.845,1.02200881933242e-07,1.0667449327633737e-07,1.1221089748163088e-07,1.1799097240372469e-07,1.216914438696601e-07,1.2122562474102774e-07,1.1762812792187374e-07
5.8475,1.0477026534437988e-07,1.0954599871570081e-07,1.153428270604151e-07,1.2135085475418835e-07,1.2526544410510199e-07,1.2508418276347652e-07,1.2157597647893524e-07
5.85,1.0711264683637514e-07,1.1215656600778253e-07,1.1818555011412803e-07,1.2439949335632981e-07,1.2850994870571519e-07,1.2859075657634295e-07,1.2516326980714012e-07
5.8525,1.0921798589438874e-07,1.1449545675037615e-07,1.2072776401206139e-07,1.2712498223922448e-07,1.3141252705347916e-07,1.3173141277139686e-07,1.2837535822812811e-07
5.855,1.1107806623495339e-07,1.1655375845924382e-07,1.2296016824127629e-07,1.2951762605944917e-07,1.3396294328612161e-07,1.3449531720519447e-07,1.312018504088717e-07
5.8575,1.126856889304611e-07,1.1832340281103159e-07,1.2487411014431044e-07,1.315684815556151e-07,1.3615183844946632e-07,1.3687342064914604e-07,1.3363365867897271e-07
5.86,1.1403459905458753e-07,1.197972110974045e-07,1.26461915853164e-07,1.3326989061037146e-07,1.3797175752062282e-07,1.3885803378169301e-07,1.3566246740259271e-07
5.8625,1.1512005516987512e-07,1.2096980076009051e-07,1.2771782928295352e-07,1.3461619973824353e-07,1.3941735134912288e-07,1.404433837595625e-07,1.3728178993148129e-07
5.865,1.1593910422594258e-07,1.2183813926779294e-07,1.2863894647756317e-07,1.3560450199729542e-07,1.404857600064661e-07,1.4162596029547438e-07,1.3848774639823423e-07
5.8675,1.1649042331009439e-07,1.2240145142116787e-07,1.2922506216064491e-07,1.3623494991315568e-07,1.4117711645975092e-07,1.424055607106989e-07,1.3927985481040053e-07
5.87,1.1677474891078757e-07,1.2266121871238442e-07,1.2947842370377836e-07,1.3651018047112469e-07,1.4149375070250184e-07,1.4278430454890817e-07,1.3966043588723253e-07
5.8725,1.1679448929060645e-07,1.2262057677446742e-07,1.2940295898192066e-07,1.3643470275480593e-07,1.4144017984338275e-07,1.4276682904618149e-07,1.3963435026957715e-07
5.875,1.1655343418186481e-07,1.2228414453057866e-07,1.2900411977365641e-07,1.3601460002295509e-07,1.4102256828129673e-07,1.4235899288279987e-07,1.3920792633513413e-07
5.8775,1.1605660843244873e-07,1.2165810000901829e-07,1.2828931691155878e-07,1.3525821907101326e-07,1.4025004319203941e-07,1.4157054170307265e-07,1.383906438280635e-07
5.88,1.15310583707483e-07,1.2075065588553212e-07,1.2726831186294445e-07,1.341761028585905e-07,1.3913399980781522e-07,1.4041369472317334e-07,1.3719455700980733e-07
5.8825,1.1432342364285398e-07,1.195716512315055e-07,1.259522168668811e-07,1.3278033095870252e-07,1.3768786969697326e-07,1.3890289254707162e-07,1.3563352056787279e-07
5.885,1.1310466332423094e-07,1.1813221643369906e-07,1.2435330650972778e-07,1.3108440334680691e-07,1.3592624972611928e-07,1.3705361952099816e-07,1.3372356151166442e-07
5.8875,1.1166547766376024e-07,1.1644518505688627e-07,1.224857925190711e-07,1.2910375962959344e-07,1.3386555706596573e-07,1.3488403953424728e-07,1.3148390900524277e-07
5.89,1.100174121900435e-07,1.1452357656743508e-07,1.2036384351986969e-07,1.2685376592708156e-07,1.3152169882926206e-07,1.3241011176248419e-07,1.2893126698351679e-07
5.8925,1.081725675315228e-07,1.1238089292771584e-07,1.1800236888731275e-07,1.2435036526005521e-07,1.2891145424697627e-07,1.2965079668286391e-07,1.2608513477294934e-07
5.895,1.0614308816973797e-07,1.1003077282314145e-07,1.1541625151140822e-07,1.2160924771405069e-07,1.260509646613615e-07,1.2662297463101095e-07,1.2296234422562723e-07
5.8975,1.0394066359495228e-07,1.0748660865097383e-07,1.1262037620715623e-07,1.1864638277809487e-07,1.2295685736961918e-07,1.2334392238617434e-07,1.1958022093335973e-07
5.9,1.0157832390112859e-07,1.0476360937088335e-07,1.0963165865056698e-07,1.1547976887464939e-07,1.196479679429026e-07,1.1983329624940665e-07,1.1595891029510423e-07
5.9025,9.9069274490370296e-08,1.0187715701874391e-07,1.0646705957328463e-07,1.1212754047858764e-07,1.1614355703015553e-07,1.1611127631055258e-07,1.1211897970433545e-07
5.905,9.6427567262716281e-08,9.8843418463303055e-08,1.031441534544372e-07,1.0860816970898931e-07,1.1246349675806104e-07,1.1219970049171124e-07,1.0808339966560182e-07
5.9075,9.3667278328992391e-08,9.5678415659272413e-08,9.9680301535692934e-08,1.049400254455828e-07,1.0862720976518001e-07,1.0812050473288072e-07,1.0387573746788063e-07
5.91,9.0802975063929664e-08,9.2398722018919675e-08,9.6093314719477872e-08,1.0114197811891343e-07,1.0465486970866666e-07,1.0389594578196481e-07,9.9519296509058696e-08
5.9125,8.7849716574138888e-08,8.9021473889019307e-08,9.2401964078813237e-08,9.7233877227314539e-08,1.0056717298036463e-07,9.9548781259096195e-08,9.5037709498890267e-08
5.915,8.482322542455491e-08,8.5564346748086326e-08,8.8625365619987091e-08,9.3236166500516793e-08,9.6385505102761354e-08,9.5101214697964143e-08,9.0453622625725515e-08
5.9175,8.1738635689632244e-08,8.204413075164932e-08,8.4781555456315917e-08,8.9167500523480173e-08,9.2128859004149491e-08,9.057406423905989e-08,8.5788777018975404e-08
5.92,7.8610881366927586e-08,7.8477457637395997e-08,8.0888292837065239e-08,8.504670776341268e-08,8.7817257942103056e-08,8.5988548845410924e-08,8.1065799266141952e-08
5.9225,7.5454010378728976e-08,7.4880102895853655e-08,7.696267053363022e-08,8.0891856845475718e-08,8.3469848217758694e-08,8.1365929147201392e-08,7.6306705633852342e-08
5.925,7.228199936653373e-08,7.1267964402331943e-08,7.302226268496578e-08,7.6721802109768019e-08,7.9107283100366379e-08,7.6729092902041756e-08,7.1534950645086875e-08
5.9275,6.9107420043498556e-08,6.7655421133274875e-08,6.9082617674266996e-08,7.2553270437841126e-08,7.4747059408892691e-08,7.2097208105726349e-08,6.6771049167463273e-08
5.93,6.5944002035292705e-08,6.4058001735437939e-08,6.5160332762559234e-08,6.8403636158601266e-08,7.040731299592642e-08,6.7490035272604622e-08,6.2035739104861243e-08
5.9325,6.280434221699709e-08,6.0489836472672874e-08,6.1270467953061771e-08,6.4288421339982023e-08,6.6104080670047391e-08,6.2924771309519357e-08,5.7347323588674231e-08
5.935,5.9699453526264309e-08,5.6963129465796722e-08,5.7425791613044387e-08,6.0220822764295798e-08,6.1851433955756837e-08,5.8416650642968338e-08,5.2721780860441019e-08
5.9375,5.6641053111177532e-08,5.3490966513819174e-08,5.3640650330274886e-08,5.621574789127281e-08,5.7664669506019902e-08,5.3982221482480695e-08,4.817651052049416e-08
5.94,5.363931596763502e-08,5.0084948378939378e-08,4.992783998448602e-08,5.2287273587855326e-08,5.3559140001743632e-08,4.9638761829563871e-08,4.3729918166009136e-08
5.9425,5.0704048703991242e-08,4.675645963332665e-08,4.6299654523716838e-08,4.8448314625814523e-08,4.954871250919824e-08,4.5402254401609687e-08,3.939889519799508e-08
5.945,4.7845579176657878e-08,4.3517618088649949e-08,4.2769455765946225e-08,4.4712992242756985e-08,4.5648086123441262e-08,4.1288781638415363e-08,3.5200032932423954e-08
5.9475,4.5074327598586734e-08,4.0380363239239951e-08,3.9350369266426729e-08,4.1095020806047172e-08,4.1871427354394521e-08,3.7313737435477662e-08,3.1149686360031351e-08
5.95,4.2399502529977255e-08,3.735493016517162e-08,3.6053628771706658e-08,3.7606392487219914e-08,3.8231146850510077e-08,3.349033877266839e-08,2.7261851851323962e-08
5.9525,3.9828902198833157e-08,3.4449701096863811e-08,3.2888109146777603e-08,3.4256512974657926e-08,3.4736978298770439e-08,2.982881176835674e-08,2.3547251155507652e-08
5.955,3.7369403093555412e-08,3.1672073545417671e-08,2.9861436612025673e-08,3.105339261551858e-08,3.1397276439965743e-08,2.6337906717300515e-08,2.0015054468650626e-08
5.9575,3.5026624105754326e-08,2.9028104669377534e-08,2.6979595678882614e-08,2.8003038504111779e-08,2.8218833015595841e-08,2.3024835009938575e-08,1.6672491733319336e-08
5.96,3.280547489300799e-08,2.6523213231127922e-08,2.4248316254590421e-08,2.5111351430420611e-08,2.5207950861293422e-08,1.9896452251791942e-08,1.352670798284954e-08
5.9625,3.0709865105051397e-08,2.4161875620105162e-08,2.1672643047198959e-08,2.2383542431997126e-08,2.2369963090234823e-08,1.695866657986636e-08,1.0583873190712863e-08
5.965,2.8743589251925774e-08,2.1948682911580671e-08,1.9258120641698302e-08,1.9826216663048492e-08,1.9712016242167239e-08,1.4219173020961301e-08,7.8519582248562278e-09
5.9675,2.6909082603618256e-08,1.9886799125687259e-08,1.7008912292133834e-08,1.7444383143196551e-08,1.7239495028938932e-08,1.1683724984498044e-08,5.3372207804416843e-09
5.97,2.5208783273651074e-08,1.7979491537581533e-08,1.4929349654857589e-08,1.5242716368403853e-08,1.4957212370251383e-08,9.3572051380200002e-09,3.0444008258153865e-09
5.9725,2.3644518875697501e-08,1.6229371482948291e-08,1.3022637495796307e-08,1.3224490849119865e-08,1.2868631872584658e-08,7.2432627351508235e-09,9.769145348833747e-10
5.975,2.2218168819556699e-08,1.4638970619606351e-08,1.12918722936582e-08,1.1392997563856612e-08,1.0976470569474342e-08,5.344347353793014e-09,-8.6315894745964502e-10
5.9775,2.0931907690553522e-08,1.3210878312317215e-08,9.7398079337691107e-09,9.750994880066212e-09,9.2831767355528046e-09,3.6624474561126525e-09,-2.47421298006922e-09
5.98,1.9787346505813177e-08,1.1946801731916604e-08,8.3681682122509286e-09,8.3004892539276152e-09,7.7910415518860439e-09,2.1995372138218286e-09,-3.8546382259371027e-09
5.9825,1.8785466841161423e-08,1.0847619572597831e-08,7.1776661369860453e-09,7.0421997990459037e-09,6.5009122756562515e-09,9.5523201163394173e-10,-5.0053957775663072e-09
5.985,1.7926843710657498e-08,9.9136353367305463e-09,6.1687034512014942e-09,5.9771082372471639e-09,5.4142212292013474e-09,-6.9453153150625254e-11,-5.9261061979801361e-09
5.9875,1.7210920112843928e-08,9.1438519246152686e-09,5.3404437899188912e-09,5.1042299567981039e-09,4.5300814932756248e-09,-8.7599409189383726e-10,-6.6189630371884168e-09
5.99,1.6636598321196438e-08,8.5367471639891233e-09,4.6911659123685128e-09,4.4217021024882296e-09,3.846217208143526e-09,-1.4675733073859966e-09,-7.0876749114010445e-09
5.9925,1.6201734763275487e-08,8.0896847282452008e-09,4.2181018394238791e-09,3.9272646313795144e-09,3.3603791010382308e-09,-1.8469009529366407e-09,-7.3357914490083933e-09
5.995,1.5904237323556508e-08,7.8004263074897902e-09,3.9192551521209702e-09,3.6188293409505682e-09,3.0698440307784611e-09,-2.0176551091550211e-09,-7.367422186718389e-09
5.9975,1.5742218853687962e-08,7.667081032397802e-09,3.7927719655382897e-09,3.4944042853418264e-09,2.9724452187730283e-09,-1.9823232137854062e-09,-7.1860152609098833e-09
6.0,1.5714035850094107e-08,7.6880444122714577e-09,3.837206884450149e-09,3.5525500567555891e-09,3.0666270144926147e-09,-1.7433083493676867e-09,-6.7951810155437978e-09
6.0025,1.5818151031263266e-08,7.8617125370450344e-09,4.0510966355183988e-09,3.7920764876261288e-09,3.3511428692842657e-09,-1.3025223673991032e-09,-6.1971625715968856e-09
6.005,1.6053237156774987e-08,8.1865299469617233e-09,4.4325532030040889e-09,4.2107338667607116e-09,3.8239620696653385e-09,-6.6290054711843158e-10,-5.3957272601622636e-09
6.0075,1.6418264763016159e-08,8.6610080711882288e-09,4.9795868819311333e-09,4.8063510365401439e-09,4.4823917850642854e-09,1.715043631572463e-10,-4.3955285285205377e-09
6.01,1.6911871345561469e-08,9.282935097532461e-09,5.6891133636973245e-09,5.5746335822439653e-09,5.321084882043875e-09,1.1934118299890485e-09,-3.2050839806103106e-09
6.0125,1.7532845780935521e-08,1.0049989108479204e-08,6.5578058139762505e-09,6.5115026895772457e-09,6.3345748531278919e-09,2.3957839486747899e-09,-1.8327203578796844e-09
6.015,1.8279323771797669e-08,1.0959214776867851e-08,7.5819286483808743e-09,7.6127539483834163e-09,7.5179371955295848e-09,3.772185591984032e-09,-2.8628992492863936e-10
6.0175,1.9148335187234738e-08,1.2006831650310363e-08,8.7574027356765343e-09,8.8743211376303986e-09,8.8668796093921153e-09,5.3160762373522535e-09,1.4260906450082055e-09
6.02,2.0137511230342806e-08,1.3190245519912459e-08,1.0081603748059764e-08,1.0293589211222314e-08,1.037896765708292e-08,7.0240435157165205e-09,3.2999959325065058e-09
6.0225,2.1244830361817722e-08,1.4507574997470293e-08,1.1552864675682621e-08,1.1868880269843877e-08,1.2052568750758585e-08,8.8934425042414507e-09,5.3315243513094798e-09
6.025,2.2469298752768096e-08,1.5958055002213066e-08,1.3170559665811947e-08,1.3599510560588995e-08,1.3886782633460486e-08,1.0923470261587822e-08,7.519177708229436e-09
6.0275,2.381094874147421e-08,1.7541693826526244e-08,1.4934481580074263e-08,1.5484829250277501e-08,1.5880184232483435e-08,1.3112518518793413e-08,9.8607326352263869e-09
6.03,2.5269218814283417e-08,1.9257436368960615e-08,1.6842931126316722e-08,1.7522730184338064e-08,1.8030099659430328e-08,1.5457067966937799e-08,1.2352442643077723e-08
6.0325,2.6843957554767241e-08,2.1104415444190002e-08,1.8894319411118736e-08,1.9710960776846802e-08,2.0333632700261815e-08,1.7953326849272162e-08,1.4990021582689715e-08
6.035,2.8534529339498163e-08,2.3081230691209425e-08,2.108651422261385e-08,2.2047003688807444e-08,2.2787799204249621e-08,2.0596636398780238e-08,1.7768265783482864e-08
6.0375,3.0340134929230635e-08,2.5186474301361869e-08,2.3417425608475366e-08,2.4527673563933401e-08,2.5389313262659944e-08,2.3383097787636508e-08,2.0682405371217569e-08
6.04,3.2259383508225536e-08,2.7418182145915662e-08,2.5884527183179373e-08,2.7150201820536634e-08,2.813503949130131e-08,2.6309260886338007e-08,2.3728534871056883e-08
6.0425,3.4290865167401734e-08,2.9774323280834581e-08,2.8485236537657412e-08,2.9911676908015692e-08,3.1021918712400076e-08,2.9371754875034163e-08,2.6902674989618647e-08
6.045,3.6431634307930405e-08,3.2251008102176352e-08,3.1215061216729005e-08,3.280760844859011e-08,3.4044819029518837e-08,3.2564335857889161e-08,3.0197792517720987e-08
6.0475,3.8678045012079823e-08,3.4843613989723029e-08,3.4068746846952351e-08,3.5832928428745622e-08,3.7198580645445921e-08,3.5881426317851164e-08,3.3607619932685614e-08
6.05,4.1025303670369144e-08,3.7546355797083197e-08,3.703981389138433e-08,3.8980323009717701e-08,4.0475505111805195e-08,3.9314982821269546e-08,3.7124452029971123e-08
6.0525,4.346739622389896e-08,4.0352329110736255e-08,4.0120644591448509e-08,4.2241327162578229e-08,4.3867165331525183e-08,4.285690170804203e-08,4.0740528918622679e-08
6.055,4.5997392818407658e-08,4.325380029474854e-08,4.3302900980738741e-08,4.5607183084597271e-08,4.7364744302103511e-08,4.6498786053363846e-08,4.4448171487248047e-08
6.0575,4.8608612832448592e-08,4.6243375773193124e-08,4.6578574763396444e-08,4.9069980133250865e-08,5.0960502337435363e-08,5.0233683840098308e-08,4.8240460884545173e-08
6.06,5.129316957790129e-08,4.9312241259288881e-08,4.9938021361295191e-08,5.2619537536107917e-08,5.4644341394361734e-08,5.4052080652960724e-08,5.2107723283082501e-08
6.0625,5.4043098340824771e-08,5.2451399807301552e-08,5.3371622447843314e-08,5.6246101080771006e-08,5.8406437932482012e-08,5.794441757928888e-08,5.6040540920739145e-08
6.065,5.6849236424534883e-08,5.5650433693094967e-08,5.6867983205218972e-08,5.9937547506432623e-08,6.2234505481330567e-08,6.1898760323925642e-08,6.0026930866945682e-08
6.0675,5.970089147918446e-08,5.8896978102564779e-08,6.0413270039365962e-08,6.3679491045965518e-08,6.6114098866485738e-08,6.5900770820579356e-08,6.4053066991505956e-08
6.07,6.2586926157808339e-08,6.2177893543542311e-08,6.3992367503978267e-08,6.7455111936881884e-08,7.0027351293091503e-08,6.9932371669783656e-08,6.8101463401842364e-08
6.0725,6.549486595920538e-08,6.5478307627822701e-08,6.7588096176899562e-08,7.1245422230221076e-08,7.3954003297953196e-08,7.397394587163667e-08,7.2153329358340306e-08
6.075,6.8410476217839941e-08,6.8781479687053652e-08,7.1181855944949544e-08,7.5030529990063874e-08,7.7873309123096235e-08,7.8005176043696914e-08,7.6189575314874892e-08
6.0775,7.131827583490081e-08,7.2069732157261676e-08,7.4754725560180467e-08,7.8790613736293335e-08,8.1764512250170964e-08,8.2004661719256955e-08,8.0189551488897575e-08
6.08,7.420173804412161e-08,7.5324749583974237e-08,7.828753340395747e-08,8.2506079094468559e-08,8.5608175448296668e-08,8.5952693865584901e-08,8.4133742235529946e-08
6.0825,7.7043405304804486e-08,7.8527398722714861e-08,8.1759913958328776e-08,8.6156002947510022e-08,8.9382878444793049e-08,8.9826703479106328e-08,8.7999451725309165e-08
6.085,7.9826330692819544e-08,8.1658854442801498e-08,8.5151383138252564e-08,8.9718973653840686e-08,9.3066558375345095e-08,9.3603823092741256e-08,9.1764527184754952e-08
6.0875,8.2533583024587949e-08,8.4700204774324866e-08,8.8441302243149822e-08,9.317309688899365e-08,9.6637105422111052e-08,9.7261952696811084e-08,9.5406845833007586e-08
6.09,8.5148040152650811e-08,8.7632318463616471e-08,9.1608806289261362e-08,9.6496327704375302e-08,1.0007137119671019e-07,1.0077831924985744e-07,9.8904459817606435e-08
6.0925,8.765400060515611e-08,9.0437498946726367e-08,9.4634509875527565e-08,9.9668236962051695e-08,1.0334839142503529e-07,1.0413244167738212e-07,1.0223692554876549e-07
6.095,9.0036715586008335e-08,9.3098767159894946e-08,9.7499693964259664e-08,1.0266894579212236e-07,1.0644761211795278e-07,1.073038274818708e-07,1.0538398974314053e-07
6.0975,9.2279715338507706e-08,9.5597390483998098e-08,1.0018419122167661e-07,1.0547767877339809e-07,1.0934823192730084e-07,1.102718643525139e-07,1.0832534624582254e-07
6.1,9.4367763250920979e-08,9.7916240858213079e-08,1.0267002967765772e-07,1.080757875709397e-07,1.1203091479553525e-07,1.1301627766799976e-07,1.1104117357756055e-07
6.1025,9.628662414392091e-08,1.0003965529627892e-07,1.0494092059709786e-07,1.1044646416095336e-07,1.1447823289277463e-07,1.1551896908821273e-07,1.1351359155440001e-07
6.105,9.8023155856676573e-08,1.0195343929465301e-07,1.06981825445729e-07,1.1257372492609404e-07,1.1667323159355627e-07,1.1776279424824126e-07,1.1572595185936718e-07
6.1075,9.9566389552768673e-08,1.0364589034620942e-07,1.0878016446432516e-07,1.1444409185984972e-07,1.1860157872510238e-07,1.1973255368792376e-07,1.1766321054331297e-07
6.11,1.0090639509032116e-07,1.0510634854876759e-07,1.1032444011138554e-07,1.1604549574220035e-07,1.2025059368193899e-07,1.2141477634461643e-07,1.1931139725268688e-07
6.1125,1.0203533436816695e-07,1.0632629257833085e-07,1.1160580814679111e-07,1.173692059215632e-07,1.2161152636173669e-07,1.2280028988046963e-07,1.2066196790905626e-07
6.115,1.0294630042003324e-07,1.0729807595158132e-07,1.1261657071253886e-07,1.1840789964579701e-07,1.2267717706571852e-07,1.2388116923894402e-07,1.2170625080012236e-07
6.1175,1.0363373176070179e-07,1.0801544705593428e-07,1.133501814391402e-07,1.191548868061208e-07,1.2344062114232192e-07,1.2465014991808946e-07,1.2243731399128183e-07
6.12,1.0409373299706555e-07,1.0847424416684704e-07,1.1380262323859986e-07,1.1960616568150231e-07,1.2389809306894177e-07,1.2510324457170766e-07,1.2285102999889557e-07
6.1225,1.043238995787691e-07,1.086720838063349e-07,1.1397165663357004e-07,1.19759721504795e-07,1.2404779963291883e-07,1.2523864165311121e-07,1.2294552251381168e-07
6.125,1.0432372200113239e-07,1.0860901700888246e-07,1.1385782297018433e-07,1.1961612232139757e-07,1.2389019638733761e-07,1.2505600194387034e-07,1.2271956145183808e-07
6.1275,1.0409448224873535e-07,1.0828699625710845e-07,1.1346342795129345e-07,1.1917771856117699e-07,1.234276375760172e-07,1.2455838891769733e-07,1.2217666422979183e-07
6.13,1.0363901742338214e-07,1.0770946067348894e-07,1.1279244437953552e-07,1.1844902521471191e-07,1.2266438977645681e-07,1.2375041514382419e-07,1.2132121125787347e-07
6.1325,1.0296148693398359e-07,1.0688137049778688e-07,1.1185073714555736e-07,1.1743719383692167e-07,1.2160828401244952e-07,1.2264035514778709e-07,1.2016120740112224e-07
6.135,1.0206751504916759e-07,1.058095964498122e-07,1.1064652308290569e-07,1.1615129925671868e-07,1.2026927274782351e-07,1.2123766413100033e-07,1.1870607758515473e-07
6.1375,1.0096425254945147e-07,1.045030042262342e-07,1.0919038038832668e-07,1.1460289475857703e-07,1.1865963168561728e-07,1.1955430366131621e-07,1.1696729189690359e-07
6.14,9.9660283355498657e-08,1.0297191715427401e-07,1.0749406731387474e-07,1.1280461873611337e-07,1.1679246510794561e-07,1.1760360228582347e-07,1.1495812090008514e-07
6.1425,9.8165810361791706e-08,1.0122807214061939e-07,1.0557027805226465e-07,1.1076993873642992e-07,1.1468192975861875e-07,1.1540053708576118e-07,1.1269356304983974e-07
6.145,9.6491600923023244e-08,9.9283758725804824e-08,1.0343242697567305e-07,1.0851295513734341e-07,1.1234243722285284e-07,1.1296023959690984e-07,1.1018857292582689e-07
6.1475,9.4650222631787769e-08,9.7153215563440634e-08,1.0109583633955127e-07,1.0604951204470364e-07,1.0979041299538573e-07,1.102991704833077e-07,1.0745912492697487e-07
6.15,9.2654426316101817e-08,9.4850799961264015e-08,9.8575934232931143e-08,1.0339543077041533e-07,1.0704155805477375e-07,1.0743270161033207e-07,1.0452063864117498e-07
6.1525,9.051733208423056e-08,9.2391118443118472e-08,9.5888274837039076e-08,1.0056705671371904e-07,1.0411260681588295e-07,1.0437798059314011e-07,1.0139061091397861e-07
6.155,8.8251959113584258e-08,8.9788728273384321e-08,9.3048541277450847e-08,9.7580963205848108e-08,1.0102068497395236e-07,1.0115250163070441e-07,9.808622840172883e-08
6.1575,8.5871704724254782e-08,8.7058947979261823e-08,9.0073602878462001e-08,9.4455065577984981e-08,9.7784504734994032e-08,9.7776006905417535e-08,9.462761006271111e-08
6.16,8.3390488758048567e-08,8.4217926122828198e-08,8.6981305030883494e-08,9.12081564528904e-08,9.4423720410374548e-08,9.4268848353994603e-08,9.1034804962091466e-08
6.1625,8.0822509577555226e-08,8.1281941565530769e-08,8.3789270276281074e-08,8.7858513329014807e-08,9.0957449034645248e-08,9.0651053890768239e-08,8.7327887940409502e-08
6.165,7.8182295982379868e-08,7.8267478988756074e-08,8.0515250428562855e-08,8.4424797583261628e-08,8.7405081601628798e-08,8.6942317219192351e-08,8.3526863725763012e-08
6.1675,7.548436692148719e-08,7.5190907383556114e-08,7.7176638072172277e-08,8.0925258692803998e-08,8.3785584560559476e-08,8.3161839391875279e-08,7.9650905764439495e-08
6.17,7.2744362699380701e-08,7.2069898924023302e-08,7.3792532275387736e-08,7.7379754415729756e-08,8.0119245803384512e-08,7.9330651437213382e-08,7.5721197278293873e-08
6.1725,6.9977539132601395e-08,6.8921511375253979e-08,7.0381281353495979e-08,7.3807675265521728e-08,7.6425922671489214e-08,7.5469250528944368e-08,7.1758368967767023e-08
6.175,6.7198903119547316e-08,6.5762421835920612e-08,6.6960810492375884e-08,7.0227287648843364e-08,7.2723891965302488e-08,7.1597181834353536e-08,6.778263686961222e-08
6.1775,6.4423033961792327e-08,6.2608920696993491e-08,6.3548533941952725e-08,6.6656620116046277e-08,6.9031694559271259e-08,6.7733737650090377e-08,6.3813309951197446e-08
6.18,6.1664001726445663e-08,5.9476786013051337e-08,6.0161189604189596e-08,6.3113072751295672e-08,6.5367632083543331e-08,6.3898098455178584e-08,5.987030132275837e-08
6.1825,5.8934611952174402e-08,5.6380317760685778e-08,5.6813986869846162e-08,5.9612447627279684e-08,6.1748287345124911e-08,6.0107260248813573e-08,5.5971108856956679e-08
6.185,5.6247590915127709e-08,5.3333678279862541e-08,5.3521871055295134e-08,5.6170225768558774e-08,5.8189547520794884e-08,5.6377617015188132e-08,5.2132337770075185e-08
6.1875,5.3615066218943196e-08,5.0350402175091795e-08,5.0299331124205426e-08,5.2801527707589364e-08,5.4707013554609006e-08,5.2725550420759157e-08,4.837068730699782e-08
6.19,5.1047506906567931e-08,4.7442176043713119e-08,4.7158545182931313e-08,4.9518749951645749e-08,5.1313296853717856e-08,4.916446883286599e-08,4.469973037290561e-08
6.1925,4.8555771706239777e-08,4.4621040655220893e-08,4.4111965521527493e-08,4.6334401940168536e-08,4.8021047189446723e-08,4.5707742245956827e-08,4.1133218079588147e-08
6.195,4.614926763173195e-08,4.1897350336077488e-08,4.1170553635737824e-08,4.3260059419685615e-08,4.4842855823710322e-08,4.236903752365555e-08,3.7685024855892142e-08
6.1975,4.3836394174594312e-08,3.9280415339010784e-08,3.8344394684019407e-08,4.0306407250501283e-08,4.1789990288211943e-08,3.9160979515836215e-08,3.436844395829799e-08
6.2,4.162517617733096e-08,3.6779409066749064e-08,3.5643785249063969e-08,3.7484502055856715e-08,3.8873664410337177e-08,3.6095151914009409e-08,3.1195602431606203e-08
6.2025,3.9523565739305101e-08,3.440376416190328e-08,3.3079094609559344e-08,3.4804650711823348e-08,3.6104345569110013e-08,3.3182698124268313e-08,2.8178261426670589e-08
6.205,3.7539222679029211e-08,3.2162505698925808e-08,3.0660367754086552e-08,3.2277335112107573e-08,3.3492580931176624e-08,3.0434731043749779e-08,2.5328368973421279e-08
6.2075,3.5679413952043123e-08,3.0063774308964047e-08,2.839589784899878e-08,2.9910430520992257e-08,3.1045791393447156e-08,2.7859007798653275e-08,2.2654116194262377e-08
6.21,3.3949828040978079e-08,2.8113482007014184e-08,2.6291353727261536e-08,2.7709689686865788e-08,2.8769597961759533e-08,2.5461141235402219e-08,2.0161385039565476e-08
6.2125,3.2355513896238543e-08,2.6316674840780883e-08,2.4351542113587358e-08,2.5680758413759891e-08,2.6670786770418062e-08,2.3248042548716686e-08,1.7857260856091454e-08
6.215,3.0899397241712467e-08,2.4676094119886829e-08,2.2579238092605467e-08,2.3826542272950145e-08,2.4752726706821786e-08,2.1223083480070092e-08,1.5745061766388382e-08
6.2175,2.9583467997221634e-08,2.3193814789982376e-08,2.0976865908437565e-08,2.2149640636882747e-08,2.3018406084031073e-08,1.9390068311607578e-08,1.3828629160732428e-08
6.22,2.8408845733401231e-08,2.1871346180297725e-08,1.9546422959996627e-08,2.0651883089333257e-08,2.1469439815820021e-08,1.7751015962859038e-08,1.2109906379704807e-08
6.2225,2.7375760493365745e-08,2.0709461132591647e-08,1.8289170368515948e-08,1.9334567232740489e-08,2.0106786526292914e-08,1.6307349193647889e-08,1.0591126259232871e-08
6.225,2.6483740399704495e-08,1.9708133902419356e-08,1.7205325162715868e-08,1.8197506504284265e-08,1.8929392426844287e-08,1.5058191983930594e-08,9.2723322060269457e-09
6.2275,2.5731895159061509e-08,1.886672058656071e-08,1.6294466134108969e-08,1.7240490187744689e-08,1.7937155314593642e-08,1.4003235650746131e-08,8.1530259498106826e-09
6.23,2.5118220594603819e-08,1.8183255839831486e-08,1.5554779642250925e-08,1.6462015712029041e-08,1.7129024052286012e-08,1.3141075367179034e-08,7.2318660092542305e-09
6.2325,2.4640618946691637e-08,1.7655619161393112e-08,1.4984369150385696e-08,1.586046270857129e-08,1.6503209677371615e-08,1.2469230068078187e-08,6.5060610065179583e-09
6.235,2.4296757656761744e-08,1.7281378287519314e-08,1.458099911790419e-08,1.5433605730535822e-08,1.6057394718422938e-08,1.198505721896736e-08,5.9730017938487695e-09
6.2375,2.4083843593302863e-08,1.7057416051434185e-08,1.4340992770692094e-08,1.517743300242485e-08,1.578699139266734e-08,1.1683249086534235e-08,5.6270834914888027e-09
6.24,2.3998557418631697e-08,1.6979877252040114e-08,1.4259805625949577e-08,1.5086623015367904e-08,1.5686337912831099e-08,1.1557451253035784e-08,5.4616106535469624e-09
6.2425,2.4037121600306392e-08,1.704420158131876e-08,1.433231351194189e-08,1.5155597435475461e-08,1.5749445904937834e-08,1.1601154425555957e-08,5.4701449574484316e-09
6.245,2.4195186942151755e-08,1.7245129513890377e-08,1.4552983120791232e-08,1.5378905701802555e-08,1.5970854477648577e-08,1.1808169846289785e-08,5.6460759944076345e-09
6.2475,2.4467565729536608e-08,1.7576504107353472e-08,1.4915351632417848e-08,1.5750124028065582e-08,1.634396012326854e-08,1.217177902979274e-08,5.9823896278966781e-09
6.25,2.4848498697203468e-08,1.8031650968265203e-08,1.5412112603375471e-08,1.6261883037108483e-08,1.6862023348067722e-08,1.2685073213623629e-08,6.4715851885150175e-09
6.2525,2.5331982203572377e-08,1.8603897061989371e-08,1.6036218121092765e-08,1.6906844234310307e-08,1.7517317569506552e-08,1.3341013058580484e-08,7.1065475176166591e-09
6.255,2.5912349839876207e-08,1.928702136904484e-08,1.6781095769172746e-08,1.7678097432283942e-08,1.8302238389223505e-08,1.4131541643899762e-08,7.8790141766280335e-09
6.2575,2.6584270446616817e-08,2.0075238558350612e-08,1.7640716441171639e-08,1.8569203100076613e-08,1.9209622541215192e-08,1.5048062954992445e-08,8.7804705429938134e-09
6.26,2.7342892320907522e-08,2.0963377497914274e-08,1.8609900457100712e-08,1.957501084493184e-08,2.0234000539832501e-08,1.6084447965174933e-08,9.8043056853658774e-09
6.2625,2.8183932196314226e-08,2.1946894508039708e-08,1.96837619176962e-08,2.0690299303677089e-08,2.1370178890406453e-08,1.7233848389287338e-08,1.0943243244841452e-08
6.265,2.9103955656102214e-08,2.3021855319595265e-08,2.0857736357471822e-08,2.190984262661421e-08,2.2612295432306081e-08,1.8489041225271044e-08,1.2189655824832572e-08
6.2675,3.010033494949424e-08,2.4184734044553942e-08,2.2127399122341103e-08,2.3228381369619658e-08,2.3954196070460803e-08,1.9842473403529406e-08,1.3535271511988151e-08
6.27,3.1169745645370922e-08,2.5430862924445499e-08,2.3486905100788699e-08,2.4639169252752534e-08,2.5388311353882909e-08,2.1285889482011679e-08,1.4971288465777218e-08
6.2725,3.2308198607676952e-08,2.6754856910923793e-08,2.4929841698193487e-08,2.6135169225294051e-08,2.6907225215119948e-08,2.2811642514681857e-08,1.648950253455177e-08
6.275,3.3511232295761554e-08,2.8151271156018184e-08,2.6450236824225134e-08,2.7710667454365555e-08,2.8505184198816975e-08,2.441346897835383e-08,1.8082984407097913e-08
6.2775,3.4774855425438427e-08,2.961583180638528e-08,2.8043962665995924e-08,2.9361742206264873e-08,3.0178857824675922e-08,2.608798660456435e-08,1.9748187776084484e-08
6.28,3.6096372735892107e-08,3.1146155461219379e-08,2.9709023648421607e-08,3.1086643361712279e-08,3.1926772928696795e-08,2.7833591051959352e-08,2.148317919069022e-08
6.2825,3.7474043191427956e-08,3.2740913325525122e-08,3.1444425422102471e-08,3.2884428361974437e-08,3.3747759956965864e-08,2.9649508349502668e-08,2.328736888756759e-08
6.285,3.8907431832802497e-08,3.4399822289040749e-08,3.324982617480035e-08,3.4754306126848855e-08,3.5640746435914726e-08,3.153458537181449e-08,2.5159304204344523e-08
6.2875,4.039599136267016e-08,3.6121977662334819e-08,3.5123913371690881e-08,3.6694836510009648e-08,3.7603973867538588e-08,3.3487501974502027e-08,2.7097780505017208e-08
6.29,4.1939672205692407e-08,3.7906716932270189e-08,3.7065476083863046e-08,3.8704833875923578e-08,3.9636570099895189e-08,3.5507103893323494e-08,2.9101598901791102e-08
6.2925,4.3537596458989313e-08,3.9752457106574944e-08,3.9072302766641531e-08,4.078168990651048e-08,4.1735808565909616e-08,3.7589952596260967e-08,3.1167479965524711e-08
6.295,4.5188638623738908e-08,4.1657558335528755e-08,4.1142414126735126e-08,4.2922929326528747e-08,4.3898633023743379e-08,3.9732370647978994e-08,3.3291681011673053e-08
6.2975,4.6891606284968354e-08,4.362051708326212e-08,4.3274061427188134e-08,4.5126402880679735e-08,4.612232950473441e-08,4.1930823508836481e-08,3.5470678088979663e-08
6.3,4.8644338938097285e-08,4.5638544555288413e-08,4.5463782510738553e-08,4.738795677538204e-08,4.8402050962073867e-08,4.418041956349211e-08,3.7700023785259236e-08
6.3025,5.0443954414458651e-08,4.7707767711437532e-08,4.7706862579416488e-08,4.9703012259509033e-08,5.0733474897065278e-08,4.6476969080243885e-08,3.9975453090710116e-08
6.305,5.2286309039100965e-08,4.982290763082323e-08,4.9997337670513616e-08,5.2065937424000084e-08,5.3111531598123308e-08,4.8815895436438578e-08,4.2292497009161954e-08
6.3075,5.4165562808748656e-08,5.1976906141422612e-08,5.2327436318771416e-08,5.4468605185414307e-08,5.5528707890505282e-08,5.119112031130594e-08,4.464537218188171e-08
6.31,5.6075055043115848e-08,5.4162146840296262e-08,5.4689118388810204e-08,5.6902994918270716e-08,5.7977548709162413e-08,5.3597216234266876e-08,4.7028826839413232e-08
6.3125,5.8007722164511755e-08,5.6370941399668982e-08,5.7074438822037064e-08,5.9361099878832628e-08,6.045067555892851e-08,5.6027840444223543e-08,4.9437167111339693e-08
6.315,5.9956036367419688e-08,5.8595208333206049e-08,5.9474984197187903e-08,6.1834399987093843e-08,6.2939302046958318e-08,5.8474136247889038e-08,5.186196220408284e-08
6.3175,6.1912746414126609e-08,6.0827081652235363e-08,6.1882529168636131e-08,6.43145722414066e-08,6.5434963591227794e-08,6.0927902500465728e-08,5.4295831921911005e-08
6.32,6.3869981075913342e-08,6.3057740440465448e-08,6.4287380108490945e-08,6.6791412284249452e-08,6.7927575337872236e-08,6.3379561204718954e-08,5.6729407595718654e-08
6.3225,6.5819207089125493e-08,6.5277300733247411e-08,6.6678340707543719e-08,6.9253075792357671e-08,7.0405184925613524e-08,6.5817986634868416e-08,5.9151707697790091e-08
6.325,6.7750601171895163e-08,6.7474251545517524e-08,6.9042745784329421e-08,7.1686434715630976e-08,7.2854555728036028e-08,6.8231032230995435e-08,6.1550984779472568e-08
6.3275,6.9654209999499023e-08,6.9636859459542275e-08,7.1367293297818925e-08,7.4077095363207049e-08,7.5261101143929993e-08,7.0604644331878859e-08,6.3913574977882374e-08
6.33,7.1519228706761724e-08,7.175232946990751e-08,7.36373778526165e-08,7.6409114072287667e-08,7.7608003736880349e-08,7.2921639428804259e-08,6.6222689787393391e-08
6.3325,7.3333375708525189e-08,7.3806136531939175e-08,7.5836790483635761e-08,7.8665418482962481e-08,7.9877328015550631e-08,7.5163709238358897e-08,6.8460826665553462e-08
6.335,7.5083560366675247e-08,7.5783125376396641e-08,7.7949250964065212e-08,8.0828930362363262e-08,8.2051144965337117e-08,7.7312646026521447e-08,7.0609963967889163e-08
6.3375,7.6755193120832162e-08,7.766696126497878e-08,7.9957665344694403e-08,8.2881970121667387e-08,8.4111616455150655e-08,7.9351162760000271e-08,7.2652962874146621e-08
6.34,7.8333532457857441e-08,7.9441587784573454e-08,8.184520444471321e-08,8.4807668149611086e-08,8.604176175304734e-08,8.1262133405829337e-08,7.4573160090151662e-08
6.3425,7.9804121270048788e-08,8.1091110709577245e-08,8.3594814568063111e-08,8.6588269909016361e-08,8.782391411697329e-08,8.3027490158547783e-08,7.6352543869262141e-08
6.345,8.1153160383901176e-08,8.2600235977314308e-08,8.5189881938475609e-08,8.8206307947262771e-08,8.9440297896747472e-08,8.4629026073822347e-08,7.7972829023195635e-08
6.3475,8.2367263449407147e-08,8.3953901101554694e-08,8.6613933515075579e-08,8.9644659352384526e-08,9.0873241198625014e-08,8.6048443941610948e-08,7.9415113469184321e-08
6.35,8.3434741434903964e-08,8.5138634862144784e-08,8.785204905122673e-08,9.088749451769234e-08,9.2106088785429901e-08,8.726873824284174e-08,8.066246665610977e-08
6.3525,8.4342124896280768e-08,8.613908854364703e-08,8.8887399607535955e-08,9.1917068151134312e-08,9.312058951942732e-08,8.827154995935517e-08,8.1696397350275536e-08
6.355,8.507716777583481e-08,8.6941168991332962e-08,8.9704829225525166e-08,9.2717639482269297e-08,9.3900661247921636e-08,8.9040250514475109e-08,8.2499830382605282e-08
6.3575,8.5628233392664426e-08,8.7531635931412628e-08,9.029049970054345e-08,9.3274789380809888e-08,9.4431380390420497e-08,8.9558876885004708e-08,8.3056410415134902e-08
6.36,8.5984647554739058e-08,8.7898705887547698e-08,9.0632149234980636e-08,9.3575873231493952e-08,9.4699501534730865e-08,8.9813987535592596e-08,8.3352453410460354e-08
6.3625,8.6137061982804912e-08,8.8032333688659287e-08,9.0719275355316291e-08,9.3609745069085705e-08,9.4692894297024463e-08,8.9792004080355649e-08,8.3373223767857631e-08
6.365,8.6077763916724183e-08,8.7924352740102324e-08,9.0543220470943009e-08,9.3367386618249589e-08,9.4401884258917421e-08,8.9482265874211947e-08,8.3107978696687648e-08
6.3675,8.5800608682702199e-08,8.7568354625574642e-08,9.0097161791535154e-08,9.2841359835730294e-08,9.3818602979186591e-08,8.8876046186193263e-08,8.2547443227295637e-08
6.37,8.5300831000343723e-08,8.6959328182150468e-08,8.9375883931029345e-08,9.2026431685005108e-08,9.2937759758793125e-08,8.7966738229842362e-08,8.1684030216492895e-08
6.3725,8.4574997795278854e-08,8.6093488136552933e-08,8.8375704475247166e-08,9.091931397482889e-08,9.175578832478044e-08,8.6749562877252706e-08,8.051259952364256e-08
6.375,8.362099849817516e-08,8.4968291628923069e-08,8.7094018550522008e-08,8.9517626415872969e-08,9.0270443030180438e-08,8.5220808877767271e-08,7.9027758499477906e-08
6.3775,8.2437955758419321e-08,8.3582871137809107e-08,8.5530402493324775e-08,8.7821218588942497e-08,8.8481468410323195e-08,8.3379701563013652e-08,7.7228554908479132e-08
6.38,8.1026854914322794e-08,8.1938612624181304e-08,8.368674684657525e-08,8.5832326680468446e-08,8.6391175661984937e-08,8.1228114346611726e-08,7.5116067371322053e-08
6.3825,7.9390982668744476e-08,8.0039917652538364e-08,8.156845816020531e-08,8.3556308126470638e-08,8.4004695560028772e-08,7.8770623355123956e-08,7.2694260687621088e-08
6.385,7.7535761293710362e-08,7.7893542780805826e-08,7.9183099405598329e-08,8.1000940673152759e-08,8.1329862269450237e-08,7.6014388115662269e-08,6.996924280403242e-08
6.3875,7.5468381679950223e-08,7.5507904628869989e-08,7.653983878345311e-08,7.8176052734803426e-08,7.8376428087977756e-08,7.2967928495549425e-08,6.6948518703076996e-08
6.39,7.3198616137454087e-08,7.2894206599023352e-08,7.365114474251044e-08,7.5095388794355667e-08,7.5158493585072688e-08,6.9644682895482038e-08,6.3644566211646375e-08
6.3925,7.0737069622506647e-08,7.0064765506214398e-08,7.0530908946980395e-08,7.1773856100483001e-08,7.1691716933027497e-08,6.6059876977730036e-08,6.0072376835915889e-08
6.395,6.8097226265768648e-08,6.7035429179221702e-08,6.7197105338839225e-08,6.8230541844511939e-08,6.7995840735364502e-08,6.2232860886989868e-08,5.6250279104558128e-08
6.3975,6.5292530054655863e-08,6.3821910691493642e-08,6.3667243581892476e-08,6.448378191330733e-08,6.4089273520826527e-08,5.8181971871588907e-08,5.2196067768178578e-08
6.4,6.2338912401420506e-08,6.0442288848182019e-08,5.9960803542984108e-08,6.055392929551862e-08,5.9992912044148004e-08,5.3928496682725586e-08,4.7930118400965013e-08
6.4025,5.9252978441703887e-08,5.6915273761795507e-08,5.6097738864913971e-08,5.6461705852566919e-08,5.5728475184271174e-08,4.9494212871729663e-08,4.3473613840935668e-08
6.405,5.6051378874501589e-08,5.3259497231675724e-08,5.2097943503525908e-08,5.2227873685894728e-08,5.1317602518704563e-08,4.4901219421487406e-08,3.8848075742476734e-08
6.4075,5.2751321158497963e-08,4.9494141055926821e-08,4.7982183242395129e-08,4.7874220963952822e-08,4.6782579572347505e-08,4.0171439754624545e-08,3.4074329495656748e-08
6.41,4.9369925364580938e-08,4.5638295080235639e-08,4.3771166032435276e-08,4.3422770095560706e-08,4.2146157288868721e-08,3.5327501705097575e-08,2.9174931306078243e-08
6.4125,4.5923187288148747e-08,4.1709997820050663e-08,3.9484454650786581e-08,3.8894013479117845e-08,3.7429019436386286e-08,3.0390787758536234e-08,2.4171674520240954e-08
6.415,4.242763421249776e-08,3.7728182678703503e-08,3.5142700698602629e-08,3.4309633995853109e-08,3.2653830050635882e-08,2.5384978865787234e-08,1.9088445572091371e-08
6.4175,3.8899720162373054e-08,3.3711805429094687e-08,3.0766504481463805e-08,2.9690890879513751e-08,2.7842339729646328e-08,2.0332510349442016e-08,1.3947252732061076e-08
6.42,3.5356059699653924e-08,2.9679753069876495e-08,2.6375936210126716e-08,2.5058425832418762e-08,2.3015530232884163e-08,1.5254281822268446e-08,8.7690749139807715e-09
6.4225,3.1812887667993107e-08,2.5650298496339222e-08,2.1990585771697157e-08,2.0432331629843744e-08,1.8193847144589654e-08,1.0171394595369903e-08,3.5756764313377916e-09
6.425,2.8286881535918082e-08,2.1642177061285262e-08,1.7630486811017433e-08,1.5833504550543611e-08,1.3399033273319569e-08,5.1060897894049e-09,-1.6111006082222871e-09
6.4275,2.4794334473630941e-08,1.76736809365904e-08,1.3315335396073812e-08,1.1282700161009392e-08,8.6523861801538817e-09,8.024385909415984e-11,-6.7688523985131315e-09
6.43,2.1351140558225773e-08,1.3762451828740476e-08,9.0638309242362249e-09,6.7992708352408319e-09,3.9738634367681882e-09,-4.8851019111503068e-09,-1.1876670715903312e-08
6.4325,1.7973098904380959e-08,9.9259267054925509e-09,4.8946038909123883e-09,2.4023906424280534e-09,-6.1703830167314034e-10,-9.7698500900827291e-09,-1.6914407773194189e-08
6.435,1.4674399590848637e-08,6.180021009981853e-09,8.2461888364754593e-10,-1.8905559839756745e-09,-5.1021154867727719e-09,-1.4554287072570859e-08,-2.1861583109722415e-08
6.4375,1.1469116823238636e-08,2.540632602113337e-09,-3.1291679725442695e-09,-6.0614107315152412e-09,-9.4619212600541929e-09,-1.9217237948435429e-08,-2.6696393106049001e-08
6.44,8.3697806659735179e-09,-9.7821951041327189e-10,-6.9518885615131432e-09,-1.0094639204932641e-08,-1.3679998734553748e-08,-2.3740497035787846e-08,-3.1399436069503403e-08
6.4425,5.3887812232917443e-09,-4.3627082321915703e-09,-1.062863583589567e-08,-1.3974550007196627e-08,-1.7740065265181753e-08,-2.8106993045932627e-08,-3.5953310906151602e-08
6.445,2.5366383247160363e-09,-7.6010433484214229e-09,-1.4146700190802802e-08,-1.7687815327845184e-08,-2.1628524182873945e-08,-3.2302222640913341e-08,-4.0342246452644763e-08
6.4475,-1.7612338430182657e-10,-1.0681399432883311e-08,-1.7493522004404463e-08,-2.1221384757236038e-08,-2.5332074047878473e-08,-3.6311265508700501e-08,-4.4550428788905671e-08
6.45,-2.7401333014360463e-09,-1.3593224761821497e-08,-2.0658026981356941e-08,-2.4564082842226413e-08,-2.8839126495245581e-08,-4.0121648218600292e-08,-4.8564667242137439e-08
6.4525,-5.1469774386798629e-09,-1.6327144449836859e-08,-2.3630364320164542e-08,-2.7706251327147537e-08,-3.213944841956642e-08,-4.3722326997107178e-08,-5.2373096970938852e-08
6.455,-7.3891374188682578e-09,-1.8874733041746965e-08,-2.6401394662191597e-08,-3.0637769158525249e-08,-3.5222269324227601e-08,-4.7101268557332326e-08,-5.5962552375633449e-08
6.4575,-9.4599677240928394e-09,-2.1228297162468571e-08,-2.896241904072093e-08,-3.3348940305197979e-08,-3.8077072064638236e-08,-5.0246384869461071e-08,-5.9320572764764159e-08
6.46,-1.1352642360273788e-08,-2.3379671970258876e-08,-3.1304331655194487e-08,-3.5830432403588941e-08,-4.0693755837278408e-08,-5.314586822307628e-08,-6.2434332626987037e-08
6.4625,-1.306112009011819e-08,-2.5321643447723006e-08,-3.3418887942216663e-08,-3.8073490181719951e-08,-4.3063625711754471e-08,-5.5789963474353925e-08,-6.5292764373915646e-08
6.465,-1.4579405971065554e-08,-2.7047405221236252e-08,-3.529895047573098e-08,-4.0070885301589067e-08,-4.5179323863923576e-08,-5.817041332546572e-08,-6.7887227922158292e-08
6.4675,-1.5903346261560358e-08,-2.8552642390256669e-08,-3.6940419161810606e-08,-4.1818365421208247e-08,-4.7036286902285962e-08,-6.0281514715424774e-08,-7.0210711397673104e-08
6.47,-1.7029838271901661e-08,-2.9834428954419439e-08,-3.8340539635572821e-08,-4.3312223860561704e-08,-4.8629767604324055e-08,-6.2116800465421432e-08,-7.2255512900045932e-08
6.4725,-1.7957681714022403e-08,-3.0891942506080756e-08,-3.949853334708948e-08,-4.4551390545323218e-08,-4.9957962070133942e-08,-6.3673091722202925e-08,-7.4017576537481678e-08
6.475,-1.8687440419562804e-08,-3.1725950138192796e-08,-4.0414971159013689e-08,-4.5536249994376275e-08,-5.10200148723332e-08,-6.4947173810208876e-08,-7.5492291058995867e-08
6.4775,-1.9220672940226174e-08,-3.2337877457790198e-08,-4.109077974037021e-08,-4.6267428863585186e-08,-5.1816136585435308e-08,-6.5937644323149194e-08,-7.6677307186764473e-08
6.48,-1.9559607760202648e-08,-3.272950039122975e-08,-4.1527196969257441e-08,-4.6746295486657339e-08,-5.2348242947171377e-08,-6.6645000161260222e-08,-7.7572066429176139e-08
6.4825,-1.9707053919876754e-08,-3.2903244085726847e-08,-4.1726346980756186e-08,-4.6974890155739303e-08,-5.2618402797933171e-08,-6.7070674695533575e-08,-7.8177275336665888e-08
6.485,-1.9666551759389349e-08,-3.2862558875952206e-08,-4.1691601266197894e-08,-4.6956317012008034e-08,-5.2629430193457758e-08,-6.721688947301473e-08,-7.8494142911566667e-08
6.4875,-1.944237854131149e-08,-3.2611922733636891e-08,-4.142728298285228e-08,-4.6694151120383902e-08,-5.2384581393532888e-08,-6.7087038674630908e-08,-7.8525115456558412e-08
6.49,-1.9039140535816543e-08,-3.2156285437716619e-08,-4.0938191187449553e-08,-4.6192941766349121e-08,-5.1888127636068068e-08,-6.6685527411428146e-08,-7.8273855417130064e-08
6.4925,-1.8461846693843089e-08,-3.1501050964112926e-08,-4.0229537191223549e-08,-4.5457646881537214e-08,-5.1145062388994983e-08,-6.6017453556651634e-08,-7.7745298314887285e-08
6.495,-1.7715979490123814e-08,-3.0652243953694469e-08,-3.9307993448455266e-08,-4.4495600017975192e-08,-5.0162895119257805e-08,-6.5089167469473972e-08,-7.6944588536778973e-08
6.4975,-1.6807368373261249e-08,-2.9616418285916001e-08,-3.8181015513097141e-08,-4.3314909909063951e-08,-4.8950269931238512e-08,-6.3908947488334333e-08,-7.5879710086091101e-08
6.5,-1.5742858294592158e-08,-2.840145441966656e-08,-3.6857094721566689e-08,-4.1924178818421904e-08,-4.7515693785474641e-08,-6.2484977406765367e-08,-7.4558806556794577e-08
6.5025,-1.4529258268376172e-08,-2.7015277245356506e-08,-3.5344477673655949e-08,-4.0331841845835467e-08,-4.5867626487043896e-08,-6.082622493420665e-08,-7.2991202890848836e-08
6.505,-1.3174693825117815e-08,-2.5467297888287155e-08,-3.3653288500830666e-08,-3.8548137971167005e-08,-4.401612953791679e-08,-5.8943338060145562e-08,-7.1187583312743342e-08
6.5075,-1.1687649525877375e-08,-2.3767270972769241e-08,-3.1794140485063507e-08,-3.6583703729728942e-08,-4.1971843548153983e-08,-5.6847542496531018e-08,-6.9159180994245694e-08
6.51,-1.0076359835714306e-08,-2.1924440683778454e-08,-2.9776867368341571e-08,-3.4448620460322501e-08,-3.9745148641262635e-08,-5.4549362158126305e-08,-6.6916502519861584e-08
6.5125,-8.3495136462486251e-09,-1.9948430711304794e-08,-2.7611614504914337e-08,-3.2153474042652016e-08,-3.7347321096060104e-08,-5.2060191545680537e-08,-6.4470804970342759e-08
6.515,-6.5146641834879526e-09,-1.7847447118726756e-08,-2.5306867075881616e-08,-2.9707260961392532e-08,-3.4787953219891125e-08,-4.9389524018567189e-08,-6.1831433463656414e-08
6.5175,-4.5792008350749084e-09,-1.5629547668340143e-08,-2.2871171908779983e-08,-2.7118983236145097e-08,-3.2076537812801518e-08,-4.6547799318768654e-08,-5.9008773630437411e-08
6.52,-2.5491314991032873e-09,-1.3301259406729264e-08,-2.0311560873166824e-08,-2.4396203081833836e-08,-2.9220953138425611e-08,-4.3543375119242299e-08,-5.6011206124707513e-08
6.5225,-4.3080477879342638e-10,-1.0869782156210131e-08,-1.7636219322417685e-08,-2.1547839200490459e-08,-2.623071588608693e-08,-4.0386826338580768e-08,-5.2849978207489455e-08
6.525,1.7706468425764466e-09,-8.3413828706953017e-09,-1.4852493080026796e-08,-1.8582105983163785e-08,-2.3114660921691116e-08,-3.7088633720883206e-08,-4.9535724058067145e-08
6.5275,4.0496946592583953e-09,-5.7231186072622727e-09,-1.1968784232691803e-08,-1.5508223269703814e-08,-1.9882775586703344e-08,-3.3661176847539211e-08,-4.6082127759989988e-08
6.53,6.4003857163884778e-09,-3.0225353516842207e-09,-8.9937893176013546e-09,-1.2335531881627472e-08,-1.6545209989080754e-08,-3.0116100940767435e-08,-4.25012079886896e-08
6.5325,8.8158295019246735e-09,-2.4784558393465404e-10,-5.9365573927758148e-09,-9.0734690071831142e-09,-1.3112343900192471e-08,-2.6465411707780593e-08,-3.8805816505636011e-08
6.535,1.1290064802196705e-08,2.5942805676271552e-09,-2.8040332937723728e-09,-5.7294235210662559e-09,-9.5921346622860722e-09,-2.2717820687371287e-08,-3.5005480344794266e-08
6.5375,1.3818222062327207e-08,5.4987896264731504e-09,3.9852551427231747e-10,-2.3091582429850007e-09,-5.9905141717512538e-09,-1.8879002637846263e-08,-3.1106112885438596e-08
6.54,1.6396057013741315e-08,8.4613369546222302e-09,3.6664585323036898e-09,1.1820524770656735e-09,-2.3127942697342468e-09,-1.4954695451454687e-08,-2.7114010320657098e-08
6.5425,1.9020272399783555e-08,1.1478304978058465e-08,6.9956419475664771e-09,4.7398302489123909e-09,1.4362375212505115e-09,-1.0949984205949371e-08,-2.3035374634664593e-08
6.545,2.1689090945712956e-08,1.4547364519276855e-08,1.0383126566071981e-08,8.3608594079750694e-09,5.2529495771637779e-09,-6.8697963339840927e-09,-1.8875646170342458e-08
6.5475,2.4399098343922846e-08,1.7664064639889458e-08,1.3823464277621902e-08,1.203912005263489e-08,9.1303830768718359e-09,-2.7231796016104197e-09,-1.4643961645200047e-08
6.55,2.7148439041149572e-08,2.0825701623932659e-08,1.7313149618942829e-08,1.5770366706082737e-08,1.3063491197432564e-08,1.4836002480005632e-09,-1.0347241003573874e-08
6.5525,2.9935343965040098e-08,2.4029896335681662e-08,2.0849193020639671e-08,1.9550454100154276e-08,1.7047297212861232e-08,5.7442361465579493e-09,-5.991846183438063e-09
6.555,3.2756302812221213e-08,2.727239643671521e-08,2.4426537127672236e-08,2.3373185303920556e-08,2.1074217536652435e-08,1.0049733986715336e-08,-1.5879751027945811e-09
6.5575,3.5608715944246889e-08,3.0549833155365267e-08,2.8040887939336589e-08,2.7233136850514845e-08,2.5137769623456188e-08,1.4391949385780518e-08,2.8556785530377002e-09
6.56,3.8489178276156549e-08,3.3857689836859838e-08,3.1686472896499719e-08,3.1123919623928742e-08,2.9230782235202238e-08,1.8762170635877574e-08,7.3297836662573894e-09
6.5625,4.1392596549436718e-08,3.7189479877788972e-08,3.5355673601343855e-08,3.5037841001167554e-08,3.3345229941555824e-08,2.3151677916031974e-08,1.1825539948326671e-08
6.565,4.431271253445514e-08,4.053744965061029e-08,3.9039636171358227e-08,3.8965444418742306e-08,3.7472011943115004e-08,2.7550530548437219e-08,1.6331272444708768e-08
6.5675,4.7242496825505717e-08,4.389341810728057e-08,4.2729625763099244e-08,4.2897478229927733e-08,4.1601840079180229e-08,3.1948738917617605e-08,2.0837056636321055e-08
6.57,5.0174275305465467e-08,4.7248904467957954e-08,4.6416613666726047e-08,4.6824558834383114e-08,4.5725100359296109e-08,3.6336041174049096e-08,2.5331823638228974e-08
6.5725,5.3100031797950007e-08,5.0595271024964497e-08,5.009146703954208e-08,5.0736740386614129e-08,4.9830795419435802e-08,4.0700953145313773e-08,2.9803595986125571e-08
6.575,5.6011468542920195e-08,5.3923453112734998e-08,5.3744379822367109e-08,5.4623496158771513e-08,5.3907414972746964e-08,4.5032516709509004e-08,3.4241739791693793e-08
6.5775,5.8899911895572183e-08,5.7223571936860734e-08,5.736414553901829e-08,5.8472464255827698e-08,5.7942090753702634e-08,4.9317662194803016e-08,3.8633667896983112e-08
6.58,6.1756034586555987e-08,6.0484704459415848e-08,6.0938394846204112e-08,6.2270300873156347e-08,6.1921158182337427e-08,5.3542796863380782e-08,4.2965412390464871e-08
6.5825,6.4568847847389563e-08,6.3693966630846115e-08,6.4452695743008335e-08,6.6001673786739305e-08,6.5828939329946045e-08,5.7691386095933225e-08,4.7220304721097485e-08
6.585,6.7327413829258974e-08,6.6838391125227318e-08,6.7892240204601689e-08,6.9650693159235581e-08,6.9648872450257981e-08,6.1745930688695318e-08,5.1380111551213155e-08
6.5875,7.0019465591855847e-08,6.9903478708342142e-08,7.1240514345726165e-08,7.3199146250250398e-08,7.3361297179233491e-08,6.5684633209149416e-08,5.5422493824702836e-08
6.59,7.2632196472137536e-08,7.287413398257831e-08,7.4480655313728731e-08,7.6628809943587926e-08,7.6946529445797628e-08,6.948655931792534e-08,5.9326378461854283e-08
6.5925,7.5151067142998035e-08,7.5733525816419488e-08,7.7594291565425088e-08,7.9920071008488683e-08,8.0383835171786352e-08,7.313027047842735e-08,6.3070845210003757e-08
6.595,7.756139576709672e-08,7.8465199143222738e-08,8.0564123779170231e-08,8.3055097152320366e-08,8.3654609066310492e-08,7.6596211006349046e-08,6.6635961718412337e-08
6.5975,7.9847910305330435e-08,8.1052329376740051e-08,8.3372252493115968e-08,8.6015234368349305e-08,8.6739672778914712e-08,7.9864817733570732e-08,7.0001866775987527e-08
6.6,8.1995632510429469e-08,8.3478404934376561e-08,8.600077191496546e-08,8.8781611788580367e-08,8.9620086531176478e-08,8.2916763182936843e-08,7.3149071160653624e-08
6.6025,8.3989109046644526e-08,8.5726232654457602e-08,8.8430913511503141e-08,9.1334448710546862e-08,9.2275594851394738e-08,8.5731235804854247e-08,7.6056839351650243e-08
6.605,8.5815065318280401e-08,8.7780702897047412e-08,9.0646005922270458e-08,9.3655968572347499e-08,9.4687508687864798e-08,8.8288824443395636e-08,7.8705436700641297e-08
6.6075,8.7460161091403172e-08,8.9626535133944966e-08,9.2629267842185435e-08,9.572860326792196e-08,9.6837467108673317e-08,9.0570394522535508e-08,8.1075761988610412e-08
6.61,8.8912815110301862e-08,9.1250159479274556e-08,9.4365541350200189e-08,9.7536210311129007e-08,9.8708534199185003e-08,9.2558243261779445e-08,8.3149472559278309e-08
6.6125,9.0159064855432286e-08,9.2635558792745528e-08,9.5837519954886e-08,9.9060762419033763e-08,1.002820481530417e-07,9.4232747926345357e-08,8.4906669100270474e-08
6.615,9.1185780220044445e-08,9.3767778195628041e-08,9.7029461554037031e-08,1.0028602258237907e-07,1.0154139392021575e-07,9.5576623144757062e-08,8.6329767914016876e-08
6.6175,9.1981109664532678e-08,9.4633668486560725e-08,9.7927601760663734e-08,1.0119756635101577e-07,1.0247167146280622e-07,9.6574254942021164e-08,8.7403281514492013e-08
6.62,9.2534564838466911e-08,9.5221934973921649e-08,9.8520125904518772e-08,1.0178316916697547e-07,1.0305991909946729e-07,9.7212231362422013e-08,8.8113144841018652e-08
6.6225,9.2837265264374634e-08,9.5523192463084992e-08,9.8797177115240554e-08,1.0203248068700238e-07,1.0329536152487941e-07,9.7478937363282854e-08,8.8447273643543481e-08
6.625,9.2882315573298926e-08,9.553020972578337e-08,9.8751081841647986e-08,1.0193756010896625e-07,1.0316978962527779e-07,9.7365626524626512e-08,8.8396112179654287e-08
6.6275,9.2664334132914553e-08,9.5237289098003311e-08,9.8375990270879201e-08,1.0149224703989094e-07,1.0267666608380087e-07,9.6865080625437984e-08,8.7952249428268562e-08
6.63,9.2179199677600578e-08,9.463991659962032e-08,9.766743905257523e-08,1.0069245463524075e-07,1.0181196029525811e-07,9.5972283510937224e-08,8.710995903616124e-08
6.6325,9.1423937643527718e-08,9.3734587879962792e-08,9.6621868854541207e-08,9.9535333296178108e-08,1.0057345795482472e-07,9.4684504712163641e-08,8.58661330924575e-08
6.635,9.0396881370089041e-08,9.2519394635810111e-08,9.5237615060468334e-08,9.8019951674504334e-08,9.8960492073321546e-08,9.30006410214616e-08,8.4219349008406488e-08
6.6375,8.9098157691175347e-08,9.0994797388053739e-08,9.3515938571818723e-08,9.6148007152835562e-08,9.6975071692040833e-08,9.0922689701798306e-08,8.2171344048163781e-08
6.64,8.7530290380581535e-08,8.9164418757557533e-08,9.146141069672431e-08,9.3924170002103589e-08,9.4622010268581861e-08,8.8455948039582119e-08,7.9726814650836688e-08
6.6425,8.5697566487128031e-08,8.7033859561770914e-08,8.908048162399231e-08,9.1355057663166931e-08,9.190785926357243e-08,8.5607248672508882e-08,7.6892329261417674e-08
6.645,8.3607234563516836e-08,8.4611817432626936e-08,8.6382941677352393e-08,8.8451410284412879e-08,8.8843746700734889e-08,8.2387958219790534e-08,7.3678536293291714e-08
6.6475,8.1268433758136753e-08,8.1908963008622008e-08,8.3380881591603415e-08,8.5226936236730071e-08,8.5444346816673584e-08,7.8812615581017564e-08,7.0099460235863602e-08
6.65,7.8691958025000833e-08,7.8937878234730838e-08,8.0088631485076785e-08,8.1697333344065641e-08,8.1726568097188265e-08,7.489812764413462e-08,6.6171884178477089e-08
6.6525,7.5890401658126004e-08,7.5713413331974923e-08,7.6523216520662582e-08,7.7881073866248453e-08,7.7709922099720177e-08,7.0664736331113636e-08,6.1916068306293802e-08
6.655,7.2878291559861457e-08,7.2252576481032157e-08,7.2703764726014125e-08,7.3798586202957397e-08,7.3415523066166525e-08,6.6134156254096383e-08,5.7353332297274409e-08
6.6575,6.9670744330362384e-08,6.8572641022634715e-08,6.8649115666045566e-08,6.9469913859328161e-08,6.886461494959497e-08,6.1328744367561415e-08,5.2505544503396254e-08
6.66,6.6284365996552289e-08,6.4692503113170344e-08,6.4379650841889378e-08,6.4916539917436255e-08,6.407966264431641e-08,5.6271811928343629e-08,4.739568033383387e-08
6.6625,6.2736803650171467e-08,6.0632119947382957e-08,5.9916931458580469e-08,6.0161113131965329e-08,5.9084362623685835e-08,5.098829800766483e-08,4.2048855090490732e-08
6.665,5.9046777531609482e-08,5.6412531777804908e-08,5.5283831725683185e-08,5.5227819134495387e-08,5.3904048722864726e-08,4.550506507992505e-08,3.6492060702727735e-08
6.6675,5.5231590407903992e-08,5.2053259918100563e-08,5.0501890731766754e-08,5.0139738413334986e-08,4.856262941099331e-08,3.9846834154736845e-08,3.0750212963578866e-08
6.67,5.1310196140600948e-08,4.7575913798574349e-08,4.5594858631655683e-08,4.4922166523722387e-08,4.3086767235680825e-08,3.4042391815578561e-08,2.4851782749073276e-08
6.6725,4.7300979625961336e-08,4.3001664653710788e-08,4.0585913423711648e-08,3.9599728690219081e-08,3.7502036887360105e-08,2.811860119737756e-08,1.8824708915584509e-08
6.675,4.322228866532157e-08,3.8351666186750811e-08,3.5498078896953902e-08,3.4196539324970643e-08,3.1833806268070473e-08,2.2102078463415875e-08,1.2696123971873109e-08
6.6775,3.9094011195659654e-08,3.3648606078672069e-08,3.0356023441000962e-08,2.8738579564505741e-08,2.6109416249879741e-08,1.6021985851647855e-08,6.4957750281659285e-09
6.68,3.4935254840175252e-08,2.8914156326064317e-08,2.5183249787742852e-08,2.3250637282809287e-08,2.0354542146748202e-08,9.9055481122373557e-09,2.5172120189405005e-10
6.6825,3.07646119511233e-08,2.4169308447512482e-08,2.0002447938740446e-08,1.7756579633857339e-08,1.45942002735098e-08,3.7792751836441961e-09,-6.0092688312269721e-09
6.685,2.6601398223135672e-08,1.9435918990635333e-08,1.4837464087286958e-08,1.2281546636305213e-08,8.8544793352043982e-09,-2.3290957093512235e-09,-1.2258942197056821e-08
6.6875,2.2464760901714019e-08,1.473552681838106e-08,9.7113951873573205e-09,6.849757344369646e-09,3.160623075540261e-09,-8.3933467942397715e-09,-1.8470472567478383e-08
6.69,1.837232695138137e-08,1.0087808815416077e-08,4.6453008119771016e-09,1.4829619276408161e-09,-2.4649494085165073e-09,-1.4389678380911175e-08,-2.4619509780350249e-08
6.6925,1.4341857244534012e-08,5.512788867733787e-09,-3.3934314747011975e-10,-3.7964759919923351e-09,-7.9988206611445077e-09,-2.0292437507494749e-08,-3.0679413811296318e-08
6.695,1.0390539360343238e-08,1.0298622340669958e-09,-5.2216562798609025e-09,-8.96637628547964e-09,-1.341760340377987e-08,-2.6076601199400765e-08,-3.6624494357346739e-08
6.6975,6.5339100215754944e-09,-3.3435569383703388e-09,-9.982889533411516e-09,-1.4006520236500686e-08,-1.8699729791822157e-08,-3.1718660200580292e-08,-4.2430341077187038e-08
6.7,2.7872408596448848e-09,-7.5904024124412444e-09,-1.4604617613720463e-08,-1.8897779933974878e-08,-2.3824828879476713e-08,-3.7195981605535134e-08,-4.8073035928671602e-08
6.7025,-8.3627575937902979e-10,-1.1695922310055309e-08,-1.9070984335032746e-08,-2.3623169982928845e-08,-2.8775440055811301e-08,-4.2489133124264429e-08,-5.3531883794774249e-08
6.705,-4.3235751391902687e-09,-1.5645491465025958e-08,-2.3366324272224547e-08,-2.8166484770572399e-08,-3.3534549665032329e-08,-4.7578738930338672e-08,-5.8786100446037081e-08
6.7075,-7.6631986281361855e-09,-1.9426249853310833e-08,-2.747719055151228e-08,-3.2514154989404335e-08,-3.8087969466015224e-08,-5.244957673939253e-08,-6.3819049416628378e-08
6.71,-1.0844255962870787e-08,-2.302603402570716e-08,-3.1390679803456431e-08,-3.6652909650632375e-08,-4.2421875310080323e-08,-5.7086345661520721e-08,-6.8614276719146513e-08
6.7125,-1.3857436562162161e-08,-2.6434428569398782e-08,-3.5095389318935777e-08,-4.0570334823010675e-08,-4.6523186249891566e-08,-6.1474954174997065e-08,-7.3157169400239031e-08
6.715,-1.6693658886553285e-08,-2.9640953338050163e-08,-3.8579620879687209e-08,-4.4253682935414137e-08,-5.0378182707400368e-08,-6.5600862637036627e-08,-7.7432595051919641e-08
6.7175,-1.9344650004848254e-08,-3.2635773135353429e-08,-4.1832425376512346e-08,-4.7691735349141395e-08,-5.3975282671139623e-08,-6.9451166035170897e-08,-8.1427045818546762e-08
6.72,-2.1802056486607948e-08,-3.5409059646037024e-08,-4.4842822586862181e-08,-5.0873158092976794e-08,-5.7302975166901929e-08,-7.30126145959291e-08,-8.5126119855257742e-08
6.7225,-2.4057918580866465e-08,-3.7951867087801386e-08,-4.7601466018271368e-08,-5.3788228475646651e-08,-6.0351161887267235e-08,-7.6273088489699829e-08,-8.8516403020910387e-08
6.725,-2.610577202857269e-08,-4.0257397505196852e-08,-5.0101681860610153e-08,-5.6430121070635221e-08,-6.3112893170938395e-08,-7.9224175647262789e-08,-9.158788904654947e-08
6.7275,-2.7940502430463651e-08,-4.232055920579177e-08,-5.2338460771382241e-08,-5.8793010550436075e-08,-6.558123284307793e-08,-8.1857921481581253e-08,-9.4331773839870249e-08
6.73,-2.9558299282588302e-08,-4.4137647589141734e-08,-5.4307784012358022e-08,-6.0871765959819366e-08,-6.7749372609937658e-08,-8.4166369453136385e-08,-9.6739231289470407e-08
6.7325,-3.0957910483105171e-08,-4.5707503720496368e-08,-5.6008005684509916e-08,-6.2664254322185531e-08,-6.9614380997745843e-08,-8.6145361775951922e-08,-9.8805344659250409e-08
6.735,-3.2138539720664409e-08,-4.7029023335975395e-08,-5.743745596066191e-08,-6.4168940566105462e-08,-7.1174578519314634e-08,-8.7791581818304963e-08,-1.005258668638629e-07
6.7375,-3.3100366293453992e-08,-4.8101807271068123e-08,-5.8595139767962161e-08,-6.5384644451250177e-08,-7.2429114939366046e-08,-8.9103414393878692e-08,-1.0189854834216916e-07
6.74,-3.3844413016748089e-08,-4.8926378486977081e-08,-5.948122614770427e-08,-6.6311563024580256e-08,-7.337878488719898e-08,-9.0081632576276471e-08,-1.0292392899631551e-07
6.7425,-3.4371904972985338e-08,-4.950362094285735e-08,-6.0096330486916324e-08,-6.69499991549057e-08,-7.4023770001405149e-08,-9.0726414700534464e-08,-1.0360149072279426e-07
6.745,-3.4684886680878136e-08,-4.9835519053997198e-08,-6.0442258366743841e-08,-6.7301515372540936e-08,-7.4365590361744069e-08,-9.1039446095393514e-08,-1.0393228482611936e-07
6.7475,-3.478578684441757e-08,-4.9924653345697992e-08,-6.0521513428986028e-08,-6.7368335175544186e-08,-7.4406154461740067e-08,-9.1022571426795007e-08,-1.0391808559575904e-07
6.75,-3.4677329946708147e-08,-4.9774046834580578e-08,-6.0337062942590499e-08,-6.715341360385824e-08,-7.4148430880106138e-08,-9.0678674711255521e-08,-1.0356135228736743e-07
6.7525,-3.4362917747474393e-08,-4.938759042929263e-08,-5.9893151975717711e-08,-6.6661417758896384e-08,-7.3597421200741487e-08,-9.0012559354357929e-08,-1.0286690136074981e-07
6.755,-3.3846797727757761e-08,-4.8770167051387116e-08,-5.9195153098299994e-08,-6.5897772213983133e-08,-7.2758648534316288e-08,-8.9030187958874781e-08,-1.0184090750540489e-07
6.7575,-3.3133760476289671e-08,-4.7927449579442399e-08,-5.8249425306646568e-08,-6.4869239287076741e-08,-7.1639024333058098e-08,-8.7739259567456411e-08,-1.0049131973490368e-07
6.76,-3.2229367952643429e-08,-4.6866166024008524e-08,-5.7063321267379065e-08,-6.3583182874525181e-08,-7.0246042356413067e-08,-8.6148354585946925e-08,-9.8827212923863657e-08
6.7625,-3.1140299243429512e-08,-4.5594317692409164e-08,-5.5645575421601909e-08,-6.2048749983862403e-08,-6.8589130593374718e-08,-8.4268466414594603e-08,-9.6860355076473522e-08
6.765,-2.9873373593878379e-08,-4.4119832455184058e-08,-5.400460111060426e-08,-6.0274335403651789e-08,-6.6676718897167363e-08,-8.2108711256785021e-08,-9.4600138200201913e-08
6.7675,-2.8435804271145041e-08,-4.2450752977370845e-08,-5.2148959795741313e-08,-5.8268831464421124e-08,-6.451865120361313e-08,-7.9680143688111089e-08,-9.2058556100049832e-08
6.77,-2.683446761775719e-08,-4.059464895495102e-08,-5.0086603400355509e-08,-5.6040509910768819e-08,-6.2123649747862838e-08,-7.6991688572004657e-08,-8.9244793810810145e-08
6.7725,-2.50762174029916e-08,-3.8559024199929331e-08,-4.7825463955076716e-08,-5.359818197775747e-08,-5.9501330404471094e-08,-7.4053598324873578e-08,-8.6170216975974072e-08
6.775,-2.3166783129241318e-08,-3.6350268467166051e-08,-4.5372483164642475e-08,-5.0949275302732494e-08,-5.665961808173411e-08,-7.0874568612796387e-08,-8.2843972445297252e-08
6.7775,-2.1111933231206943e-08,-3.3974941714124507e-08,-4.2734945747957513e-08,-4.8101500278182775e-08,-5.3606736339421547e-08,-6.7464841697251616e-08,-7.9277251926670045e-08
6.78,-1.8917354901934391e-08,-3.143967708807642e-08,-3.9920503238441589e-08,-4.5063431941638242e-08,-5.0352061066765866e-08,-6.3836534317839672e-08,-7.5483480918904231e-08
6.7825,-1.6587317660058881e-08,-2.8749763668399711e-08,-3.693536577573825e-08,-4.184198687601688e-08,-4.6903289343312495e-08,-5.9999397964514185e-08,-7.1473315643604961e-08
6.785,-1.4126886858603804e-08,-2.5911611734796971e-08,-3.3787063612045044e-08,-3.844548482972009e-08,-4.3269729713300804e-08,-5.5965125355287092e-08,-6.7259829500832817e-08
6.7875,-1.1541369337155905e-08,-2.2931891900003527e-08,-3.0483291269903971e-08,-3.4882524623111499e-08,-3.9461180857974167e-08,-5.1744991337023979e-08,-6.285516802903399e-08
6.79,-8.8359404493067901e-09,-1.9816799512048946e-08,-2.7030921198864877e-08,-3.116039825583491e-08,-3.5485960497122556e-08,-4.7349277153558942e-08,-5.8271154842229624e-08
6.7925,-6.0161836763381923e-09,-1.6572576807652257e-08,-2.3436681484942199e-08,-2.7286623573282103e-08,-3.1352244857036724e-08,-4.278777767040618e-08,-5.3518694616542278e-08
6.795,-3.0859986614621879e-09,-1.3203300624981856e-08,-1.9704948375990719e-08,-2.3266115109740601e-08,-2.7064913902807718e-08,-3.8066002338232113e-08,-4.8604434712327924e-08
6.7975,-4.8360985242802501e-11,-9.712010382982034e-09,-1.583891531004165e-08,-1.9102186578451165e-08,-2.2627543809675323e-08,-3.3189110244886386e-08,-4.3535137038124231e-08
6.8,3.0937154662220877e-09,-6.1021556179979238e-09,-1.1842768153384263e-08,-1.4799406742257471e-08,-1.8044881616873961e-08,-2.8162397772214754e-08,-3.8316624153728384e-08
6.8025,6.3382643291686964e-09,-2.3763395460626045e-09,-7.719564707334297e-09,-1.0361119881982889e-08,-1.3321007324816121e-08,-2.2990947741096042e-08,-3.2955342941139786e-08
6.805,9.6828035400450211e-09,1.4621391072845245e-09,-3.4733125724452745e-09,-5.7919366064571988e-09,-8.4614408450394652e-09,-1.7681759325037083e-08,-2.7458874258858944e-08
6.8075,1.3125389613371123e-08,5.4106178410079655e-09,8.9243151615777225e-10,-1.0966688100570945e-09,-3.4720141602235437e-09,-1.2241996650707851e-08,-2.1834456656151011e-08
6.81,1.6662625719312682e-08,9.4649066472701997e-09,5.3726553643945851e-09,3.7186272064197119e-09,1.6402139196360936e-09,-6.6803419056552278e-09,-1.6092234425079648e-08
6.8125,2.0291241976349613e-08,1.3621022519401879e-08,9.9627316036157058e-09,8.6485467328198827e-09,6.8687966787001653e-09,-1.0058220504010002e-09,-1.0241843163023551e-08
6.815,2.4007401283029783e-08,1.7874174243624487e-08,1.4656799008776915e-08,1.3686149313788847e-08,1.2205875976055597e-08,4.772296997861265e-09,-4.2928256720793984e-09
6.8175,2.7805570840174164e-08,2.2217461851892082e-08,1.9446723650909506e-08,1.8822781804507147e-08,1.7642033599981095e-08,1.0642526288316637e-08,1.7420142997159656e-09
6.82,3.1679785795223672e-08,2.6643572268311989e-08,2.4324121170555281e-08,2.4049919211120184e-08,2.3168584554490889e-08,1.6595802184738953e-08,7.8533793375895795e-09
6.8225,3.56213441524148e-08,3.1142129291759208e-08,2.9277109139823821e-08,2.9354509833511472e-08,2.8772365828533802e-08,2.2618710450925939e-08,1.4026799166161857e-08
6.825,3.9621994974415493e-08,3.5703667147963298e-08,3.4295591542538794e-08,3.4725897842136388e-08,3.4442569222798475e-08,2.8700459263059478e-08,2.025141227502721e-08
6.8275,4.3671224862442375e-08,4.0316525776783489e-08,3.9367179624625427e-08,4.0151254492864307e-08,4.0165858243604589e-08,3.4827670580373549e-08,2.6513309019944499e-08
6.83,4.7759999369671895e-08,4.4970910285929435e-08,4.4481379446419568e-08,4.5619045688963984e-08,4.5930055919452718e-08,4.0988071874508534e-08,3.2800899883362893e-08
6.8325,5.1876827628090981e-08,4.9654155150121286e-08,4.9624443739277023e-08,5.1114834462270267e-08,5.1720067309513331e-08,4.7166252759783122e-08,3.9099087911062732e-08
6.835,5.6011989734188073e-08,5.4355321972062414e-08,5.478414795794808e-08,5.6625219191621219e-08,5.7521714429167433e-08,5.3347445902322302e-08,4.5392878107673904e-08
6.8375,6.0152903779563148e-08,5.9059934573366018e-08,5.9944238166341522e-08,6.2132559146739094e-08,6.3316694864363518e-08,5.9512685610610382e-08,5.1663375412904449e-08
6.84,6.4286672273481382e-08,6.3753003527772888e-08,6.5088045737070016e-08,6.7619187230638371e-08,6.9086786918562067e-08,6.5643222673226457e-08,5.7891589196090931e-08
6.8425,6.8399927613769911e-08,6.8418899587718432e-08,7.0197953434211131e-08,7.3066306566976352e-08,7.4812274367727386e-08,7.1719096034582806e-08,6.4058440374697331e-08
6.845,7.2477682337140785e-08,7.3040125911137765e-08,7.5254277462069991e-08,7.8452169205928239e-08,8.0469947946048847e-08,7.7716060193298582e-08,7.014000134036294e-08
6.8475,7.650415595509233e-08,7.7598384563381804e-08,8.0236629697051983e-08,8.3754896213193565e-08,8.6036621757167033e-08,8.3610943094652966e-08,7.6113798282555207e-08
6.85,8.0461861533463701e-08,8.2073598741104233e-08,8.5123117677834054e-08,8.8951271098893072e-08,9.1487919927323706e-08,8.9378485350414454e-08,8.1955041121909731e-08
6.8525,8.4332900443471563e-08,8.6445653754481208e-08,8.9892289313626798e-08,9.4018759847217259e-08,9.6800727784002046e-08,9.4994929229105159e-08,8.7640503956769964e-08
6.855,8.8098650868843213e-08,9.0694011389157672e-08,9.4522271372690005e-08,9.893479884832593e-08,1.0195192009164421e-07,1.0043619831500581e-07,9.3145775683591319e-08
6.8575,9.1740801664205644e-08,9.479847318841174e-08,9.8991294105661627e-08,1.0367633233690335e-07,1.0691793008080132e-07,1.0567880818506838e-07,9.8448720723882536e-08
6.86,9.5240722457433006e-08,9.8738242402769591e-08,1.0327677526087216e-07,1.0821999187596436e-07,1.1167486155770057e-07,1.1069831785678389e-07,1.0352498033964157e-07
6.8625,9.8581014685558754e-08,1.0249368767635705e-07,1.0735725747075911e-07,1.1254285366392715e-07,1.1619879968168167e-07,1.1547095003269902e-07,1.0835122436663982e-07
6.865,1.0174429880093791e-07,1.0604522719284616e-07,1.11211351313818e-07,1.1662262978656409e-07,1.2046673539909581e-07,1.1997336741830062e-07,1.1290413191533655e-07
6.8675,1.0471406306190805e-07,1.0937413804504619e-07,1.1481854760667083e-07,1.2043758376705385e-07,1.2445640520368951e-07,1.2418270162686592e-07,1.1716112957750491e-07
6.87,1.0747473395175152e-07,1.1246243720524774e-07,1.1815923904533834e-07,1.2396699948796955e-07,1.2814626650143514e-07,1.2807656826976685e-07,1.2110027856659566e-07
6.8725,1.1001211350797458e-07,1.1529373948033979e-07,1.2121593009493853e-07,1.2719270665314177e-07,1.3151771657557205e-07,1.3163579682042614e-07,1.2470193291456177e-07
6.875,1.1231019878717559e-07,1.1785033100791705e-07,1.2397001588222041e-07,1.3009548768525073e-07,1.3455074976944977e-07,1.3483992574051496e-07,1.2794660256314661e-07
6.8775,1.1435443195010526e-07,1.2011645557726957e-07,1.2640488919617944e-07,1.3265788642337765e-07,1.3722690498362806e-07,1.3767015554355509e-07,1.3081570426323448e-07
6.88,1.1613276265581459e-07,1.2207927686152278e-07,1.2850686689038242e-07,1.3486527685805905e-07,1.3953074068949519e-07,1.4011077776627983e-07,1.3329373729131454e-07
6.8825,1.176352418765508e-07,1.2372820535569628e-07,1.3026468301184816e-07,1.3670623026526697e-07,1.4145067425097263e-07,1.4215029440414816e-07,1.3536957999690419e-07
6.885,1.1885303707810474e-07,1.2505362371838919e-07,1.3166824458155789e-07,1.3817018059507293e-07,1.4297602269404042e-07,1.4377778974044821e-07,1.3703264198498275e-07
6.8875,1.1977888776830903e-07,1.2604740791159307e-07,1.327091813607509e-07,1.392488629046273e-07,1.440985724415653e-07,1.4498445965116787e-07,1.3827398930248256e-07
6.89,1.2040663102238958e-07,1.2670241056255672e-07,1.3337995220790546e-07,1.3993525605654937e-07,1.4481161312150287e-07,1.4576299348874347e-07,1.3908569146378931e-07
6.8925,1.2073132813307803e-07,1.2701307231556554e-07,1.3367495851546004e-07,1.4022452075189233e-07,1.451106587269636e-07,1.461087278124237e-07,1.3946287023586378e-07
6.895,1.207499131938671e-07,1.2697625486224754e-07,1.3359137321513072e-07,1.4011391164475867e-07,1.4499318259795601e-07,1.4601891366488829e-07,1.3940223086625997e-07
6.8975,1.2046149759132557e-07,1.2659171797963787e-07,1.3312970589925196e-07,1.3960394890517118e-07,1.4445978978974706e-07,1.4549500618779294e-07,1.3890522729852113e-07
6.9,1.1986785478371157e-07,1.2586232321787996e-07,1.3229354697244391e-07,1.3869816779804833e-07,1.4351397748835671e-07,1.445404098695178e-07,1.3797472479321117e-07
6.9025,1.1897282003093567e-07,1.2479297421331769e-07,1.310885047264687e-07,1.3740292772419128e-07,1.4216217157530672e-07,1.4316164781438407e-07,1.3661743198586042e-07
6.905,1.1778218189174319e-07,1.2339051372746816e-07,1.2952247333641105e-07,1.3572743934729435e-07,1.4041422651468274e-07,1.4136838119701812e-07,1.3484250469653064e-07
6.9075,1.1630425411645639e-07,1.2166462571171402e-07,1.2760645769127876e-07,1.3368394687924144e-07,1.3828332976633495e-07,1.3917380686730481e-07,1.3266296532683325e-07
6.91,1.1454798433254947e-07,1.1962588636441395e-07,1.2535267632638462e-07,1.3128568884577509e-07,1.3578363511991987e-07,1.3659263994538448e-07,1.300929587080182e-07
6.9125,1.1252461324551527e-07,1.1728747939281255e-07,1.2277599921274255e-07,1.2854863001514e-07,1.3293175270544775e-07,1.3364223058838952e-07,1.2714952099815167e-07
6.915,1.1024623483445595e-07,1.1466327368483778e-07,1.198915854055319e-07,1.2548893945799874e-07,1.2974491128917432e-07,1.3034085147185922e-07,1.2385064642631941e-07
6.9175,1.0772669474737135e-07,1.1176901050214786e-07,1.1671661131350531e-07,1.2212489799007001e-07,1.2624234006609243e-07,1.267087246508084e-07,1.2021608540136861e-07
6.92,1.0498067155374136e-07,1.0862127209154237e-07,1.1326891521231461e-07,1.1847538645223112e-07,1.2244382664823999e-07,1.2276591445876142e-07,1.1626559968224852e-07
6.9225,1.0202425282039783e-07,1.0523812140310949e-07,1.0956808738913348e-07,1.1456101217559827e-07,1.1837055550503001e-07,1.1853408215986368e-07,1.1202033939934659e-07
6.925,9.8873998063993083e-08,1.0163823496400201e-07,1.0563463587133475e-07,1.1040347931355904e-07,1.1404508554494139e-07,1.1403651397465491e-07,1.0750348899796599e-07
6.9275,9.5546493669583729e-08,9.7840553721663854e-08,1.0148932158357501e-07,1.0602488442278015e-07,1.0949052704999408e-07,1.0929804769189863e-07,1.0274006921052847e-07
6.93,9.2058612336184345e-08,9.3864524934737274e-08,9.7153534328422031e-08,1.0144766040302264e-07,1.0473002458144544e-07,1.0434260590310188e-07,9.7754248325957167e-08
6.9325,8.842975822623321e-08,8.9732500201063453e-08,9.2651600956873592e-08,9.6697497906102244e-08,9.9790168641351718e-08,9.9197975255369172e-08,9.2574341158483608e-08
6.935,8.4677908941046957e-08,8.5464921692447816e-08,8.8005535927486117e-08,9.1797404918868853e-08,9.4694824240084248e-08,9.3888807726756058e-08,8.7225304554132295e-08
6.9375,8.0823457670196964e-08,8.1084792269410252e-08,8.324009715259467e-08,8.6773232648119158e-08,8.947081619116561e-08,8.8443057579189246e-08,8.1734932005204503e-08
6.94,7.6885256337139844e-08,7.6613286981841938e-08,7.8378200774534497e-08,8.1649213440482739e-08,8.4143527355896398e-08,8.2887333548284966e-08,7.6130014603495985e-08
6.9425,7.2883129491129565e-08,7.207275699122117e-08,7.3444156018331384e-08,7.6450757255471827e-08,7.8739310722256366e-08,7.7248514281599627e-08,7.0437331053726685e-08
6.945,6.8837374919447306e-08,6.7485984100527387e-08,6.8462310263371403e-08,7.1203394701219725e-08,7.3284419942907939e-08,7.1553268998814447e-08,6.4684172997319833e-08
6.9475,6.4766520249281392e-08,6.2873612044943839e-08,6.3454817116361131e-08,6.593004411677262e-08,6.7802350744676109e-08,6.5826586835252299e-08,5.8895639677281577e-08
6.95,6.0690305883315568e-08,5.8257925728905412e-08,5.8445718405414316e-08,6.0655581075747099e-08,6.231873116151221e-08,6.0095622486342101e-08,5.3098912854906432e-08
6.9525,5.6627174613555076e-08,5.3659805818680425e-08,5.3457349208416562e-08,5.5403635290583431e-08,5.6858566393238117e-08,5.438733467892518e-08,4.73215288097247e-08
6.955,5.259529639193453e-08,4.9099623904747997e-08,4.8511516014469125e-08,5.0197256443125238e-08,5.1446117275423904e-08,4.8727300408672737e-08,4.1589596544072761e-08
6.9575,4.8611085846536038e-08,4.4595640922175088e-08,4.3627918178084712e-08,4.5057095883695e-08,4.6102799971363055e-08,4.3138101144130274e-08,3.5926833198933011e-08
6.96,4.4691083403500195e-08,4.0166290819029592e-08,3.8826306753192878e-08,4.0003784449284363e-08,4.0850032031939927e-08,3.7641989066243257e-08,3.0356065358981319e-08
6.9625,4.0849711873458995e-08,3.5827626157400991e-08,3.4123770770559055e-08,3.5055291709571863e-08,3.5706458798387246e-08,3.2259169304608991e-08,2.4898171261269738e-08
6.965,3.7101201375230233e-08,3.159551069530368e-08,2.9537133520291749e-08,3.0229155385606851e-08,3.0690164680972924e-08,2.7008800199016383e-08,1.9573373850151712e-08
6.9675,3.3458085165731477e-08,2.7483887808362112e-08,2.5081269274530586e-08,2.5540336060454247e-08,2.5816572835455689e-08,2.1906900296103865e-08,1.4397707532000076e-08
6.97,2.9931568247257766e-08,2.3505354312199809e-08,2.0769889093575043e-08,2.1003568139104798e-08,2.1101074568967643e-08,1.69695920773631e-08,9.3879889057928145e-09
6.9725,2.6533580940636725e-08,1.9673670739934719e-08,1.6618055536052816e-08,1.663452071032696e-08,1.6559983819751553e-08,1.2213906934947391e-08,4.5613479335379092e-09
6.975,2.3274428912907455e-08,1.600097612426977e-08,1.2639015700285955e-08,1.2446492426191284e-08,1.2206675766527542e-08,7.6544040682381273e-09,-6.6803911860703148e-11
6.9775,2.0165354521790698e-08,1.2500254697604111e-08,8.8468765512246435e-09,8.4536893708153286e-09,8.0551108559797629e-09,3.307092945373033e-09,-4.4789602381118195e-09
6.98,1.7216219775486751e-08,9.1824471091711758e-09,5.2529689313628697e-09,4.6680187923868052e-09,4.1176673042072729e-09,-8.1445113445211031e-10,-8.6609577320544402e-09
6.9825,1.4436112328051432e-08,6.057114846456883e-09,1.8668637378482675e-09,1.0994094396104583e-09,4.0488366365690564e-10,-4.6989667070001356e-09,-1.2600830909591388e-08
6.985,1.1832275762612293e-08,3.1316299103395978e-09,-1.3038177874784102e-09,-2.2432206654404915e-09,-3.0731372434242636e-09,-8.3359872804488073e-09,-1.6287585732046031e-08
6.9875,9.4104051743045124e-09,4.118626722155656e-10,-4.2527386041802924e-09,-5.3528762124834163e-09,-6.3082579766793835e-09,-1.171731413916405e-08,-1.9712861576291099e-08
6.99,7.1745046591111676e-09,-2.0978474498479611e-09,-6.9748607261535549e-09,-8.2241352825249789e-09,-9.2946024225765057e-09,-1.4835526586417057e-08,-2.2868175644565196e-08
6.9925,5.1276991455897845e-09,-4.3937661198354844e-09,-9.4658422206137854e-09,-1.0852592383543202e-08,-1.2027514006699414e-08,-1.768458188676153e-08,-2.5746834880229385e-08
6.995,3.271683152140517e-09,-6.4735100846936117e-09,-1.1722612576714865e-08,-1.3234877952979371e-08,-1.4503654922776679e-08,-2.0259844427581316e-08,-2.8343407119280257e-08
6.9975,1.6082868132954087e-09,-8.3344407926160402e-09,-1.374188526052346e-08,-1.5367460791933618e-08,-1.6719491419438185e-08,-2.2556499090984213e-08,-3.0652154540862716e-08
7.0,1.3842448564315944e-10,-9.9749904532478232e-09,-1.5521673169393043e-08,-1.7248331861204013e-08,-1.8673100813456558e-08,-2.4573133766261001e-08,-3.2671640361817781e-08
