Physical Time (s),xth_right Monitor (kg-m/s^3): right_cv1,xth_right Monitor (kg-m/s^3): right_cv2,xth_right Monitor (kg-m/s^3): right_cv3,xth_right Monitor (kg-m/s^3): right_cv4,xth_right Monitor (kg-m/s^3): right_cv5,xth_right Monitor (kg-m/s^3): right_cv6,xth_right Monitor (kg-m/s^3): right_cv7
0.0025,1.0452993486657628e-13,-3.813561768058901e-14,-3.6224145655538573e-15,3.7561997554634326e-14,4.956189283297619e-14,-4.0026689776941014e-13,-6.9188004054184664e-13
0.005,2.4747530675150045e-13,-5.2430049644998987e-14,6.361033810108833e-14,-3.294016392738226e-14,-8.5198956891141926e-14,-8.8504721046490555e-14,1.8933836662620739e-13
0.0075,5.6160461367396739e-13,3.2591353137409238e-14,4.7768444690047157e-14,1.1108185443590189e-14,-1.3045530687804201e-14,6.533062802705688e-14,-2.4854653519029606e-13
0.01,1.1371621286851528e-12,2.0490636710484384e-13,1.1633772562393449e-13,9.1995959499431056e-15,8.5967479768842545e-15,-1.2040988652492372e-13,3.813049142783522e-13
0.0125,1.6506561092870176e-12,-1.2061727438616652e-13,2.9735562378899699e-14,4.387103389317475e-14,3.7818856243778474e-14,5.9901811866188369e-15,-9.1499590828032165e-14
0.015,1.9285627047024191e-12,2.6741206269545528e-14,3.7747579050515437e-14,-1.3572221697397497e-14,-9.4327425150003571e-14,-5.6100237691264849e-14,4.0860129089199719e-15
0.0175,2.2230994467028732e-12,5.0416850234329302e-14,-9.4808792698152963e-14,-7.1246266087986897e-14,2.1430881019144262e-14,4.2304083711456261e-14,1.3537586008283695e-13
0.02,2.7070640049137245e-12,1.1703063418021183e-13,1.9839182464642824e-15,7.2413490403023035e-14,7.9470300914314866e-14,2.0046054821021582e-16,-3.6865211185283922e-15
0.0225,3.1400326474900527e-12,-3.967621349164569e-14,1.4404635392825957e-13,1.2658743337043365e-13,-1.5610738694845443e-14,3.3897276665870653e-14,3.6131689253674606e-14
0.025,3.6541638804394667e-12,-8.1908900675092607e-14,1.3346663234292114e-14,-6.92008138425521e-14,1.372923404132316e-14,-2.8590601432550383e-14,-5.4787147528406425e-15
0.0275,4.4292440259049171e-12,-3.7892309964450763e-14,4.2044919796979478e-15,-4.8387984331885584e-14,6.0869084648323566e-14,-3.2354851179142309e-14,-5.2145621649272937e-14
0.03,5.3423150823279484e-12,-1.0978228794145881e-13,-2.8412688841603616e-15,-5.8610013911305604e-14,-1.5325495899170802e-13,-3.5007447451783877e-14,4.0422403163282642e-14
0.0325,6.390924180688469e-12,-6.2128600303792683e-15,6.8024218328628379e-14,-9.8091997019620777e-14,-2.2382706087194188e-13,-3.957191698889507e-14,4.0300374736754426e-14
0.035,7.7443067292039704e-12,1.4494327144995512e-14,7.3435042747143098e-14,3.1585220825649153e-14,9.9553882997652568e-16,2.3352307579267111e-14,8.7228339105800154e-15
0.0375,9.5913944822989873e-12,-1.435035974031241e-13,6.8188488217482418e-14,-2.0661762804527224e-15,5.2528608043373834e-14,5.8214001563107636e-14,-7.6982903248980814e-14
0.04,1.1489393291586984e-11,4.0764460698104875e-14,-7.3871044301672975e-14,-6.2172454227455687e-14,7.855022113614806e-15,1.3185476618203401e-13,4.1459653683437389e-14
0.0425,1.3862873662097357e-11,5.0560046804783393e-14,9.2510608711422172e-14,-1.323704372608075e-13,-3.8509866985116691e-14,-7.8673044629108685e-14,2.6795200492088078e-16
0.045,1.6761195541255169e-11,4.9603056689051759e-14,4.380251224986277e-14,1.0388255898297995e-13,-2.6444218617855138e-14,-2.199005550603954e-13,4.142243917985215e-14
0.0475,1.9665982963970875e-11,-4.4954119226907456e-14,-6.1499830845916888e-14,-3.4822782579848019e-14,2.0459821803851067e-14,2.8603218231700635e-14,-1.7216537841600971e-14
0.05,2.2999105555577004e-11,1.2645926209912303e-13,-5.4046325308366561e-14,-1.9008778485418911e-14,2.0095603016495211e-14,-8.8461431120660564e-14,-4.1820113225669727e-14
0.0525,2.6389401605764508e-11,9.241629285435293e-15,-2.330501605169861e-14,2.3824437427609932e-14,1.3107840750087394e-13,-7.3449677743225636e-14,1.4024198872269533e-14
0.055,2.996267877623918e-11,-4.1539816553376112e-14,-1.292086490610287e-14,-3.0532786192588116e-15,-2.7486779535091588e-14,7.9005755599862047e-14,-2.0962223495205165e-15
0.0575,3.3288645686014772e-11,2.2142165773931589e-14,8.7209741163454685e-14,5.4229979777696021e-14,3.8688866265573456e-14,-1.8815082320247517e-13,2.2911791794485811e-14
0.06,3.6453112095307421e-11,-6.2895177291349297e-15,-1.3297765550708398e-13,-5.037150901726933e-14,-8.4809097498717182e-14,1.3816265243040294e-14,-9.8145185978884894e-14
0.0625,3.9590153760331055e-11,-1.0980134830290064e-14,7.0931002554122686e-14,-3.1831249076456447e-14,4.4257871564931697e-14,-2.6052711480965665e-13,7.9164984509536636e-15
0.065,4.2448738516431579e-11,1.229683472388994e-14,-8.8096372043671676e-14,-1.3778250478728697e-13,1.0971924672672671e-13,-4.663886517896515e-14,9.8849463969510651e-14
0.0675,4.467483291854128e-11,8.9355530427147576e-14,-1.3667905133924796e-13,-1.1360660581827126e-13,-2.1660176573713652e-14,-6.844891983778433e-14,-1.0343212503239425e-14
0.07,4.6637410378715394e-11,-2.2037383521320608e-14,3.7591201941701922e-14,1.7212610339888389e-13,-3.388419758954058e-14,-9.0576581812828324e-14,-2.1116902157308345e-14
0.0725,4.7655189992309252e-11,1.7728489840036374e-13,3.0367262905569754e-14,-2.0573894125497433e-14,-1.2623641160872801e-13,2.8448368378704805e-14,1.328005682936574e-13
0.075,4.8440041088081604e-11,-1.3045246576060783e-14,-8.1487563035951135e-14,1.0662835864380292e-14,2.32398273886288e-14,1.2461529440634332e-13,5.8241087489365533e-15
0.0775,4.9026219664444278e-11,1.686591923220415e-13,-9.7769299451199423e-14,1.9197349365659721e-14,1.1448708737732108e-13,9.1129878459818813e-14,-5.2387636972657861e-14
0.08,4.9012768848412919e-11,1.6294841481365186e-13,1.4237402815292197e-13,-2.6849104995742165e-14,6.3404452594392196e-14,-4.6426431158100236e-14,-9.3273994982844342e-14
0.0825,4.8779431968820467e-11,-3.7273432689905748e-14,1.150288742892318e-13,-2.9317874416483873e-14,2.2950772401762447e-14,-3.1845213974129882e-14,-8.6479759193596513e-14
0.085,4.8405255456463741e-11,2.008857172556839e-13,5.5172593756202146e-14,2.0580512010177917e-15,1.6006531475613715e-13,-1.0460406706154482e-13,-1.720873000562159e-13
0.0875,4.7829969469736715e-11,3.8558979906173549e-14,-8.2428077667082656e-15,8.5977565858286174e-14,-1.3555981670224084e-13,-3.0227303557676887e-15,-1.6920940614005449e-14
0.09,4.7533505915504429e-11,6.4767209688347659e-14,1.3456423139696482e-13,-2.9898598690118407e-14,3.8523348752527082e-14,-6.6425275498855933e-14,4.4732183323221298e-14
0.0925,4.7441545622441475e-11,4.9365358664318548e-14,7.462900365448754e-14,3.1710422891103335e-14,9.7653744196200461e-14,9.037188491133156e-14,-5.730792552430273e-14
0.095,4.7575016637586458e-11,6.4655336908031843e-14,-1.1592675531956402e-13,8.5933123806001444e-15,1.2946518537282774e-13,-1.0624100146080531e-13,-4.2390632531456529e-14
0.0975,4.8218795936208095e-11,5.2421211130090246e-14,-2.4701583358894475e-14,2.0348766239733451e-15,-1.4697080577295559e-14,-4.0951894782929383e-14,-1.5371742788872231e-14
0.1,4.9417008326844089e-11,1.4848923338250238e-13,7.1345414460441865e-14,6.6764566012243786e-14,3.0500776192454983e-14,9.9493052162265407e-15,-2.7356416806307966e-14
0.1025,5.0933650735080623e-11,5.4317898351636858e-14,4.4137117073340181e-14,7.1240233675348021e-14,-9.0432321502863566e-14,-1.3628780295510914e-13,1.4453692771041574e-14
0.105,5.310175324533291e-11,1.1723994000986748e-13,1.0059863102340695e-14,1.305212965338182e-14,7.4985123741619767e-14,1.1489997351262122e-13,-5.5891531876548987e-15
0.1075,5.5596809977699722e-11,2.2439852317225287e-13,-1.7803911247322491e-14,6.8587934838343481e-16,-3.4881678008879797e-14,5.2693845623421939e-15,-1.4610312469134023e-14
0.11,5.8578851282864952e-11,-2.9548499877727459e-14,-4.9228473123980699e-14,-6.2442371997014646e-14,-1.0238210330484013e-13,1.8498803504201783e-14,-1.4227207437282618e-14
0.1125,6.2068052694715998e-11,2.3501120856436594e-13,4.9757750192523128e-14,5.1770970193321641e-14,-1.6622870512673013e-14,6.5887994895983513e-14,-5.3499045657826048e-15
0.115,6.5544468010475203e-11,1.7000363379141308e-13,-4.2218327746690857e-14,-2.5707396908360511e-13,6.3944023274862431e-14,6.3364279668269935e-14,2.9524405999532248e-14
0.1175,6.9023716444703203e-11,1.4487038077622318e-13,7.2805305150207624e-14,-1.7199776820950093e-13,-1.0810971306967843e-14,8.3586569378535366e-14,-3.1275089768241609e-14
0.12,7.2371762693746777e-11,3.0115532860522689e-13,5.666906754841808e-14,7.7449311272915321e-14,4.5653430833149419e-14,-7.041300720159504e-14,2.0095500218778121e-16
0.1225,7.5526132255600244e-11,1.2791011029339534e-13,1.6578089979317005e-13,1.7009887554209427e-13,-1.6455819983304048e-14,9.6891945728804231e-14,7.8340636930210173e-14
0.125,7.7791790651385329e-11,2.0543573019199696e-13,7.6714577459850796e-15,2.1332411531932821e-13,-4.2933474410954847e-14,-1.5279713336257571e-14,-8.5181599524547586e-14
0.1275,7.9835665942941079e-11,2.170007970752112e-13,-1.0517233448121918e-15,-5.8354326507370989e-14,7.4152239027813695e-14,-1.4240099387159964e-13,2.6829461347335103e-14
0.13,8.0651209168855087e-11,2.3646978264683979e-13,1.7433344049153436e-14,1.3067074266329535e-13,1.6137905161940591e-14,-5.7849729653255633e-14,1.2011943674966924e-15
0.1325,8.114872794586514e-11,4.355656760735877e-13,-8.1968204215198552e-14,8.284801973178464e-14,-1.4092185106500552e-15,-4.1632020074185582e-14,-5.2613681397446693e-14
0.135,8.0644903877751203e-11,2.8486957239428861e-13,-2.7180866162395836e-14,4.2230040473538629e-14,4.9936764851734528e-14,-9.8590940369311601e-14,4.9831260744683891e-15
0.1375,7.949739440958823e-11,5.2167302698284631e-13,2.9715402604888356e-14,8.4978375376180039e-14,-5.9500485264129153e-14,-5.5945716440613165e-15,-2.1722681730379369e-14
0.14,7.7548297934447196e-11,5.4910023250806324e-13,2.9779214965515605e-14,3.7789593485361218e-14,5.3458874011561553e-14,-6.5704160842891613e-14,-1.4907177372648602e-14
0.1425,7.5185988590014203e-11,5.428558300251212e-13,-4.2202989845988664e-15,5.2120431518569695e-15,4.4835531343272379e-14,-1.1795066275113671e-13,1.343925332761131e-14
0.145,7.2311468971566696e-11,5.9323147681287762e-13,-9.096819846586558e-15,-1.7351291034721404e-13,1.8694767339885758e-14,8.4899098565031047e-14,2.0490104840129972e-14
0.1475,6.9078413079271591e-11,6.7585264733342387e-13,-4.3611779571097157e-14,-1.8642782261075568e-14,1.1395570317012708e-13,2.5335616579783826e-14,1.4250833452159809e-14
0.15,6.5630149172349956e-11,8.8100017875307705e-13,-6.1306201029059176e-14,4.7636133105295028e-14,-1.4732676478395867e-13,-6.6707625388760239e-14,-2.3548152647545877e-14
0.1525,6.2426669047970783e-11,1.0849834163688453e-12,4.5471756826111997e-14,-1.6166296830858651e-14,-5.8735713857631987e-14,-2.1280139710954005e-14,-3.2076086636111987e-14
0.155,5.877412121488546e-11,1.2054350904267255e-12,2.3134372163987376e-14,1.2477109128541764e-13,1.3493873068511425e-14,-3.566093822681451e-14,4.7267087815789711e-14
0.1575,5.5061514607926268e-11,1.2759621828676943e-12,3.2179026129340555e-14,-9.5125336361296201e-14,7.6538950394631941e-14,6.2787458399560958e-14,2.8448589270331187e-14
0.16,5.1669609343165165e-11,1.4590243499053521e-12,9.6746555518826004e-14,4.96750109424032e-15,-1.3562318269894528e-14,5.3137690166917585e-15,-2.0965377261264885e-14
0.1625,4.8407254329730195e-11,1.9976037246346903e-12,-1.010848236097705e-13,-9.7054727874002437e-14,-1.1161429740193231e-15,-5.5582059817926943e-14,2.1594294632404846e-14
0.165,4.5156446774622544e-11,2.2327271350070245e-12,1.2142057113217848e-14,3.9692257971449202e-14,6.2272180270083591e-14,1.2872982661481725e-13,-1.251406253444386e-13
0.1675,4.1935079748761624e-11,2.7221930439371925e-12,7.3715164287272042e-14,7.5845758711533295e-14,-2.3800659523704224e-14,-3.1259671386520557e-14,1.0271062991139711e-13
0.17,3.9248079675740272e-11,2.8488733162980455e-12,8.2822757760696182e-14,-1.0993230854677547e-13,1.9330494783743272e-14,1.1436996875654886e-14,-6.0719875444870102e-14
0.1725,3.6304468806508523e-11,3.2641058688978494e-12,1.7823842593977952e-13,-1.1306234589736244e-13,-2.0034704615524268e-14,-7.7051599804945545e-14,-4.592326815860323e-14
0.175,3.3824626324208944e-11,3.6987187893043426e-12,-2.431502580684027e-14,-6.7069253347537279e-14,-1.2187504263845495e-13,-1.7685905526810461e-15,-6.1635530506687581e-14
0.1775,3.1147563132164811e-11,4.2066138937737116e-12,-7.9335499102302879e-14,6.4608670264140445e-14,-2.8099076283119614e-14,7.8523181807058214e-14,1.3555569160283956e-13
0.18,2.8976540046562975e-11,4.7030344552033208e-12,-6.165540447426139e-14,6.0907745056651937e-14,3.2923606891813944e-14,-8.551741158378864e-14,1.7330226449219647e-13
0.1825,2.7074572623360194e-11,5.2077384639485194e-12,-2.748312446445872e-14,-2.5219303201164246e-14,5.4188507863105279e-14,2.2863723619739649e-14,-3.9004668728539378e-14
0.185,2.489754780659668e-11,5.8259295725535634e-12,-1.1934834729505419e-14,3.8303936073187886e-14,-4.7278209586033194e-14,7.7953518703078021e-14,-3.6417650753512469e-14
0.1875,2.3193423141765459e-11,6.6607616220257248e-12,3.9421932908936368e-14,8.1048469591461209e-16,1.4638357880564562e-13,3.0282329640142451e-14,-5.8938278625515132e-14
0.19,2.1340373032256095e-11,7.1996090523987055e-12,3.758165094635592e-14,-1.2162527853662704e-14,8.4539310513620592e-14,-4.9192830156528657e-14,2.7335730717434238e-15
0.1925,1.985474522053715e-11,7.8938505652244299e-12,-3.3352905517966612e-14,1.2715274191043464e-13,-9.8061289085719446e-14,-9.319602072147452e-15,-2.3732081808916515e-14
0.195,1.8560012926032737e-11,8.5485060108705095e-12,-1.516424865232783e-14,-1.7466411865740415e-13,-4.3919188709850766e-14,-7.9651614737006244e-14,5.7690353890787475e-14
0.1975,1.7233619348543201e-11,9.1307237875602386e-12,-2.0732516342175535e-14,1.4807091407884774e-13,-1.4125967227152371e-13,-6.9153596333397828e-15,8.680521322830919e-14
0.2,1.6043374107504437e-11,9.9222160311087775e-12,5.4627582735586171e-14,-5.0799768395223466e-14,-1.8154150972822256e-14,1.753222890950078e-13,1.2272842165291801e-13
0.2025,1.4854764004777575e-11,1.0638243587856568e-11,-1.505969943317093e-14,7.0313964589490509e-14,-1.9194116244328787e-13,-5.2339215819977748e-14,3.5353290067746109e-14
0.205,1.4280995283744402e-11,1.115900566206229e-11,7.4386163708825516e-16,-3.080647328179228e-14,9.4754112491519456e-14,-2.0874830106425977e-14,5.2094654407709143e-14
0.2075,1.3120418893936433e-11,1.1526785076317163e-11,-1.0645817709161542e-13,-1.0685930757660645e-13,3.2472309670000784e-14,2.7067340583648678e-15,5.334036119088157e-14
0.21,1.2444656298228485e-11,1.2435838232153991e-11,-1.0171404715762285e-14,4.6694662950258616e-14,6.5484274826647105e-14,-9.235936626343963e-14,3.543695184846587e-14
0.2125,1.1771528457851251e-11,1.2925086571162469e-11,-3.4732080018912276e-15,-1.8852712606964128e-14,1.2672541089036333e-13,3.3494883226265391e-14,4.0604624878091574e-15
0.215,1.12964631672645e-11,1.347884616454637e-11,-4.0416367861778118e-14,9.2752744755484434e-15,1.0025769615193037e-13,1.1563930937328089e-13,-2.1850455666408908e-14
0.2175,1.0724802425711116e-11,1.3990802936940558e-11,1.3873743225323864e-13,1.8052887648737095e-13,-4.3581881909195513e-14,-1.9861305163360208e-15,-3.60644836987416e-14
0.22,1.0254733993379755e-11,1.4631641691857473e-11,-1.3768755331762874e-13,5.4240547023410375e-14,-1.2165580548288622e-13,1.3644577207553444e-14,-1.1361494098324249e-13
0.2225,9.8867306382491374e-12,1.5124652342292419e-11,3.8905483102720867e-14,1.5984699180282512e-13,-1.070600820517886e-13,1.041911408514512e-13,9.7694827852819482e-15
0.225,9.5586256948612022e-12,1.5859866330371844e-11,5.9427406213804699e-14,8.0054123692802164e-14,-3.163626393268108e-14,6.4759448177514724e-14,5.3577623988233258e-14
0.2275,9.1727673040941276e-12,1.6323915783024529e-11,9.3327018305957555e-14,-1.0718213121378877e-13,-4.4483936470462616e-14,9.4521389351345969e-14,-8.2283013246287232e-15
0.23,9.0429570359557265e-12,1.6957843284219935e-11,1.4407644166888516e-13,6.2364480155528863e-14,-6.4764625611572091e-15,5.2992596458457215e-14,8.2961307261299325e-14
0.2325,8.9196840390355854e-12,1.7735507112623461e-11,1.1884841225151905e-13,-5.7855181782239405e-14,-7.1928583704870114e-14,-5.3356767347810838e-16,1.3685209494844361e-13
0.235,8.8801554973589192e-12,1.8348936111137845e-11,1.0630383043480191e-14,-2.8117623988799951e-15,1.7252469296198363e-13,4.2137626300866799e-14,-5.1181517183849942e-14
0.2375,8.8282652635046529e-12,1.9296432536895984e-11,7.1445930860974646e-14,2.0160927292750974e-14,1.0734541668168029e-13,-1.5095744875263858e-14,2.7597363254522704e-14
0.24,8.6310077701179182e-12,2.0188988873749266e-11,3.4255385452922231e-14,4.8833397759969675e-14,8.6674621592964824e-14,-3.281882285354713e-14,4.6182282915348211e-14
0.2425,8.7243079587534761e-12,2.1229420725199895e-11,-3.4816403234652123e-14,1.0800019739838845e-13,1.1059806144333328e-13,-7.9587436015928906e-14,-3.6226567435610797e-14
0.245,8.8929398069335751e-12,2.2217922963378099e-11,-5.8128145839430588e-14,-1.7751421465501807e-13,-1.3301825078433082e-13,-6.428867562059668e-15,3.1372573669760459e-14
0.2475,8.9706655090911774e-12,2.3223428740632278e-11,-1.3714329973711525e-14,1.6726520528391647e-14,5.2465137434357632e-18,5.8343445844005159e-14,9.5952695557328637e-14
0.25,9.1099803075511909e-12,2.4264130797634585e-11,2.8654008930401435e-14,-1.1252576105473258e-13,-3.2248771617541372e-14,-9.447632957857095e-14,3.9794503798775811e-14
0.2525,9.0328884646550266e-12,2.5471960687595607e-11,1.1921417158346985e-14,-1.3835778025039528e-13,1.9340078263572471e-14,8.5350610172913515e-15,4.1893907089080302e-15
0.255,9.3088220468398694e-12,2.6863287554221136e-11,-3.5586001641407022e-14,9.7532674736467112e-14,6.6147010059793444e-14,-1.4473624137553926e-14,1.2083275096829317e-14
0.2575,9.5575506562348466e-12,2.8052689491810037e-11,7.8318119441014373e-14,4.1376409673851535e-14,-3.9710007360450686e-14,-7.8381247766089343e-14,6.385374646119937e-14
0.26,9.6970749507974062e-12,2.9417435488023979e-11,-1.7140871895279344e-13,-8.6347706304577251e-15,-5.2046215866875534e-14,1.1970679960227567e-13,-4.8178229006357676e-16
0.2625,9.7440180693174909e-12,3.0854435771003084e-11,-6.0993066920898542e-16,-1.2271511543655457e-13,2.9637357719913985e-14,-4.4870484920813912e-14,-6.7011850306123285e-14
0.265,9.9822043059123979e-12,3.1703200832042034e-11,-5.5397476252208067e-14,8.5060222142301701e-14,-2.2366132492516325e-14,-1.9391516451580716e-14,-1.5100099420683074e-13
0.2675,1.0392108743085778e-11,3.3010144453313203e-11,-1.2754889661038825e-13,-1.0210238326869073e-13,6.4366364601315554e-14,7.8292804783240442e-14,-3.243691992799793e-14
0.27,1.0434131009600723e-11,3.420496826936526e-11,-9.393584332335724e-15,-3.3459491782222382e-14,3.3710580445293729e-14,-5.7678642211856275e-14,9.6874322632304983e-14
0.2725,1.0831530051556892e-11,3.5048783972370365e-11,7.094817022615807e-14,5.0900096875036043e-14,7.0492853624425647e-14,-3.7691087740964586e-14,2.26456381682831e-13
0.275,1.0883315294427357e-11,3.5706200728785962e-11,-3.2864932733531022e-14,-2.1633973557705667e-14,2.4543432611316045e-14,-4.5411136772544418e-14,1.6681108638918914e-14
0.2775,1.10274443748194e-11,3.6567043880058988e-11,2.7466918404300619e-14,-7.951253848676342e-15,1.7277816948529519e-14,-5.4712370510441628e-14,-1.0155746543726219e-13
0.28,1.1291082049887636e-11,3.7194102382901821e-11,-5.3729113449818217e-14,1.911581939178094e-14,-1.1528692137270209e-13,7.7237599993053288e-14,-1.168848873721184e-13
0.2825,1.1693923216659124e-11,3.7516267515199719e-11,5.7613071142527352e-14,2.7083654844950331e-14,7.0350061082094312e-14,8.3474207723826672e-14,-1.020330975093762e-14
0.285,1.1738346831045963e-11,3.7930729525161952e-11,-3.4932881188264231e-14,-6.7689323773928149e-14,2.8221156574369334e-14,-5.4672049333017277e-14,-6.5709117497919316e-14
0.2875,1.1865094143048122e-11,3.8054153940050668e-11,8.9290672318703791e-14,-5.0626747295435395e-14,1.0978641534901358e-13,-4.3750541204850062e-14,-1.1139434710350054e-13
0.29,1.2074306284934015e-11,3.8006894466401242e-11,-2.7623358486540157e-14,6.6038797034751933e-14,6.4377352163365618e-14,5.9944902316056234e-14,-7.8263176291874946e-14
0.2925,1.2309479324825962e-11,3.7828190040071694e-11,-5.8128236317525857e-14,1.4876099709879798e-13,5.4059875676436415e-14,-8.0053554042072452e-14,6.2060135791750191e-14
0.295,1.2436375559103967e-11,3.7676041381784981e-11,-1.1373375239154955e-13,-3.6107155048531081e-14,8.9742936900683787e-14,9.4035104605403155e-14,-1.551857452030973e-14
0.2975,1.2610977030222479e-11,3.7334154391170541e-11,-5.8947585173973876e-15,1.9380337245646018e-13,-4.7007863171009418e-14,-1.4546474655145554e-13,-1.5052933457580164e-13
0.3,1.2848995293696796e-11,3.6874574516955392e-11,-9.3345568302608625e-14,9.5756328430562572e-14,6.5695125815657034e-14,8.4297881160577106e-14,4.970761283150171e-15
0.3025,1.303335977463119e-11,3.630398909591184e-11,9.5935345694120886e-14,2.6906461025787291e-15,-1.6103818879717754e-14,-1.0022264242412082e-13,-3.2085758005516869e-14
0.305,1.3136851547446549e-11,3.5805308198094424e-11,-9.9082348359790547e-14,-5.6778421864202649e-14,1.0792124058349264e-13,-2.2208654898898573e-14,6.7215724066041014e-14
0.3075,1.3397917421637289e-11,3.4942392953747921e-11,-1.7989294677557022e-13,-9.6420372609372927e-15,1.130013426064077e-13,-2.6615670640742884e-14,-4.2153809548347645e-14
0.31,1.3587885121899013e-11,3.4040717911570574e-11,1.2290963574808023e-13,-1.1817681858101629e-13,1.4329019951863266e-13,-1.8543663762535082e-13,-7.3255505816206264e-15
0.3125,1.3432947875758995e-11,3.3292635535570371e-11,5.7826560185348769e-15,-6.399390814103835e-14,-2.2183950821227466e-15,-3.0107489459741725e-14,-1.0165159470117162e-13
0.315,1.3559136386454284e-11,3.2495344173747541e-11,5.2518317702745927e-14,-6.4921079545632688e-14,-6.4333226990946157e-14,-6.7948061017249907e-14,-7.4077097028333256e-14
0.3175,1.3822914319949723e-11,3.1460220319395196e-11,8.9212807267537707e-14,3.8607677015976006e-14,8.8601093440923208e-14,1.8885835398566448e-14,-2.1671408384974733e-14
0.32,1.3786316050134975e-11,3.066666523829285e-11,1.3507754122832666e-13,2.5484679662425951e-14,-1.5610206523932607e-14,-6.2310227761391953e-14,2.4759680500502054e-14
0.3225,1.3954199396304687e-11,2.9527538012793603e-11,3.6597430832535437e-14,-5.7044342294402678e-14,1.1794028569441014e-13,-6.8053718117937972e-14,7.9710866057377215e-14
0.325,1.4039158872309546e-11,2.8487306276973989e-11,-2.0615008276450269e-14,-6.1848213015327791e-14,8.3214820993387114e-14,1.9863009409446771e-14,-1.1247822895380484e-13
0.3275,1.3990875494424332e-11,2.7651243776526938e-11,3.3746928698445359e-14,-1.5087806325855777e-14,4.7341195438946438e-14,8.0843120835166945e-14,5.1466775478180143e-14
0.33,1.411625138192364e-11,2.6449528601427102e-11,-1.0277738701946564e-13,-1.1575507918343135e-13,3.629155728046823e-14,-1.2060581378887814e-14,1.0376162351804892e-13
0.3325,1.4269676426332129e-11,2.5507431275770799e-11,-3.7523542803531655e-15,-3.8556812603954694e-14,-1.0820796024730137e-13,8.9379975428319477e-15,5.4729002119732387e-15
0.335,1.4212063339041711e-11,2.4543632216425862e-11,2.0007358030343453e-14,7.3129174420592877e-14,-1.3175326492488992e-13,3.9621646686838325e-14,1.3200454780987993e-13
0.3375,1.4255482880232118e-11,2.3414008438880268e-11,9.2073830164944603e-14,1.510912456817669e-13,5.5374349477637899e-14,-1.092559549618768e-14,-3.4122156043832918e-14
0.34,1.4327299584181202e-11,2.2502317557728121e-11,-3.1327718375624524e-14,4.8911124261149881e-14,3.2711549647609503e-14,3.9309884880351492e-14,-6.2820908802550158e-14
0.3425,1.435596099975627e-11,2.1577084472802775e-11,2.1710968354226933e-13,7.5045157988542061e-14,3.618711577276311e-14,5.3518325138009247e-15,-2.985065202030816e-14
0.345,1.4226693053652945e-11,2.0570247523879438e-11,-2.1888100188947469e-14,-1.275909990560567e-13,8.7654313509144015e-14,2.3148974236370694e-14,-7.7874660593057141e-14
0.3475,1.4230830967038346e-11,1.9659148072387528e-11,1.641032813035811e-13,1.8777145045117853e-13,2.9352787205697367e-14,3.1722069198440891e-14,-1.4638399554504957e-13
0.35,1.450008022352712e-11,1.8636112826123945e-11,1.1568933767297072e-13,-1.8257488814180607e-13,3.9245447044432789e-14,7.2359966755027545e-14,3.3463753214160536e-14
0.3525,1.4271205046841229e-11,1.7701144193503135e-11,-3.9762759841839505e-14,1.2728133172054129e-13,9.7394241009971179e-15,6.2375854051716014e-15,-1.0187433103964339e-13
0.355,1.4509901463242956e-11,1.6871512087270481e-11,1.4624140359935571e-13,-1.0139719348788616e-14,1.7494275534427966e-14,-8.4377390045112954e-14,-2.8233886785064567e-14
0.3575,1.4287476512039113e-11,1.6177105291090298e-11,1.0125236632623551e-13,-4.5367366080854956e-14,5.6053681814099391e-15,6.6097825455795221e-14,-4.7934032635762602e-15
0.36,1.4144394364848563e-11,1.5481097737105366e-11,1.4471298833292441e-13,1.2280226130814632e-14,2.1340328684543982e-14,-1.0124339444840463e-13,-1.5118538983628508e-13
0.3625,1.4399948462034642e-11,1.4685110962217025e-11,-5.4642482482913461e-15,-4.1710673356373592e-14,-1.5457193430028863e-13,-6.0268255829624097e-14,-4.4100759275001662e-14
0.365,1.4297683719802753e-11,1.3804598990934439e-11,1.0872105914154182e-13,-2.9511990355289478e-14,-8.4343061871021054e-14,8.3293063922742896e-14,4.3376409803140282e-14
0.3675,1.4483213267249464e-11,1.3204228970825392e-11,5.4174999441638136e-14,6.0815580075709695e-14,-2.3029330071769699e-14,-1.5161623165993419e-13,2.1298837728311529e-14
0.37,1.4107969960892574e-11,1.2461290087413466e-11,1.2389757772179234e-13,-1.8338895455195895e-14,5.2600344559477956e-14,-3.8361274951473793e-14,-5.0566910243557321e-14
0.3725,1.4130134242621873e-11,1.1872303508908979e-11,6.7430705907346023e-14,-1.3098688019899507e-14,-1.6581189803197472e-13,8.6147931197830498e-15,1.4722651448198368e-14
0.375,1.4090415478635506e-11,1.1294837816027758e-11,2.3466414805504741e-13,3.9485436694157717e-14,-4.9106932820319658e-14,4.5930489115403225e-14,-9.6092814126896697e-15
0.3775,1.4053302248931085e-11,1.0769702236647133e-11,1.5224884013553477e-13,8.7828567130748131e-14,4.6476254270816536e-14,4.250708263829651e-15,-1.3193537779678426e-14
0.38,1.4120749444643267e-11,1.0105214088957852e-11,1.5918550289071745e-13,-4.0567288976052796e-14,2.3657357828312091e-14,8.3412226558069901e-14,-1.3774451252994613e-13
0.3825,1.4026583421341938e-11,9.6707227318794723e-12,3.9033181422638173e-13,-1.111910965041488e-15,-2.5469891880554265e-14,-1.6024162251933584e-14,-2.9759985850267498e-14
0.385,1.3994411901817452e-11,9.1052949366528038e-12,3.29669787518742e-13,-4.5725183442498967e-14,-1.2370388955027659e-13,1.7280675106049836e-14,2.8288973576112377e-14
0.3875,1.3923995000052771e-11,8.7876249482318612e-12,4.2473980310049119e-13,2.937794788456683e-14,-6.644335521830283e-14,-5.0888064558850932e-14,-6.7325443257755387e-14
0.39,1.3765321038373464e-11,8.4469828923062837e-12,5.5218964162493745e-13,-9.1596375304129203e-14,1.4152173149269618e-13,1.6090212744483688e-13,1.22434044488995e-13
0.3925,1.3875840045948296e-11,7.8172376205649542e-12,4.56882677762033e-13,-3.1185889870272802e-14,2.7911781482620314e-14,1.9628150496125708e-13,-4.2020158520103862e-14
0.395,1.3714487540192028e-11,7.7107070943259557e-12,6.470116268533208e-13,-3.939709357226663e-14,7.4462162671535801e-14,1.7087892436247724e-14,-8.4670062833536909e-15
0.3975,1.3559941627453822e-11,7.4032923314894013e-12,7.230809410276936e-13,7.0508704517043192e-14,-3.8921901872426075e-14,-8.3304212943938686e-14,4.7480297083813764e-14
0.4,1.3590401704048294e-11,6.768801178793686e-12,7.4135240641449973e-13,-4.5446456101649125e-14,-9.1155232714625749e-14,-9.8320862544802576e-14,1.2005334173939852e-13
0.4025,1.339945254645885e-11,6.6842636431279011e-12,9.6725854607626294e-13,1.3046772122538526e-13,1.2548023482354749e-13,5.8702662361281033e-14,1.1176360798168497e-13
0.405,1.3537771004375488e-11,6.4491671734296364e-12,1.1284503456205865e-12,3.8748089328980149e-14,6.5440615288051568e-14,-6.5417503272463913e-15,1.5292551443287964e-14
0.4075,1.3297554585862272e-11,5.9295800065498397e-12,1.2432846424791289e-12,-5.3333952255946066e-15,1.5833915674914254e-14,2.1139770498189418e-14,-5.109469757028756e-14
0.41,1.3345998168324842e-11,6.0237525086448786e-12,1.5550544121453391e-12,-6.6457760776059057e-14,7.4909306662477984e-14,4.3016314016764825e-14,-3.1961368643965626e-14
0.4125,1.3242127946801926e-11,5.7151362086719338e-12,1.6939323685922133e-12,-4.0710869787348412e-14,1.3909953537389485e-14,-4.1771969958380197e-14,-4.6068682707187848e-14
0.415,1.3194803914544402e-11,5.4424608239753347e-12,1.9293138003332489e-12,7.5712570408020422e-14,-2.8254769814057709e-14,-7.1994751175187088e-14,3.2902568667312903e-14
0.4175,1.3086164777998874e-11,5.1592924016558711e-12,2.1752790608214299e-12,-3.3831575671029989e-14,1.9897179119446935e-15,-8.9397843801323992e-14,7.7856375802246617e-15
0.42,1.2921226854283172e-11,5.1692671738576533e-12,2.7091456423110157e-12,3.9207412796072258e-14,6.070593753051149e-14,1.2898451961001152e-13,-7.5756174328521072e-15
0.4225,1.2842272895172499e-11,4.7973062863309435e-12,2.8037133715613447e-12,-6.7829129051461902e-14,4.1018861728858083e-14,-4.2557290683786651e-14,-1.7856897799149528e-13
0.425,1.2725914641943328e-11,4.6220099000699714e-12,3.2019650393100359e-12,-9.3589852485363431e-14,-3.2204028399161313e-14,-6.5352531716115484e-14,3.5927004771555917e-14
0.4275,1.2702745081587107e-11,4.4424761760065626e-12,3.3864038793039516e-12,-6.9551560413527943e-14,-3.5811087026914698e-14,-1.111316884779091e-13,-6.2037627176103817e-14
0.43,1.2497758636177754e-11,4.4187333426004833e-12,3.7429067411128458e-12,-8.611636675277827e-14,5.4731065506011648e-14,-7.3437277275879582e-14,-9.8002858728082103e-14
0.4325,1.2567262834126662e-11,4.1811969995693191e-12,4.0749428109797543e-12,3.5426152304641887e-14,-2.95867420075926e-14,-1.8675156300821659e-14,1.8787585595160926e-14
0.435,1.2206587266251776e-11,4.1622634922053096e-12,4.4628394807059049e-12,-3.6390503373474824e-14,1.3197305870697953e-13,-5.878934203296656e-14,1.8183784591715989e-13
0.4375,1.222344003624234e-11,4.1187483783228732e-12,4.7323638443677438e-12,8.9172676424783622e-14,4.3595426897540532e-14,-4.6877925146839269e-14,-1.4075873148117906e-14
0.44,1.2235779099739549e-11,3.8577686609921597e-12,5.1798689558633151e-12,-2.5756093792555338e-14,-1.1165136846422031e-14,-1.4361843274596437e-13,9.420764556157878e-14
0.4425,1.2290072689617908e-11,3.9332609227494983e-12,5.3112586589391625e-12,8.0478567112845442e-14,1.1213499526123824e-13,1.9482417758310407e-13,-3.964974863419514e-14
0.445,1.2034089031965879e-11,3.7959037055742956e-12,5.7598224059616964e-12,-1.2136941307661974e-13,6.8485638871991317e-14,6.5337930911213922e-14,-6.2697221689913062e-14
0.4475,1.1924742842429475e-11,3.7710225522842787e-12,6.1555485042320284e-12,-1.7547851552906348e-16,4.5492968049940473e-14,-6.8007671217794905e-14,-5.8426989273429732e-14
0.45,1.1830849430351892e-11,3.6637826600802074e-12,6.2799522451801573e-12,-3.5972505065671421e-15,-1.4339230348205104e-13,-3.0992048482030275e-14,8.5502037242032315e-14
0.4525,1.1694004298964759e-11,3.5705618410818099e-12,6.6157846421651167e-12,9.0640464149558976e-14,-8.9921841704002153e-15,-3.1853828797509089e-14,-6.0459594510292233e-14
0.455,1.1623700388882686e-11,3.4101982319176589e-12,6.9548521538481925e-12,6.2524091097153885e-14,-8.3304283645771345e-14,-2.5910465300662083e-14,6.573845627562273e-14
0.4575,1.1515626829368256e-11,3.4411121935278058e-12,7.4864694785932288e-12,-6.1074914784694127e-14,8.8786265275314857e-15,-6.1582160044054187e-14,4.6682908397569024e-14
0.46,1.1461745587900341e-11,3.2521315866305596e-12,7.8336032587077993e-12,-4.9896481554692926e-14,2.8453579634387141e-14,-1.0180656830186881e-13,-7.9677558270937994e-14
0.4625,1.1222446544701465e-11,3.2643238776294939e-12,8.0561945125502084e-12,-5.3915708447376059e-14,8.837886248570806e-14,-2.1840290956620715e-14,-6.3128582133072234e-14
0.465,1.1200245550785956e-11,3.2136985170908333e-12,8.4727392872510761e-12,9.7002738375338595e-14,5.8790093491105038e-14,-1.6192569601910608e-14,-6.8180866446286333e-14
0.4675,1.0811440333433647e-11,3.157137833293089e-12,8.8679715447297879e-12,5.0223106137472924e-14,2.1387368100546811e-14,4.1693365660435508e-14,-4.2510062428155394e-14
0.47,1.0971617295999911e-11,2.9776250811941486e-12,9.2455360197486935e-12,-5.5992004074588454e-14,-2.593544486495281e-15,-6.5860340161897657e-14,-1.4261835125066139e-14
0.4725,1.0957365637331693e-11,3.1044051200589417e-12,9.7268202980327203e-12,1.7448297194282281e-14,-1.4173197889721119e-13,4.8135942504482815e-15,-1.1066098822233319e-13
0.475,1.0613947605636642e-11,2.8580822229455862e-12,1.011297233740827e-11,1.3165818763163813e-14,1.2963029716997122e-14,-2.6183334068519285e-14,-4.7606858876814765e-14
0.4775,1.0443318676031558e-11,3.0417605279831631e-12,1.0657166584845251e-11,-6.4125199514280462e-14,3.6159846846657983e-14,1.1007621591954685e-13,-3.4845077525674006e-14
0.48,1.0422428744235048e-11,2.9566998897518539e-12,1.1081353812289615e-11,-9.337459045332016e-14,-8.7901757970759396e-14,5.214429870590211e-14,-1.2789321081230877e-13
0.4825,1.0378181658030645e-11,2.7215622393402285e-12,1.1519475447371266e-11,1.2353141717733882e-14,-4.2826269807456069e-14,-7.7984737960358962e-14,-1.9520810090568497e-14
0.485,1.032960350453236e-11,2.7916312408985905e-12,1.2038734419154885e-11,-5.7850254600983627e-14,-1.0650352932535116e-13,-8.3225728893550574e-14,-5.4781640502309929e-14
0.4875,1.0186535443067788e-11,2.8181165613955258e-12,1.2423724158963313e-11,-3.2272907998952687e-15,-2.9315644507795075e-14,-1.1796067181689722e-13,-6.424761712855455e-14
0.49,1.0033179609954632e-11,2.8603885732528452e-12,1.289925464631809e-11,1.2775821884046948e-13,3.6100528533663e-14,-4.1482898869482035e-14,-1.0404996080725543e-13
0.4925,1.0033055704153595e-11,2.818614568265667e-12,1.3545204318096859e-11,3.5060995615409415e-14,3.5415076628657643e-14,5.4867717983497148e-14,7.8584411478752337e-14
0.495,9.7702000879053736e-12,2.8200217289355381e-12,1.41162274601701e-11,-9.1843791053269841e-14,-3.1584282230745205e-14,1.2518984535854977e-13,-8.1231833525103762e-14
0.4975,9.7399546517694522e-12,2.795158778228337e-12,1.4557589832018883e-11,-1.9228336001467591e-14,-1.1331356355083438e-13,-6.1007668190870488e-14,5.2484576365109803e-14
0.5,9.6858752639888225e-12,2.6421209271375201e-12,1.5048788844931631e-11,4.1853707335236799e-14,1.0287037964899365e-14,5.6574325584661587e-14,1.4866363361424332e-13
0.5025,9.6548346175789364e-12,2.6283082769954084e-12,1.5721318990163518e-11,3.4884388257220692e-14,-4.9488776666298135e-14,3.0076039371860343e-14,-6.6078343691419351e-14
0.505,9.4585788018505605e-12,2.598009728517281e-12,1.6151214324508069e-11,-4.7186097964769113e-14,1.5809706858889512e-13,-1.1157376425071734e-15,-4.1896489463667712e-14
0.5075,9.2887976685411242e-12,2.6594701466036262e-12,1.6759306924231105e-11,-4.6157292917373154e-15,-1.192469568704048e-13,-1.3836291456411322e-13,-6.6769764288030655e-14
0.51,9.306005922017473e-12,2.6967066384182878e-12,1.7347026648436452e-11,-1.2870799845291858e-13,-2.345616543077651e-14,-2.6427554737010687e-14,-3.3369997767762815e-14
0.5125,9.1562045228746801e-12,2.5339510465369849e-12,1.7770040248526962e-11,1.8487983032576771e-14,-9.848930613199062e-14,-5.976923943199472e-14,-7.4467168390211967e-14
0.515,9.043755304210464e-12,2.6049199288010614e-12,1.8112051004480628e-11,2.7008102107208378e-14,-5.1663977706875072e-14,6.9754123890206637e-14,-5.4507044333276556e-14
0.5175,9.1389817993812614e-12,2.5430477847226337e-12,1.8555959050627016e-11,-1.6263456797217456e-13,-2.2509063279242127e-14,2.8008778858140145e-14,1.9144953492142553e-14
0.52,8.864444802389325e-12,2.5914637129064628e-12,1.9072724287103657e-11,-1.0641203777122453e-13,5.2514872740624499e-14,-1.3667337732510463e-14,-9.6072086699335736e-14
0.5225,8.889608943573288e-12,2.5147340815730733e-12,1.9432420550789015e-11,-1.5579799577458953e-13,-9.3029707993920159e-15,-2.913328858235228e-15,1.058967380284938e-13
0.525,8.6226119592124257e-12,2.5226392878564391e-12,1.9810874186607921e-11,1.615261566845241e-15,1.1032343552155917e-13,5.8262189650340666e-15,8.6083467018220729e-14
0.5275,8.5416915947046266e-12,2.6408582295980506e-12,2.0083896029034864e-11,7.3111602402022127e-14,-4.7557575159107807e-14,2.5698121996507076e-14,3.7167865758190019e-14
0.53,8.5273870448344404e-12,2.5705370370969817e-12,2.0264048999871158e-11,-1.0507761726002294e-13,-1.2668784456981627e-13,9.5131945923943545e-14,-2.9212965155194044e-14
0.5325,8.5782326776932429e-12,2.6548073580014661e-12,2.0532407319027024e-11,-1.1055653456192703e-13,-2.9491387445009751e-14,3.8835212779227467e-14,-3.3383853128742326e-14
0.535,8.510920931554693e-12,2.4823430344717861e-12,2.0619934192758567e-11,2.8073904813932399e-14,-9.3893613238333273e-14,-1.0932340426674732e-13,7.2208549544774446e-14
0.5375,8.2532171155121097e-12,2.5233780074504709e-12,2.071445365650846e-11,-4.6063235220034637e-14,1.8283870955278708e-14,2.7163106645614093e-14,1.1297837468886534e-13
0.54,8.27255319938502e-12,2.4902311285075736e-12,2.0907245185988043e-11,-5.3373929002524219e-14,1.4004870691850512e-13,4.0782980286219781e-14,-5.9889766259592189e-15
0.5425,8.1892672667713389e-12,2.5804869854288831e-12,2.0988603274134038e-11,3.1073935828828359e-14,-4.5968056437577277e-14,9.1574449612919865e-14,-2.4083899344470729e-14
0.545,8.0793136842476611e-12,2.4236068712734389e-12,2.0990622026251718e-11,-2.0302960409623509e-13,-4.0983215024695449e-14,-3.930809011030598e-14,6.6155533308732979e-14
0.5475,8.1318737536407784e-12,2.3918396651376805e-12,2.0890041482199732e-11,1.3330581385916902e-13,-5.6975103495017481e-14,-1.163331042522509e-14,1.1883692881169261e-13
0.55,7.7704635645859589e-12,2.4410383689655285e-12,2.0731728191349641e-11,1.0185046953113433e-13,-1.017275284534745e-13,-1.7764032236535626e-13,-6.3972061699374574e-14
0.5525,7.8297516562649698e-12,2.364997835923351e-12,2.0636867450563409e-11,1.4842757789683373e-13,3.2187215372399798e-14,9.0912983242513273e-14,-1.3244768381402357e-13
0.555,7.668865514431617e-12,2.3057677257186027e-12,2.0461130453751146e-11,-3.9643739626489732e-14,1.0843685363562304e-13,1.1312920937053178e-13,9.4284510613813225e-14
0.5575,7.7118184518376396e-12,2.4075737895438027e-12,2.0117361732323891e-11,-3.7597051167258164e-14,-1.461691379247732e-15,3.5019710324760195e-14,-9.1905966991176746e-14
0.56,7.7084268034643405e-12,2.3021335851048917e-12,2.0018534403432751e-11,1.1821905303738533e-14,-8.3253099677810055e-14,4.9701457347511355e-14,-1.2051530113997689e-14
0.5625,7.5760361327616957e-12,2.4890027401903181e-12,1.9536088204691492e-11,-1.5612740583590687e-13,-5.5622739826038304e-14,3.9525609888142147e-14,1.0767343163118878e-13
0.565,7.4105040737627716e-12,2.4794138882563925e-12,1.9279597462028859e-11,-2.6708824594458717e-14,-1.2771398973911458e-13,-1.4088508103695334e-13,-9.3164992171514556e-14
0.5675,7.3264394261808562e-12,2.166345069694478e-12,1.8799881040592969e-11,-8.7399417514906082e-15,1.2014906165689531e-13,8.2611636119990928e-14,3.7739268146661162e-15
0.57,7.4708545413722316e-12,2.3509297103276486e-12,1.8414813755097804e-11,5.1141922313652527e-14,1.1456017649349324e-13,-5.163919767955933e-14,-2.5270926669703238e-14
0.5725,7.2188484515904708e-12,2.3876454126931677e-12,1.8063825576947596e-11,8.3503359408695789e-14,-2.5820480485696626e-14,-7.5107056384011804e-14,-8.003535236811386e-14
0.575,7.2741401283887247e-12,2.2202725694706034e-12,1.7531885984935435e-11,-8.573112033176967e-14,6.9570883335229786e-15,9.4852026139557745e-14,-1.9879870369125358e-14
0.5775,7.1910658690892973e-12,2.2424511037444522e-12,1.7152216940320254e-11,3.3619244167637174e-14,2.6893689851939698e-16,9.4406166637843615e-14,-6.589309593973602e-14
0.58,7.0490393136924277e-12,2.2922925937900393e-12,1.6477543114506772e-11,4.5956567561436617e-14,7.4156851202471743e-14,-1.5175837338912871e-14,-7.5351365523063364e-14
0.5825,7.1438079170638637e-12,2.3620914965817784e-12,1.5975005729062508e-11,-4.4110630163977311e-14,-1.7914707054987541e-14,-2.3043962507791988e-13,8.8275087097520536e-14
0.585,6.8498287890223017e-12,2.3965798977749619e-12,1.5528732555220909e-11,-1.5690531044117992e-14,8.2899317846696951e-14,-8.6953637315456685e-14,-2.5296618138690178e-15
0.5875,6.8674372183641997e-12,2.3097371826175784e-12,1.491357184889411e-11,-8.5995459384172083e-14,-1.304647851763664e-13,4.1597848268273548e-14,-4.0201717234099007e-14
0.59,6.8336853785506634e-12,2.2568062250643939e-12,1.438454292565749e-11,2.0333621571218307e-14,8.4352159684360537e-14,9.0832449465755504e-14,-6.5892800294153015e-15
0.5925,6.7126248329392263e-12,2.3648112775515935e-12,1.37261602287807e-11,2.1447200922534404e-13,-1.0394583542105722e-13,-2.6632049379391065e-14,2.9849761422957701e-14
0.595,6.7090411903564063e-12,2.4963518557532025e-12,1.3288121432004996e-11,8.6561978380655915e-14,-2.7364101174428471e-14,1.0851493754878092e-14,3.919866691046931e-14
0.5975,6.6425194467111367e-12,2.2839387661217204e-12,1.2723655121410235e-11,-1.5685725033045308e-14,1.4136153040454345e-15,-3.478336418996002e-14,1.9115577267160433e-14
0.6,6.4985667385471278e-12,2.1867095591172294e-12,1.2166642703549362e-11,3.6923411812542529e-14,7.683636530981931e-14,1.9875799412405278e-14,3.0987618524013732e-14
0.6025,6.5389368629318955e-12,2.3136850736211077e-12,1.1629301006559944e-11,2.5769580914410318e-14,-5.3401158514860254e-14,-1.0285362428181127e-13,-3.105054733899981e-14
0.605,6.4800263768645367e-12,2.5314484257252564e-12,1.1114976580314499e-11,1.7406476180335432e-13,3.4552233681657331e-14,1.0769393615939771e-13,8.7025402363109081e-14
0.6075,6.3976692197571262e-12,2.365986102112624e-12,1.0648122543444313e-11,1.3906326585829899e-13,5.5156474820505896e-14,1.4173873811334607e-14,-8.4913712415725975e-14
0.61,6.2646502750478049e-12,2.3341062676837017e-12,1.0098607990560991e-11,1.1585589608044375e-13,2.3711754813474379e-14,2.0907336838328922e-13,3.1061764939637828e-14
0.6125,6.2553662026476485e-12,2.3816891248766786e-12,9.6609876326354193e-12,8.6113385368371299e-14,-1.0083630626638356e-13,-9.913932189559223e-14,-1.0878191473910958e-13
0.615,6.1203673615246093e-12,2.3166376231107614e-12,9.1865401022827978e-12,1.6610140896569547e-13,-2.2829984543959651e-14,2.0739784505020367e-15,-2.3643128859994067e-14
0.6175,6.1076936456999576e-12,2.1330286121993928e-12,8.7166694437564811e-12,1.6375001399126383e-13,-8.9282234652769324e-14,2.6096863440853024e-14,-7.760987851786437e-14
0.62,6.2627579132075131e-12,2.3550898270414588e-12,8.3905049669438985e-12,3.4512979416793871e-13,-6.8698979584725502e-15,-8.6335693671529938e-14,-1.2764964893899227e-13
0.6225,5.8988766872930095e-12,2.258715391343662e-12,7.9996051243726034e-12,2.4063067796861348e-13,8.22467298609165e-14,-2.3980672254189602e-14,-5.4623066585848033e-14
0.625,5.8279852269640597e-12,2.2938016719067548e-12,7.453687910083815e-12,2.6039702369719329e-13,2.6723031237435093e-13,-1.4122669396361395e-13,-1.3536567594339195e-14
0.6275,5.9038692540669776e-12,2.2654005227175606e-12,7.2370188538729892e-12,1.6186725551407886e-13,1.1796289085562555e-13,-3.2401432524274579e-14,1.0626985718200933e-14
0.63,5.8584561663777628e-12,2.2734832603916652e-12,6.8023669119356973e-12,2.3859954873959698e-13,9.4457731727724665e-15,1.7764698256733062e-13,-2.4736022904814336e-14
0.6325,5.7087900377994527e-12,2.3817216604999946e-12,6.471558609349647e-12,4.1710667925262012e-13,1.9692776002762703e-14,2.563164658039196e-14,2.2273146185613112e-14
0.635,5.5427585239645892e-12,2.2901384555608793e-12,6.3219033462992714e-12,4.5823915185314709e-13,6.2311883643934015e-14,3.5309266202383656e-14,-1.5446118437305035e-14
0.6375,5.7011382250166097e-12,2.3371722402800901e-12,5.8104323405185808e-12,3.4105499318229758e-13,1.4671838785790276e-14,1.2542615785514509e-13,1.3116006141833024e-14
0.64,5.4766457399395903e-12,2.4284620741020178e-12,5.5104694251023435e-12,3.1318200204350571e-13,-8.430276802506139e-14,6.2434203267427734e-14,-8.609148126997402e-14
0.6425,5.3325382830746892e-12,2.4814432026806426e-12,5.4578291810585959e-12,4.4974042713409943e-13,2.6657684049338703e-14,1.4585377198290816e-14,2.0493488044647021e-15
0.645,5.5433582785948625e-12,2.2532880471081153e-12,5.0538356801284323e-12,5.9604038029857061e-13,9.7813420294624987e-14,4.920635447884546e-14,4.5921797905114825e-14
0.6475,5.4853141327763061e-12,2.4311697834070335e-12,4.8344510688280412e-12,6.0532998356549684e-13,8.0243942176527233e-14,-9.4085734066782873e-14,-6.7143851267402844e-14
0.65,5.3994855141523784e-12,2.4900436641022519e-12,4.4433620156496749e-12,7.2908072695746867e-13,-1.2362852770385612e-13,-7.4534436065120501e-14,1.4524624788519631e-13
0.6525,5.5728030786052489e-12,2.3308141265104538e-12,4.4119582216731671e-12,6.6034747737256974e-13,-9.8795240921987599e-14,1.5927684070893025e-14,-7.2663713830677636e-14
0.655,5.1561202299114093e-12,2.410765130347937e-12,4.2410231871292141e-12,8.0368424707397308e-13,8.496480489451247e-14,-3.2333969448635879e-14,1.2186828315541691e-13
0.6575,5.3989267956024894e-12,2.2040922916426694e-12,3.9642088522208683e-12,9.4284324342481937e-13,8.4376128108911253e-14,9.6880582871339149e-14,4.8045626998661353e-14
0.66,5.2163028394719205e-12,2.2884887368918766e-12,3.7272594640824835e-12,9.9795268290461804e-13,-4.159117776420305e-14,3.2041395267528598e-14,-4.3188536140295531e-14
0.6625,5.2213668802892334e-12,2.3776153688368629e-12,3.5993952566064487e-12,1.2227365533656692e-12,1.6798004222915171e-13,5.8010984608586079e-14,3.2605356885816469e-14
0.665,5.0689259263918626e-12,2.2270926758312045e-12,3.5813040247706601e-12,1.358288016186525e-12,-5.0952781201737189e-14,5.0859400643833231e-14,-6.5305007010691676e-14
0.6675,4.9944111705320782e-12,2.3975643782254343e-12,3.3655626662429716e-12,1.4945764294650362e-12,6.4910328093378995e-14,-1.1180586117296366e-13,-1.1539438946945639e-13
0.67,4.9358909479827949e-12,2.3310118529885483e-12,3.2348874686732173e-12,1.5552585524554369e-12,-1.0100467043352277e-13,-6.862799823506938e-14,3.1524527165705358e-14
0.6725,4.9258563818555292e-12,2.5306118606726156e-12,3.1401788973603348e-12,1.9257377603767653e-12,-3.9105763942957319e-14,-9.2155668313755244e-14,-7.7966437305834215e-14
0.675,4.9853660191272244e-12,2.3934200006952095e-12,2.9755205151564583e-12,2.1578579106748404e-12,-1.0302213278806949e-13,-6.5275661199978479e-14,-2.2056811676057311e-13
0.6775,4.9722261314940471e-12,2.2126032389565887e-12,2.8041364112908939e-12,2.0495743486651532e-12,-1.8771142606732121e-13,-9.2562067481851399e-14,-3.2351952985098535e-14
0.68,4.8695637939568174e-12,2.3712831489498802e-12,2.7135458091759096e-12,2.3634273905210408e-12,-9.8113773308692033e-14,-1.3309483262991419e-14,-2.5488266836930211e-14
0.6825,4.7854151295252709e-12,2.1242012853342191e-12,2.7441647825015118e-12,2.6171285337514971e-12,7.4780256094142107e-14,3.9654785562852852e-14,-6.9630444553476421e-14
0.685,4.7212996351149211e-12,2.4298914484246772e-12,2.5458395993154105e-12,2.9506758329799496e-12,2.369434810974873e-13,3.839694865470609e-15,1.8621222229920284e-13
0.6875,4.7368400113222554e-12,2.3905031668602517e-12,2.5906234261685058e-12,3.2128671900306644e-12,-2.8971823960880844e-14,5.5287687445744179e-14,-9.1637505439572566e-15
0.69,4.5425478695080598e-12,2.4535270570797349e-12,2.4063015446913075e-12,3.3799043874338759e-12,1.2081647400628034e-13,-6.8538992796142403e-14,3.977064240786829e-14
0.6925,4.7888808897467996e-12,2.2566684303142936e-12,2.4155615669058531e-12,3.6333607251890897e-12,-7.4199205597669484e-14,-5.5679163622032098e-14,-2.8158424969307362e-14
0.695,4.6648940291904059e-12,2.268120961860635e-12,2.2527384753867464e-12,3.9697316437492623e-12,1.30443801362406e-13,2.7962469011577631e-14,-5.4723269319433577e-14
0.6975,4.5773190209112676e-12,2.4268806939039724e-12,2.1781970103959955e-12,4.1012126510250605e-12,1.0221989979075508e-13,-1.4146465456836337e-13,1.8575403617403326e-13
0.7,4.5643916366317946e-12,2.2956973785547781e-12,2.0483491894053126e-12,4.4156132153768112e-12,-4.932120560916064e-14,8.454210870985608e-14,7.4253408918050198e-14
0.7025,4.542512239417573e-12,2.3423605620996697e-12,2.0830370691039954e-12,4.5746937013441615e-12,6.7304653949103296e-14,4.4588842069921244e-14,-8.4526029864048787e-14
0.705,4.3377810827933136e-12,2.3161653932036845e-12,2.005954654750765e-12,4.8766115143313393e-12,3.1367706127479347e-14,-9.158643918298874e-14,1.0788600203826811e-13
0.7075,4.4077353565412487e-12,2.257576855168222e-12,1.803816285836232e-12,5.1382473699942341e-12,3.732202184223066e-14,4.3131039975397313e-15,-1.0718600535255057e-14
0.71,4.6376048230689678e-12,2.2193947586868733e-12,2.0349695861231861e-12,5.5591454531357957e-12,1.4378943000560432e-13,1.9420596204791302e-14,3.9213850925025308e-14
0.7125,4.3508618509777216e-12,2.2426114802648947e-12,2.0765491829386725e-12,5.7986863170508683e-12,-2.6038311359651446e-15,3.8706952174420958e-14,-4.5277973856889249e-14
0.715,4.4990739333428556e-12,2.3700566412500606e-12,1.8678236940494631e-12,6.1531169005352325e-12,-6.6149349450428064e-14,2.5945863280003647e-16,8.9391758767035595e-14
0.7175,4.2906457820386697e-12,2.4443287273176018e-12,1.763306153960223e-12,6.2368494276837516e-12,-5.681081010284844e-14,-9.5877780196028426e-14,-4.2801425695859033e-14
0.72,4.2093742823710177e-12,2.4268745815252481e-12,1.6829025591760725e-12,6.7698066397096538e-12,-1.2516073757470608e-13,6.6609961856219044e-14,1.5655752581573573e-14
0.7225,4.3754551968286352e-12,2.3433251886651509e-12,1.6991050348967665e-12,6.8669661390139594e-12,-4.6567804819768389e-14,1.5433605290892186e-13,-1.2779663640265341e-13
0.725,4.2223805828609804e-12,2.3603820317534128e-12,1.7259383947445517e-12,7.2126113347778696e-12,-9.7143444545203142e-14,1.777871022203598e-13,5.1963303361622263e-14
0.7275,4.1031537753297499e-12,2.2869047446142805e-12,1.5605705190809393e-12,7.5717672874517091e-12,1.3166047985687529e-13,2.9950542424080596e-14,5.7195169879436568e-14
0.73,4.2197864470130029e-12,2.2996029852879794e-12,1.5976832481648743e-12,7.9557299906625086e-12,-5.413444274609449e-14,9.9465504822129233e-14,-6.8872966188199515e-14
0.7325,3.967068883119162e-12,2.4562261261759371e-12,1.4802062915832724e-12,8.1163227464116617e-12,-1.2941606293868504e-13,6.0200765405741159e-14,-2.0392071385353199e-14
0.735,4.0251353250640492e-12,2.490486389548395e-12,1.6101783158971096e-12,8.4002860591958073e-12,4.587637521726285e-15,1.9244994700372903e-14,9.6392875709453068e-14
0.7375,3.9057551826349705e-12,2.5036124712183717e-12,1.476431144481692e-12,8.8718639035637065e-12,-8.1047925650251791e-14,-2.2287429739662338e-13,5.2588561712341208e-14
0.74,3.9801101708673849e-12,2.4345551253168943e-12,1.3554485701101665e-12,9.0436409311459804e-12,6.9245266860284487e-14,-9.2682558824873323e-14,-2.8242951133914718e-14
0.7425,4.0263976694648007e-12,2.4321452531162826e-12,1.5573542253516409e-12,9.4862693698421946e-12,-1.9806851832285665e-14,3.3696563916887973e-14,-6.1042624262925515e-14
0.745,3.9627373081680945e-12,2.5556226302130601e-12,1.4711198643400162e-12,9.8639393602719269e-12,5.9928983372437254e-14,1.6636635648531744e-14,-9.779002033893852e-14
0.7475,3.7989080598881806e-12,2.5064958948991208e-12,1.3862818664236522e-12,1.0042817033480828e-11,1.2207568155335456e-13,6.178075093954295e-14,-1.1188606156946849e-14
0.75,3.8050634720569644e-12,2.260840446803105e-12,1.2459010146836408e-12,1.039928389363952e-11,6.5591664611374211e-14,9.0306711958507135e-14,-3.4080350904346379e-14
0.7525,3.7268602559288226e-12,2.4216408862887574e-12,1.3099010422772868e-12,1.0648203356282408e-11,1.384209663372669e-14,-1.3109412735699596e-13,1.0226300635268008e-13
0.755,3.7779623459317371e-12,2.5135501693143054e-12,1.34087924471178e-12,1.0889927014190772e-11,-6.4020287797415812e-14,-6.1367668159670179e-14,-7.9928277235772457e-15
0.7575,3.696238859261435e-12,2.4823729460920677e-12,1.3432051114895107e-12,1.1174223311090458e-11,-6.8795090413185521e-14,-5.8954968484869688e-14,8.0073267955811999e-14
0.76,3.6486970533011727e-12,2.3976810738274482e-12,1.3988735970575345e-12,1.1483857733915728e-11,1.1663191378513857e-13,-1.9596829440043366e-13,1.7844973465142897e-14
0.7625,3.7641117621265684e-12,2.5288603121639752e-12,1.2596723472822159e-12,1.1567817250737225e-11,8.6314634141713774e-14,7.2556922580263168e-14,-1.126446536205428e-14
0.765,3.5755790464744361e-12,2.6505436224684491e-12,1.1439735676651509e-12,1.2011990335767291e-11,1.613326951409929e-15,-2.3197255569545246e-14,1.1584993810846308e-13
0.7675,3.6721734431131281e-12,2.4602211859158212e-12,1.352799061557389e-12,1.2377785960568116e-11,-4.2372033714694027e-14,9.1007317691145909e-14,-3.9841764827294633e-15
0.77,3.5946716811383084e-12,2.5284416825870042e-12,1.4063143958347086e-12,1.243152621723904e-11,2.7645426788006592e-14,1.3279756382434547e-13,8.848413474322657e-14
0.7725,3.5059188737108881e-12,2.7192354296488433e-12,1.2208499087207856e-12,1.2555375253051535e-11,6.3243475360757833e-14,3.0372663060299191e-14,-1.387426817996282e-13
0.775,3.4209072233495851e-12,2.5456417251232671e-12,1.1591481094499323e-12,1.2905239520400032e-11,-1.5363390644896787e-13,6.1966412660438984e-14,-1.4548649989583953e-13
0.7775,3.5135711196363789e-12,2.6581765562584488e-12,1.4888031551368018e-12,1.2805097550954944e-11,6.8781102744908834e-14,2.8984053520912424e-15,3.6446794836434898e-15
0.78,3.4800871026005818e-12,2.5761874325398271e-12,1.2512644403903367e-12,1.3016248380720937e-11,4.4492422586107226e-14,3.3575753809566543e-14,1.3727404081697587e-14
0.7825,3.3851675349087844e-12,2.5129392296202835e-12,1.3051384060173105e-12,1.3246399589519607e-11,-6.5835859049575535e-14,-1.0911651558844502e-13,-2.6072282907450771e-14
0.785,3.4796847776073297e-12,2.5331700392828858e-12,1.3449398441796372e-12,1.3394317756520219e-11,-7.6962335808785863e-14,-3.0970159834687617e-15,-4.7708326181746186e-14
0.7875,3.2169201335093112e-12,2.5863476297976185e-12,1.0483316281359176e-12,1.3420670480805629e-11,-1.6563591695984671e-13,-5.876501323267684e-14,-3.6571725041044989e-14
0.79,3.4043826811077607e-12,2.7620479399340544e-12,1.0815313195987914e-12,1.3210406405522966e-11,4.0057417409506531e-14,3.1963907923353416e-14,2.9523867845991949e-14
0.7925,3.3538649363830368e-12,2.6110168874337073e-12,1.3357990369557154e-12,1.333002110181476e-11,4.7817784278362224e-14,4.8174204686223297e-14,7.59790275008852e-14
0.795,3.2617104207878813e-12,2.6749843978536364e-12,1.2600458786809799e-12,1.3339045140107709e-11,-3.74300300124457e-14,-4.8740737820367608e-15,-1.5559523905324109e-13
0.7975,3.204002588850979e-12,2.6800013493208216e-12,1.1654703492463087e-12,1.3209243855895788e-11,1.2952495574715736e-14,-9.0194755277768061e-14,3.3530887839581949e-14
0.8,3.3068790921642453e-12,2.5719757163975608e-12,1.2647447561460677e-12,1.3198301557932388e-11,-8.5596657246307339e-14,7.3015346822131139e-14,-6.9789585193085953e-15
0.8025,3.3313619025234881e-12,2.5661924454311194e-12,1.0576828719537515e-12,1.3046287538739802e-11,-3.2840677336038653e-14,-8.8466311089934134e-14,5.2176600459203179e-15
0.805,3.1921011026187124e-12,2.6782261621185698e-12,1.2586358240730395e-12,1.2976207538595265e-11,5.920596286862844e-14,-6.1208994593065543e-14,-1.2638395263658241e-13
0.8075,3.2296112273692358e-12,2.7488962306634108e-12,1.1279006769430766e-12,1.2782312482276425e-11,3.9839486975791924e-15,6.156305855824711e-14,-3.6794464913844131e-14
0.81,3.1223728123433565e-12,2.811415233408584e-12,1.1200683413920021e-12,1.2738843088808512e-11,7.406007383331397e-14,5.7579339177422433e-14,4.1860314933063459e-14
0.8125,3.1598086429962485e-12,2.7028558112123888e-12,1.1404872250164151e-12,1.2260756088194003e-11,7.221740335097299e-14,-7.9073099303572724e-14,-3.3512585461087516e-14
0.815,3.2012624132433686e-12,2.7104173563121383e-12,1.1198142131154479e-12,1.2108865323012339e-11,3.5389670424171926e-15,-1.5880778944702962e-13,-1.2812758963314996e-13
0.8175,3.0590194821403892e-12,2.7705627726281099e-12,1.1889146763230731e-12,1.1987827473904237e-11,5.505787311125037e-14,1.0990021589243605e-13,-7.102756708572437e-14
0.82,3.1833603453516469e-12,2.6448240852039235e-12,1.1713821177250748e-12,1.1587314815751516e-11,5.1952436283852448e-14,-1.1041132981314852e-13,1.3231754705843534e-13
0.8225,3.2430542883299453e-12,2.6905018247670874e-12,1.2183053953738943e-12,1.1231539324742243e-11,5.7581820302862375e-14,6.8415165817400536e-14,1.2419793974016836e-13
0.825,3.0269998787440479e-12,2.6690326006897401e-12,1.0354788875211401e-12,1.0999835258274541e-11,3.5782576484087628e-14,-3.2616177413731005e-14,5.1492668685633441e-14
0.8275,3.2268281496157233e-12,2.7622829297154621e-12,1.1725965819148762e-12,1.0723450014068071e-11,1.251720440723131e-13,-1.494210699283004e-14,7.8567405756284352e-14
0.83,2.9548915799758596e-12,2.6629502136573111e-12,1.2185565162140537e-12,1.0382744089616731e-11,6.0701382086642322e-14,7.9008060955301864e-14,7.6400781163441642e-16
0.8325,2.9688235641947124e-12,2.6379513805185335e-12,1.1298862850408157e-12,1.0057230039648667e-11,1.3960622675919321e-14,-1.1386512735185428e-13,4.0180464392199343e-14
0.835,3.1185182630813175e-12,2.6723461913164226e-12,1.2205514258104743e-12,9.6147919844468913e-12,4.6632130205481637e-14,3.4599542018141156e-14,1.4765804814901042e-13
0.8375,2.9562394701999541e-12,2.5761848084813724e-12,1.1558029335829899e-12,9.3898058171354781e-12,1.4599488655537159e-13,6.160198414267031e-14,-1.1328293313431763e-14
0.84,2.9099733981758833e-12,2.6589012076430295e-12,1.171525150246234e-12,9.1670453848747775e-12,7.5598928336393468e-14,-8.6327914221103809e-14,-3.834508359089677e-14
0.8425,3.0209596159243891e-12,2.7250144905776827e-12,1.1861378934153576e-12,8.6422505730621466e-12,9.9248244178055846e-14,5.1596344528040182e-14,-1.6354541738050506e-13
0.845,2.9929912155526426e-12,2.6977610603074179e-12,1.0982983990748425e-12,8.2894635296570165e-12,1.9163782146714441e-13,1.740541991048998e-13,3.055096517607885e-14
0.8475,3.0577268908399747e-12,2.7942675228788643e-12,1.0167471582688765e-12,8.0822501620094842e-12,1.9719788592049201e-15,3.6171523042746841e-14,3.608019027311096e-14
0.85,2.9332705036419829e-12,2.7509895943060222e-12,1.1871731761593442e-12,7.5090793764059366e-12,8.525620528842883e-14,5.7823845219205004e-14,8.1713934412455001e-14
0.8525,2.9552334195874055e-12,2.7013940958225146e-12,1.1746573446869951e-12,7.4071895613561379e-12,1.830704328480883e-13,-3.8508267961415766e-14,-8.0225210940498065e-14
0.855,2.9332707135933301e-12,2.7664333664080854e-12,1.0965155676731228e-12,7.1155359730565386e-12,-3.5493593694037854e-14,6.3221470575159579e-14,8.2720393937710399e-14
0.8575,2.9802824781044841e-12,2.7054788793867889e-12,1.0405008953626708e-12,6.853640625086067e-12,6.6801113496564462e-14,8.4915175447770094e-14,1.2613091379866666e-13
0.86,2.8469789137602337e-12,2.7732242866264616e-12,1.0331918271781661e-12,6.449056911304891e-12,1.4213114303287609e-13,-2.3248471797940228e-13,1.787187865239367e-13
0.8625,2.7852324408851838e-12,2.7170674843979588e-12,1.0842432480410516e-12,6.348341401090985e-12,1.8636614715083537e-13,9.9735145384589987e-15,-1.6926373753110054e-14
0.865,2.8361927220424002e-12,2.6862347207012468e-12,9.4403981054980859e-13,5.9697151454944693e-12,-1.3060733266699493e-14,-3.02645517537141e-14,1.1402064634700318e-13
0.8675,2.9824623769604899e-12,2.6654778058413782e-12,1.1362627000961521e-12,5.6461848817153794e-12,1.4257154578198235e-13,7.0250567785771545e-14,3.2514891827762964e-14
0.87,2.7971125371561904e-12,2.8079854459171842e-12,1.2112581492563476e-12,5.4412604210004808e-12,2.3804068650891656e-13,7.1065566462132903e-14,-5.8523623801043477e-14
0.8725,2.7728679707619806e-12,2.9476187095456582e-12,1.0742176336996167e-12,5.1430259211327277e-12,1.2911301441034893e-13,-1.4182640483233472e-13,-5.1891818859326689e-14
0.875,2.708875302454588e-12,2.9009867331147006e-12,1.0949103024980661e-12,4.943640939618655e-12,2.3286364556178072e-13,-1.2373025825968042e-13,-6.1470733180219581e-14
0.8775,2.6712480908406837e-12,2.8008669789974144e-12,1.0981457198803454e-12,4.6676095616329292e-12,3.003566362000351e-13,-9.0530852812522124e-15,-7.3101505537317042e-14
0.88,2.770428708656761e-12,2.816821019912331e-12,1.0195549705286805e-12,4.3325768551151426e-12,2.7136165574791956e-13,-1.010275277050813e-13,-3.5862704691521033e-14
0.8825,2.7851411345079882e-12,3.0264164890766361e-12,9.7757081108688805e-13,4.3038443109490166e-12,3.7716701446671494e-13,1.300329447171744e-13,3.7226765299757657e-14
0.885,2.7055439837850504e-12,2.9470037981539017e-12,1.2082966417054465e-12,3.9349742848936264e-12,3.8968673036083401e-13,-2.4387586037101431e-13,1.1103885265546711e-14
0.8875,2.7324218467755337e-12,3.01305318794584e-12,1.0920597979022122e-12,3.9792847504834026e-12,3.9190980355499415e-13,7.2378569789640845e-14,2.7550872562685037e-14
0.89,2.5755109069820691e-12,2.9834923652869847e-12,9.6483569190635648e-13,3.6976665320176593e-12,3.417944809846891e-13,1.9113146473484042e-14,5.5533378174484081e-15
0.8925,2.6496726166412949e-12,2.9997943571294549e-12,1.0667440208033953e-12,3.586871198628778e-12,5.4924680091629486e-13,-1.1236141704743642e-13,-8.9611569992396761e-14
0.895,2.7342693777462346e-12,3.0452212218867346e-12,1.0264966637382409e-12,3.3204845185844484e-12,4.1227345270553965e-13,-5.0140175648791105e-14,-1.3150639254972246e-13
0.8975,2.6709575314838766e-12,3.0404971264292487e-12,1.1034093544391731e-12,3.3126764846432166e-12,5.6889760204071319e-13,-1.1704170757654875e-13,-3.7078098380134677e-14
0.9,2.6359694861187645e-12,3.2128507155601163e-12,1.0321423214631643e-12,3.0555452812676908e-12,7.2692755534994673e-13,2.2572930700894276e-14,1.4205424898675877e-13
0.9025,2.6346820323420755e-12,3.3104352435222164e-12,1.0946065234979752e-12,3.0603429185764663e-12,6.4888243417717383e-13,1.250390362078976e-13,5.1860975884183204e-14
0.905,2.7478575427235157e-12,3.1586614537858266e-12,1.1092647553838657e-12,2.7666727637116879e-12,7.1551675442384432e-13,-1.1272519400377407e-13,-1.5398322920855966e-14
0.9075,2.6663888668432997e-12,3.2627345437584703e-12,9.6016038143080161e-13,2.8462354864636396e-12,7.2099309067524043e-13,-1.5144009007249692e-14,8.1000369538559188e-14
0.91,2.5666144334863127e-12,3.4342737173820484e-12,1.0839392941727631e-12,2.4621371401757389e-12,8.6352480863094144e-13,-2.5990115735888059e-14,6.3427484006543241e-15
0.9125,2.4945800191419506e-12,3.261741691656612e-12,1.0839140526340287e-12,2.4859270482457208e-12,9.4726964506144968e-13,1.0648866756766973e-14,-7.7171862265997353e-14
0.915,2.6094437443535645e-12,3.347753578583801e-12,1.0125945297446202e-12,2.4054003296440307e-12,9.1235653152857991e-13,3.2941540500954389e-15,6.2819630152818205e-14
0.9175,2.5015474908124966e-12,3.3240272148600076e-12,1.1334048238498471e-12,2.1723011446371468e-12,1.0582508372373921e-12,8.1578552047326555e-15,2.2645882946120137e-14
0.92,2.5571903598189656e-12,3.4804514504924316e-12,1.1526591226843169e-12,2.2487433144136354e-12,1.1580397881047454e-12,-6.0632863355493223e-15,9.9486543951055161e-14
0.9225,2.5846552688033296e-12,3.5428680102158279e-12,1.0234352301778909e-12,2.0575828898108505e-12,1.2393946847881745e-12,-1.9345553279119602e-13,-8.658577115731185e-15
0.925,2.3481290809201505e-12,3.5148894693718585e-12,1.0190971222269761e-12,2.0489412508387566e-12,1.3672090786848829e-12,1.6459885330218744e-13,6.9033943915252377e-15
0.9275,2.5014994078734931e-12,3.7458859891331563e-12,1.2463086843292408e-12,1.8958870483907442e-12,1.5447651527805128e-12,-6.3529795123327839e-14,-3.9497037431214613e-14
0.93,2.4268232064434128e-12,3.6077275120459713e-12,1.1394972404518093e-12,1.7903083364574884e-12,1.6708277453633138e-12,1.6014832573566934e-14,1.2380986585836177e-13
0.9325,2.3953945518929016e-12,3.8547248908736739e-12,1.0336964371550312e-12,1.8896611792543964e-12,1.8000991099767092e-12,-1.0348893217214455e-14,-2.1916841142336436e-13
0.935,2.4244253815202558e-12,3.7787673594380239e-12,8.9009699265471845e-13,1.9004569414131471e-12,1.8642557745696746e-12,5.5773036035679479e-14,8.1992024481816969e-15
0.9375,2.2598091970200437e-12,3.7605884580239853e-12,9.5038247929449541e-13,1.7430036296599202e-12,2.0154137151368708e-12,-1.7920280725095247e-15,2.3210949595740605e-14
0.94,2.4492177103957541e-12,3.9025880922105156e-12,1.0461404391803444e-12,1.747554908444534e-12,2.1714641510611666e-12,-8.3740578156692049e-14,-3.7214005134230128e-14
0.9425,2.5715735442514362e-12,3.8580845225114072e-12,9.4918188123625365e-13,1.5847933509119253e-12,2.3512147302878958e-12,-3.9189383397687393e-14,7.2435965701752037e-14
0.945,2.3501167040664702e-12,3.8266636395433686e-12,1.0791236450781328e-12,1.4992517497250389e-12,2.5401427682285397e-12,-4.9447336521162162e-14,-7.1431470580576489e-14
0.9475,2.3723458050452028e-12,3.9091876189032577e-12,8.8647555615538651e-13,1.5069175374549437e-12,2.7581870121192205e-12,1.0075371228379722e-13,1.0224819674009832e-13
0.95,2.3829116869748523e-12,3.9435893846227219e-12,1.0127518032222658e-12,1.3781735875587119e-12,2.8702579888491453e-12,1.5701306335182438e-13,1.3840802054057355e-13
0.9525,2.3144259816133312e-12,3.8909259351662084e-12,1.0239230078522156e-12,1.4114141445106571e-12,3.0387446249869516e-12,2.7610856410192246e-14,-1.0538890346558352e-13
0.955,2.4031758181961251e-12,4.0366829647610528e-12,1.0280610439221943e-12,1.445955709557121e-12,3.2514758764958732e-12,-1.0146667988611998e-14,3.2891361854483114e-14
0.9575,2.1928878524848517e-12,3.9827343620127349e-12,1.0575942886506829e-12,1.2544057564395638e-12,3.372360720753638e-12,-8.2589171352728447e-14,4.7838948824303846e-15
0.96,2.3043495180548782e-12,3.7837925174965419e-12,1.1424707453144236e-12,1.2344276159474174e-12,3.6690944352264608e-12,6.7422281811429248e-14,6.5623562571144337e-14
0.9625,2.383217024235704e-12,4.1109267909935568e-12,1.0506364011284953e-12,1.2840461740502415e-12,3.657216173349323e-12,1.0111927006898495e-14,9.3096260320528594e-14
0.965,2.269973111501112e-12,3.9745392719532217e-12,1.0021864161058038e-12,1.2375176644533382e-12,3.9744074710949627e-12,4.1588488996548566e-14,3.1811716623205283e-14
0.9675,2.196897114279255e-12,4.0510735913819825e-12,1.1205224360274428e-12,1.3252171171367894e-12,4.1175035258558752e-12,1.4438612876041871e-15,-8.5785403529868284e-15
0.97,2.1965972889362883e-12,4.0882223956074273e-12,9.5577120898967729e-13,1.1272497100229423e-12,4.4758356214692267e-12,1.1740160780391169e-14,-4.5622714045221391e-14
0.9725,2.3087432603062661e-12,3.9058042504458429e-12,1.0259236522288016e-12,1.3326633370717886e-12,4.5824691456803464e-12,-1.3148119164856039e-14,6.2039041822141882e-14
0.975,2.2890921945599017e-12,4.1525243532933799e-12,1.0068672615649926e-12,1.1378823440462291e-12,4.9606983001408347e-12,-8.485507378899269e-14,-7.3825745589182945e-15
0.9775,2.3139573195207621e-12,3.9250442812575002e-12,9.4637170537433977e-13,1.1617113268137553e-12,5.1014270254097625e-12,3.5674513249406292e-14,-5.4477994541807801e-14
0.98,2.2918629031037763e-12,3.8079626339909372e-12,9.6902540382504161e-13,1.1766695471337956e-12,5.2558412543533254e-12,-1.3012250417188338e-13,-6.2383094349196922e-14
0.9825,2.3417366546242641e-12,3.8601730410340018e-12,1.0110058112942746e-12,1.1676214433000077e-12,5.451595370988143e-12,-7.1734421544980562e-15,5.1787022293879142e-14
0.985,2.054032850761456e-12,3.8940852848576011e-12,1.1084065632805398e-12,9.9341588567266581e-13,5.6266363433376865e-12,-2.6944305559072509e-14,2.2370308254424273e-14
0.9875,2.1733967957606345e-12,3.7950071703456469e-12,1.0987346807331153e-12,1.0815054724987225e-12,5.7738397167236361e-12,5.2416927713811326e-15,1.0654470847789565e-13
0.99,2.2556631066154176e-12,3.9980208258705975e-12,9.1807485015949169e-13,1.004409080861503e-12,6.0464008698657451e-12,-2.9130953797871637e-15,-2.7984000952772848e-14
0.9925,2.0889590900105645e-12,3.7972911965805462e-12,1.1007030583221134e-12,1.0636906494524136e-12,6.09158747056391e-12,-4.2586101868465036e-14,-5.8593478328271337e-14
0.995,2.1794935309882865e-12,3.6556264400888534e-12,1.0438614421653507e-12,1.0521975145493394e-12,6.4668702442871652e-12,5.9591253567253794e-14,-5.4165961106996397e-14
0.9975,2.1060503331598751e-12,3.6293794573324942e-12,9.9626651565710642e-13,9.4507525625593055e-13,6.6168425761096719e-12,-1.2293122708294222e-13,-6.0418340605318928e-14
1.0,2.1252152260826552e-12,3.7071607159246147e-12,1.1055704080437405e-12,1.0135405496454992e-12,6.9112891885271104e-12,1.4537138505545832e-14,-4.1009955994016271e-16
1.0025,2.1964049480375449e-12,3.4146059194715572e-12,1.0306199888994778e-12,8.6064802618492183e-13,6.9104820516460973e-12,2.8024989600697259e-14,5.845043779135913e-14
1.005,2.1455301513888743e-12,3.4794690197402591e-12,8.8662866173915263e-13,9.0708140008991177e-13,7.0526337026771896e-12,-3.7206653464377484e-14,3.3096357169053377e-14
1.0075,2.249718987328495e-12,3.5921278732579426e-12,1.0483909633067464e-12,9.1643581133526799e-13,7.2957612761819538e-12,3.3196246556596192e-14,-2.3798974577504993e-14
1.01,2.1532665309921192e-12,3.5507186128251487e-12,1.0369715476134695e-12,8.9204290179514426e-13,7.4268658139692782e-12,8.3548667031582837e-14,7.8783697324483901e-14
1.0125,2.1982917522419682e-12,3.4915418707831097e-12,1.0799534126418645e-12,1.001286172434289e-12,7.4737792315091174e-12,6.5578758619968151e-14,9.9502580295206614e-14
1.015,2.1853201458081636e-12,3.3737530056717557e-12,1.0271786347458584e-12,9.9405460073947465e-13,7.6925641856305965e-12,1.0376927600033069e-14,5.7309830510504068e-14
1.0175,2.2102337894789494e-12,3.4454759181971895e-12,1.0556892309868583e-12,1.0217417568854367e-12,7.8137978710540876e-12,1.7297142240600879e-13,1.9044831876771055e-14
1.02,2.2652342860180499e-12,3.4043885930916389e-12,1.1296033812591758e-12,9.2665799965747964e-13,8.0764846597143196e-12,2.2184197912565549e-13,-1.1049572842537922e-13
1.0225,2.1153945888972173e-12,3.4792873977393892e-12,8.5022877354497194e-13,8.9169969135139589e-13,8.1856571043272322e-12,-9.2518439516047551e-14,8.8798885673355882e-14
1.025,2.1801826177194006e-12,3.5345184248311179e-12,1.1302139006253079e-12,1.0203445666670151e-12,8.1306390886349545e-12,8.0319848759972182e-14,-5.6483002869693651e-14
1.0275,2.1045570205855067e-12,3.5116735462180367e-12,1.1067503722950507e-12,8.549064593862548e-13,8.4464804061551119e-12,1.4897053095996609e-14,5.5765750525130064e-14
1.03,2.2477031744785345e-12,3.4911420053300142e-12,1.1092771817545296e-12,9.4119227468295037e-13,8.3961175206330504e-12,5.6744730034549539e-14,-1.9675311428205632e-13
1.0325,2.2275213151443071e-12,3.4769645248749163e-12,1.1050363723279175e-12,7.8479352167846619e-13,8.4551733600747203e-12,-3.8191135511597814e-14,1.0526850601728991e-13
1.035,2.2130951814242029e-12,3.4225224433745968e-12,1.0083739822424121e-12,8.5596864414549468e-13,8.6117699882048316e-12,3.3594734224307952e-14,2.475689421508961e-14
1.0375,2.2060497633306817e-12,3.5773825355057609e-12,1.1415018855129597e-12,8.8510413293668124e-13,8.6326780548855016e-12,3.2453158818684255e-14,-1.132882872993779e-13
1.04,2.2563836197412015e-12,3.5875582027307044e-12,1.1435536745916678e-12,8.9973555118236534e-13,8.6292416982090056e-12,3.2753268622371235e-14,7.415091848731441e-14
1.0425,2.1970908851873775e-12,3.426028493978435e-12,1.0822480100977056e-12,8.482759546388744e-13,8.6195540681097538e-12,1.319292968094142e-13,1.3851284857560297e-13
1.045,2.3060024138712702e-12,3.6848478652952529e-12,1.0744070961339872e-12,7.5363698659214887e-13,8.4593139959606239e-12,-5.4430459288360184e-14,-1.9929722750220838e-14
1.0475,2.0976078766653674e-12,3.8219470639856675e-12,1.1583927319458641e-12,7.6824686501914492e-13,8.5430514677718099e-12,2.0741925160993197e-14,3.722522639749491e-14
1.05,2.3269343275921273e-12,3.8613698258293601e-12,1.059828980027886e-12,8.14587333826621e-13,8.4783850265274683e-12,-3.5359773642195428e-14,-4.7612694870166482e-14
1.0525,2.1180454372384975e-12,3.8917164426360879e-12,1.2014434538721324e-12,7.9278965263047453e-13,8.3600428194584477e-12,7.1138078314544445e-14,-6.8886269211864354e-14
1.055,2.246379405971055e-12,4.0340618451601478e-12,1.1677770115405935e-12,8.4103779463610749e-13,8.280052005197614e-12,4.5529676574610207e-14,2.6544337046137756e-14
1.0575,2.2200147818703993e-12,4.1793834873342411e-12,1.0908322889920642e-12,1.0657461670378545e-12,8.362498006230494e-12,1.5849758809949899e-14,-6.4338328628960559e-14
1.06,2.1785643584414828e-12,4.0901984842984193e-12,1.0860822693532787e-12,7.7454833603232049e-13,8.1608930908664552e-12,-4.3051932032193296e-14,-3.051271795502852e-14
1.0625,2.1550441248901801e-12,4.2701468401714708e-12,1.1896147093508712e-12,7.3373130369922459e-13,7.9141301861876699e-12,4.8934594249515826e-14,-5.0801304933114636e-14
1.065,2.122911128304266e-12,4.4945385003153213e-12,1.0689177484408925e-12,7.7114995919764395e-13,7.8714688188732331e-12,1.7995319356638508e-14,7.0254881421498077e-14
1.0675,2.28139019522428e-12,4.5723830546981477e-12,9.845011397503555e-13,6.6723543260513508e-13,7.6632366865962346e-12,-9.9928148943323394e-14,9.1919411463719236e-14
1.07,2.1240949391083466e-12,4.5933968871856023e-12,1.2489845390867628e-12,7.3310611401924207e-13,7.4014674284158873e-12,-6.9685675510551945e-16,5.9398621721404267e-14
1.0725,2.0311736719594685e-12,4.6982533893585384e-12,1.3088162854146996e-12,8.1236674379844251e-13,7.3799932285157678e-12,-2.1563620088477891e-14,-7.0121762603349718e-14
1.075,2.2271268131593019e-12,4.7360383450102045e-12,1.2510611367532019e-12,6.7801479354392408e-13,7.1648977399693472e-12,-2.3834535319297363e-14,-5.6213867445963906e-15
1.0775,2.0629748008322653e-12,5.0065549108775187e-12,1.1460263016605247e-12,6.9807304103558634e-13,6.9269005145472577e-12,7.7996566769981541e-14,3.9761186976430786e-14
1.08,2.1253150374390294e-12,5.043911190359132e-12,1.3051384883991318e-12,5.9908075419230173e-13,6.5720919611554543e-12,2.3737505359625291e-14,7.3388056062158036e-14
1.0825,2.2332850293155362e-12,5.0991678362675763e-12,1.0478275497847688e-12,7.1078877931659179e-13,6.4639983501758306e-12,1.3475989400262783e-13,6.3913646288228762e-14
1.085,1.9578406651732422e-12,5.3941577429591118e-12,1.1676557444082379e-12,8.4000422025522533e-13,6.2439556972006729e-12,-1.6502341715099855e-14,2.5122970995667796e-15
1.0875,2.0578965822587696e-12,5.4579321674653871e-12,1.1166482235553635e-12,9.2373521351271234e-13,6.0186944991413864e-12,2.6126697421405923e-14,-1.2185182569549037e-13
1.09,1.9590704687001346e-12,5.5228497179316515e-12,1.0766977106918316e-12,7.793552365674305e-13,5.6739164063978192e-12,-1.3844549745327779e-14,-9.197687527303399e-14
1.0925,2.0779576097480662e-12,5.5150820628831865e-12,1.1081353005440593e-12,9.0873380240322492e-13,5.7458016342482978e-12,-2.4339023282499395e-14,5.6380152264905304e-14
1.095,2.1503963440327979e-12,5.6025343558480034e-12,1.1760820168050784e-12,6.571636817518052e-13,5.2996762430000367e-12,-7.2800767048093502e-14,4.4889121650067663e-15
1.0975,1.9265972066675009e-12,5.6648819028398034e-12,1.2847803487688583e-12,7.5164960280464846e-13,5.135486354370533e-12,3.493474994149377e-15,4.2465824495330971e-14
1.1,1.9814005614806263e-12,5.5723476665999442e-12,1.2058667122182462e-12,7.7610827977924018e-13,4.9920300268197062e-12,5.2443270098808697e-14,-7.0478308764924942e-14
1.1025,2.0296964760727362e-12,5.8580913621785718e-12,1.1436097410250757e-12,8.97853137844845e-13,4.9299805743423279e-12,3.2897599197117225e-14,1.485048099190711e-13
1.105,1.9778828482966938e-12,5.9543537129280281e-12,1.1279656910466474e-12,7.2033239440417313e-13,4.5889930509549469e-12,-1.0430986843265032e-13,6.5779794118656416e-15
1.1075,1.8283276091024824e-12,5.7732857350789315e-12,1.2578253922888915e-12,5.4415694508966285e-13,4.3460634734742853e-12,-5.5031108406254414e-14,6.3017273073141679e-14
1.11,1.8500455565261348e-12,5.7895406843933095e-12,1.167667547177563e-12,7.9909897018190104e-13,4.1412435316341576e-12,-3.2107462742685031e-14,3.3113086241423607e-15
1.1125,1.8469337248341549e-12,5.9783576084569009e-12,1.1006938344238936e-12,6.3471022645673004e-13,3.9434019551431286e-12,-1.2221720271570012e-14,-1.0418845605802089e-13
1.115,1.9603776919086704e-12,5.8138973660820751e-12,1.1518080292113255e-12,7.1813414561858834e-13,3.7880307695651483e-12,2.8192088183698682e-14,-1.0009229029599842e-14
1.1175,1.9777152914688064e-12,5.8200532998230964e-12,1.1102831532702442e-12,8.1386478539846553e-13,3.8802470899252294e-12,1.3739500625921188e-14,-7.7740073478038764e-14
1.12,1.7221055457762204e-12,5.6367364251205891e-12,9.9456770008887926e-13,6.4848821942674277e-13,3.5539603969035719e-12,-6.8440743956145646e-14,7.137260471052799e-15
1.1225,1.9204585890343191e-12,5.6412399736117594e-12,1.1756393698819656e-12,8.4534250274562454e-13,3.3657685648955749e-12,8.9184974316312907e-15,-4.9012246101137311e-14
1.125,1.873419145555644e-12,5.6203559455634e-12,1.2866472138496887e-12,6.4231508956246543e-13,3.3446227206524727e-12,2.9279288826474239e-14,3.732656101903133e-14
1.1275,1.7877109004542193e-12,5.6385876610021613e-12,1.1118865937352578e-12,7.954057940874969e-13,3.0191553412067284e-12,-6.6577159173898157e-14,5.4024659431567494e-14
1.13,1.9185202333145908e-12,5.5952520197420236e-12,1.0262359943173179e-12,7.6327235180917737e-13,2.8403224482253853e-12,-1.7812191980659782e-13,-8.0184945405738873e-14
1.1325,1.7306410476787515e-12,5.3678397423485043e-12,1.2421595429114731e-12,8.0785303542740837e-13,2.8189050337556871e-12,8.5591376456489303e-14,4.0463356012811474e-14
1.135,1.7481027579226937e-12,5.3007220538097568e-12,1.0535485473652945e-12,8.8990123812270179e-13,2.6617481932988198e-12,1.202165935043759e-13,2.2640166246469616e-14
1.1375,1.818639812862923e-12,5.3899147316885674e-12,9.7840762346020239e-13,6.9017229126941953e-13,2.5202789333184922e-12,-9.8548933111045492e-14,1.1847478439254325e-14
1.14,1.9659059241088661e-12,5.0678645096134955e-12,1.077377774822023e-12,7.0084266399445101e-13,2.3099815503458414e-12,5.3495512904224826e-14,-9.0156970937809577e-14
1.1425,1.6571321791270509e-12,5.0477033506423594e-12,1.2305288069336021e-12,6.695834990258198e-13,2.3743460768562256e-12,1.1009379215808186e-14,1.35548828516778e-13
1.145,1.8476035003438049e-12,4.9506458477913277e-12,1.1337708125522335e-12,6.9311666602576898e-13,2.0046863216448697e-12,-3.6836492232404618e-14,1.9797344179867995e-14
1.1475,1.7695219823122032e-12,4.9971582899262535e-12,9.1948267047361535e-13,6.5130571277992594e-13,2.0954150430699571e-12,7.7265374376444192e-14,-5.1461384785247511e-15
1.15,1.7076464690137253e-12,4.8864816531181407e-12,1.0452710358964284e-12,8.8008857376848087e-13,2.1596967295138445e-12,5.0752682811200924e-14,2.6798568451539415e-14
1.1525,1.8186441564198192e-12,4.7022656832697106e-12,1.1252458045327313e-12,8.2034563052678861e-13,2.040372818641361e-12,-9.488219746537434e-14,3.2314212485375048e-14
1.155,1.7736994681354366e-12,4.6462834649252849e-12,1.028386514350665e-12,6.5392012356398767e-13,1.9938535038495318e-12,-2.1442896676472981e-14,4.4009879963373557e-14
1.1575,1.7543957601263441e-12,4.4357497272818732e-12,1.175429583852129e-12,7.1953325356504234e-13,2.0190563726572626e-12,2.7994913642611118e-14,3.6888261326776238e-15
1.16,1.7982061456142531e-12,4.2317813448979334e-12,1.0504946050269379e-12,7.0840306304267273e-13,1.8149921074836821e-12,1.0223461752682127e-13,-7.834592293974174e-14
1.1625,1.850829211435518e-12,4.2684926252932218e-12,1.1223739890242215e-12,7.2810366596104272e-13,1.7883439090380856e-12,7.8703667781018616e-14,4.9862217177297719e-14
1.165,1.9264307009973442e-12,4.2124222879561663e-12,1.0077578707745489e-12,7.4123614375480069e-13,1.7821989640951968e-12,7.0532522498756604e-14,1.153679953154545e-13
1.1675,1.8889357907074298e-12,3.968258383849447e-12,9.7595929176220038e-13,7.4361089133736549e-13,1.6171316356633167e-12,-7.9931821209352906e-14,-2.337875724829101e-14
1.17,1.8549118118766746e-12,3.993216056591942e-12,1.149663504626817e-12,6.5635103600761029e-13,1.5793611602502486e-12,2.3297505763958608e-14,-1.4962468121718515e-13
1.1725,1.8652717166803999e-12,3.9479961891959274e-12,1.0257415935748727e-12,7.4121922204480184e-13,1.4682588085339412e-12,4.6589601320332839e-14,-7.3278881567838725e-14
1.175,1.8532688659520363e-12,3.8839009803668934e-12,1.0833642722803368e-12,7.8217726461507936e-13,1.3961839729725697e-12,2.5559474060794267e-14,-3.7639620668578894e-14
1.1775,2.140927501458071e-12,3.8102063630814556e-12,1.2189761648598329e-12,7.0312580071661897e-13,1.4129932371853637e-12,7.1421487161219797e-14,1.4718848274793769e-13
1.18,1.9235809348583263e-12,3.7323950417787207e-12,1.2031989028258317e-12,6.5266004329199033e-13,1.3309861917551209e-12,1.1851529420479821e-15,1.0669787627395427e-13
1.1825,1.9579188688517979e-12,3.6153367220048573e-12,1.1119967828214209e-12,7.7474055789813112e-13,1.2337469088617187e-12,1.9760635064071027e-13,5.0618017359439877e-14
1.185,1.9924457702468397e-12,3.5435765726970514e-12,1.0101426179604364e-12,6.0097303716078602e-13,1.3528637243654702e-12,5.2653725930408325e-14,-1.7246648593911212e-14
1.1875,1.9669889457885199e-12,3.5044895788993992e-12,1.1148180219495e-12,6.3077788079117401e-13,1.2763375956676624e-12,-1.7958857337621331e-13,1.6255025373868301e-13
1.19,2.1718860084418548e-12,3.585381944174695e-12,1.1975610882887668e-12,6.3535188649339056e-13,1.2446419374312343e-12,-1.5411197145182746e-13,-1.6713121838010566e-13
1.1925,2.1004384393412574e-12,3.4498289466807769e-12,1.3402116959411067e-12,7.1539665580783354e-13,1.1030627060429751e-12,-6.7484915015337285e-15,1.4828971070249786e-13
1.195,1.9889429975430441e-12,3.4651165273762057e-12,1.3550222904962347e-12,7.2202033508689997e-13,1.290992179404572e-12,-1.5949128291650352e-13,-2.0301076065538407e-14
1.1975,2.2100399385864098e-12,3.4191302237707837e-12,1.2232232782657115e-12,7.225566776799728e-13,1.0952468717003612e-12,3.458769730655596e-14,-1.611123173083099e-14
1.2,2.0805702587378231e-12,3.4560665407924578e-12,1.366633333773236e-12,5.6808879505780452e-13,1.0840565183865417e-12,6.1685288930647372e-14,-6.3925349390799039e-15
1.2025,2.0997079364451841e-12,3.595840654003314e-12,1.3263459374522907e-12,6.7609898713951913e-13,1.0097845543578496e-12,1.2374839929859402e-13,-9.4140488894328545e-14
1.205,2.0345079486217103e-12,3.6378766887608445e-12,1.3560580115137966e-12,5.7747358227733773e-13,1.0109512039774145e-12,1.1314563282898335e-15,7.0440606440719503e-14
1.2075,2.0549328548706265e-12,3.7447905622576778e-12,1.4197324812403984e-12,7.1667265531552495e-13,9.31291683537868e-13,1.5090998103737783e-14,2.5551977494242265e-14
1.21,2.1722908109646634e-12,3.8533248302392028e-12,1.4311463988528586e-12,6.8293185281558261e-13,9.8400558691343751e-13,-5.8991192289054056e-14,-2.151913517944978e-14
1.2125,2.2237182645168488e-12,3.8832513322931392e-12,1.524486971951713e-12,6.3156249791795289e-13,9.233428629158889e-13,-9.3371522674659533e-14,2.2610738480152639e-14
1.215,2.064057344966369e-12,4.0339528190337298e-12,1.4046130642588842e-12,6.1534968893473459e-13,9.6168808304955143e-13,1.4563129399363668e-14,6.2719535304070309e-14
1.2175,2.126010063331929e-12,3.9409879476783962e-12,1.5552432311928458e-12,6.1223714909233113e-13,9.413453378297108e-13,6.0286360488760042e-14,-1.1739761971435772e-13
1.22,2.122658868642175e-12,4.278677654025869e-12,1.6323948347818478e-12,7.3396147042585386e-13,8.5030785032110654e-13,-9.1877411020256788e-14,-1.655451470401956e-14
1.2225,2.1634418365331852e-12,4.4129688642199743e-12,1.5785765778519442e-12,6.9649386260458897e-13,8.9412621905246748e-13,-9.4042948341432829e-14,2.0632868021125323e-14
1.225,2.1344903973789788e-12,4.6894234527727098e-12,1.7251165440511211e-12,6.4115101727752777e-13,9.1834106229461375e-13,-5.7069675621752895e-14,-8.3338023653752014e-15
1.2275,2.168384570141805e-12,4.8658103634149301e-12,1.768587967572249e-12,6.8506842341460044e-13,9.3987561526243036e-13,7.9815715960465042e-15,5.3417130417486522e-14
1.23,2.1640989435011108e-12,5.0072602738386473e-12,1.7413406382695273e-12,7.3126473294678418e-13,8.3179452937077108e-13,-3.0033063637263792e-14,9.3195062854065638e-14
1.2325,2.2150400614867682e-12,5.1474212626146124e-12,1.9403782895768426e-12,6.895455281724019e-13,7.1832078424617718e-13,4.9738626350835543e-14,3.9497698128439095e-14
1.235,2.1069753430277707e-12,5.3420771834058794e-12,1.9203413685214559e-12,6.3423278675306632e-13,6.5476855346683594e-13,-1.573250644221207e-14,3.0770717860606998e-14
1.2375,2.1689517084005403e-12,5.5179360930003209e-12,2.0641941094876056e-12,7.3566805238467509e-13,8.3924378629626685e-13,-5.2868802794600191e-14,1.7374475065418697e-13
1.24,2.0425098552991265e-12,5.5322181836942622e-12,2.1114735411937562e-12,6.2318699594437998e-13,7.3977128981678691e-13,1.0193774057278189e-14,-1.2364995459804353e-15
1.2425,2.132831898059636e-12,5.7407081290078696e-12,2.0979956680039088e-12,7.8914841956343411e-13,6.897394387317173e-13,5.057322384917827e-14,-1.1203076466855899e-14
1.245,2.1029389108635812e-12,5.9451814472815936e-12,2.2311335370194247e-12,6.449309078116683e-13,8.6168562756563339e-13,-3.2413243868333095e-14,-2.0655392696018357e-13
1.2475,1.9509685702239328e-12,6.152273043858132e-12,2.3266716821491132e-12,5.5010809697810029e-13,7.6869626125059327e-13,2.5911896911063616e-14,1.4782554575644641e-14
1.25,1.9695315883313275e-12,6.2959765659690513e-12,2.2186639511302716e-12,5.9008960977880746e-13,7.5268315968058254e-13,-8.0877450527673095e-14,-6.865701590823849e-14
1.2525,2.0915366862042457e-12,6.1769784827483467e-12,2.2626251935460053e-12,5.9591348541672546e-13,8.0391099175425595e-13,-6.6317090164597805e-14,-8.937808659960758e-14
1.255,2.003665935085586e-12,6.4316888994924033e-12,2.3956501699069616e-12,6.9711607268539316e-13,7.2103296407552593e-13,4.0806224225172094e-15,-1.3263578325183385e-13
1.2575,2.0189119791813316e-12,6.4184277585299568e-12,2.4831057206689452e-12,7.4458861141913552e-13,7.3973479817874798e-13,-7.0521676688372534e-14,3.823797492094743e-14
1.26,2.0598454547433478e-12,6.7026938007272123e-12,2.3990500725157351e-12,5.8250303438420231e-13,7.5725252573754922e-13,-3.4938865512595098e-14,1.3053960526655572e-14
1.2625,1.8105227361720686e-12,6.606491743114611e-12,2.4571133564423259e-12,6.1921962362991814e-13,8.1917992327130067e-13,4.9335699285830943e-14,3.8354535461074393e-14
1.265,1.9302384737349565e-12,6.5158226589730302e-12,2.3491850683590305e-12,6.6251730328751852e-13,6.7733881789389871e-13,-1.5476497142377886e-14,-7.2208101324388512e-14
1.2675,1.8358909238770651e-12,6.500573965944338e-12,2.4002870332443629e-12,6.2549083684919856e-13,7.6795953228661798e-13,-3.5802900834091821e-14,4.988211023413924e-14
1.27,1.7607811283771429e-12,6.5102085538083649e-12,2.4598778583229683e-12,7.9423969365530618e-13,6.6078917398798348e-13,-7.3895670323798223e-14,-4.3611477506955038e-14
1.2725,1.7477856843998659e-12,6.4405911420179377e-12,2.4666543531954422e-12,7.1271553957693719e-13,7.6961613963407034e-13,2.3359327470126038e-15,-1.8515166822796653e-14
1.275,1.7209087683118696e-12,6.4913802298083971e-12,2.4632094307921255e-12,6.9762854620829262e-13,6.6848864817054259e-13,-7.2253679440034396e-14,2.1659072029502302e-14
1.2775,1.8102272526422363e-12,6.446741799691619e-12,2.3018491859458297e-12,7.2616754850660237e-13,5.8947816434973325e-13,7.5132139214083538e-14,-9.2797241828603343e-14
1.28,1.7907413214067043e-12,6.4996872318391848e-12,2.3862481594496237e-12,7.3185485730459392e-13,6.4375755132165496e-13,6.8055761632500434e-14,3.232561349036781e-14
1.2825,1.9229798510820967e-12,6.1998418179333922e-12,2.3810755028954601e-12,7.3918010949138664e-13,7.5484149273897708e-13,9.4419009690353596e-14,1.3290736292184831e-13
1.285,1.712024479940957e-12,6.0744192415679493e-12,2.3250139042408115e-12,8.4228169258805296e-13,6.5402663738632897e-13,2.3441051742409493e-14,-1.6921263208122678e-14
1.2875,1.7089229560417496e-12,6.1617873689889688e-12,2.3323103337414242e-12,5.758851519381996e-13,6.9540628618610714e-13,7.9124446925584942e-14,2.031149502514176e-14
1.29,1.6584681059742589e-12,6.0456711720178482e-12,2.1706354381119771e-12,6.0366894354053407e-13,6.4274684742648608e-13,5.734661388107429e-14,-1.2939298548555954e-13
1.2925,1.7005220905514276e-12,5.9195578429979523e-12,2.1135287537821507e-12,7.7937404311684762e-13,5.4791448972513311e-13,-2.1956429768963282e-14,-1.7425364458662685e-14
1.295,1.768899578918711e-12,5.7972952203208594e-12,2.2811731352663614e-12,7.8848522592624264e-13,6.3396362882537291e-13,5.2002703960348265e-14,1.7928792225362385e-14
1.2975,1.7321593727411608e-12,5.7271833955672992e-12,2.0187621226457771e-12,7.708933480617498e-13,6.0441522901135183e-13,1.3403512799025255e-14,8.7362526409984548e-14
1.3,1.8584537977615949e-12,5.4551198106151048e-12,2.1853192662726708e-12,6.7691220883344444e-13,6.3167680927188209e-13,-2.1025828543193312e-14,-8.7803496348732564e-14
1.3025,1.6994572436359181e-12,5.2277124634756296e-12,1.9475333804805153e-12,8.1537105613405173e-13,6.7391499726229406e-13,-6.4449482946996383e-17,-1.0265232049124673e-13
1.305,1.680970258253175e-12,5.0764852457757748e-12,1.793103313223779e-12,7.8145946189280498e-13,6.7828923627538061e-13,4.9630698528751004e-14,6.6491597326451329e-14
1.3075,1.7351134798234986e-12,4.9676220788129163e-12,1.8866132858714345e-12,7.3638788292240132e-13,5.6663448623965043e-13,6.7079619131521303e-14,7.3349630301157813e-14
1.31,1.8067745770520495e-12,4.8500098390851658e-12,1.9459953315132223e-12,7.7474258552356216e-13,5.7572704795582994e-13,-6.110175799808987e-15,-2.0563862517310142e-15
1.3125,1.79761401963599e-12,4.783122682810446e-12,1.7274624327047259e-12,8.2201006550139202e-13,6.8710251719132153e-13,-7.2057598113337541e-14,-3.9247380777786814e-14
1.315,1.8065621236528751e-12,4.5618094594699708e-12,1.6849214004694232e-12,7.4184941071585329e-13,5.6810822817030064e-13,-6.9824316863086688e-14,-9.6858070141818887e-14
1.3175,1.7666286918965431e-12,4.2939368984320897e-12,1.7384866753046366e-12,7.4895365262370234e-13,6.2234022533931225e-13,-1.6080941804994518e-14,1.5409890469646095e-14
1.32,1.7471217302589299e-12,4.1410169578461929e-12,1.6835992211245734e-12,6.87688298333971e-13,6.80857127119208e-13,1.9824067994697168e-13,-8.9217237646815944e-14
1.3225,1.8319760334561254e-12,4.1474003972053429e-12,1.6215521952358655e-12,7.0242093258701557e-13,6.018811864223708e-13,9.0011735498539957e-14,1.9572833865590212e-14
1.325,1.8379168183217481e-12,4.0730170563314644e-12,1.5108915526029451e-12,8.4062198349233764e-13,7.5360403842450181e-13,1.1773057863150964e-13,5.5876067920731614e-14
1.3275,1.8411429541591821e-12,3.9781741405701287e-12,1.6685293516118016e-12,6.9396602146635707e-13,5.4005418556681378e-13,5.252903166411507e-14,8.5748426365453894e-15
1.33,2.085387217905937e-12,3.7749696979546568e-12,1.4606474399010086e-12,7.7935740150508576e-13,6.6925500216772753e-13,9.1900793623835162e-15,2.9980828568747361e-14
1.3325,1.7991007116834644e-12,3.6755448459669637e-12,1.5757998731802044e-12,6.8808740777025322e-13,7.0112756103474413e-13,9.2213472709486275e-14,3.8282206202498142e-14
1.335,1.9797003781814109e-12,3.4365153918425493e-12,1.5109754638644317e-12,5.8497816272958366e-13,6.3368995173891123e-13,3.2442792364637228e-14,6.3031169883733087e-14
1.3375,1.8411730362658147e-12,3.34123414597003e-12,1.3389100247598505e-12,8.2494967152586985e-13,5.2058772945650452e-13,2.7109954986350961e-13,7.0358242603519945e-14
1.34,1.9129875504196909e-12,3.3694346590128828e-12,1.5740086700630383e-12,7.6577186507254912e-13,6.0275383834693462e-13,2.2607021363879939e-13,1.2516706764553095e-13
1.3425,2.0219232850975575e-12,3.1794347409697838e-12,1.6238700175297715e-12,6.5467913928155347e-13,6.3016252422419279e-13,1.2726031161535284e-13,-5.4933960511577874e-14
1.345,2.1064624990909521e-12,3.0502884938317653e-12,1.6154155771960154e-12,7.5178778529385216e-13,5.242122513910047e-13,8.7679634342950704e-14,9.1894351903307841e-14
1.3475,2.0869067289539526e-12,2.9570419346378105e-12,1.4594708872840901e-12,7.4030192047044852e-13,5.8722731861714429e-13,2.8885623905580427e-14,5.0340224041340035e-14
1.35,2.0754922387252869e-12,3.0211883507579376e-12,1.5940465230386319e-12,7.3622718324519121e-13,7.169734074789249e-13,1.9598976772162951e-13,6.5554703406585412e-14
1.3525,1.9806488276484423e-12,2.8635066691284413e-12,1.8849207394945066e-12,7.755655167746996e-13,5.9320985241000916e-13,2.6316815885651313e-13,-2.5018187740440344e-14
1.355,2.1197690514160551e-12,2.8421616107786438e-12,1.7377649628239887e-12,7.1541351637296826e-13,6.6918433997290608e-13,2.7053481178273678e-13,4.7662314173905468e-14
1.3575,2.1193349460351251e-12,2.9633317438571365e-12,1.8497956012449544e-12,6.673324935130002e-13,4.1310097167418068e-13,1.6162825196667973e-13,3.5206136637718144e-14
1.36,2.1987235247958013e-12,2.8097549725315689e-12,2.1050533573181118e-12,8.4139691486811496e-13,4.9529193597724774e-13,2.4572668379527681e-13,1.1692335008547916e-13
1.3625,2.110046691130232e-12,2.7902184361185293e-12,2.3896216694434112e-12,6.251578459296814e-13,4.6449820735850307e-13,7.3515697672638151e-15,2.2874995570123049e-14
1.365,2.273647247603956e-12,2.8211882913192301e-12,2.5236310470259679e-12,8.4642224411276033e-13,5.5206286617227409e-13,2.7052624632599099e-13,4.6502930817927098e-14
1.3675,2.1989218652170952e-12,2.9456194176086467e-12,2.765088362706223e-12,7.4521311272254964e-13,4.8127553456999076e-13,2.739620409271632e-13,-7.903300254804359e-14
1.37,2.1365918951655269e-12,2.9555767831232957e-12,2.7487310005442904e-12,6.2015155556959106e-13,5.2944972198118302e-13,2.0560932089423802e-13,-8.6789773307175013e-14
1.3725,2.2401132219492501e-12,3.2314865820732489e-12,3.2961140398378859e-12,6.4123577052938645e-13,5.5640251368154377e-13,1.6612065727969446e-13,1.0805159785016142e-13
1.375,2.3447902602957675e-12,3.3775296133702528e-12,3.4755837978152865e-12,7.0496036183613007e-13,4.3789818770388452e-13,2.5092419637485482e-13,8.6581458434326757e-14
1.3775,2.1837301361995268e-12,3.4876057125137509e-12,4.0967412282765126e-12,7.2831981616864261e-13,5.3566215253183182e-13,3.4593205054047367e-13,-9.6862886196352504e-14
1.38,2.1539927691075347e-12,3.5646167968291917e-12,4.1842693612361221e-12,7.0481738581773731e-13,5.2705476099898888e-13,2.8148424379751397e-13,-7.3517878990623519e-14
1.3825,2.2351629687452787e-12,3.7890792868018929e-12,4.6189931303122238e-12,5.8396556671650637e-13,5.3297048098232394e-13,4.755903998377145e-13,1.8491832762691836e-14
1.385,2.1815237168009635e-12,3.9532884584372099e-12,4.8514628462944547e-12,6.8098314382081228e-13,5.0512175831427706e-13,3.8452583828769591e-13,-4.1187305994375237e-15
1.3875,2.2596649518805928e-12,4.4161662621206173e-12,5.1316388814876037e-12,5.8679159609691454e-13,6.0010253969726725e-13,3.9968440007478198e-13,-1.1389888025005113e-13
1.39,2.1549636089322909e-12,4.6065205395912644e-12,5.536900661350752e-12,7.9205116138826886e-13,5.1061757857627934e-13,4.4153980079407258e-13,2.4681976856760204e-14
1.3925,2.3177879521246134e-12,4.7063368592784148e-12,5.9139657870811769e-12,5.9073592476784562e-13,5.5170735116019125e-13,3.6860155070626336e-13,8.6103578339614547e-14
1.395,2.0881752639943375e-12,4.8172825346523892e-12,6.0152966499429986e-12,6.6314137250312738e-13,4.8502625194913728e-13,5.7593495188566128e-13,-5.4962096108196503e-14
1.3975,2.130621022617111e-12,5.0087661386150472e-12,6.2601858612611353e-12,5.9832383243951814e-13,4.2624085950242873e-13,5.5353073008614717e-13,-6.0180425771010909e-14
1.4,2.0694348963645953e-12,5.3195482351316992e-12,6.5689190986082946e-12,6.4008967860728544e-13,5.9561239193496257e-13,4.6904010399573659e-13,-9.7224579742765961e-14
1.4025,1.8794714161349873e-12,5.4913679857746655e-12,6.3590560899224173e-12,7.0692775996789364e-13,5.0446512222202174e-13,6.6136663824119151e-13,-1.5479418065421833e-14
1.405,1.9573315261327117e-12,5.4186157773719951e-12,6.5022703618024954e-12,6.5286779835739921e-13,6.0638064256237226e-13,6.8751260052504113e-13,-1.1422899545058982e-13
1.4075,1.9997423675593326e-12,5.8717952366386515e-12,6.6084864164870204e-12,6.3145787098037145e-13,4.3872945564377862e-13,5.9290369927046178e-13,-7.7555762438446738e-14
1.41,1.8593338178841017e-12,5.776141515076343e-12,6.6137259605293218e-12,6.1454840483353906e-13,5.2846358023791019e-13,6.1456732919530411e-13,2.3173386436759056e-14
1.4125,1.8553985937236855e-12,5.9706154576543332e-12,6.6349667051244163e-12,5.2078280366923116e-13,4.3693736901205671e-13,7.5942011848771355e-13,-3.1232093888541576e-14
1.415,2.0172494774216874e-12,5.9370105526743176e-12,6.4252976588213525e-12,6.3752719138992942e-13,7.058485460129703e-13,6.9206441618204365e-13,-6.2161214240774894e-14
1.4175,1.7573181521824912e-12,6.0658845217020194e-12,6.2964953707074753e-12,7.014439579125208e-13,6.204907416895937e-13,8.3633711515803564e-13,-2.8432147699737284e-14
1.42,1.8422859693600721e-12,5.8267273221720595e-12,6.0400975532932264e-12,5.9753791707295574e-13,4.1839878883958272e-13,7.2399032525850436e-13,-7.0480382369620677e-14
1.4225,1.7984326802334114e-12,5.9970372789424091e-12,5.9107358594569374e-12,5.7841417591268116e-13,4.4287120934310331e-13,9.1457850457974793e-13,1.4253327315158043e-13
1.425,1.6920070636280428e-12,5.9566208578652539e-12,5.7556858598872783e-12,6.3176508168972468e-13,5.0388943042883337e-13,8.382176106128385e-13,-2.0960457788479939e-14
1.4275,1.7404392529497723e-12,5.9855190347297757e-12,5.5330442438703603e-12,5.7023655558832976e-13,4.8125597375065487e-13,9.7261606319130519e-13,1.3918025444829886e-13
1.43,1.8337471238012609e-12,5.8023974291474227e-12,5.389698003871326e-12,6.6633953274046657e-13,5.117440381708347e-13,9.2785426898968484e-13,4.2417529281575785e-14
1.4325,1.6856742857190604e-12,5.6308327841259615e-12,5.1037984611320287e-12,5.9075716167387051e-13,5.1299487142011196e-13,1.1244533935421253e-12,4.2633107120302026e-14
1.435,1.6414025213995456e-12,5.7482265947128555e-12,4.8581929987873327e-12,7.7173973398080961e-13,4.9811762233488167e-13,1.1023536339580808e-12,1.3183534816339379e-13
1.4375,1.6035581434094676e-12,5.4451697218853505e-12,4.6374194512533252e-12,6.0762699841993639e-13,4.7523897630033238e-13,1.1022822074914429e-12,1.1533876555393157e-13
1.44,1.4851530085336614e-12,5.3657540945692182e-12,4.2233538452160728e-12,5.216756837499163e-13,5.4133379975563674e-13,1.039776110655444e-12,-4.4380169960692869e-14
1.4425,1.733303230683152e-12,5.2474750526966768e-12,3.8943264800794871e-12,7.3040426025770928e-13,5.8065859439043648e-13,1.1871940482905146e-12,-3.8782064744696282e-14
1.445,1.5530007738476011e-12,4.9749918729529657e-12,3.7507590836743413e-12,6.5818871504897817e-13,4.1661167126706732e-13,1.2880466612657555e-12,-1.2761026152959251e-14
1.4475,1.5899102835231933e-12,5.083789052233579e-12,3.6178965330596785e-12,7.201390222021939e-13,5.5918808755923063e-13,1.3939404591964429e-12,-6.0661651620914958e-14
1.45,1.5374207209203254e-12,4.8047576619022975e-12,3.3598152379183108e-12,8.1749282608401696e-13,5.3910649160533111e-13,1.3847563906063104e-12,5.928700411663599e-14
1.4525,1.54431466169206e-12,4.7173071591401218e-12,3.1142296290576258e-12,5.9104019941369948e-13,3.9326339531516832e-13,1.5177718360674334e-12,4.6387604782332041e-14
1.455,1.590845552795726e-12,4.5517116224104706e-12,2.9204643396763182e-12,7.9833065199510306e-13,4.6626538556354106e-13,1.4725183145941409e-12,1.9693136958235349e-14
1.4575,1.6221835030546072e-12,4.2576550527242299e-12,2.7168469522872573e-12,6.6482788605512519e-13,6.4759594118777844e-13,1.5544683901772187e-12,8.7298837652800529e-14
1.46,1.5084536211342297e-12,4.2627125570176545e-12,2.6218955479113151e-12,8.9568988042617468e-13,3.0468201662617361e-13,1.5998816786183556e-12,9.2135644626526219e-15
1.4625,1.6930189439174138e-12,3.9939998220032992e-12,2.3345139663581285e-12,8.5530864919439136e-13,4.9103068090628875e-13,1.8041488392747567e-12,-6.9503587093779455e-14
1.465,1.6374737144689732e-12,3.8434862758675639e-12,2.3274179683766467e-12,7.5957576907827565e-13,3.1530815971280089e-13,1.7512299660279758e-12,1.7440417978690206e-13
1.4675,1.6805351184475726e-12,3.5517865823640859e-12,1.9647290697889602e-12,8.8986421287979931e-13,5.946938621462915e-13,1.6595423094998413e-12,9.2569441645416227e-14
1.47,1.690769977511344e-12,3.4801244739331665e-12,1.8827999875451876e-12,9.4703888496338415e-13,4.9566357197541275e-13,2.0232987529109392e-12,3.3517919361196331e-14
1.4725,1.7215753761236794e-12,3.412332452447104e-12,1.7602947810708517e-12,8.260296216105044e-13,3.409652738096398e-13,2.0544492374586042e-12,2.1347372845065729e-14
1.475,1.8596575068882875e-12,3.2051247205272917e-12,1.7417751304648906e-12,1.059816594762558e-12,5.494136089638215e-13,1.9980695742095852e-12,4.0341270792786189e-14
1.4775,1.8674873086341482e-12,3.0148378186994138e-12,1.4952526932259696e-12,8.1790385175252216e-13,4.7863829286026506e-13,2.0968616459807506e-12,3.7943637915509932e-14
1.48,1.7158108988592931e-12,2.9128973240273442e-12,1.613834553628016e-12,1.027047339026351e-12,4.8784670256686392e-13,2.1748133615074116e-12,-3.1864455341251631e-15
1.4825,1.9070155539484036e-12,2.8641451203454944e-12,1.5297987790987041e-12,1.0946677615666702e-12,5.9130743455626975e-13,2.3466084245818894e-12,9.7769549929243104e-14
1.485,1.7373601317494301e-12,2.7704937262008829e-12,1.5059738260305494e-12,1.2766093085382919e-12,5.0838691651084031e-13,2.2920024025402863e-12,1.1600402297291856e-14
1.4875,1.9745483501258318e-12,2.5469486263916035e-12,1.400472295570002e-12,1.1566955255078483e-12,5.2603973453111691e-13,2.3899291313223232e-12,2.5894542927407177e-14
1.49,2.142874202316061e-12,2.5510323259580093e-12,1.2518728770863059e-12,1.1774093758944649e-12,4.0774194296175862e-13,2.3769617225379969e-12,-1.258488327872355e-13
1.4925,1.9465351582789255e-12,2.3649695842225718e-12,1.3523516197572846e-12,1.2418238673548133e-12,5.1342482962661959e-13,2.4748526403135688e-12,2.5049049079866262e-14
1.495,2.0330726684508592e-12,2.3638696641629645e-12,1.5170740653552324e-12,1.3308364401606739e-12,5.280089668993928e-13,2.4648630162386748e-12,-7.1828044658497217e-14
1.4975,2.0322162928580784e-12,2.185424829875723e-12,1.2953141738114899e-12,1.1861377342401565e-12,5.0374349208780401e-13,2.6952575374597983e-12,-7.4477347293025078e-14
1.5,2.1462186442149599e-12,2.0975429082888037e-12,1.5192000975776194e-12,1.3530523944003772e-12,4.4384265703937524e-13,2.7160177192198851e-12,1.7507483129549563e-14
1.5025,2.0287800185194262e-12,2.075508416143215e-12,1.5270422014114718e-12,1.544899579272861e-12,4.6592710982865521e-13,2.779341403727257e-12,-1.1709418640593213e-14
1.505,2.0772116925762171e-12,2.0200642522187579e-12,1.652765852558381e-12,1.4298464584831855e-12,5.8502794515997672e-13,2.8620579784507035e-12,1.2586803684004063e-13
1.5075,2.1879753610930654e-12,1.9681394296957939e-12,1.8883969123319835e-12,1.5554112260734054e-12,4.0696862839590281e-13,2.8961020654754718e-12,8.1633239001510087e-14
1.51,2.1861865294022391e-12,1.897149502044149e-12,2.147269889612763e-12,1.5570060499091957e-12,6.5496605336575159e-13,2.9896256194222589e-12,-6.5536641707858581e-14
1.5125,2.2876357806550176e-12,2.0720639193861592e-12,2.3888373420612434e-12,1.7897309880800817e-12,6.0397640255859026e-13,2.9153517248362104e-12,-4.3596722603550418e-14
1.515,2.2088073876251016e-12,2.0306735729992407e-12,2.609891027884635e-12,1.6623392040612002e-12,5.1963181793371159e-13,2.9844341457056583e-12,2.544676388912566e-14
1.5175,2.2109864220788549e-12,2.0488069320391122e-12,3.1527066416541837e-12,1.6312363219802844e-12,4.5939083387436469e-13,3.0697803385365567e-12,-6.8692115423813678e-14
1.52,2.2498298313778515e-12,2.096538173886068e-12,3.5024874054439208e-12,1.8257273641471636e-12,6.4094600936821779e-13,3.0138917317840333e-12,-7.4912079413707983e-14
1.5225,2.323278705906321e-12,2.3064340224518469e-12,4.0252839936158058e-12,1.7031404294530848e-12,4.5827383550181085e-13,3.2173638461226665e-12,3.9325569497212734e-14
1.525,2.2450086013820673e-12,2.212775144673325e-12,4.613768560217965e-12,1.724652387171841e-12,6.6450612183728992e-13,3.2557500031687202e-12,-9.9055755393454559e-14
1.5275,2.1012890859614559e-12,2.4925420981226779e-12,5.0600981884592746e-12,1.7597601271265786e-12,4.8818129131224793e-13,3.1796672283958005e-12,-9.8507398446647077e-14
1.53,2.2465536716540928e-12,2.6701426933016931e-12,5.592862336031694e-12,1.9677684966893923e-12,5.3009910388098272e-13,3.0569850189436488e-12,-7.9120281213043501e-14
1.5325,2.1738451362030168e-12,2.9530939861428605e-12,6.274488325449677e-12,1.7809380642122196e-12,5.4348202431867266e-13,3.315462150237182e-12,5.4237769646849214e-14
1.535,2.1351747777698203e-12,3.0358222877651485e-12,6.750702585664591e-12,1.7827520107833395e-12,5.399330535067744e-13,3.3132530060751133e-12,2.1194536257225211e-13
1.5375,2.1244582844743711e-12,3.2531845469441944e-12,7.3529541083404928e-12,1.6764621408175988e-12,5.2139276706294025e-13,3.3255106197532705e-12,-2.8053153643335971e-14
1.54,2.1262637195374907e-12,3.5435291310160796e-12,7.5821433629283977e-12,1.5666361894874633e-12,6.2510473603813855e-13,3.3533689396149143e-12,2.8108089473940264e-14
1.5425,2.1014475467638072e-12,3.8371487361232513e-12,8.0244254058767714e-12,1.6780748030544025e-12,5.4963691098632683e-13,3.243761436966926e-12,-1.6777219277953058e-14
1.545,1.966666177460981e-12,4.1156279265388879e-12,8.1734331522550903e-12,1.7668842178765203e-12,5.4918063903613817e-13,3.3450605978108684e-12,-5.859603900368365e-14
1.5475,2.0050333649882428e-12,4.0796986513571927e-12,8.343044481171072e-12,1.7178906996093864e-12,3.7256100508843956e-13,3.3901162976146801e-12,-7.6101870307620945e-14
1.55,1.9281882231708349e-12,4.3786453425878941e-12,8.3041569671022389e-12,1.5254014047355676e-12,4.2117451814053096e-13,3.2977891803236029e-12,-2.3086650482721403e-14
1.5525,1.9718594071488766e-12,4.7152483695484795e-12,8.199867434086201e-12,1.5787923481379742e-12,5.9527563449057675e-13,3.2319042469673657e-12,3.0957182135751732e-14
1.555,1.9497528772425524e-12,4.8866448599618894e-12,7.9862539348549956e-12,1.3497199343886052e-12,6.4692951709095072e-13,3.2435316907241406e-12,-5.9814535937949429e-14
1.5575,1.7956872484048923e-12,4.9124334643988556e-12,7.7276068659906519e-12,1.3340249243084356e-12,5.0581225395812419e-13,3.3465937925596481e-12,7.3786222690256907e-14
1.56,1.8349655061002321e-12,5.1145498349514482e-12,7.4652150606363778e-12,1.3598048905614717e-12,5.8220842427504223e-13,3.3986313492943996e-12,3.1845969254348387e-14
1.5625,1.9270972489667478e-12,5.1706845189071218e-12,7.3000587513284133e-12,1.292190337876083e-12,5.4660293572921976e-13,3.0147399659102263e-12,-8.4722911301049495e-14
1.565,1.8172750792474271e-12,5.2118300975805869e-12,6.9047824593484122e-12,1.191834228626359e-12,5.0429954345803051e-13,3.2185809636511749e-12,-4.3786289344694919e-14
1.5675,1.8233951763781218e-12,5.0744011603600738e-12,6.3913516522507261e-12,1.1403314269572681e-12,4.0662426895366458e-13,3.1151919326663879e-12,-8.4010414170148078e-15
1.57,1.5919528031473733e-12,5.2163086897467805e-12,6.1227994427850458e-12,1.2175312470085592e-12,6.8375220962471651e-13,3.1832318820438806e-12,-1.7942889668583334e-14
1.5725,1.6079043333703526e-12,5.1211792342886742e-12,5.5837778353813322e-12,1.158026748612747e-12,5.2091602931913305e-13,3.0892311088571584e-12,-4.1061873232633782e-15
1.575,1.5803902892665214e-12,5.1763637633022353e-12,5.3996214072286974e-12,1.2489947491265825e-12,5.6643944835652192e-13,2.9790620181012713e-12,2.6701609392770427e-14
1.5775,1.5265759252432707e-12,4.9585093850476729e-12,4.8968720559757316e-12,8.8346599547713704e-13,6.8112689427583824e-13,2.9245790656224169e-12,8.1809559611549653e-14
1.58,1.6436603569883287e-12,4.9280416871051806e-12,4.7495175880161481e-12,1.007947738815857e-12,5.0845307426051475e-13,2.9097871381218825e-12,-4.556375408798479e-14
1.5825,1.5654637971636403e-12,4.7606255178441404e-12,4.2172075797188123e-12,9.7307515182251371e-13,4.7407415228030177e-13,3.0117925176002828e-12,-9.1518007587366213e-14
1.585,1.6280388828083715e-12,4.6191846199545742e-12,3.9685236549895593e-12,8.3170413437293866e-13,6.2263761611917811e-13,2.8119219549827392e-12,8.4213110133536516e-14
1.5875,1.5601437531433273e-12,4.5205307138875986e-12,3.6652348730543833e-12,9.3436083814431912e-13,4.6084048944100805e-13,2.7187277325237941e-12,-1.2045227551367993e-13
1.59,1.5469601457380573e-12,4.3279692942473306e-12,3.4375312648784283e-12,8.7628938285390739e-13,6.4970513394328582e-13,2.7961208033910258e-12,-4.679987599868005e-14
1.5925,1.6237669416188307e-12,4.0153818669870926e-12,2.8846996911260567e-12,8.575315238315619e-13,4.6250469842561658e-13,2.6543062562682152e-12,-1.0458227745556527e-13
1.595,1.4999952351471709e-12,3.9739591131464869e-12,2.8071688309255606e-12,9.5216490985480086e-13,6.5786001491939383e-13,2.4854710057411966e-12,-3.8116923968238249e-14
1.5975,1.6243032680927585e-12,3.8904081022254538e-12,2.4968404437324807e-12,8.7823459370359045e-13,5.4142717409189345e-13,2.6081824228242534e-12,8.5635381211143096e-14
1.6,1.575159819776372e-12,3.7109918642234797e-12,2.2323013669944383e-12,8.8620686175723303e-13,3.6102334495914032e-13,2.4273771398764229e-12,6.6591860028531764e-14
1.6025,1.554993873371072e-12,3.4598141463035879e-12,1.9963101345566112e-12,1.0183531098150234e-12,4.2836341735910151e-13,2.3118047154502735e-12,-8.7858065204863307e-14
1.605,1.5640521011881448e-12,3.3546365742969688e-12,1.8118047628799586e-12,8.6802560468330879e-13,4.6089386913220155e-13,2.3327218556524345e-12,-7.0293752407248284e-14
1.6075,1.5805491392642028e-12,3.2232609604503546e-12,1.6858212894677105e-12,9.7049166893167579e-13,3.6712509669389058e-13,2.1650544837490301e-12,9.2213659768075995e-14
1.61,1.5955057925012165e-12,2.8119465501961791e-12,1.6716192087503823e-12,9.3643463896687328e-13,2.7151158279492279e-13,1.8441584172011578e-12,5.5791228021943896e-14
1.6125,1.584138769391542e-12,2.8370997042939244e-12,1.4954186255896097e-12,1.1511743881643696e-12,5.1413879231306629e-13,2.1731564720378537e-12,1.3540018466973874e-13
1.615,1.7599376894801088e-12,2.7407028589230609e-12,1.1899747297593241e-12,1.1185242857575638e-12,4.9158335191745911e-13,2.0800308223524263e-12,7.6434471965974572e-14
1.6175,1.552656785589079e-12,2.5341005335960769e-12,1.1313443891233656e-12,1.3420358512925818e-12,4.5777633044782524e-13,1.890034626440779e-12,-7.5025012011379071e-15
1.62,1.7275028232849035e-12,2.360091121103164e-12,1.2539144856866085e-12,1.496619158322778e-12,5.252988409294443e-13,1.7407226632370434e-12,1.0402731412869205e-13
1.6225,1.7890925607660954e-12,2.2117367059467817e-12,1.0239503655628056e-12,1.6179794105031848e-12,4.2482236574517772e-13,1.8866561251214325e-12,-9.9155636587392905e-15
1.625,1.9282580332209521e-12,2.1483944679229283e-12,1.2366920791419668e-12,1.8831848006404252e-12,5.0210897322524116e-13,1.6211830869326158e-12,-4.2212431776151891e-14
1.6275,1.9455788645752811e-12,1.7667899180944066e-12,9.8323455015300342e-13,2.0500672853333531e-12,4.804444931618357e-13,1.5192821990628216e-12,1.102385447626919e-13
1.63,1.8631519867213497e-12,1.9949293765452844e-12,8.6648927222759236e-13,2.221004971313323e-12,4.4946480805884602e-13,1.4672509130173994e-12,-4.4396221361295055e-14
1.6325,1.8489550180819333e-12,1.8008386339402727e-12,8.8720137107678735e-13,2.6767527978754075e-12,4.6542700468718295e-13,1.6639355493375189e-12,1.1464409884467958e-13
1.635,1.9677333589389778e-12,1.5855831079230665e-12,7.8832167234471911e-13,2.7221041293191052e-12,5.2736508680516889e-13,1.3202131570041279e-12,-1.9442689871804134e-13
1.6375,1.957308505104493e-12,1.7299492371163456e-12,8.6874955517964541e-13,3.2337970007427837e-12,5.5025934711242592e-13,1.1994261972617431e-12,-2.4575643372115494e-13
1.64,2.0724400138064038e-12,1.5863927451257799e-12,9.2500366439841837e-13,3.5700290024411188e-12,4.7364605556801488e-13,1.320215775255677e-12,-1.2828073653806532e-13
1.6425,2.0086100043092449e-12,1.4614175449275674e-12,7.1580988978721346e-13,3.8625658542260591e-12,5.4534010388305139e-13,1.2530894367277174e-12,-5.2441090276835754e-14
1.645,2.1473100438186147e-12,1.4697024440191894e-12,8.6329345917193769e-13,3.9828418636612613e-12,4.9734629521492674e-13,1.267343454383996e-12,9.2305167908925111e-14
1.6475,2.0920379409105009e-12,1.3436939890221309e-12,1.0777851337148401e-12,4.4523710411754176e-12,5.7108100999723854e-13,1.1707361980786611e-12,1.2461049129615755e-13
1.65,2.1643905346093997e-12,1.3907309376520463e-12,8.3217421346397923e-13,4.6375025115740887e-12,3.9234210304930714e-13,1.1883896612052089e-12,7.95623109725877e-14
1.6525,2.1134939855618617e-12,1.390605785362573e-12,9.7503838953673691e-13,4.9031147069454345e-12,5.0753725476856557e-13,1.1076787172810693e-12,-1.3911440882066289e-13
1.655,2.1332349213740625e-12,1.3991208533645217e-12,1.1375975387143287e-12,5.0794922821685422e-12,4.0872746625315463e-13,1.2108940202960537e-12,-4.6162624340558873e-14
1.6575,2.2892183040872194e-12,1.4225548623495662e-12,1.2679851854389611e-12,5.1767994680108053e-12,4.1694645295630794e-13,1.0222850811271942e-12,-3.6494096791662698e-15
1.66,2.1534030035458137e-12,1.4178293846207294e-12,1.402568397903613e-12,5.3996178443614946e-12,3.7948926606882144e-13,8.8967712868677555e-13,-1.5210013160692225e-13
1.6625,2.2437934059325042e-12,1.4704668421195586e-12,1.7048995126249057e-12,5.4994994094681013e-12,4.1958681333323029e-13,9.604628181917439e-13,-9.0865357182065227e-15
1.665,2.2707217468358165e-12,1.4523082539220986e-12,2.0413020199464468e-12,5.5379009968243553e-12,4.634923889541562e-13,8.9228045231413588e-13,4.8340262631447702e-14
1.6675,2.4449236636638425e-12,1.4964795416590361e-12,2.3898148828517218e-12,5.4164097089911893e-12,3.4503659726012656e-13,9.8595389138889481e-13,-8.9952998862296498e-14
1.67,2.1775110507622068e-12,1.6487370200038588e-12,2.7049305771391139e-12,5.3994817778715673e-12,5.2628053601343039e-13,7.6930651824500148e-13,-6.9310295554987881e-14
1.6725,2.284280105928494e-12,1.8086294678799159e-12,3.3064344425501814e-12,5.3816871613910459e-12,5.1185113804620824e-13,7.3573636687910938e-13,-4.1577628741398675e-14
1.675,2.0797084225435447e-12,1.9776047816493797e-12,3.6296655757438572e-12,5.2072813882974518e-12,4.1381746800469739e-13,8.8669564986779091e-13,5.1237165586187686e-14
1.6775,2.1627574521370253e-12,2.1937991811539226e-12,4.265097949577596e-12,5.0629187558046209e-12,4.6209489530956261e-13,7.3135397357875546e-13,-3.3188334179327072e-14
1.68,1.9759144999732382e-12,2.3756765347192012e-12,4.8551599486065182e-12,4.867665451926308e-12,5.1594444478698435e-13,7.8101072423212419e-13,5.2644982612140717e-14
1.6825,2.1251959053428455e-12,2.3642973212822925e-12,5.4471173395084301e-12,4.6134804532060366e-12,2.6636116708446154e-13,8.9293156086888163e-13,-3.87786639516996e-15
1.685,2.0915002495923985e-12,2.857975531670213e-12,5.6639685474267507e-12,4.3689557088432425e-12,4.8589746774263107e-13,7.606800460778717e-13,3.5631004100712828e-14
1.6875,1.9917096673755067e-12,2.8944073681647688e-12,5.9964786288820304e-12,4.3540156984893206e-12,5.1745434488637851e-13,7.9693869441997933e-13,4.8357237226478552e-14
1.69,1.9612181727242134e-12,3.3100141848771152e-12,6.4659342149730662e-12,4.1005029223841215e-12,4.8463141612062582e-13,7.5920916717132376e-13,2.1313360157573527e-13
1.6925,1.8418118693819307e-12,3.4403474288388722e-12,6.5770012890342854e-12,3.7814941956545943e-12,4.5956237674938781e-13,6.1661793169666185e-13,9.6519326798168868e-14
1.695,1.9004544071493476e-12,3.6666882461930787e-12,6.7562800337387746e-12,3.5676683293460442e-12,4.7122788895797469e-13,7.0744794391631369e-13,-3.6242486664544927e-14
1.6975,2.002797391314234e-12,4.0140138337253268e-12,6.7829440650470354e-12,3.4928680733828449e-12,5.7245239366437572e-13,5.247221055211305e-13,-6.8278821081867623e-14
1.7,1.8825799921063453e-12,4.183918697265012e-12,6.7524664103658314e-12,3.1652774200963802e-12,4.8431302249668238e-13,8.1099071596360886e-13,-3.1082658888873328e-14
1.7025,1.8822257943675024e-12,4.0605905477148692e-12,6.5880879215855176e-12,3.1730848396358284e-12,5.7462706087549237e-13,7.0134435006266035e-13,-1.234694358082055e-13
1.705,1.6782982674215769e-12,4.3508080940405476e-12,6.3916630142020291e-12,2.9632280361998815e-12,4.4669819315684806e-13,5.1996223701083275e-13,-9.0389853623417918e-14
1.7075,1.8372991498489904e-12,4.4500885967942398e-12,5.9648849346030785e-12,2.6470369675607886e-12,5.318580041988454e-13,6.2781754331300594e-13,-3.135473105192665e-15
1.71,1.6180855342412699e-12,4.5582990624160338e-12,5.5272467078861263e-12,2.5126235660206397e-12,5.8385205076414237e-13,6.0477057418425076e-13,2.4891856759230175e-15
1.7125,1.6559937295651026e-12,4.4755868111653264e-12,5.1494959985819866e-12,2.3665561049431018e-12,4.6600114158913311e-13,4.0833924604097064e-13,-2.4987383273116747e-14
1.715,1.581886888485367e-12,4.3584865190778008e-12,5.0226830163569508e-12,2.0861500582298344e-12,5.7153390767591188e-13,6.0478501056486068e-13,1.6116448522774058e-14
1.7175,1.6392388566084331e-12,4.3791782458879698e-12,4.5880354978562747e-12,2.108988639219401e-12,6.1667183204019526e-13,5.2894185501897877e-13,-9.1174815173926237e-14
1.72,1.5287026199201163e-12,4.3125407453685137e-12,4.2780918432273277e-12,1.844570335183569e-12,4.6763335118329632e-13,5.7977837571531509e-13,5.4922385249330647e-14
1.7225,1.6462482362498801e-12,4.1391004844022452e-12,4.0103541706378874e-12,1.7672751052985362e-12,5.8883375537764542e-13,5.3151664304475242e-13,9.3877809043209809e-14
1.725,1.5465508731774121e-12,4.0683862723480219e-12,3.4811428701029364e-12,1.6589490437277416e-12,6.3690238055046218e-13,4.069435631897077e-13,6.411062473592303e-15
1.7275,1.4342534481957184e-12,3.8884009375749847e-12,3.1975110349702203e-12,1.573639349635244e-12,8.4441431036158171e-13,5.5184890336486278e-13,-7.3091182885906267e-14
1.73,1.4414381307643481e-12,3.5996328194028635e-12,2.8905431070773227e-12,1.4069593946500769e-12,8.0797948982016252e-13,5.4882568350987351e-13,1.9236051502323081e-14
1.7325,1.4760638713727735e-12,3.7252922344703652e-12,2.6789054150439262e-12,1.3270515358429221e-12,7.493733984437648e-13,3.5199008081246517e-13,1.0478585554228587e-13
1.735,1.4175230988212579e-12,3.4445934765728366e-12,2.1510327415555659e-12,1.2625648329794369e-12,7.5691779624812141e-13,4.9477756862900176e-13,5.1867714319145846e-15
1.7375,1.4706905078322325e-12,3.2119068871129393e-12,2.1814364628931697e-12,1.1820024984078838e-12,7.1018892751258263e-13,6.2018184697947461e-13,1.673640274616676e-15
1.74,1.4756218127947206e-12,3.0495644502982708e-12,1.8736754419903345e-12,1.2385005012620002e-12,9.1274246638056014e-13,6.2034653846618058e-13,1.195877965274696e-14
1.7425,1.4594953505545013e-12,2.8672473836309362e-12,1.6824860154643426e-12,9.8011937793193392e-13,1.004068468780797e-12,4.9376571954928041e-13,5.7906013126817501e-14
1.745,1.4536022965551996e-12,2.5880519945994351e-12,1.4793713696961538e-12,1.0555799344077921e-12,9.1120399407345476e-13,5.6948324603400255e-13,2.3494199407676327e-14
1.7475,1.5867159842276861e-12,2.5736067262043747e-12,1.2961340299720211e-12,1.0154882816241136e-12,1.0519737843469416e-12,4.0377709873865212e-13,7.6499448190507486e-14
1.75,1.6485183583181622e-12,2.6078861558560008e-12,1.2548651864232539e-12,9.2154936735923018e-13,9.5135368596182704e-13,5.1081619582610486e-13,9.1198031717675751e-14
1.7525,1.5405473285015616e-12,2.2278993667860281e-12,1.0994969611297979e-12,1.1643677900221292e-12,1.0551660393702981e-12,5.4122451447352336e-13,1.3495624412089442e-13
1.755,1.5443559593648164e-12,2.1047610891528529e-12,1.0321561491951419e-12,1.1055170441033287e-12,1.0042712692026338e-12,5.6945146480333813e-13,5.0081336347199582e-14
1.7575,1.7623987408775912e-12,1.941751641671051e-12,9.2043112496564069e-13,1.311130255505777e-12,1.0452611371708691e-12,3.9960980310685457e-13,-1.0654982111474232e-13
1.76,1.6425785619436066e-12,1.8909443171415835e-12,8.0747291822643936e-13,1.3193168432763867e-12,1.1133053343553285e-12,5.0043321551992661e-13,2.7235513188168992e-14
1.7625,1.7567368825572395e-12,1.7433934858829927e-12,8.0381444700030123e-13,1.6109004874568509e-12,1.2259023812953786e-12,6.2516797480654606e-13,5.8674975221992639e-14
1.765,1.7442033867748719e-12,1.5547204782055425e-12,5.9539905251695341e-13,1.7814883562821421e-12,1.2856519566049069e-12,3.9576680909441378e-13,-2.1885029486165586e-14
1.7675,1.8197261867497425e-12,1.5576326357712905e-12,7.3903165173678341e-13,2.0386836624546113e-12,1.0789184482720867e-12,4.4521260478176837e-13,-7.6072091732429173e-14
1.77,1.9504601339489514e-12,1.3580050649614378e-12,7.3106111505187062e-13,2.3215208231444966e-12,1.3019458576902789e-12,4.9798770806403593e-13,-3.5349163555486227e-14
1.7725,2.0207996817980048e-12,1.2903811906204065e-12,7.4559835027957961e-13,2.5554848737366362e-12,1.1552041597883684e-12,4.1953038087300946e-13,2.58518539750952e-14
1.775,1.9316423276932328e-12,1.2227101709263504e-12,5.9037473802699962e-13,2.7918137792297276e-12,1.4453978563943641e-12,3.6839966908697244e-13,-1.8419836578582787e-13
1.7775,1.9973431820521556e-12,1.217292703415027e-12,6.0796988850956457e-13,3.182279562086874e-12,1.3562450769306109e-12,5.4520358456198784e-13,1.5798783180906986e-14
1.78,2.0668422460976198e-12,1.1224470101595359e-12,5.1231315400051905e-13,3.4320785652794218e-12,1.238004426311684e-12,4.4205869408440643e-13,-1.2716260586398253e-14
1.7825,2.095408408610065e-12,1.0391865253556543e-12,6.3183248073677014e-13,3.6747723949757266e-12,1.2978119545801156e-12,3.535867296348317e-13,-1.2301968734574918e-13
1.785,2.1609041070743541e-12,1.0406983972805321e-12,6.3079446339105985e-13,3.9693079388900158e-12,1.130176715370404e-12,4.3313938851156682e-13,-4.1037295407945207e-14
1.7875,2.1205624821136351e-12,9.7739272911236224e-13,5.3057629248436765e-13,4.3650088075911119e-12,1.2611509269006788e-12,3.5598478808932327e-13,7.4222963319815004e-14
1.79,2.2714688600654592e-12,9.6203850991688696e-13,6.350590210409007e-13,4.5169799061712326e-12,1.3387465713115279e-12,4.4304925579347273e-13,-1.6290863574012299e-13
1.7925,2.2488463971506794e-12,1.0190699808624831e-12,6.1072597131989099e-13,4.666594051075343e-12,1.2110564688151515e-12,5.364916916822555e-13,6.5321697561105791e-14
1.795,2.2103185442003271e-12,1.1278167444455093e-12,6.0136277280052308e-13,4.7690616254442643e-12,1.2730104277142424e-12,5.0849546064226878e-13,2.2179582433302993e-14
1.7975,2.087285673185705e-12,7.3691622123310905e-13,6.8519291879738234e-13,5.0229079749998353e-12,1.1015350506782971e-12,2.8993456193366206e-13,8.305473305747899e-14
1.8,2.2876393976009902e-12,9.9720106040284576e-13,8.3302003478077939e-13,5.1641347487711849e-12,1.4322104612589545e-12,5.5789337242258911e-13,7.2608208933961708e-14
1.8025,2.2048442616244743e-12,9.7728085168488122e-13,1.0150687037840753e-12,5.2196636052141755e-12,1.1636912586031257e-12,4.6504262692204716e-13,5.7846858206035599e-14
1.805,2.3072110254969764e-12,1.0838726977048144e-12,1.2967375488778081e-12,5.1361885151233113e-12,1.1959755586346078e-12,4.4179276595915149e-13,-4.6942435849347986e-14
1.8075,2.1527560153006521e-12,9.6307103154259358e-13,1.3249661136386815e-12,5.3302656691980445e-12,1.1489868365272749e-12,4.6332449939375139e-13,2.0166431969771944e-14
1.81,2.2702743722655892e-12,1.1505150354539221e-12,1.6815296503866738e-12,5.2495781723321504e-12,1.0454283362101063e-12,2.5407985145100957e-13,6.0401481613826281e-14
1.8125,2.361862203333669e-12,1.1915389918689957e-12,1.9952932537758092e-12,5.2498750193945316e-12,1.1247111744628656e-12,3.7105140596978345e-13,6.5121765849831607e-14
1.815,2.1648491038832316e-12,1.3677635475844525e-12,2.5308824190035008e-12,5.2899297556322479e-12,9.7048693425800381e-13,4.443740406816689e-13,8.8149743850068873e-14
1.8175,2.0831243203456419e-12,1.3875497337260122e-12,2.7761221237123974e-12,5.1598259066659564e-12,9.8243450345637425e-13,3.4245576536020109e-13,-5.8596300219904186e-14
1.82,2.1614538836434167e-12,1.6163718982670285e-12,3.2186387233584082e-12,4.7875820039939338e-12,8.6767982137759404e-13,4.4233500768481642e-13,3.6261478567860008e-14
1.8225,1.9698422756434986e-12,1.8085887249683625e-12,3.7121553394827809e-12,4.9944800985613083e-12,9.443968552341078e-13,3.5086586481106734e-13,-6.800328602356584e-14
1.825,2.1805549420698187e-12,2.0639694340797437e-12,4.0758129398804698e-12,4.7330806518699927e-12,9.7725258208719602e-13,3.9830023911284525e-13,-7.9022041384145883e-14
1.8275,1.9018542512816954e-12,2.3753166928938494e-12,4.5145201325785449e-12,4.4937450752137647e-12,7.6585178679360354e-13,4.9962360123826545e-13,-1.7540258001103867e-14
1.83,1.8702238845737726e-12,2.5695519277422738e-12,4.8317742720939499e-12,4.2918186242442996e-12,9.243037275765904e-13,4.1624692245297141e-13,-1.0810445993745822e-13
1.8325,1.9814263529911985e-12,2.82312329825036e-12,5.0653634183671897e-12,4.1368776988503162e-12,8.8499462220024222e-13,1.7844370871935078e-13,-3.8642264957108758e-14
1.835,1.8241476421784284e-12,3.1551886402441701e-12,5.3403379992345743e-12,3.9538142650719341e-12,8.0462936133008632e-13,3.9489725319985065e-13,2.0682685309039411e-14
1.8375,1.7374487995149407e-12,3.3236898407732375e-12,5.4541514338878644e-12,3.6843614532960646e-12,7.5991476176897395e-13,2.7883312566657481e-13,-1.508114680362403e-13
1.84,1.7046529860260055e-12,3.4924964297772603e-12,5.4150386702510781e-12,3.393176591020683e-12,7.2223653654995275e-13,3.4395726262186683e-13,-2.9996685100796439e-14
1.8425,1.6320176402096601e-12,3.5163503203664838e-12,5.2900210921542149e-12,3.349951127787186e-12,6.8978296704998613e-13,3.7335809512983869e-13,-5.7977237374712093e-15
1.845,1.63572023044544e-12,3.7225089587936596e-12,5.2744802311952755e-12,3.1040171621928744e-12,8.4604961671014575e-13,2.5373883140426491e-13,-1.9373575258051807e-14
1.8475,1.5020168067843557e-12,3.8933651453365468e-12,4.984401500628325e-12,2.9376928310998849e-12,6.7692532439871659e-13,4.7165717758384194e-13,7.0488082533275566e-14
1.85,1.5486242839787812e-12,4.1107836802246715e-12,4.6659098454742374e-12,2.6975517546977531e-12,7.7280458478930149e-13,2.6707878702133749e-13,-3.277918206029485e-14
1.8525,1.5609597492502491e-12,4.2147649751002465e-12,4.2081685428742665e-12,2.538433621799781e-12,8.6211905315451569e-13,2.0301862188413063e-13,8.1911977293791181e-14
1.855,1.4329296516023345e-12,3.8803542447269754e-12,4.1523412231280587e-12,2.340969109074539e-12,7.8676004999255235e-13,3.0292775826830749e-13,4.7764334997941962e-14
1.8575,1.2440861619209964e-12,3.7259977793264571e-12,3.9199176867473618e-12,2.2450623922334634e-12,9.7761997764842877e-13,3.0528974090365961e-13,8.8968533704159525e-14
1.86,1.3775562530312204e-12,3.7997884271283476e-12,3.4876997053597426e-12,2.1647331493800968e-12,1.0883577878210189e-12,3.3530320453812143e-13,7.891353795531716e-15
1.8625,1.4309358924598287e-12,3.5923262969985394e-12,3.2165723004316401e-12,1.8865529300941417e-12,1.0590456733055132e-12,3.8388975536372278e-13,-1.1474870270976586e-13
1.865,1.4127128635679863e-12,3.5775243512619314e-12,2.8474230799629938e-12,1.7936257105242291e-12,1.2467586177239089e-12,3.7512050996664796e-13,1.036736408071317e-14
1.8675,1.3860723149723725e-12,3.2875392219861738e-12,2.4756659938445405e-12,1.5968282993215429e-12,1.4528069163978685e-12,4.5361478810549395e-13,-4.8901776840430984e-14
1.87,1.2801262949352668e-12,3.1488664845551737e-12,2.2152314007289352e-12,1.3909302250111806e-12,1.4939886535270095e-12,4.22027276995693e-13,6.8628247488657376e-17
1.8725,1.2615404910192401e-12,3.2061905804327345e-12,2.1574633155887379e-12,1.3665389541365741e-12,1.7566896893486021e-12,3.93704368508527e-13,3.83869183206895e-15
1.875,1.266734377609784e-12,2.9094781195726854e-12,1.9660049932146297e-12,1.1977434748035364e-12,1.6969849265941022e-12,4.2252205281223134e-13,5.992170756355765e-14
1.8775,1.3277813107402508e-12,2.6921488903437809e-12,1.6202277322014174e-12,1.1235286909255175e-12,1.9370686434870149e-12,3.2515703573217938e-13,-2.8962982894753999e-14
1.88,1.3872875803848396e-12,2.6932122578199778e-12,1.5332516566677574e-12,1.1023928307356996e-12,2.0776501502963078e-12,4.0963417627812383e-13,-8.9791869060374933e-14
1.8825,1.4804598266378324e-12,2.1866946836532233e-12,1.3839339661925639e-12,1.0055094752216411e-12,2.3501195557229208e-12,2.9564983930738365e-13,-7.0339570598633126e-14
1.885,1.5264379178028791e-12,2.2089578746940642e-12,1.2017833851951833e-12,7.5677327289598724e-13,2.5511945379636549e-12,3.6759046035707903e-13,-4.1912022515915988e-14
1.8875,1.6732773197649821e-12,1.9741560135576468e-12,8.1357374591272397e-13,8.5913493845967412e-13,2.7576736051032956e-12,3.2818912122307493e-13,1.4283083904947613e-13
1.89,1.6013219778159617e-12,1.8389575940214543e-12,8.8776740490263222e-13,7.8681430439551541e-13,2.836832757916993e-12,3.4902305870457724e-13,-1.3628738497814086e-14
1.8925,1.338344655776323e-12,1.839251369206817e-12,7.0672835786502018e-13,7.5369116808346253e-13,2.9603028712180707e-12,5.003604504335156e-13,9.253181427695268e-14
1.895,1.5654572838407773e-12,1.5239826067068681e-12,6.6106079834057226e-13,7.6000334291164528e-13,3.1228424379936756e-12,3.9288793352050433e-13,-1.2979052783030476e-13
1.8975,1.5794724488101275e-12,1.4988843061873748e-12,6.8599529598970916e-13,8.0275725767234912e-13,3.298644235274165e-12,3.7152258702872298e-13,2.5135778761322759e-14
1.9,1.6496975071443122e-12,1.3432935081140907e-12,5.1977156392281428e-13,7.4388209277860749e-13,3.2194817741752106e-12,4.4719556265838127e-13,1.5216182765450879e-13
1.9025,1.7684694649885974e-12,1.2312783715779228e-12,6.6604395057338734e-13,8.7259724063052093e-13,3.4616848821257585e-12,3.5554066413668816e-13,-1.271186371445586e-13
1.905,1.8436030181858045e-12,1.014485218685416e-12,5.6817464389428652e-13,9.2459018135837793e-13,3.5948063181373276e-12,3.6942500984941577e-13,1.8600022691950681e-13
1.9075,1.8331770676069331e-12,1.184946658731824e-12,4.9011517387499072e-13,8.3376318376957376e-13,3.5948287279200239e-12,3.6542508113428294e-13,8.7481015073621634e-14
1.91,1.9471680986273941e-12,9.5756535649678646e-13,4.1324614598859108e-13,1.1452399455348072e-12,3.5853223960233148e-12,3.6514070695011761e-13,1.7440581584316381e-14
1.9125,1.8304051421918218e-12,7.6369359219946449e-13,4.2945935783522485e-13,1.1336779585563216e-12,3.6451148491702902e-12,4.0924876590705237e-13,2.0570991320985312e-14
1.915,1.9942950295209012e-12,9.3374240624156885e-13,4.1284853619552746e-13,1.5233531578006052e-12,3.5480654338491285e-12,4.4173975090981497e-13,-7.8695719093511953e-15
1.9175,2.1362009656896115e-12,8.5581460737429769e-13,2.7642558220426647e-13,1.4444471111485017e-12,3.6535086782508815e-12,2.3522329188522619e-13,-1.1487707043112002e-14
1.92,2.0000893001552678e-12,9.1473759588678768e-13,4.2998447888245209e-13,1.7411329677868643e-12,3.6084292432724995e-12,4.2594640467134974e-13,2.7113100633689884e-14
1.9225,2.1148028066796553e-12,7.4586326662010553e-13,2.7649401732933624e-13,2.0900457106929714e-12,3.7067807827825463e-12,3.3481019253139542e-13,5.6990386850903034e-14
1.925,2.164430106365883e-12,7.597256864013467e-13,3.8793079056439241e-13,2.2688785430403058e-12,3.5521252989683723e-12,4.195667683785068e-13,-4.200984524538133e-14
1.9275,2.155426701578019e-12,7.2619542839223201e-13,2.7648028473330149e-13,2.564046166398148e-12,3.5548126825242374e-12,3.8478392042889487e-13,2.5658640166695605e-14
1.93,2.056762059775029e-12,6.9081988456129801e-13,5.248086341682954e-13,2.7001054006542999e-12,3.45680758828654e-12,4.4667327984715528e-13,-1.2629481389957037e-13
1.9325,2.1917856479135272e-12,7.7319577123936184e-13,4.9316165172552272e-13,2.8559263329621855e-12,3.2373990342094131e-12,4.6517478760867758e-13,2.4778020146610278e-14
1.935,2.1866488150869697e-12,8.566994821485226e-13,5.7426451531154378e-13,3.2061628777763184e-12,3.3093207045985005e-12,4.3061715627854148e-13,2.7357495135642575e-14
1.9375,2.2619524269079113e-12,8.7639167891248556e-13,4.636144598379231e-13,3.5458042662968036e-12,3.0958496107707254e-12,2.3147807459057406e-13,-1.9090528438119845e-13
1.94,2.1534874664791468e-12,5.8120907829125944e-13,7.2114637626944258e-13,3.5073513313011432e-12,3.1618371629330506e-12,2.8827563705703894e-13,-8.641221408508578e-14
1.9425,2.1407344819430387e-12,8.6013877453601722e-13,6.9765815264324709e-13,3.6284136687492449e-12,3.1245411441887939e-12,3.1735580810674656e-13,-2.3518657193999876e-14
1.945,2.0990266562218424e-12,8.0937584276841808e-13,8.7209918890791555e-13,3.7353046790100354e-12,2.9731972829905824e-12,2.2315812457644027e-13,-1.158472724123782e-13
1.9475,2.0654994052591454e-12,8.4097996477415901e-13,1.0912303625709418e-12,3.7359688359103556e-12,2.7743964128124694e-12,3.084653104693634e-13,1.2612258595005059e-14
1.95,1.9790025717408189e-12,9.8116829315850505e-13,1.2387957116516642e-12,3.870219564516692e-12,2.7544343086000192e-12,2.3843986890486449e-13,4.5858688864791263e-14
1.9525,2.1624580096870517e-12,1.1603950818339812e-12,1.4410291825796784e-12,4.010628341578034e-12,2.652837830517782e-12,4.1424070626838817e-13,1.2082590229598144e-13
1.955,1.8593788278271986e-12,9.8221565356584268e-13,1.8957804446531704e-12,3.988000220834613e-12,2.5549513266621319e-12,3.3890498910349245e-13,-4.0451810330870929e-14
1.9575,1.8760763441329337e-12,1.3917847346698121e-12,2.1731407578440655e-12,4.0278420608234987e-12,2.4629180204426697e-12,3.8479606047832781e-13,1.0181402346859397e-13
1.96,2.1021621478450249e-12,1.5020424084531737e-12,2.569432543463028e-12,3.9111570515576627e-12,2.3643897135493146e-12,3.3487344500373437e-13,-1.9944218896410601e-13
1.9625,1.9109683191778668e-12,1.8084200747710377e-12,2.9043534690263854e-12,3.7757651164298024e-12,2.1751469717839124e-12,3.1897368055589819e-13,4.3014112152324032e-14
1.965,1.8057931009715871e-12,1.9594649959220386e-12,3.1413669984980192e-12,3.7790796109889012e-12,2.0852140951869831e-12,3.4203599819984707e-13,-2.7529619819817249e-14
1.9675,1.7108478450986787e-12,2.2144668758861679e-12,3.4458652266521994e-12,4.0130613155642771e-12,1.8815284709721065e-12,1.4398318274920173e-13,1.0989530543198371e-13
1.97,1.7347465633908223e-12,2.3535467397525993e-12,3.8555524655405199e-12,3.5546037728296626e-12,1.9300455248750926e-12,3.666370486980211e-13,7.1434849858927628e-14
1.9725,1.7718986459173683e-12,2.7442593801268989e-12,4.0601461437551794e-12,3.5660347136298683e-12,1.8022554171761776e-12,2.7705670763054097e-13,2.738974971367511e-14
1.975,1.5752727036625525e-12,2.8487708997144077e-12,4.1486718779230234e-12,3.4538145814744271e-12,1.7400504667567358e-12,2.716955469723934e-13,-1.8927356091425682e-15
1.9775,1.4769024330704544e-12,3.0722960654605092e-12,4.2087400382436226e-12,3.35720556837599e-12,1.6047503191147977e-12,3.2758074864372155e-13,2.1141553488343078e-14
1.98,1.4684558358234935e-12,3.3103089893184238e-12,4.2839098850083494e-12,3.0680660570503237e-12,1.4965600840040109e-12,3.1587204785524676e-13,1.5997082457180188e-13
1.9825,1.6119946886187579e-12,3.3981643840735035e-12,4.0890002248483046e-12,2.9000903461625918e-12,1.3950026998976786e-12,4.0009216164441383e-13,-1.0322090487529195e-13
1.985,1.5399006166426961e-12,3.6691380048239496e-12,4.0505041800843595e-12,2.6758891693179386e-12,1.5443325900566624e-12,2.8198062947270813e-13,2.2110939304041692e-14
1.9875,1.4006866513019658e-12,3.6191934323902029e-12,3.936869656147001e-12,2.5895168692765268e-12,1.4336462865060312e-12,3.267906769480627e-13,1.413278865674939e-14
1.99,1.3508935025080667e-12,3.6576353785318515e-12,3.6730523048429459e-12,2.4940419908885455e-12,1.5370717976668493e-12,4.2379969087750743e-13,-1.3072704605052035e-13
1.9925,1.3372996129202071e-12,3.5705687292340846e-12,3.4175901763659715e-12,2.2859489683901978e-12,1.4167998766487573e-12,2.9518145314246893e-13,1.2253685359901649e-14
1.995,1.3198389192152254e-12,3.5530840006999797e-12,3.2040985884309413e-12,2.1096053644955285e-12,1.3777911088712228e-12,3.3540663494419069e-13,-5.8601738197995e-14
1.9975,1.1103435131362161e-12,3.4999580937367872e-12,2.8920331921883757e-12,1.8743413760089974e-12,1.449570011803353e-12,3.3065320673377125e-13,7.7430328337165483e-14
2.0,1.1508653077193123e-12,3.3033161604104435e-12,2.5456271524585107e-12,1.8290589620174646e-12,1.4470171333924571e-12,2.4180797125839844e-13,-1.1409287733316754e-13
2.0025,1.1522364167107571e-12,3.1281772280808214e-12,2.4103647825920965e-12,1.5804625081843743e-12,1.3983479644912398e-12,3.5157353274210478e-13,3.6794310104174258e-14
2.005,1.4159160045409473e-12,2.8027459232883198e-12,2.1571999729240785e-12,1.482925035580713e-12,1.4051451765653577e-12,2.7662202937225204e-13,9.5486594266184679e-14
2.0075,1.1629107328266765e-12,2.677530905459297e-12,1.9440328644504113e-12,1.3397727750004833e-12,1.5747259868192451e-12,2.8322004027912239e-13,1.2108535818885192e-13
2.01,1.1446341742652315e-12,2.5129514363778973e-12,1.8147941190912618e-12,1.3797858753003976e-12,1.6284100677868984e-12,2.3752470563483584e-13,-4.7901820269913722e-14
2.0125,1.3257220060772526e-12,2.2876528194578659e-12,1.6217522293187796e-12,1.2241914611380609e-12,1.8125556277625805e-12,3.4141499133623867e-13,-1.2047175451711841e-13
2.015,1.3377476503297041e-12,2.1924018939620061e-12,1.2907669881131345e-12,1.0613520238161077e-12,1.8487251397243944e-12,2.8247418493953284e-13,2.5172610598329444e-14
2.0175,1.381762153121388e-12,2.0663974027196033e-12,1.1857675419235265e-12,9.9487616583520506e-13,1.9751195018428973e-12,3.7097572247452197e-13,-2.5487440514399789e-14
2.02,1.3193640576838393e-12,1.9251834948960303e-12,1.1056559803217241e-12,9.0547020910383491e-13,2.1900013410338696e-12,3.7857138113589225e-13,2.5650646703837827e-14
2.0225,1.443975783351639e-12,1.7292310671564532e-12,9.3083213695670471e-13,6.6009816810454612e-13,2.2003929726063225e-12,5.5281791805276669e-13,8.8127744773637986e-14
2.025,1.315586522163581e-12,1.5653713045007834e-12,8.7621923376932874e-13,7.8072561101887075e-13,2.1226994349701314e-12,3.450415188952398e-13,7.4699406446976155e-14
2.0275,1.528133897810429e-12,1.4490533898578568e-12,7.0457476095872434e-13,6.654467059577749e-13,2.3334008430507097e-12,3.7687216882071827e-13,1.1212689584983907e-13
2.03,1.444406897838599e-12,1.451245681364614e-12,6.2875548496235888e-13,7.4818602152824117e-13,2.3939287813168841e-12,2.285383464444883e-13,4.4309387941582268e-14
2.0325,1.4281793260952555e-12,1.2813265013727874e-12,5.3986233047146322e-13,6.4475329282337327e-13,2.656639195303461e-12,3.0161026681690998e-13,-6.5202209705649007e-14
2.035,1.6926681843393799e-12,9.2553294219976728e-13,5.7813120519552967e-13,5.6014661407094145e-13,2.6145678643458529e-12,4.1633335818390573e-13,-3.3590041334518856e-14
2.0375,1.7095268542241207e-12,9.1965578400736349e-13,4.0096397549169038e-13,4.7781331333493458e-13,2.7559899877316544e-12,3.0731619940259604e-13,-2.7352602796066967e-14
2.04,1.7865135461952342e-12,9.6114713211703246e-13,4.5888462516143008e-13,5.7841833682744392e-13,2.8778296891605496e-12,3.0854951114635341e-13,1.0842103361346658e-13
2.0425,1.7396118697649112e-12,8.1472737410823175e-13,3.3243183933140789e-13,6.7450816594296529e-13,2.8202536410023695e-12,3.2152446791257741e-13,-2.8900794645208392e-14
2.045,1.831959661371489e-12,7.6039587017084851e-13,2.7198575028240019e-13,7.1723031575145377e-13,2.9900179893132864e-12,4.0557244327304208e-13,-8.7612019706888426e-14
2.0475,1.8731523042645087e-12,8.5388740089935326e-13,3.9229926566905518e-13,7.1052482313508106e-13,2.9172993246199668e-12,3.1034969372678907e-13,1.433672264416964e-13
2.05,1.7332307537507177e-12,7.6897505899446056e-13,2.4350108289042804e-13,6.6657225343567402e-13,3.0167525751252645e-12,3.1122838232822917e-13,5.0428711334569811e-14
2.0525,1.9393298680862018e-12,5.0756081331447945e-13,3.4689905540220745e-13,1.1161389031844029e-12,3.1275353914987591e-12,3.2997611707832882e-13,-3.5709924665717592e-15
2.055,1.9010434551945171e-12,6.8107172813298093e-13,3.157730233190709e-13,1.0340619444008852e-12,3.097631402806911e-12,2.7854097431566834e-13,-7.2027262184255994e-14
2.0575,1.9832956623330862e-12,7.3702180302138205e-13,4.0387174404441937e-13,1.1268444669915203e-12,3.2819818279145313e-12,4.0633989026879929e-13,-1.2225140020198051e-13
2.06,1.9772152294349014e-12,4.9546935044098262e-13,3.9045663940323375e-13,1.2990284431614227e-12,3.2674865569876008e-12,4.0999594460212371e-13,-8.3392679956335112e-15
2.0625,2.0862639195461485e-12,4.9671255686434818e-13,3.9920429732856666e-13,1.5487374123382955e-12,3.1428218849241588e-12,2.6898297624274156e-13,-5.4251308444433796e-14
2.065,2.137769156995819e-12,6.1413242390648532e-13,3.1183993250013287e-13,1.6455589375483461e-12,3.2537071522813377e-12,3.521793771258042e-13,2.6954876040897472e-14
2.0675,1.9725665141976278e-12,5.6197923695582053e-13,2.5941001156501303e-13,1.7967939032717516e-12,3.3423854402936382e-12,3.6633939050495237e-13,1.6998482830018119e-15
2.07,1.96685792603782e-12,5.1149147043573826e-13,1.8325544591271154e-13,2.2004756336386121e-12,3.2361820996927929e-12,3.0954810997424949e-13,8.9935945427198836e-14
2.0725,1.9379558877418094e-12,6.0319357824310813e-13,2.883000187015541e-13,2.2406822431412936e-12,3.287887581793509e-12,2.0648559294242435e-13,-3.5372721740959757e-14
2.075,2.1219521166064011e-12,5.2312615643983787e-13,4.2302920576054284e-13,2.259491425721718e-12,3.43227947999089e-12,4.240884208932841e-13,-2.3498045529229161e-14
2.0775,2.0032740212199463e-12,5.9614275417932509e-13,5.1331783670205843e-13,2.3807428830744018e-12,3.5085311891570723e-12,1.6982849640647217e-13,-5.74544450607681e-14
2.08,2.0011441633944659e-12,5.7368473067090757e-13,5.2214195365827901e-13,2.6351606841667298e-12,3.2668622326837778e-12,3.0747013692703852e-13,3.5948817312054781e-14
2.0825,1.7974590204423335e-12,7.970755337900151e-13,6.7352072593043688e-13,2.6226222518793714e-12,3.3056142211005289e-12,4.639610328532327e-13,-4.2038264290681682e-14
2.085,1.7400823937037675e-12,7.155407247521747e-13,8.2404799214030699e-13,2.7245509195270498e-12,3.3788962309867188e-12,2.7604676611433779e-13,-6.0719222213778926e-14
2.0875,1.8409733363783054e-12,7.5125292616880129e-13,1.0313164072218724e-12,2.8543349765060031e-12,3.307482303712251e-12,2.7491172693799393e-13,-3.6142370952191035e-14
2.09,1.7287500890978865e-12,9.7126358959391896e-13,1.2339365261424878e-12,2.9295079893750183e-12,3.1598485248660299e-12,3.7820115160631397e-13,-4.9396450775926077e-14
2.0925,1.7790082947539092e-12,9.2122106975227895e-13,1.6360704472591887e-12,2.9517871765628288e-12,3.0143649898135439e-12,3.6963138566927377e-13,-2.5241439301250191e-14
2.095,1.6046789171121949e-12,1.2343652249836892e-12,1.7714585897393568e-12,2.9482507824789791e-12,3.1073498547824574e-12,2.0733524323886048e-13,-1.4549768973448634e-13
2.0975,1.6610739854332523e-12,1.3528127293891184e-12,2.1709825801357826e-12,3.0029617113832429e-12,2.9329514803210622e-12,3.2100080665895595e-13,-1.2647507171186353e-13
2.1,1.645116554078066e-12,1.7272647822892678e-12,2.381698683416e-12,2.9036553732588344e-12,2.8793669731553541e-12,2.5001501677291715e-13,-1.0304857832158468e-13
2.1025,1.728358367370374e-12,1.8739296485623376e-12,2.7185389705162288e-12,2.9330603199090973e-12,2.6779711578188973e-12,2.2999772271694125e-13,-4.79907407944524e-14
2.105,1.6195702639290113e-12,2.1006533628884771e-12,2.8819645023810161e-12,2.8728016036799942e-12,2.5780362970412287e-12,3.787936330778132e-13,-1.6121281657612753e-14
2.1075,1.5082929778752644e-12,2.4104743924609196e-12,3.0589371666429182e-12,2.8269075322298941e-12,2.5010969036905953e-12,2.3251351822686794e-13,2.5728622470183374e-14
2.11,1.4384598382162782e-12,2.6633260816512837e-12,3.2852424264362639e-12,2.9689638047747342e-12,2.3889882991205197e-12,3.4826600195885114e-13,2.9297859243334357e-14
2.1125,1.5374869929623034e-12,2.6995276535649317e-12,3.3280305642654315e-12,2.5518617762846497e-12,2.2721451292085784e-12,4.358949517965286e-13,-1.3563463910981826e-14
2.115,1.3574394008143789e-12,3.1106054249357917e-12,3.4326924495700476e-12,2.5488330313115968e-12,2.0856945633925061e-12,1.916809270103018e-13,1.8059208997684401e-14
2.1175,1.3184218350643762e-12,3.2603281290233954e-12,3.4337054363634479e-12,2.5944027547956369e-12,2.0502883753617538e-12,2.8473317142495281e-13,4.663486235984286e-14
2.12,1.3932623342565661e-12,3.3139399957862869e-12,3.4601332673569977e-12,2.4695752424483953e-12,2.0910552879372097e-12,1.4966214379827333e-13,-1.2364835655930163e-14
2.1225,1.1225522790335082e-12,3.2694845976579845e-12,3.249171611819621e-12,2.2501000443328514e-12,2.0628964413605884e-12,1.9792214119937092e-13,-8.3760293140592007e-14
2.125,1.0815016450451024e-12,3.4661869703262353e-12,3.0440653596021122e-12,2.1306642378126607e-12,1.7083928440825609e-12,3.3046822128056227e-13,-1.0026658168546394e-13
2.1275,1.1845415952119874e-12,3.566583002156798e-12,2.951069622983154e-12,1.9466906302786406e-12,1.7494733893855632e-12,2.5096937531273383e-13,7.5710269707505638e-14
2.13,1.1287757978443095e-12,3.1826937637868549e-12,2.7524463192714826e-12,1.8156258597110269e-12,1.6579612305006166e-12,1.5370718165030094e-13,1.7499788664478948e-14
2.1325,1.1180826852620703e-12,3.1261232075235335e-12,2.5095931251322958e-12,1.6422182215517012e-12,1.6631563167459789e-12,1.9997140662717624e-13,-1.342936663125909e-13
2.135,1.2814495024683864e-12,2.9112334492751364e-12,2.3070071470922064e-12,1.6169094285308341e-12,1.5328851022374243e-12,2.2761251649368279e-13,1.2204451007847993e-14
2.1375,1.2211867230295648e-12,2.89460255298715e-12,2.1131819462871057e-12,1.6979568012226367e-12,1.4765670628034254e-12,3.0105229815911523e-13,-5.1992828824270987e-14
2.14,1.2269069018983467e-12,2.662777683401711e-12,1.9420322429470397e-12,1.4349674407533636e-12,1.3883199116953225e-12,3.5370995728003771e-13,-3.3346334978230388e-14
2.1425,1.104086446075512e-12,2.3886278316291769e-12,1.8852889191919385e-12,1.2987819036991373e-12,1.3290059486259107e-12,2.7746903863803298e-13,1.1538994665377131e-13
2.145,1.2179825451149014e-12,2.2427777470872521e-12,1.6675405396347513e-12,1.3358890827694738e-12,1.3147179635600743e-12,3.3365846225265258e-13,8.4438054844453209e-14
2.1475,1.15888704800136e-12,2.0384177731194574e-12,1.4597626090690016e-12,1.1079388278229927e-12,1.22553663038114e-12,3.7467643451926641e-13,-4.8195814872094852e-14
2.15,1.1734813348874598e-12,1.9382958356163013e-12,1.2547659637224148e-12,9.7323678491215896e-13,1.2935133192654328e-12,1.4711515258775885e-13,7.5890310545105031e-15
2.1525,1.1229048577268823e-12,1.6713101683453982e-12,1.093830117046672e-12,9.8964870369560042e-13,1.4056209083505391e-12,3.7206364174291361e-13,-8.3104216301045647e-15
2.155,1.282539824656732e-12,1.5167984400653438e-12,9.6118318674653274e-13,7.4597478068649849e-13,1.4089292102471107e-12,3.1254993384680093e-13,3.4415009840462862e-14
2.1575,1.116024450279656e-12,1.6056023525558749e-12,8.9905860895817853e-13,6.2463103711271188e-13,1.3414188563878521e-12,1.8805265350266806e-13,4.752505244057876e-14
2.16,1.3601391016805442e-12,1.1771162326297855e-12,6.4038643946644795e-13,6.6589165080528976e-13,1.2406825246861756e-12,2.5648305668300631e-13,5.1087318278702049e-14
2.1625,1.4706735750203296e-12,1.1709007805611585e-12,6.4416805474343012e-13,6.5826890330081572e-13,1.4154941023772557e-12,2.8656652505366018e-13,-4.8415688897328867e-14
2.165,1.3778003858874747e-12,1.092341028986667e-12,5.4127831518330002e-13,6.6421356511814315e-13,1.4827156633375364e-12,1.9845686099927407e-13,6.9722263776429121e-14
2.1675,1.5695480820784222e-12,8.4857488107488427e-13,4.748269526233337e-13,4.4286693528300461e-13,1.5466145167071319e-12,2.1149471569773261e-13,2.1608309840916262e-14
2.17,1.3912664969274008e-12,6.9068698603582189e-13,4.0461794594816459e-13,4.4546084479751659e-13,1.5745633327344427e-12,2.6149127549808123e-13,-1.4887085562399693e-13
2.1725,1.6659233530588864e-12,5.9483620838735084e-13,3.14432416308233e-13,5.3737344395350807e-13,1.5991856361508784e-12,2.6453984294918164e-13,1.5370240922740419e-13
2.175,1.709787028508115e-12,7.0661146236584093e-13,2.378255013114383e-13,5.1923570151557104e-13,1.6177418576755529e-12,3.5747516231569376e-13,2.2006425971917567e-14
2.1775,1.6457718574157023e-12,6.3462490032758854e-13,2.4463819070032874e-13,4.3425649997667345e-13,1.7315556752792186e-12,2.9147268864982549e-13,-1.7029176870748399e-13
2.18,1.8194297871569591e-12,4.8154002924524782e-13,2.1158552745796732e-13,3.8146697379670799e-13,1.9334047095564448e-12,4.2683154623340743e-13,-1.322678212491059e-13
2.1825,1.8147692410989325e-12,4.5849828167984123e-13,3.9470234660523786e-13,6.0799643215820533e-13,1.7539791127339102e-12,3.8475788663212624e-13,-3.0718469622192505e-14
2.185,1.8978389862715028e-12,6.0473554326368581e-13,1.9059772482511594e-14,5.7898327823742689e-13,1.8365053335763249e-12,2.2705926991484325e-13,-6.972985672892498e-14
2.1875,1.7473193833732397e-12,4.7595506744273717e-13,1.4684669272469189e-13,6.0879668337795181e-13,2.0375862183327226e-12,4.350915872648394e-13,-1.3584970312857383e-13
2.19,1.7844737182065127e-12,4.4138608635752369e-13,1.7172164233499555e-13,6.4677227371872084e-13,2.0713194256485037e-12,2.3030360852820909e-13,4.5608917756093599e-17
2.1925,1.9059524484768238e-12,5.2257228666382003e-13,1.6647603233030159e-13,7.6727716896719875e-13,2.2469310150845579e-12,4.4318114052999327e-13,-4.2585604703018413e-16
2.195,1.9642230887547821e-12,4.5350344802199351e-13,2.0978719145664933e-13,7.755205588024309e-13,2.1145177943592035e-12,3.3766154374020498e-13,-7.1815308076110426e-14
2.1975,1.8330110450656664e-12,4.6030970859704847e-13,8.187317002927808e-14,1.0108347501158563e-12,2.1872319967541442e-12,2.9566441891778902e-13,4.7040667552215426e-15
2.2,1.878498679413302e-12,4.5277373419723178e-13,1.9635224662966981e-13,1.1493427196731234e-12,2.4323449704303705e-12,4.0945970251067631e-13,-7.3441281325391533e-14
2.2025,1.9374980474253885e-12,4.3252129029773091e-13,2.1473786884038289e-13,1.094977656094036e-12,2.382681564611077e-12,2.4850031084856327e-13,-3.8476884490888719e-14
2.205,1.9208357968755556e-12,3.5518700843360976e-13,2.240527411190616e-13,1.4411105732454985e-12,2.4203171141311152e-12,3.4608494109503973e-13,-2.527477063582133e-14
2.2075,1.8624239854480722e-12,4.843455702968001e-13,2.1711583905153113e-13,1.4046233344941751e-12,2.5181662033491164e-12,4.0156803488886864e-13,2.3323994204376495e-14
2.21,1.850357254507084e-12,3.5991569871684747e-13,2.5807086898516504e-13,1.7690626084371603e-12,2.6150771416669467e-12,4.2376410765795268e-13,4.0387693864383057e-14
2.2125,1.893277385394702e-12,6.6317695878028175e-13,5.300618092323273e-13,1.8100769335500879e-12,2.429128773163728e-12,5.5696218277764601e-13,7.5760707454414959e-14
2.215,1.8042325603925382e-12,3.7551060203259575e-13,5.46790187897862e-13,1.8919802385234231e-12,2.6080895054051638e-12,4.0701625768466478e-13,5.7030719612732184e-14
2.2175,1.8384456700097838e-12,5.5014220296605952e-13,6.4831668232242766e-13,1.9154296780377678e-12,2.4532744165210952e-12,4.3581494082643914e-13,-8.3590681730888234e-14
2.22,1.748969331747263e-12,6.8169729142264704e-13,7.1939883615393913e-13,2.1581787364211126e-12,2.6571578780387958e-12,5.8128748872416723e-13,-6.385834698574197e-14
2.2225,1.7781160038171061e-12,7.2378512624911149e-13,9.6110451883926926e-13,2.0892057698064049e-12,2.7209683649863237e-12,4.4371875736290819e-13,8.6260961733593071e-14
2.225,1.6599872370244728e-12,7.6686547004149899e-13,1.0412226381178985e-12,2.1166597608208325e-12,2.6492673572034718e-12,5.5319206700992478e-13,5.7662022453218014e-14
2.2275,1.7270152518691943e-12,1.0121021263547883e-12,1.2740229467740254e-12,2.3818961505998497e-12,2.5888860076073434e-12,4.6100768593909781e-13,-1.6009760739074106e-14
2.23,1.4883348492216099e-12,1.0412649071528985e-12,1.4555832129097888e-12,2.5023692853592052e-12,2.6571352502627044e-12,5.5801823578059369e-13,1.350205577127952e-14
2.2325,1.4799408624681616e-12,1.2998394133893691e-12,1.8305279768969141e-12,2.3183050556183549e-12,2.6503425627431964e-12,6.1363163537872139e-13,3.9826493069710508e-14
2.235,1.5278639596889888e-12,1.3633763744341383e-12,2.10214517516705e-12,2.4240306143386368e-12,2.5449283599602118e-12,6.3715736775517514e-13,-1.5534431045507024e-14
2.2375,1.3687301815719171e-12,1.6641375962449133e-12,2.3405978427923047e-12,2.2707254074524314e-12,2.5643319115676803e-12,6.262809323772872e-13,4.7281919365455822e-14
2.24,1.3245668809687357e-12,1.9310989515377711e-12,2.5392868059974007e-12,2.3234250195597655e-12,2.4972605060663896e-12,5.530666240317183e-13,3.8067058080288453e-14
2.2425,1.3281692386403437e-12,2.1055552331213346e-12,2.6194237382020848e-12,2.347899479308841e-12,2.5388334808116857e-12,5.5952489299363362e-13,-6.718551605432032e-14
2.245,1.2560836908877725e-12,2.3764293399362535e-12,2.7099375820788787e-12,2.1916087921345576e-12,2.2694692003910872e-12,7.2059663815429669e-13,-5.4787537502635229e-14
2.2475,1.2449853453413928e-12,2.6451853020561372e-12,2.8366872715116325e-12,2.2226860496182568e-12,2.2362500833943447e-12,8.1995154717774471e-13,1.3142217249031767e-13
2.25,1.1588771782195675e-12,2.8588142019769669e-12,2.7813995897930351e-12,2.2021830283381152e-12,2.3434586749735373e-12,7.4985407884688322e-13,7.0722400903193291e-14
2.2525,1.0927687068769381e-12,2.9937762402760145e-12,3.1053199083498045e-12,2.181838535148371e-12,2.1314842082996182e-12,5.9445832788662337e-13,-1.7196808368331733e-15
2.255,1.0521398084192568e-12,3.0741318253024858e-12,2.8451062053495931e-12,1.9703232244523962e-12,2.0436117587433995e-12,7.2848362051579636e-13,-2.0040796387500989e-15
2.2575,1.1589815083523167e-12,3.0629999501060808e-12,2.8024387869983162e-12,1.9168645910991689e-12,1.9167464793350955e-12,7.6199665673760588e-13,-1.0580107036504823e-14
2.26,1.0198472269976133e-12,3.2019841677627812e-12,2.6108671911061635e-12,1.8998375544936469e-12,2.0202602203099124e-12,7.167102087455715e-13,-1.4320363872227953e-13
2.2625,1.0834364413109383e-12,3.10644926366639e-12,2.6607989421250668e-12,1.7488108298141465e-12,1.7606451744461566e-12,7.9431671494911106e-13,8.0513976478538985e-14
2.265,1.1012780064712696e-12,2.9413053479846785e-12,2.4716769455355722e-12,1.6791594895005832e-12,1.8685947768227867e-12,7.1924472731909109e-13,4.3520476283597139e-14
2.2675,1.0518805854345067e-12,2.8769053502211871e-12,2.2630735538716358e-12,1.5126356149462671e-12,1.6512659649727187e-12,8.8024634213469137e-13,-1.8072048009362081e-14
2.27,9.7498898863220174e-13,2.5883883620855396e-12,2.1199656225651856e-12,1.292223709838955e-12,1.5910697005981778e-12,8.4404451952010978e-13,4.4078261856861382e-14
2.2725,1.0779884487516409e-12,2.5671792570054253e-12,1.9204852617196122e-12,1.1993165488419288e-12,1.4941759781984977e-12,7.9203111465645768e-13,-1.5196992578683189e-13
2.275,9.7386630217662466e-13,2.3055913007621278e-12,1.7241968376395312e-12,1.2362639362268687e-12,1.5158491829939366e-12,8.7690423988220004e-13,1.1331287566671015e-13
2.2775,9.408264241382227e-13,2.1459919321839175e-12,1.5151265058440179e-12,1.076526369003667e-12,1.3846988120278783e-12,7.597587316086698e-13,1.3017775232555389e-13
2.28,1.0509653369188754e-12,1.8280194573934762e-12,1.4577233376502069e-12,1.0109076352503614e-12,1.3090596498294575e-12,6.8040056975056909e-13,1.4109667837037288e-13
2.2825,9.9430525810545186e-13,1.8110988430331787e-12,1.3153509509810455e-12,8.7406100098525176e-13,1.3906454826357012e-12,7.3048375637458629e-13,1.0319450756751108e-13
2.285,1.0079773290372214e-12,1.6382403465168526e-12,1.0735920442667957e-12,9.5816765078879204e-13,1.1993751674646693e-12,7.7979326522395323e-13,-7.8833381751597938e-14
2.2875,1.1477503754915653e-12,1.4155777148838382e-12,9.2353262676394438e-13,8.7611978033199157e-13,1.1344616279785763e-12,9.516106083441438e-13,4.6338766612987935e-14
2.29,1.1884165597334261e-12,1.0390305659206513e-12,9.0085002595442411e-13,7.1932029574896674e-13,1.2458238998994764e-12,7.6263802344690372e-13,5.0410027470339355e-14
2.2925,1.1514106127333318e-12,1.036749202415829e-12,8.5225700300859456e-13,6.4081329219226629e-13,1.1207485385204204e-12,8.5518528602244098e-13,4.1999568525355475e-14
2.295,1.1891373477399303e-12,1.0069208907462734e-12,5.4310629800697706e-13,6.9812554449774656e-13,1.2127402086439672e-12,8.5450622823775839e-13,1.2101252848443451e-13
2.2975,1.2413687413255412e-12,9.7676026763244761e-13,5.7227669574626295e-13,5.6001890254145795e-13,1.0741326458101726e-12,6.8489788980815979e-13,7.6404041306420327e-14
2.3,1.3849310695796897e-12,7.4424595896920659e-13,4.6013354979499069e-13,4.6927559892404096e-13,1.2395266202982441e-12,7.1510307633329167e-13,1.0252469477342925e-13
2.3025,1.5132744335781746e-12,7.2160444876092395e-13,2.4004436383444741e-13,4.7070778637063639e-13,1.1720012182109359e-12,7.8027844392743922e-13,9.7930482567173693e-14
2.305,1.4409114317079258e-12,7.8263086581668655e-13,4.5498755780979078e-13,4.7244773120551095e-13,1.3538731305818359e-12,6.7670200473843697e-13,9.4561042329690069e-14
2.3075,1.5303381598912283e-12,5.8392175235056215e-13,1.6952324997618746e-13,3.7782864493787401e-13,1.3315202624282915e-12,7.8462099462300766e-13,2.2073400372753494e-13
2.31,1.5914960559586363e-12,4.5131237585264573e-13,1.8023126203905583e-13,3.5891927293139682e-13,1.2732745459091345e-12,7.7073809436869719e-13,2.1676584842119636e-14
2.3125,1.7346105014309535e-12,4.7330994099472852e-13,2.2386105493684565e-13,3.1387920946776623e-13,1.3368011431909026e-12,7.4199339689226577e-13,1.9192319957973506e-13
2.315,1.7026985665080927e-12,3.8569694002638151e-13,3.7359716885420035e-13,4.0477636263714541e-13,1.4518249542302891e-12,5.8001753151864778e-13,1.3032642440584123e-15
2.3175,1.675720709578465e-12,5.5392387940008523e-13,2.0481575128776219e-13,3.5883593974109612e-13,1.45963930690429e-12,6.6771029708696287e-13,1.3953835619454367e-13
2.32,1.7933858101939135e-12,2.7654250008338901e-13,1.4174357371633722e-13,4.7484932770345157e-13,1.449712065225667e-12,6.3905719248243205e-13,1.8418948535634842e-13
2.3225,1.7818109053405997e-12,3.8737412276316756e-13,2.58982201089407e-13,6.0475509692642478e-13,1.4962864157266434e-12,7.9163240997987179e-13,1.3664741803572614e-13
2.325,1.8232117309730078e-12,3.3859844722914135e-13,2.6566994643011828e-13,5.9578098570215472e-13,1.5180442567527272e-12,8.1557004553979978e-13,7.8373788613976814e-15
2.3275,1.7982998494977332e-12,2.7148374134818745e-13,6.3094973821530456e-14,6.3456315743055998e-13,1.4195354525344204e-12,9.3795675930039625e-13,2.0981453414228847e-13
2.33,1.7302726101553246e-12,3.0504086554880141e-13,2.6332413640942153e-13,6.8769021597662122e-13,1.5825011445962353e-12,8.3160216775427594e-13,6.3128366014705045e-14
2.3325,1.7541010857820903e-12,3.9319110842193001e-13,2.5273774706719227e-13,9.0413605864354926e-13,1.6166432408828485e-12,7.5457873975093937e-13,3.3172566541111178e-13
2.335,1.8215178010660828e-12,4.3125986623306519e-13,2.9959416012273656e-13,8.1628965311636443e-13,1.6409464352270207e-12,7.4472722414313198e-13,9.5765523872648419e-14
2.3375,1.6471149978612402e-12,4.593069877895776e-13,1.8864683863684161e-13,8.9393688174930613e-13,1.7984147258633158e-12,8.9478674507293423e-13,2.765266947977032e-13
2.34,1.819057145385365e-12,3.9130596134400547e-13,2.8599698379674357e-13,9.9661343293931233e-13,1.8716557243128347e-12,8.5098577974228994e-13,1.9507221529645341e-13
2.3425,1.7421730688697748e-12,4.1811910041841468e-13,2.2425214931093793e-13,1.3016659901259607e-12,1.8773793704007957e-12,9.735440805315537e-13,7.2892399735136028e-14
2.345,1.6062288175794435e-12,3.6711377171745854e-13,3.1516341484616068e-13,1.249709390274448e-12,1.860154047236452e-12,8.4805203024129966e-13,2.5749165744809457e-13
2.3475,1.6896971632570202e-12,4.0758892659236586e-13,4.2576525213210932e-13,1.3905281132029879e-12,1.9055584117561672e-12,9.5853048885305608e-13,2.0074557245454372e-13
2.35,1.6753949709437234e-12,4.3534466587737885e-13,3.1981838097547587e-13,1.2519655150988304e-12,1.9907359060006344e-12,1.0101034795541219e-12,2.1584114748543109e-13
2.3525,1.6159419537451071e-12,5.434632586891817e-13,5.2702065507488451e-13,1.5618879085841348e-12,1.9719855398566523e-12,1.1136334292718427e-12,1.8801270495473974e-13
2.355,1.554097209283318e-12,4.4401464623869258e-13,6.066493757794292e-13,1.3750912804591148e-12,1.9868137371616054e-12,9.940618487942059e-13,1.2543844795046513e-13
2.3575,1.4417070522079408e-12,7.146274099455581e-13,8.3833038377582209e-13,1.6751407693999151e-12,2.1413520011128599e-12,1.1032179352963337e-12,2.7698195491858098e-13
2.36,1.3459282440105166e-12,8.2842112770899587e-13,1.0415796686166655e-12,1.7381403555583943e-12,2.135711945077734e-12,1.0269809382549734e-12,2.1716754061425785e-13
2.3625,1.350126938199474e-12,9.1510768683067881e-13,1.2500664106006938e-12,1.6646315326308682e-12,1.9759985911535567e-12,1.0935978958199297e-12,2.2523689922685324e-13
2.365,1.4983671885546169e-12,9.2265138708274666e-13,1.4936754689920501e-12,1.8508307661764116e-12,1.8709799130261516e-12,1.3058872361119879e-12,2.563195986570714e-13
2.3675,1.2952900610910033e-12,1.2090227398237828e-12,1.6120305755307915e-12,1.8897175710089197e-12,1.986963496318988e-12,1.2128337777902449e-12,2.6369190638589052e-13
2.37,1.1890164186797905e-12,1.4245597030144079e-12,2.0694310366556402e-12,1.9879886950551619e-12,2.12063820974689e-12,1.3970876221781463e-12,3.14682783659568e-13
2.3725,1.2870515969902332e-12,1.5765384451616732e-12,1.9944324164280834e-12,1.8563742333905559e-12,2.077909631295711e-12,1.3113856444148838e-12,1.7776551841703834e-13
2.375,1.3405831298682222e-12,1.9431564112217312e-12,2.1217681203432707e-12,1.8441276868945919e-12,2.0320856202897294e-12,1.3491429313890862e-12,2.2789744533063487e-13
2.3775,1.1455082733400527e-12,2.0579451955185646e-12,2.2842075074030025e-12,1.903645908669421e-12,1.9307123499573765e-12,1.3157775178526099e-12,2.2554909017165697e-13
2.38,1.1030905950215285e-12,2.2881970370741872e-12,2.3675841069755097e-12,1.8133560090445022e-12,1.9606692252121241e-12,1.4473887587940984e-12,3.2430621705223516e-13
2.3825,1.0997266973219492e-12,2.6199402682184191e-12,2.4299859155859741e-12,1.9549627335856448e-12,1.87209160550374e-12,1.5242055206192061e-12,2.4761321684849639e-13
2.385,1.1364690486147434e-12,2.6859550603166539e-12,2.6417769899153391e-12,1.7696922512645241e-12,1.900803220609919e-12,1.6676089607213137e-12,2.5134991268146213e-13
2.3875,1.0944242908768507e-12,2.8825135644410634e-12,2.5575171452406315e-12,1.7898437685302873e-12,1.8230932000362605e-12,1.7828758550058355e-12,2.8251686994884563e-13
2.39,1.0316917632007014e-12,2.9718447466196993e-12,2.4721318710576816e-12,1.8426877220519041e-12,1.7626501784081076e-12,1.5258995799130608e-12,4.2209875634460926e-13
2.3925,1.0283115924142154e-12,2.9413005921250277e-12,2.4050761785075337e-12,1.7318333104458325e-12,1.6457288809474616e-12,1.6137398887497264e-12,1.9480913584726657e-13
2.395,9.0468600560295601e-13,2.8725961356765663e-12,2.1466376470175434e-12,1.6362836212957073e-12,1.5757966050410631e-12,1.6905536186262981e-12,3.8868368616268137e-13
2.3975,8.5673431592593177e-13,2.7344232438773927e-12,2.2340870004458396e-12,1.510514350464439e-12,1.3414532016654413e-12,1.7777122911816325e-12,4.0985307677898926e-13
2.4,1.0080949133234529e-12,2.6787668836479573e-12,1.9503618616530115e-12,1.3568908940685203e-12,1.3101418059396505e-12,1.8515938977657383e-12,3.523303100205658e-13
2.4025,9.8718793422295475e-13,2.4439092185703867e-12,1.8359650476912544e-12,1.3590139290635948e-12,1.4030217115466719e-12,1.7645397860070755e-12,3.0418331004601974e-13
2.405,8.4283994403508372e-13,2.2967925715517242e-12,1.7964254781301165e-12,1.1397962947928618e-12,1.4561056191426802e-12,1.8673701617007396e-12,3.699223451154906e-13
2.4075,9.0554161275560781e-13,2.1416596221617916e-12,1.5355467439655714e-12,1.1330054941102419e-12,1.302009466337772e-12,2.0077668160831532e-12,4.7879209769352038e-13
2.41,7.5557245614562982e-13,1.8165493986785737e-12,1.3136038944327962e-12,1.1420325853390476e-12,1.2500494929471982e-12,2.0174607190839334e-12,4.0193671729140626e-13
2.4125,9.4018438425452359e-13,1.7124096609685894e-12,1.3991761860548976e-12,1.1026100694862307e-12,1.1933525104531559e-12,1.979537530914711e-12,5.239376852347392e-13
2.415,9.2798935311499113e-13,1.4596684885613534e-12,1.116053447740783e-12,9.90454181430984e-13,1.0899256223093873e-12,2.0074635075958465e-12,5.7461496000585522e-13
2.4175,9.322208906047624e-13,1.5377476624781797e-12,9.0593714499813784e-13,8.2163346479828183e-13,1.1444424956654873e-12,1.9442558318919445e-12,4.581487627267719e-13
2.42,1.1830409397574739e-12,1.1262833956975673e-12,1.0116763080517055e-12,8.1321731506739525e-13,9.1177274126351409e-13,2.0767511517505168e-12,3.5964314644340031e-13
2.4225,1.0490630958294478e-12,1.1267148283035422e-12,6.9541590741539039e-13,6.0435397511493925e-13,9.1022730700281606e-13,1.9933584992700925e-12,6.0788171560943534e-13
2.425,1.0070029005241162e-12,9.3664619569065829e-13,6.0373701652456074e-13,8.3549688599934982e-13,9.3866156848558317e-13,2.0269301529008532e-12,4.8490092597217816e-13
2.4275,1.1443788621405034e-12,8.53143778395534e-13,6.3700956281074756e-13,6.7366310229987911e-13,8.5031642899498339e-13,1.9737598652342421e-12,4.1370231001536584e-13
2.43,1.2692684665535287e-12,7.1995478056628949e-13,6.4077364643909641e-13,4.4589789735186376e-13,8.8742708602664888e-13,1.9970987926054643e-12,5.0104229610348613e-13
2.4325,1.174545457803206e-12,7.433767920972814e-13,3.3888398238989744e-13,5.00932507775015e-13,9.2954513465370769e-13,2.0193462669730722e-12,5.4444995476252564e-13
2.435,1.2124212796287288e-12,5.5996103882555548e-13,3.8649141925105109e-13,4.7956473645882077e-13,8.7834922948159513e-13,2.0536058801290604e-12,7.0910088388230235e-13
2.4375,1.4063104063585036e-12,4.5184282801005364e-13,4.8319041973873127e-13,2.6826796526372929e-13,8.5120013251389171e-13,2.0692505619179821e-12,6.6985932844235266e-13
2.44,1.5576224867892596e-12,4.7227867004554682e-13,3.6049939790900776e-13,4.8541996742658357e-13,1.0215563404570425e-12,1.9885879629092885e-12,5.0045989002236672e-13
2.4425,1.4467773317925482e-12,3.7739892331242561e-13,2.6259737562477098e-13,4.3989030044573295e-13,9.2249856214000148e-13,1.9622457861597118e-12,7.3426683312680581e-13
2.445,1.5865273103252971e-12,5.0036433031111434e-13,1.5100143414952077e-13,2.9773540367618908e-13,1.0258136811397676e-12,2.0202546138724391e-12,6.5159268665133732e-13
2.4475,1.5000302821898456e-12,3.5726186775225661e-13,1.3272797247446774e-13,5.0660408759921817e-13,8.8098088436135289e-13,1.9531679752142433e-12,6.4958596014539419e-13
2.45,1.6120313288322637e-12,3.092558313115459e-13,1.7210626902183614e-13,2.9604479770531067e-13,1.0150705012660693e-12,1.9723486567112946e-12,5.9240307594100169e-13
2.4525,1.7406602473197895e-12,3.3661327875185916e-13,2.2957011029141092e-13,3.4066025309272423e-13,1.1491472695417411e-12,1.7384162335448394e-12,5.2146176373676455e-13
2.455,1.6767274052702233e-12,2.861623039048082e-13,-4.9084713974813427e-16,2.7742487117930953e-13,1.0925329516135633e-12,1.8596848272316731e-12,6.9653494605208382e-13
2.4575,1.758203445856296e-12,1.6182896410688728e-13,1.6909364641617984e-13,4.5459248118277976e-13,1.068394359524043e-12,1.8300369306256032e-12,6.4690707443148675e-13
2.46,1.6350290829793136e-12,4.2403557441515766e-13,1.0577001491942201e-13,4.1060986422267711e-13,1.1056140718563725e-12,1.5799610977986134e-12,6.3741642406614084e-13
2.4625,1.716106711439818e-12,4.0205238498324367e-13,1.9663674598012101e-13,6.069333944636675e-13,1.1266438170134802e-12,1.794071435343306e-12,6.8789058157053859e-13
2.465,1.5650484361483824e-12,2.4762011913868515e-13,2.3150490332383422e-13,4.9228074512216523e-13,1.138775217894113e-12,1.6677155561075611e-12,6.1894312766954627e-13
2.4675,1.7275464249275795e-12,3.2030580175195039e-13,1.124799443833453e-13,6.9177155962420702e-13,1.3379438886249718e-12,1.7047161146290666e-12,7.4499472534898534e-13
2.47,1.6157259998995235e-12,2.4552432813416828e-13,9.1707445198352089e-14,6.58000862318458e-13,1.2751714775384387e-12,1.5771475490685969e-12,7.6852118605185617e-13
2.4725,1.7898001263464656e-12,4.632044787956758e-13,3.6306542921517702e-14,7.8769121498575119e-13,1.1430542405540052e-12,1.5765361959514124e-12,8.9552740289905826e-13
2.475,1.5291369336702953e-12,2.4570923945691605e-13,2.1253252999986784e-13,9.1517694129701709e-13,1.3506547753315076e-12,1.5508013652903038e-12,7.4110184855020422e-13
2.4775,1.6604911753688795e-12,4.5371055879405028e-13,3.3404473992354091e-13,1.1398690276026801e-12,1.3390987476571205e-12,1.6054796678232509e-12,9.3078504507169233e-13
2.48,1.5177303824933559e-12,3.4306753022212707e-13,3.9290827273757878e-13,1.1506595957663554e-12,1.394627764523222e-12,1.6003611078832581e-12,8.6639959416889992e-13
2.4825,1.5195257670559313e-12,3.430724462340292e-13,3.0832104489161718e-13,1.0635680907147205e-12,1.340450097889078e-12,1.5343942657124433e-12,7.3893540753925293e-13
2.485,1.5011482597584017e-12,4.0878344452526313e-13,4.4423488771104456e-13,1.0487629117702869e-12,1.5317171015458683e-12,1.4936842125037469e-12,8.0892795797115182e-13
2.4875,1.3500784879105915e-12,3.0419045465650688e-13,7.5714033339152146e-13,1.1877361083837901e-12,1.5233696069300933e-12,1.4843010486376994e-12,7.1906333447873167e-13
2.49,1.5531329941877597e-12,7.8246245831249174e-13,7.4615176944782703e-13,1.154780534825598e-12,1.5933178256847124e-12,1.4984577287183101e-12,8.6046302932869419e-13
2.4925,1.3928299383716163e-12,7.959173984135394e-13,9.5600325587418962e-13,1.2927708440248566e-12,1.5263103821226394e-12,1.3929873854417265e-12,8.8170150983672282e-13
2.495,1.377260656616868e-12,9.019631793092134e-13,1.1191924808505919e-12,1.4374553528516918e-12,1.567516795312781e-12,1.5496641048957182e-12,1.0038636466437791e-12
2.4975,1.2751113446364874e-12,8.4598423659348903e-13,1.3615998110007804e-12,1.4922404284618528e-12,1.5761931280770545e-12,1.440359654311592e-12,7.9967137829572369e-13
2.5,1.1236478887326336e-12,1.1333243663284075e-12,1.3937518136250735e-12,1.4741094475569555e-12,1.6556938247920085e-12,1.4958469761889031e-12,1.0269567276500149e-12
2.5025,1.2174132634958166e-12,1.209122743888991e-12,1.9465775147821632e-12,1.5998772496398807e-12,1.6291253312704429e-12,1.5879244448600621e-12,9.9378455452950677e-13
2.505,1.1829304796615694e-12,1.5892110770158166e-12,1.7628941318080225e-12,1.5576706092083783e-12,1.5973507240549896e-12,1.4051021219003644e-12,1.0119301932478412e-12
2.5075,1.0655306584477859e-12,1.7839968553277347e-12,2.0837468315115521e-12,1.6198464787801463e-12,1.5821832392688818e-12,1.4227594964390382e-12,8.7702174417611901e-13
2.51,1.0793556814564103e-12,2.0791936618702577e-12,2.1249223414339437e-12,1.5825968438465236e-12,1.7783294016628522e-12,1.4514621753432038e-12,9.3329153097457595e-13
2.5125,1.1299717192005106e-12,2.2511602667086473e-12,2.1555719905037313e-12,1.5562658924097946e-12,1.6027950458388091e-12,1.4350309940487327e-12,1.0153072964438164e-12
2.515,1.0058388108099474e-12,2.347098405938903e-12,2.2049291381191854e-12,1.6089125742269726e-12,1.6409839925569414e-12,1.5787512199583962e-12,9.3282972545331822e-13
2.5175,9.1168569287148619e-13,2.4342358125224465e-12,2.0635789667169884e-12,1.4792306647743809e-12,1.5660168902827709e-12,1.6990835259769662e-12,9.7424233234963043e-13
2.52,1.0208275726286661e-12,2.5892131046526823e-12,2.2412258755412841e-12,1.4790804974378257e-12,1.5586115846152398e-12,1.4532957236958357e-12,1.0053844162601369e-12
2.5225,1.03633027494452e-12,2.8256792706859018e-12,2.1862228003755452e-12,1.5768742825901907e-12,1.3870900978586428e-12,1.5238015076037589e-12,9.5483035422300187e-13
2.525,8.7266708283268559e-13,2.8374381256444991e-12,1.9963485064657748e-12,1.6177144433417859e-12,1.4936173351493398e-12,1.5566202570986443e-12,9.4984134579809848e-13
2.5275,9.9196046136944788e-13,2.6042959793133246e-12,2.0877821893716814e-12,1.5028902470778403e-12,1.4150906078382628e-12,1.6637490183263655e-12,9.699701007506957e-13
2.53,8.4761343412344856e-13,2.5342877678411444e-12,1.9960566238206577e-12,1.394078689427667e-12,1.390747883010198e-12,1.6884742168369507e-12,1.0290351882521995e-12
2.5325,7.447813012421651e-13,2.7423707556427581e-12,1.8336110211159953e-12,1.3013168022806395e-12,1.2944190101724542e-12,1.5028671568632823e-12,1.0441559776064857e-12
2.535,8.744466151651164e-13,2.2895203484995868e-12,1.7113889569693927e-12,1.249138450597743e-12,1.334290720375759e-12,1.7410630671293963e-12,9.8009064599146891e-13
2.5375,9.8007670460502182e-13,2.1029896764048159e-12,1.5120551483504384e-12,1.2425710280339527e-12,1.1599619247633043e-12,1.6319038074481553e-12,9.7981884775315198e-13
2.54,7.7515416909190082e-13,1.856889244612299e-12,1.3978849114634243e-12,1.0116903533472858e-12,1.1633863599823178e-12,1.6594210904298104e-12,1.0378579510667221e-12
2.5425,1.0005439000467035e-12,1.7345318323223649e-12,1.3706601399012185e-12,9.8773332376890016e-13,9.9841315019091836e-13,1.6553522589560974e-12,1.1567551187668536e-12
2.545,9.045226253032273e-13,1.7026105486316064e-12,1.2257506681117501e-12,1.0438740073849429e-12,9.2357852394202403e-13,1.7787730734498416e-12,9.6637758092010578e-13
2.5475,8.3435246111056213e-13,1.3673453539242728e-12,1.045784016942562e-12,1.0387463188135478e-12,1.1259267218488974e-12,1.7697278106515241e-12,1.0018351955569209e-12
2.55,8.8465026018121819e-13,1.3264076886960402e-12,9.0940004384649505e-13,9.7377031692520017e-13,9.1316577589327329e-13,1.7923791040503955e-12,1.1056495480202044e-12
2.5525,1.0654161555243006e-12,1.2232772880850286e-12,8.1538816069552415e-13,7.9437922712203033e-13,8.7818600443143154e-13,1.7753340039774283e-12,8.9038551603328466e-13
2.555,8.3855882414172968e-13,7.6963370203120857e-13,6.2991614242063079e-13,7.6763779838428674e-13,9.8716251092289155e-13,1.8154464818035128e-12,1.103280374968461e-12
2.5575,9.4420759785085502e-13,8.9105211912043286e-13,5.0778708089045041e-13,7.1514807395535503e-13,8.4223029952262188e-13,1.9408378979291703e-12,1.0619512466008627e-12
2.56,9.8423943552522779e-13,8.4236639926399779e-13,5.5686039686656284e-13,4.9105016785357139e-13,8.9356596571142098e-13,1.8959070578978139e-12,1.0856684772910961e-12
2.5625,1.1852792115287623e-12,7.9562092787027939e-13,4.5899856787296484e-13,6.4966162476247296e-13,7.810617392112096e-13,1.8728385012894549e-12,1.0623674644268766e-12
2.565,1.2996446059365805e-12,4.5418391116657428e-13,4.3570764494960023e-13,4.9570195061284169e-13,6.6251506404697099e-13,1.8922256253100382e-12,8.9278980995450774e-13
2.5675,1.213274153331195e-12,5.0410089304800816e-13,3.3686616452074207e-13,4.0103314852563544e-13,7.9082921642053341e-13,1.8003237258452644e-12,9.2424251070356601e-13
2.57,1.2325231046011444e-12,4.6266926867130745e-13,2.4627460495576436e-13,4.5098743070334041e-13,6.7715631610221103e-13,1.9485849807165707e-12,9.9625751615859826e-13
2.5725,1.3749652293837135e-12,3.9329169267093587e-13,2.5488633992930036e-13,4.7047207202804325e-13,8.8464452811283417e-13,2.0906607142216225e-12,1.017423300842686e-12
2.575,1.341983475948999e-12,4.665836522564854e-13,1.6637220704956683e-13,3.4466475458424408e-13,7.9512615909003271e-13,1.9929285908631278e-12,9.3223305040442437e-13
2.5775,1.3655584989927792e-12,5.2012993038826146e-13,3.4742597968900388e-14,4.6330897411685644e-13,7.6233806857640058e-13,1.9344233950479323e-12,9.5635292622130605e-13
2.58,1.4598870730562187e-12,4.2581564509838791e-13,6.7529478242394196e-14,3.2706660984105024e-13,8.4054522093702551e-13,2.1043025105028242e-12,9.5065640872930592e-13
2.5825,1.547924413214818e-12,3.2308511191628786e-13,2.4642230612927994e-13,4.0016772601271681e-13,8.2744792789831958e-13,1.988000017776607e-12,1.0127161573632187e-12
2.585,1.516450982125601e-12,2.9010748043633365e-13,3.0935604295912834e-13,3.5776490795453857e-13,8.9209896626320035e-13,2.1828838548207358e-12,1.0493589790646362e-12
2.5875,1.5936960279834687e-12,2.6461830314188528e-13,1.0126657631761186e-13,2.8748482055871397e-13,7.9910814365761583e-13,2.0646732725822102e-12,9.7773030937598388e-13
2.59,1.5036900306317175e-12,2.2663835716820238e-13,1.529458410877716e-13,4.174187807519668e-13,8.4886701437257402e-13,2.1747715806624917e-12,9.2070626102512171e-13
2.5925,1.5389776488832842e-12,2.5011798715940995e-13,1.8770672198845318e-13,5.6326975238272106e-13,8.5310708995880833e-13,2.1747979140401594e-12,8.5367138215215893e-13
2.595,1.5522358824667832e-12,4.271758897617663e-13,2.4830749716247984e-13,5.1386782177158007e-13,9.2982904719913226e-13,2.2655101179139373e-12,9.1972076600061409e-13
2.5975,1.7138132197996627e-12,2.2064809573348375e-13,1.6825404400521993e-13,5.244845833958069e-13,9.3879448521613681e-13,2.2760377371065447e-12,1.1050745343766511e-12
2.6,1.5301438062200197e-12,2.0116582523787648e-13,1.5532258536400157e-13,4.8006522386182963e-13,1.0277001274863105e-12,2.3713289356362703e-12,8.6446202214140688e-13
2.6025,1.5261703021197936e-12,2.0858267036220468e-13,2.3958181854647102e-13,7.2246909240662974e-13,1.0217756083663878e-12,2.2321581701697235e-12,9.0743389982764869e-13
2.605,1.5840836104278026e-12,1.7876770983282864e-13,2.2820314095189797e-13,6.2552063285908077e-13,1.0271000159350391e-12,2.3613094334231202e-12,8.0206769286136641e-13
2.6075,1.5125520226338493e-12,2.8171968191115546e-13,2.2705884446418938e-13,8.1822239849369521e-13,1.0394797686089821e-12,2.2551162914417823e-12,9.0480734354002794e-13
2.61,1.5232688573866275e-12,3.8247745473927063e-13,3.6186186826468682e-13,7.9385140274374678e-13,9.9138066457300079e-13,2.2985734384595218e-12,7.6501335627612991e-13
2.6125,1.566679495862561e-12,4.140629949305736e-13,3.4248429421404704e-13,9.0878820949012804e-13,1.2073685380327505e-12,2.1308506220250117e-12,8.389176795011973e-13
2.615,1.3893069860103496e-12,2.2149684996844061e-13,3.1204497641872693e-13,1.0593270374531661e-12,1.0158744693313179e-12,2.2952441135769142e-12,1.0183399519338451e-12
2.6175,1.4658692245907668e-12,4.6824533372806487e-13,6.4006051125911922e-13,1.227937672969729e-12,1.1634846278195512e-12,2.1032629088186575e-12,8.7475498980417959e-13
2.62,1.2648379224320411e-12,4.4793416484746191e-13,6.2978435602401951e-13,1.1854949383156981e-12,1.2159604987875345e-12,2.234544605722646e-12,1.0036094250881168e-12
2.6225,1.2130063212326132e-12,5.2315655679941291e-13,7.7882313638526699e-13,9.6631349556572117e-13,1.4382189909406849e-12,2.238680523751132e-12,8.1558637341529702e-13
2.625,1.2454098966115729e-12,6.0957226502333232e-13,7.976668795561005e-13,1.1906481718674912e-12,1.3473745009696925e-12,2.4179580141028757e-12,6.5093568131320438e-13
2.6275,1.345338197336833e-12,7.9915337639076305e-13,1.1162020616080372e-12,1.1499163774534875e-12,1.3801888926694785e-12,2.1361017949730574e-12,9.8715045248015743e-13
2.63,1.2456707422349419e-12,7.7022833687062722e-13,1.2566208309038813e-12,1.2406153026839886e-12,1.2639931226734299e-12,2.086905610714869e-12,7.3028041202257141e-13
2.6325,1.1364653296541651e-12,1.1727488432910953e-12,1.5568813439755682e-12,1.429572217227479e-12,1.2884972178544039e-12,1.9848064521306334e-12,7.2305037683176243e-13
2.635,1.288278116383891e-12,1.3326442195685872e-12,1.6870539179207565e-12,1.3766551862860042e-12,1.3321499602699955e-12,2.0518504467198499e-12,6.7221479110940882e-13
2.6375,1.3178805734111983e-12,1.5342855636773682e-12,1.6301582942363372e-12,1.4309562354756486e-12,1.3119925432389787e-12,2.0251833087966328e-12,6.8139769169641032e-13
2.64,1.3240539499732982e-12,1.5740221054087022e-12,1.8337116780918065e-12,1.3786589880977464e-12,1.3936059590933351e-12,1.9762700309931582e-12,8.4102607894900271e-13
2.6425,8.9491698064714453e-13,1.8941344708686556e-12,1.9204667724484632e-12,1.4717531452081939e-12,1.3483585609468962e-12,2.0142696727655144e-12,7.3268610329497062e-13
2.645,9.6719185554187716e-13,2.2247345207739299e-12,1.9300845936439313e-12,1.4103919761408607e-12,1.4204842144961581e-12,2.1017133881399949e-12,7.7952430434762248e-13
2.6475,9.5323933949912884e-13,2.2729094622211201e-12,1.9146411573147871e-12,1.4377607921574937e-12,1.2801435238243795e-12,1.8840899451792034e-12,9.2578089724394268e-13
2.65,9.8776034732785404e-13,2.5059597903459826e-12,2.10758039875082e-12,1.5209032700708941e-12,1.0478120140777025e-12,1.9123825503780569e-12,6.3448334090875521e-13
2.6525,8.6294657832848847e-13,2.6152193335151239e-12,1.9183904244819613e-12,1.4235217739787405e-12,1.3899300047004216e-12,1.8059985557228646e-12,8.8103372634422854e-13
2.655,7.8864126937834807e-13,2.6111112313843957e-12,2.0048824116426156e-12,1.3336748429046035e-12,1.2442109801341856e-12,1.9074636743439853e-12,6.4486839357087394e-13
2.6575,7.5606278700189379e-13,2.706248565148109e-12,1.8550844614670917e-12,1.2667579235295638e-12,1.344864662014813e-12,1.9138324015990491e-12,6.9041168318695836e-13
2.66,6.3824391303354982e-13,2.5608671663706868e-12,1.846472262290981e-12,1.3120414004843049e-12,1.4232245352918941e-12,1.787518790257974e-12,6.3538251522949478e-13
2.6625,8.5005134585315958e-13,2.5021720613066373e-12,1.8097619173807191e-12,1.3273465209884592e-12,1.2033201674976357e-12,1.7636087434550631e-12,7.3086696300820359e-13
2.665,7.6893886274937446e-13,2.2724011721274551e-12,1.6284766402037937e-12,1.3272929284458298e-12,1.1212533551491846e-12,1.6701271237039623e-12,6.2361574211484496e-13
2.6675,7.352764926058351e-13,2.2830783457670986e-12,1.4112750701907336e-12,1.1881116992490749e-12,1.1819884040578706e-12,1.698074968339582e-12,7.3072352281076711e-13
2.67,9.355528743316595e-13,1.9685037860543558e-12,1.2909728039480621e-12,1.1112465078181351e-12,1.1975068875469696e-12,1.6306057386241595e-12,6.9813353987506737e-13
2.6725,8.7036692178851822e-13,1.822101101398936e-12,1.3567644875637276e-12,1.0116449317633546e-12,9.6607426484579413e-13,1.7351274222912321e-12,4.9745969336656867e-13
2.675,7.1872039876188381e-13,1.5285008372913486e-12,1.0852732760691349e-12,1.0351043766542372e-12,9.5443901707286542e-13,1.6734407867739643e-12,6.3695077230460135e-13
2.6775,7.8898829973882608e-13,1.3608566016988785e-12,9.6558067750247762e-13,9.3685265125213547e-13,9.2053181482343316e-13,1.6996465479549566e-12,6.3751018622079344e-13
2.68,8.5186948045724077e-13,1.2847409752032358e-12,9.4894038658428139e-13,8.7863554806156154e-13,9.6954016421205992e-13,1.7236462710374429e-12,6.6090220686764987e-13
2.6825,8.0335461417852904e-13,1.1527453064426344e-12,8.2821674941389096e-13,8.3223827246919902e-13,9.4774525531064712e-13,1.5147057231653975e-12,7.4378950254628197e-13
2.685,8.3284556507912148e-13,9.3182957863634255e-13,6.7124459919857528e-13,8.0207754181022092e-13,8.7129079672365389e-13,1.5421402466689286e-12,6.6539202380569419e-13
2.6875,9.2549857230154583e-13,8.3374485317978568e-13,5.9107366040681423e-13,5.9815479698500772e-13,8.9640668451489219e-13,1.5905371812807285e-12,5.9208636609034663e-13
2.69,1.0756910317087363e-12,8.413964264221455e-13,6.0123645267852355e-13,5.7272704237448218e-13,8.1451646381892638e-13,1.7162758706508536e-12,5.6321149919727174e-13
2.6925,9.3819076447407875e-13,6.3595388361908127e-13,3.5017602908771642e-13,5.4706427195894978e-13,7.8725523428933339e-13,1.6890131084924235e-12,5.101725643813699e-13
2.695,1.1017998497832893e-12,6.3905273465460911e-13,4.3322041196746884e-13,3.5033261429652247e-13,7.2557119598750507e-13,1.5956162287567159e-12,5.5968717042567657e-13
2.6975,1.4089466259213009e-12,5.6431950854694332e-13,3.1250951303122516e-13,5.4808538888663562e-13,5.7237959332448575e-13,1.6320624335182736e-12,5.9448075644489124e-13
2.7,1.1990922250122142e-12,4.4255159755027153e-13,3.7857756675332383e-13,4.5935598164488219e-13,6.799447117507936e-13,1.625422803049998e-12,5.2077352050221161e-13
2.7025,1.0874803973585709e-12,3.8567272113825755e-13,2.5832507849526198e-13,5.223623288831561e-13,6.590179065397439e-13,1.6109365032776923e-12,5.9810728869907707e-13
2.705,1.2221074705209003e-12,2.1595203866573212e-13,2.2976042814058786e-13,3.8326787093272347e-13,4.9285029534723319e-13,1.5930498021928189e-12,4.9156983757803347e-13
2.7075,1.3694207623535719e-12,3.6314635593268333e-13,8.4967482661886954e-14,3.9910287292970246e-13,6.7096717000837839e-13,1.6362878751049862e-12,3.2548645929053482e-13
2.71,1.413664498509695e-12,2.1641061632357436e-13,5.1651778143031445e-14,5.4150209999812336e-13,7.8201333244683697e-13,1.6860747817173577e-12,4.2919253608710146e-13
2.7125,1.4927290586080463e-12,2.4158065833904039e-13,2.109059688947092e-13,3.6974134508911203e-13,7.0798946412159488e-13,1.5988844784523533e-12,3.4045056257877355e-13
2.715,1.4735817894347384e-12,3.7982377370882685e-13,1.0248087657938802e-13,3.723985618913968e-13,7.4842813085300905e-13,1.5331913981339555e-12,3.3766805797774281e-13
2.7175,1.4597582709976642e-12,2.0508513042273225e-13,2.4168788626429536e-13,4.9996538912574524e-13,8.2102839866154773e-13,1.6483558273119606e-12,3.2531238056134176e-13
2.72,1.548155328989043e-12,3.0699358597938484e-13,1.3160035584017034e-13,1.6833396921796256e-13,7.2010213720858883e-13,1.7445322538240099e-12,4.4987769033041362e-13
2.7225,1.4576766424050885e-12,1.182911106321479e-13,1.5960950041697347e-13,4.664235042003098e-13,7.1550565101239976e-13,1.6966005346474472e-12,4.531676144747253e-13
2.725,1.6254979297899797e-12,1.2909104583455248e-13,2.4410811404317483e-13,3.0911230751458538e-13,8.3019017812832187e-13,1.6833565417196701e-12,4.3188025520322946e-13
2.7275,1.5670207037087898e-12,2.397735233020509e-13,1.193057429369314e-13,2.8111613844138092e-13,8.0593285807406352e-13,1.7269266675812395e-12,4.8306025168977258e-13
2.73,1.4826560005997304e-12,1.2515165724818619e-13,2.7565846529871934e-13,4.7009003202444804e-13,6.653521735203694e-13,1.6650914157230456e-12,3.6508666038203363e-13
2.7325,1.5403047397294508e-12,3.7860033411240841e-14,6.2043685654479289e-14,5.0494700209655234e-13,7.153563974371256e-13,1.7196705882116956e-12,4.3368888073948012e-13
2.735,1.6323416752597889e-12,1.7233088234988313e-13,1.5220757972337992e-13,5.887873571318596e-13,7.9427071153137495e-13,1.7723149497227061e-12,3.8042658201300376e-13
2.7375,1.3866404653131675e-12,2.049741517678378e-13,2.9002664378662835e-13,5.4655447292585005e-13,9.8805886982879365e-13,1.6930295964718381e-12,3.9862368153535487e-13
2.74,1.3658742529106351e-12,2.3015023483215433e-13,1.6939300170547867e-13,4.752844857493793e-13,8.1346062042806573e-13,1.7296371732510087e-12,1.8934573944634612e-13
2.7425,1.3439188646974969e-12,3.0363729088912235e-13,1.4809776379585907e-13,7.1247555839884486e-13,9.0493128940264011e-13,1.7255447264591622e-12,3.4087128863486027e-13
2.745,1.3924834279411617e-12,3.8993475552344119e-13,4.0734508192523784e-13,9.0279343067649918e-13,9.1362659148173613e-13,1.7840173089130102e-12,4.8450060218495412e-13
2.7475,1.4471929486602383e-12,3.9693054367847389e-13,4.1870009804663957e-13,9.4825411124699553e-13,1.0018945216287071e-12,1.896856935613087e-12,2.6077476994998904e-13
2.75,1.2953843642923148e-12,4.4173196591115451e-13,5.8112349165467007e-13,8.3856446210867911e-13,9.6481105957454249e-13,1.8550101714329103e-12,2.2399331601749501e-13
2.7525,1.4198038983553245e-12,4.0842840844825898e-13,5.987823826207176e-13,9.9397479534816625e-13,9.8603279787324149e-13,1.8660582273939815e-12,2.4966438100622075e-13
2.755,1.3023431557564479e-12,5.8289006577956099e-13,7.116886896857742e-13,1.0481617009555734e-12,9.2281553403604926e-13,1.9446127038480011e-12,4.3257701744621791e-13
2.7575,1.2784312846762144e-12,6.6680715431800188e-13,9.5526839754219145e-13,1.1821639057584117e-12,1.123304571279806e-12,1.7624915666461727e-12,4.1834224827349266e-13
2.76,1.000330339449195e-12,9.2212954337442423e-13,1.1333834724480072e-12,1.1514719205046513e-12,1.2168911717327607e-12,1.8770916074746493e-12,3.2135668436747996e-13
2.7625,1.1582659968562813e-12,7.8067792795574955e-13,1.3031977567108128e-12,1.1396607779398577e-12,1.061962686699961e-12,1.9068581422313151e-12,3.7334078985424125e-13
2.765,1.0911855487821526e-12,9.4762792542178505e-13,1.3912507503161013e-12,1.2326058629680814e-12,1.1125567523004373e-12,1.809662397092967e-12,2.5018964189883508e-13
2.7675,9.9978565140932577e-13,1.3265665795070831e-12,1.4568403181816113e-12,1.218939271298969e-12,1.1841313339316592e-12,2.0352654866522238e-12,1.6883787596327002e-13
2.77,1.0703851733938906e-12,1.4741025332639043e-12,1.5873728306364696e-12,1.2091339715063984e-12,1.2115151462137596e-12,1.8556479139974304e-12,2.4153315466957439e-13
2.7725,1.0113261089455912e-12,1.7379273409296561e-12,1.7429059280017249e-12,1.4501104115510887e-12,1.3557300179046514e-12,1.8390405124585147e-12,2.7543238217466608e-13
2.775,9.7219989420121064e-13,1.9915413398743842e-12,1.8001184828048376e-12,1.2850588802646283e-12,1.2059691422000443e-12,1.8118678476311841e-12,3.0544912694779201e-13
2.7775,9.9018775451982267e-13,2.0360323361608631e-12,1.8064510540800175e-12,1.3376190895720515e-12,1.1901837611144277e-12,1.7968096527955402e-12,3.7667580869715979e-13
2.78,9.0176988249706811e-13,2.2933778513841547e-12,1.9096866344250213e-12,1.3411033231674249e-12,1.0699625172565226e-12,1.8934334652051624e-12,3.1468671825143109e-13
2.7825,8.897311531415272e-13,2.3623874257616683e-12,1.8740913740121619e-12,1.209001719205416e-12,1.2259126084435536e-12,1.7504259869199965e-12,2.1862142249194897e-13
2.785,9.0346864464412318e-13,2.5134579615151196e-12,1.8595796679640424e-12,1.1985895371723054e-12,1.2798111199202843e-12,1.9072590885701915e-12,2.1332680037801026e-13
2.7875,7.8712017015567075e-13,2.4211008728079653e-12,1.8383292575211525e-12,1.2428485355769734e-12,1.1881392925630286e-12,1.9023590658633364e-12,2.8726463818220119e-13
2.79,7.7273601187860169e-13,2.3756021647173539e-12,1.5936543754676558e-12,1.2650398080589862e-12,1.0601217336924688e-12,1.871716639962705e-12,2.7563156491238451e-13
2.7925,8.4074928659861317e-13,2.4788516492585217e-12,1.637101595125538e-12,1.2653560227046644e-12,1.0675655311292782e-12,1.7749954164529437e-12,1.331899364335605e-13
2.795,8.5759698118080438e-13,2.2132244049531872e-12,1.4429254486422658e-12,1.2209626898407685e-12,1.1179101533161959e-12,1.795997728713161e-12,2.6161737865220703e-13
2.7975,7.9381643652066007e-13,2.0333413278092341e-12,1.5197010330218308e-12,1.0420846038777776e-12,1.2040188636193334e-12,1.6971298255498489e-12,1.4169404696915535e-13
2.8,7.8131293580976386e-13,1.9960827522617461e-12,1.1505180396570886e-12,1.0110277788486641e-12,9.451985297419922e-13,1.6724125275161954e-12,2.0935137240583023e-13
2.8025,7.7132582058233139e-13,1.7962898864560665e-12,1.2734778370400146e-12,1.0779396475009464e-12,7.9817162556126865e-13,1.6409931665689827e-12,3.0559123048731137e-13
2.805,8.1555968870449143e-13,1.5783106791772112e-12,1.0674239941566891e-12,9.796864860203694e-13,1.0877034397796349e-12,1.6991756156470817e-12,1.920275435291464e-13
2.8075,8.6498232285240603e-13,1.3386722435602431e-12,1.090500850377744e-12,8.4443806578818912e-13,1.0085458294488633e-12,1.6713812383857616e-12,2.7668966605587983e-13
2.81,7.224856367226875e-13,1.281238157562539e-12,8.5537202251319254e-13,8.7086182409747449e-13,8.5059660601784204e-13,1.7487780936922778e-12,3.2702865050676899e-13
2.8125,8.6207352276982948e-13,1.0815723971951767e-12,8.6388651261529009e-13,7.578555793689988e-13,9.3746733863261213e-13,1.7037986554364476e-12,2.0703009657339329e-13
2.815,8.4653856102219218e-13,9.0631343502818548e-13,6.6792793708159967e-13,7.9045441059205708e-13,7.7569804159107768e-13,1.5269118849974261e-12,1.6672642544573604e-13
2.8175,9.0262970947622945e-13,9.6952254163598479e-13,5.0225113747935366e-13,7.7415161075461772e-13,9.462015838088853e-13,1.4860027460705693e-12,2.1333547909438777e-13
2.82,9.7595047357734261e-13,7.704638061689668e-13,4.3963081670623879e-13,5.5044997008397598e-13,8.4705160574270567e-13,1.5779997550205136e-12,1.2829370361361085e-13
2.8225,9.8376011873670847e-13,5.7828634788013487e-13,4.7932584799539581e-13,3.8777617334949852e-13,7.5101148166214203e-13,1.6538155438275045e-12,1.9404645637247508e-13
2.825,1.1151113851596113e-12,4.3871013704337135e-13,4.0363286068080133e-13,5.1990077576047785e-13,8.4047174823623904e-13,1.6062625785280915e-12,1.5282232433805717e-13
2.8275,1.1395121892816894e-12,4.758468894830954e-13,2.9934132782321163e-13,3.9064219850681091e-13,6.7697682190232714e-13,1.5619117897598231e-12,2.1546134787800654e-13
2.83,1.0982625620475917e-12,4.9650918695006445e-13,2.6329666217702938e-13,3.2200632870698806e-13,6.0671851023047693e-13,1.6066232971384856e-12,1.5318133453363902e-13
2.8325,1.1366040751552973e-12,3.0501808916463904e-13,2.1807618804793931e-13,5.1657388677637036e-13,6.6575822684307853e-13,1.4916975068973978e-12,2.2291222052329262e-13
2.835,1.2040933173351622e-12,3.5350534203141294e-13,8.3834083415276043e-14,3.7787006278614554e-13,6.1196887104333202e-13,1.4738904450275582e-12,2.3627057275636214e-13
2.8375,1.2964786202078771e-12,2.6046824254415746e-13,1.6860224268005828e-13,2.9243776588690166e-13,6.1754568346061006e-13,1.4902429685655317e-12,3.1063105222351956e-13
2.84,1.4385401903776153e-12,2.8195775484301915e-13,1.447304865986975e-13,3.0789986097215803e-13,6.2505501076507915e-13,1.5077649111636649e-12,1.7769186087040299e-13
2.8425,1.3948614383523502e-12,2.1157375006887071e-13,2.131952418416788e-13,3.4515023052214975e-13,6.5157477351929354e-13,1.5718118967925876e-12,2.6995009152603145e-13
2.845,1.392638807175739e-12,3.4553718890642641e-13,6.2450811699880905e-14,2.2237623070948549e-13,7.3766999387365878e-13,1.4442233530335587e-12,2.1498441824134699e-13
2.8475,1.290771074721377e-12,2.2695904606062547e-13,1.6112675504406431e-13,3.3164536803240391e-13,5.8733717486188172e-13,1.5210133861858054e-12,2.0437693336081077e-13
2.85,1.4267868803631301e-12,2.5987094681708011e-13,1.3610420601539398e-13,2.8225123911473627e-13,6.2344821536603361e-13,1.474301170647898e-12,1.466879125699052e-13
2.8525,1.4506799315501306e-12,2.3877214835886683e-13,2.0011702215670456e-13,3.7703725506079495e-13,6.5647085431773579e-13,1.4522527838401452e-12,1.9222114703082653e-13
2.855,1.351259224772404e-12,2.762231612565348e-13,7.2189846064833495e-14,2.3754000764901164e-13,6.5032409346280115e-13,1.4628520544048932e-12,1.9560129140562144e-13
2.8575,1.3569616938401805e-12,2.0173080002514409e-13,2.0758380439501677e-13,2.6632558431480616e-13,6.7460357442735859e-13,1.4486898777116577e-12,2.008337112992361e-13
2.86,1.5314237522351392e-12,2.2249845681483708e-13,-3.8651585789342662e-14,5.3708794805359223e-13,4.8392578548083883e-13,1.5163911768146485e-12,1.1781037252809554e-13
2.8625,1.4611390343380702e-12,3.3248866860834529e-13,1.7028242500318449e-13,4.3406664748876379e-13,6.4095036946671517e-13,1.4830294535853597e-12,3.4334483394660389e-13
2.865,1.3162474800480637e-12,9.2828586307539806e-14,7.3315421243693946e-14,4.4428311628007604e-13,8.239972566604642e-13,1.4842269218203887e-12,1.786267150831768e-13
2.8675,1.3539837206813266e-12,3.4837411672748435e-13,2.7913337980712395e-13,6.185161073155145e-13,7.3396066042689476e-13,1.4909299492541737e-12,1.7652151303615819e-13
2.87,1.5120548396815871e-12,1.9718988467193739e-13,7.0931830743269698e-14,5.7445449392159859e-13,6.4299061368431172e-13,1.3741821767212687e-12,2.9149019657630259e-13
2.8725,1.3266029042142014e-12,2.552824628469738e-13,2.6016604584804005e-13,5.1217481638192578e-13,7.5986556986676425e-13,1.5848407167512329e-12,2.8583626886007004e-13
2.875,1.2965645578413914e-12,3.4327351684451678e-13,2.6769292207611289e-13,5.4943881088097131e-13,6.9719257338624055e-13,1.4542368879970137e-12,1.1339684853861798e-13
2.8775,1.3262210233630731e-12,3.5154121527697045e-13,4.7335673551986759e-13,7.02739030989288e-13,8.0071571917216483e-13,1.68457161365095e-12,2.1099266836310035e-13
2.88,1.3192046152201458e-12,3.273589284292798e-13,3.4832333668863738e-13,9.4367431028844743e-13,8.5429713205616754e-13,1.5068153179531241e-12,2.812527155423099e-13
2.8825,1.1862617141079462e-12,4.6851541449199055e-13,5.8719179976661872e-13,8.6861475325346158e-13,9.0860293319268684e-13,1.6108243540864106e-12,1.9792664211254653e-13
2.885,1.1791120821830502e-12,4.1617080713896853e-13,7.692160820730654e-13,8.6241149959949617e-13,7.909437745373307e-13,1.5607110337301998e-12,2.1880270087416025e-13
2.8875,1.2941073851551881e-12,6.3720413954924244e-13,8.3140042924251093e-13,1.0656603902200208e-12,9.5046695555302435e-13,1.5286976358238467e-12,2.6019899575336583e-13
2.89,1.1944548861588343e-12,6.6324475615374718e-13,8.9662553958829575e-13,1.0854491520400197e-12,8.7824793419491488e-13,1.4937943278882674e-12,2.3333041265297693e-13
2.8925,1.1257305022776763e-12,1.0944338273319783e-12,9.4622491004042832e-13,9.6203537824798199e-13,1.042725045879513e-12,1.5761983208025014e-12,1.5259310429248383e-13
2.895,1.0397442407035217e-12,8.2272989485441598e-13,1.3462538301300932e-12,1.0789494023237483e-12,1.1463350482038384e-12,1.5471515871345831e-12,2.4911968592584588e-13
2.8975,1.2673474693894243e-12,1.1727209981788406e-12,1.390988678608477e-12,9.9973763012640699e-13,9.7521290146841936e-13,1.4731710620969872e-12,2.0655463102910757e-13
2.9,1.0878945030388936e-12,1.3137627101860842e-12,1.4696927731033754e-12,1.1681978550754467e-12,9.4806320583442346e-13,1.645951332631549e-12,2.4379097293964584e-14
2.9025,1.0235002484592359e-12,1.4396200304711342e-12,1.7004683862292202e-12,1.0575352715599251e-12,1.1481579781677086e-12,1.6560865966536684e-12,1.6691405535551523e-13
2.905,1.072345011303281e-12,1.8870788550910861e-12,1.737189694975376e-12,1.1990177253907693e-12,1.1479937192584196e-12,1.5580345023860794e-12,2.5544167821747513e-13
2.9075,8.7654470592229947e-13,2.0656205231129968e-12,1.7747991369977123e-12,1.2043978102682265e-12,1.203618086722573e-12,1.4895600299734816e-12,2.3088283920613407e-13
2.91,8.3812963790180266e-13,2.1533943198772071e-12,1.8714107744752537e-12,1.2211506286918788e-12,9.887451049714407e-13,1.4779598505172779e-12,1.7135899600853034e-13
2.9125,7.2622495534949066e-13,2.2213732779111807e-12,1.8334997185834978e-12,1.118648910901691e-12,1.0661396209626291e-12,1.4623221826605221e-12,3.2468874556743146e-13
2.915,7.109723365548082e-13,2.3686451469872229e-12,1.6149991887732866e-12,1.3285056612342235e-12,1.2420114500074914e-12,1.4625090182879476e-12,2.2083806774548981e-13
2.9175,9.1307237822986183e-13,2.4433153507941619e-12,1.8479307175945095e-12,1.2214202036289978e-12,9.994989307482026e-13,1.5702096926098568e-12,3.6840961053035353e-13
2.92,7.4221203165539058e-13,2.4479749187161271e-12,1.7782121050780831e-12,1.2238124992001386e-12,1.1516077387639266e-12,1.2515780996664202e-12,3.1529524708809232e-13
2.9225,7.5819254244332815e-13,2.2786689537518584e-12,1.4837042658544455e-12,1.0890203048256395e-12,1.0971208918253351e-12,1.3740954148072844e-12,1.5739406532624429e-13
2.925,7.7996656289421032e-13,2.3611264107956804e-12,1.6177055976620595e-12,1.1315890942790276e-12,1.0915378839105295e-12,1.5239853603206634e-12,6.9216880964905327e-14
2.9275,7.947138563191382e-13,2.0427415611068937e-12,1.4582448521093641e-12,9.719044142963419e-13,1.0474299240153375e-12,1.4328066113690525e-12,2.1140396656790601e-13
2.93,7.6039889295922113e-13,2.09325807586285e-12,1.2470415813223543e-12,1.0856097984823541e-12,1.0102711565200756e-12,1.4674380522869023e-12,1.6521244481587991e-13
2.9325,7.0860150259442522e-13,1.855688818907038e-12,1.2417458899249073e-12,1.0713116460793523e-12,9.8519964447084295e-13,1.4367916964034631e-12,1.872175180444927e-13
2.935,6.1506922560245172e-13,1.7451107589051379e-12,1.1003787158764946e-12,8.4379269646723734e-13,1.0340496184717652e-12,1.4822042828169734e-12,1.6455084834387397e-13
2.9375,8.1861516263880098e-13,1.4921860311107112e-12,8.6109389578928642e-13,6.8713201245676858e-13,8.1107663342970986e-13,1.3207857742750885e-12,9.7652606014801659e-14
2.94,7.5054451902064218e-13,1.3667295257181898e-12,8.1613576778175811e-13,8.3417433993156592e-13,9.2918714148120369e-13,1.3958299203136923e-12,2.043732376523152e-13
2.9425,8.0930715913594752e-13,1.1267475094528506e-12,7.5995964535015042e-13,6.817176264585669e-13,8.8669675737174001e-13,1.3772357664116336e-12,1.8404100913464965e-13
2.945,7.0184370063315858e-13,8.921797025708343e-13,7.2638249502086103e-13,6.1442585039712703e-13,7.0199010681787694e-13,1.4037020246566681e-12,2.9678285520793616e-13
2.9475,9.1203694890770464e-13,7.3329238629912294e-13,4.7024236905764917e-13,6.0571969214672515e-13,7.6560364156320868e-13,1.3473539831371746e-12,1.9858605255620494e-13
2.95,8.6086497545401025e-13,6.7125881964505409e-13,5.2577905293113254e-13,5.8221381332007009e-13,7.4919281854271853e-13,1.2639895636876119e-12,1.9743132541627703e-13
2.9525,9.2839777711697298e-13,6.67108524829567e-13,6.1193009286025361e-13,5.5163611714364892e-13,7.3619525902504588e-13,1.311809031559194e-12,2.0362903117125362e-14
2.955,1.0223387955579197e-12,5.1693821296767016e-13,5.7628816536692885e-13,4.5395804739619931e-13,6.0621323466152311e-13,1.2280516149317152e-12,2.0289185638204796e-13
2.9575,9.4293189402743992e-13,5.0935983242777894e-13,4.9670735866836521e-13,3.5318109571170965e-13,5.2957713176085765e-13,1.3341867079176528e-12,1.8296889698973364e-13
2.96,1.0811092540498833e-12,3.9514937131825108e-13,3.6115366374633654e-13,3.2800335376161033e-13,6.9744252091261539e-13,1.3185600078423227e-12,1.6648742169738523e-13
2.9625,1.2127987960456297e-12,3.8056804725845471e-13,3.1688106404385417e-13,3.2742235507085124e-13,5.7029283722399967e-13,1.1738042104537336e-12,2.9234035124171002e-13
2.965,1.2810021626970434e-12,3.2505206398022329e-13,1.8990845208891525e-13,3.310864486144522e-13,5.4985982152016349e-13,1.342566809963173e-12,6.9228093896255805e-14
2.9675,1.1382512474882294e-12,4.4205126796096506e-13,1.5761895984662037e-13,3.2373695209727625e-13,5.9348450038562286e-13,1.2522828162954605e-12,2.8344047157552797e-13
2.97,1.3192112118532289e-12,2.6765119147139737e-13,2.2694589505853123e-13,3.5397851118724404e-13,5.270288841078878e-13,1.2338503542650739e-12,8.8859808301844583e-14
2.9725,1.2124878527401787e-12,2.6648136890769239e-13,2.0292350761196837e-13,2.3084230600214301e-13,4.8480058322005568e-13,1.2720658270144587e-12,3.4010673862673671e-13
2.975,1.3820401957390672e-12,2.5809437006375392e-13,5.3670038670498694e-14,3.5300928835968736e-13,6.0818459949460998e-13,1.2234685030559071e-12,1.4345266119607437e-13
2.9775,1.191915550433389e-12,1.8968374305661711e-13,1.3443456044945144e-13,3.5868337570618209e-13,4.9807033370949988e-13,1.1927728775591476e-12,2.0772182133727102e-13
2.98,1.4558137831164569e-12,2.3898391010698395e-13,1.4403526853505081e-13,2.5282867026043461e-13,6.0612914798986778e-13,1.1811279643480288e-12,1.2490983633756166e-13
2.9825,1.3733186207581381e-12,3.7071766859151381e-13,1.3887921510035584e-13,2.4588393125013127e-13,4.9536150237948356e-13,1.0445259212735615e-12,1.2068224252531092e-13
2.985,1.5360557795921713e-12,3.1472766301522697e-13,1.4521796671252781e-13,3.0004031736735714e-13,4.9504793407197241e-13,1.1656584706907721e-12,2.0348956145474781e-13
2.9875,1.6416518031154061e-12,1.3747400618413166e-13,-2.1044798376475106e-14,3.738517532254746e-13,5.3490716341983097e-13,1.1704537643977412e-12,2.6046741311069736e-13
2.99,1.3172363811209405e-12,1.6153587669241027e-13,7.8777215698432489e-14,4.2792389276954685e-13,5.7443021092175113e-13,1.119251034254956e-12,2.7830851616457743e-13
2.9925,1.4044635488826402e-12,3.0476398743463858e-13,6.8875594957095279e-14,5.2710592377125938e-13,4.923078532288121e-13,1.3575717575866662e-12,1.5269962596157669e-13
2.995,1.3175970165204458e-12,2.1531933243472297e-13,2.7853773488779326e-13,4.580827380562969e-13,6.1343658984087641e-13,1.1144466271537195e-12,1.9885243599976899e-13
2.9975,1.3577494730473691e-12,2.9249410945618386e-13,5.3595936283702313e-14,4.5234469553156842e-13,8.3928848528366748e-13,1.1792328369514034e-12,8.2669714756479797e-14
3.0,1.3584559070231228e-12,2.3512859649509769e-13,3.1937381101956659e-13,5.6636816617288275e-13,7.4954155223826101e-13,1.2286960311267805e-12,2.0482206157940029e-13
3.0025,1.467502407135128e-12,4.4266197583451809e-13,1.8911979043035334e-13,4.9779481300910502e-13,8.0530755524626937e-13,1.153415392257716e-12,2.7779474881267956e-13
3.005,1.3770052153218195e-12,2.4691340463479778e-13,3.3151533707261139e-13,5.9625907399361644e-13,7.5267633702621119e-13,1.2137762763772234e-12,1.9094876015537216e-13
3.0075,1.253776981637873e-12,3.2478972563951953e-13,4.2004421312987891e-13,6.9426877706280652e-13,6.8662799568447478e-13,1.1331157220779846e-12,2.8948147518388738e-13
3.01,1.2300786888086203e-12,4.1717306787569704e-13,5.4304251996446776e-13,7.337665489752415e-13,5.3577681267118251e-13,1.3278741963903434e-12,2.3620969392145513e-13
3.0125,1.2607836684621386e-12,2.4744524927526125e-13,4.6463145585981939e-13,7.6812692283291293e-13,7.8100993758686586e-13,1.2532229266120299e-12,2.0581946262616972e-13
3.015,1.220289535950766e-12,2.9604426036526455e-13,4.9008016061111041e-13,6.4906480578748468e-13,6.9479111617067894e-13,1.151642812696043e-12,1.0116113844810882e-13
3.0175,1.1357525850994495e-12,4.7341294769947742e-13,8.1616675430221724e-13,8.2957060648994722e-13,8.902093962747225e-13,1.2595194846755276e-12,2.8440690487753261e-13
3.02,1.3403597907616556e-12,5.4254395841859149e-13,8.4374036645104971e-13,8.3737271200821704e-13,9.6930537663160709e-13,1.2978419685932765e-12,1.8118911737350682e-13
3.0225,9.9798324533350037e-13,7.5246491943204577e-13,9.6551704339915993e-13,1.0197643017426581e-12,9.368409347353336e-13,1.2546438258593338e-12,1.0136867566838013e-13
3.025,1.0888358966456686e-12,8.7016459778560239e-13,1.1855726333303726e-12,1.0100241022747282e-12,8.885235630126811e-13,1.1829556386079462e-12,6.2672554541969625e-15
3.0275,1.1056221090221233e-12,9.6408245722204251e-13,1.4103157331298699e-12,1.0716914402819809e-12,9.9727098101596646e-13,1.2521678933433905e-12,2.363773021643305e-13
3.03,1.0188675531431975e-12,1.2536498192689303e-12,1.3948688923896985e-12,1.0096061071461189e-12,9.191498520784493e-13,1.1771444976192479e-12,1.4166192069174476e-14
3.0325,1.0475923431356452e-12,1.3580316955176256e-12,1.4003889928005957e-12,9.1371609704174832e-13,8.8678561304289876e-13,1.2187924295641517e-12,4.7912212666672776e-14
3.035,9.3060599896291173e-13,1.5962932865802064e-12,1.5722990283674219e-12,9.7079300771384924e-13,9.664263831864198e-13,1.1754604889081783e-12,2.2193496796878747e-13
3.0375,1.0303653567933399e-12,1.7166715470692319e-12,1.6099666424069016e-12,1.001679811867207e-12,1.0325046299007565e-12,1.3452916216828991e-12,4.5642907694728805e-14
3.04,6.6805457302140748e-13,2.1146361679826615e-12,1.5773739831149741e-12,1.2084356859320585e-12,9.5226071698519687e-13,1.29582049804233e-12,1.6366645330494975e-13
3.0425,8.4837155756657552e-13,2.0416741396961388e-12,1.7757368567585825e-12,1.1409342092310499e-12,9.8317484793295048e-13,1.0785975701228957e-12,6.3889386147013762e-14
3.045,8.4094992040996582e-13,2.3508878828354319e-12,1.6809239992850413e-12,1.0107568746704156e-12,9.7212003708985748e-13,1.2922451368488854e-12,1.4435285450006629e-13
3.0475,8.6845328885536772e-13,2.3387061783608555e-12,1.7633373484930497e-12,1.104034571589741e-12,1.0694908354198651e-12,1.1535372659765123e-12,1.6695106907582083e-13
3.05,8.7335396671574182e-13,2.3113673247288986e-12,1.7352232590607989e-12,1.0832846097631203e-12,1.0184519308901482e-12,1.3458257124684786e-12,1.7997733238023215e-13
3.0525,8.0231757575952272e-13,2.31910367447444e-12,1.5564261097498705e-12,1.0707686293130303e-12,1.0859291176543917e-12,1.2680444581150139e-12,3.4448510683148155e-13
3.055,8.1954870078205205e-13,2.2473997516707103e-12,1.3501427000374536e-12,1.0312656091905431e-12,8.9895499414421727e-13,1.1296962485707983e-12,1.370076646951428e-13
3.0575,7.6348287785954908e-13,1.9783493306210166e-12,1.2807944978571723e-12,1.06535067533444e-12,9.8232007378460293e-13,1.2398725267233439e-12,1.7655895587802339e-13
3.06,6.6059429615768342e-13,2.0732637642232536e-12,1.2764502365976451e-12,1.0007934057050737e-12,1.0160114322665939e-12,9.2151605255094507e-13,1.5477623112967967e-13
3.0625,7.2725220305853577e-13,1.7611699702370789e-12,1.1510880112478947e-12,8.3898988393317426e-13,9.5173145795968141e-13,1.170894544556604e-12,8.9209701967945662e-14
3.065,7.1831683560381204e-13,1.5710746397366478e-12,9.644152089561447e-13,7.9148442380343549e-13,8.9706081064876159e-13,1.1946923810878072e-12,8.4433746074381538e-14
3.0675,7.09705131484337e-13,1.4419821687119149e-12,9.7827490572565598e-13,7.5849945100261725e-13,9.0345708799475286e-13,1.056788534390794e-12,1.5933053635516787e-13
3.07,8.0905985326852432e-13,1.2481093659556165e-12,9.3219981810946625e-13,8.6017441002427749e-13,8.0052408022860414e-13,1.2026723882397781e-12,8.6411263333361739e-14
3.0725,7.4221134050925731e-13,1.34164808004948e-12,8.0832968941469943e-13,6.8862430005566799e-13,8.0095172732359853e-13,1.1560763915334417e-12,3.3900688968783753e-14
3.075,8.0385769743092651e-13,1.0953815045495739e-12,5.8904291311453234e-13,6.3784379765790899e-13,6.4310177299097092e-13,1.1726739158444192e-12,1.9147099916848372e-13
3.0775,8.778754942019697e-13,8.4593210944961773e-13,5.9428109834164756e-13,7.6502534873631719e-13,8.2085643238832468e-13,1.3213018548403335e-12,8.0594484618014662e-14
3.08,8.7533053584644907e-13,8.0450882950570843e-13,4.0573586807924587e-13,5.886215126078227e-13,6.981812786227432e-13,9.8996875185255414e-13,5.4682452327642599e-15
3.0825,9.6242166923870583e-13,5.7870867383685674e-13,4.0922045416655303e-13,4.5693641119668831e-13,6.2053630632430922e-13,1.0474919715955449e-12,1.496935877331741e-13
3.085,8.7520818024910593e-13,5.8721917850019792e-13,5.0262646630672156e-13,5.1844780472755411e-13,5.8863863420615239e-13,1.0637677191543567e-12,1.7963520883686574e-13
3.0875,9.6977485360785203e-13,3.5185216861998825e-13,3.7206893786784187e-13,4.434771197594253e-13,6.8705736393309142e-13,1.0694584405046139e-12,2.9855206905290356e-13
3.09,1.0047271784224213e-12,5.0330048109392092e-13,2.3377489568317841e-13,4.4105606124251926e-13,6.7653466012091083e-13,1.0418760362078039e-12,1.4145252606023412e-13
3.0925,1.0306119789093884e-12,3.0559722481142619e-13,2.5374512622154818e-13,3.9880941939601494e-13,6.2190773408890085e-13,1.0462582963139455e-12,1.2517736545047256e-13
3.095,1.1097411494396687e-12,2.6520462082913368e-13,2.9913999891813932e-13,3.0876319389125388e-13,6.5475605352913617e-13,9.9659826083034222e-13,1.0649660139109949e-13
3.0975,1.1165462183149088e-12,2.2230705077362385e-13,1.4606962985540418e-13,4.0170234120634862e-13,6.4586680764229363e-13,9.4550073728905014e-13,1.1559779696866687e-13
3.1,1.2671600071091495e-12,4.0128063137596015e-13,7.8273233594391416e-14,2.3956505758235384e-13,6.5719532088034752e-13,9.8594027957688473e-13,1.5169476712408534e-13
3.1025,1.1181194956737935e-12,3.1509522434208986e-13,2.4862589715445268e-13,3.3605354715061199e-13,6.2383104109003633e-13,1.011487491046243e-12,1.0677548531247086e-13
3.105,1.3801849011910566e-12,2.2564089438299423e-13,7.859363453787813e-14,2.079501978445122e-13,5.2277803255682268e-13,1.0275830438678018e-12,2.3542915593438311e-14
3.1075,1.2895767258633615e-12,2.6116684813848469e-13,1.9503864180946091e-14,3.0145183803141239e-13,6.6721274599522174e-13,9.6197131956885099e-13,1.1761933976702597e-13
3.11,1.4210972406928452e-12,3.1101583452380147e-13,1.2013525903911976e-13,1.7975987313821174e-13,5.6387892108114643e-13,1.1351494983222909e-12,8.3985308392347572e-14
3.1125,1.3656952825556891e-12,2.7443695782444848e-13,9.1740530324752491e-14,2.8358983234704168e-13,6.0526391849994682e-13,9.0553498372659463e-13,1.9749415410891046e-13
3.115,1.2995806873826872e-12,2.9264509140318921e-13,1.6000906327064087e-13,1.7011453611455761e-13,5.2131930865160122e-13,1.0427700879591677e-12,2.0913980376551572e-13
3.1175,1.3852960435032018e-12,2.0179281539100755e-13,5.9450163466920968e-15,3.3878028151707267e-13,5.8296962818646317e-13,8.9082963513142642e-13,5.4342820837779024e-14
3.12,1.4465174080046598e-12,1.8496235535825298e-13,2.4292241361464942e-13,1.64195567754229e-13,5.8465850867078617e-13,8.5917770884811601e-13,1.0376645130312344e-13
3.1225,1.399849791964895e-12,2.8516394684884539e-13,6.4295528752714022e-14,3.7237713553839786e-13,5.0890345109458659e-13,1.1408004713679212e-12,6.9210338313953619e-14
3.125,1.3511790173801893e-12,2.6903231255007859e-13,1.6859925772951464e-13,3.5426263932318973e-13,6.9904385810835356e-13,9.3924228062835059e-13,1.0372532030663267e-13
3.1275,1.3630513210951973e-12,1.5952003234982783e-13,7.3184129731152491e-14,4.4709479268463868e-13,5.5630001598243631e-13,9.4807835371015344e-13,2.7006259431017646e-13
3.13,1.4039717642069059e-12,2.8372433512074225e-13,1.0923820056787173e-13,3.8017619623539039e-13,5.6254879239332804e-13,9.4472723219486924e-13,1.8315719646497277e-13
3.1325,1.2029845269650146e-12,2.0779979226102102e-13,1.6273695174888726e-13,6.2676021803932924e-13,6.3110380108515775e-13,7.9907571919633605e-13,1.8006547107131752e-13
3.135,1.2631171272999815e-12,2.4034478131590469e-13,1.7517102724583215e-13,6.4285905732957926e-13,5.1384173943759511e-13,9.8095187341333839e-13,1.0906797066221192e-13
3.1375,1.2381723201255637e-12,2.194504761001992e-13,3.1272017030214192e-13,5.2146929971808277e-13,6.3779603103840746e-13,8.7740700978834169e-13,1.7059041628648339e-13
3.14,1.1984836609793785e-12,2.7826124528120015e-13,3.8493353803975825e-13,5.9664838362483338e-13,6.6897803274520642e-13,8.6125610802849777e-13,2.0058683185692077e-13
3.1425,1.1585370381124004e-12,3.5015350869308302e-13,3.9178904513587204e-13,6.8345601050631127e-13,5.8886746926090938e-13,9.5987081129464426e-13,1.5708746295695109e-13
3.145,1.1679081613206737e-12,4.5079523205758085e-13,6.2878019626998431e-13,8.0229497270362601e-13,8.0788471783391775e-13,8.9047416157811662e-13,8.5629796261953149e-14
3.1475,1.1506751683647636e-12,5.1707401571082547e-13,5.5763091232087293e-13,8.0212217169347158e-13,8.5586947166033498e-13,1.0031096052720808e-12,2.4648642766570065e-13
3.15,1.0928503603456094e-12,5.0963840100973724e-13,8.1667858446997916e-13,6.8076504384528087e-13,6.5974333720407511e-13,1.16273483182044e-12,8.9543561665765812e-14
3.1525,1.1535241817277268e-12,6.1573058939485629e-13,9.9887742913616338e-13,8.1047241043544611e-13,8.2133532125364078e-13,9.3209684583499581e-13,8.5611442633430183e-14
3.155,9.96253659992611e-13,8.3020396232538694e-13,1.0723061853859155e-12,9.0961385617442405e-13,7.9092749046930366e-13,1.0514236003068582e-12,3.0272356262885194e-13
3.1575,1.0132919793293146e-12,8.0811828899338838e-13,1.2192000375705669e-12,7.9386321047148611e-13,8.6780138832123716e-13,1.0639995139008203e-12,1.5817640004081077e-13
3.16,9.511213796937056e-13,1.1173450904931986e-12,1.3762112981069558e-12,1.0044123187702977e-12,8.3363551640832298e-13,9.6038104635837693e-13,1.7269021224891935e-13
3.1625,1.1063720441866187e-12,1.3110748543904963e-12,1.5104472011760536e-12,1.0268495040267588e-12,9.5594525770068301e-13,1.1194024065493459e-12,1.956578984375579e-13
3.165,8.0856581032353086e-13,1.5181969527505516e-12,1.3419085980369704e-12,9.9769914666450807e-13,8.5443554577238793e-13,1.0528666866033078e-12,2.9336499605536376e-13
3.1675,8.3979441542258826e-13,1.6878640788268463e-12,1.6117601087360991e-12,1.1847316120901042e-12,9.0508987327005268e-13,1.1381927193547262e-12,3.2336701391197464e-13
3.17,8.4715141801292804e-13,1.8735263484765085e-12,1.4621867888098963e-12,1.0587738094013401e-12,9.0386817140577162e-13,8.5334557974560501e-13,2.3077935094943611e-13
3.1725,8.2925649187039699e-13,1.9439045391542397e-12,1.5708669008773044e-12,1.157200751524902e-12,9.3824127914136473e-13,9.9075105399280748e-13,2.0026371160362891e-13
3.175,8.3296792204128415e-13,2.2201284693423492e-12,1.6514034707179851e-12,9.9742501872869836e-13,7.312703861775875e-13,1.0739151618839194e-12,2.2751347422740946e-13
3.1775,6.4897347500296601e-13,2.2856716388976978e-12,1.5836083271532705e-12,1.0458280155694417e-12,8.9674478778777586e-13,9.7849929591873622e-13,1.6940561169640991e-13
3.18,7.38263391729609e-13,2.2480672220937653e-12,1.3805020546775321e-12,1.0735170881938066e-12,8.1747978995732019e-13,1.0774874709751205e-12,2.51998197367968e-13
3.1825,6.2622851107156379e-13,2.2957387951742713e-12,1.3306269773452776e-12,9.5591643234312099e-13,8.8980488070793648e-13,9.9558456181062321e-13,3.3909617810269834e-13
3.185,6.622993606462882e-13,2.3558256565006072e-12,1.3873084709628753e-12,9.7048795275358638e-13,9.5308734990613238e-13,1.0042246547687229e-12,1.7978111689655932e-13
3.1875,6.0856112673721361e-13,2.1579196297506759e-12,1.2570079397477427e-12,9.5209760237163585e-13,8.1338025540862611e-13,1.0985334577989538e-12,2.2956314082509317e-13
3.19,6.4984452999281116e-13,1.9914419836094963e-12,1.2021455605309492e-12,7.099036846717937e-13,9.6697266462083413e-13,1.0508418787187717e-12,3.0282824838953431e-13
3.1925,7.4463372057808587e-13,1.7955707640205547e-12,1.272535645812166e-12,7.2817734836469434e-13,8.625027097637905e-13,9.7106537469541152e-13,2.7036549334244615e-13
3.195,7.1834593498443313e-13,1.6115818153444889e-12,9.9990569095838929e-13,8.5220597763655355e-13,9.3819573666403256e-13,1.0086632452723041e-12,3.2153475677823385e-13
3.1975,6.4796484369406289e-13,1.4234779321295223e-12,8.7943266265563319e-13,7.3456644524589721e-13,7.4813305111236961e-13,9.0047260827663692e-13,2.6738058870896612e-13
3.2,6.4107102194110336e-13,1.172014804738628e-12,8.3947127471217466e-13,8.3141562722709444e-13,8.2074099045698506e-13,9.7772644564232578e-13,3.3243139265379709e-13
3.2025,5.7504327298170941e-13,1.0054867885575124e-12,7.287091913872983e-13,8.2209514718413525e-13,8.694549654799712e-13,1.0437891460360643e-12,2.2868961631949521e-13
3.205,6.7261062546475207e-13,9.9049288797563976e-13,7.9562941906911015e-13,8.1806770221387162e-13,6.4135170390775708e-13,1.0170027657129971e-12,2.5454717466928169e-13
3.2075,8.5085316016002698e-13,7.481332058696821e-13,5.6560019555666368e-13,5.0722723441751354e-13,6.8572820021839953e-13,1.018817810965996e-12,3.2865299526065337e-13
3.21,7.614390351286117e-13,7.5044459352033672e-13,5.0697482288247768e-13,5.7185490925342266e-13,8.2856877112594299e-13,1.1127846592395892e-12,1.822478331152409e-13
3.2125,9.2797470420278253e-13,6.0569410213762157e-13,3.2663367567859834e-13,6.2122507470768915e-13,6.1610409885370288e-13,9.911267887223918e-13,1.8561071251046884e-13
3.215,8.2352311816162981e-13,5.1969029422333133e-13,4.2367082435327221e-13,5.1865800029307901e-13,5.862903254048723e-13,8.9122921633291512e-13,1.0240251382086651e-13
3.2175,9.2538460473905351e-13,4.6813559964093985e-13,3.1469704342673512e-13,4.6769150855110222e-13,6.4675234091018837e-13,1.0542932108085202e-12,3.7354830427799899e-13
3.22,1.0128517473599669e-12,4.7079080197761841e-13,3.0521555925418407e-13,5.4085667918856411e-13,6.6298289686356177e-13,9.5054918466508216e-13,3.774585884103383e-13
3.2225,1.0348205194358789e-12,4.4371132626364439e-13,1.7770582852205606e-13,4.0142688142719129e-13,6.7746197254184485e-13,9.9270535296797984e-13,3.3424183246669856e-13
3.225,1.1832842646752665e-12,4.0651703451049573e-13,1.3717054139420895e-13,4.7745457988530716e-13,5.6598181926827058e-13,8.9486448708413217e-13,2.8647480126843485e-13
3.2275,9.9308352396069669e-13,3.8730869033913775e-13,2.0275565869821546e-13,3.5292093700238423e-13,4.350250772939649e-13,1.0287246021738588e-12,3.4746486865633719e-13
3.23,1.2807750539081347e-12,2.6479352729078335e-13,5.9116188243067643e-14,2.8335427869465405e-13,5.299445271499605e-13,9.1490885358364704e-13,4.6150663928747086e-13
3.2325,1.2216584320441564e-12,2.800419421415217e-13,2.2494433316593347e-13,2.1119250858832298e-13,5.7387473558192181e-13,9.3428088248978403e-13,2.9545225690986769e-13
3.235,1.2091237708752196e-12,2.5816678977020387e-13,1.9316969806672828e-13,2.7563507771091074e-13,4.0163804349466496e-13,8.4280941893712527e-13,3.9704979966973486e-13
3.2375,1.165277562687332e-12,3.5334545141390915e-13,1.3920820183142217e-13,2.7651629759001686e-13,5.173235747128617e-13,1.0055908456663661e-12,5.807630853139119e-13
3.24,1.3290096473531204e-12,2.5521821370772517e-13,7.2421548942875137e-14,2.5510705792601991e-13,4.3874929228322704e-13,9.0606600541038211e-13,3.7952357359479657e-13
3.2425,1.2907082137992704e-12,2.076336674516287e-13,6.8805932908504687e-14,2.5005897441533917e-13,5.2382871442242324e-13,9.6234449838876313e-13,4.7967012782656096e-13
3.245,1.3446367296729854e-12,2.8659277298362445e-13,6.6357033209169762e-15,3.4036210797745027e-13,5.5142285599201761e-13,8.5909441954971962e-13,3.0494193582781801e-13
3.2475,1.378548277330024e-12,2.0711644196844862e-13,1.5587763981252783e-13,3.672948656099737e-13,5.1631013997708991e-13,8.2730618592425259e-13,2.3788054488906587e-13
3.25,1.1836701460837294e-12,1.60970828204945e-13,1.334625050908314e-13,3.9112209403150414e-13,4.3798470837211677e-13,8.7241669492682713e-13,2.7268668979288198e-13
3.2525,1.4797785279568588e-12,2.5644279601893144e-13,1.2242837753062859e-13,3.9263462961366485e-13,4.8751715489063832e-13,8.8555365821723622e-13,3.3929142521801639e-13
3.255,1.3675088614123674e-12,1.2125115651417548e-13,1.3745114855697523e-13,3.027483093679845e-13,6.068546902627309e-13,8.1157093741077504e-13,3.471850754039407e-13
3.2575,1.3900304348426626e-12,3.0934557234096376e-13,6.5379253801542554e-14,5.275879182671118e-13,5.3086702437176525e-13,9.1515099589795153e-13,3.1476326973349102e-13
3.26,1.2954148040475595e-12,2.3875832366381031e-13,8.5568366532194053e-14,2.4999858790840168e-13,5.6409285061881915e-13,8.0955517505454432e-13,4.7773412236855246e-13
3.2625,1.2361781125143361e-12,1.5335358231919705e-13,1.6425896133809584e-14,3.6329531029962227e-13,6.9238916719725958e-13,8.4310091403999203e-13,3.296595550117266e-13
3.265,1.386822830820861e-12,1.9000444729054672e-13,3.1425377282823383e-13,4.9072445240655668e-13,6.1418827922696234e-13,8.2568156627490745e-13,2.8008880875614197e-13
3.2675,1.2700556481789098e-12,3.1252006782403947e-13,2.1573750765222181e-13,5.1928998675684193e-13,4.1294653715548088e-13,7.7651270973733877e-13,3.9435539264221605e-13
3.27,1.2552016340552551e-12,3.2954938455276148e-13,4.4648378298413346e-13,7.0448999526970684e-13,5.6662110511251144e-13,7.3607591855144525e-13,3.8864995815164056e-13
3.2725,1.1875516610578127e-12,3.5252225334500544e-13,4.7457980679340735e-13,6.825593991707347e-13,6.9143162567947378e-13,8.980692857969661e-13,5.4379582752516752e-13
3.275,1.2048067628006908e-12,3.0361382135376634e-13,5.6728559012353769e-13,7.2994173798536086e-13,8.8040463329620837e-13,8.1941843914798184e-13,3.9753285322341314e-13
3.2775,1.1998230130188615e-12,5.8727922403017946e-13,5.4346541697138991e-13,6.5307464913025131e-13,6.487103911075169e-13,8.4794076050710295e-13,2.5304131596071048e-13
3.28,1.2294135813130002e-12,5.6179028654271942e-13,7.5119214833815839e-13,6.9016644671855053e-13,6.4247465495901416e-13,8.2948248019887158e-13,4.0238390932755423e-13
3.2825,1.0012157407987745e-12,5.6743253175462529e-13,9.1998864127742692e-13,7.5270596688542658e-13,6.7513075094760365e-13,9.5482082675893741e-13,4.5202468962889865e-13
3.285,9.9083085034506317e-13,8.0664124351081898e-13,1.1646793651468829e-12,7.7483607388944491e-13,8.642687968544233e-13,1.0547546579280968e-12,3.6501957693387476e-13
3.2875,1.1506295151354342e-12,7.9312627173431229e-13,1.1390050383194088e-12,8.7602400315752432e-13,7.7587591449669807e-13,9.3936900303397196e-13,4.505125914356112e-13
3.29,9.6936493982715698e-13,1.168637081279222e-12,1.2938784658164248e-12,8.3882134142079341e-13,8.3755842176374291e-13,9.8922490433787054e-13,3.1054813164744509e-13
3.2925,9.9409799612287041e-13,1.3446518894982961e-12,1.3600172526486333e-12,9.4685857483497873e-13,6.6981340227880332e-13,9.8372914954441069e-13,4.9314426225692461e-13
3.295,9.6327519905948147e-13,1.5674716333020195e-12,1.6356850120643527e-12,9.5828580878509689e-13,9.1647801625628493e-13,9.8996483709229499e-13,5.1721302296357181e-13
3.2975,1.0430594398843563e-12,1.5922810160899795e-12,1.3721912169631121e-12,1.0702666880439736e-12,8.0608115608019795e-13,8.556069356617295e-13,4.3864605414776712e-13
3.3,9.7642485614822525e-13,1.7993896245856284e-12,1.6667576820388568e-12,1.0908205453931219e-12,9.8595302379355969e-13,9.3794885399876031e-13,4.7228415783736228e-13
3.3025,7.073372692702202e-13,1.9387531987119714e-12,1.5635013566066569e-12,1.0491341733860014e-12,9.1546911762246582e-13,9.379885731853583e-13,3.4319451872636755e-13
3.305,7.2124313250032424e-13,2.0577195612623795e-12,1.6172917076750244e-12,1.041869789709875e-12,8.10253500448767e-13,9.4361093220489822e-13,4.8013366999595947e-13
3.3075,7.6525702473165462e-13,2.0856317163801944e-12,1.5322097509852156e-12,9.946223670294298e-13,8.9106231469484688e-13,8.982334678598245e-13,4.2249304633674482e-13
3.31,8.4840921592497896e-13,2.2864247203754696e-12,1.3588585314161206e-12,1.1543931658637014e-12,6.9813994187689046e-13,9.6445468233769007e-13,5.3570869787362238e-13
3.3125,7.8423329089229996e-13,2.2428042064006809e-12,1.4936413232194322e-12,1.1285607191953445e-12,8.1891480641535841e-13,9.9979536373130114e-13,4.9822519668572906e-13
3.315,7.644027573112459e-13,2.3050263358727433e-12,1.3517195921446393e-12,1.0145692875657968e-12,8.1976562313085378e-13,9.7035186600688135e-13,5.3799697333341918e-13
3.3175,7.4765847594101942e-13,2.1642409397574484e-12,1.3344564877749939e-12,1.0005010643357386e-12,8.920385578631506e-13,7.9879724479747956e-13,5.1674411483746411e-13
3.32,7.1446563360355309e-13,1.9289031948755158e-12,1.2058595354235632e-12,7.6442771684276556e-13,9.1361628470112472e-13,9.9501363752059379e-13,5.690896824989186e-13
3.3225,7.739330660438484e-13,1.8619756171796233e-12,1.1661140346451542e-12,6.8189912284917799e-13,7.5636600812954626e-13,9.4537011000837034e-13,5.7339723673448976e-13
3.325,6.729329241483064e-13,1.4780742304252721e-12,1.117950075981597e-12,8.5339491727415406e-13,8.4950085110456203e-13,1.0869428200001084e-12,4.8248451536463184e-13
3.3275,4.9989318285219131e-13,1.4310758114888925e-12,9.3352631521711408e-13,8.1618889548031386e-13,7.7177972049472415e-13,9.4105658603123468e-13,5.5183237449890933e-13
3.33,6.1713740543306943e-13,1.4857736055599913e-12,8.9723337367898058e-13,7.9483590275118124e-13,6.8359846743268717e-13,9.7193840564671723e-13,5.9792996886873741e-13
3.3325,7.6902433212090715e-13,1.2329621782206173e-12,8.096280901044275e-13,7.0623007452968214e-13,6.1735847686083128e-13,7.1514478887622736e-13,5.1401179194625954e-13
3.335,7.588684181802145e-13,1.0042527099649972e-12,6.9657146859974572e-13,6.5111493170465526e-13,8.1740158826933001e-13,8.0351644172033744e-13,5.9574795476130784e-13
3.3375,5.9397720627357108e-13,8.3955219486621354e-13,5.9989670164996462e-13,5.2388395312779511e-13,7.1830800943529155e-13,1.0915823175510786e-12,4.9181069812337205e-13
3.34,7.6218289388911724e-13,7.7075762482087378e-13,5.7651942371511216e-13,7.1630301887519449e-13,8.2139782939686044e-13,9.4360410176557025e-13,5.4906053540069456e-13
3.3425,7.0100171998316839e-13,8.1411999447136608e-13,5.8068632641363159e-13,5.2031291730586695e-13,5.4036875946074127e-13,8.9652282009077971e-13,6.398901130656033e-13
3.345,7.5761236275100972e-13,6.575937898968371e-13,5.0324878321275965e-13,5.6208862449900178e-13,6.9899943685644634e-13,8.1791809451002189e-13,5.3842321790474721e-13
3.3475,9.4054669625836561e-13,5.5220344074083283e-13,4.2655224162005336e-13,4.8662686195717729e-13,4.8390297935801427e-13,8.6191165658646779e-13,5.5467972642901495e-13
3.35,1.0119163192834726e-12,6.1236149048478156e-13,2.878105752628235e-13,4.2230881370143376e-13,6.1274761476743285e-13,9.2586175910897274e-13,5.3243857196381689e-13
3.3525,1.0322323184426653e-12,3.5020448594770034e-13,3.9859596348574163e-13,2.8244997418140533e-13,4.3245890803594477e-13,7.8758792181033521e-13,5.5268394599726866e-13
3.355,1.0664313797298427e-12,3.7378064363384314e-13,1.7810633168724491e-13,5.0066006517731106e-13,4.1480289133313765e-13,9.6046935177400987e-13,6.646151122816583e-13
3.3575,9.3739624863002803e-13,2.7542709963617196e-13,2.8139966044039883e-13,2.7355871173929879e-13,6.1228913429070211e-13,8.3782552547216e-13,7.0596244421545787e-13
3.36,1.10030006455155e-12,1.671409708313436e-13,1.4605577545398526e-13,2.1552885048653193e-13,4.6167662483630627e-13,9.1224955946883504e-13,7.5691821500761857e-13
3.3625,1.1685940198502387e-12,2.4892651861744576e-13,-5.1278068254466741e-15,1.8362327920474255e-13,4.65918076769212e-13,6.7455525484897212e-13,8.6919568337012197e-13
3.365,1.2537580635552474e-12,2.3855320205339278e-13,2.1682061418278721e-13,2.8051466702771076e-13,3.8159782000339579e-13,7.454447104971847e-13,8.3244502973427444e-13
3.3675,1.2358184657457232e-12,1.9201761499045953e-13,1.4004744828553725e-13,3.31267279416639e-13,4.270660362573393e-13,7.886776050371579e-13,7.092707648745199e-13
3.37,1.3035648423207498e-12,1.79740815564548e-13,1.4584963823706677e-13,3.851145139896667e-13,4.7039484299871336e-13,7.6546133731306548e-13,6.8126433778001401e-13
3.3725,1.1759253209457652e-12,2.2305401316472963e-13,7.5393597743977708e-14,1.7507423841895475e-13,4.8896710757817533e-13,7.0882680503141927e-13,6.3413136581268662e-13
3.375,1.4225735929082855e-12,2.4282832865324573e-13,3.1027963408502692e-14,3.6659624447564003e-13,4.6219935393731137e-13,8.5448405635881033e-13,6.6848901784873821e-13
3.3775,1.4782432154960708e-12,2.3349612113963446e-13,2.4096035790078187e-14,3.4098064352722366e-13,5.1675605029452401e-13,7.9899685963911622e-13,8.5044379136793171e-13
3.38,1.2968848054313555e-12,4.434000914755863e-15,1.8013019071536102e-13,3.2873057326936441e-13,5.6118253118697886e-13,7.4675677848329764e-13,8.6518310156979789e-13
3.3825,1.3326896501437647e-12,5.9223695565970803e-14,1.2742794741737504e-14,3.619835300438073e-13,4.8005534193260626e-13,9.0195518116519881e-13,8.5597192946309898e-13
3.385,1.3503299487989765e-12,1.0307145509619392e-13,1.847304457664852e-13,3.4855983518602341e-13,5.1326993360405218e-13,6.9807474761503573e-13,7.6324957461521618e-13
3.3875,1.349472503709408e-12,1.1803231944434818e-13,1.5908443110846321e-13,4.2406770150591756e-13,4.6019645030854854e-13,7.232204734805517e-13,9.2384366924447783e-13
3.39,1.240135934046058e-12,1.6852699852514048e-13,1.4050924493247351e-13,4.0300259911554696e-13,5.2936588311850643e-13,8.1474599501756669e-13,8.7437302096235863e-13
3.3925,1.3149530384030194e-12,1.2401641246224061e-13,7.1550630100665476e-14,3.5975239130460538e-13,5.3145572145868762e-13,8.395457647793115e-13,8.4285582364903929e-13
3.395,1.3401882670328144e-12,1.7011780503872363e-13,1.1917225622428844e-13,4.0363730935927221e-13,4.9071289269931784e-13,6.7129057266166127e-13,7.3479434114532258e-13
3.3975,1.2424381435687029e-12,1.8571226167779968e-13,2.3166835068044483e-13,4.3676641789637336e-13,4.9811269290141167e-13,7.441275607862516e-13,1.0731618193576244e-12
3.4,1.2487895696914318e-12,1.7091824632107605e-13,2.492638047155099e-13,5.2499991278239103e-13,6.4169207980140132e-13,8.555748383405161e-13,9.6512240861328147e-13
3.4025,1.2632063856120499e-12,3.4673035332053611e-13,2.8751814785920009e-13,4.2140605295201577e-13,6.3979278307809645e-13,9.034996729749261e-13,8.9781269322379805e-13
3.405,1.1286612540906546e-12,4.1417049818257613e-13,6.0706874273639562e-13,6.9181336491867973e-13,6.2131018695300926e-13,7.7988057325217114e-13,1.0787056876928592e-12
3.4075,1.0774299306753804e-12,3.0991498763170947e-13,6.8518332677576504e-13,5.8388161602579431e-13,7.1751011840465745e-13,6.9453411296655675e-13,9.9473424106438161e-13
3.41,9.8822494297939587e-13,4.801565247629803e-13,5.799652712344092e-13,6.6792456358207922e-13,7.6375096086083459e-13,7.4184697135857443e-13,9.5216898866425852e-13
3.4125,1.0649498559474899e-12,5.0537249575055734e-13,8.1433649727570654e-13,8.5042074577094587e-13,7.4261629502710093e-13,7.3631677153141964e-13,1.0055952023429654e-12
3.415,8.5405771470186461e-13,6.5984664819217198e-13,9.5201997528564893e-13,8.826508359096382e-13,7.4950822509649083e-13,7.3942880105822747e-13,1.0777991403214194e-12
3.4175,7.4164868045715851e-13,8.4232093166210278e-13,1.1658747730306755e-12,8.0425689315920126e-13,8.0220802330480889e-13,7.6971233781451109e-13,1.0999227701532844e-12
3.42,1.0384416169101695e-12,9.0373718046376739e-13,1.1733301445774988e-12,9.5229964616966777e-13,7.619526706622129e-13,7.4367362429295775e-13,1.007203959737987e-12
3.4225,8.9464397120250952e-13,1.1403667576840015e-12,1.2913211857488304e-12,9.1155302026406729e-13,6.8120229946432167e-13,8.024558854302542e-13,1.1063641186486612e-12
3.425,1.0320530178414646e-12,1.4503528652916621e-12,1.3265944061903861e-12,1.161361023070643e-12,7.3805978311830107e-13,8.0015072615694072e-13,1.1296721853278185e-12
3.4275,8.1128369500424811e-13,1.5774035207301588e-12,1.4127061895476684e-12,1.0432365970903306e-12,1.0581687047493043e-12,6.7615812470712853e-13,1.1104651385438642e-12
3.43,8.7743511806892648e-13,1.6745559340042252e-12,1.5390073609875788e-12,9.9895472974110725e-13,7.4626796061493742e-13,9.1412844021953193e-13,1.1312384397885408e-12
3.4325,7.7256059863537033e-13,2.0457567666426329e-12,1.5536297197068009e-12,9.3682284733988113e-13,8.0847696500926508e-13,9.7010310315272969e-13,1.1353934691016938e-12
3.435,7.4288693905310928e-13,2.1204573358501165e-12,1.3694809302879664e-12,1.0248900247869369e-12,8.4323870904580545e-13,8.2168320710440146e-13,1.1607585170720287e-12
3.4375,9.090091021666048e-13,2.2684506989593112e-12,1.5299462412882683e-12,1.0583835406931496e-12,7.4057630521671959e-13,8.9660235989790687e-13,1.2115584591253023e-12
3.44,6.9025428950562204e-13,2.1575972672951596e-12,1.4701554195876256e-12,9.2433404611134586e-13,7.4667563239692349e-13,8.1430586037653399e-13,1.1983032104166112e-12
3.4425,6.8376822431427354e-13,2.3015176330185777e-12,1.4320973346231579e-12,8.9181429754975387e-13,7.9968984620669917e-13,6.9957919786679629e-13,1.2343713779308983e-12
3.445,6.8562607883839646e-13,2.1553549106855843e-12,1.3979036994753902e-12,9.9891755705069705e-13,7.6358476406557733e-13,7.7014183602377658e-13,1.2065740604813149e-12
3.4475,6.9622278937073553e-13,2.1435056325594812e-12,1.2147652079966607e-12,1.0073027503448159e-12,9.5451001661763011e-13,7.8526856638734329e-13,1.0968045346530448e-12
3.45,5.7429505875051051e-13,1.9799364963948877e-12,1.221158867342333e-12,8.2138123416625371e-13,7.6027925973004582e-13,8.6356598318821638e-13,1.1727936006321816e-12
3.4525,6.5937537956615655e-13,1.7842922147716221e-12,1.1612679845590425e-12,9.5769680424227435e-13,7.43317480260852e-13,9.1883868835378146e-13,1.1842030973978969e-12
3.455,6.3017518853614721e-13,1.6664284026139076e-12,1.1209859211453728e-12,8.1405956450343318e-13,8.6097446398614596e-13,9.7889493235371228e-13,1.2450906834315856e-12
3.4575,7.6219947855620387e-13,1.5457059498685865e-12,9.0545033894427637e-13,8.524919994246578e-13,7.5762887681090074e-13,7.8411384758720279e-13,1.1617477505783894e-12
3.46,8.6356013097476846e-13,1.2635748341615312e-12,7.6335069311492085e-13,6.1167529472168255e-13,7.5668397594580109e-13,7.3456160912961097e-13,1.3129532986330233e-12
3.4625,7.0738811632518951e-13,1.0852294254567486e-12,7.5988009084434164e-13,6.9963947778844446e-13,6.895894716393142e-13,8.7495613305545571e-13,1.3186550219565405e-12
3.465,7.567680240256198e-13,8.8631365710204821e-13,6.6059785030337839e-13,6.4072573500991807e-13,7.7291377122375293e-13,8.5473932168832372e-13,1.2172124158857779e-12
3.4675,7.1822756097753073e-13,8.6718764549061209e-13,6.9599056993876605e-13,7.0045681241035027e-13,4.99393888177886e-13,8.5186242118907971e-13,1.1353765648993987e-12
3.47,7.5675076188099488e-13,7.680315678690366e-13,4.6161071354604793e-13,5.7696530491700352e-13,6.6633670029291512e-13,8.8375270357290012e-13,1.0675640177495455e-12
3.4725,7.1338031193796825e-13,6.2604170870298401e-13,3.8722454295656005e-13,4.7563288540254049e-13,5.63434672783116e-13,9.2166549583073857e-13,1.1251423278344658e-12
3.475,8.3553785397651455e-13,5.6936976646904249e-13,4.84681513333981e-13,5.8104531390749916e-13,6.4420150533754394e-13,6.8461382497098914e-13,1.2281244547166396e-12
3.4775,8.7463323940107817e-13,3.801617361343488e-13,3.374287845849397e-13,5.7608438206932836e-13,5.6606193293791366e-13,7.6229656607516198e-13,1.153485251720376e-12
3.48,8.0348615859631613e-13,4.815284656556811e-13,2.7100020107176689e-13,4.1517836911346179e-13,6.4105684700786659e-13,7.8952722381037734e-13,1.3076656634981767e-12
3.4825,9.7312559245205829e-13,3.8426959880505562e-13,2.8380433694805873e-13,4.6183823768047337e-13,6.3091557539362647e-13,8.1112089229008801e-13,1.1446843917212622e-12
3.485,1.0492550689952509e-12,3.5746569226610016e-13,1.6631615899540068e-13,4.6941136696983886e-13,5.1746143805715211e-13,7.7152738591235379e-13,1.2124390290715616e-12
3.4875,1.0737128859245401e-12,2.2452711876544287e-13,1.8679296013337331e-13,2.0670009072173509e-13,4.6295805527985797e-13,7.4139981288035954e-13,1.1186343992249378e-12
3.49,1.020525329526998e-12,2.8415062951961179e-13,1.1114321156339498e-13,1.680676328432777e-13,4.2190173246351499e-13,8.2725126349020512e-13,1.2229553907991647e-12
3.4925,1.189057076083058e-12,1.9512417337122656e-13,1.3343438593390855e-13,2.2809485657561868e-13,4.8739310187343553e-13,8.8076050902578162e-13,1.1949893102057846e-12
3.495,1.1312269742810656e-12,2.4903462959454457e-13,1.5192719096946182e-13,2.4951873926742633e-13,5.0897783041483483e-13,6.9038038602074374e-13,1.0695225076095534e-12
3.4975,1.3524730105360706e-12,2.6534756809072845e-13,1.1793422369424426e-13,1.6708518788339145e-13,5.7397922330684823e-13,8.5285782728985325e-13,1.1807246468085971e-12
3.5,1.2123670354725946e-12,1.8387869733664769e-13,2.1544961878197354e-13,3.5336409805874873e-13,4.0659402198955213e-13,6.859546499255301e-13,1.1392577481911406e-12
3.5025,1.3636642449690688e-12,1.7314718261812257e-13,1.7856214403136351e-13,1.7089988135510913e-13,4.2400226745726433e-13,8.5619584563998194e-13,1.1061681119277659e-12
3.505,1.1691409379730245e-12,2.7993092846289362e-13,1.1746906118902012e-13,2.7242305103861317e-13,4.879770146098228e-13,7.7833081622271084e-13,1.0432055243620422e-12
3.5075,1.414387806971734e-12,1.4655856147470666e-13,1.6669217162071407e-13,8.8608096931056759e-14,4.309108416742096e-13,6.6887716489003423e-13,1.1285532082450355e-12
3.51,1.3004026361608579e-12,2.39816175617529e-13,4.8071976120504696e-14,2.8242069668441022e-13,3.4198855105223141e-13,7.5894074354415524e-13,1.0696588622655945e-12
3.5125,1.3552116420000855e-12,3.0501655288404227e-13,-6.1364562366010788e-14,1.6471251950409817e-13,4.1004447495767222e-13,6.2920621211684749e-13,1.2333456760777585e-12
3.515,1.3630577388540512e-12,1.2740507072460234e-13,-9.1712236732199686e-15,3.2223621156396485e-13,5.6462303931730309e-13,7.8941394891075623e-13,1.177589390942204e-12
3.5175,1.2870105622547988e-12,1.8802526254836666e-13,1.7604130265187649e-13,3.9982584410666999e-13,4.0264478422438873e-13,8.4269802781498509e-13,1.0036114024259034e-12
3.52,1.1732900468376792e-12,3.0059142220583377e-13,1.5276630535281168e-13,4.2761221139133246e-13,6.0985457097121489e-13,6.7659327915282141e-13,1.2017816274552838e-12
3.5225,1.2910689571655238e-12,2.9593650174394573e-13,1.9316560050170838e-13,3.8837580836812915e-13,4.6471030823949935e-13,7.5311204902441345e-13,1.3973075510496759e-12
3.525,1.1457724152133043e-12,1.2012435800647091e-13,1.6208850372101295e-13,4.1290638301033696e-13,4.3388241941838359e-13,7.696014479757495e-13,1.1770859649619521e-12
3.5275,1.1893491707314505e-12,3.8614168216983062e-13,3.1288977538761324e-13,5.0540312184322618e-13,3.5328874186455219e-13,7.2881319394939963e-13,1.1662896099737957e-12
3.53,1.1018911283575389e-12,2.4523971202190966e-13,3.5678596425379453e-13,4.6830653332029531e-13,5.8017820383017867e-13,6.2907553853289608e-13,1.158892795117593e-12
3.5325,1.2868991154396725e-12,2.7036037670332971e-13,4.5291196344836314e-13,4.6511997836565385e-13,5.839068650877165e-13,7.491696459271605e-13,1.2243253344461011e-12
3.535,1.1552856561829832e-12,2.0223392917911056e-13,6.1269742155335016e-13,6.9087539491819021e-13,6.8751301451836329e-13,7.2735228022856688e-13,1.2197851306098026e-12
3.5375,1.1205579676669038e-12,4.009077301279966e-13,5.5973982133473645e-13,6.7951877991578809e-13,5.7846695233360496e-13,7.1347893704027761e-13,1.0928589970641366e-12
3.54,1.1752088878092936e-12,5.1724624395614639e-13,7.5707523606072827e-13,8.0249608532227723e-13,5.896600234142316e-13,7.254048168444207e-13,1.178021925750857e-12
3.5425,1.0413822856956524e-12,5.8768926765289221e-13,8.1824644493679571e-13,6.1688085015709028e-13,6.9290389639902413e-13,8.2868511988124732e-13,1.2152934918644187e-12
3.545,8.7250973233743295e-13,6.3482899079540078e-13,9.0465981365272283e-13,7.8557312709985154e-13,6.6810450999126483e-13,8.5744098483793851e-13,1.2017603562527787e-12
3.5475,9.0249563671118993e-13,9.4245497922702938e-13,1.1431697219049076e-12,8.3410987996295412e-13,6.187719937264887e-13,7.4811708528048265e-13,1.1864248449658021e-12
3.55,8.9948520996599611e-13,8.9475299686162598e-13,1.1959487404221652e-12,8.9441450375651736e-13,7.2627483626809548e-13,7.362556842297193e-13,1.1535775158283084e-12
3.5525,1.0798584202877951e-12,8.9554091900890245e-13,1.2428011015017488e-12,9.4333259123703607e-13,8.4539381837469838e-13,8.5400760269513613e-13,1.0712637720132176e-12
3.555,1.0111143660853451e-12,1.2547368812774674e-12,1.3865190106613351e-12,1.0600788449140487e-12,6.3723778846432059e-13,7.9203849178031167e-13,1.3230008143228682e-12
3.5575,8.0819269942460214e-13,1.5892108683314108e-12,1.3810608298120893e-12,1.053222276052742e-12,6.9356732128960615e-13,7.9331100675416331e-13,1.1202096742428494e-12
3.56,8.7828781505417564e-13,1.6042665486844262e-12,1.3348796822203365e-12,1.0004547817978337e-12,8.7493251713648347e-13,9.2917618422711542e-13,1.2171078808411006e-12
3.5625,9.0423366086097016e-13,1.7883021463365766e-12,1.335778613484793e-12,9.843847413944053e-13,8.4749296831881802e-13,5.7969788853666262e-13,1.1674234869926177e-12
3.565,7.8783022515439764e-13,2.1264575004849277e-12,1.4585135170821713e-12,9.5064653284685764e-13,6.8953616658530087e-13,7.2073189483951893e-13,1.2133836373839567e-12
3.5675,7.8191658442043487e-13,2.2424848669519518e-12,1.4118868450533989e-12,9.6549807019065335e-13,8.8146898916057114e-13,8.0780825329646577e-13,1.1548742994028725e-12
3.57,9.1279142077426424e-13,2.0605704434504314e-12,1.4313621505413187e-12,9.0501764284818196e-13,8.5154771281151028e-13,7.6861603252505978e-13,1.2631505349000924e-12
3.5725,6.3769649476135996e-13,2.2556362067409542e-12,1.3034177824771094e-12,9.1939499613872862e-13,7.8327308603560417e-13,7.6527768923238563e-13,1.2623918685777884e-12
3.575,8.1753108261664128e-13,2.1989404664329899e-12,1.349566307244723e-12,9.097179072019741e-13,7.2025931632889719e-13,6.8244717903408914e-13,1.2692764801251695e-12
3.5775,7.1204256938769661e-13,2.0503497324949376e-12,1.3335408592874194e-12,8.6233419451773319e-13,7.990066689508571e-13,8.4001101428746051e-13,1.2556586800375323e-12
3.58,5.7210913430022424e-13,2.0116378319101134e-12,1.0579457896001317e-12,8.093875206335959e-13,7.560912947210127e-13,7.9690123846097867e-13,1.211001001623578e-12
3.5825,6.8455308377407339e-13,1.8705838769880968e-12,1.1969880435626472e-12,9.0766044098791746e-13,8.1107886148454327e-13,6.6194416135839996e-13,1.238600615503627e-12
3.585,6.0488577302290156e-13,1.6458613679897897e-12,1.1045388648933366e-12,7.6116081471411514e-13,9.1595757822311742e-13,6.2136879093504048e-13,1.3448850021324356e-12
3.5875,7.2829317328163601e-13,1.5533234518857921e-12,9.4740699333998679e-13,7.5575824844163454e-13,8.1632455703292928e-13,7.765436480656314e-13,1.335499996086186e-12
3.59,6.4686943826874718e-13,1.3231077859469051e-12,8.2573050615920647e-13,6.8214476249602412e-13,7.7642062015331574e-13,7.4159601621524013e-13,1.344722198488571e-12
3.5925,6.1772090944753839e-13,1.1315213191993862e-12,7.5370232928079633e-13,6.1793363420175903e-13,7.4861576385930076e-13,8.8464332969494999e-13,1.4410743223058656e-12
3.595,6.7804626928657354e-13,1.0416379553800055e-12,6.638954963524075e-13,6.2246369956195816e-13,6.2261257655290213e-13,9.2585812981013522e-13,1.355753501987659e-12
3.5975,6.1568543305902639e-13,9.1302824734348765e-13,4.9078782476871177e-13,7.5375043184734329e-13,8.3429431703283994e-13,7.5974788412985572e-13,1.3435373906784947e-12
3.6,7.4516839041800797e-13,8.1237759109459781e-13,6.8686937076430194e-13,6.2045575260401883e-13,6.007216834758312e-13,7.0796932750978783e-13,1.5588873017505655e-12
3.6025,7.0077906159185629e-13,6.0813046068627839e-13,4.0245303899799284e-13,5.300954512393142e-13,6.3414369134315198e-13,6.0745805147092242e-13,1.3596928297070196e-12
3.605,8.2634856040124072e-13,6.2409815174050855e-13,3.8142459253736163e-13,4.1488003170079557e-13,5.6236262967343843e-13,7.9138973792728511e-13,1.4026533005587037e-12
3.6075,8.498928926420585e-13,5.2767172104199479e-13,2.4891228809123835e-13,3.6322107241530207e-13,4.4310488289459403e-13,8.2584218562292443e-13,1.5020658713792543e-12
3.61,9.8657677225768259e-13,4.9584298007318355e-13,3.44481651571138e-13,4.2221691684686575e-13,5.0211350509438968e-13,7.4662757055955658e-13,1.4092857768405253e-12
3.6125,9.4428888872978853e-13,3.5580372147581274e-13,2.08963998903071e-13,4.0979319294503885e-13,5.1179515942345957e-13,9.6193617550548778e-13,1.5080733908547152e-12
3.615,1.1049325656575718e-12,3.315623897397234e-13,5.4339330612666247e-14,3.5126273055106153e-13,4.8071709160004504e-13,8.0769798082310264e-13,1.5563673424869673e-12
3.6175,1.0732000852593547e-12,3.3908722694712524e-13,1.8081807892855738e-13,2.9372290052672229e-13,5.0082235986606511e-13,8.8827333462453129e-13,1.4450184795138868e-12
3.62,1.0357550896404365e-12,2.8361530370480072e-13,-2.9208747969004993e-14,2.598415208836516e-13,5.5563519199970662e-13,7.471629491066091e-13,1.550746680721313e-12
3.6225,1.0827593783615485e-12,7.879963868453557e-14,2.8815098954925445e-13,2.4624475411347769e-13,5.2935524547449382e-13,7.0238320079956933e-13,1.5515577126699933e-12
3.625,1.0781938754141649e-12,2.1822190002630917e-13,1.8066813071833479e-13,1.6840734396278148e-13,4.0307094632074558e-13,7.7572132614230634e-13,1.5951229567607401e-12
3.6275,1.1446138978807131e-12,1.4856062684079592e-13,1.5869707040409942e-13,3.047902205306982e-13,4.9187789549683068e-13,6.8998735016137136e-13,1.6602634169175601e-12
3.63,1.3655123795148561e-12,1.3209698431518091e-13,-8.1198616499836362e-14,1.8905642840472741e-13,4.4951068697199923e-13,5.3477533332930881e-13,1.5223501169723339e-12
3.6325,1.1395583051011363e-12,2.4858745384125288e-13,2.9491395253124447e-15,1.8050748436036169e-13,3.6065144178927823e-13,6.6616756072192336e-13,1.6346769685736632e-12
3.635,1.1478142542265958e-12,2.6187543812749741e-13,4.4200230201741117e-14,2.3216840056163655e-13,4.322304525087484e-13,7.7139302638180515e-13,1.5001363468725616e-12
3.6375,1.2535477127760987e-12,1.081763866159316e-13,1.1836679272768377e-13,1.5857520761822583e-13,3.0189079276712535e-13,7.3671946043846771e-13,1.6551841024038165e-12
3.64,1.3064641846736966e-12,7.5170990595305181e-14,1.2744710948736921e-13,3.0089345241986752e-13,3.3914783364735661e-13,5.4239122682432016e-13,1.56642590283298e-12
3.6425,1.1677844309279903e-12,3.1029703999980772e-13,2.1810985158984218e-13,3.0464622123641648e-13,3.054163482780169e-13,7.5345638011249411e-13,1.6454766160798608e-12
3.645,1.2544001515923131e-12,6.7059500621275467e-14,3.1920447180286069e-14,4.4014433755808385e-13,4.9038283209039187e-13,6.3098649719422287e-13,1.717679952365083e-12
3.6475,1.185471889106945e-12,1.9870269094289915e-13,5.463879409968096e-14,3.5318393144499133e-13,4.8404885051808404e-13,7.498196659998939e-13,1.7180748713306625e-12
3.65,1.29970186854234e-12,1.7860114290569383e-13,1.7776282853315654e-13,3.3138771069636989e-13,5.3390978523039954e-13,8.0144116730161223e-13,1.6975669230281657e-12
3.6525,1.1927418046982785e-12,2.7482627264963977e-13,8.1853362139703758e-14,3.3947584767287261e-13,5.5112319660396194e-13,6.9700009530964441e-13,1.522244075489584e-12
3.655,1.2268171321040799e-12,1.3958711750112491e-13,1.4820127077421134e-13,3.8244274874529601e-13,5.7078499575412571e-13,6.3161715181085776e-13,1.5869238212033483e-12
3.6575,1.1705941959075865e-12,3.2327493215755649e-13,2.1223680324750069e-13,6.3369512992479762e-13,4.8561237414369252e-13,5.9194998122158506e-13,1.702297950253534e-12
3.66,1.2471655191658068e-12,2.931842640345094e-13,5.3036924575717926e-13,6.6905855383298335e-13,4.2496029880583393e-13,6.9586378238838267e-13,1.6877175582163703e-12
3.6625,1.208967266375082e-12,3.2098777680949258e-13,2.9447462830611388e-13,6.2508764221287594e-13,6.1853180422736723e-13,5.1458640607036971e-13,1.7880573718709765e-12
3.665,1.1060415282081478e-12,4.5350957115144886e-13,4.5927221308629534e-13,6.4960542078225622e-13,6.507759910192289e-13,7.7632384785038323e-13,1.7193900336661568e-12
3.6675,1.152822171299947e-12,3.5691494636830237e-13,5.500717031647007e-13,6.7060856371451842e-13,6.8914790879698841e-13,6.9461536449737125e-13,1.6191080398523272e-12
3.67,1.1778510316957977e-12,4.814045954374145e-13,6.7112782523584043e-13,6.8250981830744563e-13,5.2404759064356693e-13,7.6640338154340656e-13,1.5709795031103594e-12
3.6725,1.0709224202079178e-12,5.5653091789577423e-13,7.2467584139110104e-13,6.3092196793575209e-13,7.2855653037455907e-13,7.5520046792946644e-13,1.5339889925779055e-12
3.675,9.9445275955647481e-13,6.5471500243522043e-13,8.4465572950011791e-13,7.9936765525620713e-13,6.9481143065346572e-13,7.0012374784321732e-13,1.7338397474404577e-12
3.6775,1.0379565582533395e-12,5.5302464489792076e-13,1.008030464986435e-12,9.216994982352125e-13,8.8887019557096515e-13,7.3912703010441211e-13,1.6042678373832778e-12
3.68,9.9310778256627006e-13,9.623640019851808e-13,1.2160380834034117e-12,9.634539356550576e-13,9.105136863195513e-13,6.0738507600870696e-13,1.5960426408762074e-12
3.6825,1.0113791062309803e-12,9.8739501294593937e-13,1.1124359625614795e-12,9.6470840112952615e-13,7.3092434339742473e-13,7.0913081544100451e-13,1.5003505597146091e-12
3.685,9.8810044370974003e-13,1.15344295150512e-12,1.2484021742862773e-12,8.9728658106822398e-13,8.4068271545114219e-13,8.9991816103272196e-13,1.7818454080811514e-12
3.6875,9.7683016721618549e-13,1.2646714222497995e-12,1.3836617076470299e-12,7.2652592061892422e-13,7.5201644624929e-13,6.7348557318481431e-13,1.5666980298364835e-12
3.69,7.97722137925159e-13,1.4860388807709907e-12,1.4714688758129149e-12,1.0175926046440612e-12,8.9984681316429573e-13,6.9812993399433136e-13,1.5268283978063164e-12
3.6925,8.1394500090910161e-13,1.8043766766353021e-12,1.4260116172615091e-12,8.3264883123200137e-13,6.9954906872050488e-13,6.3175002640420515e-13,1.5111761218020949e-12
3.695,7.189409064123779e-13,1.8967974828037454e-12,1.3432818202746883e-12,1.116564039629141e-12,8.4619913614858749e-13,7.057898995081341e-13,1.6773454652509038e-12
3.6975,8.5767536969893872e-13,2.13356498419766e-12,1.5202913006814778e-12,8.6794648310745218e-13,6.8202487583873251e-13,5.706365574474525e-13,1.6341409304272082e-12
3.7,8.5312671029030659e-13,2.1275948946048181e-12,1.4600654929917194e-12,1.0412743893052516e-12,9.6555796727660636e-13,6.896092303139182e-13,1.6182250038107136e-12
3.7025,7.0916682246847864e-13,2.1829231328121542e-12,1.4491920170618023e-12,8.9610229726140089e-13,7.2977702614295403e-13,7.1915505263946175e-13,1.587895775388838e-12
3.705,7.4205872156372477e-13,2.1857123186417491e-12,1.4524093216671064e-12,1.0628772021285161e-12,9.1172390957162686e-13,7.7822477527272062e-13,1.4980686142413601e-12
3.7075,5.8710712966054758e-13,2.0887798131105447e-12,1.1810841909192697e-12,8.3015723539958465e-13,8.0850303297205157e-13,6.6412739423315045e-13,1.5700099573130304e-12
3.71,6.485723507736883e-13,1.9878229879458576e-12,1.201325451219982e-12,9.473243761129337e-13,8.836863598694601e-13,7.463017393811577e-13,1.5285105465661716e-12
3.7125,7.7359542198175087e-13,1.7504830190926153e-12,1.1645920544848179e-12,7.3744236134274957e-13,8.3380274692764028e-13,8.0101378958803369e-13,1.5908698347493318e-12
3.715,6.5322002218543894e-13,1.8425221413982964e-12,9.9628691300263665e-13,7.9795196813569568e-13,7.3202923651481954e-13,7.3258026421126346e-13,1.4376205577549943e-12
3.7175,7.4270711970348603e-13,1.4391941745273358e-12,9.1033828518339321e-13,8.3923044997333242e-13,7.1484502494637814e-13,7.1526088958215278e-13,1.4657182805557939e-12
3.72,6.9366839269192189e-13,1.3154480770929975e-12,8.267314357497485e-13,7.7891135096872001e-13,4.6931987596730654e-13,7.9155949476269124e-13,1.3841002273416211e-12
3.7225,7.1223728567685955e-13,9.9120641562265561e-13,5.5280688527651424e-13,5.405580488310844e-13,7.6804448371966666e-13,7.2557331343350059e-13,1.3951401376807839e-12
3.725,6.2225525141335632e-13,1.0543406075296671e-12,7.7910949108630486e-13,6.8257149909293794e-13,7.8482578909179972e-13,7.3314613680170543e-13,1.3770914645011011e-12
3.7275,7.209194587797645e-13,8.8241297500268256e-13,5.8084922661277606e-13,4.4976694752677436e-13,5.8858900329351286e-13,8.877648370654613e-13,1.3413830883547614e-12
3.73,8.0582882648681014e-13,7.9130006542227866e-13,6.1128507771007784e-13,4.0772381737040772e-13,5.1745685867534697e-13,7.7169443786946868e-13,1.4530094710587148e-12
3.7325,7.6664166838906017e-13,8.0283336682570875e-13,4.9763590803197943e-13,5.4817461863456127e-13,5.2360262216922508e-13,7.4342318976118343e-13,1.4084206190600204e-12
3.735,6.7996559065902776e-13,6.5696058936609139e-13,3.4471129106008013e-13,4.3235598765264476e-13,6.6808524113295505e-13,8.5596751302791664e-13,1.4251112518682121e-12
3.7375,9.3489876304699931e-13,6.1031699850645276e-13,2.2277022601951399e-13,3.6062962992860547e-13,4.8161407934569294e-13,6.7384616484760614e-13,1.3794948526390747e-12
3.74,8.9585529583472606e-13,4.5132800912348622e-13,2.2260858737569237e-13,4.5080739721096396e-13,5.0612703258561052e-13,6.6575757206120459e-13,1.4880112308670961e-12
3.7425,8.4596196242832396e-13,3.4692101645255677e-13,2.4696519355564634e-13,3.8230511007577225e-13,4.9836062689023691e-13,6.545912384407115e-13,1.6105748807599123e-12
3.745,1.0889924647182395e-12,3.2467260794477858e-13,1.8834417698508801e-13,3.5595255796483495e-13,5.8124339269844977e-13,6.671604438203764e-13,1.3188594584698375e-12
3.7475,1.1601913795885915e-12,1.6221708673023778e-13,4.066061167261387e-13,3.6695677737738624e-13,4.1622727466658762e-13,6.5256611516385619e-13,1.56383047853234e-12
3.75,1.1289764275922839e-12,1.012090016704774e-13,2.0612219144166583e-13,2.894391634744025e-13,4.121403927346746e-13,7.3325470830644888e-13,1.3290789848724154e-12
3.7525,1.1279418111196847e-12,2.336090800099127e-13,7.6377332844532131e-14,3.0641822540359235e-13,4.963933575346551e-13,5.1458929318163839e-13,1.4709057761346998e-12
3.755,1.0396450064929488e-12,2.6395168651708892e-13,8.0854517074127901e-14,1.8208376979387848e-13,4.4020806296733805e-13,6.3884006043616394e-13,1.3312280930071905e-12
3.7575,1.1787177133215125e-12,2.3308105710979276e-13,2.0284219383278458e-13,4.9422571773170667e-14,4.8985656484586547e-13,5.0376427502836568e-13,1.4225627736775962e-12
3.76,1.1146866950422868e-12,1.664425836079737e-13,1.1561821938281018e-13,1.8341817363834282e-13,3.2072928338833335e-13,6.2805175162952938e-13,1.3514959360383166e-12
3.7625,1.1929044801507859e-12,2.3515412838819724e-13,5.6589985459860291e-14,2.8511585582021937e-13,4.7888411162326037e-13,7.8303211422172874e-13,1.3741698397508205e-12
3.765,1.3465481431972138e-12,2.7706403412352557e-13,-4.3633609966548138e-16,3.0380695921818021e-13,4.2737697894760983e-13,7.1977388718209213e-13,1.3511748628598706e-12
3.7675,1.2873376131152633e-12,1.5578220559705198e-13,-2.9138777340238052e-14,3.0650815073820494e-13,3.5196457946937541e-13,6.3625286035344841e-13,1.3771537998734032e-12
3.77,1.2685769048854598e-12,1.2883124927900219e-13,1.8483931083706887e-13,2.8553264632883316e-13,4.2691564273501644e-13,6.2142580996226725e-13,1.3314006449049448e-12
3.7725,1.2388006681791583e-12,2.7765054378337626e-13,1.4448170641482223e-13,2.8567287382026619e-13,3.6650189378290414e-13,6.2147028926686399e-13,1.3434431163087095e-12
3.775,1.2410233218134149e-12,2.1205751619459762e-13,6.2596466420240756e-15,2.9380114957058888e-13,4.5485144950310785e-13,5.7476275492518941e-13,1.4432051148216327e-12
3.7775,1.271533507406272e-12,1.4759133788798696e-13,3.676998512980012e-14,3.9158808278050461e-13,4.99917597817605e-13,6.7652406056295884e-13,1.5329679419258736e-12
3.78,1.3575268482795469e-12,2.0783718002290605e-13,1.8182980734349135e-13,2.9614501344806803e-13,3.7335542040549225e-13,6.4061111839038007e-13,1.4368466256368256e-12
3.7825,1.2457873437789672e-12,1.4582522053939812e-13,2.8509109697791449e-13,3.2679717407698959e-13,5.8473943100702717e-13,6.9506122796069718e-13,1.5986958228329836e-12
3.785,1.3918499594597681e-12,2.0731135233495792e-13,2.0505600672446722e-13,4.6275662696783593e-13,6.4565579573905483e-13,5.4202824853068879e-13,1.3043360058732154e-12
3.7875,1.2983631033966428e-12,2.9109591977885204e-13,3.2045190532200165e-13,5.0138099437497191e-13,7.1300526782450213e-13,5.3481561658915648e-13,1.4395958784024579e-12
3.79,1.2541202609810069e-12,2.119337228523774e-13,1.1835197395801786e-13,4.4686751636768765e-13,4.4214869671971728e-13,7.2651381162708785e-13,1.3701135688205835e-12
3.7925,1.1082858072717622e-12,2.414453449186566e-13,3.4876427090311328e-13,3.9840138929165098e-13,4.8073158040338692e-13,6.7489160393860714e-13,1.4893233500604844e-12
3.795,1.2155603307358991e-12,4.2814403699821549e-13,2.6392002140195105e-13,5.9972580706469214e-13,6.9528206983567205e-13,6.7348243732501431e-13,1.3264785584386827e-12
3.7975,1.1415220238735714e-12,4.5878874640717947e-13,3.7168704057711638e-13,5.5379314540347397e-13,6.4690822587658678e-13,6.201830568965676e-13,1.3330717834058099e-12
3.8,1.0330671046440994e-12,4.9230549736877975e-13,7.7822434436621146e-13,6.3019678925619051e-13,4.5424028262960373e-13,7.3400487600142783e-13,1.3272341642189887e-12
3.8025,1.0524602073660256e-12,4.2267677888339682e-13,8.1259211895781538e-13,6.6076134333750927e-13,8.1210503432156932e-13,7.1066302222787084e-13,1.3490807430845069e-12
3.805,9.0368403953971354e-13,6.6703646689831352e-13,9.2273523031216302e-13,8.9524285264304689e-13,5.5938178981274227e-13,5.9122051789863847e-13,1.2844247676044025e-12
3.8075,9.0692953959780293e-13,7.7189181479073018e-13,9.8874332957750764e-13,7.5384962777446692e-13,6.8293195216979715e-13,7.2354564771394178e-13,1.3889780712068737e-12
3.81,9.3603296376972597e-13,7.9180292310457277e-13,1.2272313359472253e-12,7.4967240781081101e-13,7.5029705518320556e-13,7.9775569264784561e-13,1.4359141750802834e-12
3.8125,1.0071198636909953e-12,1.0633689530371073e-12,1.1860949833297101e-12,9.3690113923876316e-13,7.0862340435692569e-13,6.2740252744454537e-13,1.3785889650314609e-12
3.815,8.9659074112262683e-13,1.1795694836700545e-12,1.2022407704247509e-12,8.1150804673012376e-13,8.3064122299181791e-13,6.2761531355286342e-13,1.3178711517331774e-12
3.8175,8.887770287488751e-13,1.35366660923163e-12,1.3443939343747625e-12,9.0956848764492954e-13,8.3994600384218819e-13,8.157185781911937e-13,1.5303094267584083e-12
3.82,7.2713705131253872e-13,1.5577475415736804e-12,1.382207828482209e-12,8.3659537534363967e-13,6.7866695992339089e-13,6.5096599593064975e-13,1.5182299704161811e-12
3.8225,9.2147565140145655e-13,1.617959101447419e-12,1.4082320080349125e-12,9.7516326564104725e-13,6.2239431402386218e-13,6.8703182914657835e-13,1.5355127995578384e-12
3.825,6.244921632057406e-13,1.9920599531568765e-12,1.3508971562557168e-12,1.0027682545386368e-12,8.5234430905443676e-13,7.9067582829681379e-13,1.3683701285441416e-12
3.8275,8.5654097862261696e-13,2.0156028349404791e-12,1.6008709116413752e-12,1.0605281566356932e-12,7.344397589246445e-13,7.1055400708330775e-13,1.4622633095593965e-12
3.83,8.4425400081851112e-13,2.1912261880124602e-12,1.4436102919806848e-12,8.3348327530258339e-13,8.5955543151250758e-13,6.4774147160650675e-13,1.3879785344150698e-12
3.8325,6.2000371577853673e-13,2.1990391517509659e-12,1.357448920441651e-12,8.5850035786947104e-13,6.665217449065367e-13,5.5184270528168124e-13,1.2594716485082006e-12
3.835,6.9419426977029359e-13,2.0839986449187604e-12,1.1898167774622079e-12,9.2670772820231614e-13,8.5768764589347155e-13,7.7755843409211006e-13,1.3723309789810917e-12
3.8375,8.5031944615899404e-13,2.0679594871480307e-12,1.368008148338354e-12,1.0008529485127899e-12,8.3683922587877787e-13,6.8432626607043094e-13,1.5147116100542735e-12
3.84,6.7039965179110508e-13,1.9581940276606322e-12,1.2474062815233585e-12,9.1381080692414713e-13,6.8952344184630546e-13,7.4318191076360952e-13,1.4935067655765443e-12
3.8425,7.143962664823893e-13,1.8495401390362621e-12,1.0718086504666745e-12,7.6300842646228639e-13,7.6063584433702874e-13,6.9792883622325881e-13,1.4426054250815963e-12
3.845,5.2616534537730176e-13,1.763217020115787e-12,1.0591769090065369e-12,8.0203987766733962e-13,6.416013807116378e-13,7.1884655132280431e-13,1.3542646739767891e-12
3.8475,5.5050613173590887e-13,1.6823684544001464e-12,1.0960149849068972e-12,7.9548422014884983e-13,6.5223563487955681e-13,6.3985153648087807e-13,1.3984158368311118e-12
3.85,4.6058084684340227e-13,1.2967806645968641e-12,8.060978972265487e-13,7.929369128267233e-13,7.4991162693202351e-13,6.8767029694691161e-13,1.4113992624879346e-12
3.8525,7.8195436109067287e-13,1.2275034041192655e-12,8.8406126690249331e-13,5.8145343731252634e-13,6.6251477104886386e-13,6.7098630333062763e-13,1.5153221801430973e-12
3.855,5.5101772724877492e-13,1.197571257853629e-12,7.3610849347291269e-13,5.779927275907939e-13,6.917632661919231e-13,8.1126706640636181e-13,1.3039440772890724e-12
3.8575,7.4359112602095737e-13,7.8713787115192954e-13,6.4324232641058409e-13,6.7763870896765908e-13,7.0396916892606608e-13,7.6973114902530199e-13,1.4192020570614315e-12
3.86,8.0164073922838968e-13,7.4685886862933045e-13,6.2395831699130379e-13,4.7957285394363534e-13,6.5434599536514925e-13,6.8385992893706118e-13,1.359634331584415e-12
3.8625,6.9591639051264557e-13,5.9177296062630495e-13,5.5548267444056388e-13,4.6975359513611252e-13,5.8705623335795384e-13,5.7406013716118104e-13,1.3843639171996164e-12
3.865,7.4351542836908869e-13,5.8167761767557159e-13,3.6106707644338137e-13,4.4802358728281182e-13,3.8551523279109381e-13,7.3174558320040248e-13,1.4014074091345114e-12
3.8675,7.1040579185761492e-13,4.6639945392378283e-13,1.992877320806461e-13,5.1043237020238702e-13,3.3488070155250394e-13,6.3843095541645406e-13,1.3545409027005855e-12
3.87,7.9784577884602075e-13,4.1619965492108324e-13,2.2414695445042207e-13,4.2051706232515225e-13,4.784550701049443e-13,5.0065348274972559e-13,1.3033629373893689e-12
3.8725,1.017655931560722e-12,4.7925037440881599e-13,2.9094502467501394e-13,3.0415382180695905e-13,5.1741393519613363e-13,6.1384311644617226e-13,1.284400639124711e-12
3.875,8.3577548565640962e-13,4.6612891791613311e-13,1.9215278716352097e-13,2.208642544810876e-13,4.9148392120865733e-13,7.2089721483115844e-13,1.3126972379302057e-12
3.8775,9.8578051736237843e-13,3.931351177906383e-13,3.0018622701710416e-13,3.2357832093552085e-13,5.300879970241954e-13,6.3813185068744342e-13,1.3842022643278155e-12
3.88,1.1610760789792284e-12,3.1879856160257264e-13,2.3162516216678594e-13,2.0505026053496492e-13,3.525994890707257e-13,7.0563763416542822e-13,1.4225387169639159e-12
3.8825,1.0690351258143638e-12,2.6211038671830872e-13,1.2404334001058252e-13,1.8883759927094965e-13,4.1778106762514758e-13,7.0051322310416803e-13,1.389296231671792e-12
3.885,1.2560890561078221e-12,2.0396809058360416e-13,1.2432032576221261e-13,3.4358064301125148e-13,4.6255258748684151e-13,5.9174594109595168e-13,1.4428686962815951e-12
3.8875,1.0707141676356314e-12,2.528040494884303e-13,9.9152610311588883e-14,2.6093815072547242e-13,5.4915840769098068e-13,6.5578759726618201e-13,1.4177531420139685e-12
3.89,1.1790863056401024e-12,2.1808019428248745e-13,2.0084625469596798e-13,1.9830869765759649e-13,3.5678310727801455e-13,6.4477682908859331e-13,1.4618232997561277e-12
3.8925,1.2285526436742463e-12,2.5944333556928968e-13,1.7207637210641631e-13,2.7409088028787848e-13,4.1549796045505209e-13,6.6939739980339321e-13,1.439145517256586e-12
3.895,1.3249572788990666e-12,3.5070991939995841e-13,1.8862573340649816e-13,2.5966988403813461e-13,3.85495372774503e-13,6.2783452546434817e-13,1.2433688979363251e-12
3.8975,1.2852306033563612e-12,-4.2916340918737069e-14,5.8371228747768157e-14,2.6589073503679812e-13,3.8188472695095388e-13,6.3388836722033394e-13,1.2558165106780107e-12
3.9,1.1761362272702355e-12,1.7240913649624155e-13,6.0571769566482535e-14,2.4077297335740302e-13,4.911962222458031e-13,6.2842788045718108e-13,1.3446507617701902e-12
3.9025,1.1634790901744763e-12,2.078792256063868e-13,4.7996309336091853e-14,3.0348913702844239e-13,4.4243634544193992e-13,5.468282851370031e-13,1.2678345255558695e-12
3.905,1.2768684032208275e-12,2.6079803153614334e-13,1.5110466874880704e-13,2.6522220151020916e-13,4.3892723758783639e-13,5.7864415397379689e-13,1.2444320796782021e-12
3.9075,1.2917457319400669e-12,2.1332277290032942e-13,1.5379134931322135e-13,3.3994193326353984e-13,3.6659849578118886e-13,5.3986511955037359e-13,1.3470382902669572e-12
3.91,1.1830498547015726e-12,2.5788973848621081e-14,1.5586942187111185e-13,4.3315358323060196e-13,5.9234030838219743e-13,5.5715544302883565e-13,1.1888479567615984e-12
3.9125,1.1506431283659248e-12,1.2033483928186861e-13,1.8844698817647672e-13,4.8291327529825191e-13,4.0754250432298212e-13,6.8360215265531445e-13,1.464095228371828e-12
3.915,1.3718488276146719e-12,1.4005105606309015e-13,1.481124200987192e-13,4.2675862581225254e-13,5.0187087852677235e-13,6.0754028633284434e-13,1.3784993863762298e-12
3.9175,1.1669974539430039e-12,1.6029488260184615e-13,1.894069123184244e-13,4.9909196532435889e-13,4.3980223191980756e-13,6.1755421125510119e-13,1.4530786065438138e-12
3.92,1.2398245089718094e-12,1.8785036119829296e-13,3.0592962420120543e-13,5.5427404840117926e-13,5.1200228826578936e-13,7.8290956363759306e-13,1.2564609100314998e-12
3.9225,1.1928426314011472e-12,3.5211549483712236e-13,3.7223992594747041e-13,6.7990463928665581e-13,5.6327998518472893e-13,7.2234876557003706e-13,1.2242781922058461e-12
3.925,1.0764185271488669e-12,1.9037398874699525e-13,3.8610093657662715e-13,5.5078143347479013e-13,5.2269794352905463e-13,4.1628043550903394e-13,1.3114764383475971e-12
3.9275,1.1672151458547251e-12,4.1153288147711334e-13,5.3024490975393049e-13,6.5387752285613054e-13,5.3531210750125464e-13,7.0766856300549089e-13,1.4634929902440131e-12
3.93,1.1800386941816992e-12,4.2997073655038248e-13,5.626294777288444e-13,6.3510943962613224e-13,5.7185031271713533e-13,7.4642500694942132e-13,1.3840307444434085e-12
3.9325,1.0773475395000521e-12,5.4799254775478517e-13,6.4874817785584025e-13,7.6520068620946244e-13,6.5032113527056958e-13,6.8990624291250264e-13,1.3521310986675126e-12
3.935,9.7891487813173741e-13,6.4718816190032641e-13,9.2081133358360207e-13,7.9511949492108495e-13,5.6201710985807096e-13,6.0168716221428555e-13,1.3796591632820459e-12
3.9375,1.0098213733593218e-12,8.6424823632160021e-13,9.5846272253985913e-13,6.2935990999467259e-13,6.919210579423414e-13,7.1967896772026356e-13,1.3163888039401859e-12
3.94,9.3690702831708088e-13,8.4127059543860546e-13,1.1883342279147309e-12,7.3508191698807766e-13,4.701057942639532e-13,5.3455337861108666e-13,1.1882139046610231e-12
3.9425,1.0064716293304571e-12,9.7277485038206826e-13,1.0953525221293788e-12,8.7452357630723096e-13,6.098508491086981e-13,5.3509867553784587e-13,1.2540568498640065e-12
3.945,9.2528528882215541e-13,1.257348129182636e-12,1.3455512537360386e-12,8.7880216928455577e-13,6.3336237822841393e-13,6.7362831276065768e-13,1.2566158611772093e-12
3.9475,7.9345888024830952e-13,1.3690575674498207e-12,1.290978864312714e-12,8.6690618909387153e-13,6.5543401980405536e-13,7.0553748359887356e-13,1.2888351088664347e-12
3.95,8.4714319643612322e-13,1.6161510577543442e-12,1.4124819041958722e-12,8.2347535197304052e-13,7.6841203456191547e-13,6.738689710031119e-13,1.4141480092275738e-12
3.9525,8.5370802293149753e-13,1.78150189034683e-12,1.4094961200839347e-12,1.1145349811470652e-12,7.9714729603906154e-13,7.285863132358628e-13,1.2944715375111422e-12
3.955,8.9376134401582617e-13,1.7573180357147953e-12,1.4438737851709061e-12,9.6705421777095805e-13,7.1539893301746904e-13,6.9484716853095001e-13,1.3878860395315972e-12
3.9575,6.8899736584812448e-13,2.1328614491393637e-12,1.3773512068974224e-12,8.8664920118085051e-13,7.0827671123085685e-13,5.8274582631044163e-13,1.3214799136974713e-12
3.96,6.9717884705109456e-13,2.2036889945773481e-12,1.3661104988326123e-12,8.5625267005761769e-13,7.9013198949702314e-13,7.0814992947513569e-13,1.3832728300631774e-12
3.9625,6.647208618161558e-13,2.136775849106162e-12,1.3731991195723918e-12,1.029530413177785e-12,7.9626545711688246e-13,6.5354885186453823e-13,1.2308883762483635e-12
3.965,7.6758845520952824e-13,2.2782738101126012e-12,1.4324705673527332e-12,1.0400197252868645e-12,7.1419358423854838e-13,5.6401235194803082e-13,1.315661296179465e-12
3.9675,5.8266021182576216e-13,2.012189541582698e-12,1.214195275325096e-12,8.6521531536073735e-13,7.3093670670211825e-13,7.5964108629770035e-13,1.2379414033414719e-12
3.97,6.1982271287954577e-13,1.9657942314764295e-12,1.1799310653521822e-12,8.7070374245889209e-13,7.349718396795578e-13,5.882516073460793e-13,1.2775310877764576e-12
3.9725,6.481743432735748e-13,1.7388556842030062e-12,1.141033042309206e-12,9.9408926154260552e-13,8.5149675189003591e-13,6.3203977586645157e-13,1.200832549362798e-12
3.975,6.4836575944285917e-13,1.8287807615763497e-12,1.1507686957985703e-12,7.1884228901799234e-13,8.2761925585181264e-13,5.8623872845263714e-13,1.2146096940490325e-12
3.9775,6.8029511199210782e-13,1.4659530619979405e-12,8.1291012963186619e-13,7.2697835295756858e-13,6.8772940843908179e-13,7.8235323032270473e-13,1.1338168253313879e-12
3.98,6.9819202584668038e-13,1.375265926066903e-12,8.3779692125218557e-13,7.5939299224441725e-13,7.0121753355905853e-13,7.2893940803153316e-13,1.1830671494719576e-12
3.9825,5.5768357081737269e-13,1.1876518615650488e-12,8.1639631418183663e-13,7.1427489243461485e-13,7.4505372019517739e-13,6.8975959597298474e-13,1.2267585653697467e-12
3.985,4.9451415101017226e-13,1.0828556157779855e-12,6.8834305609809333e-13,6.493811193296511e-13,6.8811673655552891e-13,6.2031119541144789e-13,1.2409046353072391e-12
3.9875,7.1016608325707646e-13,7.8061308394594732e-13,5.919481041671122e-13,6.5942299448292094e-13,6.2928612354278526e-13,7.5676053912446742e-13,1.1517431579065747e-12
3.99,6.0284233062525994e-13,7.4940522858891292e-13,6.3150885819167779e-13,5.661957905841063e-13,5.0759425370370391e-13,7.0793525404649465e-13,1.2176971662224387e-12
3.9925,9.1248956785544379e-13,7.4202532983123172e-13,3.9874369603813413e-13,4.8735446014505405e-13,6.1134324681466151e-13,6.6115170963164343e-13,1.1050858465776288e-12
3.995,6.325602318553172e-13,5.680553295765668e-13,6.2894647425804852e-13,4.8324505751580188e-13,5.0041841538135401e-13,5.610346864379977e-13,1.3887734003694572e-12
3.9975,8.4338906109935388e-13,4.27288827338744e-13,4.5538594612003091e-13,4.0589477198353487e-13,5.5582902256419201e-13,6.3886067052865667e-13,1.2888088891222722e-12
4.0,8.5029562532174278e-13,4.037696008757407e-13,3.1553740012687635e-13,4.6555255833099218e-13,4.6924534535937074e-13,6.2002758304569345e-13,1.1441166607797564e-12
4.0025,8.9859047836310814e-13,4.4385534970821363e-13,3.0583080216179183e-13,3.808902940136488e-13,3.7359935827677797e-13,7.389204189007689e-13,1.1376015088214385e-12
4.005,9.6366020577804668e-13,3.9642794139002022e-13,3.4777067829866434e-13,2.9704598005772571e-13,4.1395677069633047e-13,5.7750766921310886e-13,1.1077812784680212e-12
4.0075,9.3489140656993802e-13,4.2428656631171338e-13,2.5087758610244151e-13,3.5029105584891405e-13,3.69498725526737e-13,6.7165119091389349e-13,1.3983656348658869e-12
4.01,1.0265469023725139e-12,1.9970821999158482e-13,1.9240544244442322e-13,3.4110486700790367e-13,3.7787858156706719e-13,6.0271785768696889e-13,1.1879719977244122e-12
4.0125,1.0445008562669598e-12,3.1703755825745565e-13,1.5465838654621223e-13,3.3589367118674114e-13,3.8996717345526034e-13,6.4393701321842138e-13,1.2965021301188376e-12
4.015,1.1462014043071546e-12,1.5907953545297772e-13,1.0469922341601229e-13,2.8596817372977319e-13,4.4251540667604556e-13,4.8166672439384032e-13,1.3357077721051297e-12
4.0175,1.3526922100519834e-12,1.8231983142222621e-13,1.6382200482614661e-13,1.3394990396095741e-13,2.9074248028449711e-13,6.1499013452909254e-13,1.0317992130713852e-12
4.02,1.1820291182863942e-12,3.1775815887679276e-13,5.254149842146366e-14,2.9340177591356038e-14,2.4433048094236147e-13,5.941987980191121e-13,1.1537075607231516e-12
4.0225,1.1488805352368211e-12,2.3604283434138068e-13,7.6661862961043282e-14,1.3288333966581761e-13,3.6631027428363931e-13,5.7190927064680443e-13,1.2465034768527541e-12
4.025,1.1906556258047952e-12,2.1978040209355649e-13,1.6332351251586069e-13,2.3168067968842151e-13,4.031594169530377e-13,6.6488469815623297e-13,1.140590832988152e-12
4.0275,1.1582310208110713e-12,1.1060551457687923e-13,8.6461991151434213e-14,3.2158420590126545e-13,3.580465427467007e-13,6.64511620252152e-13,1.2694784443028358e-12
4.03,1.3736469030139046e-12,1.8300847536523704e-13,3.4860164522524523e-14,1.8341093473063499e-13,4.4983353333533659e-13,6.5316758292854288e-13,1.0745055844403342e-12
4.0325,1.3280860204106983e-12,3.0508559834132763e-13,4.41192960908579e-14,1.6040739827434802e-13,4.2847897003207433e-13,6.7832009462779901e-13,1.2623298510907136e-12
4.035,1.2982394756298304e-12,2.1711060418332414e-13,8.3597628948085489e-14,2.6592091420204428e-13,3.3920283973136305e-13,6.2247202884618753e-13,1.2198267984219153e-12
4.0375,1.200288975485992e-12,1.4688963425511673e-13,1.2954896413963681e-13,2.2997210271484426e-13,4.9673154090361691e-13,5.7886808596170906e-13,1.2050695177127288e-12
4.04,1.2439256969521233e-12,1.1734037903735649e-13,8.2542194003214353e-14,4.1767560042454336e-13,3.9382005680529039e-13,6.7779961229101611e-13,1.0882113254128966e-12
4.0425,1.2246257714287822e-12,1.8013781732956951e-13,1.8512219571570317e-13,3.4330899603055664e-13,5.3587205454187425e-13,5.2161071673795954e-13,1.2038189263212617e-12
4.045,1.2295999769364604e-12,2.0609811267765089e-13,3.0167271935397566e-14,2.2488581600282148e-13,4.9579366732886468e-13,5.653669524624668e-13,1.2222167597755847e-12
4.0475,1.1577931409725477e-12,2.4309517607008675e-13,1.0692401402904958e-14,4.6963363461296777e-13,4.0445768484166568e-13,6.0447486917174835e-13,1.245851102715433e-12
4.05,1.1622623819125116e-12,2.2992119766217194e-13,2.879394062826086e-13,5.1222629009814281e-13,5.4083556513416374e-13,5.4841786332077055e-13,1.1879716085810012e-12
4.0525,1.136358005352473e-12,1.3956066535749421e-13,2.6366508652448503e-13,5.0522228712065585e-13,5.0350647553567945e-13,5.6754166089703179e-13,1.3120816929513161e-12
4.055,1.1612664422619396e-12,2.5901251484892729e-13,3.4009926894064616e-13,7.1029897252074727e-13,6.1958729608058172e-13,6.1402929203463174e-13,1.1610914936425781e-12
4.0575,1.1470420024063787e-12,1.8087270304053656e-13,3.904553600243405e-13,6.1664374062374451e-13,5.2414480305461167e-13,5.1708061263620531e-13,1.126813799552206e-12
4.06,1.0407600753685014e-12,4.7835085911392341e-13,6.5067462150729604e-13,5.1796833940696859e-13,5.0913120120128997e-13,5.0226591674624555e-13,1.1101639999910633e-12
4.0625,1.0510979690392582e-12,3.9952470805290809e-13,7.823483595851731e-13,6.9263377045849248e-13,6.1348889054819823e-13,6.550359889748893e-13,1.1207615765213468e-12
4.065,1.1489393662592277e-12,5.490135019935175e-13,8.3060651503600776e-13,7.7671985842048049e-13,5.8652621217451994e-13,6.9627113404711696e-13,1.1808880120499139e-12
4.0675,1.1246880932810991e-12,7.2111128149262562e-13,9.7421436490624219e-13,8.2466623927315677e-13,5.368636244453473e-13,7.1409998626834215e-13,1.1330473364551974e-12
4.07,1.0252740549763481e-12,7.9306306424403914e-13,1.1008242162316585e-12,6.8243019785125817e-13,6.3125119525891208e-13,8.2908985397018176e-13,1.0855737375180763e-12
4.0725,8.869819656994871e-13,9.4664385493977287e-13,1.2735557411115962e-12,9.3677070860896649e-13,7.4830355147820102e-13,5.9184223940820945e-13,1.0341679849048269e-12
4.075,8.1748062966835254e-13,1.047346585409985e-12,1.3435146407747463e-12,8.8712809834725435e-13,5.9436470128645689e-13,5.9054927000416305e-13,9.9334233015276412e-13
4.0775,8.4112022818034576e-13,1.3380121091080486e-12,1.3270610318021172e-12,8.1662117279269467e-13,6.7205239474386419e-13,6.9413554050832852e-13,1.0077288713054642e-12
4.08,9.0279387101496344e-13,1.6417425891878928e-12,1.3566964974043624e-12,8.0459551438882074e-13,7.5392162416861019e-13,5.7589415380127463e-13,1.2044708606228991e-12
4.0825,8.234769028729919e-13,1.7534117397684918e-12,1.538528943259581e-12,1.018471119908375e-12,7.2195894206787105e-13,7.6174216056787591e-13,9.5745091913293499e-13
4.085,7.8026689676983819e-13,1.8897095825938922e-12,1.4602650614286595e-12,9.5152372310788321e-13,6.9609400858955738e-13,6.9782352995056314e-13,1.2332407552043661e-12
4.0875,7.709555751641124e-13,2.0555465240050407e-12,1.4290139275327736e-12,9.7306669564197888e-13,7.05552521177859e-13,5.0110980801363162e-13,1.2071585535833499e-12
4.09,6.9254015795431314e-13,2.0885613584090924e-12,1.4510788453706137e-12,9.1823969280058584e-13,7.4634845465122867e-13,6.448653090267632e-13,1.1254987931796506e-12
4.0925,7.5233360522302402e-13,2.2301460134239533e-12,1.3931013923517398e-12,1.0573424239752391e-12,8.7961628949206601e-13,5.323322399382758e-13,1.1453550588889958e-12
4.095,7.3306657828446024e-13,2.1781999272678373e-12,1.3479122388874173e-12,8.8455156023724198e-13,7.7991827410446166e-13,5.9107237197546335e-13,9.8499857757290483e-13
4.0975,8.5893345581646914e-13,2.0037346826480694e-12,1.2393926214371272e-12,8.6823889972482342e-13,7.848589077539204e-13,7.7935134134875494e-13,1.1394039438728711e-12
4.1,6.3848529256822007e-13,1.829409786610273e-12,1.3253005279099508e-12,8.5356064120214974e-13,8.1397764897712331e-13,5.4599439265590611e-13,1.1342298370146688e-12
4.1025,8.0029651533682645e-13,1.9398398420411935e-12,1.0038226072785243e-12,6.9483754216992447e-13,8.5747950633164876e-13,4.901862500102915e-13,1.0400690359861465e-12
4.105,5.8717832478870934e-13,1.4658432059866237e-12,1.0469337623933264e-12,7.3697121347430823e-13,8.0159902719794054e-13,6.8458755478382258e-13,1.1934743664225008e-12
4.1075,6.2502020509303929e-13,1.5426564244632428e-12,1.0643306052897466e-12,7.6285905229430337e-13,5.8100695799794434e-13,6.476768066769715e-13,1.0043755546785231e-12
4.11,8.1834697445979725e-13,1.461280966264958e-12,8.6022557605652293e-13,6.8888775299904713e-13,7.1756489813640189e-13,6.5579058445116525e-13,9.8269525994981745e-13
4.1125,7.5053409094927477e-13,1.2286683958777496e-12,7.0666080039665077e-13,6.2669641613638512e-13,5.2416522163261018e-13,4.9081955407014742e-13,1.1350186814377264e-12
4.115,6.3027319074332865e-13,1.0209611152972564e-12,7.0407900363217541e-13,6.3012534947551388e-13,6.77299367372105e-13,5.7709736858169049e-13,1.128095887399928e-12
4.1175,7.8127879437010363e-13,8.8891848804553334e-13,7.1458759787832951e-13,4.2519710538295901e-13,7.0556432178012388e-13,7.3939966369527969e-13,1.0756832200118274e-12
4.12,6.4754377370808893e-13,7.4626506555730689e-13,6.6274526865878867e-13,5.3532829245323659e-13,5.8279166169851422e-13,6.7280067119970861e-13,1.205795724477303e-12
4.1225,7.0660983178227907e-13,6.861638940112364e-13,3.7436004487567524e-13,3.5446185322077548e-13,4.5299018213893888e-13,6.1895351401072474e-13,1.0923673747664271e-12
4.125,8.2059136359192962e-13,6.3741130185924428e-13,4.5957573999478694e-13,4.0184062105306519e-13,6.1873416737307105e-13,5.6067991438848387e-13,1.1129101816350052e-12
4.1275,7.1353755447034132e-13,5.3529600240048446e-13,2.6980928839009832e-13,4.7481166150649058e-13,6.6633778357209984e-13,6.4011768405778732e-13,8.6950016267775717e-13
4.13,9.7153137460378734e-13,3.1066006776886277e-13,2.7985309474270734e-13,4.0513292314722689e-13,3.8753760185387049e-13,6.0648181897485388e-13,1.0551063026550735e-12
4.1325,9.038465565426045e-13,3.0995928218836907e-13,2.4173079972857579e-13,3.6923246836942573e-13,5.4759292199056442e-13,5.5307073209223981e-13,1.0979378583264776e-12
4.135,9.531656559456577e-13,4.4376124257305344e-13,1.6517674908216402e-13,2.6292454348507431e-13,3.3904494745782181e-13,6.1437632358490425e-13,1.0497804566710259e-12
4.1375,1.0615834306868869e-12,2.4045797987471602e-13,8.5349774664960935e-14,2.6470414979377095e-13,4.4732482285463889e-13,6.4695361071400977e-13,1.0255401032243118e-12
4.14,1.0469935940860316e-12,1.7656985968840128e-13,1.1643990561081628e-13,3.5387773257280736e-13,4.6801658494155632e-13,7.0027321128721271e-13,9.8088095802654354e-13
4.1425,1.0498184249453081e-12,1.4656695499803522e-13,1.8404727563354573e-13,3.1296525481304573e-13,3.2452935356693484e-13,5.4215459660295168e-13,8.5557409770167029e-13
4.145,1.040810196609071e-12,2.8851237718088441e-13,1.1053415626721445e-13,1.7066899672004787e-13,3.2188672586567231e-13,5.3509199158407506e-13,9.9052624995626048e-13
4.1475,1.1497596463902845e-12,3.0564682080787365e-13,3.7742437261112816e-14,1.4299212929239827e-13,2.6748317691032758e-13,5.6204323042745455e-13,1.0518389922789398e-12
4.15,1.3464300031304361e-12,1.2337007485278871e-14,1.031962172924033e-13,1.3220576171147905e-13,3.2314058943679606e-13,6.2837113881323235e-13,1.1193537832784593e-12
4.1525,1.265147202756357e-12,2.4108816110019541e-13,8.7873220160821737e-14,2.7624876984032861e-13,2.7835309775021327e-13,6.302048479451367e-13,1.0203107559202909e-12
4.155,1.2771483751787053e-12,2.2073741097998961e-13,1.1988749177686291e-13,2.323920032951573e-13,5.2520127321378733e-13,4.7826740796966271e-13,1.1083075773477793e-12
4.1575,1.3226452747590149e-12,1.3725284883448578e-13,1.61403538672654e-13,8.665435430744319e-14,4.2869186645573312e-13,4.9247950453437859e-13,1.1265305759798786e-12
4.16,1.2481096366608384e-12,2.9591061392687565e-13,1.3422914538976009e-13,2.3589656645862047e-13,3.4271936491618696e-13,4.8019568400604882e-13,9.4049720634292906e-13
4.1625,1.3190078606469557e-12,1.0347083588113402e-13,-6.9761570521357344e-14,2.1970212700605382e-13,3.8373099684546559e-13,6.5405571781812802e-13,1.106206285840781e-12
4.165,1.2114517516516695e-12,8.7437011262939437e-14,1.7643984530222221e-13,2.9796481222359311e-13,3.6718034246032344e-13,5.3014063387409495e-13,1.1146963575437682e-12
4.1675,1.2422992168263879e-12,1.7987011182759333e-13,7.6595292085230033e-16,2.6443283288090586e-13,3.3998978819176606e-13,7.2874992667630388e-13,1.0567743065721562e-12
4.17,1.118373122996348e-12,1.0425164436932311e-13,9.0752726944662669e-14,2.9814747589773482e-13,5.0307773374008326e-13,6.6319489095675498e-13,9.0486524326022965e-13
4.1725,1.296851138210895e-12,1.2036567995508354e-13,-9.6462599231637575e-14,4.3970901312764564e-13,4.1444611913125619e-13,6.2806430398855537e-13,1.0460543336160817e-12
4.175,1.2942221726593383e-12,2.1470997795816386e-13,2.9383467764499492e-13,3.2792482526318055e-13,5.0379510892203323e-13,6.1728648616073721e-13,1.0581074874975786e-12
4.1775,1.3326903009363325e-12,3.0614902891760902e-13,2.4583763898257801e-13,4.5528346485972196e-13,5.5620224648217128e-13,5.3485947686887717e-13,1.1433440631945358e-12
4.18,1.0703004510832429e-12,1.7724731106330808e-13,2.5821635095405287e-13,4.1248431606215374e-13,4.5370014161909425e-13,5.395502767075077e-13,1.1001799232954213e-12
4.1825,1.1198282759523675e-12,3.0163617351784888e-13,3.2810978480784733e-13,4.780393427031712e-13,4.5417602139984746e-13,4.6024956625538477e-13,9.7770464978636569e-13
4.185,1.1070704192368914e-12,3.3206260227099316e-13,3.6738545551941334e-13,5.9165778176051448e-13,4.5049911720635854e-13,5.8446029224570368e-13,7.9834555794754959e-13
4.1875,1.1057240255608543e-12,3.8663092065909056e-13,5.4533396001207652e-13,2.8399229505535169e-13,3.8590519618707424e-13,5.14946713837332e-13,1.0697307130789363e-12
4.19,9.6005889989146447e-13,6.2321911889267628e-13,6.3840249210491832e-13,5.5669796951112196e-13,5.7258726060405096e-13,7.7381448883342431e-13,9.748074544534965e-13
4.1925,1.0928294558747296e-12,4.2873362739732992e-13,8.7078628600503093e-13,6.1915155376485988e-13,7.3723067327267287e-13,5.979474341301168e-13,8.7429369220374883e-13
4.195,1.0610791396757856e-12,7.1838203452070726e-13,8.8505065853273589e-13,6.8652921895455712e-13,5.6616604535243771e-13,5.4582547436139003e-13,9.9134182792637431e-13
4.1975,9.7335097041197351e-13,7.5514093713523212e-13,9.8989824284610328e-13,6.317984856500121e-13,6.8478743925537953e-13,6.2688106488343335e-13,9.0825655873740929e-13
4.2,8.9264880113524435e-13,9.4393305155409702e-13,1.1614027734588436e-12,5.3030857308420545e-13,4.1316841879942423e-13,6.4007180759518324e-13,7.3186720502101297e-13
4.2025,9.2335201352044346e-13,1.0709372080968292e-12,1.2108898852110392e-12,8.0586328145670734e-13,5.188252972300973e-13,8.6043523181784555e-13,9.0253479176508655e-13
4.205,8.7642195928129265e-13,1.0679741843355117e-12,1.312290247016675e-12,8.6269429781808626e-13,6.2135154853317235e-13,5.656285792728198e-13,1.0793511441706588e-12
4.2075,8.2281497170963683e-13,1.2867148706785173e-12,1.2829336814674735e-12,7.5850458558015578e-13,7.9228705034406126e-13,7.0181375478541974e-13,9.0673941354620131e-13
4.21,7.8601248189660868e-13,1.657248854171284e-12,1.4664371131103154e-12,9.7094358884788611e-13,6.906318637966538e-13,6.1227884879732941e-13,9.9875110673505782e-13
4.2125,7.9692945546137084e-13,1.7471009616275882e-12,1.3818270178750611e-12,9.3633590995522437e-13,7.7518339116647581e-13,5.0959026623501733e-13,1.0217980421647352e-12
4.215,8.2819289310134548e-13,1.865036497137295e-12,1.2956602012994509e-12,8.8015946664512125e-13,6.8529452894439499e-13,6.5187583026013275e-13,9.7352669834365474e-13
4.2175,6.4640054770329089e-13,2.0824214156252862e-12,1.2698968795514633e-12,9.0733951656509124e-13,7.0073193131525648e-13,5.179887407020129e-13,9.2449773565836482e-13
4.22,7.4163574402204077e-13,2.1657331041867828e-12,1.3304822037348667e-12,7.9079939324666825e-13,7.6135772237064264e-13,5.6526169377838508e-13,9.5109982013840322e-13
4.2225,6.7612388293718286e-13,2.1356648733709637e-12,1.453902241235174e-12,8.9438129914637699e-13,7.4306627347147499e-13,6.582240403123533e-13,8.5811244009838096e-13
4.225,8.1551940564424651e-13,2.1849554308309785e-12,1.1763965089535184e-12,9.6792090472524511e-13,7.4950427897509351e-13,6.0547774553837405e-13,9.5410997006612296e-13
4.2275,6.7252159268891393e-13,2.2309532103789685e-12,1.243234158493775e-12,8.6975015994967999e-13,7.9685140921062308e-13,5.7102035936768152e-13,9.7623627670888422e-13
4.23,6.8534324370366288e-13,1.9542585729957202e-12,1.2220251168278756e-12,8.8371984603797906e-13,7.9715772811877909e-13,6.5100207458429755e-13,1.0004299866864465e-12
4.2325,5.429464379580354e-13,1.9719112749762369e-12,1.1301005568005128e-12,8.0970416878537616e-13,6.6974043989074915e-13,5.3045693369465636e-13,9.9727911553133488e-13
4.235,5.9361522460953361e-13,1.5141560276307995e-12,1.1821600853329731e-12,8.0900293725104021e-13,8.6700757810733908e-13,6.0673600678412059e-13,8.8325660092223355e-13
4.2375,7.1784644121483287e-13,1.4669016453507485e-12,1.1353859173125553e-12,9.0270873727788795e-13,6.0230609771438895e-13,5.6781535112956464e-13,8.6574214971663665e-13
4.24,6.327354809868044e-13,1.2237111022490547e-12,1.012319649597191e-12,7.3657859983623902e-13,8.0445584133963842e-13,7.1872829062636066e-13,7.6467343694209472e-13
4.2425,5.5272697917969848e-13,1.1838680379667536e-12,7.8712135495722773e-13,5.4360121839540934e-13,6.5245692011819689e-13,6.5834313422448432e-13,9.2225984949452829e-13
4.245,6.925808969347247e-13,9.5722567939252745e-13,7.2561395998078625e-13,5.2358414844515455e-13,6.9961234383803832e-13,6.3742771153955257e-13,1.0028619479232356e-12
4.2475,7.6057505136640508e-13,7.798190970458765e-13,6.4616509386235788e-13,6.4399089636053988e-13,7.2565802890267007e-13,6.0546772017669808e-13,8.677489172728085e-13
4.25,6.9997187526168237e-13,8.2765929130523885e-13,5.0996511550130399e-13,5.3018805490584996e-13,4.3805539111049743e-13,4.7192034088959921e-13,9.417591164702857e-13
4.2525,8.8242336809951748e-13,5.3894187565768835e-13,5.1666948340285272e-13,4.7628226168424801e-13,4.7624441406429903e-13,7.1011141021300181e-13,8.9680280910233249e-13
4.255,6.742585140114741e-13,6.5513832202308221e-13,4.8605656759257953e-13,3.4804232688365119e-13,5.0811489711057173e-13,6.353303556076796e-13,7.3607752881796886e-13
4.2575,9.0823451407894354e-13,5.4869058068002358e-13,4.2340567411868413e-13,4.3934461121257977e-13,5.6513445062932893e-13,6.7638562573341598e-13,9.2603211763381675e-13
4.26,9.0814433860874573e-13,4.2813995104168182e-13,2.6852335670359681e-13,4.02641115831424e-13,4.9248570831182593e-13,5.7489229553976186e-13,8.6992485698798139e-13
4.2625,8.5572411481894013e-13,3.0987698238028138e-13,2.7198847007230865e-13,4.3845553323353602e-13,4.7596976705797046e-13,6.1365686307061249e-13,9.7207586451654927e-13
4.265,8.0709230423691842e-13,3.7183046741099059e-13,2.4856913490363483e-13,3.0887149139709387e-13,5.2461130211081959e-13,5.8030596212487578e-13,9.6183819952383926e-13
4.2675,9.854602045140452e-13,3.4057488530059726e-13,1.9662288436581521e-13,2.8339870127248892e-13,4.3602894435428553e-13,4.9643015515529919e-13,7.9249380573243491e-13
4.27,9.3789623270007116e-13,1.8766856989986936e-13,1.6574279895399324e-13,3.8609220864298064e-13,4.3093239867925109e-13,5.6892905108943012e-13,9.0239807496528444e-13
4.2725,1.0623088589683248e-12,2.9754875884382082e-13,2.3607102874302712e-13,9.2141611380284945e-14,1.2074540536734557e-13,7.2639509692720519e-13,8.0204419100819483e-13
4.275,1.1473405429303625e-12,2.5313769710126596e-13,5.6195497264650249e-14,1.0021440170169099e-13,4.3918694432969934e-13,6.4778520230534637e-13,8.1007363962908745e-13
4.2775,1.1290719008581937e-12,3.1098741543025545e-13,1.3275943116949916e-13,1.3363245820324839e-13,3.6416990186186425e-13,6.0627300526959541e-13,8.3372408979237056e-13
4.28,1.2604847163419581e-12,1.4824043699364307e-13,1.348766060205567e-13,1.3360443341119937e-13,3.7658930098986535e-13,5.725329253725799e-13,8.6571902927310671e-13
4.2825,1.2559935951273418e-12,1.6405541805088086e-13,3.1711519981629994e-14,2.5086414678412602e-13,3.4598565516151613e-13,6.0162197592158133e-13,8.3018341008412103e-13
4.285,1.2603653570405395e-12,2.1610185040424786e-13,1.2160732503108321e-13,1.8685518911939166e-13,4.4689527701556768e-13,5.5862149123686985e-13,1.0311986439786469e-12
4.2875,1.2483403677092918e-12,2.8159827075971511e-13,9.257807370578226e-14,2.1853127715989733e-13,4.7953513343090067e-13,5.7951831764408444e-13,8.8173769710235938e-13
4.29,1.2752866125738674e-12,1.8820372573163552e-13,1.976061968675761e-13,2.5130305557374663e-13,4.6762806538550909e-13,5.9461547752673522e-13,8.4328080157648313e-13
4.2925,1.2248071739231166e-12,2.0987135370298825e-13,-1.02418863039628e-13,1.7453348847711968e-13,2.9538930398780084e-13,5.8767301103728808e-13,7.4220413074639642e-13
4.295,1.2748606516478396e-12,3.2502392200994258e-13,2.782647315803008e-13,2.1882745103814058e-13,4.5313515657926762e-13,6.2353101494335496e-13,7.8400800971434557e-13
4.2975,1.2347970115023758e-12,1.3985856469866561e-13,1.1786254822322929e-14,2.7486167231141841e-13,4.2143443558002261e-13,5.6375424172918547e-13,9.6745885975712578e-13
4.3,1.3562712626430782e-12,2.0641958779803807e-13,1.2483269137417347e-13,3.2021364402688795e-13,4.050950881816873e-13,4.1512793836193027e-13,9.6489987152753374e-13
4.3025,1.3402452978314527e-12,2.1192196116297991e-13,1.0578782000799898e-13,2.8379829111540979e-13,2.8316041391718371e-13,6.4404848999215766e-13,8.2727041705125154e-13
4.305,1.1739838741728812e-12,2.7756033837350747e-14,1.813786000341443e-13,4.7114581541679482e-13,2.6600447356907522e-13,5.5499829278143894e-13,8.3889270401624169e-13
4.3075,1.2925637655362529e-12,1.3138957745934364e-13,8.588314492319123e-14,3.117723115813076e-13,3.6299407277234887e-13,6.3695571604501307e-13,8.7877317887574478e-13
4.31,9.9138757420607473e-13,2.4102483053898422e-13,2.0466593585663456e-13,5.5852051416718679e-13,3.75019152675111e-13,5.5063692185028425e-13,9.0491698312325301e-13
4.3125,1.1899633293870966e-12,2.9292004948475105e-13,3.9523510629961311e-13,3.4989869267540464e-13,4.0773951688172935e-13,6.0962127363284686e-13,8.5177561789288662e-13
4.315,1.0892499797450091e-12,1.7770322048421786e-13,3.2657604378283428e-13,5.416276727095329e-13,5.0932813406423429e-13,6.5170942815689606e-13,9.0138397623326936e-13
4.3175,1.0838210410480459e-12,1.7565576782570817e-13,3.5453719489045025e-13,5.1796357927772828e-13,5.1535037050736604e-13,5.4429172675220682e-13,9.8700053842990453e-13
4.32,1.0695422010627558e-12,2.4019362970615643e-13,5.0271938953125685e-13,4.8046980512427349e-13,5.1304078968480145e-13,4.8484886299925323e-13,8.1792188763561874e-13
4.3225,9.547822163368738e-13,4.5968677465543716e-13,6.4649278029371983e-13,5.3777436636941109e-13,7.1321444516487778e-13,4.2209315776302616e-13,7.0754834077855742e-13
4.325,1.1457486879689463e-12,7.2222112943849442e-13,8.2047250483704886e-13,5.7569376044675697e-13,5.7833159525096722e-13,6.823263992482124e-13,8.1673128785736528e-13
4.3275,1.0372479967810116e-12,7.8152425243923861e-13,9.8914655720429007e-13,6.8547474994297495e-13,5.9464917178671465e-13,7.0989750750528132e-13,8.423285615848246e-13
4.33,9.0939715801351505e-13,8.5209530877382629e-13,1.1654575694315586e-12,7.7930304476288252e-13,7.5758344362682063e-13,6.1970258307867404e-13,7.9232998479763296e-13
4.3325,8.7138384443873647e-13,1.0956024789211395e-12,1.1359877211777656e-12,8.236215390681586e-13,6.7864273789733294e-13,6.3593511959008241e-13,7.6333314615954737e-13
4.335,8.597868055905363e-13,1.1994486627540714e-12,1.2894956419334199e-12,8.9115990291461931e-13,8.0702364546567408e-13,5.7071745141110364e-13,9.416838731334725e-13
4.3375,9.2740380607006786e-13,1.441681768161399e-12,1.292169758906309e-12,8.2518793880632464e-13,6.7567076845063527e-13,6.0842011592095791e-13,9.3566976467444301e-13
4.34,8.6515289647659981e-13,1.6974834687287806e-12,1.3949675783011652e-12,8.2546979283377105e-13,6.5703858553884301e-13,5.4974741515098661e-13,8.2653795253341204e-13
4.3425,6.3900594410742654e-13,1.8492874997677499e-12,1.4327235653512819e-12,8.6438520714885167e-13,7.5406968734056544e-13,6.3402871550690537e-13,8.7092620659552495e-13
4.345,7.9807214022082975e-13,2.0933179770030625e-12,1.3718580530513916e-12,8.1897404380685918e-13,8.4728811581502863e-13,6.4131131953456806e-13,7.177839480558851e-13
4.3475,7.9834663758873492e-13,2.0112232369049763e-12,1.4169946077546933e-12,9.8879381285947001e-13,6.4415920528083159e-13,5.0830058560546367e-13,7.8382632339124397e-13
4.35,7.9065586829040608e-13,2.2763915238268235e-12,1.40776118599385e-12,9.7454909781283188e-13,6.6012410832585798e-13,5.6689672353816735e-13,8.2438451582639591e-13
4.3525,6.2051651978316391e-13,2.1385256944972695e-12,1.3234069151878842e-12,1.0074470034318839e-12,7.7995897234488499e-13,6.9915108543154696e-13,8.4653290032978706e-13
4.355,5.301197407182921e-13,2.1742143037128272e-12,1.3948915024151573e-12,1.00964283426125e-12,6.9876317864964805e-13,5.5879171579388163e-13,8.6052207039191145e-13
4.3575,7.1496866250242163e-13,2.1380860327684913e-12,1.1248248985621408e-12,9.1728568599581846e-13,7.7886984743692898e-13,7.1840442906081055e-13,8.0039065479634999e-13
4.36,6.8357012496765661e-13,2.0187040390200221e-12,1.2012827343794465e-12,8.9580526687717493e-13,6.9201209414154067e-13,6.6320887977997607e-13,8.1356404871858306e-13
4.3625,5.5361496202688231e-13,1.8857204119892867e-12,8.7697038800857902e-13,7.6738613420390166e-13,6.5269849635681242e-13,6.9483134105388249e-13,8.803981956885185e-13
4.365,6.8811934496221544e-13,1.7264463550560271e-12,1.0020459312318919e-12,7.0776602820587241e-13,6.263750649004664e-13,7.1293650735968803e-13,8.2593301696688882e-13
4.3675,5.5478255346942787e-13,1.465829867530492e-12,1.0220741361095575e-12,7.4486359082269351e-13,7.191938402900608e-13,6.8210171968661309e-13,7.4616281472289818e-13
4.37,6.2167100808920549e-13,1.2667545611516989e-12,9.5585125757397399e-13,7.4354879893916652e-13,7.3317265134468428e-13,5.2656121572384922e-13,7.6743450725670129e-13
4.3725,6.8993736786961273e-13,1.1764721415703393e-12,9.1264100770261136e-13,8.1285680989165861e-13,5.740376475825479e-13,7.0631564959451608e-13,7.150446720164784e-13
4.375,6.9055156840104844e-13,9.5957446701027264e-13,7.6760680465872439e-13,5.2346080033502524e-13,7.5711297127402319e-13,6.5816826063543465e-13,8.7145819697360824e-13
4.3775,8.5612822469596911e-13,9.348207148181404e-13,6.3257973047897686e-13,6.076368602933357e-13,7.0011676217866315e-13,5.8418059000561548e-13,7.6671522185159202e-13
4.38,7.6638535689073618e-13,8.0910321084306554e-13,4.8624132745363592e-13,4.1687655194673894e-13,7.2223298041600943e-13,6.1323934371410089e-13,9.2997296666192958e-13
4.3825,7.2185611431471359e-13,6.9787491894178771e-13,4.5771207517442269e-13,4.4867652422223543e-13,4.241698739114566e-13,6.4704400905502835e-13,9.2432835075989445e-13
4.385,6.9534566084861063e-13,7.9742489630771217e-13,4.6982893619985617e-13,4.8145197093101543e-13,6.7855460226443025e-13,7.2842704061693647e-13,9.28736062076959e-13
4.3875,7.7573190732824412e-13,5.2942450121142979e-13,2.9714714210083472e-13,2.6580651018706236e-13,5.1233679427496715e-13,6.7527253300946977e-13,6.881435080183578e-13
4.39,8.752115413291541e-13,5.7368463144789769e-13,3.1841754606397689e-13,3.4272879057288889e-13,4.7476799602832476e-13,5.6107516660257613e-13,7.4796645019651301e-13
4.3925,8.9737892697984058e-13,3.4513274770822133e-13,2.4442662113439251e-13,3.7629253234627054e-13,5.0513516527518928e-13,5.3766405539323634e-13,7.8427323438133855e-13
4.395,8.1473872501657561e-13,1.8171617506777463e-13,1.9783779044321341e-13,3.0867913013977444e-13,4.5494738940803688e-13,4.8959939066187073e-13,8.9258891028784956e-13
4.3975,1.0398255036719774e-12,3.5773880734530059e-13,7.7432462575443829e-14,2.3648131936483745e-13,4.3018227537020234e-13,5.0231599876937299e-13,8.5330814241543553e-13
4.4,1.157762050595911e-12,3.6795431419258973e-13,5.1432605443771045e-14,2.0858089837496332e-13,3.1758585794177115e-13,6.4817117634811954e-13,9.3849287578867473e-13
4.4025,1.0442900563055879e-12,3.6073984659375198e-13,2.0024681771722513e-13,2.8077395559364605e-13,4.0263875946587398e-13,6.1487901293480714e-13,7.0577187283643257e-13
4.405,1.0467526717997191e-12,1.3328086214378758e-13,1.8564220147791616e-14,1.9227416886523446e-13,3.6516284492735575e-13,5.4099256845301628e-13,8.8565483384282785e-13
4.4075,1.397637002854471e-12,3.2813075295125316e-13,1.2005526974846561e-13,9.387682670409913e-14,3.8043550170997374e-13,4.3562203981628679e-13,6.1993351722089765e-13
4.41,1.3124759723968246e-12,2.6644724514715497e-13,1.1624322301361362e-13,2.4578421346099111e-13,2.5965596787870267e-13,6.4390916284214657e-13,6.3259901571044072e-13
4.4125,1.2404484333107688e-12,3.8949216282268821e-13,1.5877398232803572e-13,1.1208624662183135e-13,3.1471924488097816e-13,5.4327513695558198e-13,7.7142032971115098e-13
4.415,1.261755156194226e-12,3.1689286749569487e-13,1.9359060465173841e-13,2.8689938173727695e-13,3.0171656216251474e-13,6.3258296121403163e-13,8.2027231972640273e-13
4.4175,1.1683727662613936e-12,1.2141694076592944e-13,1.3429514277508729e-13,1.3341722170807301e-13,3.2700940315803133e-13,4.339908361893169e-13,6.6553248109845299e-13
4.42,1.4005160469166438e-12,2.5107854655326102e-13,1.5996145575380103e-13,2.0494752569719076e-13,4.2214316546246554e-13,5.2676923102086597e-13,8.1960106866278523e-13
4.4225,1.3115975567648832e-12,1.2573046311663886e-13,2.4300793175411007e-14,1.0297413415531443e-13,3.7498095425964197e-13,6.4354513541562576e-13,6.633669735203521e-13
4.425,1.3070044635691917e-12,1.5087260064980488e-13,2.1101682215997114e-13,3.3442063391829216e-13,4.7505822030492979e-13,4.1273478772746481e-13,7.1205691380281869e-13
4.4275,1.232820066807601e-12,2.3574939739807575e-13,2.6801691525727769e-14,3.5193831884632004e-13,3.7385546704372395e-13,7.2636627783070983e-13,7.4368474281384786e-13
4.43,1.1424111245565327e-12,7.7647964027648795e-14,7.2333086126528372e-14,4.650800124982404e-13,5.5425686485794973e-13,5.1003441409883422e-13,8.0708281092573528e-13
4.4325,1.0839756829202674e-12,1.8345777653440904e-13,1.0851746897224432e-13,4.1436652929908892e-13,3.9201826044486294e-13,6.2187831783678171e-13,6.925407896103874e-13
4.435,1.1968206201109747e-12,3.898184793873663e-14,1.6060312933354226e-14,2.5289994021678519e-13,4.0804162303630955e-13,4.5262677432919713e-13,7.8550429384509416e-13
4.4375,1.2079147853291297e-12,2.5305478267437048e-13,7.5031702906869845e-14,3.4040505444980148e-13,4.4239152690171839e-13,4.5269072634636315e-13,7.1099747865819319e-13
4.44,1.2354506999331124e-12,1.5797106665052e-13,2.8170395296800654e-13,3.4378510884479449e-13,5.5117747410345318e-13,4.0374267577972969e-13,8.2059798545232339e-13
4.4425,1.0609102807595559e-12,1.7724850559824246e-13,1.9238219660141924e-13,5.9771828790257818e-13,4.1285839052660474e-13,6.8403976044415764e-13,6.9024470077486586e-13
4.445,1.1197169624956253e-12,3.0284699856026584e-13,4.0684444475530228e-13,6.3792777693605259e-13,5.305479216089324e-13,5.5754741669263895e-13,8.0896629070062575e-13
4.4475,1.0311429949361337e-12,5.6299548871245517e-13,4.3141058404704057e-13,5.3810338202556476e-13,5.4132754630968423e-13,5.6853581047841332e-13,8.2296901152746391e-13
4.45,9.1825342457932232e-13,4.4580311470759052e-13,5.5919902228339238e-13,6.7352862480001745e-13,4.7710045104150472e-13,6.9350915282047895e-13,7.1079180997211008e-13
4.4525,1.1693861844526062e-12,4.5355659235060573e-13,7.1691541691405246e-13,7.393018353252891e-13,6.8189458156865543e-13,6.70767515362897e-13,7.3195604149465983e-13
4.455,1.0178064398034741e-12,4.9824920672884101e-13,7.7367646596623287e-13,6.0562950418531855e-13,5.3936093320465987e-13,4.9971485263145285e-13,6.9912822866782078e-13
4.4575,9.0071187355217077e-13,5.993583049778963e-13,1.0000034375830607e-12,6.8763151614005457e-13,6.9001662366487626e-13,7.3603561194047356e-13,7.8870002855403348e-13
4.46,9.4270471264512345e-13,8.6167841314856697e-13,1.0657109873493761e-12,6.1441597942710135e-13,5.0855279555694847e-13,6.3183647547862076e-13,7.364832891690679e-13
4.4625,1.0465449389119272e-12,1.0258108225387678e-12,1.1906743411316614e-12,7.8300930223571149e-13,5.8625332345760952e-13,6.5179011890506623e-13,7.5454657949756455e-13
4.465,8.5056402421632994e-13,1.1280934165747267e-12,1.2619766447053671e-12,8.7023196255205729e-13,5.5488975629922546e-13,4.4807112418145104e-13,9.0998012575176904e-13
4.4675,9.3597374420926663e-13,1.4162118127708069e-12,1.3154080916135783e-12,8.781544361481624e-13,6.2002916981561387e-13,5.5454969792817876e-13,6.4783473138904125e-13
4.47,8.4405363328409488e-13,1.755130873412543e-12,1.3634437019822913e-12,7.8550236108898354e-13,8.2520796174042566e-13,6.4086031660808218e-13,7.3868121930674207e-13
4.4725,7.9816661784422056e-13,1.6687015918221981e-12,1.3337320459991715e-12,9.0259747172016543e-13,8.0549137719406125e-13,6.4572072067697612e-13,7.6074382308910488e-13
4.475,8.3692012461876567e-13,1.9323392849486392e-12,1.4214071376322783e-12,1.0912236650637013e-12,9.2518131464918472e-13,5.8196418564539823e-13,7.8555184683414784e-13
4.4775,7.3682623446321999e-13,2.1265438811951544e-12,1.3018959816547206e-12,7.5493070242283372e-13,7.0981878089389269e-13,5.916176368512201e-13,7.8513390489175403e-13
4.48,7.3672896610391914e-13,2.2161705732667248e-12,1.391120545764999e-12,9.2352290205055584e-13,6.0603931327756605e-13,6.5533082805891418e-13,7.7891269491507753e-13
4.4825,5.6122169477286757e-13,2.0367927244185916e-12,1.2734841005228265e-12,8.9126497647329018e-13,7.8659989557331705e-13,5.9400877075489871e-13,9.3778856893035442e-13
4.485,7.6787196896296181e-13,2.1992806947209643e-12,1.422031992654067e-12,7.8762442652774338e-13,7.4222020289159427e-13,6.6144342528079926e-13,6.9682590456842141e-13
4.4875,6.1252232056359534e-13,2.0801440620313707e-12,1.1930860880652001e-12,8.8260244276551491e-13,6.6353840068799284e-13,6.0528355633234603e-13,7.7598054641312313e-13
4.49,6.7187405983427887e-13,1.9911345271069179e-12,1.2621383757580884e-12,9.3190147592381326e-13,8.0624908011149877e-13,6.5364649012718968e-13,7.8517854854287628e-13
4.4925,6.4667719142213566e-13,1.8940999059955235e-12,1.1384071707302459e-12,8.6815103765991554e-13,7.5781381974722799e-13,6.1478357506254046e-13,8.4351007527226657e-13
4.495,5.6142975408485578e-13,1.5051072333211579e-12,9.2226463266345981e-13,8.0328046073451834e-13,5.7873467357464388e-13,5.7392869493283618e-13,8.2728738581876036e-13
4.4975,6.3498735206649547e-13,1.5419523551651644e-12,8.7495359285646165e-13,7.9604558105547745e-13,7.2262429524417986e-13,6.3501062367796827e-13,7.064805952547962e-13
4.5,6.1034200866705522e-13,1.2349098704365158e-12,8.3423008181985395e-13,7.3347336782428284e-13,6.4255308026070197e-13,6.1053776483067635e-13,6.7955500648140411e-13
4.5025,6.1500767549787285e-13,1.1838916636312865e-12,7.082295323608729e-13,5.9149931548724198e-13,6.7444720529831823e-13,5.6090201296573955e-13,8.1178033246214442e-13
4.505,6.1245121454193268e-13,9.1717084383832203e-13,8.0221718715258433e-13,7.9324387419780826e-13,6.3979481285595332e-13,6.8543309412178922e-13,5.3274569693630847e-13
4.5075,6.2782383481602968e-13,8.6667594487045661e-13,7.816290283728325e-13,5.8489176842619802e-13,4.9051204407165357e-13,4.2726949630114635e-13,7.4766999157048973e-13
4.51,6.1847842621395884e-13,8.5802280910693251e-13,5.746162526845253e-13,5.7942932877528008e-13,6.2405772574502808e-13,5.4902386846969728e-13,8.1476944614422153e-13
4.5125,6.9305336915713632e-13,6.7951622905085175e-13,4.1171136809990783e-13,4.0042093486228759e-13,5.3756916595278559e-13,6.0664958393164523e-13,6.7202945763721188e-13
4.515,7.4968991846794248e-13,5.9701464966240727e-13,4.4029467569224325e-13,4.7027217919692815e-13,6.6565974076048966e-13,5.6357518180626225e-13,6.3332902270294653e-13
4.5175,7.2372851305897289e-13,5.1298166441384487e-13,2.6300037059502222e-13,5.5853246027951993e-13,4.6686169348211845e-13,5.4036824219766921e-13,6.2489067896140568e-13
4.52,7.601743601550843e-13,4.652579396672959e-13,3.599265620011393e-13,3.6985528626643996e-13,3.734077251352285e-13,6.9129178270915437e-13,8.4116809063047719e-13
4.5225,7.8163378959796847e-13,2.8767174188700869e-13,2.0871601557197402e-13,3.5519349518845711e-13,3.4955062175331096e-13,7.3310825846927115e-13,7.7131260855383297e-13
4.525,9.9684325819329433e-13,3.2260946986518893e-13,3.1645981246235524e-13,2.6773805449646991e-13,2.4246533889380722e-13,7.6182976365317566e-13,7.3094558630110834e-13
4.5275,9.3063743901328785e-13,3.4035676395657799e-13,9.1039216092009251e-14,2.2902212854696721e-13,4.6793209968047019e-13,5.6170455508060039e-13,7.6264750812618837e-13
4.53,1.0886302301531616e-12,3.0975210800366417e-13,8.8590587631914888e-14,1.7292513799148647e-13,3.2365397177273198e-13,6.1695086694228543e-13,6.7639582662725686e-13
4.5325,1.1380509834284201e-12,2.0570240467223886e-13,9.6070555648239642e-14,2.4115273073939687e-13,3.1975535539122137e-13,5.3972706072606562e-13,7.3331474412345987e-13
4.535,1.0819514086439021e-12,2.4019307592266945e-13,1.9324001131100819e-13,3.0268277425940573e-13,4.4888925351828762e-13,5.7769660613953081e-13,7.4370421647918935e-13
4.5375,1.2002034484606759e-12,2.3638364459822649e-13,1.558486747581459e-13,8.2471780937269531e-14,3.0020243379780687e-13,3.7754026166916076e-13,7.7191794787525173e-13
4.54,1.310862034539176e-12,1.8715202326181343e-13,1.7441126036569152e-13,7.7431622700408194e-14,4.3933167967386991e-13,4.9575466403985512e-13,8.2518683548013746e-13
4.5425,1.3167468022063722e-12,2.3593641896831581e-13,2.5627355865499301e-14,1.8961639392400259e-13,4.0046715953770991e-13,5.7518002905778346e-13,5.8353791313141988e-13
4.545,1.1911357698598856e-12,1.4705365932853204e-13,1.7180803919134568e-13,2.0620475693206223e-13,3.8708880527503016e-13,5.8681983341913769e-13,7.2408128557923211e-13
4.5475,1.1693268641259633e-12,1.9094109770760269e-13,-8.1429095207409981e-15,2.5539906632095987e-13,3.442241891422971e-13,5.7686044470103948e-13,7.7436680630835656e-13
4.55,1.3045214210206726e-12,2.1061226624160362e-13,1.3763108963291779e-13,3.3744273651647502e-13,3.1432048291579957e-13,6.0420420202670579e-13,7.1338343244361385e-13
4.5525,1.3126701110032855e-12,2.7740457822370978e-13,3.702621395978793e-14,3.4941241295613043e-13,2.6009751150754942e-13,5.1739440248764431e-13,6.3075309630331095e-13
4.555,1.1931051803716426e-12,2.0534599474009865e-13,2.1841057030216557e-13,1.6974168512831168e-13,3.7339115108687983e-13,4.0627858190794983e-13,7.6968745219849175e-13
4.5575,1.2891334706920744e-12,1.3250215706223502e-13,9.4587543415448911e-15,2.9826132794856894e-13,4.2678034519636602e-13,5.2403882043493862e-13,8.3451429999546243e-13
4.56,1.2347132742598187e-12,1.8450717771012664e-13,-3.8674296093504968e-15,2.5716107788099505e-13,5.3476297254105168e-13,5.6753442616979902e-13,8.1869086828469163e-13
4.5625,1.3470323312964997e-12,2.1594044496583652e-13,5.520122971805359e-14,2.968875219733579e-13,4.3234196591088923e-13,4.6958313107073152e-13,8.518263555837939e-13
4.565,1.3808817304667885e-12,1.5472752040734811e-13,8.8643645165613176e-14,5.7274686561559109e-13,4.8647778811949991e-13,6.0511638549301112e-13,8.1678428433331909e-13
4.5675,1.0961919623227304e-12,1.9753073153904092e-13,1.7699082488396218e-13,4.0327345273624872e-13,4.7511560910967777e-13,5.8475485631310583e-13,5.6513806722134726e-13
4.57,1.2369949386324924e-12,3.2568477274163069e-13,1.5602821402238573e-13,4.955197151153146e-13,4.5124751068314044e-13,4.2390207237778387e-13,8.226306998028189e-13
4.5725,1.1138198768361432e-12,1.9077823652044308e-13,3.0467055875015357e-13,4.3480188827844204e-13,4.9113664639778812e-13,5.3804605560521207e-13,7.6082388314909743e-13
4.575,1.0925323529718929e-12,2.5990325767314758e-13,3.8321744419603836e-13,5.0518022975014808e-13,5.8295272225944573e-13,3.7997685455227709e-13,6.2568595903853472e-13
4.5775,1.0601051841726455e-12,3.0365790895044515e-13,4.6002450298302086e-13,6.0173815030294416e-13,4.7712990786694751e-13,6.0279605777045284e-13,6.6373100182149857e-13
4.58,1.1725283347163683e-12,4.0674235095721012e-13,6.7194162357981863e-13,5.3819348151467068e-13,4.2653426160985843e-13,6.3055041350769199e-13,7.3036970091309095e-13
4.5825,1.1167771778471995e-12,4.3996314321267326e-13,7.3263282745440916e-13,7.5275509166973286e-13,5.9967490704671863e-13,6.2938570276571569e-13,5.4663058635803738e-13
4.585,1.1246335124675443e-12,5.7873954174104421e-13,8.0961894717729618e-13,7.2516035855171055e-13,6.0085405010000669e-13,5.5095331421530368e-13,6.755251039941827e-13
4.5875,9.9418146114885959e-13,6.9353207683920445e-13,1.0669392478891422e-12,5.7627943095958238e-13,4.9334895999553068e-13,6.0818297488279949e-13,7.262258646307638e-13
4.59,9.5282847156253688e-13,9.8279854926458472e-13,1.007028346076456e-12,7.5994537273822402e-13,7.2201685696278229e-13,4.1714976877704822e-13,7.1523321838192696e-13
4.5925,9.7692638093355201e-13,1.0035531996139873e-12,1.1059008102298745e-12,8.3731494053313935e-13,6.6173034271275231e-13,5.1111267595377869e-13,6.9317166956717833e-13
4.595,9.6339323779458782e-13,1.2432089810167812e-12,1.3356709062245648e-12,9.4473888584595183e-13,6.4425840944761066e-13,5.0898516271153202e-13,6.3516552083083639e-13
4.5975,8.2723136106692381e-13,1.5647770626344474e-12,1.2613107063128879e-12,7.3223079604028929e-13,7.7211355568465362e-13,5.5080009982964744e-13,6.4169912762097254e-13
4.6,7.9949935967023553e-13,1.6807251033092764e-12,1.3360567783252612e-12,8.6691741173361578e-13,7.6212979215718728e-13,5.3359122567891157e-13,6.7167289663003303e-13
4.6025,6.8605132629973182e-13,1.7561017660853194e-12,1.405254068499918e-12,7.445372148837473e-13,7.8282944455375126e-13,6.522226444865658e-13,7.1281702584867053e-13
4.605,5.6357891441607461e-13,1.9330187673641498e-12,1.3806408356490333e-12,9.2685949322038273e-13,8.0158410312495178e-13,6.2970103410321333e-13,7.2761727474138582e-13
4.6075,7.4253646922717463e-13,2.1070466975001351e-12,1.3503499219238047e-12,9.0529315681741195e-13,6.8548823569771807e-13,5.5544243549671699e-13,6.9080568922309032e-13
4.61,8.4553499312189959e-13,2.1813273887789481e-12,1.3737119250559459e-12,1.0778604340279197e-12,6.4014874609157255e-13,6.4734632856429184e-13,6.0450011836737108e-13
4.6125,8.6575848867346402e-13,2.1329697949806477e-12,1.3529268237122593e-12,9.712152018419493e-13,7.7650016060593882e-13,6.4879069408987612e-13,6.5294013959285542e-13
4.615,7.9134067290471135e-13,2.1606056153442386e-12,1.2661479154258604e-12,8.4135927687989986e-13,7.3455703301449687e-13,7.2626293175205779e-13,6.8436350545991138e-13
4.6175,6.8105523564659067e-13,2.2632996395912839e-12,1.2416445755897264e-12,7.5497168746188146e-13,7.0266740490874844e-13,5.6027641714897573e-13,6.3055998339095394e-13
4.62,6.206540286376267e-13,2.0145465601994211e-12,1.1173302604040132e-12,7.3479778656017075e-13,6.9061653409577733e-13,7.1270443783936712e-13,7.7058674067406305e-13
4.6225,5.6536773046622945e-13,1.9603316502950984e-12,1.1304587709251408e-12,9.0654562729051644e-13,7.4165865282402412e-13,6.1228083392677996e-13,7.2274299293666045e-13
4.625,5.7544260443257364e-13,1.6047223245748956e-12,1.288129468558518e-12,8.890511644658757e-13,5.8661295721568243e-13,6.2983611038786594e-13,7.5303071045276522e-13
4.6275,5.2485998310537382e-13,1.4521064202879336e-12,8.8068018812173321e-13,7.5171294756882007e-13,6.765139899980192e-13,7.3897337854943025e-13,7.5023129369097035e-13
4.63,7.4080142513033805e-13,1.3958661716187793e-12,8.9573672867145095e-13,8.2131130095091985e-13,6.7763675433561404e-13,5.8940163372379028e-13,6.1371305721151937e-13
4.6325,7.0389219546254902e-13,1.0673980330957297e-12,7.2418233450669911e-13,6.0395959929958063e-13,6.4544210287804017e-13,6.0165054146049723e-13,7.9205273975617471e-13
4.635,6.3465911269468556e-13,1.1922883743746052e-12,7.1900788097801739e-13,5.4817365561810628e-13,6.6318220335333372e-13,5.7232611423425052e-13,7.100928690414191e-13
4.6375,6.3984440090928146e-13,8.0150474858185002e-13,6.3735977625084824e-13,6.3527866440126003e-13,6.3182893675528091e-13,7.1759373216614353e-13,7.1510590166738813e-13
4.64,7.6347151331083051e-13,7.0995106721113683e-13,6.0505362542808092e-13,5.0559626310204819e-13,5.0816744005934728e-13,7.5183366128073127e-13,7.5604237605119089e-13
4.6425,7.0356797838713077e-13,7.2019936228729446e-13,5.4035415170855427e-13,5.4337733214634261e-13,5.9619259282917651e-13,4.1699948545693775e-13,5.6668810893759564e-13
4.645,8.5994044278183167e-13,5.6958379038976753e-13,4.0803006488152969e-13,5.4162015698459248e-13,5.1530027387508434e-13,5.3877634208864223e-13,7.37257825694417e-13
4.6475,8.6778554209072581e-13,6.3737914611977609e-13,3.267742600874751e-13,4.5385626534834046e-13,4.8277080844314755e-13,5.3486822394819624e-13,6.6470831726038256e-13
4.65,9.728531644669275e-13,4.4291595549518591e-13,9.9850161554237984e-14,2.7657193741055989e-13,4.6773480993827387e-13,6.1475773682475042e-13,7.0292419454286816e-13
4.6525,8.8404279329436751e-13,4.6557727845906097e-13,1.9802146407095024e-13,3.1895785278405125e-13,4.4774967780677074e-13,7.48369890566365e-13,6.2509779246912564e-13
4.655,9.0505999183793837e-13,3.7262304454570334e-13,2.3361606484728762e-13,2.9819558512571715e-13,5.7464622301559959e-13,6.1618410303910766e-13,6.1103100749958733e-13
4.6575,9.3319783216812531e-13,3.3957002835387044e-13,1.071306352280795e-13,3.2422538266007504e-13,3.5930954681106415e-13,6.7793340020579608e-13,6.3816681083592473e-13
4.66,9.8568703120577685e-13,2.6594373292758964e-13,1.6403277674366994e-13,2.091032905058488e-13,3.2136032649571314e-13,7.4056704233027974e-13,9.0010139224412413e-13
4.6625,1.1394172171755738e-12,1.9364349125062942e-13,1.1043818801984367e-13,1.9757079774618488e-13,2.9607741967084338e-13,6.0357201657336951e-13,8.0183803085203183e-13
4.665,1.0731279027804787e-12,2.8505694894942292e-13,4.8952555594932726e-15,1.5579325129323377e-13,2.958656903828174e-13,6.9243131785403926e-13,6.4138836152418054e-13
4.6675,1.3186264177236425e-12,2.6323151692309119e-13,-1.7692837145413847e-14,1.3576754633745095e-13,4.8800854185259946e-13,5.3601453762088727e-13,5.9316870736716512e-13
4.67,1.1732829692682239e-12,1.2132465467945142e-13,1.6959207780661889e-13,2.8334631868725463e-13,3.4999528210879899e-13,5.4597494093370656e-13,5.9264943283868456e-13
4.6725,1.1604485157300816e-12,2.3637155153453178e-13,1.2260703568775732e-13,1.7023085330119801e-13,4.4387192324693045e-13,6.4948520198916768e-13,5.4634079706086495e-13
4.675,1.2224227676742724e-12,7.0042922713364671e-14,-9.2831692550567917e-14,3.122554815150466e-13,4.2512813393229092e-13,4.6703129343292388e-13,6.6472847717211637e-13
4.6775,1.2394473059157619e-12,7.6690243113630541e-14,7.7616322785165345e-14,2.6909611039462396e-13,4.009008079068978e-13,4.7043134821081865e-13,7.2336084489569275e-13
4.68,1.393309903769308e-12,2.261569125032078e-13,1.2179556120274829e-14,3.4830480703513707e-13,4.237816085428655e-13,5.3596930850637402e-13,6.2080264273722059e-13
4.6825,1.2856056164773351e-12,1.5575692169950195e-13,1.3964402137323211e-13,1.7801618921241357e-13,4.0479664070657264e-13,3.6959640153067082e-13,6.7407086802135452e-13
4.685,1.3657630359481461e-12,1.850443970799287e-13,5.8136083970292726e-14,2.3043546724332922e-13,4.572489266943271e-13,5.6679942784080484e-13,5.7876738532562951e-13
4.6875,1.2519452246507698e-12,2.0761235153202897e-13,2.0314935771801954e-13,1.476758965023242e-13,4.715906669628163e-13,6.1873382408939594e-13,6.5261292373602082e-13
4.69,1.3413935582751678e-12,1.0467561834128332e-13,1.6393129785043457e-13,2.762733337680534e-13,3.6744569123379085e-13,5.5265980225755732e-13,6.6394042117337104e-13
4.6925,1.1182928484823701e-12,1.8858047114881778e-13,7.007590087933965e-14,4.9406772988639704e-13,4.1766399248723185e-13,5.9696218982535572e-13,6.4653338205361334e-13
4.695,1.1980409142307009e-12,2.165301496872217e-13,1.2751138650911038e-13,3.6929732961515822e-13,2.9625853924257971e-13,5.0466425582378118e-13,6.4725258451186443e-13
4.6975,1.2331762383062542e-12,1.3235615415072656e-13,1.1549797585522635e-13,3.5977680642416149e-13,5.864356929194506e-13,4.9583103150734113e-13,6.8487662573054859e-13
4.7,1.0979770037356761e-12,1.8102803143289886e-13,1.1194874488444383e-13,4.0043480951309987e-13,3.4398236582084649e-13,6.4925130783714435e-13,6.9801394938913371e-13
4.7025,1.1957177302683234e-12,4.4051443629140001e-13,3.3061523069045642e-13,5.0497630168396678e-13,3.8271209465342702e-13,4.9614035937892805e-13,6.4280722408370499e-13
4.705,1.1946504230519773e-12,2.6027949048186099e-13,4.0564936863006061e-13,5.13701122973971e-13,4.2858410230638566e-13,5.5821039197985543e-13,7.3305976185473336e-13
4.7075,1.1658342490073426e-12,2.7639277261030195e-13,5.6838626949732651e-13,5.9123443245307769e-13,5.8069452469965358e-13,5.7986415594053347e-13,5.8238800125385572e-13
4.71,1.0459452528265663e-12,3.827844117950087e-13,7.0298200471107414e-13,7.6310963656274041e-13,5.103220343243723e-13,5.1707371407572238e-13,6.7431102951023719e-13
4.7125,9.3502967963892331e-13,4.3632511427843562e-13,8.620391289499683e-13,6.546920711207178e-13,6.5090514070101219e-13,4.8502010007149139e-13,7.4793161057644858e-13
4.715,9.5235326871220248e-13,7.3930869855542818e-13,9.3220366552469506e-13,5.8785429523743353e-13,5.9764935541890534e-13,7.0044702338766273e-13,6.4611425935196213e-13
4.7175,1.0188425425904101e-12,7.316910197916006e-13,1.0090051788147201e-12,8.7058919845606625e-13,5.1061546178810739e-13,5.7678296231907816e-13,6.4622657909944755e-13
4.72,1.018651156134873e-12,7.3965215089745826e-13,1.0972326717567122e-12,6.3628563895144622e-13,7.3084489128811051e-13,5.2146203996635688e-13,6.2425130467473089e-13
4.7225,9.4233374965507339e-13,1.0902399037180746e-12,1.2073648470912491e-12,8.6735746038360055e-13,5.0350480297356544e-13,4.6263838839247256e-13,5.791471095345194e-13
4.725,8.4380997221651806e-13,1.2004563876075658e-12,1.206844122358212e-12,7.6809732030746214e-13,7.2697574933635535e-13,5.8335391149273854e-13,6.5962974085701814e-13
4.7275,9.8532392016922537e-13,1.5473057666945913e-12,1.3072650587212757e-12,7.8700053402866849e-13,7.0937810827474282e-13,6.8512186554672135e-13,7.5363780326295433e-13
4.73,9.0349190391885833e-13,1.7409445593974586e-12,1.4425782669458109e-12,8.1960269750965059e-13,7.52417664660911e-13,5.8351196789626512e-13,6.2685219704625512e-13
4.7325,8.6168405119730076e-13,1.8760966664254835e-12,1.2837177938490689e-12,8.6265260677729619e-13,7.2379913980621066e-13,7.1071652184691295e-13,7.2533336424838044e-13
4.735,8.0742256112770622e-13,2.0032486005053274e-12,1.4285171393084364e-12,9.7748210654802877e-13,8.1920952927313894e-13,6.4754527033841144e-13,6.1780488815728118e-13
4.7375,7.533284927500675e-13,2.1642936022542824e-12,1.3822117460962191e-12,1.0316658554953661e-12,6.9777225425136085e-13,6.5798730730457406e-13,7.098191558734628e-13
4.74,8.2663172146219665e-13,2.3283513448406769e-12,1.4491479002063038e-12,8.0073022663013922e-13,7.7819607640548852e-13,5.2744622544388921e-13,6.9056383170455112e-13
4.7425,5.8473298478731306e-13,2.1184784905777242e-12,1.3897077600702346e-12,8.7349934737958703e-13,8.0179224570734525e-13,6.389952518627663e-13,7.3115419309263685e-13
4.745,7.970952827115396e-13,2.1446792333930338e-12,1.330327008925434e-12,1.0435475756427805e-12,8.166415593109414e-13,6.627107681346636e-13,6.9868644689114779e-13
4.7475,6.5704485040321619e-13,2.128945952720155e-12,1.2821023127196894e-12,9.2507585150061383e-13,7.1336307207118807e-13,5.5216835618119237e-13,6.6937910270001991e-13
4.75,7.0517545105167304e-13,1.8116422142061293e-12,1.1867478734132292e-12,8.9761140762051575e-13,7.2639644792731175e-13,6.1671723037932156e-13,5.859975441403177e-13
4.7525,9.186735077860053e-13,1.8630599307017829e-12,1.0691068795781614e-12,1.0233064168187047e-12,7.7446573197238373e-13,7.5957553445723947e-13,5.7163376636389424e-13
4.755,5.894319869327118e-13,1.5569214675928739e-12,9.4281808870957688e-13,8.4737916563607504e-13,7.6910683536381287e-13,5.8628109915243071e-13,7.3169972693259324e-13
4.7575,7.2686523528360952e-13,1.4919439975793344e-12,9.2350346546658132e-13,8.6611499124873698e-13,6.7126494468578456e-13,6.1926267602567888e-13,6.0234209754448521e-13
4.76,5.312176225007926e-13,1.2595634968984309e-12,7.2968555987546291e-13,8.8364935660157893e-13,7.132575285256933e-13,7.5659450672058871e-13,7.888751040151492e-13
4.7625,6.7076815131801731e-13,1.225695468441651e-12,7.3101077227934983e-13,8.8251376023736325e-13,6.5071712401440686e-13,5.8148152063574585e-13,6.6782036710612988e-13
4.765,7.032466161128727e-13,9.7747862989368088e-13,6.9280905335354743e-13,7.5681703275242576e-13,5.4390480139825268e-13,5.3152664957968758e-13,7.1683741812360741e-13
4.7675,7.3230858488146347e-13,8.6493262535400011e-13,6.7450945728324472e-13,6.2947877450197624e-13,7.1457370496466652e-13,6.3538112773064509e-13,6.5574486494300773e-13
4.77,7.8946223731404807e-13,6.3304630293882055e-13,5.1692106154772719e-13,6.0914529744060635e-13,5.3548337953799138e-13,6.1451570094325977e-13,5.1292894712308816e-13
4.7725,6.5875560067630678e-13,5.2543538823422497e-13,4.3548222725720716e-13,5.1336490426500831e-13,7.0768925067988487e-13,5.2608084352658086e-13,5.7446342329104144e-13
4.775,8.5210907223752883e-13,5.3402742623498209e-13,4.1734506202328569e-13,4.1541555083700158e-13,4.4612915807496456e-13,7.2207692313595407e-13,6.1094041380155704e-13
4.7775,8.1478574177086928e-13,3.7459932966999497e-13,2.7409704308269983e-13,3.8612652851761792e-13,4.4566685183446017e-13,6.3143431958888618e-13,7.1931351511473488e-13
4.78,8.2121053520552215e-13,5.2467140074946989e-13,2.82518782362043e-13,5.1543578388511396e-13,5.0894282316307406e-13,6.2547536005879617e-13,6.4075140583801465e-13
4.7825,9.9022391815435063e-13,3.7075090523250901e-13,2.2143611073870931e-13,2.7378714543775213e-13,3.5530600357307324e-13,6.3350733147681972e-13,6.4330658284484336e-13
4.785,1.1162222294244277e-12,3.5549171269791045e-13,2.5098358438860825e-13,3.8629815582730942e-13,3.3119970430352136e-13,6.3011617119431967e-13,6.6532820216746849e-13
4.7875,1.056404002692291e-12,1.8523184788917484e-13,2.0943571656980347e-13,2.3310036318199238e-13,1.9230382796532702e-13,6.7182849095241409e-13,6.4455268606689328e-13
4.79,1.2236982226849205e-12,2.1352049361673069e-13,1.7330093154885331e-13,1.9428002484596333e-13,3.3620191878114576e-13,5.7537871138532342e-13,6.2648992912161152e-13
4.7925,1.0837621639950278e-12,1.1027661524408381e-13,2.1271385364678634e-13,2.1517219115223034e-13,2.324565795763318e-13,4.8548963084729297e-13,6.5752304574216146e-13
4.795,1.0377929560833151e-12,2.3272861996782314e-13,8.5519007703483064e-15,2.0780455013927864e-13,4.4481305117349489e-13,4.2972970594086549e-13,6.0074068408533019e-13
4.7975,1.215264891090518e-12,2.3698036737629981e-13,-1.0183159012865179e-14,1.6709977326919354e-13,5.4454758794634932e-13,3.9531868170142925e-13,7.309204283873426e-13
4.8,1.3044986504525637e-12,2.7347460241350969e-13,7.0652222486508795e-14,2.029200304338359e-13,2.1672240799711974e-13,6.1564152010130824e-13,7.523689367206398e-13
4.8025,1.2303532360131456e-12,3.4017115101017606e-13,1.4383337586626011e-13,5.3214019196568231e-14,4.115150149791333e-13,5.2904894657036242e-13,8.0617703985506137e-13
4.805,1.1922919600389544e-12,1.6766302137118339e-13,1.1448473443142417e-13,2.9700329983142351e-13,3.3100090296245928e-13,5.7550618215427689e-13,5.6623462801255761e-13
4.8075,1.2918729842079673e-12,1.6191521702864414e-13,1.11198155044729e-13,2.4985104340228126e-13,2.6333576228097131e-13,6.8577268606011923e-13,6.7913604065496178e-13
4.81,1.0738561745830346e-12,2.2988405123418138e-13,2.2691345303783268e-13,1.2567816996262777e-13,4.0171087179006264e-13,5.5145307104170418e-13,7.4001842736316132e-13
4.8125,1.1830842154887335e-12,1.416910185855739e-13,2.8532547486546367e-14,2.7684527041266067e-13,4.041180889129442e-13,6.2245888930200279e-13,5.9960593002221778e-13
4.815,1.4088787628904804e-12,9.7283847065661852e-14,-4.7284595228990627e-15,4.2493964108234995e-13,3.966015396321353e-13,5.4936480637691885e-13,7.3767665497360673e-13
4.8175,1.2462930286222504e-12,6.9722399093697978e-14,1.8500915495866737e-13,1.7954884335780508e-13,3.6608913951704268e-13,4.9270022191532701e-13,6.0461069206780754e-13
4.82,1.1633005784310497e-12,6.5576471939384939e-14,8.0453009737006511e-14,3.6817692890668618e-13,3.8818753290740057e-13,5.6481198713794372e-13,7.8620225429915724e-13
4.8225,1.2308610532952198e-12,1.0199736628798028e-13,1.6825101116899573e-13,2.6505581926667041e-13,4.8012129665950301e-13,4.170147691293352e-13,6.0309665362883045e-13
4.825,1.1950197046002217e-12,1.624708132719318e-13,5.0827971834840416e-14,5.2484087316580001e-13,4.0202639291229201e-13,5.6331670347842491e-13,6.7202733449209199e-13
4.8275,1.2404259372113294e-12,9.6103281819481947e-14,2.7082938159034147e-13,4.4918254785656361e-13,4.0269896240307073e-13,4.3788663054188628e-13,6.87880988797272e-13
4.83,1.2301788393010826e-12,1.1501623688008884e-13,2.4428767798070034e-13,6.0865298758072629e-13,2.9310597361451614e-13,5.9795476313535086e-13,6.9314169391942095e-13
4.8325,1.2520382165087561e-12,2.7731179060877353e-13,4.5244283346631671e-13,4.9463035767716311e-13,5.367878048431006e-13,4.2081470046319771e-13,6.8446348606154926e-13
4.835,1.2353877422157893e-12,3.2753482570609521e-13,3.5025438270649487e-13,5.676448824143093e-13,4.2377479603549378e-13,5.2667414225212594e-13,7.015111017921976e-13
4.8375,1.1329738925499045e-12,3.6830444612016497e-13,5.6526122699718019e-13,4.682617978637371e-13,4.9519595063047413e-13,5.1213269238523004e-13,5.2418915724856576e-13
4.84,1.0977031829135558e-12,5.3715309704687369e-13,5.6106629938603351e-13,7.27562676181128e-13,5.7444423490226215e-13,4.962053094655184e-13,5.7373883390908615e-13
4.8425,1.0161927846233568e-12,5.7697217690592264e-13,8.0911096743746049e-13,6.642600295401007e-13,4.5454638807243226e-13,5.4913836892619057e-13,8.193761298639279e-13
4.845,1.0317188218985413e-12,6.4056768139233539e-13,9.7123378817344503e-13,7.2011191809503082e-13,6.479247817005548e-13,6.0462740051842155e-13,5.1815164607694712e-13
4.8475,1.0458502539100666e-12,8.336669854512886e-13,1.1263905342064165e-12,7.6036484394622393e-13,6.9745662375874058e-13,5.0649754598920378e-13,6.6730814366957027e-13
4.85,9.9334737710043402e-13,9.3514627938375996e-13,1.1126779754114328e-12,6.774960189259423e-13,5.8803098904688301e-13,5.571999449309471e-13,5.9447123997542088e-13
4.8525,8.3531528892256075e-13,1.0728197204554448e-12,1.1716916384745286e-12,7.3460805204451484e-13,7.0947226584168265e-13,6.0369596574409011e-13,6.8620241702343185e-13
4.855,8.4619670466320524e-13,1.18728338599364e-12,1.4006762867825253e-12,7.8132821192051923e-13,7.7468366095750877e-13,6.0444063841313799e-13,6.6867839779355864e-13
4.8575,8.1138066729568189e-13,1.4920645868305298e-12,1.4197222585316487e-12,7.2964537076668842e-13,5.3374612014129194e-13,5.5160501109496533e-13,5.1045194992809883e-13
4.86,8.7045967155803303e-13,1.5847782043299484e-12,1.3699170710557591e-12,9.0128650081795782e-13,7.267810939021581e-13,5.2962685623140241e-13,4.6632041339645094e-13
4.8625,8.9217798017923851e-13,1.924884367974433e-12,1.3264861132088382e-12,9.8011974096367474e-13,6.7541180963059394e-13,4.2092387540450738e-13,7.7531032315323239e-13
4.865,7.3999488962618179e-13,1.9573052896033413e-12,1.3740911556511864e-12,8.8917076806108505e-13,6.5207110011589656e-13,5.9416852110532938e-13,7.3030686446676968e-13
4.8675,7.0691377102148069e-13,2.1357517393985591e-12,1.4264752241480234e-12,8.8107576407489453e-13,9.2012383321092283e-13,5.5136905582173094e-13,7.1451682916697692e-13
4.87,7.3358833933545689e-13,2.2719193752606006e-12,1.5465724737126062e-12,8.8091452836070459e-13,7.7513294923837258e-13,5.3823103211471081e-13,6.7855023214277194e-13
4.8725,7.2362147265001961e-13,2.2564959283599612e-12,1.4577017723187671e-12,8.8275355473172118e-13,7.724234479545826e-13,6.7623862111489883e-13,7.6106332052687765e-13
4.875,6.5576578313914918e-13,2.0084721723732753e-12,1.2276590614245845e-12,9.8219248805142321e-13,8.1469537836787052e-13,4.8783147297893553e-13,6.8066602976255296e-13
4.8775,7.8076305959686338e-13,1.9449242319494054e-12,1.1263361331776271e-12,8.3174125187182689e-13,9.1761721016144216e-13,5.327047804002382e-13,7.2258777378611304e-13
4.88,6.2921503653036518e-13,1.9502754017831488e-12,1.1911660275425858e-12,8.8686399117400286e-13,7.0400343228591699e-13,7.2076375426418936e-13,5.6500190035495762e-13
4.8825,7.819537633169004e-13,1.6248225574097884e-12,1.2985969815000014e-12,6.8759336284311569e-13,8.4602965500837684e-13,5.9140136090988559e-13,5.1700775223963861e-13
4.885,5.4916306813916277e-13,1.6942816299301185e-12,1.090188563130454e-12,6.3576761132635063e-13,6.9694497035815957e-13,6.5803067354481609e-13,6.4828232032808448e-13
4.8875,6.172708282442763e-13,1.402848773669011e-12,1.0148627076020864e-12,7.0612614386123089e-13,5.7796014732440492e-13,6.0950331254598766e-13,5.4525030065542643e-13
4.89,6.2322005521694681e-13,1.2884028188573994e-12,8.2520440399352851e-13,7.8926849049587931e-13,5.7596405124189377e-13,5.9181484758662852e-13,8.1666929762078217e-13
4.8925,5.9122488754189629e-13,9.3557447439314587e-13,7.6266193339462226e-13,5.4626334831923064e-13,6.6662503826138353e-13,5.5096858229386761e-13,5.5408816735652345e-13
4.895,7.3687130502953905e-13,8.6840435253472303e-13,6.1696350978189161e-13,6.192411983213899e-13,5.2999950206789133e-13,5.981788537335706e-13,7.3836062008866323e-13
4.8975,6.4079404060806203e-13,7.1712738598448829e-13,6.6111660131205473e-13,5.1590640505311945e-13,6.3311590080050514e-13,6.2730941001005453e-13,5.7193374265908469e-13
4.9,8.4996160341181767e-13,6.2487929060853389e-13,5.3672492543534194e-13,5.3347318793996171e-13,5.8009494473014968e-13,4.9474307393554672e-13,6.2273545409192055e-13
4.9025,8.4636880109476251e-13,5.9530602274380848e-13,4.959483868002362e-13,4.5889856942009725e-13,7.6286540498055345e-13,5.8116885363751057e-13,6.3977984449374587e-13
4.905,8.5527815200093658e-13,7.0415534617716e-13,3.6923497634608214e-13,3.4054331610924324e-13,5.66098680053103e-13,5.0680793020873395e-13,6.6065585486031129e-13
4.9075,8.3126951724230448e-13,3.4290881264618168e-13,3.5748033362436919e-13,5.3533511729229463e-13,4.9638405417846345e-13,4.2172610939587029e-13,6.1309595644217871e-13
4.91,8.9763867865677095e-13,2.2383013432879241e-13,3.3159558878780333e-13,3.2908101190757493e-13,5.0974243373141087e-13,5.0827967063513941e-13,6.1123848134433228e-13
4.9125,9.0557247542152179e-13,2.2309415017378304e-13,2.2551476041434882e-13,3.8992619397735967e-13,4.2955631512765067e-13,5.8006242168694398e-13,5.6869748368680981e-13
4.915,9.50997727768709e-13,2.4196763339395428e-13,2.4784345028820096e-13,2.9338552394659757e-13,4.7483380736108459e-13,6.0791057636147276e-13,6.6109533316437585e-13
4.9175,1.0787667357517267e-12,3.6667383635867239e-13,2.7322457265286753e-13,3.3912999521149176e-13,4.6210486995730151e-13,4.5496408871540282e-13,5.2184804514710111e-13
4.92,1.0220295023420146e-12,2.2468840297754896e-13,9.7722085632198477e-14,2.5300506551748811e-13,3.8131225736743978e-13,4.7294291655904258e-13,6.6912720749249041e-13
4.9225,9.8965088053700084e-13,1.9124973236994006e-13,1.8867985791369813e-13,2.5845640196777678e-13,4.8495114003338251e-13,4.8071680458554476e-13,5.3705916070709951e-13
4.925,1.2455290120188286e-12,2.7327870463600567e-13,1.3080454953243372e-13,3.1593989250994514e-13,3.6785413566089963e-13,7.1848724331192297e-13,6.2845648786302982e-13
4.9275,1.1268301535488141e-12,1.6314106183942432e-13,1.8292911473450531e-13,3.3345343950977149e-13,3.2191965922707418e-13,6.0804264805708261e-13,5.0913768737057215e-13
4.93,1.1292157307911671e-12,2.8782579502184506e-13,6.800351355000693e-14,7.6517457071563463e-14,3.2891470120376665e-13,5.6828467152174809e-13,5.3071769265075297e-13
4.9325,1.2027381505245043e-12,2.7789760651990563e-13,5.8818555961137509e-14,1.9370494207130354e-13,3.3918025299730184e-13,5.5281450434929276e-13,6.6449969940810812e-13
4.935,1.2510176660280741e-12,2.761340558363715e-13,1.1555535563020187e-13,1.7215769891195655e-13,3.6950895253372945e-13,4.6251948721732046e-13,6.9606191429184936e-13
4.9375,1.1102023878269167e-12,2.5913730816994512e-13,-6.9690812822947657e-14,1.6312625210931446e-13,2.6887873384586935e-13,6.255398331763451e-13,5.29513624843687e-13
4.94,1.3677698176976316e-12,1.6053651557905e-13,3.751761310247208e-14,3.0047510490728326e-13,3.5612012704648272e-13,3.8651531464805252e-13,6.2419009874484111e-13
4.9425,1.2125697393383411e-12,2.7968718735182858e-13,1.1914085558809976e-13,1.6677333329823474e-13,3.1557498336263098e-13,4.5151794728291172e-13,5.7565963547215298e-13
4.945,1.2167293610446268e-12,1.3539841067217218e-13,3.2509670916934595e-14,3.7254472535192344e-13,3.4961457824566869e-13,4.5234200507847973e-13,6.0903071558902218e-13
4.9475,1.2644635918491292e-12,8.1533386746051333e-14,-8.6570662253481858e-15,3.4435230548109448e-13,4.1660583616599668e-13,3.3665185683718085e-13,5.5702324500467127e-13
4.95,1.308962329111263e-12,2.2548331063594337e-13,1.269782704465137e-13,3.254319714041201e-13,4.4503531245956515e-13,4.8106261913514362e-13,6.9334291053688656e-13
4.9525,1.2751898390950763e-12,2.2277211407978063e-13,6.2484207060916605e-14,4.0021261075843449e-13,3.0062950106213284e-13,4.8859357799525511e-13,5.5567380575215982e-13
4.955,1.1638164401311625e-12,1.4038860201707876e-13,1.7140054630461971e-13,3.6833539709251027e-13,2.7537197628474316e-13,4.2812853517409184e-13,6.6408535017184353e-13
4.9575,1.0430559337671204e-12,8.2164834376425315e-14,1.5473541855540754e-13,3.9677058231489903e-13,2.9256313447290863e-13,5.2806919737462601e-13,6.5362552012692336e-13
4.96,1.0900420891501678e-12,2.3821094482698046e-13,2.7614342137309436e-13,4.3844290923104766e-13,4.7557146794889244e-13,7.0403590212054016e-13,5.1322474975378e-13
4.9625,1.0176546480232395e-12,2.7770312508615301e-13,3.8021612076214996e-13,5.1908682659725774e-13,3.3840067315861274e-13,5.2710688115774238e-13,7.0555848142033035e-13
4.965,1.0196279046346677e-12,3.0838720015598035e-13,4.0348019599070967e-13,4.9419839681739315e-13,4.7033759470354782e-13,4.847509024762889e-13,6.2314560701384466e-13
4.9675,1.1003027461836411e-12,3.3231099489316001e-13,5.5308818343277583e-13,6.045455585657782e-13,6.4430174683672915e-13,6.1853620074434263e-13,7.8124200215049314e-13
4.97,9.2358309537418827e-13,5.6270598396194247e-13,7.1555257552680014e-13,6.5274069791672372e-13,5.2294983359260004e-13,5.1219937304643812e-13,4.066528290973959e-13
4.9725,9.2089173222934905e-13,4.7842989395894888e-13,6.8337493483861339e-13,7.0283198679705671e-13,4.4378653290394232e-13,6.5645389999655297e-13,5.4032013411474975e-13
4.975,1.2434906992416894e-12,6.925595052916379e-13,1.0541562759901959e-12,6.706166302932804e-13,5.7764802727722847e-13,5.3952606201246384e-13,5.3718872830675722e-13
4.9775,9.5540699712777481e-13,7.1604823269145072e-13,1.0357988445799461e-12,6.543264703272355e-13,5.7052340374891726e-13,5.3596754160343378e-13,7.0654843116385645e-13
4.98,1.0344663235317298e-12,9.2084174383303223e-13,1.1016346818077389e-12,9.1159100788557168e-13,5.5889480968561329e-13,7.0539018904839092e-13,5.3905481892067968e-13
4.9825,8.6248425174318621e-13,1.0711795212349586e-12,1.2117080233788467e-12,8.8685047739674883e-13,8.0107231338366544e-13,6.1619522245173513e-13,6.2055254652651379e-13
4.985,9.3921281594161924e-13,1.2870308507130134e-12,1.3209822736283627e-12,8.6947012564127642e-13,6.9845290900348178e-13,6.1161221609238504e-13,6.713619104458607e-13
4.9875,8.1243097852299601e-13,1.3766043621935406e-12,1.4447867668392886e-12,8.9404044459237496e-13,7.5043958508963653e-13,6.5161304413906411e-13,6.1354945112685661e-13
4.99,7.4463843777448548e-13,1.7377491772296957e-12,1.3699768182817037e-12,9.2907821841734707e-13,7.3541094813135036e-13,6.755228005509931e-13,5.3584613436274817e-13
4.9925,8.6197318930324519e-13,1.9851018960262284e-12,1.4669004370555691e-12,8.638475825339475e-13,8.1137787012687232e-13,5.7896513742618314e-13,6.3788987636195969e-13
4.995,8.5137466110551546e-13,2.089159540962938e-12,1.2994928160072561e-12,9.6525665335257206e-13,7.6040856981250478e-13,6.3696352716143724e-13,6.7145344829859197e-13
4.9975,7.8835093069567751e-13,2.1717753356740582e-12,1.3836911035573015e-12,9.0136727833819416e-13,6.8439304413362774e-13,5.4481120340306301e-13,7.2219797734542401e-13
5.0,5.6561522006011993e-13,2.101085113033739e-12,1.4831077327568281e-12,9.1976007130627521e-13,8.0805177992865793e-13,7.0021449987484438e-13,6.6843843397464239e-13
5.0025,7.9657271644986927e-13,2.3161053422826824e-12,1.219765533678491e-12,8.4183986443082443e-13,7.4924355203918386e-13,5.9702235206135424e-13,7.0305604110854056e-13
5.005,6.7260123718674421e-13,1.9583955386710467e-12,1.3931488252374813e-12,9.3748905559022061e-13,8.2492519142306243e-13,6.2631035743272973e-13,5.2662197331340293e-13
5.0075,6.8978770817342002e-13,2.096987126895061e-12,1.2475178123104505e-12,8.5037461875499124e-13,8.1902774533937969e-13,6.6433750386991143e-13,4.8248026008746164e-13
5.01,6.8654516923485221e-13,2.008435208586295e-12,1.3275154555532241e-12,7.1614044599022933e-13,8.0218995328095486e-13,7.22045348551905e-13,5.5566968640209708e-13
5.0125,5.3486763623100687e-13,1.6774313066633841e-12,1.1162348895590593e-12,7.6035953358725944e-13,7.5425077522743053e-13,5.3464480620536969e-13,4.4573717640291368e-13
5.015,6.3976969473576315e-13,1.5246630942798521e-12,1.0009306005041773e-12,9.1602800006740971e-13,7.0645860365081202e-13,6.2662185168245787e-13,6.8635575180755653e-13
5.0175,7.1644525126345985e-13,1.4777115928842267e-12,9.7480078259912804e-13,6.4515076587124503e-13,9.1252563622299233e-13,6.1236697035051584e-13,7.3244574781178764e-13
5.02,5.6871391557973119e-13,1.2788626693866803e-12,8.522087414526731e-13,6.7990072643566109e-13,7.1356514893049746e-13,6.3284994044951426e-13,6.1588666511274044e-13
5.0225,7.2239159213588197e-13,1.1058889422822854e-12,8.0539353623876998e-13,6.118341665508212e-13,6.3235737751709459e-13,4.8133516919222506e-13,5.6474651014798544e-13
5.025,8.1532690200903647e-13,9.0581670137566789e-13,6.8597318224157031e-13,5.8517123908404918e-13,6.6449796033037016e-13,6.1154587099144216e-13,6.0929588817147082e-13
5.0275,7.2130213434829877e-13,6.4606067122944183e-13,5.8993269568168557e-13,5.1944136401210053e-13,2.7140317557208314e-13,5.7979192026697583e-13,5.6464447427933642e-13
5.03,7.3305153536494291e-13,6.1681189915670356e-13,4.4614963195698175e-13,6.0734073268863453e-13,4.8805643796331394e-13,6.7043045052033827e-13,6.1565063032152618e-13
5.0325,6.1632857012578588e-13,4.5007181992192682e-13,5.481606091255682e-13,5.0371099050651723e-13,5.7824495064197596e-13,5.5249780228287446e-13,4.6958771194614352e-13
5.035,8.7649367369950773e-13,2.916993888180746e-13,4.0601881625146773e-13,4.0644495460080791e-13,4.4877061000547946e-13,4.8269424369322924e-13,6.7369208422989788e-13
5.0375,7.8261781949288312e-13,2.7142380238711021e-13,1.8167192043927103e-13,4.1259065599758262e-13,5.2763451075907382e-13,6.3469730255320279e-13,7.2306414428853458e-13
5.04,8.566850514934826e-13,3.4482228978416202e-13,3.1448378089826553e-13,3.2476021365279896e-13,5.365667127888558e-13,6.9933787904254476e-13,6.459929076832219e-13
5.0425,7.7474479081762113e-13,3.5830312763425585e-13,1.7402161840171501e-13,2.3705896460024637e-13,5.627193694602954e-13,5.9565325300272192e-13,4.8286523052878132e-13
5.045,1.1002913196033197e-12,3.4987752374859514e-13,2.4471762276857189e-13,3.4767186460185583e-13,5.344291869112014e-13,5.2154369063949487e-13,6.5877775583573061e-13
5.0475,1.0581318283936572e-12,3.2317921736438876e-13,1.9202824378744753e-13,3.5064820979758645e-13,4.5091477247697243e-13,5.714828548583972e-13,6.7835909206901555e-13
5.05,1.0342531437574884e-12,1.3653151700645624e-13,1.9371931771937023e-13,3.4134028338173203e-13,3.6717555725279485e-13,5.4000683025813494e-13,4.5898995419650517e-13
5.0525,1.1408931795398346e-12,3.1753217007491787e-13,5.2601771865037241e-14,2.8767955693131918e-13,2.7922399537468615e-13,6.0985754439309949e-13,5.4744151614042329e-13
5.055,1.2928630014726225e-12,2.2974038233755061e-13,1.1316377112687995e-13,2.4521228520138153e-13,4.1897320709960695e-13,5.5369158878597762e-13,6.170949680272789e-13
5.0575,1.2378096338620305e-12,2.007275351265329e-13,2.6947650071279466e-14,1.410543748508787e-13,3.4140119920604467e-13,4.4746041488556736e-13,7.2664288945169274e-13
5.06,1.2118341337912223e-12,2.0125860454202385e-13,1.6707824264584004e-14,1.1608730699593973e-13,2.4448171281814502e-13,4.3528998400825369e-13,5.4414593782385023e-13
5.0625,1.2117816648732719e-12,3.1562128817546487e-13,1.0955749899854331e-13,1.9850823849866097e-13,3.4058998794026341e-13,4.9941561897483157e-13,4.8810600649694769e-13
5.065,1.200677517805715e-12,1.8167869054771396e-13,2.069028519254305e-13,2.358733435691643e-13,3.8891873265333993e-13,5.7884295094163352e-13,5.8524724147190166e-13
5.0675,1.312329321583187e-12,9.5611341511536375e-14,-7.436112890498562e-14,2.353379938472031e-13,4.2271742194238701e-13,3.68946418804891e-13,4.0611783958743976e-13
5.07,1.2285206067280329e-12,2.1830354592673993e-13,3.6030521800212658e-14,2.538645907656289e-13,2.0753188757622209e-13,6.4010214892148785e-13,6.0089813607541023e-13
5.0725,1.2422172414108982e-12,2.2445363230651479e-13,-7.651678116212286e-14,2.7923283727862749e-13,4.0923603223339669e-13,4.828510527209764e-13,5.8395430826219319e-13
5.075,1.2924270627932857e-12,-3.8718218415867316e-14,-1.0813786211284933e-14,2.4050186591333459e-13,4.5000305134790408e-13,4.3000944986698173e-13,5.3125252562552477e-13
5.0775,1.1544583896817947e-12,2.1022592706147262e-13,-1.6050343451104742e-13,3.9364734213126078e-13,2.951318639434347e-13,5.3200131136577393e-13,6.3087620525446053e-13
5.08,1.1544571452167385e-12,1.8834741423107768e-13,-7.1902003199242738e-14,3.0701699223204655e-13,3.579808829994602e-13,4.1732911286415258e-13,7.0283139155384067e-13
5.0825,1.2711119955980317e-12,1.5454342163616147e-13,1.5639123326184752e-13,4.2860006515995254e-13,3.8496753261174135e-13,5.183960746963561e-13,6.4399629418254161e-13
5.085,1.0690055561239939e-12,1.2219017632109532e-13,7.1296756874984839e-14,3.5357564398472295e-13,3.2616267115307315e-13,5.3904869574891937e-13,5.6511845851813655e-13
5.0875,9.9550232138027751e-13,6.2925881612720073e-14,1.8155175681140083e-13,5.5046482852558101e-13,1.9706711066769396e-13,5.0616168665422247e-13,4.897525860217734e-13
5.09,1.2297228781973691e-12,2.5829780059322245e-13,1.321949039410016e-13,4.0959817246023568e-13,2.7690385638308133e-13,4.3723410333454437e-13,5.9029815776967151e-13
5.0925,1.1939315811182843e-12,3.3971267414832906e-13,3.8188421239636366e-13,4.6679326208906293e-13,2.7901621551213604e-13,5.5938468688556734e-13,6.9853383828547771e-13
5.095,1.0220477279623597e-12,2.7440227780447127e-13,3.5240354961404539e-13,5.7473459531849099e-13,4.8113510228393948e-13,5.9160698712462542e-13,6.2184984384918759e-13
5.0975,1.0838452172319876e-12,4.0797364791906421e-13,4.814456189095438e-13,6.2817168223266946e-13,5.9482476511501135e-13,5.871651569222305e-13,5.8370363931275279e-13
5.1,1.1977458463069797e-12,5.3988726832838969e-13,6.0383496190436412e-13,6.4559313734769968e-13,6.6897386723944586e-13,4.5229394397768645e-13,6.521480319552803e-13
5.1025,9.7577837393760179e-13,3.7726489783380189e-13,8.8647506385352552e-13,4.7504329445093414e-13,5.1479573016493063e-13,5.0788451858388557e-13,5.3720036456034412e-13
5.105,9.0758734826494359e-13,8.1843630213609344e-13,9.548643893205033e-13,6.4844623951024011e-13,4.7721346434829825e-13,5.6383789637657284e-13,5.0435548325212151e-13
5.1075,1.0620085288811692e-12,9.0785309861688211e-13,9.4640008837833892e-13,8.3133043806979507e-13,6.0291423087324096e-13,5.4235519100919962e-13,6.1368863768183413e-13
5.11,9.9243145927728301e-13,9.5679686081573742e-13,1.180288018387495e-12,7.9924318114905302e-13,6.7103417791899932e-13,4.3564196640807788e-13,6.6438112355277733e-13
5.1125,7.7450516595564186e-13,1.190682022193655e-12,1.1556763855422294e-12,7.5599873971105861e-13,7.5008345830911836e-13,5.6480207060783126e-13,7.2783071320800173e-13
5.115,7.7361333267273013e-13,1.5167365448080085e-12,1.2602546846933985e-12,7.9707709114839814e-13,7.848513049992513e-13,5.9769246552156411e-13,7.6925308985989544e-13
5.1175,7.1290206891511513e-13,1.6013772250180944e-12,1.3072605731720974e-12,8.8872724152947385e-13,6.8616304168019632e-13,4.8347320661107937e-13,5.360986287574517e-13
5.12,7.6631436178978253e-13,1.8906773013346812e-12,1.4028103712940069e-12,8.8648564424006988e-13,5.8078944529738086e-13,3.746632365601084e-13,7.4040593065366412e-13
5.1225,6.9336167176792549e-13,1.8480289881439217e-12,1.4092274177787653e-12,9.1192970758194957e-13,5.1891291126282399e-13,6.0216260706507847e-13,6.5532920193803201e-13
5.125,8.2144447516791538e-13,2.1831740899020564e-12,1.4385700089368434e-12,1.001881021856151e-12,6.0885802077216121e-13,5.8406616016150534e-13,5.0440814933699062e-13
5.1275,7.0099749496515539e-13,2.1567333941253966e-12,1.3687681289609216e-12,9.4810048642279844e-13,8.0698665396940788e-13,6.3310946153944177e-13,5.2403304416157252e-13
5.13,7.0355762518599581e-13,2.2337040968714991e-12,1.381056409113634e-12,1.009640017105312e-12,7.7591466260075381e-13,6.1360174924590767e-13,5.7532142238138471e-13
5.1325,6.1028858659733654e-13,2.203597285468144e-12,1.2275100943110934e-12,9.2801044308846438e-13,9.4060557956788222e-13,5.1777499370280312e-13,4.6822164688787556e-13
5.135,7.2860915208366552e-13,2.075056801779999e-12,1.3300301189948014e-12,8.7094579963352086e-13,8.6219150844481727e-13,5.6976640706111325e-13,6.0988559411663914e-13
5.1375,6.6014548680398425e-13,1.9686252231140011e-12,1.3634314763183246e-12,1.0151969045943992e-12,7.5645069223901544e-13,5.3246005201124136e-13,6.509150623856968e-13
5.14,8.1614999456927878e-13,1.7031998773164221e-12,1.1773315403923381e-12,8.4570635176176814e-13,8.2205538650531612e-13,6.4507323298879983e-13,5.1989042297749066e-13
5.1425,5.4017451871931777e-13,1.656139432397811e-12,1.2314120915349938e-12,9.0383651979660584e-13,7.9771530864700712e-13,5.6635042956269307e-13,5.4372299279874214e-13
5.145,5.9306179092074688e-13,1.5506261392749321e-12,1.0653017914405113e-12,9.3726590663272044e-13,6.598600673871515e-13,6.5111195169542446e-13,5.8611714287092249e-13
5.1475,5.0194322753477414e-13,1.4020952897125102e-12,1.0998839315246631e-12,7.8784885346354685e-13,7.4048007929282417e-13,6.7581295685829927e-13,6.2926688116836117e-13
5.15,5.4111739743901119e-13,1.1149046073994443e-12,8.2691381887433219e-13,6.9946160317108215e-13,7.0772142851151312e-13,5.0831244002551446e-13,5.9035288275686928e-13
5.1525,5.3988235368539766e-13,1.0122453814446474e-12,7.976114606127628e-13,7.7886654854055807e-13,5.9144547493510185e-13,5.0242138957845647e-13,5.733046923482155e-13
5.155,6.297707808898521e-13,9.8354977286960204e-13,6.8181223851466766e-13,5.9703844724978013e-13,6.6657093243009097e-13,7.6003117513855297e-13,4.4360267623915198e-13
5.1575,6.856718805191389e-13,5.1069164319045054e-13,5.7289151364642927e-13,5.0467301036135626e-13,6.8748846773737044e-13,6.2421933991307917e-13,6.0161400536934587e-13
5.16,6.6977100699996449e-13,5.8608142708388988e-13,4.9449197272309355e-13,4.6556128816213397e-13,5.6201032817505749e-13,6.4913106701968204e-13,5.5125488160264994e-13
5.1625,7.2204439494886959e-13,4.7163230287334847e-13,3.5217201086747495e-13,4.2014550832697561e-13,5.3943927657408912e-13,5.068151467639944e-13,5.8011687559180186e-13
5.165,8.1977321022778149e-13,5.8789017672419148e-13,3.4063757853056616e-13,4.8285141887307767e-13,5.6917311271430144e-13,5.435337871948401e-13,6.67967181625476e-13
5.1675,9.8073668153238931e-13,3.4232053126971683e-13,3.2694042186956603e-13,5.1351470541136446e-13,5.5463120500876846e-13,6.1521620233311048e-13,5.4722457149135761e-13
5.17,8.9112859332441402e-13,4.0862612138723973e-13,2.2129281402983999e-13,2.4611614511750602e-13,5.4320870354862989e-13,4.9806144509423365e-13,5.5661065585741815e-13
5.1725,9.0655277718960554e-13,3.9967301445805871e-13,3.5013900203059036e-13,1.089241097314349e-13,4.2622804796709624e-13,5.7064056552107888e-13,4.185516668780698e-13
5.175,9.2288615172357411e-13,2.2535205419408224e-13,9.9540834207351053e-14,2.6886328321262959e-13,4.9941210418799089e-13,5.0489353314098809e-13,6.1794551861896058e-13
5.1775,9.4204183718488593e-13,3.0783980711048182e-13,1.4809280044617764e-13,2.1508018615188754e-13,3.6534636145086874e-13,5.6195917979506775e-13,6.0289692526945431e-13
5.18,1.2134277230779848e-12,3.7058848259964248e-13,1.4982830120148818e-13,1.6550822936548759e-13,3.299440617009484e-13,6.2379296870969091e-13,5.9857615194648175e-13
5.1825,9.4536971587128634e-13,1.169132256614013e-13,7.8969431924543389e-14,1.4146567523190335e-13,3.1693776356667417e-13,5.0177102911130542e-13,4.7024714837956702e-13
5.185,1.1260929072780526e-12,3.5172576166716522e-13,2.5697908136609837e-15,2.0730320775293115e-13,3.3361832928972068e-13,4.4182720326814899e-13,6.1980234570533197e-13
5.1875,1.2005393126879762e-12,1.3539205479463177e-13,5.0503048258569079e-14,1.6545266864109198e-13,4.4472167879629807e-13,5.3488915159631487e-13,6.1884472316747598e-13
5.19,1.1495369076849687e-12,2.6464524412075697e-13,1.5806755918516044e-13,1.7618569373403166e-13,3.9451696761401787e-13,5.5537425044170891e-13,4.9596747378037117e-13
5.1925,1.144197718536941e-12,2.4653156439565957e-13,-8.5791449022176954e-14,2.206773697287633e-13,3.2324531159941734e-13,6.49820781507712e-13,5.4680387141337462e-13
5.195,1.1160501339293486e-12,1.5806777180294631e-13,1.1957139233412555e-13,1.3131803878040477e-13,2.4155220408140358e-13,5.5934595179164243e-13,5.6947341395405714e-13
5.1975,1.3888761174714934e-12,1.652768621194913e-13,4.7655381541270253e-14,1.6355249347364824e-14,3.6490179133634212e-13,5.4256005274876893e-13,6.3580569846881016e-13
5.2,1.1758422346809895e-12,1.3964223077112768e-13,8.7906304277986364e-14,2.2342195568827107e-13,2.9762683718249054e-13,5.2806441706525311e-13,6.4676260183459506e-13
5.2025,1.2189785773786882e-12,1.0419722123076541e-13,9.9593815156373584e-14,1.7664664139061446e-13,4.0003839292852177e-13,4.3537584866087965e-13,5.8392035574513488e-13
5.205,1.2737745202374912e-12,1.9785086068408166e-13,1.005357329619071e-13,2.5609255479252112e-13,3.6849606975356435e-13,4.9356655069527935e-13,5.1356940255408035e-13
5.2075,1.3752938475933686e-12,2.5518951626897956e-13,1.8755665418156132e-13,2.6955578810715073e-13,3.0153133415331761e-13,4.5694333615453235e-13,4.9579530993333084e-13
5.21,1.2054384442352966e-12,1.5566194898698681e-13,-6.0093497546163286e-15,1.9285587593267612e-13,4.3392520572448036e-13,4.1757388551046905e-13,5.5000711206377799e-13
5.2125,1.2758681385651411e-12,3.1418459068002902e-13,8.0014607293325976e-14,2.5504710612801328e-13,4.4447188103676774e-13,5.2147504436953827e-13,4.9294916103297141e-13
5.215,1.2102853997147185e-12,3.190262085498278e-13,1.487406128316181e-13,3.2307722326294998e-13,2.6297744695376593e-13,6.0642282478502995e-13,4.4239771336006721e-13
5.2175,1.2416539570755547e-12,1.9964361470781484e-13,1.9376508819084372e-13,4.3293083053475911e-13,2.1471303944538283e-13,5.7263294242278067e-13,5.8396584957229523e-13
5.22,1.0868574221981296e-12,1.2303069368565397e-13,3.3543886809874788e-13,2.8177296287457657e-13,5.5848770940319731e-13,5.7206734153499812e-13,6.4459356648138873e-13
5.2225,1.0439828648389523e-12,3.3106564590765083e-13,2.9926422092184579e-13,4.5405216680688182e-13,4.8720817392797075e-13,5.7407593725072893e-13,5.379503775088428e-13
5.225,1.0162419607600066e-12,2.7723634792463676e-13,5.3399511910796439e-13,5.9421476310858952e-13,4.9011637436687772e-13,4.1538802371626394e-13,5.638006017880528e-13
5.2275,1.1088773148781599e-12,4.5433133226716821e-13,5.0898719119667594e-13,5.0398165983888312e-13,4.8874313288595775e-13,5.7323264718949825e-13,4.3327127334457179e-13
5.23,1.0976410763823046e-12,5.4431179355749013e-13,6.635862298814682e-13,5.7002462349049986e-13,5.3266486101206197e-13,5.8578655696829216e-13,5.6440184386094151e-13
5.2325,1.0427879513940331e-12,6.0925977177616448e-13,7.5828847649137173e-13,6.3124569568775399e-13,6.6642778087735488e-13,4.7955451611939752e-13,4.9810003315098695e-13
5.235,8.985899831645274e-13,6.6318134251950086e-13,9.4375003586119094e-13,8.1101116875686065e-13,7.0323908943863329e-13,4.2047328339277205e-13,7.1230052087168132e-13
5.2375,9.6100321038223233e-13,8.9914779758645035e-13,1.2104660466695181e-12,8.1094285629179484e-13,5.9872769405313988e-13,6.4669830715778538e-13,5.2290076979551385e-13
5.24,9.0288160420911047e-13,1.1319128197545795e-12,1.1849715060869188e-12,7.2771041602809684e-13,6.2304962294119859e-13,5.6948602820971256e-13,5.7612126917759734e-13
5.2425,9.2407535100079885e-13,1.2066691973552577e-12,1.3859279993018909e-12,8.3581022754314395e-13,5.5865821311517382e-13,6.0899795747949489e-13,6.45818368065935e-13
5.245,8.1103631507841531e-13,1.3967117852005474e-12,1.3463702882787288e-12,8.1538696396728824e-13,6.7296262926398186e-13,5.4573453629007118e-13,5.6608337367099336e-13
5.2475,8.121722215613139e-13,1.6077228726833676e-12,1.4157110622832539e-12,9.6866983257504969e-13,6.8167419596798895e-13,5.9709488165801171e-13,5.8687663626088394e-13
5.25,7.1900349910309647e-13,1.9129245882383937e-12,1.498410017854401e-12,9.4200383300144611e-13,6.5184726052766621e-13,5.1794431657241784e-13,6.2030785850762993e-13
5.2525,8.1186275151246765e-13,1.9995038563789842e-12,1.4033354644675213e-12,8.5429736354576854e-13,7.3039294329988204e-13,4.9926817255739311e-13,4.2295846531980147e-13
5.255,6.7454903099794734e-13,2.3199736166570571e-12,1.3938286653566458e-12,8.8544441570578818e-13,7.5381704564090582e-13,6.1300660748148754e-13,5.4683480627480184e-13
5.2575,8.1633874664581989e-13,2.1756505495634771e-12,1.4026021253707218e-12,9.2917573665237499e-13,6.6287093131060614e-13,6.9101001852612215e-13,6.8465759775304016e-13
5.26,6.6713302236619275e-13,2.1777176495249738e-12,1.4732859374002829e-12,8.6028206158686735e-13,9.0363797891651756e-13,5.6215279049674003e-13,6.2856257246854043e-13
5.2625,7.8434957767224104e-13,1.9808836692125218e-12,1.2516638026353568e-12,9.2382122593904275e-13,7.6109886373307427e-13,5.375207303553e-13,5.2939198542081788e-13
5.265,5.820669497191723e-13,2.0794153576334341e-12,1.2570396691267261e-12,9.637880072187904e-13,8.0109172600265878e-13,6.0973700125867876e-13,5.4438000427227098e-13
5.2675,6.3021163156031474e-13,1.922260956084731e-12,1.3654799397934173e-12,9.0007056057042375e-13,7.0412679815250515e-13,6.8084684507070155e-13,4.3098171846306226e-13
5.27,6.3772366586542171e-13,1.7817428586690363e-12,1.1784296307966431e-12,8.3656728221481024e-13,7.9717290868971215e-13,5.882917077705285e-13,6.3888021990475941e-13
5.2725,5.1384271775758301e-13,1.6402691149244132e-12,1.0492650930339728e-12,9.0965926871760078e-13,6.6564303333066591e-13,6.7894843456388441e-13,5.8536443344233475e-13
5.275,5.1342383753756365e-13,1.4725067454412793e-12,9.7628048397723713e-13,8.1595586842985922e-13,6.5655889863340064e-13,5.0792059036686932e-13,6.3920200588586472e-13
5.2775,6.5760836006527962e-13,1.1506816876630326e-12,9.1432826000967584e-13,7.9216833846929916e-13,7.6955836444031386e-13,6.9509042613634165e-13,4.6044152771314259e-13
5.28,6.1898854043742401e-13,1.0936604002964005e-12,8.711114805979919e-13,7.1253617676042485e-13,7.7949886321575287e-13,5.3244991366087263e-13,4.1094654750444482e-13
5.2825,6.4377946135302028e-13,8.5036101144109229e-13,6.9077129015183677e-13,6.8773436294745234e-13,7.1896114301389998e-13,6.509908026086332e-13,5.6331936621663629e-13
5.285,6.8377677019759727e-13,9.609594682764933e-13,5.896813482722641e-13,6.6301948220510627e-13,7.3845218424690141e-13,6.1095774199007203e-13,6.4303318686541632e-13
5.2875,7.1310489938820569e-13,6.4296788495882828e-13,6.2489111950688714e-13,6.9696922003214899e-13,6.5105185061402004e-13,6.6844208748758191e-13,5.6654325668331389e-13
5.29,8.6117471939520689e-13,7.0480240189537205e-13,4.9953495583641881e-13,5.1822253999657441e-13,6.6152907692999067e-13,6.2400117783332002e-13,5.132994544353033e-13
5.2925,8.340039665049003e-13,5.0287892235733057e-13,4.8292473618658111e-13,4.903222604984624e-13,5.7800173393894359e-13,5.7150343184323663e-13,5.6366334397484828e-13
5.295,7.78215920172532e-13,4.2816179379570334e-13,4.3766086049989426e-13,4.9507718753176804e-13,4.4380681231018541e-13,4.4665917783197921e-13,5.3940463182539717e-13
5.2975,8.5123913873329804e-13,3.1439067729938244e-13,2.1843016369145984e-13,3.699264245654754e-13,5.1902312469138522e-13,6.6007169619209587e-13,6.1694647347297117e-13
5.3,8.6033488087201463e-13,3.1386850822680329e-13,2.2463885948941309e-13,2.0993109500594279e-13,5.8534046300487247e-13,6.6409297450570743e-13,6.2148244853060158e-13
5.3025,9.4557552714739292e-13,3.5246536940990622e-13,2.7657986088349162e-13,3.4426875157157616e-13,3.1939730788613123e-13,5.4296496348765686e-13,6.00245459624099e-13
5.305,1.0817638474707138e-12,1.6262673562185393e-13,-5.2232563333835126e-14,3.0280031918212636e-13,4.7604560480388206e-13,4.9894976370730976e-13,5.5063063803023914e-13
5.3075,1.1075172188215727e-12,3.5926763592016302e-13,2.753061399317444e-13,2.6643833554568273e-13,3.1304898547049902e-13,5.5737168595119229e-13,5.2812723593497753e-13
5.31,1.0682512668269805e-12,2.4995189991421757e-13,1.6980325174491998e-13,3.1909649784356667e-13,2.8746704806289189e-13,4.9658847871167042e-13,6.1458488659826972e-13
5.3125,1.1897155220530428e-12,1.1397617794771516e-13,2.9601506104663807e-14,1.514986366492246e-13,4.7494053497441554e-13,5.7470938378471518e-13,5.7548520363190355e-13
5.315,1.2550141610438549e-12,1.9891929172452556e-13,-2.7525959898229117e-14,6.4263974128219381e-14,3.0518089147841677e-13,5.7879286900962388e-13,6.3782003889394092e-13
5.3175,1.0883380449922906e-12,2.6423271960336517e-13,6.5889120670712808e-14,2.4212121040529513e-13,2.9617940924135825e-13,5.8981592390440572e-13,5.8614600092795306e-13
5.32,1.2846691156976818e-12,1.1043849631207234e-13,3.3923935371225321e-14,1.3819348344657431e-13,3.7863277449870655e-13,6.2120098017280685e-13,5.8108748837781782e-13
5.3225,1.1567107246886817e-12,1.7919480121703013e-13,4.4559339107420212e-14,2.4422849136305256e-13,4.4589321091205018e-13,5.5703457835116283e-13,5.6443956750672504e-13
5.325,1.1640343805038366e-12,1.7721924487284068e-13,4.9648918140778704e-14,1.5164268023733674e-13,3.2583110752197888e-13,4.8718959382177976e-13,6.3107453089537766e-13
5.3275,1.2045397324456293e-12,1.39422394686058e-13,5.0422377875854967e-14,3.483664483322396e-14,1.681015050903697e-13,3.9582706900096169e-13,5.3445513198136099e-13
5.33,1.1495016539478684e-12,2.1880657877745852e-13,5.8035536452142873e-15,2.7219957076946089e-13,3.8243018557510257e-13,4.9460027084878984e-13,6.9722096295930646e-13
5.3325,1.3154513346722887e-12,1.9612587973908316e-13,2.9822751795865128e-14,1.6570920240269785e-13,3.3903971518537696e-13,5.6554883290118567e-13,6.8209936344430233e-13
5.335,1.3076532561014046e-12,2.1897617377395665e-13,1.4363125091779983e-13,1.6564764478802658e-13,2.895052353625528e-13,4.4359807030468318e-13,5.7137089348906453e-13
5.3375,1.1978453023676033e-12,1.3147814443928985e-13,1.3639361326608221e-13,2.9214239498043366e-13,3.4751930800782885e-13,4.5232592687532621e-13,5.5906372851511388e-13
5.34,1.1490097090281699e-12,2.0504969626203932e-13,1.6564749463254807e-13,3.5567084445814872e-13,3.1258974171295701e-13,6.3084844283265074e-13,5.2088738352446498e-13
5.3425,1.262668587622418e-12,8.1514235867063261e-14,2.9873124906517453e-13,3.5620914580215257e-13,3.2879724098692438e-13,4.4886052389246516e-13,3.92001369348978e-13
5.345,1.2495246190501235e-12,2.7788986827577955e-13,2.486822943901018e-13,3.6581915558534818e-13,3.9684655485137653e-13,4.5152398467970994e-13,5.7125285753819895e-13
5.3475,1.2571792998184691e-12,3.9240533718211453e-13,1.3114518490369801e-13,4.5021378159330365e-13,4.4980159483196857e-13,5.4971499188741922e-13,5.0057351870314935e-13
5.35,1.2000923964058737e-12,2.7959164045481553e-13,2.2129919844805657e-13,4.7005624084644799e-13,3.4339472920055272e-13,3.5390635141781944e-13,5.7267931066101215e-13
5.3525,1.0603363303043306e-12,2.1672431887975076e-13,3.9726780475795523e-13,3.6027963236636141e-13,3.8152212916377077e-13,3.7749565140997956e-13,5.87953965108591e-13
5.355,1.0768418216255098e-12,3.9303549592496311e-13,4.8906489610075182e-13,5.2497873068793009e-13,4.5223746537064504e-13,4.2678599196519849e-13,5.039555525225976e-13
5.3575,1.0173328403874309e-12,3.885780992814802e-13,6.1477800706807596e-13,4.362159242785161e-13,4.4261910607466631e-13,6.3615747466586199e-13,5.9537662750748847e-13
5.36,9.668138547790788e-13,5.2387619280014514e-13,8.4282467733282483e-13,7.1530474940450509e-13,5.1489090178282621e-13,5.6669622189499667e-13,4.9052144563323281e-13
5.3625,1.1719157456863727e-12,6.4045523094433147e-13,9.3255742509098476e-13,8.0520914640255342e-13,5.1969091948649135e-13,4.4780314464943362e-13,4.6676766088384852e-13
5.365,9.5735168280571925e-13,7.1431289113611377e-13,1.0454020452940091e-12,6.8798422172207688e-13,4.8412224680431972e-13,5.6952751982413369e-13,5.9829443973856218e-13
5.3675,1.0779356995124518e-12,1.0076114129939371e-12,1.2110902047389472e-12,8.1098216492736219e-13,4.4955512135583902e-13,5.6274454803537838e-13,5.7239260111415789e-13
5.37,7.9869801894595273e-13,1.1561354200397383e-12,1.1235866447313163e-12,7.7110453239955154e-13,6.1786482206449808e-13,4.8875240620437429e-13,6.9999010062784017e-13
5.3725,8.4157774669204005e-13,1.3893848436706242e-12,1.1573116423941504e-12,8.4610024898322291e-13,6.9158349117255011e-13,6.1856703993591277e-13,6.5344867816391318e-13
5.375,9.0796067953544653e-13,1.7454316733982006e-12,1.2203294635157398e-12,9.3939511121654469e-13,6.323682120703094e-13,4.6499152089367257e-13,6.084376973008239e-13
5.3775,6.6962730295530267e-13,1.8554267224555856e-12,1.2698298724119209e-12,1.0680353561498351e-12,7.6321089041666716e-13,5.7194582650300799e-13,4.839380360437106e-13
5.38,9.0539887172186538e-13,1.713625711463574e-12,1.3559041090426549e-12,8.2650227372437528e-13,7.7559000480779983e-13,4.7488774140925175e-13,4.887196401924678e-13
5.3825,6.0081950998272014e-13,2.0192461817186284e-12,1.4525955196963422e-12,9.4169532462903115e-13,6.4704362426388126e-13,4.1831251587404538e-13,5.7037857731066929e-13
5.385,8.3928973946947201e-13,2.1371611110094415e-12,1.4560613935341012e-12,9.1166058577005001e-13,7.9667125575760589e-13,4.0917806143960956e-13,5.9077320585843898e-13
5.3875,8.2563656661552227e-13,2.4557082311023202e-12,1.4360630864957753e-12,8.7898663693877891e-13,7.4332487940957009e-13,5.6893757019344573e-13,5.8443124002375963e-13
5.39,6.1283166646071372e-13,2.1928685760880859e-12,1.2996884555360674e-12,1.0872950018831354e-12,7.650661656666976e-13,6.1120897342823849e-13,6.1306606194435322e-13
5.3925,5.9814508089516034e-13,2.2605382611772229e-12,1.2369562274743434e-12,9.3982674867043337e-13,7.8532955485242564e-13,5.99756847559179e-13,4.418713369316956e-13
5.395,6.6594334061680221e-13,2.0732863103538559e-12,1.370205757722925e-12,9.0283105388655809e-13,7.2119077260638248e-13,4.4475427823892645e-13,7.6309294168846095e-13
5.3975,6.2030832890532137e-13,1.8953969235560125e-12,1.2644078546498721e-12,1.0761691093590811e-12,8.0187719391171806e-13,6.3503741269587571e-13,5.6222427331276829e-13
5.4,6.7346768014826523e-13,1.7048098720281572e-12,1.2565062020538791e-12,8.3513552091601076e-13,6.6164827487340989e-13,6.0810583796083102e-13,6.3694271106227403e-13
5.4025,6.4610105222934308e-13,1.4741128268361264e-12,1.0374314553253094e-12,7.3800505652757239e-13,7.3097205661098309e-13,6.3525328259948794e-13,6.1758165854247758e-13
5.405,5.9131180187323437e-13,1.2965558759906646e-12,8.7993347498394465e-13,8.2784481030396743e-13,7.1667475745176109e-13,5.3870228968068369e-13,6.1049231551446898e-13
5.4075,4.9226089000133608e-13,1.1363774615492518e-12,9.3368918435096619e-13,6.7552925241688384e-13,7.4681646297421614e-13,5.8052775541828349e-13,6.4207685425664894e-13
5.41,7.4760995879568151e-13,9.0519601362119883e-13,8.800740000260688e-13,7.6200280803252211e-13,8.5491980219528185e-13,7.4759246856394319e-13,5.9937062803923349e-13
5.4125,6.8681027726951888e-13,9.1439590997823962e-13,6.2032503857683195e-13,7.4894094509849592e-13,5.765129230625652e-13,6.1874024204718609e-13,7.1806577740517543e-13
5.415,7.325065314206373e-13,8.0211782036727237e-13,7.4250569387947605e-13,5.7543026539228846e-13,6.4168870825934583e-13,4.4986452710592914e-13,6.258885138283296e-13
5.4175,6.752206676972281e-13,6.1554680016841123e-13,4.5469588252790677e-13,4.527130869844393e-13,7.3163264378419188e-13,6.2607093430219459e-13,4.9090705667748869e-13
5.42,9.0775677576038529e-13,5.6058023167742897e-13,4.485066358030728e-13,4.9533383900211664e-13,7.1737464820931923e-13,4.9378424395811546e-13,4.719324405906835e-13
5.4225,8.157033935009229e-13,4.9738091098213344e-13,3.4942531232014787e-13,3.6848412238748536e-13,5.4097377181972008e-13,5.2679796141094137e-13,5.9572375404981686e-13
5.425,9.5398711532204965e-13,3.2991575246748006e-13,2.2778667754397775e-13,3.885110671986641e-13,5.166727470599999e-13,6.0115375635205156e-13,5.6258217956644992e-13
5.4275,9.1874065578102813e-13,2.3717024930448977e-13,2.3929870373925053e-13,4.5204689340280649e-13,5.1138314954332349e-13,3.7217533091456682e-13,5.2902151097751104e-13
5.43,9.3952643030946464e-13,3.6357808344961376e-13,1.6381202687024859e-13,3.641049400887624e-13,3.8341320642961231e-13,4.8955947714965772e-13,5.7250270153485269e-13
5.4325,1.0960062533168718e-12,2.1734139910961839e-13,2.2502540258021798e-13,2.7447730366043316e-13,4.7979548466381847e-13,4.7522634693738913e-13,5.8926828615381444e-13
5.435,1.0396315933165537e-12,2.3991454712865989e-13,6.4660931692930284e-14,3.5880124775413735e-13,3.4106236147766597e-13,6.4369994264796787e-13,5.8036106344105332e-13
5.4375,1.0653638141972274e-12,3.0308985492541468e-13,1.1481623892251542e-13,1.8924612433408794e-13,3.4531387002890916e-13,4.6141506227519887e-13,4.9097340300515567e-13
5.44,1.0472407208039526e-12,1.4618432542481029e-13,6.1877260750090145e-14,1.711878181198674e-13,3.1750278692148683e-13,6.1375889215373586e-13,5.8737266123571237e-13
5.4425,1.0676050393938804e-12,7.9944446599591457e-14,2.0129982949095712e-13,2.9765947758493383e-13,3.7902554666960587e-13,5.1095283087663264e-13,4.8270731688371447e-13
5.445,1.3046925546451606e-12,2.45830270281029e-13,1.4524466280156689e-13,2.3035025661382545e-13,3.0459676270704474e-13,3.6544433379339604e-13,4.2423838034539363e-13
5.4475,1.1161887244220913e-12,2.4871030112793163e-13,6.9383878541713938e-14,5.3414940847760419e-14,2.9424966468379462e-13,5.0326726126870326e-13,7.7244239064373228e-13
5.45,1.2278863105007598e-12,2.1421834005496131e-13,1.1412947000690418e-13,3.5004167548791918e-13,3.5634995481559674e-13,6.3454770182307027e-13,5.5877715265027036e-13
5.4525,1.348148264653623e-12,4.2471839663956763e-14,2.7918248948908749e-15,2.0388030064230792e-13,2.0796706410019422e-13,3.7852806652447919e-13,5.4559347671170436e-13
5.455,1.4256510464679138e-12,1.3637535120028788e-13,6.7233472971999875e-14,1.4191026341737018e-13,3.1154209381769421e-13,3.5583200414336208e-13,7.3420567735476054e-13
5.4575,1.2266010164950691e-12,1.8916717013104152e-13,6.9789635704265325e-14,2.9044407056796113e-13,4.7992822853346591e-13,5.8804419813455816e-13,5.630049287659289e-13
5.46,1.1772404954663124e-12,1.6498222967504054e-13,2.4736053436063699e-14,2.1002221430160166e-13,2.2794758505942311e-13,3.2646879910841233e-13,5.562673976659515e-13
5.4625,1.276347323458207e-12,4.3200406762867949e-14,-1.3271399006734168e-14,1.5685315465841861e-13,2.9087106058979254e-13,4.3251824700564249e-13,5.3039711658436209e-13
5.465,1.3042982053042888e-12,2.2272734524446519e-13,-1.1571410560779306e-14,2.9549712483963436e-13,3.5189242930558002e-13,5.3094505440565365e-13,4.6505196322605641e-13
5.4675,1.3361117506024999e-12,3.5344107706227501e-14,1.0971526756578134e-13,1.1005743200298191e-13,4.0156635826248009e-13,4.5485610399153845e-13,5.8486170244995243e-13
5.47,1.2367198054435915e-12,7.8955229065175669e-14,1.2480277864661101e-13,1.4850948380601126e-13,3.2555197968310014e-13,5.3763720614166006e-13,6.0793427836521899e-13
5.4725,1.2859994019852194e-12,6.8153702834485093e-14,1.3793258968218867e-13,3.1434412911513647e-13,3.9489326927428571e-13,4.7720131301375032e-13,4.0205791750021432e-13
5.475,1.1484638504698218e-12,1.424065357354429e-13,5.986025163984856e-14,2.7809674173512953e-13,4.3529728456750177e-13,5.1209101409037072e-13,6.5332107994903807e-13
5.4775,1.1857625576809692e-12,1.2013165038137763e-13,2.4622605836112057e-13,4.3136533528398399e-13,4.3046643440032018e-13,4.6873597465993151e-13,5.4457494795953344e-13
5.48,1.1596663813034478e-12,2.8585642465607892e-13,2.4040568009480306e-13,3.0096106178162344e-13,4.0697633521494335e-13,3.4824506782400486e-13,4.8134933258287815e-13
5.4825,9.0996545965692189e-13,3.2917056336225776e-13,4.8750196078759317e-13,5.1181214793678804e-13,4.9311018441336819e-13,4.6732829123857153e-13,5.1150380224012027e-13
5.485,1.1053907115873781e-12,3.8742566812267359e-13,5.9295428372894696e-13,4.2519274966808843e-13,5.0238277021518365e-13,4.436769791933898e-13,5.1420577447421229e-13
5.4875,1.0506375216837035e-12,5.4013413086034482e-13,5.778186013916757e-13,5.4122250573061097e-13,4.8184293228429199e-13,5.7388843648705807e-13,5.4594430568126795e-13
5.49,1.0298886796832351e-12,6.0739378338563116e-13,8.7496821301008896e-13,6.7911005440419337e-13,4.4469542766603588e-13,4.7469481218597158e-13,6.432821236529415e-13
5.4925,9.1116231303710825e-13,6.5620319288065306e-13,8.0996878090640676e-13,7.470431717884812e-13,4.827319281363693e-13,5.0597095441796818e-13,4.7858050606714225e-13
5.495,1.0464762305805454e-12,9.6085135672937122e-13,1.1366012300146083e-12,6.6176109909396059e-13,4.7729147806820254e-13,3.951239668968529e-13,6.5612208726752754e-13
5.4975,8.2177690160463889e-13,9.3399067529757896e-13,1.0767963797528727e-12,6.9826608354756147e-13,5.7599843132207495e-13,5.7953843837542253e-13,4.7843753282734328e-13
5.5,9.1811520954401898e-13,1.2894497839794977e-12,1.3279631473094819e-12,6.6500118853706878e-13,6.3397196662613017e-13,4.9544218054087469e-13,5.6373100030264858e-13
5.5025,9.6382250441485524e-13,1.3270396985076272e-12,1.3057076595747387e-12,8.3904066186574493e-13,6.6213527821141194e-13,5.3911163017402366e-13,6.5162296119552819e-13
5.505,7.4879537709426627e-13,1.7027735955536127e-12,1.3787690587679506e-12,8.1988722123637665e-13,8.466856622696493e-13,5.0262342661799627e-13,6.0159494959410321e-13
5.5075,9.4256142037192547e-13,1.7812870291582047e-12,1.5308392434252526e-12,9.6606434898023041e-13,6.7362213144495505e-13,7.2655792146995675e-13,6.7611787617727636e-13
5.51,5.6440639134609102e-13,1.9772621923651707e-12,1.3043141453815739e-12,9.6644046870030125e-13,6.8625218836390854e-13,4.9921106097502717e-13,4.978791430079465e-13
5.5125,7.2466505172679996e-13,2.2262680581292088e-12,1.4755982350559233e-12,1.0649535566408887e-12,7.4892310356770326e-13,6.3283241625734961e-13,4.7113533898925507e-13
5.515,8.0585099883358629e-13,2.2732149677336689e-12,1.392101951247747e-12,1.0079701229056646e-12,7.4909051700726312e-13,5.895850171132026e-13,6.2636361162264555e-13
5.5175,7.0908895790928459e-13,2.2363475391259883e-12,1.3355461480666639e-12,1.020969663272279e-12,7.8963387903666497e-13,5.8521119114478837e-13,5.0338167735162377e-13
5.52,7.3233707028995969e-13,2.2403120845216629e-12,1.4132944692689162e-12,8.8632286105308616e-13,7.5365704989227523e-13,5.655372722828715e-13,6.4185037650996949e-13
5.5225,4.5865849119705004e-13,2.0951326742063518e-12,1.3734871112496624e-12,1.0587465901187978e-12,7.2760778608426726e-13,5.7840480137815649e-13,5.1268195784875263e-13
5.525,5.8004416560611197e-13,1.9122431966048632e-12,1.3188071233022135e-12,9.6450987709020082e-13,7.9375922778106816e-13,5.6066420889527893e-13,5.4497940686581136e-13
5.5275,5.082830331762644e-13,1.8352740943862084e-12,1.1761532666498483e-12,8.1776929255276588e-13,8.6162829126179302e-13,4.7153851752638438e-13,5.5618971787589326e-13
5.53,5.854118737656369e-13,1.6607061587272889e-12,1.1028991793747034e-12,8.6316827230307097e-13,8.2207326031256592e-13,5.5314774519205443e-13,5.9654194960763055e-13
5.5325,5.689062809669745e-13,1.3847895262596631e-12,1.0419921545128576e-12,8.4069979480533244e-13,8.4818444366625449e-13,5.8359982808724712e-13,4.4182546512591101e-13
5.535,5.9643149850175455e-13,1.28282854474506e-12,1.0484033161350383e-12,7.1079294028873121e-13,6.3031747609278843e-13,5.48521165586833e-13,5.9860140956233076e-13
5.5375,5.8810214955412493e-13,8.8729243917628812e-13,8.9590641367377324e-13,8.2207932561535268e-13,6.7956635798898469e-13,5.4773313379809334e-13,4.3874141232529542e-13
5.54,6.2463818075025256e-13,9.3687875882447408e-13,7.8223197586444223e-13,8.5073668874369591e-13,8.2387739496120752e-13,6.5588769029735582e-13,6.1313012483090104e-13
5.5425,7.841327425646541e-13,7.6493650628476892e-13,6.3578535720982214e-13,5.9019238849437126e-13,6.491715538218784e-13,5.764776087170878e-13,5.8467766070507982e-13
5.545,6.5920762271154245e-13,6.0589735343537131e-13,6.0628027794795778e-13,4.9562533679414e-13,6.0995718482941766e-13,4.7596923832759239e-13,6.538318416929449e-13
5.5475,8.8980502706624737e-13,5.3649350789307723e-13,5.1390451494995422e-13,5.7095757172692754e-13,5.4740506484069017e-13,5.932285984605473e-13,4.8685373991149223e-13
5.55,6.8708553725987337e-13,4.4455479670679355e-13,3.8016446093582632e-13,5.6755746797095622e-13,5.5274106397999245e-13,5.4055427092922246e-13,4.6015695265654364e-13
5.5525,8.5986535384171312e-13,4.8789470994022613e-13,3.6411387206929699e-13,4.4390813969087732e-13,5.8662996588599505e-13,5.1537738345692683e-13,5.8908078603421273e-13
5.555,7.9839640618858149e-13,3.3447804799635448e-13,3.4021161685312682e-13,4.0609374346649422e-13,5.1336712355115521e-13,5.8232505946356576e-13,5.8540808733994422e-13
5.5575,7.71019706793668e-13,3.5631994035418807e-13,1.1584901414253631e-13,3.6916907883083942e-13,6.8556025406230792e-13,5.7581787261197445e-13,6.2988487609594739e-13
5.56,8.7520529896744775e-13,2.7077443024103362e-13,2.7839224857711896e-13,4.0386526191376802e-13,4.2784285495914326e-13,6.3302878240598297e-13,5.5215186365312177e-13
5.5625,1.0079403209669341e-12,1.9847153136867357e-13,2.2033219297291212e-13,2.5888330174070667e-13,4.1660381736793755e-13,5.8487879760115153e-13,5.0137134774953558e-13
5.565,1.063615186285783e-12,2.321387028552268e-13,3.7841466572001207e-14,2.8961287721752881e-13,5.0485200008566626e-13,5.2161908400893979e-13,5.4136421649920645e-13
5.5675,1.1339933881401294e-12,2.8397230592883064e-13,2.7047118865256389e-14,3.1612431397377891e-13,4.1447474230971514e-13,4.8513297655556633e-13,5.0272437052007634e-13
5.57,1.0916748399464104e-12,2.5785499431635852e-13,1.6701526974203661e-13,2.5503110544164891e-13,4.3526408664717057e-13,4.992125239576879e-13,5.2573201087280101e-13
5.5725,1.1484678318247615e-12,1.6442801127713009e-13,1.5730107349891873e-13,2.4442184837449891e-13,3.4286820372734329e-13,5.2118422430447542e-13,5.6436634576288834e-13
5.575,1.3979582349097098e-12,2.2774790494816359e-13,9.8571908593254236e-14,1.4931119139750884e-13,2.4595743673413115e-13,4.2542962371956306e-13,4.1990551503073436e-13
5.5775,1.1621185331316247e-12,1.9086947037917444e-13,9.4644318443333158e-15,8.9541510046804489e-14,3.2024711915669576e-13,4.2640760699085094e-13,4.1005411249232799e-13
5.58,1.2886519651460967e-12,6.7073491318147396e-14,7.8035698100476727e-14,1.151926734466581e-13,3.2460814882778269e-13,5.3249717825627483e-13,5.8903719592709119e-13
5.5825,1.2345764464307895e-12,2.2047470035648193e-13,1.1381539065159247e-15,9.7030295992478774e-14,1.7287407027068232e-13,4.9853146554613606e-13,6.6059744496633776e-13
5.585,1.1803767015186327e-12,3.4155629483482798e-13,1.0568455488922008e-13,2.1226712443747161e-13,1.7010873980442487e-13,4.3315806731524769e-13,6.0021945607054869e-13
5.5875,1.3341709707711422e-12,1.9341349390449557e-13,7.1056399041616944e-14,2.1015845775308421e-13,4.7920681130535764e-13,4.1226007394117403e-13,4.8287777052675637e-13
5.59,1.3477069852117809e-12,9.3075201310957526e-14,9.6152246434540456e-14,2.5703159833673268e-13,4.4217309865279874e-13,4.6089061823849504e-13,5.6860326712346493e-13
5.5925,1.1936954424453771e-12,2.3378154777616014e-13,-2.6980049106981075e-14,3.5613702620310112e-13,2.2363572124223399e-13,5.5951547029985923e-13,6.1672793655019558e-13
5.595,1.2474207817543693e-12,2.9760860565169309e-13,1.5214944603160464e-13,2.189763123413824e-13,3.9799464826034114e-13,5.244270063482789e-13,5.6001880255063392e-13
5.5975,1.1338520966785619e-12,8.879385224611898e-14,1.2275524477180734e-13,2.7211677518052148e-13,3.4916100277388371e-13,4.2364909675727479e-13,4.9161177905390492e-13
5.6,1.3393897680727865e-12,4.9976533626585355e-14,2.130814513756764e-13,3.4855054188414002e-13,2.8671323969372029e-13,3.0393098255258829e-13,6.9599428756967017e-13
5.6025,1.1722718579623558e-12,1.7715529093861634e-13,6.543351860015012e-14,3.3421092666840878e-13,3.4599236204513551e-13,5.355148155831925e-13,7.1826282176139224e-13
5.605,1.2333554467783519e-12,2.201411276198204e-13,1.3879554407299593e-13,4.032004436769176e-13,4.259945017057107e-13,3.476840696894194e-13,5.1948880195066562e-13
5.6075,1.0631855233630553e-12,1.0473707199735356e-13,3.6736842189628231e-13,4.441081120429992e-13,3.8255791589105468e-13,5.9838925258246374e-13,6.0915398559782888e-13
5.61,1.1100815657517974e-12,3.047316037066227e-13,4.7128508470786426e-13,4.990778477224321e-13,2.4259261632357006e-13,4.2233331291744719e-13,5.1948449804015639e-13
5.6125,9.9790192393968705e-13,3.8737732683474792e-13,3.3358690543281838e-13,3.9197053984681606e-13,5.7080877031110142e-13,5.0454270099068039e-13,4.7152748883025281e-13
5.615,1.084964523616352e-12,4.2849027586095439e-13,6.7079107223140541e-13,3.2209024292415157e-13,5.1591630446274691e-13,5.2301985669720981e-13,4.9614833198788369e-13
5.6175,1.1961563087893574e-12,5.8380705762247816e-13,8.0713489999796872e-13,4.4177717723147646e-13,4.1918563196540466e-13,5.2698559913025204e-13,4.9639703381774956e-13
5.62,8.3653006515938043e-13,6.0268835780486023e-13,8.5088390952439449e-13,5.4591490678233379e-13,6.103188028199946e-13,5.8036600572042386e-13,5.9971271557162285e-13
5.6225,8.6841644153216289e-13,8.5540089371967561e-13,8.6842796822423332e-13,5.9748527414286419e-13,5.3886112542337918e-13,4.4254869550554062e-13,5.0630419927866809e-13
5.625,1.0895073941402663e-12,9.93108254231109e-13,1.0695734370968601e-12,6.1008204428979102e-13,5.0705031827947451e-13,4.7958280341476673e-13,6.6313366929446106e-13
5.6275,1.0163051312171787e-12,1.0485366890434407e-12,1.2368883101719729e-12,7.1252620283925315e-13,6.1653581337477725e-13,4.1444669095675761e-13,5.3361024559684604e-13
5.63,6.712944469702532e-13,1.2238517029202481e-12,1.242112320320965e-12,8.2513384473061649e-13,6.5273016060329685e-13,4.0302471034547368e-13,6.0021225078456487e-13
5.6325,9.2192345238102419e-13,1.6031004361914404e-12,1.3952187226649839e-12,9.3882498137087023e-13,6.3731198501782341e-13,6.3468490829377839e-13,5.2140091753829602e-13
5.635,8.5557905548914745e-13,1.8063842212471886e-12,1.2759094250713391e-12,9.9417853973138319e-13,6.4906015152581648e-13,5.212972179292133e-13,6.2427774743007379e-13
5.6375,7.498234506016502e-13,1.9318576116411257e-12,1.4926561572473932e-12,8.4205981127238768e-13,6.6270551723299534e-13,5.6482753241444272e-13,6.3154869078339925e-13
5.64,7.4563697459292688e-13,2.1989673849148635e-12,1.3138340631772067e-12,9.421204881660984e-13,7.3507876194387364e-13,5.5156819652036682e-13,7.5577589788852e-13
5.6425,7.4263193327903228e-13,2.0610001382747785e-12,1.4442631378305701e-12,1.0224519908942646e-12,6.9825041976990038e-13,6.3049356687940053e-13,6.8376126218106314e-13
5.645,7.2180878173532423e-13,2.359077930165039e-12,1.4670230217044665e-12,8.7866785238411517e-13,6.8587289026559955e-13,5.8348562022092137e-13,5.4042444281440539e-13
5.6475,7.1886697322101816e-13,2.2555534937413088e-12,1.4395026388435703e-12,1.0345168299070358e-12,7.4996722698872768e-13,4.7807848669311344e-13,4.8223088926263228e-13
5.65,5.9526714827403244e-13,2.1504245130645995e-12,1.4070457584579891e-12,9.4574374814126065e-13,8.0015154882056208e-13,4.3896174002745341e-13,5.3501645260066579e-13
5.6525,6.3467126834252417e-13,1.9053297276018548e-12,1.3183546517811713e-12,9.6413377767728194e-13,8.1464875470265229e-13,4.9774042971963166e-13,5.1778958993852423e-13
5.655,6.8796491536370053e-13,1.8665844599906326e-12,1.2075914967545035e-12,9.3381380237026869e-13,8.4427084779990655e-13,6.9293139168098405e-13,6.4125097866350162e-13
5.6575,6.7099733211997019e-13,1.6223390668965191e-12,1.3385835553678747e-12,8.2678308668375419e-13,8.0154968573612385e-13,6.0985957956428805e-13,6.4282445095056949e-13
5.66,6.1048354381161634e-13,1.5092368245769403e-12,1.0335594286148576e-12,7.8391363770712758e-13,7.1125728289017514e-13,6.411922403205529e-13,5.0088225059267821e-13
5.6625,6.0075717368387854e-13,1.3601749040458194e-12,1.0326662844577385e-12,8.7049130157851668e-13,7.4502491492577258e-13,7.0187613436320715e-13,5.9779595902245236e-13
5.665,5.1723227531348833e-13,9.8669942105398426e-13,9.5691417923608622e-13,8.7352227386573696e-13,6.1898432432462957e-13,6.0560939060492111e-13,6.2301477583103229e-13
5.6675,6.9473907380745062e-13,1.0183838031844698e-12,7.2152196718357171e-13,7.5049620638725091e-13,6.730541050592529e-13,5.7653907327029158e-13,5.6509341223452391e-13
5.67,8.5620657496476302e-13,8.8867607785860903e-13,8.0641279292160597e-13,7.4612907502606906e-13,6.52208005372182e-13,5.2506885745111547e-13,5.5635886545472521e-13
5.6725,7.278300490587175e-13,7.4447309421551369e-13,5.5098120985229466e-13,6.8603311485449008e-13,6.5784265554543838e-13,5.2443835467326309e-13,5.0833628849513292e-13
5.675,7.2905577566776943e-13,6.1119028154904205e-13,4.8548403199754516e-13,5.1100237684042355e-13,5.2395587768346979e-13,5.7642130082200884e-13,6.5293977439957059e-13
5.6775,7.5059227337105513e-13,6.3443096488500011e-13,4.8915924151520656e-13,5.9474677582867778e-13,4.982810652605209e-13,5.9120022939050988e-13,5.7092138924435665e-13
5.68,9.5364750151663793e-13,5.8496814141276101e-13,2.777963478972721e-13,5.6667967070677064e-13,5.6554328633480717e-13,7.4795151827230393e-13,5.8973372147827762e-13
5.6825,8.13886206086244e-13,3.3928884178080371e-13,3.9402698362782878e-13,4.5203422105905282e-13,6.2935211397345954e-13,4.1663630286448997e-13,5.1117787325145735e-13
5.685,9.72750060479626e-13,2.9770007379054792e-13,2.5904855190890164e-13,4.3863776498366311e-13,4.3375904771023362e-13,5.4683482010957883e-13,5.0438711134340741e-13
5.6875,8.9150272957489398e-13,2.2415379628391764e-13,3.3222039544007105e-13,4.3487728762767219e-13,4.4337337905786848e-13,5.3257709548886257e-13,5.3104024727885838e-13
5.69,1.0651956178574152e-12,3.4091068453003548e-13,3.1053759647430393e-13,3.5957215762732674e-13,5.901783648279321e-13,6.6646075875459142e-13,4.296704805787961e-13
5.6925,8.9773912002743381e-13,3.6632211175230497e-13,9.889730263597525e-15,2.4661807738485694e-13,4.1923208660111641e-13,5.8335466581375682e-13,5.1845190559511809e-13
5.695,1.1083888631771263e-12,2.6640806294331046e-13,4.8543883843172024e-14,1.4509826785902043e-13,3.7911716422694186e-13,5.1502695124563589e-13,5.930555377713264e-13
5.6975,1.2397075835939043e-12,1.1285692831600499e-13,2.2614349990266419e-13,3.2861884975416318e-13,3.8460122686489414e-13,6.3720336548869763e-13,4.6242286723467338e-13
5.7,1.1035550770813516e-12,2.5358475803759939e-13,9.267369972105012e-15,9.7837688419698844e-14,3.0062884907391183e-13,5.9465027846793094e-13,6.6794799296894506e-13
5.7025,1.2150803468259627e-12,1.933671927549603e-13,4.3003387892875279e-14,1.2155186862070839e-13,3.0454851437131014e-13,4.5631844687153631e-13,4.1022420071735829e-13
5.705,1.3370527408421269e-12,2.2017465138851714e-13,-1.2891686966711326e-13,1.9381660343419701e-13,4.1396745369309243e-13,4.2210923117871658e-13,5.7294393194660303e-13
5.7075,1.3084675248959156e-12,2.1499760775957503e-13,-8.0250738990158788e-14,1.705151645101229e-13,3.3185347811783349e-13,4.5660395049364401e-13,6.4582726394283091e-13
5.71,1.2452572716779925e-12,1.5728674740990285e-13,4.0273449262811654e-14,5.7788384005737858e-14,3.6643562413767158e-13,5.0776145935339019e-13,5.9594707411767296e-13
5.7125,1.392293925916446e-12,1.3213982848330447e-13,6.2720644795449226e-14,1.4280782692406768e-13,3.651029473539181e-13,4.0077409261799057e-13,7.0077858498609468e-13
5.715,1.2995869922392499e-12,1.5668660901489504e-13,8.0466617954670453e-15,8.5843147840102632e-14,3.2359989420394398e-13,5.302897687999361e-13,5.2413361117234611e-13
5.7175,1.2351261588601109e-12,2.2913787412905814e-13,-9.2563151576911947e-14,3.1028171886305566e-13,3.898231570733339e-13,5.4296387171666605e-13,5.4269006653475077e-13
5.72,1.1627825181124666e-12,1.4386753637612478e-14,2.002363761064105e-14,6.5219242373345118e-14,2.1563463938719004e-13,3.7483414221450489e-13,6.1319430969296259e-13
5.7225,1.2685415904662395e-12,2.1973166510906714e-13,1.1819236245944546e-14,9.5045002128944263e-14,3.4506926999171174e-13,4.2447807558767944e-13,7.1233206494278161e-13
5.725,1.2540805112269585e-12,8.4723895642487465e-14,1.0136802729408661e-13,2.0036793557941582e-13,3.4678562474831993e-13,4.9165936441456646e-13,6.1191587762747169e-13
5.7275,1.3040435618459669e-12,2.4931183363576046e-13,3.1521637055924405e-13,1.4668733537950882e-13,3.9934972813983029e-13,4.9064904215396206e-13,7.663934324006681e-13
5.73,1.2422555956895316e-12,1.437368216782344e-13,2.3503983508494915e-13,3.6942347364841383e-13,3.4370097622172223e-13,5.1331625007479192e-13,6.0574068578725307e-13
5.7325,1.2496610885436923e-12,1.2761398448029875e-13,1.939211859053637e-13,3.9577319653015163e-13,3.3339260701128995e-13,6.2599269575184078e-13,6.2484522200540603e-13
5.735,1.1263175191678892e-12,1.9242915253626519e-13,3.1954448171509929e-13,3.16745316035396e-13,4.2969508645670752e-13,4.8274769890195411e-13,4.9885829553817635e-13
5.7375,1.1132821469251828e-12,2.3857402978859871e-13,3.3600073585467112e-13,3.1876898547930862e-13,2.4658187594594961e-13,5.1777246774510494e-13,7.7413500245272604e-13
5.74,1.1217445393093368e-12,4.4153456584700484e-13,2.9100849149367553e-13,3.3256370405630583e-13,5.1876366102782611e-13,4.8968084514791956e-13,5.9443687218945096e-13
5.7425,1.0974902076523027e-12,3.9716526306656369e-13,4.7714043241587712e-13,4.0568794143918582e-13,5.4461192981449261e-13,3.7328792593479167e-13,6.1491632185156153e-13
5.745,1.1276753399000785e-12,4.8066990201503697e-13,5.5418425497563678e-13,4.2558445071675951e-13,4.0671549803296514e-13,5.4053533614457952e-13,4.9147719622451488e-13
5.7475,8.6318626172026105e-13,5.2018096167059287e-13,8.1452176819571019e-13,6.2533682367534843e-13,3.7600859875041704e-13,5.0323653434995669e-13,4.3811679482295274e-13
5.75,1.0588814803974867e-12,7.4840867077585688e-13,9.2667483464533376e-13,5.9597360949011068e-13,4.8459978736836727e-13,4.7480408308836255e-13,3.8162395804736705e-13
5.7525,9.7072365279006851e-13,7.8911052252470883e-13,1.0080553500537304e-12,5.1986647670685041e-13,5.5410361624267087e-13,4.0641586726822098e-13,6.0437312065565688e-13
5.755,9.7364761044991568e-13,1.0707285023511243e-12,1.1503577839411026e-12,6.914911077816444e-13,6.1862092687914541e-13,5.6749382433159376e-13,5.0609477573395533e-13
5.7575,8.9170122443500265e-13,1.2065103256745907e-12,1.0708539402653707e-12,8.999761296224393e-13,6.4648490986794299e-13,4.2466065161422923e-13,5.1911454939311115e-13
5.76,8.2355260278804522e-13,1.5090750812628377e-12,1.2135040516630805e-12,7.5426571288483036e-13,7.1047562153612052e-13,4.6572304591537982e-13,6.3813378616816226e-13
5.7625,8.5750431616527193e-13,1.6672323980162403e-12,1.369436625235888e-12,8.4535500849719263e-13,4.9482958259893648e-13,5.4218490486300504e-13,4.9071475881444827e-13
5.765,8.6767400205518997e-13,1.9228702721233207e-12,1.4157182628159426e-12,7.2251625533194735e-13,7.3623942718819299e-13,3.6390197176215252e-13,4.9864010053342329e-13
5.7675,6.8660612988087122e-13,2.0516842115922008e-12,1.2487022587989553e-12,9.9272818394104261e-13,6.1041887891097466e-13,6.1620310927646071e-13,5.7804495884514716e-13
5.77,8.340009891712899e-13,2.2121459326980955e-12,1.4374937436504343e-12,1.013266375846823e-12,7.0424366433391155e-13,5.6986953277546434e-13,5.4137851207355165e-13
5.7725,7.0410743676289983e-13,2.1730473051218547e-12,1.3886590852364626e-12,1.0332433864967972e-12,7.4174986627469925e-13,4.4284630066870551e-13,6.7708806310589e-13
5.775,6.2592988348766671e-13,2.4251714366614694e-12,1.4793012262548809e-12,8.606883880799234e-13,7.9769823267563398e-13,5.1619678537281683e-13,6.0443057230122491e-13
5.7775,6.6967618649748381e-13,2.3221253056545336e-12,1.3043941477608365e-12,1.0150879988911552e-12,9.5874801985126315e-13,5.6025653466635579e-13,6.0545096951814409e-13
5.78,6.6883624262378881e-13,2.1413666041782567e-12,1.2685122663410759e-12,9.7306773655586029e-13,8.8181495201322108e-13,6.1774117764474009e-13,5.3058091594696801e-13
5.7825,4.9769270903638073e-13,1.9977316605516835e-12,1.2307502448090207e-12,9.0901615221530994e-13,8.2827723513170002e-13,5.2784972138682648e-13,7.7400484279609263e-13
5.785,7.1346763254288868e-13,1.7099451743013105e-12,1.1711479707305418e-12,8.9144637094426321e-13,8.8432196002385577e-13,5.9954765606494728e-13,5.0736985488524772e-13
5.7875,6.3104491905735386e-13,1.668449167983687e-12,9.6064212942417576e-13,8.0190197868640439e-13,7.1196269439846988e-13,6.6980604170575124e-13,4.9230170524438517e-13
5.79,6.1289953910426397e-13,1.4519618888967265e-12,1.0931575183622762e-12,9.009037443667234e-13,8.4521070625745078e-13,6.2940945432762411e-13,4.6428063876678044e-13
5.7925,6.1332297291399272e-13,1.3964194577717796e-12,9.6943587852617523e-13,8.5217860217815306e-13,8.548160206370902e-13,6.1575535599983213e-13,5.8875049454933776e-13
5.795,6.3604315538926767e-13,1.0399306886529585e-12,7.375071056437478e-13,8.2344106941249057e-13,7.7490509256015872e-13,6.0751117812611928e-13,7.5441745328214288e-13
5.7975,6.5923350603723042e-13,9.5095256263160368e-13,8.2100342789782542e-13,6.8670990295936299e-13,8.4584309485276941e-13,6.6283376584134708e-13,6.5455771141458665e-13
5.8,5.965370488423665e-13,9.1274205418154802e-13,5.118041151639546e-13,6.9854846430695243e-13,8.0279489758877645e-13,6.300829367201305e-13,3.9045737544611675e-13
5.8025,8.3565766065434302e-13,6.5820839172886875e-13,5.3494019212056915e-13,6.8198085025074707e-13,7.2610960982965389e-13,5.7070804825234587e-13,5.2278427387389504e-13
5.805,8.299166483689883e-13,6.0232120261622515e-13,4.8540506006558416e-13,8.2800367842921497e-13,5.4383436909544556e-13,5.508834485841222e-13,3.9215557614221363e-13
5.8075,7.8820781190541949e-13,5.4645653938084281e-13,4.2581515160542204e-13,6.2261716840755955e-13,5.333902967492236e-13,7.587371230738004e-13,4.3859374366202355e-13
5.81,8.3114439757132517e-13,4.3696285530786503e-13,3.7070008669363115e-13,4.5047567951973238e-13,6.6528701565965917e-13,5.328855881601347e-13,5.6063639197834034e-13
5.8125,8.4139531860900817e-13,4.5562169285091112e-13,3.7584106448110246e-13,3.676844510995117e-13,5.6656656846741545e-13,6.8668458229886732e-13,5.4060685237228711e-13
5.815,7.8291451891136921e-13,3.2683011167528729e-13,2.977883937070715e-13,3.4624548976224647e-13,5.6640761128088768e-13,5.7503793400922871e-13,5.8004384052473829e-13
5.8175,1.0093711152278135e-12,4.0128296821302638e-13,2.4755523946567834e-13,2.8111439622331775e-13,5.1904991037999066e-13,6.4476612601738012e-13,6.0477812412486634e-13
5.82,1.0360007315080531e-12,3.0843711928953158e-13,2.3506363428052232e-13,2.3316100442894549e-13,3.3841537248701868e-13,6.9153397031095005e-13,4.5772171764363924e-13
5.8225,1.0206927462382125e-12,1.9393896410807661e-13,1.4283595450830651e-13,3.878615961762374e-13,3.0198171723051135e-13,5.2782940925461427e-13,5.1874092405929309e-13
5.825,9.8333146679019471e-13,2.2789788078837168e-13,2.2537551747760069e-13,2.951272505513229e-13,3.994707760100512e-13,5.463601610377955e-13,4.3591048172264646e-13
5.8275,1.2166770537368219e-12,2.0316250363970781e-13,5.5560771471233085e-14,1.7909973598075102e-13,3.5320783206312841e-13,5.4574745173175241e-13,4.8515578919097741e-13
5.83,1.1019139005829094e-12,1.1236315974991407e-13,1.2698838238810977e-13,2.1787978042733352e-13,2.6500261480598358e-13,3.3678425228048619e-13,6.0620230537931294e-13
5.8325,1.10639980316584e-12,2.6126569226594745e-13,9.7216256652149903e-14,1.877353127256806e-13,2.2550857649364353e-13,5.93285340009842e-13,5.6858117617750883e-13
5.835,1.2548348364273214e-12,3.3277282659776359e-13,3.7144853958205244e-15,1.5212503615103214e-13,4.4201556662476887e-13,6.4467558833572466e-13,5.8633948300666425e-13
5.8375,1.2695260425114573e-12,9.7293153459724926e-14,3.1363281660056846e-15,9.7089051264979369e-14,2.4138075445044289e-13,6.0391862701076997e-13,4.444638874585424e-13
5.84,1.3082874991449659e-12,2.3422954244079719e-13,1.5879710595621099e-13,2.3173089044999564e-13,2.9113959955633724e-13,5.5337579928756526e-13,4.4097879049577344e-13
5.8425,1.2248281571300229e-12,2.0954328709514549e-13,6.265094064927545e-14,1.749611169038017e-13,2.4578852759114601e-13,4.6045529894230292e-13,5.4737760437774784e-13
5.845,1.2874616775084898e-12,1.403247175048031e-13,1.1114864320185508e-13,1.4769265058892048e-13,3.202564807835417e-13,5.8399675441017491e-13,5.7956463726190775e-13
5.8475,1.2584159938572143e-12,3.0053474063175764e-13,8.9420928200168995e-14,3.245446443115923e-14,3.5311533793773995e-13,5.3545077797798061e-13,6.5193570755426056e-13
5.85,1.1139087958337828e-12,2.2285767197629132e-13,7.3838868772624614e-14,2.6480668025414685e-13,4.1305733008110926e-13,4.8196033045259606e-13,5.0576910057649305e-13
5.8525,1.3155962518602977e-12,1.7987649867662546e-13,7.7599258027379431e-14,2.8261190679466449e-13,2.9556389846864805e-13,3.5398243358360173e-13,5.1739388238284334e-13
5.855,1.2447460712082441e-12,2.2162653509208305e-13,7.3678505266002199e-14,2.7873962111128391e-13,3.2156527599577567e-13,3.9946168303671271e-13,5.1293043359988458e-13
5.8575,1.1300265330454401e-12,2.9239266074799456e-13,2.0074188162806083e-13,3.6192373731737052e-13,2.9158231666570224e-13,5.5630534517956178e-13,5.8555345226882761e-13
5.86,1.213562290983856e-12,2.5144609380498554e-14,1.7977843257117548e-13,3.5035527858986413e-13,4.1738438970210453e-13,3.9132339121217791e-13,5.68621041690836e-13
5.8625,1.2285063447005831e-12,2.4076743128677902e-13,1.485849756077909e-13,4.0298716561537303e-13,2.8286984549765264e-13,5.1624167054722798e-13,5.088564075094508e-13
5.865,1.1773777460253237e-12,1.6736176584115906e-13,3.8835162074287387e-13,3.4171460147215596e-13,2.116535260907034e-13,4.6099134249888933e-13,6.8789706756081332e-13
5.8675,1.0938970386479758e-12,2.8342135306626517e-13,1.2857258988665422e-13,4.9465617279993014e-13,2.9391878849181215e-13,4.7512258901663715e-13,5.0724742229968223e-13
5.87,1.0373554891705918e-12,4.4862341625325005e-13,5.1594352647991683e-13,4.9445172081907705e-13,3.7120838450817079e-13,5.1585758628731183e-13,5.1195561427617696e-13
5.8725,1.1353129798996996e-12,4.4400843483908291e-13,6.1689288233803852e-13,5.0636156469210553e-13,5.0372774750008755e-13,3.6454353485586401e-13,5.866831797047522e-13
5.875,1.0600850505238161e-12,5.2826932985385145e-13,7.8718080878974119e-13,4.3880109904466171e-13,4.1390744129198044e-13,3.8330151102814373e-13,5.9903593099861112e-13
5.8775,1.0032220923012501e-12,6.3480598825074638e-13,9.2482543667629613e-13,6.1532957639667863e-13,5.6535486493743186e-13,3.981829810731768e-13,4.8159327991170118e-13
5.88,9.4243514358392168e-13,7.094709652473495e-13,1.0381378664272238e-12,6.0305802024806238e-13,4.5497032692849003e-13,4.1723831488914457e-13,5.6130177598039669e-13
5.8825,9.4296489964453595e-13,1.0839377273351279e-12,1.1586261956172454e-12,7.0319044170331748e-13,6.5144207055436756e-13,4.9234329657986705e-13,5.7494783021331131e-13
5.885,8.7593323097474942e-13,1.1354948539648067e-12,1.0392874281779532e-12,7.9125951148729972e-13,5.0574566007187317e-13,5.9185720885006461e-13,5.8886745212296938e-13
5.8875,9.0852133852925221e-13,1.4654977815203438e-12,1.1821421190186207e-12,8.5138177000925512e-13,6.6789192949739825e-13,5.7374305323157501e-13,5.9491553586196156e-13
5.89,8.6396903898000732e-13,1.6124515047194454e-12,1.2006509534591143e-12,9.6593763858001664e-13,6.340490553484143e-13,6.8112046075307158e-13,6.2624199467730825e-13
5.8925,8.5608140911613814e-13,1.6877278362926551e-12,1.20920705168513e-12,9.0177322390419213e-13,5.6675099430653468e-13,6.1085923208781728e-13,6.7086283624611784e-13
5.895,6.7161116186515621e-13,1.9362846613529483e-12,1.2251888929272559e-12,9.9904488681894454e-13,8.3268549302411194e-13,5.4260899965140999e-13,5.1082691122165132e-13
5.8975,7.0065504866522376e-13,2.0600245519446145e-12,1.3725941925064758e-12,1.0707182043746811e-12,6.3681197448260531e-13,6.1262895113855452e-13,4.9460348580428189e-13
5.9,6.0489884386531618e-13,2.2251825979983682e-12,1.3419348353394429e-12,1.1029716658441846e-12,7.6520510409295372e-13,5.4950173199435019e-13,4.7514081062857505e-13
5.9025,7.4599826211238516e-13,2.358866598050997e-12,1.3649894731800652e-12,1.0210476928182639e-12,6.7884234889957373e-13,5.5248859521499714e-13,5.9372433878772331e-13
5.905,7.2749779003430501e-13,2.2356162324662764e-12,1.4629740984110847e-12,1.0754992866472503e-12,8.012517010725972e-13,5.3907900014965829e-13,5.4575392275127963e-13
5.9075,4.9830677133438898e-13,2.2709935984008093e-12,1.394643632915341e-12,1.0029979392474379e-12,9.645163834715819e-13,6.1532027772640215e-13,5.3374555785654417e-13
5.91,6.4446307690093831e-13,2.0541258805895469e-12,1.3144059743368549e-12,9.6391802804971603e-13,9.6784127627929295e-13,6.6395564422669195e-13,6.3693759429817168e-13
5.9125,6.8359788649153832e-13,1.8930200610170465e-12,1.2242664557582922e-12,9.1684789191853172e-13,9.2678913648022771e-13,6.6156304157483164e-13,4.8942905159374129e-13
5.915,7.4942683297124881e-13,1.8768625500306913e-12,1.2290519736988714e-12,8.7410306867982671e-13,7.4810061602961427e-13,7.1190113028785523e-13,5.2985561193140968e-13
5.9175,7.0345454084300288e-13,1.486970338555055e-12,1.1329924641573446e-12,9.3404086061182375e-13,7.8791357266089919e-13,6.0227787844677984e-13,5.3031914973690973e-13
5.92,6.583514743122429e-13,1.4117980557396342e-12,1.0673894138237525e-12,8.6512072742169874e-13,8.4612073427794568e-13,5.5807415588754387e-13,4.8083939147976641e-13
5.9225,6.7790605266750483e-13,1.2246910116041677e-12,9.3273234808401115e-13,8.2935561067454477e-13,6.87074613413461e-13,4.8813338056811085e-13,5.5181716596536306e-13
5.925,4.2371379113659186e-13,1.0029549520080578e-12,8.0798803094637246e-13,8.0421081479017042e-13,6.4901055672045301e-13,5.3132993942622817e-13,5.2222006162668287e-13
5.9275,5.9119456177715747e-13,8.1299720326205063e-13,7.5664012636722168e-13,7.728203161490469e-13,6.822416792397959e-13,6.5236643140420106e-13,5.1354961031314564e-13
5.93,6.9118433990135365e-13,7.3641149259053991e-13,6.5846650519651574e-13,8.0044739570604062e-13,6.5790277843910875e-13,5.6303638443066447e-13,5.184449825251067e-13
5.9325,8.3153422973864925e-13,8.05245425552861e-13,4.5311572452315971e-13,6.3185163257485103e-13,8.1925813533927481e-13,5.3213397797829575e-13,4.9475681049100022e-13
5.935,8.5094191697349403e-13,5.9529843032263643e-13,4.2467530737246867e-13,6.3617685264970378e-13,7.8913954916475019e-13,5.6595179219615016e-13,5.9338012912050946e-13
5.9375,7.4411599239682933e-13,3.9558326151017821e-13,4.0668865338380796e-13,4.3046028089941721e-13,6.0520479006375535e-13,6.6590888405290887e-13,5.1918289676297233e-13
5.94,7.6160878863913093e-13,3.4501896642214219e-13,3.9444791046548401e-13,5.1476517529509727e-13,5.9228504181851445e-13,6.6012384498802706e-13,4.669301736161424e-13
5.9425,7.9426394514312719e-13,2.4608354904925159e-13,2.1019143388650835e-13,3.4201721864289384e-13,5.6084366802426055e-13,6.212707266087792e-13,5.7754712728295251e-13
5.945,1.10352063252989e-12,2.1943350398626608e-13,1.769093712243351e-13,3.3459693254753927e-13,5.1984879772569807e-13,5.2518171376844589e-13,4.7489494980211243e-13
5.9475,8.9676262366906701e-13,2.4576194589176187e-13,1.2769406470143882e-13,2.7052638293121712e-13,4.1666412950975737e-13,4.0210937147601408e-13,5.3617512667514632e-13
5.95,9.3962746090961507e-13,2.3846893522577453e-13,1.3474632229934881e-13,3.3390373982970003e-13,4.6395699812085836e-13,6.7844055961671173e-13,5.6207770838353473e-13
5.9525,1.1427645219426935e-12,2.5359238664963839e-13,1.1300897628704053e-13,2.7041831525442587e-13,3.9831231646320939e-13,4.6074136485049096e-13,5.1226255036290907e-13
5.955,1.1905367615775888e-12,9.22987592590236e-14,1.1651227756104627e-13,2.0220595203236493e-13,3.6670109751404758e-13,5.5365162472698112e-13,5.3909906844929164e-13
5.9575,1.1599363601611152e-12,1.5279023418635163e-13,-6.7344396757380417e-14,2.3309798111799985e-13,2.4950712747600903e-13,5.1893708648965123e-13,5.5029865782572022e-13
5.96,1.1630885327788341e-12,2.0712638398076605e-13,5.0786543887993472e-15,2.6425506296996218e-13,4.2386251023835907e-13,4.4182961662688892e-13,5.8346780187429037e-13
5.9625,1.163684890996349e-12,3.230717835462322e-13,2.1737231806736891e-13,1.5555338380486648e-13,9.4039457496092547e-14,5.0637036868190543e-13,5.2570008413057077e-13
5.965,1.2183961242317218e-12,1.6706590744330148e-13,5.014122249308499e-14,7.4832543171172768e-14,3.1616444828988732e-13,5.5815833137529056e-13,4.5495202559598813e-13
5.9675,1.2486416088243999e-12,2.0543561406629905e-13,3.0882033222068362e-15,7.6728263970741416e-14,3.0800823109181671e-13,6.4566857688415779e-13,5.8698610846901507e-13
5.97,1.1228381729189205e-12,7.8362201094923249e-14,6.2541069361455418e-14,-3.3160548020008412e-14,3.8239078496206978e-13,6.2069550226390428e-13,5.3744505206643264e-13
5.9725,1.1321333196899507e-12,1.5206392141325831e-13,-5.843755712738895e-14,1.4482445515905667e-13,2.482741190604784e-13,4.565057545473709e-13,3.7016458205121533e-13
5.975,1.261165791019918e-12,2.3587602385626662e-13,1.8347371538145443e-13,1.6113109406758996e-13,2.5336120103465409e-13,4.5684592718605902e-13,4.4516018994514862e-13
5.9775,1.3194292989297183e-12,1.984185179080835e-13,1.2860996161692537e-13,2.0851583216166413e-13,3.5260535483855931e-13,4.4969000806794132e-13,4.2144383673844036e-13
5.98,1.2772560063278483e-12,1.9219784299071277e-13,1.4522382864814615e-13,3.0952460739015681e-13,1.8755333931446707e-13,4.0926361932386249e-13,4.7919311099810101e-13
5.9825,1.078094763732736e-12,-1.5984029605388809e-14,1.8581559972758706e-13,3.4222231785414795e-13,2.4085454765008205e-13,4.4332250970648244e-13,4.4717593854074921e-13
5.985,1.3122205600917034e-12,2.5275175899937883e-13,1.9467484273692295e-13,3.7339485925374732e-13,2.0482660208643456e-13,3.4502924953455466e-13,6.6351475205029739e-13
5.9875,1.0958874740234174e-12,1.0396134379164904e-13,1.9615509981600431e-13,2.3017653580594032e-13,1.0717047930188218e-13,4.7189894216278544e-13,4.688828484401645e-13
5.99,1.197786875101605e-12,1.3010954029142665e-13,1.8682599307882857e-13,3.8597903388583216e-13,3.8927157370001273e-13,4.4320875520753531e-13,5.3148325976361569e-13
5.9925,1.2947232592395648e-12,1.5843649117147734e-13,1.1081468833824195e-13,2.8495978135669691e-13,2.8292592434502392e-13,3.8882847104117463e-13,6.5664388113203522e-13
5.995,1.1425694957890622e-12,1.9959479063365528e-13,3.5427413978114287e-13,4.9210197265900821e-13,4.5018600611466978e-13,4.5989052685150837e-13,5.0903956368423109e-13
5.9975,1.1762506135011637e-12,2.3358296582369833e-13,4.1836754180381134e-13,5.0507920277620539e-13,2.5462619087354371e-13,4.6568136623802138e-13,5.9206803518326683e-13
6.0,9.4609064014837648e-13,3.2275987033790355e-13,4.9093403612014027e-13,5.209872425545975e-13,3.3177821863792582e-13,4.5226439665170061e-13,4.7179815452576869e-13
6.0025,1.1281254933733685e-12,3.9058419989797541e-13,6.2034364943444479e-13,5.1359450276346069e-13,3.6042376495587641e-13,4.4630765182183102e-13,6.1761379486804001e-13
6.005,1.0656227939181752e-12,4.7825175289371821e-13,6.0576525853363316e-13,5.5189589262150093e-13,3.9742193702763816e-13,3.967092175144613e-13,6.786991528476521e-13
6.0075,1.117638999257245e-12,6.7437487689739639e-13,9.817835216257246e-13,6.0639064442776553e-13,4.7408591992065769e-13,2.6047842390531049e-13,5.3699029025780853e-13
6.01,1.0490814924335276e-12,8.9933139254587813e-13,1.0082623970383501e-12,7.4018916155938601e-13,4.8868053034220704e-13,3.616489981262474e-13,5.3437998848141323e-13
6.0125,9.1504791595430364e-13,1.0184151632355466e-12,9.8481770077269102e-13,6.4899421676716563e-13,5.5123405222881088e-13,5.1745098069016366e-13,3.9136098789238686e-13
6.015,9.1498619325297708e-13,1.2434421755770322e-12,1.1813090860766136e-12,6.9273576359999735e-13,6.9847674216745466e-13,5.5293732654081871e-13,5.5637499490001656e-13
6.0175,7.7369784990181006e-13,1.383313948775481e-12,1.3162417264705559e-12,8.6480659036124255e-13,6.7146721791173987e-13,5.1409270132430488e-13,5.7430794436644618e-13
6.02,8.0674563961432916e-13,1.7480628029871319e-12,1.369765710373948e-12,8.6559222949076801e-13,5.5467724472092762e-13,5.877571287476422e-13,4.6868751175307789e-13
6.0225,8.3536264908017627e-13,1.9381585776135142e-12,1.3139560982870771e-12,8.7379130732603445e-13,6.8578127330229092e-13,4.6736858611795492e-13,5.5467280514809193e-13
6.025,8.9999968599320107e-13,1.9357812844132253e-12,1.4154249679171673e-12,9.9493230400168654e-13,6.8624879324941208e-13,5.1626721510187459e-13,3.6300335764097992e-13
6.0275,6.9411063324876433e-13,2.0331712330828776e-12,1.4040106828508602e-12,1.0731437985112156e-12,7.6126780738645386e-13,6.3064377976650346e-13,5.1914593407680971e-13
6.03,7.4445004717492936e-13,2.0884793784109892e-12,1.3636347450971242e-12,1.0182550719085818e-12,8.6545379655793222e-13,5.2374938952356339e-13,6.7667625859961719e-13
6.0325,7.7638915868603934e-13,2.335890868646108e-12,1.3429877830616439e-12,9.6573739984858697e-13,8.9446663762659489e-13,5.0848098165813803e-13,5.6207068577549992e-13
6.035,7.1803504432805961e-13,2.1609671660690305e-12,1.3392362270235046e-12,9.6912818302929447e-13,7.7396418061307603e-13,6.5268106268602447e-13,5.6102970035828827e-13
6.0375,6.6221883142777185e-13,2.2448310913103744e-12,1.3946596811589991e-12,9.927627733746433e-13,7.7491576804263403e-13,7.1583671289548384e-13,6.7925850609919971e-13
6.04,6.0887509179816225e-13,1.8313520925218566e-12,1.2543169237442274e-12,9.6390389616305123e-13,7.6992088292553594e-13,5.4258921128623681e-13,5.5094837240712337e-13
6.0425,5.2452117466127524e-13,1.9239530017625274e-12,1.1744589871558842e-12,1.0015256514117859e-12,9.2318957643037601e-13,5.9681939234421314e-13,6.6849489723062749e-13
6.045,5.3230677202539928e-13,1.6563890543442195e-12,1.2812765818076647e-12,9.6658153229616535e-13,7.2167528434653095e-13,6.8882127952982109e-13,6.7905361681216249e-13
6.0475,5.835022214529156e-13,1.4358987685817623e-12,1.0077660310109815e-12,8.5876318580837474e-13,8.1747452320643841e-13,6.5647688678172558e-13,4.9601127077711226e-13
6.05,7.151107694699017e-13,1.3837320278122612e-12,1.0639859024536609e-12,8.5162210033967514e-13,6.9774720147647108e-13,6.6029706173700832e-13,6.312319068072352e-13
6.0525,5.862205936432275e-13,1.20798924908414e-12,9.3265826485410815e-13,8.2504579078230416e-13,7.5598305078339115e-13,5.5588713247294789e-13,4.5294021055090137e-13
6.055,5.6524519210929492e-13,8.2014155421558812e-13,7.4556652277767108e-13,6.4907225727937061e-13,8.8141732443405959e-13,6.4947006617244998e-13,4.3478228589598744e-13
6.0575,8.6305683868070627e-13,9.3955951529349334e-13,7.5391892174975379e-13,5.3462486830815225e-13,8.4208866420929334e-13,5.9999171536765679e-13,6.448840534975762e-13
6.06,7.6088239625826461e-13,6.8616435978686473e-13,6.0180124709974709e-13,7.0945111437882727e-13,6.1762660839603783e-13,4.8588141070496218e-13,5.7910950162559313e-13
6.0625,7.4707751626741183e-13,5.9973127493959707e-13,5.1598193439428142e-13,5.2725796317068197e-13,6.6060542807939938e-13,5.7440150343604406e-13,5.8294515638693988e-13
6.065,7.7709039239206741e-13,5.2971991599053541e-13,2.778075905321281e-13,6.3824369912808654e-13,5.8052824798199016e-13,5.2461745806876911e-13,5.3531509494864234e-13
6.0675,7.5032823724918836e-13,4.0924085286134337e-13,3.5587636439074628e-13,3.0932226616796419e-13,6.7823056145093561e-13,5.3640989538665578e-13,4.8883992039127842e-13
6.07,8.2374396825695305e-13,4.2232812331540418e-13,3.108094031611549e-13,4.7458708702679578e-13,7.4524956259062417e-13,5.2013866813639767e-13,4.8891877802346611e-13
6.0725,9.5265148579289676e-13,3.0065946752087403e-13,2.7376050239734594e-13,3.7754043877570953e-13,5.5225924055061198e-13,6.1467249948817793e-13,4.7775036746783125e-13
6.075,8.4864479264246993e-13,2.0426567272767364e-13,2.0013147061878595e-13,3.1820104378386861e-13,4.5515954884661325e-13,6.8172343730449216e-13,5.8604741980088403e-13
6.0775,9.726227088715469e-13,1.9129994482036737e-13,2.4083267268367348e-13,3.1474038308560682e-13,3.7012696832810575e-13,7.6488950487663714e-13,5.8085137001629606e-13
6.08,1.177758718811497e-12,2.896450066248379e-13,2.6960517872060048e-13,2.1511839728245325e-13,5.0227477518415812e-13,5.2736888403729005e-13,4.8516545541232155e-13
6.0825,1.0045449640268384e-12,3.2331887633561375e-13,6.2628381775109887e-14,9.4356032197212572e-14,3.1686101947698837e-13,5.2501874402295627e-13,6.6034218062713829e-13
6.085,1.1704749518696222e-12,2.9645191214350369e-13,1.6833762299745979e-13,3.3487164108766549e-13,4.5291972210157256e-13,5.9101742595621369e-13,5.4757947042935403e-13
6.0875,1.1293165116816584e-12,1.5104312177755812e-13,7.5494523195598555e-14,1.3458702149113239e-13,4.7023534726973162e-13,5.9983360844927851e-13,5.8456985437654872e-13
6.09,1.2403960112770183e-12,2.143125087683641e-13,9.7121116355693111e-14,1.8396141752203475e-13,2.7170964770860707e-13,4.5504011025616163e-13,6.6498472298571854e-13
6.0925,1.0902209659379849e-12,1.4199223659670429e-13,1.2810745991968247e-13,9.2047083060523477e-14,5.4601244229511311e-13,5.4205788335033638e-13,6.8185984982079342e-13
6.095,1.3497864779472486e-12,3.4522544237007632e-13,2.0461985332516772e-13,2.0695212120110372e-13,3.2377226778087318e-13,5.6579850103305611e-13,5.6281049789630975e-13
6.0975,1.1595258315289929e-12,1.3287371595271934e-13,7.783278611948491e-14,1.7232335227928811e-13,2.776007031333441e-13,4.4195016508827358e-13,4.792498877922749e-13
6.1,1.1311491106010045e-12,2.624334230030294e-14,5.0557708560215962e-14,2.5977940475334228e-13,2.8440248077894911e-13,3.7374902072613654e-13,4.5499054350137252e-13
6.1025,1.310567278474044e-12,6.2082633473299843e-14,2.4055724848049866e-13,1.9463016569775165e-13,2.2340926099688864e-13,2.743800015559867e-13,4.1549683182489061e-13
6.105,1.1595830190221934e-12,6.7526615560437737e-14,6.2339717091960945e-14,3.2608441348050104e-14,2.5537763505036961e-13,4.1288892732964066e-13,6.0863049157949765e-13
6.1075,1.2491254057799669e-12,2.5655804699730212e-13,1.542661760544113e-13,3.4334770249093752e-14,1.4497829054463047e-13,5.1573662621680899e-13,4.8439143931543298e-13
6.11,1.2680863367451054e-12,7.0075493657784749e-15,-7.6594949184328512e-14,2.9470809359100954e-13,1.9058925067900267e-13,4.856122440233245e-13,5.3908037311178332e-13
6.1125,1.1902694354128022e-12,2.0767638523580619e-13,1.0615333751068916e-13,2.4706490368921853e-13,2.6283874349846465e-13,5.4636587940207777e-13,5.6583488234313696e-13
6.115,1.1863256605829619e-12,9.0305853441420111e-14,1.5721010795867669e-13,4.0219614861925314e-13,3.2295264987418435e-13,6.3445699879161836e-13,5.6809036844946037e-13
6.1175,1.0739556860681154e-12,2.2373325255343143e-13,6.8350786791109201e-14,3.0362449325177205e-13,2.1862450774404493e-13,4.9742228558282134e-13,5.731718100762971e-13
6.12,1.2108397376564458e-12,1.5416033908995296e-13,1.9750994958666039e-13,3.4514086952808557e-13,3.781536463538757e-13,4.0132773297037262e-13,5.1483138242634446e-13
6.1225,1.0362434955164553e-12,3.8676216578878363e-13,3.3879548105863981e-13,4.0973853799429877e-13,2.3798264416900987e-13,3.931871637492279e-13,5.2422162293195445e-13
6.125,9.7605422786070608e-13,2.453375750289641e-13,3.6886837665466884e-13,4.969217438840522e-13,3.858850724387073e-13,4.5164177956001806e-13,4.1336875709354295e-13
6.1275,1.0860288207107279e-12,4.1663179417274366e-13,4.6083161560892369e-13,4.7708770111199522e-13,3.7155516895713304e-13,5.7879012812329391e-13,4.8710384104673722e-13
6.13,1.0618319638784053e-12,4.0420954077450001e-13,6.5843840308924742e-13,3.8190993931459834e-13,3.9148884131361748e-13,4.8076112473887054e-13,5.7740840156562787e-13
6.1325,1.0384782165251414e-12,5.1346263496033916e-13,8.1744735627910854e-13,5.6193981617992411e-13,5.1716941412912371e-13,3.6775489213428884e-13,4.2108603302974872e-13
6.135,9.1263158502880724e-13,5.6499939105940691e-13,8.5881503244301682e-13,7.4763483551180151e-13,3.942383778019975e-13,4.6125168109894002e-13,6.0080836223995308e-13
6.1375,1.0556561845705825e-12,6.5244724947131702e-13,9.530310164477322e-13,6.9253251797021164e-13,5.5365525360530383e-13,5.7642907379924502e-13,4.3822029415531607e-13
6.14,1.0312371002612858e-12,8.3440341718799474e-13,1.2356306631426879e-12,8.556765100727373e-13,4.5421943239702888e-13,5.8568616941599279e-13,5.6779642101037424e-13
6.1425,8.3610431213837345e-13,1.109133384158772e-12,1.2179732421630649e-12,7.1000444296164209e-13,5.1485071461579197e-13,4.7274914388279418e-13,7.0896574256813634e-13
6.145,7.4449807670990835e-13,1.4259748547168038e-12,1.2237383683555222e-12,7.9936540471477513e-13,6.6052647164836816e-13,5.349297079650705e-13,6.0204688332164644e-13
6.1475,7.6082332405147828e-13,1.5596614718046393e-12,1.2049955884373656e-12,8.8691000062871513e-13,6.0523506563700273e-13,4.4292332064060115e-13,5.2322861194270442e-13
6.15,8.4386420690041226e-13,1.8996217798345433e-12,1.2733427851925929e-12,8.0961487997582693e-13,7.4098321170093482e-13,5.923142739632976e-13,3.3163178829180849e-13
6.1525,8.7763174622314378e-13,2.0239938187308986e-12,1.5216919241016625e-12,1.0410233068180766e-12,6.7166815481443921e-13,5.6340110900929321e-13,6.0591776676372208e-13
6.155,8.0854146292402957e-13,2.1153185086033564e-12,1.1976696366547039e-12,1.0859626522729003e-12,6.6417597400076905e-13,4.0162027897575972e-13,6.1412841209002156e-13
6.1575,8.9539420934718604e-13,2.2847859603951756e-12,1.4876465223307141e-12,1.0004544583241901e-12,8.2525013475816438e-13,5.2002763941837644e-13,4.8364753610610884e-13
6.16,8.5613427853147834e-13,2.1303920453936466e-12,1.3909190758825377e-12,9.9972767556445494e-13,7.6883939864584015e-13,4.5875335110572364e-13,6.4641383976736917e-13
6.1625,5.9230678429023316e-13,2.2117712689708012e-12,1.3678230975193424e-12,9.8419319321587871e-13,9.0633548718277722e-13,4.7630647140203848e-13,6.3228661687541314e-13
6.165,5.1598412448285222e-13,2.2616103018738027e-12,1.4490303332331436e-12,9.6518269484449654e-13,8.6793512397242312e-13,6.0107339162752657e-13,6.0355363164121368e-13
6.1675,7.3453216749039673e-13,1.9052727835746201e-12,1.236834688046609e-12,9.9707899276378185e-13,8.858646175254553e-13,7.76330315652139e-13,5.4005398397580729e-13
6.17,5.5263703822454838e-13,2.1032142834940385e-12,1.3714984021040555e-12,9.9571661967098442e-13,8.7466244448294526e-13,5.4123764331037004e-13,5.8244288290203704e-13
6.1725,6.4380968060756973e-13,1.8197921910609874e-12,1.1374978519822381e-12,8.8766015825879516e-13,9.4368629836496673e-13,5.52645569041e-13,4.9170058510057962e-13
6.175,6.3267166572473355e-13,1.5415123098035981e-12,1.1665314150029293e-12,9.5156132581514125e-13,8.0377900377075761e-13,6.2680649267115133e-13,4.8834187304016254e-13
6.1775,7.8652342046450208e-13,1.468365246274256e-12,8.5358869476061352e-13,9.3253493887655666e-13,8.0710310022894893e-13,5.7474607127606237e-13,5.5481170147578564e-13
6.18,5.8309830177255923e-13,1.1427987358735676e-12,8.5307098103249611e-13,7.095143234913561e-13,8.2353858109573125e-13,6.1210132533275455e-13,5.95337667327003e-13
6.1825,6.0864672777267969e-13,1.112426642778068e-12,7.2909846849989198e-13,6.8869881043314324e-13,7.1692279889111303e-13,7.0000363622367276e-13,4.1489949615846165e-13
6.185,5.9861734580715609e-13,8.6713089242159214e-13,7.7381173243289988e-13,7.5797795446307288e-13,7.4413421731631515e-13,6.3815144951920005e-13,4.9584677776627575e-13
6.1875,8.3138439569041744e-13,7.9199570101351244e-13,7.2449366757650241e-13,6.327329260175773e-13,7.9566323691573464e-13,4.8144548207441326e-13,5.7612086337582722e-13
6.19,8.526703373649734e-13,6.9518718254586504e-13,5.3344024096594849e-13,5.5154758071427032e-13,6.5445716832733464e-13,5.1074612038513433e-13,5.0403647181477629e-13
6.1925,7.1999833693501112e-13,5.9420048035078531e-13,4.6013934323397664e-13,6.1022024036849741e-13,5.6176968056371409e-13,6.7099097372044662e-13,5.1637089393522137e-13
6.195,7.9585279274648389e-13,4.3108144746543767e-13,4.2395285944314184e-13,3.5601231556078424e-13,5.8329758594055974e-13,7.3152321996762989e-13,5.3441941834415373e-13
6.1975,7.6399976209597027e-13,4.9792068989231211e-13,3.3705184444188874e-13,4.3148745148409001e-13,5.4028256071327631e-13,5.5511848496614898e-13,5.588412379241227e-13
6.2,8.5135288666304716e-13,3.7258232354026199e-13,1.7839597539639518e-13,4.7544033062200142e-13,4.3942694184639506e-13,6.1398505305487864e-13,5.2632915684562644e-13
6.2025,1.0861935849229865e-12,3.4545791783799443e-13,2.0300507096104612e-13,3.9709774308325209e-13,4.4140530480412479e-13,5.1748449701318289e-13,6.3230989992843706e-13
6.205,9.3661273439659439e-13,2.0962171870595329e-13,1.4762027338475632e-13,3.58875537739638e-13,5.3663383260577628e-13,5.8187457336060299e-13,4.7096053934870762e-13
6.2075,1.1624971677319288e-12,2.9980603427884737e-13,8.6552078281807254e-14,3.7052441926230247e-13,3.2151005729526356e-13,6.5519186893291236e-13,5.7697474748081118e-13
6.21,1.1923631270578844e-12,1.8370986138583861e-13,9.7894960716339486e-14,2.4820505142149593e-13,3.9216899076953316e-13,4.7527488896131002e-13,6.1624434789978085e-13
6.2125,1.0477211138063746e-12,1.2688107593535089e-13,1.5269584849892205e-13,2.1894787602546528e-13,2.3354415896036331e-13,6.988579373093445e-13,5.9497183866198599e-13
6.215,1.1082743383863185e-12,3.0561222498569904e-13,1.4651045986873429e-13,2.7011596826436042e-13,2.534299960135326e-13,5.3926980068746743e-13,5.8361006740978799e-13
6.2175,1.1588766994246144e-12,2.1752816352229397e-13,-8.6296041866285516e-14,2.313355058543019e-13,4.4546536987851576e-13,5.9968189752049967e-13,4.1153939369978537e-13
6.22,1.2292340306332459e-12,2.3424172771269657e-13,2.5368458001236186e-15,2.4966219133132447e-13,4.0285193008487854e-13,3.6341361131418916e-13,7.2406158325741735e-13
6.2225,1.249405565290552e-12,1.8583049074897739e-13,1.267181526013603e-13,2.0066252210131603e-13,3.0728391031651613e-13,3.7505076997081886e-13,4.6801346086805719e-13
6.225,1.2343203716655945e-12,1.4329381331282412e-13,1.1179984785295974e-13,2.2171017172248993e-13,1.9030786359708653e-13,6.0700256125510187e-13,5.2616491349751829e-13
6.2275,1.2903372393811506e-12,1.9630949361471791e-13,5.7064016935084524e-14,-2.8934767213966217e-14,2.6765586949207601e-13,5.6708362459228792e-13,5.4050764826752518e-13
6.23,1.3978277027556395e-12,2.7271344404740922e-13,1.5119066505032381e-13,2.3083906444247082e-13,2.8416103261151421e-13,4.6918370848475449e-13,4.1588408491415937e-13
6.2325,1.3994919728039094e-12,3.3579774694029027e-13,1.1373703785183578e-13,3.1363180896142952e-13,2.5760311034678713e-13,7.571351090263417e-13,4.4600510922230222e-13
6.235,1.1627089194263898e-12,5.7456973324560296e-14,-2.4357839789607049e-14,1.1897239327051743e-13,2.3934887700885224e-13,4.7214009913005682e-13,5.2405420884102531e-13
6.2375,1.2900562234348465e-12,6.9785568746695976e-14,-7.0663864978651736e-14,3.5116013985591224e-13,2.5154040470946869e-13,4.7191111740531956e-13,5.6497963936670398e-13
6.24,1.1594763248030031e-12,2.0565451174661241e-13,6.5674309178170571e-14,2.4601008319295873e-13,3.2378662379008679e-13,4.7164137454939516e-13,5.2639562847063857e-13
6.2425,1.3028247201021178e-12,2.0517408104592545e-13,1.3793523100390073e-13,2.8517947375793803e-13,3.0917377636928976e-13,3.5894351057598617e-13,4.3695647489564854e-13
6.245,1.2357229082329676e-12,2.6799218715518918e-13,3.627622162953327e-14,2.5717593816472954e-13,3.118006369678348e-13,4.5285332813267579e-13,5.7457072738057477e-13
6.2475,1.2471045536358982e-12,2.4155400692522167e-13,1.5217459596358954e-13,4.6805282342957511e-13,1.8150204588997239e-13,4.4666581898483767e-13,6.5700751377633395e-13
6.25,1.1376453589131191e-12,2.0155582209810921e-13,1.3905720050305742e-13,5.2908057108941958e-13,4.6514434450189472e-13,3.5440850445201838e-13,4.5402992923565991e-13
6.2525,1.133582762296529e-12,2.1531289123292534e-13,3.2801270574549836e-13,3.2116960582419339e-13,4.0002689466022824e-13,4.6328861585124818e-13,4.8488110475056377e-13
6.255,1.0637142035729846e-12,3.2970049000363123e-13,4.3676617423162679e-13,4.3570485379741229e-13,3.714800060547821e-13,3.1576549933333711e-13,5.8978344862374565e-13
6.2575,1.1068195222245643e-12,5.2622504119100756e-13,5.9706399665151126e-13,3.7771333734213565e-13,1.8403430065543346e-13,4.1704582940558498e-13,5.4545920035563346e-13
6.26,1.0110496313715828e-12,5.8422500382451618e-13,6.5600437290766071e-13,3.9662562679055607e-13,3.1521449737706162e-13,3.9798421688812206e-13,6.485953080974564e-13
6.2625,1.1838634247792703e-12,5.3660851446551959e-13,8.2529322957583638e-13,5.6162607996057574e-13,4.6483686090302329e-13,4.8273292670544132e-13,4.6211784957844689e-13
6.265,1.1181596644190961e-12,5.967869638187034e-13,7.6751783720132106e-13,6.5487048818740879e-13,5.5584839705248647e-13,4.6973620232100398e-13,5.9199508368983494e-13
6.2675,9.0914764593077815e-13,7.9232530555372459e-13,1.0592609423933622e-12,5.9575038705168515e-13,6.8579047199947778e-13,4.4148802242377849e-13,5.1010989009221589e-13
6.27,9.5481096778815535e-13,1.101368903277604e-12,1.231884330806128e-12,6.8705147150890031e-13,5.4220711841270047e-13,3.1038713716106629e-13,5.3795414368092549e-13
6.2725,9.0894099092263207e-13,1.2499921401805616e-12,1.3017879295655237e-12,7.7903931846702455e-13,5.6177761138261792e-13,4.9321243710863681e-13,6.0890204430860554e-13
6.275,8.9828054133322947e-13,1.5072437313585128e-12,1.3044969949964122e-12,6.6063397505827873e-13,7.4092071493172434e-13,5.2252398744901021e-13,5.5587602815065429e-13
6.2775,8.5057648930640654e-13,1.5456997453773961e-12,1.3316251532116126e-12,9.0340813341998113e-13,6.6419168323999358e-13,6.0254079053712087e-13,6.510021791725991e-13
6.28,7.5466663847699939e-13,1.8003470290282597e-12,1.4427802637247798e-12,8.3333660352134262e-13,7.0656573632379284e-13,4.1124430791912601e-13,5.751946067965578e-13
6.2825,5.4903010520913385e-13,1.9911828380232184e-12,1.4183931860984834e-12,1.0614733892523604e-12,8.6396182946233338e-13,4.5061972373722226e-13,6.7372419516020832e-13
6.285,7.6685465671860395e-13,2.2526198326307561e-12,1.3028931431305454e-12,9.4987528687953022e-13,7.4101680978662553e-13,5.4144391687150989e-13,5.7572262570806296e-13
6.2875,5.9570014047745909e-13,2.1283617029470844e-12,1.5632365117103714e-12,1.0132692605811776e-12,7.8520998257480814e-13,4.9994781726838094e-13,4.6976396939653876e-13
6.29,7.1649788251352345e-13,2.2551937232363079e-12,1.3428394735916146e-12,1.0356600490733641e-12,7.4991138721344934e-13,5.3959520701719679e-13,5.2460952242074336e-13
6.2925,6.3676471458951568e-13,2.1751640132939501e-12,1.383353235470642e-12,8.6753348678362931e-13,8.0710927839181358e-13,6.2093244350749538e-13,5.1764323488954315e-13
6.295,5.7818589748574054e-13,2.1634427046670522e-12,1.2249898257917469e-12,1.2071298911340232e-12,8.142101137784674e-13,5.3924839693462146e-13,4.4197417655264201e-13
6.2975,6.762693743669603e-13,2.0938456483160149e-12,1.4487545652842201e-12,1.1891076440552216e-12,9.8596241251173578e-13,6.4945718814411069e-13,4.6770063738103925e-13
6.3,6.9723457086822584e-13,2.0533960367865679e-12,1.2313703949312802e-12,8.8073742097868646e-13,8.4902890421237561e-13,4.3707575402602543e-13,5.7552112797566643e-13
6.3025,5.3037443974319026e-13,1.7677187617451823e-12,9.9426652736606288e-13,9.3829800373167731e-13,9.6222372372917315e-13,6.4351377609990718e-13,5.9464161968755208e-13
6.305,6.1245251658838614e-13,1.4128118243844473e-12,1.0590952902610363e-12,9.1036271177862027e-13,8.100237986537801e-13,6.0892244051602975e-13,5.0863442551196982e-13
6.3075,5.2462962765073828e-13,1.2094252977935352e-12,9.6369160272767474e-13,8.2523955163913186e-13,8.7770277054595701e-13,4.9796924966022781e-13,5.7089804471976567e-13
6.31,8.4737084196603772e-13,1.143008324276447e-12,9.3992863737464057e-13,9.3143201803040432e-13,7.8087002064681501e-13,6.6772998065462586e-13,5.7875678025032659e-13
6.3125,6.9857881737120398e-13,1.1146573997141771e-12,7.0476306476541916e-13,7.5539906469084466e-13,7.9953843603206274e-13,6.956207867206994e-13,4.5481095212952893e-13
6.315,7.0949800648479319e-13,8.2966004057220538e-13,8.5130506083091241e-13,6.5405102487667679e-13,6.9399398139238778e-13,5.0957752527683219e-13,4.7215330392607288e-13
6.3175,6.8781273954441943e-13,7.2739859670683789e-13,5.0935441412182297e-13,5.8946991526804972e-13,5.9451826091007393e-13,6.6681963975871559e-13,5.2278888303139171e-13
6.32,7.1497688713588975e-13,6.0221465126002889e-13,3.7276689083562001e-13,6.0965731285073287e-13,7.6888727556339705e-13,6.4640297065697418e-13,4.0859263622674708e-13
6.3225,7.6221186352916738e-13,5.7602686330741585e-13,4.1605760879988923e-13,5.9297539824204231e-13,5.8605716227288097e-13,6.0385199541328617e-13,5.6013102044081265e-13
6.325,7.817465123002295e-13,4.976192748714613e-13,4.0706507689162644e-13,4.0620471525355988e-13,5.9640080294061296e-13,6.940521968386903e-13,5.1211750787561561e-13
6.3275,8.6689367986293904e-13,1.110767336447451e-13,1.7372920925226607e-13,4.2921557939010816e-13,5.017782506578474e-13,6.1099101380526847e-13,5.0146031678123799e-13
6.33,8.8550401691856508e-13,2.9402832752635772e-13,2.4281287709580041e-13,2.7749526699794187e-13,4.3843353231016827e-13,5.2856211625359267e-13,4.9385141533434827e-13
6.3325,1.0061752799791767e-12,2.3723418692830171e-13,3.2694528848207189e-13,3.6188164139798191e-13,5.1393527747807643e-13,6.1622890996542578e-13,5.2598150362114994e-13
6.335,1.0201502648778484e-12,2.1633959159643023e-13,1.6215097333200181e-13,1.3331485073732442e-13,4.6721463294723813e-13,6.8191971049749754e-13,5.1203227672852e-13
6.3375,1.057237159588168e-12,1.8165415620657021e-13,2.6312531690989617e-13,2.7878567224681076e-13,4.4961533208636158e-13,5.0146356880787034e-13,5.8080363189890843e-13
6.34,9.2848766354835316e-13,2.4712656831052906e-13,4.9907779054333547e-14,1.5635533873164256e-13,3.1699314953784837e-13,5.5949237695764553e-13,6.2076256058837161e-13
6.3425,1.0638361446149864e-12,1.7569376175966056e-13,1.5081720568628692e-13,1.5732978790188533e-13,2.3141999792519115e-13,6.974857040333325e-13,6.5308209312184405e-13
6.345,1.0667194339713877e-12,2.4571456299461642e-13,-3.4493532648063151e-14,1.2544193513056214e-13,2.4174448362049597e-13,5.0955161247587788e-13,5.3539597120382434e-13
6.3475,1.1876124999231349e-12,2.2880182956829829e-13,1.0574884507250163e-13,1.1766346366668151e-13,2.7027052221998083e-13,5.4149771980758329e-13,6.2051625939625025e-13
6.35,1.2733260679087437e-12,1.6294292423697931e-13,8.976688988606026e-14,1.2233581861075933e-13,1.4314294709711932e-13,6.4232937986720069e-13,5.9966414561054312e-13
6.3525,1.1832208857703249e-12,2.2665892573372006e-13,-1.2687280255300413e-14,1.1897898489538769e-13,2.8317091608572417e-13,4.8142705388074744e-13,5.6516371031717993e-13
6.355,1.1956934504504462e-12,2.1348174715404463e-13,4.4714879428356134e-14,1.4432913582886445e-13,2.1724562859313297e-13,5.9878042371563301e-13,4.1496701259428187e-13
6.3575,1.3107748388979224e-12,2.5840872971340435e-13,-3.3228061673259218e-14,-6.8482414958292655e-15,3.0356254213740708e-13,5.0096783586257972e-13,5.5601260045325727e-13
6.36,1.3656134799297522e-12,2.0402315511117614e-13,1.2504656707343141e-13,2.146957469490675e-13,1.9963283186025413e-13,4.1934549495028435e-13,5.3500464223181227e-13
6.3625,1.3822727449774337e-12,2.2305920779684186e-13,2.0018473331600231e-14,2.2107160036845421e-13,1.4586631852372421e-13,4.2398630612560169e-13,3.7109562246065094e-13
6.365,1.3316836858014859e-12,3.2126301727491024e-16,1.2947745148786701e-13,3.0137101189741259e-13,1.8818299459689196e-13,4.3771142143653094e-13,5.9966256245016455e-13
6.3675,1.162494928506263e-12,1.9913415059956736e-13,5.0616112198565916e-14,1.6371326377287322e-13,3.6517123324505821e-13,3.7970636391866769e-13,6.6098082204560413e-13
6.37,1.2222246750838654e-12,1.2848118865687702e-13,-3.8454852715210459e-14,2.9487495026429614e-13,2.8774933319934692e-13,3.68934967744118e-13,5.0003232522521241e-13
6.3725,1.2041872477272193e-12,9.5151205767433368e-14,1.1119822941188062e-13,3.5388822576158288e-13,2.9390444520404698e-13,4.0940741553267999e-13,5.8322650106214073e-13
6.375,1.3235295317458052e-12,2.2412104950495538e-13,2.1614580317543464e-13,2.6332536437623617e-13,2.6632414987296759e-13,5.2880841823908182e-13,4.5311111926461001e-13
6.3775,1.1151092447923876e-12,3.9097590864952835e-13,1.5888593367920834e-13,3.0529305219608137e-13,2.8890519674804306e-13,5.148232622007258e-13,4.6751491659142323e-13
6.38,1.1613651158119122e-12,3.118035042243666e-13,1.8906680158523211e-13,4.8350019588516563e-13,2.307100346827535e-13,4.6475120462162731e-13,5.2564627445960333e-13
6.3825,1.2564868364170435e-12,1.434148169302052e-13,3.2406413698611697e-13,4.2825997019990718e-13,4.8873537529883005e-13,3.1721939788197415e-13,4.7136821334294169e-13
6.385,1.0615491600334381e-12,3.6842024524965507e-13,5.3470093960015823e-13,5.2206115544675084e-13,3.1714635403051284e-13,4.4504353157249766e-13,5.2986982728043662e-13
6.3875,1.0822753649647032e-12,3.648944688752512e-13,5.3722001627851642e-13,3.7359979362213201e-13,5.3975523255366773e-13,4.7505510737500622e-13,6.5747739640875362e-13
6.39,1.1571587676216558e-12,5.1391601409024566e-13,8.7418945701318097e-13,4.2535616977610718e-13,4.5071007035683948e-13,4.5554000712425387e-13,5.5017699150913063e-13
6.3925,9.3187019090331513e-13,5.7746575877472521e-13,7.5326031854137645e-13,5.1093869204098982e-13,4.7029020808685989e-13,3.449499239159103e-13,4.76991503880192e-13
6.395,9.0683982273495037e-13,7.7831168596352595e-13,9.7019257853969628e-13,6.8056366376330712e-13,5.5873707216081526e-13,5.6365375535302145e-13,5.6432609061472723e-13
6.3975,1.0192823416506588e-12,1.0086906661435117e-12,1.0298000543625911e-12,6.3246064974400435e-13,4.7054850429622736e-13,4.2409706510192227e-13,4.2281051181553246e-13
6.4,7.7542245194928801e-13,9.8844609490400567e-13,1.1330561219274138e-12,7.4868331526617708e-13,6.6155409014403242e-13,4.8983405511440892e-13,6.9337328931335396e-13
6.4025,9.4794960873619189e-13,1.216313807461332e-12,1.1238473034320511e-12,8.4279229685548098e-13,4.1886387808686039e-13,5.3296747229447625e-13,4.1515309043165862e-13
6.405,9.6435291290818828e-13,1.5619154723397481e-12,1.2787594184804621e-12,8.5403327065949385e-13,7.1876714313927388e-13,5.3052750401764585e-13,4.2608941092351226e-13
6.4075,7.3494055817825667e-13,1.6174532322558266e-12,1.4183168371142581e-12,9.4704768794043285e-13,8.0046995863584526e-13,4.6877236572593167e-13,4.648405257967199e-13
6.41,7.551431814499826e-13,2.0185024849243076e-12,1.3694986146408038e-12,9.617285823605679e-13,7.0501026869495724e-13,4.2224306501217754e-13,4.8514824204318814e-13
6.4125,7.861094202593289e-13,2.1280331962987363e-12,1.3035705060098064e-12,9.6808785608141383e-13,7.165173216232653e-13,5.0623405064174551e-13,4.3958725725508405e-13
6.415,7.6503209055536357e-13,2.0790740533063114e-12,1.4317652444611146e-12,1.1108211146690046e-12,7.148255502617804e-13,4.9532857909714215e-13,5.3950434242501525e-13
6.4175,7.8154378722367844e-13,2.3687894154910464e-12,1.4527652568867293e-12,1.091855157730729e-12,6.390115215588311e-13,5.8107806935705987e-13,4.6838087731600421e-13
6.42,6.229449716174941e-13,2.2101698031810522e-12,1.3615540943690449e-12,1.1553070610094239e-12,9.6929155309777048e-13,4.3808374489812298e-13,6.2454274616988462e-13
6.4225,5.705092354517221e-13,2.2187120711659835e-12,1.2905000161135587e-12,1.0367228562347655e-12,9.143096847964682e-13,4.8459152206676144e-13,6.0525135953129609e-13
6.425,6.428719709685297e-13,2.0270337994010347e-12,1.3113020905929617e-12,9.9472792083605414e-13,9.5573482264344944e-13,6.0189995073788889e-13,5.3282827421872415e-13
6.4275,5.1493945505715024e-13,2.012185138898204e-12,1.2517394653413149e-12,7.9953446147185063e-13,9.3698714801872815e-13,6.6107889635468614e-13,5.5936999303776353e-13
6.43,6.4513748770662277e-13,1.8964581254550425e-12,1.27172658102621e-12,8.8239037327511774e-13,9.3698178709597209e-13,6.9845409680860155e-13,4.379849132390549e-13
6.4325,6.4153836105824759e-13,1.4717321786069593e-12,1.2596410687820923e-12,8.55817335996537e-13,7.8817248235451925e-13,6.1026054175770356e-13,4.0375541105792154e-13
6.435,5.2450321457657409e-13,1.3139697512525988e-12,1.0462580340310678e-12,9.9755418696140315e-13,8.6395415753720779e-13,5.7104682741597471e-13,4.842568166698437e-13
6.4375,6.6515824725308098e-13,1.3074541951742958e-12,1.0158127921194361e-12,7.3387694057046924e-13,7.8041652842344805e-13,7.6253999182652133e-13,6.0053014151666763e-13
6.44,6.8324851604965162e-13,9.6258020893599564e-13,9.6388250686133631e-13,7.8584497952208751e-13,9.1053273323860169e-13,5.679418327222945e-13,5.8104063730609186e-13
6.4425,7.4597409644293661e-13,9.8151979590986059e-13,7.2420281517510401e-13,6.7316479222867841e-13,7.8168563768092766e-13,6.3272023130808842e-13,4.7484267191290031e-13
6.445,6.5957395836763613e-13,6.3846265356281483e-13,6.6649245681443528e-13,6.2236752612173808e-13,6.5138493255817333e-13,6.3600202113247431e-13,6.3888381855772088e-13
6.4475,7.6379480527881672e-13,6.6555425013399897e-13,5.9484210566825204e-13,6.776640950717497e-13,7.3828665159835161e-13,6.0745751860482183e-13,5.5761815099119274e-13
6.45,8.3459502464292097e-13,4.368580382813718e-13,3.6624420371709624e-13,4.9056597692047407e-13,5.4567904309791249e-13,6.774157447393771e-13,6.0783216177591614e-13
6.4525,6.8938207219361864e-13,5.0606508654013109e-13,2.8157034754387027e-13,4.9740877993389678e-13,6.9177038158757684e-13,6.9427783062629623e-13,4.4573611255432175e-13
6.455,9.2333482645007127e-13,4.9284093938469133e-13,3.2243860616390374e-13,4.2992208044364758e-13,4.0514391575129223e-13,7.3588129784777705e-13,4.9548591762148715e-13
6.4575,7.6356843419590566e-13,4.2218124955389594e-13,1.8636318235166775e-13,4.3086064558851712e-13,5.619338438538965e-13,5.7263495033370385e-13,4.083327573701779e-13
6.46,8.8198633939154413e-13,3.2478688638554476e-13,2.2884522329888424e-13,4.1052892056583467e-13,5.2304288432434742e-13,7.4630717735752731e-13,5.7092255468266976e-13
6.4625,9.2521424679541777e-13,2.3876057828912877e-13,2.1595066928595751e-13,3.6193292800226645e-13,3.5764415341645566e-13,7.6203171451607373e-13,6.1757297442661395e-13
6.465,9.6077970189329212e-13,2.9337484234524099e-13,2.5055883405665212e-13,1.0695072099869186e-13,4.8129101942964383e-13,6.430403685470597e-13,4.801146240306761e-13
6.4675,1.1739111661784543e-12,1.7863746604896504e-14,1.9050192127977327e-13,2.5849365743990813e-13,3.7753949227316089e-13,5.1739617939946521e-13,4.7794661291867603e-13
6.47,1.1005949455048367e-12,1.4148877323524996e-13,7.7415236792891201e-14,1.04686206935401e-13,3.5003434644867337e-13,6.2481168165623141e-13,6.4091691210208502e-13
6.4725,1.0353694925450551e-12,2.3999520425118651e-13,2.0860032141897662e-13,3.0937439055359017e-13,3.0375467418981568e-13,5.5942141063947093e-13,5.5436181204742215e-13
6.475,1.2032032433635736e-12,2.5403115606635494e-13,1.6177187757579529e-13,4.3311484574935464e-14,2.5692421680720734e-13,4.0831322332662462e-13,5.7493069823296799e-13
6.4775,1.2725241062438562e-12,5.9167828332840461e-14,2.6917312727447688e-14,-5.9865467556682976e-14,3.2659179401229739e-13,4.2104502248769119e-13,5.2148309210975384e-13
6.48,1.1825621527756879e-12,1.5438574803237964e-13,-2.2813304550821361e-14,2.4183544241061286e-14,1.614441486096726e-13,4.4908565321411601e-13,4.5354569603813905e-13
6.4825,1.2969343774963738e-12,2.3452004568041591e-13,8.4504311388902828e-14,2.7720349513410684e-13,2.8845624764864255e-13,4.5877409077634306e-13,4.4671032900311544e-13
6.485,1.1836100164867598e-12,9.9678203748583371e-14,3.7119013789834213e-14,1.2125715888531072e-13,2.1421823037165365e-13,6.5021784300146092e-13,6.6799861270855876e-13
6.4875,1.2930647514369527e-12,1.4732472169060337e-13,8.8977838775773805e-14,2.1258862908108051e-13,2.3232571068681245e-13,3.1715900054986524e-13,6.5874510251126167e-13
6.49,1.3184598752938544e-12,1.6243517775330475e-13,9.2363095160304641e-14,2.909297303420578e-13,2.1194682046657317e-13,5.2852511640638597e-13,6.1021771979588981e-13
6.4925,1.1647475477573266e-12,1.0848081809168263e-13,1.521948352842964e-14,1.8441552840747814e-13,1.2278517135118413e-13,3.9611447206508935e-13,5.110725496202496e-13
6.495,1.4040946670386227e-12,2.5568510426045786e-13,7.2738165461225688e-14,1.2974334077265991e-13,2.1410017281983844e-13,4.6378758729041433e-13,3.9390357328476351e-13
6.4975,1.2662704576797614e-12,1.4012926503845196e-13,1.10955272508223e-13,1.6994253416079453e-13,2.9936601498881469e-13,5.1107485777232882e-13,5.0718043731744503e-13
6.5,1.1934638640517707e-12,1.8355887811634998e-13,1.4243547134652209e-13,3.4296089099306028e-13,2.4595412987834793e-13,3.0554694195084369e-13,5.8940119750323911e-13
6.5025,1.2088474475200061e-12,8.858037965671195e-14,-1.1690739754828207e-17,2.8085230884285213e-13,3.4472339619627171e-13,4.7700145689952906e-13,4.487100479152461e-13
6.505,1.1782274266485074e-12,2.536511915806038e-13,9.0787752057766326e-14,5.5133181903631847e-13,1.9395933013988493e-13,3.5497454320867234e-13,6.0656442568089912e-13
6.5075,1.1856715422403082e-12,2.8553127289424073e-13,1.8393851502146993e-13,3.091721303823148e-13,2.4390750636391287e-13,3.3603262549954513e-13,6.3943744277889086e-13
6.51,1.0978460753386753e-12,3.0229045533481833e-13,2.9463585098770068e-13,4.2856830938045124e-13,2.3633807508453159e-13,4.3501912976391818e-13,4.668657877970574e-13
6.5125,1.0824010015630594e-12,2.5084537480679228e-13,4.5741488688453114e-13,4.5280271697153256e-13,1.011103701113423e-13,3.1154508046276529e-13,5.2486718082126372e-13
6.515,9.8545449361188606e-13,5.4645197170813508e-13,4.3721440740063336e-13,4.0747294281913864e-13,3.4654228089374149e-13,4.2353895997193525e-13,5.3839877337679972e-13
6.5175,1.1072343229450976e-12,2.7690301419694607e-13,6.6060872332786532e-13,5.7560820059530799e-13,3.9050502506325763e-13,4.5968234873600407e-13,5.4794015320569835e-13
6.52,1.1231983753663281e-12,6.5411184458868569e-13,8.6532384482446358e-13,5.0609063237443752e-13,4.0665055768439016e-13,4.1945059497977719e-13,6.6184599559269704e-13
6.5225,9.939884040149204e-13,6.4168607102832159e-13,8.5378288850069262e-13,7.2858907839126825e-13,4.7978345948238907e-13,4.9392495799643688e-13,3.934091740663044e-13
6.525,9.8904256157799741e-13,9.1221807416272967e-13,1.0576118438196133e-12,6.606672586095035e-13,4.7272893516073882e-13,4.8571134874544401e-13,4.8329850482566558e-13
6.5275,9.6411658759930185e-13,1.0157171212969378e-12,1.1863347921533007e-12,6.9159869311080664e-13,5.6891351395745493e-13,5.5017529864882278e-13,5.9108117073569231e-13
6.53,8.7460114041884389e-13,1.1242812014065685e-12,1.2538434336810156e-12,8.0985235224269421e-13,5.2148975858776932e-13,4.9520860012829697e-13,4.2145948579553953e-13
6.5325,7.7179831033907359e-13,1.3311607956309647e-12,1.2418061588145999e-12,8.9124369865136457e-13,6.2599549227840841e-13,4.7266353071080249e-13,5.7531625210706345e-13
6.535,7.9728687027246301e-13,1.6156936960533037e-12,1.3146992988033415e-12,8.9640407763598614e-13,7.0646921446056534e-13,3.7369400475262915e-13,5.8579254031313254e-13
6.5375,8.537570235751002e-13,1.7491083130912839e-12,1.2961721687898262e-12,8.2766937094859021e-13,6.1102677499715922e-13,5.0096918816440452e-13,6.3907118618924397e-13
6.54,6.6074531643005768e-13,1.9971339716631189e-12,1.5004921820671773e-12,9.7779258444278882e-13,7.4503598322238079e-13,5.4059118349638152e-13,4.8373670392472606e-13
6.5425,7.6828284019327519e-13,2.0382116798585255e-12,1.3862552537652295e-12,9.4657425485904906e-13,7.1335950382491255e-13,5.4103950967823894e-13,5.8776338113423202e-13
6.545,8.2887282681506367e-13,2.1511279495235367e-12,1.3487327525402143e-12,1.023152738387968e-12,8.9783221813695505e-13,5.4048842727926261e-13,5.713232944198385e-13
6.5475,7.404697832308783e-13,2.2886970011915589e-12,1.3911373316429477e-12,9.8137687312246118e-13,7.4281731234588604e-13,5.0216172479119015e-13,5.9842439940066817e-13
6.55,6.1475593104683323e-13,2.2571417960654044e-12,1.4382975046978917e-12,9.9402765656686048e-13,8.0326971355145097e-13,5.4794250284802558e-13,5.5613626312351299e-13
6.5525,7.8425137610039881e-13,2.1518996699155756e-12,1.3550170255134743e-12,1.0957150468355334e-12,8.8170367346494178e-13,5.7440444982724163e-13,6.0694671334413951e-13
6.555,6.7058719822203058e-13,1.934817746733473e-12,1.2928933502484487e-12,9.7621767563274866e-13,9.3035969888815002e-13,5.8186399714410975e-13,5.451206648143029e-13
6.5575,7.0650460662865647e-13,1.837270841338011e-12,1.3128605421489661e-12,1.0330689069281047e-12,9.3103202876615543e-13,5.8335767178605367e-13,5.5658777874687623e-13
6.56,5.4383753594662208e-13,1.8095848572853048e-12,1.157641369061932e-12,1.0441507587602518e-12,8.9164462110515271e-13,6.2942336234966849e-13,5.725363984750631e-13
6.5625,5.8155659624197081e-13,1.516155319990017e-12,1.0123334417856536e-12,8.1722761455300814e-13,8.4474797536650559e-13,3.6852406965534898e-13,5.133080452925901e-13
6.565,6.0297380106045087e-13,1.336381045580604e-12,8.7507194045347295e-13,9.0279243345596107e-13,9.415916819260293e-13,5.9237742112562896e-13,5.9675023719750473e-13
6.5675,6.8872248124749951e-13,1.1825355043782978e-12,8.899801464943917e-13,7.7190733741241081e-13,7.1935728301490911e-13,6.2812330286882851e-13,6.1437359739507516e-13
6.57,7.3766697111785539e-13,1.1936560316360632e-12,7.3188388783157263e-13,8.5939473802121754e-13,7.0405440808497451e-13,5.8519970306572047e-13,4.8753679188247662e-13
6.5725,6.4500903040117248e-13,6.4364678828879159e-13,6.3561747316533039e-13,7.1058299523509242e-13,7.4854598596712738e-13,6.6680542528934363e-13,5.975850167822975e-13
6.575,7.7503074293801914e-13,5.9745665420767557e-13,6.0038934885370181e-13,5.1883337321736616e-13,7.0356219852491093e-13,6.6600561079590656e-13,5.2134326585564328e-13
6.5775,8.6907313925337303e-13,5.700089702603983e-13,6.0162671178586914e-13,6.7671799270687014e-13,6.1887801844100346e-13,6.9222311101579527e-13,5.3060600988171862e-13
6.58,8.5554810280119235e-13,5.8087469421128255e-13,4.8713604061403715e-13,5.3534106307111826e-13,6.7888184732948343e-13,5.5144603821579777e-13,5.8449122023790795e-13
6.5825,9.5002500439805377e-13,4.0169423852022803e-13,4.3303592616860184e-13,4.3848526368196231e-13,6.6162865418507195e-13,7.2350319993962937e-13,5.1965552294671151e-13
6.585,8.6742326469899223e-13,2.73984937442513e-13,1.9494564489975278e-13,2.397282795998861e-13,5.8456714864476874e-13,4.2627720990728641e-13,4.1763000086913409e-13
6.5875,7.9003099419122733e-13,4.0928885118766405e-13,2.3903873278774596e-13,1.3290554559514648e-13,4.6230852959989104e-13,6.9385854286260201e-13,4.5204678241465378e-13
6.59,1.1640456639180495e-12,3.3330378772518515e-13,2.0664476502901075e-13,2.7061383010804408e-13,5.4881513047213013e-13,6.3221585295723969e-13,4.760092570338044e-13
6.5925,9.3957943025553786e-13,1.6813448673136324e-13,1.3260839835880683e-13,2.5507537800339932e-13,2.3739415090139178e-13,6.304561525798363e-13,7.2075748472751335e-13
6.595,1.0842678780616699e-12,1.3312041990468742e-13,2.7341925359021352e-14,2.8854464054270336e-13,3.758219863522616e-13,5.3799321671593465e-13,5.724909921164142e-13
6.5975,1.1609990103270559e-12,1.7509434812748168e-13,3.3693438980983516e-14,2.0670529828932057e-13,2.6785596951445799e-13,4.9874053321880856e-13,6.333086413703512e-13
6.6,1.2776492817276375e-12,2.0001268447259303e-13,9.9405054348737606e-14,5.8461558791226625e-14,2.3490272064214182e-13,6.5188907317628125e-13,4.9994309173124901e-13
6.6025,1.2768424261394785e-12,2.9346688417821505e-13,3.4958936628323595e-14,2.434611241671099e-13,4.324419853508679e-13,5.8731062679712602e-13,5.6218574792091184e-13
6.605,1.2038819850747382e-12,2.9178663252137487e-13,4.5142445622619797e-14,2.1292157369947701e-13,3.4413491593389519e-13,3.9445323389079869e-13,5.667689526541011e-13
6.6075,1.2701184936021213e-12,2.6167202016526654e-13,-4.619753272254822e-15,9.2618610159048115e-14,2.795304129086133e-13,5.6934517375821624e-13,4.8670870265743314e-13
6.61,1.3164439666183683e-12,1.0534866780543359e-13,2.104978330620869e-13,1.0483356076902625e-13,4.5939022689732741e-13,5.5827776477906883e-13,7.7419055080115741e-13
6.6125,1.0929146275473813e-12,2.3865378116588351e-13,5.4266111168591558e-14,1.3660536064560825e-13,1.7425132946084166e-13,5.5977160547218069e-13,5.112761523111277e-13
6.615,1.2786827657270274e-12,1.1351674335801683e-13,7.1275380827797475e-14,1.408312018767032e-13,2.4894331991402063e-13,5.3706274838524581e-13,6.485898119101912e-13
6.6175,1.2694059015369815e-12,8.8826326552485731e-14,2.139502657524448e-14,1.6366726464089025e-13,1.1348285755324722e-13,6.139569206671211e-13,4.5008191105540866e-13
6.62,1.4306994135700464e-12,-1.0258847210093876e-13,1.5610398714096221e-13,2.9972683372055652e-13,2.0628157143768892e-13,5.1909130074450759e-13,5.4699750848032477e-13
6.6225,1.2815567847044821e-12,1.1267695853854077e-13,3.5480571869110055e-14,3.8486282608591144e-13,3.0784698845544109e-13,4.4616411036902244e-13,5.6210826325410329e-13
6.625,1.0931342795978193e-12,1.5088745103607759e-13,5.6653386789982211e-14,2.4488944807023132e-13,3.3608633762049558e-13,4.4258443199983983e-13,6.1396344019458498e-13
6.6275,1.209093891536989e-12,-3.0097946214021343e-15,1.4515611913639325e-14,2.0926781237016993e-13,3.156306564704851e-13,4.5900428852616876e-13,5.7453451275007517e-13
6.63,1.2433819689991407e-12,2.2016054417878178e-13,1.9805046669316893e-13,3.7008749612332583e-13,3.3252544714870115e-13,3.3972346623934566e-13,4.1716288808930152e-13
6.6325,1.2047308094635623e-12,1.8478210097165345e-13,3.3808269755640326e-13,3.335000903564311e-13,3.0568090095547235e-13,4.2981739822381527e-13,5.5195261601712428e-13
6.635,1.1696130520286643e-12,1.3780167426835485e-13,2.574415733692254e-13,4.7591891574150053e-13,2.7627476984293543e-13,4.0847748547849151e-13,5.395650736322533e-13
6.6375,1.1630537947093124e-12,2.5712922720759015e-13,2.7019443844769101e-13,3.3040567004269233e-13,3.7123442381470592e-13,6.0554894541534295e-13,5.3090466741624826e-13
6.64,1.2203667540868881e-12,2.3868784489543273e-13,4.3919230989188518e-13,3.6246319383293584e-13,4.2903730386619747e-13,3.64458663296869e-13,5.1905447736005499e-13
6.6425,1.1486561138079604e-12,3.7601610322685012e-13,4.1399896497618441e-13,4.759442427527316e-13,4.7751972819691161e-13,4.1912519249669667e-13,4.5981422108503227e-13
6.645,1.0389730965564864e-12,2.5959097825627415e-13,5.1983394812006108e-13,4.8696454942444545e-13,3.4889434647039955e-13,4.7465187833219377e-13,5.3666904639353881e-13
6.6475,1.1984717757034079e-12,5.1901038700227007e-13,5.9384343588508968e-13,6.0912769897739699e-13,3.7248362563758517e-13,4.9232167457338516e-13,5.4662570384954287e-13
6.65,7.9632898300802317e-13,5.2175356359333871e-13,7.862800330836012e-13,5.2537999429042634e-13,5.8743197707137696e-13,3.5594028134789449e-13,5.3498292402381609e-13
6.6525,1.1296619688832227e-12,8.180796119998887e-13,1.0581619863950448e-12,5.6670255744860032e-13,4.5275620311634198e-13,5.2694291456321194e-13,4.9114477950337178e-13
6.655,9.4997716958818229e-13,8.4618921111585148e-13,9.8743557192002121e-13,7.2552677909132618e-13,5.6880882216298386e-13,5.4440570566090346e-13,3.8115433852889775e-13
6.6575,9.7604680685149949e-13,1.036626590692088e-12,1.165280517689717e-12,7.4121001179276031e-13,5.9632608549147341e-13,3.8612234619636517e-13,5.1607303140068144e-13
6.66,8.8496718957499318e-13,1.30158267829262e-12,1.168871920708033e-12,8.3809490531720181e-13,5.788050308678479e-13,4.2964437533899196e-13,5.8986915011546682e-13
6.6625,8.272768671099977e-13,1.6526595452447488e-12,1.1358030764144456e-12,8.2930356012935676e-13,6.287092379984348e-13,3.9050889253650957e-13,4.9542889171522335e-13
6.665,8.7176781264931123e-13,1.7720808270080265e-12,1.3750303118231165e-12,9.1134212669345969e-13,7.2411178852006067e-13,4.1814224532706291e-13,5.9277810262861655e-13
6.6675,8.1376605845957796e-13,1.8006557967947532e-12,1.3697539488149401e-12,9.8465095597679856e-13,7.1351533404749747e-13,4.8549124539626662e-13,5.6935417530923951e-13
6.67,8.0163085015272779e-13,2.0996887734407819e-12,1.3412148610372338e-12,9.6226584529632885e-13,6.7771322660661294e-13,4.7587222106848572e-13,5.7340070134629921e-13
6.6725,7.8109458925753866e-13,2.1313778934149005e-12,1.4094767530815068e-12,9.9355901187479514e-13,7.6049709921897568e-13,4.7898916821681503e-13,6.4042503785570331e-13
6.675,6.6450059484100598e-13,2.2071027214972812e-12,1.4473201348159841e-12,9.3438088411354116e-13,7.2138576733850231e-13,3.7004235726786276e-13,4.1909557797752342e-13
6.6775,7.4074415782859434e-13,2.3905368383194919e-12,1.5404964401785426e-12,9.5752182646630586e-13,9.0989791832135545e-13,4.8944377762041593e-13,4.7356449574424453e-13
6.68,6.8350131264381272e-13,2.1687351033167256e-12,1.347614254375428e-12,1.0582400008734435e-12,7.8133632060133772e-13,5.5403121012205153e-13,4.945097719529078e-13
6.6825,6.6601486731450195e-13,2.0886533322957377e-12,1.4062790565704945e-12,9.0363229153258562e-13,8.8426064562829471e-13,5.531081801796073e-13,4.1359722656695017e-13
6.685,5.0520074684981626e-13,2.0271128756216257e-12,1.3726114169420233e-12,9.9559585878358308e-13,8.0804230652170528e-13,6.3740698691927537e-13,4.7789163137252081e-13
6.6875,5.4893218758523132e-13,1.7510107042182673e-12,1.2170794378653087e-12,8.4772685630878421e-13,8.0507872478180235e-13,6.3131216668929074e-13,4.5800187010669367e-13
6.69,8.4202242033246635e-13,1.5373381076899796e-12,1.0915954449784605e-12,9.7400658977060377e-13,9.3685255651719716e-13,5.2740424157375938e-13,5.5016400594440325e-13
6.6925,5.3556092280590385e-13,1.4892974473683942e-12,1.0952565734925479e-12,1.0344503159171989e-12,7.9276828291208785e-13,7.5303522191425337e-13,3.6987797248758962e-13
6.695,7.1224995124155598e-13,1.1773332117609081e-12,9.4571794683608743e-13,8.1668141172433422e-13,8.4711465635825734e-13,6.9404904749758378e-13,6.1880482116749906e-13
6.6975,6.8829622894802456e-13,1.1675239847747736e-12,8.3062071916872511e-13,8.1154689309908886e-13,7.691039149021992e-13,7.1153201498933528e-13,5.5642672449495394e-13
6.7,6.7000908750274354e-13,9.4100453281382829e-13,7.385588553999269e-13,8.3872879664916708e-13,7.9634181709740103e-13,7.0174163058479839e-13,4.5520357471754898e-13
6.7025,7.67125295278509e-13,6.7086835909473714e-13,7.4383157415519391e-13,6.2923346162215863e-13,7.9744419334635674e-13,5.5933806467225506e-13,5.1207821902408381e-13
6.705,7.8933783180410267e-13,6.2908836068829156e-13,6.3590959855788283e-13,6.6404675154933769e-13,7.3460267377121608e-13,6.0385953949508204e-13,6.0694058718112397e-13
6.7075,6.3549895798138451e-13,5.1309592667942845e-13,3.526334486083287e-13,6.2233379009764459e-13,7.2384708914333043e-13,5.7292739063960811e-13,4.3177198865108475e-13
6.71,7.416731515927492e-13,7.1351045821912659e-13,2.9291285974146645e-13,4.2204990345260775e-13,6.8016555364238146e-13,7.429912862407109e-13,5.3402576374955918e-13
6.7125,6.623535499231929e-13,4.894181494908777e-13,3.7487102843517752e-13,3.7435850331755979e-13,6.0573096556038897e-13,6.9225197887486481e-13,4.6308218369539603e-13
6.715,9.6304078123229089e-13,4.4073774389371345e-13,3.9259391245743047e-13,3.3962061753287529e-13,5.5338423430467049e-13,5.0457301630115155e-13,4.0801667342447106e-13
6.7175,1.0204283319492667e-12,3.6316155891860217e-13,1.7722101645117694e-13,3.1551372740945764e-13,4.5321823431768064e-13,6.1116024159655739e-13,4.5652005636292933e-13
6.72,1.0704514071890388e-12,2.8076440199175168e-13,3.1369085037221056e-13,2.3159615773949368e-13,4.4573786202512821e-13,5.0646980229936283e-13,5.7414721592474164e-13
6.7225,9.8134519412540116e-13,2.6124346920196125e-13,2.3431744419529049e-14,1.425335050768998e-13,3.4126491154472687e-13,5.6486684704029233e-13,6.1048649860107053e-13
6.725,9.7942900165633328e-13,2.8491679482507371e-13,2.6647487598100118e-13,2.5909200183632486e-13,3.1553117730850558e-13,6.0038315779596039e-13,5.8116292469945111e-13
6.7275,1.1375731949971822e-12,2.3876743908018693e-13,3.4692730097018812e-14,2.5305465863440368e-13,3.6302281194416135e-13,7.7536818420596295e-13,4.780713889584215e-13
6.73,1.1473849993822277e-12,1.7474287450540861e-13,5.3250943427063458e-15,1.8901253785694572e-13,3.0268898344375777e-13,5.3249450818696191e-13,7.3389547849048796e-13
6.7325,1.1015848153927786e-12,2.0578848787299531e-13,1.3108950528590158e-13,1.7121623839728238e-13,2.6309466961826904e-13,4.4831146995021052e-13,5.5069401860236335e-13
6.735,1.2151827233419054e-12,1.6152633188027901e-13,-2.712621985490256e-14,5.4164551603616171e-14,2.5784404105297464e-13,5.8580941978310726e-13,5.9537134640889441e-13
6.7375,1.352579210593356e-12,1.0060199610858562e-13,7.3142039165627718e-15,2.7090855081156387e-13,3.3221609079764531e-13,6.2435008310232942e-13,3.8939592728477085e-13
6.74,1.2874977466989944e-12,1.6979621606429584e-13,6.9996278569264363e-15,1.0374155848181022e-13,3.774583339246214e-13,5.9778498025578833e-13,4.4889028349380358e-13
6.7425,1.1006637566642471e-12,9.7414555672742213e-14,2.5138042839582269e-14,1.9026446223771376e-13,3.4996482392485429e-13,4.0437242325382512e-13,5.6850718805963126e-13
6.745,1.2507132155597583e-12,1.8496858715761537e-13,1.2967025009273457e-14,1.6653481527141457e-13,1.5614639393737699e-13,4.6175638987682037e-13,4.6220227988689449e-13
6.7475,1.2573600182664681e-12,1.1704305435193207e-13,-6.4697247021202172e-15,8.34720421863791e-14,1.8840963215058003e-13,5.2805780617624059e-13,4.7641112928348455e-13
6.75,1.1535208950559766e-12,9.3182485677475715e-14,6.5298867768653752e-14,2.2051864929405886e-13,4.3632401121735457e-13,4.607760970045555e-13,5.8367472817990823e-13
6.7525,1.2091137035221239e-12,3.7409397436840135e-14,1.351432747952017e-13,2.0695446276181652e-13,2.5762493627118371e-13,4.6261578217155462e-13,5.0465402653417101e-13
6.755,1.286525339220707e-12,1.6393289634966473e-13,1.3207261339293153e-13,1.6310769597308271e-13,2.7649618286356109e-13,4.7622118144175367e-13,7.2815778053102387e-13
6.7575,1.0979721877014206e-12,3.5585222394569128e-13,-1.4619648046358016e-14,3.2666788862010504e-13,3.0494815205464871e-13,3.7095416666104324e-13,5.7087615634050811e-13
6.76,1.1843953376570284e-12,1.7437042237929624e-13,1.2335135823465065e-13,3.6431449511604774e-13,3.9547215441655413e-13,4.5933829367506005e-13,4.8622177793289784e-13
6.7625,1.1069308260760641e-12,1.9570759673692701e-13,2.1837209195131268e-13,4.4816989239413348e-13,3.9596689542162842e-13,3.1224979823596337e-13,4.9728426220588167e-13
6.765,1.1581775733963157e-12,2.4670451253560641e-13,2.8291275372342527e-13,4.1446963130183378e-13,4.3248884915055407e-13,3.6482174376526134e-13,5.4367795386688669e-13
6.7675,9.4009645647613815e-13,1.5938434931736068e-13,7.365086778070312e-14,4.1922680206114687e-13,4.2025358776374107e-13,4.0133408036646978e-13,5.8494428124845517e-13
6.77,1.1128632491409493e-12,2.2488726527330122e-13,4.799019872774303e-13,4.1566448973526126e-13,3.6180172246110777e-13,2.9693558545193521e-13,5.0290162072900602e-13
6.7725,1.0679508800692906e-12,1.8322944655601159e-13,3.942992162722348e-13,4.1203236529390421e-13,2.9457062761018264e-13,5.3472672260599079e-13,5.773784215309577e-13
6.775,9.6842934122932578e-13,3.7768303218760417e-13,5.424741601440651e-13,5.2331274349011099e-13,4.7306167265368862e-13,4.1196760018747045e-13,5.9389738684427209e-13
6.7775,1.0747227893947419e-12,5.8627987383291109e-13,9.1236143691484624e-13,5.9387610474915849e-13,5.0977034132297772e-13,4.0184327733126129e-13,4.9272560787952051e-13
6.78,9.56020524127848e-13,4.8830590375337426e-13,9.5501207407653885e-13,5.603388156374758e-13,5.6826130339559468e-13,3.7050432972172784e-13,6.1246902295946544e-13
6.7825,1.0616010294801132e-12,6.8873505449562578e-13,9.8367650019694482e-13,6.4908173617819667e-13,4.1544359799941936e-13,5.2942725661241833e-13,5.4061260947928438e-13
6.785,9.1791291155703868e-13,8.6267856070800266e-13,1.1447966230485555e-12,6.7666757272189441e-13,6.6733183982950529e-13,4.6477668649913233e-13,5.4552352291448289e-13
6.7875,9.6774744553689362e-13,1.0613735504458103e-12,1.1899499919137247e-12,7.9727729439249978e-13,6.3768678071040474e-13,4.8834905417068513e-13,4.8082913126203884e-13
6.79,9.3209176540447299e-13,1.3481635507736518e-12,1.2242369169440627e-12,8.2042211094226932e-13,5.6568618882970506e-13,3.1298524761589907e-13,5.329053120421405e-13
6.7925,7.8343525974818158e-13,1.6636820544778809e-12,1.4412034444359475e-12,8.9846584571379304e-13,7.034503129861045e-13,4.1734767442050667e-13,4.3888993710988163e-13
6.795,7.4563995315321473e-13,1.7716200380223172e-12,1.3779159328233197e-12,9.9923038018326355e-13,7.5171834998450269e-13,5.6916009181738007e-13,5.1237959551639174e-13
6.7975,7.8407874036049154e-13,1.9245831150776475e-12,1.3447999314961222e-12,1.0811657702688103e-12,7.736654429023321e-13,6.0135121828976098e-13,6.0872872833754356e-13
6.8,6.3540331114917023e-13,2.2488482007102564e-12,1.3052044371030372e-12,9.3231679419000655e-13,7.3534979582856096e-13,6.2006855459585645e-13,5.1528773795827384e-13
6.8025,6.0898797409995939e-13,2.3209075039100127e-12,1.3462143392868679e-12,9.7691311667285003e-13,7.4009518297510606e-13,6.2868405152872471e-13,5.3791914198239036e-13
6.805,7.0812298781608662e-13,2.2801277745652659e-12,1.4999182243235487e-12,1.0201540263074718e-12,7.3983821899587417e-13,4.8666488079867893e-13,5.0820973593721143e-13
6.8075,6.350065181989363e-13,2.1137799244432742e-12,1.3826400345744343e-12,1.032161248265103e-12,7.6058926821573702e-13,5.1194515378546099e-13,7.0753947262646635e-13
6.81,6.2493087140461842e-13,2.1490962617164488e-12,1.3177807808904877e-12,9.7420880148286469e-13,8.9677298969860046e-13,6.2681444658105793e-13,5.6640437882590914e-13
6.8125,5.7273510688417666e-13,1.9926487201681461e-12,1.4110437679235401e-12,9.5552983259576467e-13,1.0103637828928321e-12,7.1050932215265024e-13,6.1677901651016591e-13
6.815,6.4534516691453066e-13,1.8128106874508448e-12,1.2433186035867957e-12,9.9378451751608605e-13,9.7842287503798289e-13,6.6920591066620328e-13,5.1940582774396743e-13
6.8175,5.501610182801157e-13,1.6392516245908855e-12,1.1820339904282111e-12,9.8119329205275308e-13,8.7030458881987427e-13,5.6193298471930991e-13,5.4787255060587691e-13
6.82,6.5898314956974853e-13,1.426065100627843e-12,1.0577745637924191e-12,9.3878792975898281e-13,8.5102045297988665e-13,6.2173721368976031e-13,6.1809177381591242e-13
6.8225,7.2439898561201654e-13,1.3597411845226103e-12,1.0914507574051995e-12,8.3051117388082497e-13,7.7277504040185301e-13,6.4118851915222119e-13,7.6862369481657743e-13
6.825,5.5213275835458665e-13,1.0918404616410951e-12,7.7003917096079553e-13,8.1353975446195292e-13,7.8473957823931279e-13,6.7027136635397878e-13,5.5860473840698534e-13
6.8275,6.3389789796712716e-13,8.854491809153019e-13,6.6316586722823569e-13,8.3527158033382754e-13,6.9069316714731057e-13,7.0675084728145252e-13,5.4040754240578588e-13
6.83,6.5075558507671505e-13,8.0950380254438152e-13,6.5042388981802704e-13,6.547137013298277e-13,7.2612141531298231e-13,6.2644762618182921e-13,6.1072546183831748e-13
6.8325,6.6017616948245736e-13,6.7671509620984103e-13,7.3521538737517967e-13,6.0843718187932508e-13,6.9233086534523689e-13,5.8531841210665357e-13,3.9557765126454375e-13
6.835,7.9555824987439244e-13,5.6007669871870863e-13,4.6290802707374933e-13,4.2970186792239913e-13,7.3116057856774713e-13,6.9067456180440324e-13,5.647205406369662e-13
6.8375,6.8683815712032484e-13,5.3849568039862588e-13,4.6082474601556072e-13,6.4351598357907703e-13,6.3511932254186715e-13,6.8127182815997789e-13,5.8931593688255131e-13
6.84,8.1032538681934406e-13,4.0077746154355872e-13,3.4030578197000269e-13,5.8271508846665239e-13,4.9906524326466298e-13,6.842744865715728e-13,5.9472864670639547e-13
6.8425,8.0967378388378718e-13,2.5522643780715303e-13,2.1644635725783957e-13,5.4579408650885534e-13,5.8994407678134035e-13,6.4912519548577181e-13,5.2620593745205817e-13
6.845,8.5864793153516425e-13,3.4729340196037117e-13,2.4681758756069258e-13,1.639244650147188e-13,4.6621563399597963e-13,6.4463471241709246e-13,6.7394897332972583e-13
6.8475,7.6758174303660523e-13,2.9524960141169716e-13,1.8490524060948965e-13,3.9268205170105782e-13,4.26730175731062e-13,6.7988102103784628e-13,4.7023843951952929e-13
6.85,1.0536879386320136e-12,1.6922034611259162e-13,1.6956720167762397e-13,2.7474884580135729e-13,4.1086274236736639e-13,6.8460950784755937e-13,5.4420686252433283e-13
6.8525,1.1420537532291343e-12,2.4333626356271011e-13,1.0656612511555657e-13,2.1138460726591445e-13,3.6508113912720684e-13,6.0754075872262792e-13,4.8051012678562567e-13
6.855,1.2048282802079512e-12,2.8318558009846094e-13,3.2429332154627681e-14,2.5714039474425764e-13,2.5973885771440666e-13,6.4380535907204056e-13,5.1270121372961359e-13
6.8575,1.2487803995372879e-12,1.2549322199836012e-13,1.7440683639099238e-13,1.9730479586657681e-13,3.6905091183519554e-13,6.0728481918969776e-13,4.4457633827613439e-13
6.86,1.0725493034072817e-12,2.1418050243584171e-13,1.1027297171285735e-13,2.0433128062420342e-13,1.9752276941374396e-13,6.3306010968907801e-13,5.2467811424136894e-13
6.8625,1.1870077580096021e-12,1.4760127400022215e-13,1.5165819405786598e-13,1.5224580613778761e-13,3.0841834841739666e-13,3.9277596954633043e-13,4.5176416084576077e-13
6.865,1.3919198756020503e-12,5.1814493701029808e-14,3.3295021233763027e-14,6.3758397780800314e-14,2.6504256004778684e-13,2.852005825126629e-13,6.0429991142837056e-13
6.8675,1.4308601155572996e-12,8.7320702945794433e-14,-3.6848438756276184e-14,6.3243075552921089e-14,2.3027194499482256e-13,5.8079647737132274e-13,6.347637416733607e-13
6.87,1.130693573396701e-12,2.1528697575650534e-13,8.2218238259334656e-14,1.4732700332750658e-13,1.5250678454092586e-13,5.2160001928233791e-13,4.6312062154763863e-13
6.8725,1.2788996992051919e-12,-1.6708444974901609e-14,4.9502732658669439e-14,2.0853081028004281e-13,2.7266123028782787e-13,4.4763160171779457e-13,4.2926631151900331e-13
6.875,1.1988116234549314e-12,1.845270965817299e-13,-3.7451586115407087e-14,1.5017560802894926e-13,2.1485495166998011e-13,3.5241946774362485e-13,5.3939042961841435e-13
6.8775,1.2730850836518027e-12,7.119287597379809e-15,-4.1856471107434697e-14,2.4742754846907749e-13,3.573937717143383e-13,3.640799135017912e-13,4.5395700621669427e-13
6.88,1.2913753172646341e-12,1.7564453043723458e-13,-2.8932985913867252e-14,1.812505398264572e-13,2.5347329737058601e-13,5.7721802371720777e-13,6.4841398535405079e-13
6.8825,1.19007997130893e-12,3.8670606515156762e-13,-1.3906171320914368e-14,2.6612111080682981e-13,3.4514977145044003e-13,4.8817594168476723e-13,5.0896435769786756e-13
6.885,1.2354504372376537e-12,1.2815526129266032e-13,6.4724394013421268e-14,1.8899188825739582e-13,3.4239272962080632e-13,3.8151914282983966e-13,5.305651266382783e-13
6.8875,1.2317018320901026e-12,2.2121059489590489e-13,2.0434503785580668e-13,1.9522872298065228e-13,2.1526520836105917e-13,3.7866380823116381e-13,5.3231463549694845e-13
6.89,1.0887358594186475e-12,1.7507987367949703e-13,9.575357961877053e-14,2.9180094866831007e-13,4.0720879227536163e-13,4.6376575406410609e-13,5.9295604047995821e-13
6.8925,1.0963509262859371e-12,1.8042933437615226e-13,2.2213631158268133e-13,3.0544833723819231e-13,3.9500751715878676e-13,3.7134466963846885e-13,7.0772177729818042e-13
6.895,1.1761722396762658e-12,2.8255169427253956e-13,2.6619604196336708e-13,4.1630134748675007e-13,3.8904487805209291e-13,3.6096524394634231e-13,4.3601468278864874e-13
6.8975,1.1114298205043868e-12,1.9064568370302686e-13,3.1089085102526885e-13,4.5424549942272288e-13,2.8721785937057363e-13,4.1125243806847128e-13,5.338183590231533e-13
6.9,1.131066098620052e-12,2.2525772643817481e-13,4.3772058724664636e-13,4.133675340076295e-13,3.7634917944657571e-13,3.6394060233768315e-13,4.4457359105203325e-13
6.9025,1.1720071649641641e-12,4.3675851964717916e-13,5.7489122075589702e-13,5.9602912458081182e-13,2.7780976745711365e-13,4.7995509143971333e-13,4.3238917393859981e-13
6.905,9.587255756069084e-13,4.8805375402390609e-13,6.6072283960653181e-13,3.7756342495941798e-13,2.81507515425506e-13,3.5421237575233442e-13,6.2244194873873216e-13
6.9075,8.3941547917880012e-13,6.2491702139037932e-13,9.1620333201374355e-13,6.8710159039549765e-13,5.1590170271291636e-13,3.5220027355448892e-13,5.1526541370642966e-13
6.91,1.0622830740627328e-12,8.7853683574812295e-13,9.8490286768176673e-13,6.5326278080333587e-13,5.5744937174368442e-13,2.8993072818613515e-13,5.6747480280577528e-13
6.9125,8.5866812049798333e-13,7.9627550535002653e-13,9.9574602052276538e-13,6.8751511345504725e-13,5.458163879929921e-13,5.1758756412540973e-13,5.1149945562609496e-13
6.915,8.7641651349262978e-13,1.0701749937753804e-12,1.1280550233820972e-12,6.9104655156388087e-13,6.5090691442198327e-13,2.0714158382419654e-13,5.1694015133157853e-13
6.9175,7.8076670279281865e-13,1.2187386825281372e-12,1.2404795329138988e-12,9.0526277822280695e-13,6.5637751689233204e-13,4.701027000655855e-13,4.5810132114146739e-13
6.92,8.6541815620022145e-13,1.4075344877930428e-12,1.1292901624110074e-12,9.8322759119444253e-13,7.416287934301348e-13,5.8255459063953988e-13,5.4055034586941662e-13
6.9225,7.5559115965106323e-13,1.7320302928835041e-12,1.3677764370103065e-12,7.300096727944631e-13,7.304357396500248e-13,5.0517285196955701e-13,5.7526942765215804e-13
6.925,9.2140998254120753e-13,1.8709891543782947e-12,1.3696744030274434e-12,9.8989254087364016e-13,8.2201868542010849e-13,4.3306474781105027e-13,4.95118830286445e-13
6.9275,7.8248288360618678e-13,2.0541580225289109e-12,1.4881514211306752e-12,1.0083783404960335e-12,7.4065648795303768e-13,5.3135507894259802e-13,5.2160143900082435e-13
6.93,7.1552414429348193e-13,2.2084311697507215e-12,1.516471749134962e-12,1.0687741185685359e-12,8.3326715233259916e-13,4.4313053627828469e-13,6.4551198969652438e-13
6.9325,8.2305314546245169e-13,2.355004161399298e-12,1.3278666991236062e-12,8.7654062758749868e-13,9.195163442951906e-13,4.7636582503230915e-13,5.0347576327937384e-13
6.935,6.6389368503212645e-13,2.3670431179782881e-12,1.3860499053902359e-12,1.0901263921328805e-12,8.1999103555816263e-13,4.5070811090227291e-13,4.8429239024316226e-13
6.9375,7.866668584086182e-13,2.2361995890254405e-12,1.3762740894045958e-12,1.0715750543890602e-12,8.5573412473639817e-13,7.4014331434176874e-13,5.7605704850478843e-13
6.94,6.6676483777223344e-13,2.1036574982798231e-12,1.3351021103110113e-12,9.5151677203817877e-13,7.8162608415539954e-13,6.3925974004309813e-13,4.7019546068155749e-13
6.9425,7.0048456178009454e-13,2.0671949506415135e-12,1.1990612251204966e-12,8.8844938239509945e-13,7.269978884095363e-13,5.479766062382448e-13,4.2588142466890043e-13
6.945,6.0250560361236711e-13,1.9101428662133053e-12,1.0581155541763483e-12,1.011260372213248e-12,9.4101490753725727e-13,6.6301123295929575e-13,5.742143400159063e-13
6.9475,6.0143551159367454e-13,1.6318584012395707e-12,1.0644960584907987e-12,1.0658008737167953e-12,8.0521343528832899e-13,6.9792083156506321e-13,5.8526502518567049e-13
6.95,6.3245353645830457e-13,1.4554883569751215e-12,1.0287427135384712e-12,7.6236366740812947e-13,8.4036146427354238e-13,6.6778227957339185e-13,4.3242884370342964e-13
6.9525,6.097978638025575e-13,1.1062059820822466e-12,8.0668571478491743e-13,8.0355863544715328e-13,7.4416657972682636e-13,6.3846352629592989e-13,4.3145995266543587e-13
6.955,7.4216136646690812e-13,1.0732593370183307e-12,7.9665144856685635e-13,7.8063644569931832e-13,6.1106282953385715e-13,5.6059382585177856e-13,5.0746875019014768e-13
6.9575,7.5048049292012674e-13,8.0406031689778387e-13,8.0962620594449236e-13,7.0559414110804005e-13,7.1259524208267207e-13,6.6735941879107273e-13,3.7058627113683522e-13
6.96,6.8786186107258376e-13,7.9643796300859715e-13,5.9368282226128594e-13,6.5519411159484329e-13,7.8835925318130428e-13,5.6576640032621063e-13,4.7260923576134916e-13
6.9625,7.128853787062563e-13,6.2865879504050069e-13,6.4277827521048781e-13,6.269292653295578e-13,5.5229539618585651e-13,6.9903451717505638e-13,6.7116216215769533e-13
6.965,7.0130398789962197e-13,5.53271360077448e-13,5.6679611339491435e-13,6.9311060946008471e-13,6.5838226120897711e-13,7.3876226552737711e-13,5.9918294735512752e-13
6.9675,8.0807584255611064e-13,4.485151033586668e-13,4.0099536743262578e-13,3.4949894657193622e-13,5.7658181558162976e-13,5.731761092058079e-13,4.8707879571586126e-13
6.97,8.3339548611990396e-13,4.5333283950557222e-13,3.2672706125507276e-13,4.4932709932641907e-13,6.6855939500605446e-13,5.4417658135899978e-13,4.8192621933039815e-13
6.9725,8.5349506786093465e-13,4.7532039013292322e-13,3.2783175208501468e-13,4.5510640736074505e-13,4.9831467735744374e-13,5.5281784616543002e-13,5.6467311180823188e-13
6.975,1.0183209768876225e-12,3.6553244232250266e-13,1.494747353248576e-13,3.3087341926436466e-13,4.3556341739476071e-13,5.2888212857819267e-13,5.9474268927193324e-13
6.9775,1.091757440628832e-12,2.1786374523988623e-13,2.4194729107013868e-13,2.8102072073016336e-13,4.6630037489871213e-13,7.1174807366709787e-13,5.2879828122589508e-13
6.98,9.4268873056066893e-13,1.551760212479996e-13,3.4335001774001037e-14,1.7184939201863265e-13,4.1207170455819573e-13,5.2453280389974571e-13,5.1861801151322778e-13
6.9825,1.0649820214079501e-12,3.1783264619162525e-13,2.4586435029737649e-13,-4.8103423502261289e-15,2.2910915653128153e-13,4.7806423384523939e-13,5.3966041870598604e-13
6.985,1.1624201507689885e-12,1.95355539233224e-13,5.4889444864899378e-17,1.8632549710856801e-13,3.5183306837328414e-13,5.8707184532824071e-13,5.8796720402858826e-13
6.9875,1.1030803687420196e-12,1.7897733395510725e-13,1.3344409010824241e-13,1.2087585902595762e-13,1.9480587302571508e-13,5.5336207613002703e-13,3.924068632876423e-13
6.99,1.3384346712134003e-12,1.2882277060577244e-13,9.6726779462123012e-14,2.6658720074610997e-13,3.5045514466326882e-13,3.6208299433419981e-13,4.3530696401002886e-13
6.9925,1.2251658781805088e-12,3.3755259627324963e-13,8.3249595704771023e-14,1.9628603939777172e-13,1.7028462406860155e-13,4.738266184554741e-13,4.5741662823665651e-13
6.995,1.2647913186936435e-12,1.5586922957271963e-13,6.9908429306030751e-14,-3.2448811776541103e-14,2.7407369341543778e-13,4.2714303872914003e-13,5.7683345088634003e-13
6.9975,1.288829918533325e-12,1.5193496756179754e-13,-6.798402323080421e-14,2.0403652623577024e-13,3.9077695369395207e-13,5.2058621058925311e-13,5.9693287344132102e-13
7.0,1.2013544325492308e-12,1.2842124797563957e-13,5.9535834133130259e-15,6.1891118018207379e-14,3.0613510230351554e-13,4.0209582898997433e-13,4.761373267980578e-13
