Physical Time (s),enth_flux_enthalpy_left Monitor (kg-m/s^3)
5.063e-05,-0.00014606452316406616
0.00010127,-0.00055738805906081843
0.00015191,-0.0017505223073143489
0.00020254,-0.0051098051182155062
0.00025318,-0.014036474644913493
0.00030381,-0.036171270774287029
0.00035444,-0.087833200821950633
0.00040508,-0.20261512075510019
0.00045571,-0.44361500385891039
0.00050635,-0.9193430805243995
0.00055698,-1.7949721109957242
0.00060762,-3.2871465310023735
0.00065825,-5.6273372814456319
0.00070889,-8.9913789877386119
0.00075952,-13.395254373757449
0.00081016,-18.585142653593067
0.0008608,-23.980516209861943
0.00091143,-28.705127621176892
0.00096207,-31.707808098793013
0.0010127,-31.985929933404286
0.00106333,-28.865687921798152
0.00111397,-22.385262288177067
0.0011646,-12.933626050349051
0.00121524,-1.5965441388573012
0.00126588,10.078429597254843
0.00131651,20.347180756493962
0.00136714,27.707567863300877
0.00141778,31.329429169728449
0.00146842,31.196134669960031
0.00151905,28.234028303350819
0.00156968,23.279149712811805
0.00162032,17.347747547262564
0.00167096,11.375377826220472
0.00172159,6.0760714167080021
0.00177222,1.8429383716660332
0.00182286,-1.1699546512326302
0.00187349,-2.9739452609064907
0.00192413,-3.6715492822621041
0.00197476,-3.5484947393466166
0.0020254,-2.7821643781986194
0.00207603,-1.6196791258848591
0.00212667,-0.31037875391939085
0.00217731,0.91376318578776283
0.00222794,1.8873364004347541
0.00227858,2.5247294989826421
0.00232921,2.8103183161532663
0.00237984,2.794559783238598
0.00243048,2.5612149096951446
0.00248111,2.1469993722199252
0.00253175,1.6129808320479071
0.00258238,1.0086438210177904
0.00263302,0.37073182133315541
0.00268366,-0.28514276502140101
0.00273429,-0.95094095695804004
0.00278492,-1.6232262549037324
0.00283556,-2.2814447185934004
0.00288619,-2.9116740278375604
0.00293683,-3.4783359219066279
0.00298746,-3.9493933563267065
0.0030381,-4.2939888216014035
0.00308874,-4.4866367387100059
0.00313937,-4.5100444525603933
0.00319001,-4.3635835972639505
0.00324064,-4.0780988382908268
0.00329127,-3.6695326003976274
0.00334191,-3.1712827927247487
0.00339254,-2.6300259969777473
0.00344318,-2.0916013643946232
0.00349381,-1.5988880466497242
0.00354445,-1.1848517295409406
0.00359509,-0.87190449398948155
0.00364572,-0.67009806840319719
0.00369636,-0.57791265859582608
0.00374699,-0.58621969887787961
0.00379762,-0.67831528793260898
0.00384826,-0.83209505539246154
0.00389889,-1.0216936832785382
0.00394953,-1.2179447139180932
0.00400016,-1.3986503944664417
0.0040508,-1.5438807961278731
0.00410143,-1.6382470934159299
0.00415207,-1.6729754064363709
0.00420271,-1.6462820115827159
0.00425334,-1.5650504747687219
0.00430397,-1.4435300904887969
0.00435461,-1.3008742341942043
0.00440524,-1.15914006131892
0.00445588,-1.03880519797625
0.00450651,-0.95852979232307034
0.00455715,-0.93263107327107342
0.00460778,-0.96918182293928545
0.00465842,-1.0671773703253129
0.00470906,-1.2193100267970776
0.00475969,-1.411872008128646
0.00481032,-1.625563677478699
0.00486096,-1.8374307990633965
0.00491159,-2.0230842239649887
0.00496223,-2.1600324001325468
0.00501287,-2.2302281868084268
0.0050635,-2.2224086217553936
0.00511413,-2.1327949861022999
0.00516477,-1.964796265213012
0.00521541,-1.7269745107279313
0.00526604,-1.432653209516997
0.00531667,-1.0987011379864333
0.00536731,-0.74333976920395373
0.00541794,-0.38460793376971425
0.00546858,-0.03877890623813212
0.00551922,0.28117387692652474
0.00556985,0.56600600207680396
0.00562048,0.81054809222084767
0.00567112,1.0132224878824534
0.00572176,1.1750728886347652
0.00577239,1.2986980966648707
0.00582302,1.387410848450024
0.00587366,1.4441878872134308
0.00592429,1.4711290361392506
0.00597493,1.4691181991895403
0.00602557,1.4370747191325588
0.0060762,1.3733796751935974
0.00612683,1.2752643845352039
0.00617747,1.1400963293499049
0.00622811,0.96542840454561041
0.00627874,0.74963532078509432
0.00632937,0.49102208297746419
0.00638001,0.18989219498709564
0.00643064,-0.15185968670706546
0.00648128,-0.53088540440180709
0.00653192,-0.94192484573313551
0.00658255,-1.3777126795870009
0.00663318,-1.8296456657078868
0.00668382,-2.288063894407828
0.00673445,-2.7420030847048413
0.00678509,-3.1795011396394699
0.00683572,-3.5876382222196463
0.00688636,-3.9529174327752239
0.00693699,-4.2617322494588619
0.00698763,-4.50045772962706
0.00703827,-4.6569034889287311
0.0070889,-4.7202904708613316
0.00713953,-4.6818640169086843
0.00719017,-4.5357734866062014
0.0072408,-4.2809217498478827
0.00729144,-3.9188491595251156
0.00734207,-3.4550162018726227
0.00739271,-2.8984748868708343
0.00744334,-2.261898495806717
0.00749398,-1.5612335583642003
0.00754462,-0.81561291030974781
0.00759525,-0.047108315246402216
0.00764588,0.72038244370688598
0.00769652,1.4620256087601571
0.00774715,2.1534169112602717
0.00779779,2.7711363623430909
0.00784842,3.2934323836346926
0.00789906,3.7026819350919289
0.00794969,3.9854472933411982
0.00800033,4.1329882412718675
0.00805097,4.1415462728677408
0.0081016,4.015910985613405
0.00815223,3.7647150069593209
0.00820287,3.3999451127243061
0.0082535,2.9387695907911997
0.00830414,2.4019117135551662
0.00835478,1.81242245790407
0.00840541,1.1942204725685701
0.00845605,0.5709702149515905
0.00850668,-0.035397589843953282
0.00855731,-0.60441860540150882
0.00860795,-1.118552269958544
0.00865858,-1.5645453347970089
0.00870922,-1.934583183363483
0.00875986,-2.2243611951711801
0.00881049,-2.4328368683226258
0.00886112,-2.5629141118647896
0.00891176,-2.6209251359201073
0.00896239,-2.6158962457549384
0.00901303,-2.5586800528638909
0.00906367,-2.4609570086889345
0.0091143,-2.3343036410100435
0.00916493,-2.1893768367573792
0.00921557,-2.0357056341543527
0.0092662,-1.8811839748543429
0.00931684,-1.7320345263485044
0.00936748,-1.5926486041952141
0.00941811,-1.466259287031169
0.00946875,-1.3527791961199287
0.00951938,-1.253679420236208
0.00957001,-1.1687539690548192
0.00962065,-1.0971215089398476
0.00967128,-1.0374354261512371
0.00972192,-0.98820861780044333
0.00977256,-0.94805964891250416
0.00982319,-0.915435187909176
0.00987382,-0.88903143084536329
0.00992446,-0.86821308113319151
0.00997509,-0.85229296563137502
0.01002573,-0.84054094399144086
0.01007637,-0.83219429066592832
0.010127,-0.82651154934556492
0.01017763,-0.82278859402919191
0.01022827,-0.82032936203366169
0.0102789,-0.81845249482078786
0.01032954,-0.81645835965951918
0.01038018,-0.81365733081554392
0.01043081,-0.80939164543781772
0.01048144,-0.80294498100010592
0.01053208,-0.79375855234763504
0.01058271,-0.78135624101509404
0.01063335,-0.76539055213967755
0.01068399,-0.74568799897678617
0.01073462,-0.72226559218373809
0.01078526,-0.69540900890289903
0.01083589,-0.66547759290918562
0.01088652,-0.63308022918342188
0.01093716,-0.59906840245858695
0.01098779,-0.56430029167431428
0.01103843,-0.529785810569948
0.01108907,-0.49658714568259765
0.0111397,-0.4657840386079522
0.01119033,-0.43842837261501189
0.01124097,-0.4155152061641203
0.0112916,-0.39795584525946037
0.01134224,-0.38652267144630414
0.01139288,-0.38184605959689444
0.01144351,-0.3843960270549891
0.01149414,-0.39447149916884883
0.01154478,-0.41219646731562898
0.01159541,-0.43755360681544886
0.01164605,-0.47035292020163
0.01169669,-0.51025204550036896
0.01174732,-0.55677654979932256
0.01179796,-0.60933873132386729
0.01184859,-0.66726307463561607
0.01189922,-0.72980359139319262
0.01194986,-0.79615704912624286
0.01200049,-0.86540135265273521
0.01205113,-0.93660042574529412
0.01210177,-1.0087955795393624
0.0121524,-1.0809852664537365
0.01220303,-1.1521442080706943
0.01225367,-1.221209895402124
0.0123043,-1.2870908194429045
0.01235494,-1.3486713631017602
0.01240558,-1.4048210194238868
0.01245621,-1.4544200927688651
0.01250684,-1.4963759276019539
0.01255748,-1.5296506390471643
0.01260811,-1.5532891441138228
0.01265875,-1.566443553926774
0.01270939,-1.5683933095195046
0.01276002,-1.5585655165638541
0.01281065,-1.5365499491706918
0.01286129,-1.5021199353420038
0.01291192,-1.4552466338343752
0.01296256,-1.3961121487756509
0.01301319,-1.3251120103256908
0.01306383,-1.2428572960741717
0.01311447,-1.15015195156816
0.0131651,-1.0480685372082137
0.01321573,-0.93786102574097174
0.01326637,-0.82096447463815414
0.013317,-0.69899459918822637
0.01336764,-0.57369573561213527
0.01341828,-0.446905153447272
0.01346891,-0.32052319379796285
0.01351954,-0.19645379186779302
0.01357018,-0.076569337721431041
0.01362081,0.037313768874501524
0.01367145,0.14347387015975047
0.01372209,0.24030093150185178
0.01377272,0.3262990332677555
0.01382335,0.4001089523949577
0.01387399,0.46053002675676313
0.01392462,0.50652543630982394
0.01397526,0.53724368973726766
0.0140259,0.55202903523662483
0.01407653,0.55043553762793629
0.01412716,0.53224704561069591
0.0141778,0.497493017426689
0.01422843,0.44646250409189736
0.01427907,0.37972316276866658
0.0143297,0.29812751414394273
0.01438034,0.20281986659350884
0.01443098,0.095232578787164207
0.01448161,-0.022922009901986201
0.01453224,-0.14969873117328017
0.01458288,-0.28295613296406563
0.01463351,-0.42040176568575705
0.01468415,-0.55967839297988131
0.01473479,-0.69841473253050279
0.01478542,-0.83428380197821639
0.01483605,-0.96504861465891045
0.01488669,-1.0885895183820455
0.01493732,-1.2029446912818464
0.01498796,-1.3063286390083242
0.0150386,-1.3971647702640322
0.01508923,-1.4741096162727436
0.01513986,-1.5360851267945588
0.0151905,-1.5823164049259404
0.01524113,-1.6123637297148128
0.01529177,-1.6261326952255779
0.0153424,-1.6238790248707295
0.01539304,-1.6062070093954226
0.01544368,-1.5740544101467686
0.01549431,-1.5286568325796743
0.01554494,-1.471522792961665
0.01559558,-1.4043741384604138
0.01564621,-1.3291059931847133
0.01569685,-1.2477334228878163
0.01574748,-1.1623582182788545
0.01579812,-1.075092822008858
0.01584875,-0.98807770615759494
0.01589939,-0.90328836794983036
0.01595002,-0.822580288670822
0.01600066,-0.7475744596821523
0.0160513,-0.67964147688735799
0.01610193,-0.61988072393315741
0.01615257,-0.56910549813490074
0.0162032,-0.52783933205560152
0.01625384,-0.49632362375901268
0.01630447,-0.47453136517077094
0.0163551,-0.46218747962401407
0.01640574,-0.45879559642222306
0.01645637,-0.46366754253736731
0.01650701,-0.47595242349468408
0.01655764,-0.49466604263312641
0.01660828,-0.51873396370750391
0.01665891,-0.5470211100737199
0.01670955,-0.5783588222877809
0.01676019,-0.61158697094593162
0.01681082,-0.64557608992680882
0.01686146,-0.67925842893383437
0.01691209,-0.7116519630690844
0.01696272,-0.74188011639440499
0.01701336,-0.76918875279093479
0.01706399,-0.79295941627983191
0.01711463,-0.81271605267070313
0.01716526,-0.82813088218104602
0.0172159,-0.83902066614896542
0.01726653,-0.84534253517177382
0.01731717,-0.84718562568085998
0.01736781,-0.84475990205207241
0.01741844,-0.83838297046446497
0.01746908,-0.82846835515186157
0.01751971,-0.81550966166978278
0.01757035,-0.80006467481562571
0.01762098,-0.78273811446148911
0.01767161,-0.76416161498772239
0.01772225,-0.74497499937488987
0.01777288,-0.72580373286248667
0.01782352,-0.70724130836397792
0.01787415,-0.68983110349302434
0.01792479,-0.6740504717881507
0.01797542,-0.66031986104617868
0.01802606,-0.64897202237744978
0.0180767,-0.64028398079774163
0.01812733,-0.63443285103754576
0.01817797,-0.63149505001003226
0.0182286,-0.6314516640595399
0.01827924,-0.63419550737388053
0.01832987,-0.6395388078860702
0.0183805,-0.64722039559537192
0.01843114,-0.65692278500400092
0.01848177,-0.66828165016167229
0.01853241,-0.68089716922406307
0.01858304,-0.69434601496968662
0.01863368,-0.70818790013760025
0.01868431,-0.72197718287204471
0.01873495,-0.73527302133806505
0.01878559,-0.74765190543994375
0.01883622,-0.75864762863682955
0.01888686,-0.76796520198775942
0.01893749,-0.77523985895675951
0.01898812,-0.78016548726070334
0.01903876,-0.78248832912885358
0.01908939,-0.78201055675380582
0.01914003,-0.77859363109557411
0.01919066,-0.77215887005024109
0.0192413,-0.76268677838363097
0.01929193,-0.75021862841132958
0.01934257,-0.73485643384481492
0.01939321,-0.7167626525100419
0.01944384,-0.69616083009717045
0.01949448,-0.67332954909140463
0.01954511,-0.64859600378649385
0.01959575,-0.62233322738004693
0.01964638,-0.59495202224449928
0.01969701,-0.56689441522053152
0.01974765,-0.53862598598284406
0.01979828,-0.51062845212469476
0.01984892,-0.48340370338230526
0.01989955,-0.45744914574610535
0.01995019,-0.43324247313299469
0.02000082,-0.41124649655446288
0.02005146,-0.39190943700913161
0.0201021,-0.37564681383280385
0.02015273,-0.36283761817291005
0.02020337,-0.35381963064948679
0.020254,-0.34888660819483391
0.02030463,-0.34828521566095605
0.02035527,-0.35221232960573073
0.0204059,-0.36080792638594905
0.02045654,-0.37415519220169657
0.02050717,-0.39227252938111468
0.02055781,-0.41511707831197509
0.02060844,-0.44258327049919044
0.02065908,-0.4745051347779537
0.02070972,-0.51065610923816362
0.02076035,-0.5507529682871265
0.02081099,-0.59445974071006824
0.02086162,-0.64139027520873149
0.02091226,-0.6911143141259688
0.02096289,-0.74315879467755774
0.02101352,-0.79698610889766197
0.02106416,-0.85204199563634808
0.02111479,-0.90777681875164862
0.02116543,-0.963619103150814
0.02121606,-1.0189857527688837
0.0212667,-1.0732960530746936
0.02131733,-1.125983403142893
0.02136797,-1.1764947352176538
0.02141861,-1.2243021682001483
0.02146924,-1.268907033123897
0.02151988,-1.3098452733371153
0.02157051,-1.3467009391678133
0.02162114,-1.3791043875009672
0.02167178,-1.4067395227255848
0.02172241,-1.4293481511017501
0.02177305,-1.4467314623243719
0.02182368,-1.4587736630920047
0.02187432,-1.4654183806034788
0.02192495,-1.4666779673909589
0.02197559,-1.4626299216359637
0.02202622,-1.4534147130690598
0.02207686,-1.4392337507186175
0.0221275,-1.4203436949829533
0.02217813,-1.3970527456690092
0.02222877,-1.3697134838722893
0.0222794,-1.338716285689904
0.02233003,-1.3044918859629817
0.02238067,-1.2674930513912408
0.0224313,-1.228198748282632
0.02248194,-1.1870931356359311
0.02253257,-1.1446776942661638
0.02258321,-1.101451151838061
0.02263384,-1.05790682423203
0.02268448,-1.0145271122094059
0.02273512,-0.97176413768408321
0.02278575,-0.93005429623686398
0.02283639,-0.88983502024533268
0.02288702,-0.85142564021224643
0.02293765,-0.81516315485557189
0.02298829,-0.78132915376820278
0.02303892,-0.75016493135656925
0.02308956,-0.72187751639198472
0.02314019,-0.69663896297300631
0.02319083,-0.67457848488956196
0.02324146,-0.65579050755154589
0.0232921,-0.64032781472648703
0.02334273,-0.62820006053250421
0.02339337,-0.61937372179558492
0.02344401,-0.61377789871553934
0.02349464,-0.61130530498054336
0.02354528,-0.61181552381500204
0.02359591,-0.61513658025784235
0.02364654,-0.62106733405276415
0.02369718,-0.62938487827409817
0.02374781,-0.63984469651037679
0.02379845,-0.65219227343378405
0.02384908,-0.66607354901544191
0.02389972,-0.68126148765780936
0.02395035,-0.69749444143358308
0.02400099,-0.71450701987520726
0.02405163,-0.73204204984661891
0.02410226,-0.74984442873862678
0.0241529,-0.7676751451599475
0.02420353,-0.78531548350714497
0.02425417,-0.80256766797006285
0.0243048,-0.81925908772881573
0.02435543,-0.83525825955653832
0.02440607,-0.85046507508092695
0.0244567,-0.864819341015582
0.02450734,-0.87829294957111048
0.02455797,-0.89089463011204328
0.02460861,-0.9026710529184282
0.02465924,-0.91369479621619598
0.02470988,-0.92406334393008049
0.02476052,-0.93390441862797768
0.02481115,-0.94336337298654893
0.02486179,-0.95260246874789123
0.02491242,-0.96178656474025126
0.02496305,-0.97108775032469208
0.02501369,-0.98076797981668307
0.02506432,-0.99093017384145732
0.02511496,-1.0017364330026406
0.02516559,-1.0133269144068653
0.02521623,-1.0258423151146294
0.02526686,-1.0394142302800304
0.0253175,-1.0541449495002102
0.02536813,-1.070119509907155
0.02541877,-1.087402292922937
0.02546941,-1.1060122470638516
0.02552004,-1.1259406882821492
0.02557068,-1.1471343302998305
0.02562131,-1.1695265328826185
0.02567194,-1.1930009998715767
0.02572258,-1.2174045561325522
0.02577321,-1.2425584293170284
0.02582385,-1.268261484369352
0.02587448,-1.294287648996002
0.02592512,-1.3203828099182702
0.02597575,-1.3462721486452733
0.02602639,-1.371663496822731
0.02607703,-1.3962582396039052
0.02612766,-1.4197662027291131
0.0261783,-1.4418994751897132
0.02622893,-1.4623904536602792
0.02627956,-1.4809270574066482
0.0263302,-1.4972796558025412
0.02638083,-1.5111631723131358
0.02643147,-1.522347487836333
0.0264821,-1.5306360261110294
0.02653274,-1.5358682160800667
0.02658337,-1.5379187365411442
0.02663401,-1.5366983392796163
0.02668464,-1.5321605077704401
0.02673528,-1.5242944712728572
0.02678592,-1.5131395012597117
0.02683655,-1.4987819604881247
0.02688719,-1.4813529648840678
0.02693782,-1.4610465869104472
0.02698845,-1.4381011142777975
0.02703909,-1.4128173602913403
0.02708972,-1.385529293687588
0.02714036,-1.3566159250424032
0.02719099,-1.3265077384178636
0.02724163,-1.2956636422533279
0.02729226,-1.2645727142139633
0.0273429,-1.2337456147347345
0.02739354,-1.2037051276773862
0.02744417,-1.174984650478204
0.02749481,-1.1481071400325924
0.02754544,-1.1235927093854667
0.02759607,-1.1019375566411962
0.02764671,-1.0836131530397157
0.02769734,-1.0690502180820769
0.02774798,-1.0586332806444059
0.02779861,-1.0526948320628959
0.02784925,-1.0515035250133828
0.02789988,-1.0552806793949916
0.02795052,-1.0641649408493543
0.02800115,-1.0782274416149105
0.02805179,-1.0974612157881904
0.02810243,-1.1217781302056149
0.02815306,-1.1510106756620471
0.0282037,-1.1849113016005925
0.02825433,-1.2231478145017265
0.02830496,-1.2653006517106813
0.0283556,-1.3108789791581605
0.02840623,-1.3593156930913111
0.02845687,-1.4099770369568132
0.0285075,-1.4621584598401525
0.02855814,-1.5151208667807754
0.02860877,-1.5680432962437765
0.02865941,-1.6200691943769745
0.02871005,-1.6703079542026911
0.02876068,-1.7178738632331112
0.02881132,-1.7618841441541147
0.02886195,-1.8014681527851486
0.02891259,-1.8357893933210365
0.02896322,-1.8640706397448175
0.02901385,-1.8855779928951693
0.02906449,-1.8996540764647787
0.02911512,-1.9057317557822084
0.02916576,-1.9033323803174411
0.02921639,-1.8920888414112271
0.02926703,-1.8717473284581811
0.02931766,-1.8421631617897762
0.0293683,-1.8033089487368077
0.02941894,-1.7552865798327282
0.02946957,-1.6983101345269351
0.02952021,-1.6327360555556791
0.02957084,-1.5590167613448487
0.02962147,-1.4777472701337051
0.02967211,-1.3896021438111112
0.02972274,-1.2954014937659977
0.02977338,-1.1960733481363457
0.02982401,-1.0925451241516406
0.02987465,-0.98593072951128979
0.02992528,-0.87734986699186523
0.02997592,-0.76802758263723614
0.03002655,-0.65916855155596765
0.03007719,-0.55193863818995326
0.03012783,-0.44760568231484815
0.03017846,-0.34730971900001911
0.0302291,-0.25210116991380516
0.03027973,-0.1630311553110643
0.03033036,-0.081048782445881901
0.030381,-0.0068985958529416691
0.03043163,0.058747794177934798
0.03048227,0.11540003528211787
0.0305329,0.16273822303231161
0.03058354,0.20065014221561134
0.03063417,0.22912471521429356
0.03068481,0.24836161636652881
0.03073545,0.25868346666454989
0.03078608,0.26055618248863754
0.03083672,0.2545568036342401
0.03088735,0.24134375351311205
0.03093798,0.22162247811797245
0.03098862,0.19612632252210521
0.03103925,0.16559251614250931
0.03108989,0.13071795751651799
0.03114052,0.092158797161150163
0.03119116,0.050546770477659764
0.03124179,0.0064247888316684154
0.03129243,-0.039718108369144023
0.03134306,-0.087415715140804817
0.0313937,-0.13629627150909357
0.03144433,-0.18597730444492094
0.03149497,-0.23618455715975417
0.0315456,-0.28650451602180593
0.03159624,-0.33667051060101966
0.03164687,-0.38632830299240034
0.03169751,-0.43512028502386735
0.03174814,-0.48266206601776973
0.03179878,-0.52857404017307774
0.03184941,-0.57238969862518307
0.03190005,-0.61364198024707239
0.03195068,-0.65182316392755768
0.03200132,-0.68644227639107291
0.03205196,-0.71697175490069054
0.03210259,-0.74289824462729015
0.03215323,-0.76370436836090783
0.03220386,-0.77892122736857261
0.0322545,-0.78814200655241495
0.03230513,-0.79103426869663229
0.03235577,-0.7872205110825401
0.0324064,-0.77665570404180007
0.03245704,-0.75899140766148676
0.03250767,-0.73449878983729611
0.03255831,-0.70307795547669194
0.03260894,-0.66460375222460533
0.03265957,-0.61982324571160741
0.03271021,-0.5688378899894484
0.03276084,-0.51205871000939762
0.03281148,-0.44994881601252879
0.03286211,-0.38310358588761989
0.03291275,-0.31222391271353378
0.03296338,-0.23811858068905967
0.03301402,-0.16172006924079452
0.03306465,-0.084116869781814096
0.03311529,-0.006523696931652001
0.03316592,0.0697040739314089
0.03321656,0.14312834880770259
0.03326719,0.2121761423096902
0.03331783,0.27526180737535544
0.03336846,0.33075061156676411
0.0334191,0.37707602024770803
0.03346974,0.41281042632338172
0.03352037,0.43670265165876587
0.03357101,0.44772805795653448
0.03362164,0.44514993538168535
0.03367228,0.42852390828266868
0.03372291,0.39772452757193671
0.03377355,0.35295388928751892
0.03382418,0.29476174280175949
0.03387482,0.22398523035701895
0.03392545,0.14171185863547467
0.03397608,0.049308460632653539
0.03402672,-0.051608612748376942
0.03407735,-0.1592453591879382
0.03412799,-0.27164356194049755
0.03417862,-0.38698637950873205
0.03422926,-0.5029578408743085
0.03427989,-0.61750030260887823
0.03433053,-0.72870218742941129
0.03438116,-0.83475448733674462
0.0344318,-0.93437457919656441
0.03448243,-1.0266877272627042
0.03453307,-1.1112966805823741
0.0345837,-1.1878445750150077
0.03463434,-1.2581817257720558
0.03468497,-1.3224288407405418
0.03473561,-1.3832578513904914
0.03478625,-1.4413154744966563
0.03483688,-1.499442731548452
0.03488752,-1.5587481282239932
0.03493815,-1.6200196142542982
0.03498879,-1.6843601169443736
0.03503942,-1.7522602524344184
0.03509006,-1.8228756904333965
0.03514069,-1.8947605355990684
0.03519133,-1.9666660104714391
0.03524196,-2.0369411066813035
0.03529259,-2.1033231674648718
0.03534323,-2.1634778097080449
0.03539386,-2.2156786719770665
0.0354445,-2.2584770721693053
0.03549513,-2.2902567923354078
0.03554577,-2.3102587886535675
0.0355964,-2.3179847132723452
0.03564704,-2.3133741152640339
0.03569767,-2.296432949585423
0.03574831,-2.2677050435388253
0.03579894,-2.2278676586398145
0.03584958,-2.1777647610727175
0.03590021,-2.1184010296640308
0.03595085,-2.0509182336271561
0.03600148,-1.9765744472401816
0.03605212,-1.8966745959449445
0.03610276,-1.8127242113660507
0.03615339,-1.7258533859910949
0.03620403,-1.6379189242542811
0.03625466,-1.5500705074615291
0.0363053,-1.4631877352266529
0.03635593,-1.3791240987404585
0.03640657,-1.2980015661099122
0.0364572,-1.2215094302941176
0.03650784,-1.1492326524766692
0.03655847,-1.0824853881080669
0.0366091,-1.0206709459057437
0.03665974,-0.96477121309813807
0.03671037,-0.91453192467102462
0.03676101,-0.8698723281000057
0.03681164,-0.83166612062678957
0.03686228,-0.80005340227733235
0.03691291,-0.77541819376128918
0.03696355,-0.7587332195832035
0.03701418,-0.75040132347314592
0.03706482,-0.75132645112739804
0.03711545,-0.76196726704566797
0.03716609,-0.78294789364023321
0.03721672,-0.8144970158730771
0.03726736,-0.85685755152048637
0.03731799,-0.90994442658829822
0.03736863,-0.97335789616194213
0.03741927,-1.0464326373880399
0.0374699,-1.1281977315754323
0.03752054,-1.2173818945619455
0.03757117,-1.3125221499422002
0.03762181,-1.4119090237238971
0.03767244,-1.5136580480901396
0.03772308,-1.6157566192179205
0.03777371,-1.7160900832244825
0.03782435,-1.8125285033150864
0.03787498,-1.90303993406883
0.03792561,-1.9856574635146449
0.03797625,-2.0585705969465655
0.03802688,-2.1201400068584357
0.03807752,-2.1690313107932697
0.03812815,-2.2041412997961003
0.03817879,-2.224709820436527
0.03822942,-2.2302677119167771
0.03828006,-2.2206433349671997
0.03833069,-2.1959093017528968
0.03838133,-2.1565060703837302
0.03843196,-2.1026574950095376
0.0384826,-2.0349596984790974
0.03853323,-1.9545447974895969
0.03858387,-1.8613115217559766
0.0386345,-1.7568899923003027
0.03868514,-1.6408402848322972
0.03873578,-1.5150976184686951
0.03878641,-1.3796641469650239
0.03883705,-1.2342901605018579
0.03888768,-1.0812822751505604
0.03893832,-0.92067016700035342
0.03898895,-0.75331572380763523
0.03903959,-0.58031561012136934
0.03909022,-0.40300058720554377
0.03914086,-0.22296777665391362
0.03919149,-0.041997692427155058
0.03924212,0.13788440607620123
0.03929276,0.31451541108000625
0.03934339,0.48561253701621332
0.03939403,0.64872451330456415
0.03944466,0.8014325350968845
0.0394953,0.94134247617740652
0.03954593,1.0661662680359514
0.03959657,1.1738064380977333
0.0396472,1.2624049495867866
0.03969784,1.3303961449984933
0.03974847,1.3765831189407192
0.03979911,1.4001838292190651
0.03984974,1.4008930949296343
0.03990038,1.3788963370957603
0.03995101,1.3349172209022191
0.04000165,1.2701869392617959
0.04005228,1.1864402040136717
0.04010292,1.085830963996705
0.04015356,0.97095364390147187
0.04020419,0.84471123643847013
0.04025483,0.71022223517338678
0.04030546,0.57066798146830489
0.0403561,0.42934791877179107
0.04040673,0.28944704516852088
0.04045737,0.15386357670541898
0.040508,0.025183347320256955
0.04055863,-0.094451738182460582
0.04060927,-0.20341758160194509
0.0406599,-0.30063181284460228
0.04071054,-0.38567392304047604
0.04076117,-0.45860274934593559
0.04081181,-0.51996137710664025
0.04086244,-0.57066539682070672
0.04091308,-0.61192220400074682
0.04096371,-0.64511598310271734
0.04101435,-0.67169678562551693
0.04106498,-0.6930838533811341
0.04111562,-0.71104405753588851
0.04116625,-0.72623070546486268
0.04121689,-0.73960740449430618
0.04126752,-0.75191875254641816
0.04131816,-0.76377262079662556
0.04136879,-0.77562698899721649
0.04141943,-0.78780656521558678
0.04147007,-0.80051468418608562
0.0415207,-0.81383157804678474
0.04157134,-0.82769792664122088
0.04162197,-0.84188239313566515
0.04167261,-0.85596355810157265
0.04172324,-0.86932870875907264
0.04177388,-0.88107778584897067
0.04182451,-0.89025372285368909
0.04187515,-0.89583987247563646
0.04192578,-0.89679946551709044
0.04197641,-0.89227264915798443
0.04202705,-0.88166354797285762
0.04207768,-0.86476065701942639
0.04212832,-0.84180195134154134
0.04217895,-0.81353739340047859
0.04222959,-0.78126339874850981
0.04228022,-0.74665689110714051
0.04233086,-0.71176230054741085
0.04238149,-0.67896702512760476
0.04243213,-0.65084384345027868
0.04248276,-0.63004955873925295
0.0425334,-0.61922663551433554
0.04258403,-0.62099579640396163
0.04263467,-0.63750640000584924
0.0426853,-0.67064200452023748
0.04273594,-0.72180305812771106
0.04278658,-0.79175078812224065
0.04283721,-0.88055805803023179
0.04288785,-0.98744134975548858
0.04293848,-1.1108429304098058
0.04298912,-1.2482475313974057
0.04303975,-1.3963830959038084
0.04309039,-1.551212390918286
0.04314102,-1.7081027777213249
0.04319166,-1.862279535547811
0.04324229,-2.008938783235299
0.04329292,-2.1437745795775922
0.04334356,-2.2633317835079012
0.04339419,-2.3651086875078362
0.04344483,-2.4479534123654689
0.04349546,-2.5118707853305566
0.0435461,-2.5580874532943456
0.04359673,-2.5886074931623031
0.04364737,-2.6059247307098099
0.043698,-2.6125817010712247
0.04374864,-2.6108347669562919
0.04379927,-2.602408078739908
0.04384991,-2.5883140805204112
0.04390054,-2.5688807197404517
0.04395118,-2.5438336729076019
0.04400181,-2.512531380570544
0.04405245,-2.4741870584930878
0.04410309,-2.4280749288884085
0.04415372,-2.3736824242573618
0.04420436,-2.3108758027240426
0.04425499,-2.2398551785611542
0.04430563,-2.1611036327040445
0.04435626,-2.0753597142265283
0.0444069,-1.9834471537633882
0.04445753,-1.886155829473446
0.04450817,-1.7842318242862141
0.0445588,-1.6782523637645423
0.04460943,-1.5686232670425571
0.04466007,-1.4557601085786689
0.0447107,-1.3399610879161945
0.04476134,-1.2214314752504989
0.04481197,-1.1003596408340863
0.04486261,-0.97709402097141262
0.04491324,-0.85199976302335434
0.04496388,-0.72577300543426149
0.04501451,-0.59929973778735923
0.04506515,-0.47370725660858171
0.04511578,-0.35053312649520274
0.04516642,-0.23169761415810178
0.04521705,-0.11940281288409005
0.04526769,-0.016085427983122402
0.04531832,0.075469083020441474
0.04536896,0.15248899930851645
0.0454196,0.21216252787939266
0.04547023,0.25187695262377729
0.04552087,0.2694173448780619
0.0455715,0.26309926458301258
0.04562214,0.23196973786336134
0.04567277,0.17592055851584854
0.04572341,0.095899890465365623
0.04577404,-0.0062175591795504692
0.04582468,-0.12740100499904972
0.04587531,-0.26361490473496185
0.04592594,-0.40991174826681875
0.04597658,-0.5606251793723448
0.04602721,-0.70973994243250749
0.04607785,-0.85105338711979783
0.04612848,-0.97865265831697279
0.04617912,-1.0873534278754877
0.04622975,-1.1730628124689062
0.04628039,-1.233148753019107
0.04633102,-1.2666098553328622
0.04638166,-1.2741270249656884
0.04643229,-1.258074290357849
0.04648293,-1.2219637175685896
0.04653356,-1.1699804066744595
0.0465842,-1.1068801170680354
0.04663483,-1.0373050466761833
0.04668547,-0.96525541637189538
0.04673611,-0.89387936661567813
0.04678674,-0.82523302981732094
0.04683738,-0.76036992223725341
0.04688801,-0.69947872473945893
0.04693865,-0.64214400985014897
0.04698928,-0.58757260807302125
0.04703992,-0.53482697816502067
0.04709055,-0.48292365299783463
0.04714119,-0.43111068691111926
0.04719182,-0.37876176049379945
0.04724245,-0.32528337616595127
0.04729309,-0.27016787804465814
0.04734372,-0.21302662903003239
0.04739436,-0.15359875253007416
0.04744499,-0.091887596807449234
0.04749563,-0.028302963796963787
0.04754626,0.036321374335065992
0.0475969,0.10057270799151458
0.04764753,0.162518903654082
0.04769817,0.2196774269278908
0.0477488,0.26924564155164793
0.04779944,0.30820169828708738
0.04785007,0.33361057354671864
0.04790071,0.34293666479541191
0.04795134,0.3341867202860947
0.04800198,0.30619868753430934
0.04805261,0.2586917485425983
0.04810325,0.19243459295364762
0.04815389,0.10918729848087344
0.04820452,0.011889100775080763
0.04825516,-0.095747755426033088
0.04830579,-0.20935085205507237
0.04835643,-0.3239391813111433
0.04840706,-0.43471745465763861
0.0484577,-0.53698093128249047
0.04850833,-0.62672298639447277
0.04855896,-0.70086965954931757
0.0486096,-0.75752015504991332
0.04866023,-0.7959632395101065
0.04871087,-0.81671694207130363
0.0487615,-0.82127973708692148
0.04881214,-0.81203404868842899
0.04886277,-0.79190709428881634
0.04891341,-0.76405244238130021
0.04896404,-0.73151538375511638
0.04901468,-0.69701760116367073
0.04906531,-0.66282995225568686
0.04911595,-0.63065587540490053
0.04916658,-0.60164104067756896
0.04921722,-0.57645224434906794
0.04926785,-0.55532988956141194
0.04931849,-0.53821346890349009
0.04936912,-0.52480303661241001
0.04941976,-0.51464461256509764
0.0494704,-0.5072247447702406
0.04952103,-0.50201095496717296
0.04957167,-0.49871863502948521
0.0496223,-0.49703545960521778
0.04967294,-0.49661309781175694
0.04972357,-0.49705999586211252
0.04977421,-0.49801403258751237
0.04982484,-0.49913212882820407
0.04987547,-0.50000879218072225
0.04992611,-0.50020312295763691
0.04997674,-0.49926668321325596
0.05002738,-0.49681430728134029
0.05007801,-0.49253898440226229
0.05012865,-0.48629219612608399
0.05017928,-0.47825720445126829
0.05022992,-0.46889237670225736
0.05028055,-0.45900927540871117
0.05033119,-0.44974347183269625
0.05038182,-0.44250191306590847
0.05043246,-0.43888811607285416
0.05048309,-0.4405813292518525
0.05053373,-0.44923231619429088
0.05058436,-0.46632623227489123
0.050635,-0.49304022957489452
0.05068563,-0.53019654590403154
0.05073627,-0.57815055611690491
0.05078691,-0.63670965205139141
0.05083754,-0.70510502916376505
0.05088818,-0.78202170334409604
0.05093881,-0.86550477337104381
0.05098945,-0.9531049061159812
0.05104008,-1.0419560245369879
0.05109072,-1.128778608227101
0.05114135,-1.2102125691624321
0.05119198,-1.2830444287979093
0.05124262,-1.3443962364293265
0.05129325,-1.3921320935055324
0.05134389,-1.4248752280872878
0.05139452,-1.4422904835258223
0.05144516,-1.4450862662264257
0.05149579,-1.4349333042724184
0.05154643,-1.4142668606143012
0.05159706,-1.3860876845180763
0.0516477,-1.3535194584547088
0.05169833,-1.3194669787992082
0.05174897,-1.2865103560724913
0.0517996,-1.2566867366348207
0.05185024,-1.2313835240923217
0.05190087,-1.2111306998993747
0.05195151,-1.1959370160840233
0.05200214,-1.1854561844544254
0.05205278,-1.1790026278785337
0.05210342,-1.1756799173125225
0.05215405,-1.1745128190098002
0.05220469,-1.1745972768520487
0.05225532,-1.1751680207733122
0.05230596,-1.1756213899283932
0.05235659,-1.1754916304529321
0.05240723,-1.1744352627204093
0.05245786,-1.1722104922254803
0.0525085,-1.1686628343916796
0.05255913,-1.1637508734920976
0.05260976,-1.1575797439539497
0.0526604,-1.1503271501035748
0.05271103,-1.1425226192357805
0.05276167,-1.1349285261149944
0.0528123,-1.1285319802733378
0.05286294,-1.1245280484067055
0.05291357,-1.1242862760255881
0.05296421,-1.1292500074975902
0.05301484,-1.1408207331256568
0.05306548,-1.1602035412006222
0.05311611,-1.1882613706890326
0.05316675,-1.2253652981856615
0.05321738,-1.2712870373872218
0.05326802,-1.3251063483950092
0.05331865,-1.3852318947766036
0.05336929,-1.449429498617373
0.05341993,-1.5148801832833676
0.05347056,-1.5784488059533595
0.0535212,-1.6368557027051669
0.05357183,-1.6868459210898974
0.05362247,-1.7255130046560532
0.0536731,-1.7504266440337923
0.05372374,-1.7598322715364003
0.05377437,-1.7527777195258218
0.05382501,-1.7291622147481469
0.05387564,-1.6897115437868613
0.05392627,-1.6359858597554213
0.05397691,-1.5701797694382704
0.05402754,-1.4949778181183173
0.05407818,-1.4133275946895929
0.05412881,-1.3282710775480824
0.05417945,-1.2427520345753953
0.05423008,-1.1594620038548453
0.05428072,-1.080668842809797
0.05433135,-1.0081738248453465
0.05438199,-0.94324714736245818
0.05443262,-0.88661161664653454
0.05448326,-0.83853053521542364
0.05453389,-0.79896561512239983
0.05458453,-0.76747591543679339
0.05463516,-0.74346987637517181
0.0546858,-0.7261665274055622
0.05473643,-0.71464884504024306
0.05478707,-0.70787047813122728
0.05483771,-0.70464521693551807
0.05488834,-0.7036943109717182
0.05493898,-0.70366953445745051
0.05498961,-0.70317030479763298
0.05504025,-0.70072120115911152
0.05509088,-0.69487120665698832
0.05514152,-0.68434949021613711
0.05519215,-0.66796855625739771
0.05524278,-0.64485604538297525
0.05529342,-0.61451610174090909
0.05534405,-0.57684184553733364
0.05539469,-0.53215685516899147
0.05544532,-0.48141658189042991
0.05549596,-0.42601199826840047
0.05554659,-0.3677825943782097
0.05559723,-0.30904267203791963
0.05564786,-0.25239444761630503
0.0556985,-0.20072730895120791
0.05574913,-0.15701941659473773
0.05579977,-0.12419960644285416
0.0558504,-0.10492613205555368
0.05590104,-0.10140757032080533
0.05595167,-0.11526021958813448
0.05600231,-0.14731100628665705
0.05605294,-0.19749061412996305
0.05610358,-0.2647577970531208
0.05615422,-0.34707877742891891
0.05620485,-0.4414850013766079
0.05625549,-0.54406640573617804
0.05630612,-0.65036379948937917
0.05635676,-0.75535588818693644
0.05640739,-0.85390946865573725
0.05645803,-0.94124062349278004
0.05650866,-1.0131635379246808
0.05655929,-1.0663750306404589
0.05660993,-1.0987407032184238
0.05666056,-1.1094599665039326
0.0567112,-1.0990662677408571
0.05676183,-1.0693350837513007
0.05681247,-1.0230096689203192
0.0568631,-0.96349898300853853
0.05691374,-0.89439271638431506
0.05696437,-0.81920965065165896
0.05701501,-0.74100366113497762
0.05706564,-0.66225981722510618
0.05711628,-0.58459564756966131
0.05716691,-0.50891973323674111
0.05721755,-0.43546469005474553
0.05726818,-0.3639467106492017
0.05731882,-0.29377576804937289
0.05736945,-0.22420492511342635
0.05742009,-0.1545636726181378
0.05747073,-0.084374907132755
0.05752136,-0.013452463963046751
0.057572,0.05810915968666111
0.05762263,0.12991206096744523
0.05767327,0.20131663165407748
0.0577239,0.27150659686342338
0.05777454,0.3394230527944172
0.05782517,0.40397840180667915
0.0578758,0.46398654349255186
0.05792644,0.51797338314237373
0.05797707,0.56434903483053245
0.05802771,0.60146387995728712
0.05807834,0.62763504474639731
0.05812898,0.64117051581635187
0.05817961,0.64044930721966331
0.05823025,0.6240018001458868
0.05828088,0.59062501775053067
0.05833152,0.5395685159293242
0.05838215,0.47068360277198051
0.05843279,0.38455059141425763
0.05848342,0.28254108201222794
0.05853406,0.16693380114064693
0.05858469,0.040747159604451633
0.05863533,-0.092339790215650586
0.05868596,-0.22814154015717764
0.0587366,-0.36223757300977633
0.05878724,-0.49027786200837731
0.05883787,-0.60835739391974764
0.05888851,-0.7131975444261256
0.05893914,-0.80243990080898908
0.05898978,-0.87476167889285039
0.05904041,-0.93000017066847884
0.05909105,-0.96912355351619073
0.05914168,-0.9941104383502759
0.05919231,-1.0077519693221006
0.05924295,-1.0133628696133132
0.05929358,-1.0143964751135484
0.05934422,-1.0142714922236515
0.05939485,-1.0160835667622681
0.05944549,-1.0223399664322588
0.05949612,-1.0348282873698929
0.05954676,-1.0546347954248583
0.05959739,-1.0821854854339472
0.05964803,-1.1173852695321749
0.05969866,-1.1595835160097063
0.0597493,-1.2077102324672748
0.05979993,-1.2604923819170755
0.05985057,-1.3165236019399789
0.0599012,-1.3743440025639071
0.05995184,-1.432482964141927
0.06000247,-1.4894647073226097
0.06005311,-1.5437988115027343
0.06010375,-1.5940368408762446
0.06015438,-1.6387064225610386
0.06020502,-1.6765523431510818
0.06025565,-1.7063815546743966
0.06030629,-1.7272764279197599
0.06035692,-1.738615419914552
0.06040756,-1.7401556038787951
0.06045819,-1.7320491820096622
0.06050882,-1.7150364545333474
0.06055946,-1.6901672131017225
0.06061009,-1.6589324075049254
0.06066073,-1.6232235917497708
0.06071136,-1.5852719479700992
0.060762,-1.5475232412713238
0.06081263,-1.5125929499498929
0.06086327,-1.4832180099849297
0.0609139,-1.4619224590151818
0.06096454,-1.4509743812046276
0.06101517,-1.45224323756898
0.06106581,-1.4670229869325959
0.06111644,-1.4959842795821408
0.06116708,-1.5390402417393263
0.06121771,-1.5952549237712028
0.06126835,-1.662916047340933
0.06131898,-1.7395563581380122
0.06136962,-1.8219287244888716
0.06142025,-1.9062166809448691
0.06147089,-1.9882010984175214
0.06152153,-2.0634374254841923
0.06157216,-2.1276805897704008
0.0616228,-2.1771154280199196
0.06167343,-2.2087015312783582
0.06172407,-2.220383345142376
0.0617747,-2.2113563674330665
0.06182533,-2.1820730888704225
0.06187597,-2.1341587819475158
0.0619266,-2.0703318034055824
0.06197724,-1.9940159848940513
0.06202787,-1.9088135071907997
0.06207851,-1.8183141516966796
0.06212914,-1.7257766207565544
0.06217978,-1.6338936244519764
0.06223041,-1.5445701880090601
0.06228105,-1.4589212306448136
0.06233168,-1.3773133546107932
0.06238232,-1.2995023269289923
0.06243295,-1.2247192510089473
0.06248359,-1.1518956578005617
0.06253422,-1.0800578666139582
0.06258486,-1.0084487650980984
0.06263549,-0.93631111568376946
0.06268613,-0.86309835622966313
0.06273676,-0.78852008502161786
0.0627874,-0.71257467701722421
0.06283804,-0.63554570466708726
0.06288867,-0.55788891644417182
0.06293931,-0.48028848787370465
0.06298994,-0.4035942157504831
0.06304058,-0.32871023556881573
0.06309121,-0.25684852144586179
0.06314185,-0.18941246205764622
0.06319248,-0.12788550846245789
0.06324312,-0.073888434693488714
0.06329375,-0.029043951779797461
0.06334439,0.0050293143475328428
0.06339502,0.026886128766131501
0.06344566,0.035384337971205271
0.06349629,0.029816293670203942
0.06354693,0.010081293011177161
0.06359756,-0.023205350860890928
0.0636482,-0.068663099224251345
0.06369883,-0.12404816275321284
0.06374947,-0.18647169133742147
0.0638001,-0.25242243639483214
0.06385073,-0.31799563811690212
0.06390137,-0.3791093244307841
0.063952,-0.4317827228601917
0.06400264,-0.47246596056095991
0.06405327,-0.49825558815648263
0.06410391,-0.50714798309475906
0.06415454,-0.49820203616402248
0.06420518,-0.47163764061686692
0.06425581,-0.42881721727212352
0.06430645,-0.37214655129321977
0.06435708,-0.30484309996322767
0.06440772,-0.23068094193553579
0.06445835,-0.15355851757530276
0.06450899,-0.077360809283251841
0.06455962,-0.0056222976897731813
0.06461026,0.058815312492467464
0.06466089,0.11378842730748803
0.06471153,0.15803015001424131
0.06476216,0.19104032783825711
0.0648128,0.21301101011800805
0.06486343,0.22467569931909553
0.06491407,0.22695126891303058
0.0649647,0.22101716901390869
0.06501534,0.20822991210174857
0.06506597,0.18999483961826469
0.06511661,0.16770673710007256
0.06516724,0.14268349818351597
0.06521788,0.11619165278833771
0.06526851,0.08948030241512181
0.06531915,0.063691407472247275
0.06536978,0.040024353102054419
0.06542042,0.019476963332170194
0.06547106,0.0028148744011353699
0.06552169,-0.0095264997937681561
0.06557233,-0.017540888951235012
0.06562296,-0.021703360788056764
0.0656736,-0.02300522821289358
0.06572423,-0.022949107241547168
0.06577487,-0.02348938190393482
0.0658255,-0.026928211463453616
0.06587614,-0.035826786498578733
0.06592677,-0.052841130852637697
0.06597741,-0.080508776218450456
0.06602804,-0.12113746632082181
0.06607868,-0.17653999946321303
0.06612931,-0.2478591744953777
0.06617995,-0.33549365904094081
0.06623058,-0.4388309808368866
0.06628122,-0.55637081598536375
0.06633185,-0.6857770593619148
0.06638249,-0.82387440526043365
0.06643312,-0.96678419346854927
0.06648375,-1.1100459597083014
0.06653439,-1.2489241808687392
0.06658502,-1.3785929376813988
0.06663566,-1.494457089771124
0.06668629,-1.5924558143318277
0.06673693,-1.6693148465841348
0.06678756,-1.7226907033887402
0.0668382,-1.7514279455188915
0.06688883,-1.7555481223502809
0.06693947,-1.7362704941371943
0.0669901,-1.6958801854987966
0.06704074,-1.6375202244752605
0.06709137,-1.5648282530876081
0.06714201,-1.4816811346834495
0.06719264,-1.3918286152063131
0.06724328,-1.2988292021502184
0.06729391,-1.2057304050496331
0.06734455,-1.1149002776149395
0.06739518,-1.0280355854433634
0.06744582,-0.94611767178883055
0.06749645,-0.86957748057521844
0.06754709,-0.7984758791543074
0.06759772,-0.73266334892512919
0.06764836,-0.67178087444139845
0.06769899,-0.61550142386487927
0.06774963,-0.56339624753432782
0.06780026,-0.51513375755448498
0.0678509,-0.47048244822690038
0.06790153,-0.42931315656308972
0.06795217,-0.39152120115358169
0.0680028,-0.35697599207228581
0.06805344,-0.32571525215088709
0.06810408,-0.29785949112532512
0.06815471,-0.27365356788559436
0.06820535,-0.25355128299445806
0.06825598,-0.23826306440702974
0.06830662,-0.22883004492092324
0.06835725,-0.2265925395545384
0.06840789,-0.23313066832258472
0.06845852,-0.25012482318493662
0.06850916,-0.27917005115012583
0.06855979,-0.32161416869244097
0.06861043,-0.37834370345415025
0.06866106,-0.44950069243579388
0.0687117,-0.53447024278109789
0.06876233,-0.63167554383457025
0.06881297,-0.73863894321235513
0.0688636,-0.85210465349410902
0.06891424,-0.96811360431904769
0.06896487,-1.0824824621347002
0.06901551,-1.1907632205952883
0.06906614,-1.2887469563897695
0.06911678,-1.3727347328882482
0.06916741,-1.4396473761887147
0.06921804,-1.4874468714730511
0.06926868,-1.5152558691278259
0.06931931,-1.5233814987456755
0.06936995,-1.5133125270227272
0.06942058,-1.4875321261069803
0.06947122,-1.4493950921644876
0.06952185,-1.4024675736748307
0.06957249,-1.3504007072583266
0.06962312,-1.296680625369123
0.06967376,-1.2443145953782238
0.06972439,-1.1956353265556845
0.06977503,-1.1521970133898232
0.06982566,-1.1147003594742468
0.0698763,-1.0831911053265824
0.06992693,-1.0571081616928302
0.06997757,-1.0355425358181187
0.0700282,-1.017482603804942
0.07007884,-1.0017734943813221
0.07012947,-0.98739302398555173
0.07018011,-0.97348080760407962
0.07023074,-0.95935741401719143
0.07028138,-0.94448221215276251
0.07033201,-0.92846970057065703
0.07038265,-0.91100725956081885
0.07043328,-0.89186559896487383
0.07048392,-0.87091099372581349
0.07053455,-0.84809047095779388
0.07058519,-0.82352664152228183
0.07063582,-0.79760451741166261
0.07068646,-0.77108792231293521
0.07073709,-0.74490423447231136
0.07078773,-0.72046962349892707
0.07083837,-0.69948349003787114
0.070889,-0.68384770822509933
0.07093964,-0.67567695590327315
0.07099027,-0.67699258593543798
0.07104091,-0.68960793446365443
0.07109154,-0.71495027019159396
0.07114218,-0.75389801988812266
0.07119281,-0.80660995174875805
0.07124345,-0.87250312925898743
0.07129408,-0.95023362257748034
0.07134472,-1.0376753035631621
0.07139535,-1.13208376475688
0.07144599,-1.2300694990106855
0.07149662,-1.3279331177628324
0.07154726,-1.4217178614300789
0.07159789,-1.5074282369034471
0.07164853,-1.5813135159428851
0.07169916,-1.640069500601246
0.0717498,-1.6810228486275909
0.07180043,-1.7022860025989792
0.07185106,-1.7029100112826812
0.0719017,-1.6829346821061391
0.07195233,-1.6433586446231758
0.07200297,-1.5860936265427479
0.0720536,-1.5137424814275013
0.07210424,-1.4292987221659357
0.07215487,-1.3359834054486057
0.07220551,-1.2370562342852787
0.07225614,-1.1355599156537102
0.07230678,-1.0341601664817139
0.07235741,-0.93508523150095968
0.07240805,-0.83998526036380861
0.07245868,-0.74991313193949871
0.07250932,-0.66545055934163488
0.07255995,-0.58689016878745515
0.07261059,-0.51415324582121524
0.07266122,-0.44693648639938227
0.07271186,-0.38488314346958724
0.07276249,-0.32742021413537514
0.07281313,-0.27398781408931255
0.07286376,-0.22389787061087191
0.0729144,-0.17636554963669387
0.07296503,-0.13055879885869334
0.07301567,-0.085654039152757822
0.0730663,-0.040786846304982971
0.07311694,0.0047799515397366488
0.07316757,0.051583060803989389
0.07321821,0.099825808856752629
0.07326884,0.14928822760090438
0.07331948,0.19927966258748991
0.07337011,0.2485696265467684
0.07342075,0.29547411345974245
0.07347139,0.33790599472891325
0.07352202,0.3735170139507375
0.07357266,0.40000335245624541
0.07362329,0.41521121363917562
0.07367393,0.41731265107605536
0.07372456,0.40518429882889301
0.0737752,0.37842074355707522
0.07382583,0.33753994256063047
0.07387647,0.28392873916449063
0.0739271,0.21972685681133253
0.07397774,0.14784887922204171
0.07402837,0.071740884904028968
0.07407901,-0.0048437640245131419
0.07412964,-0.078019838036975209
0.07418028,-0.14401770238866751
0.07423091,-0.19960149835902408
0.07428155,-0.24203317970234045
0.07433218,-0.26944412316698485
0.07438282,-0.28100950498851768
0.07443345,-0.27696797351340208
0.07448408,-0.25859937239103981
0.07453472,-0.22810889978272952
0.07458535,-0.18842052610506196
0.07463599,-0.14285412962174185
0.07468662,-0.094875249549610713
0.07473726,-0.047891555387683499
0.07478789,-0.0048002530354424588
0.07483853,0.032088085317936041
0.07488916,0.061130313604638359
0.0749398,0.081569380417596232
0.07499043,0.093371424392917984
0.07504107,0.097103144744987477
0.0750917,0.093746915584135032
0.07514234,0.084519351107112353
0.07519297,0.070781465860245668
0.07524361,0.053852187127755996
0.07529424,0.034896687713161761
0.07534488,0.014838560915573118
0.07539551,-0.0055151439736617902
0.07544615,-0.025545648784573452
0.07549678,-0.04473108973747747
0.07554742,-0.062744238991234214
0.07559805,-0.079406411183856856
0.07564869,-0.094656363874890459
0.07569932,-0.10860978040293642
0.07574996,-0.12161626171757883
0.07580059,-0.13432226497140815
0.07585123,-0.14769695490320883
0.07590186,-0.16307244262491047
0.0759525,-0.18208427609873548
0.07600313,-0.20657170646575959
0.07605377,-0.23848041501687478
0.0761044,-0.27967213494430032
0.07615504,-0.33174850672768219
0.07620568,-0.39585651035846969
0.07625631,-0.47267843094109019
0.07630695,-0.56212573509388841
0.07635758,-0.66345120087347131
0.07640822,-0.77502497497524592
0.07645885,-0.89462397545599115
0.07650949,-1.0193606207873225
0.07656012,-1.1459361027733688
0.07661076,-1.2708099460428759
0.07666139,-1.3902772457348234
0.07671203,-1.5008242990464291
0.07676266,-1.5992468698344409
0.0768133,-1.6828837981222649
0.07686393,-1.7497007441413559
0.07691457,-1.798517540860666
0.0769652,-1.8290083043176848
0.07701584,-1.8417488714683397
0.07706647,-1.838214115639468
0.0771171,-1.8205008765903021
0.07716774,-1.7912349847789066
0.07721837,-1.7533179689986209
0.07726901,-1.7096786104874284
0.07731964,-1.6631507407444446
0.07737028,-1.6162073571141999
0.07742091,-1.5708531083676631
0.07747155,-1.5285944679964898
0.07752218,-1.4903852253843608
0.07757282,-1.4566400362532934
0.07762345,-1.4274090619575577
0.07767409,-1.4024006512861196
0.07772472,-1.3811946689785584
0.07777536,-1.3632095110412519
0.07782599,-1.3478064383795751
0.07787663,-1.3343016389919746
0.07792726,-1.321988051760878
0.0779779,-1.3100880410762263
0.07802853,-1.2978069276083262
0.07807917,-1.2843126555668813
0.0781298,-1.2687498374147497
0.07818044,-1.2503004926625119
0.07823107,-1.2282880922999071
0.07828171,-1.2022652992216956
0.07833234,-1.1721519193965753
0.07838298,-1.1383109290602251
0.07843361,-1.1016212152061995
0.07848425,-1.0634133992166293
0.07853488,-1.0255102183426748
0.07858552,-0.99004131340077195
0.07863615,-0.9593670326125493
0.07868679,-0.935911701893547
0.07873742,-0.92187707792123696
0.07878806,-0.91909073261475305
0.0788387,-0.92882531555326553
0.07888933,-0.9516268786002412
0.07893997,-0.98727183014944098
0.0789906,-1.0346585336971077
0.07904124,-1.0918869611382935
0.07909187,-1.1563414558085952
0.07914251,-1.2248544736246583
0.07919314,-1.2937704874354303
0.07924378,-1.3592372900416758
0.07929441,-1.4173439852417535
0.07934505,-1.464406884082581
0.07939568,-1.4972257429384999
0.07944632,-1.5132588023866722
0.07949695,-1.5108358787688265
0.07954759,-1.4892534278448812
0.07959822,-1.4488590680350955
0.07964886,-1.3909995137164375
0.07969949,-1.317950140236098
0.07975013,-1.2326899950578811
0.07980076,-1.1387003932230264
0.07985139,-1.0396320419682648
0.07990203,-0.93902675348475673
0.07995266,-0.84006430646899166
0.0800033,-0.74541423609819657
0.08005393,-0.65698748373881222
0.08010457,-0.57595464143357911
0.0801552,-0.50262885116920142
0.08020584,-0.43673176934617491
0.08025647,-0.37746039188551128
0.08030711,-0.32371309330396941
0.08035774,-0.27425634352722483
0.08040838,-0.22785020045326473
0.08045901,-0.18338212153467021
0.08050965,-0.13990251397106962
0.08056028,-0.096656709516717537
0.08061092,-0.053154112579032256
0.08066155,-0.0091027676057675727
0.08071219,0.035636880528342282
0.08076282,0.081083236989307278
0.08081346,0.12705920498215248
0.08086409,0.17329212179523887
0.08091473,0.21925371958846668
0.08096536,0.26414750181196023
0.081016,0.30685327250632449
0.08106663,0.34595290328517719
0.08111727,0.37970291279102997
0.0811679,0.40615801684741321
0.08121854,0.42321069029975222
0.08126917,0.4288043654983737
0.08131981,0.42107764492627781
0.08137044,0.39860449254352304
0.08142108,0.36054931553117875
0.08147172,0.30683857215308891
0.08152235,0.23818112920064355
0.08157299,0.15623292680692247
0.08162362,0.063385094271059705
0.08167426,-0.037259518418900683
0.08172489,-0.14200686143159361
0.08177553,-0.24685886169470528
0.08182616,-0.34764280159725902
0.0818768,-0.44038505762840996
0.08192743,-0.52157330212214537
0.08197807,-0.58823796171584297
0.0820287,-0.6382153111811858
0.08207934,-0.67031349133092477
0.08212997,-0.68434209323145567
0.08218061,-0.68109175851887027
0.08223124,-0.66226170785195126
0.08228188,-0.63026097346910537
0.08233251,-0.58796968496701285
0.08238315,-0.53854060909784096
0.08243378,-0.48516962143988296
0.08248441,-0.43075087456658867
0.08253505,-0.37789940863457128
0.08258568,-0.32870590503817965
0.08263632,-0.28469821955362773
0.08268695,-0.24685736935788646
0.08273759,-0.21561618236644475
0.08278822,-0.19111332240907311
0.08283886,-0.17316476837588241
0.08288949,-0.16135340212186203
0.08294013,-0.15502964219629589
0.08299076,-0.15342624859279005
0.0830414,-0.15569987627888088
0.08309203,-0.16095305974366114
0.08314267,-0.16818287371119528
0.0831933,-0.17629505482355315
0.08324394,-0.18416570938087504
0.08329457,-0.19068414421695956
0.08334521,-0.19485140735806702
0.08339584,-0.19588531135462792
0.08344648,-0.19334111178208202
0.08349711,-0.18721641187326965
0.08354775,-0.17802300106746449
0.08359838,-0.16682548230452571
0.08364902,-0.15524023260003184
0.08369965,-0.14529145391982401
0.08375029,-0.13936203845590878
0.08380092,-0.14002799375328756
0.08385156,-0.14978177530017189
0.08390219,-0.1709197327389082
0.08395283,-0.20532219870259105
0.08400346,-0.2543191525568807
0.0840541,-0.31851929698518971
0.08410473,-0.3976940449722437
0.08415537,-0.49083267796978797
0.08420601,-0.59608176457209805
0.08425664,-0.71085222902416856
0.08430728,-0.83188578921219558
0.08435791,-0.95548535154065162
0.08440855,-1.0775928846825262
0.08445918,-1.1940683005517798
0.08450982,-1.3009358890022975
0.08456045,-1.3944182792575588
0.08461109,-1.4714041837502596
0.08466172,-1.5295550304193504
0.08471236,-1.5674598750800737
0.08476299,-1.5847750335159532
0.08481363,-1.5822378685264455
0.08486426,-1.561611517090761
0.0849149,-1.5255252608142134
0.08496553,-1.4772717729454903
0.08501617,-1.4204875226713476
0.0850668,-1.3588967140142345
0.08511743,-1.2959737105705083
0.08516807,-1.2346596183530505
0.0852187,-1.177330758032942
0.08526934,-1.1254636907863014
0.08531997,-1.0797106067471667
0.08537061,-1.0399602634960092
0.08542124,-1.0054680835083754
0.08547188,-0.9750836404498634
0.08552251,-0.94743561795104214
0.08557315,-0.92110739953779763
0.08562378,-0.89474944459406835
0.08567442,-0.86720931844857496
0.08572505,-0.83758859638250005
0.08577569,-0.80529616256027547
0.08582632,-0.77004472249526146
0.08587696,-0.73181321811442868
0.08592759,-0.69077047457309193
0.08597823,-0.64752413177773216
0.08602886,-0.60256814037358342
0.0860795,-0.55675050093780509
0.08613013,-0.51114325928418136
0.08618077,-0.46706511133832807
0.0862314,-0.42605793228053734
0.08628204,-0.3899425230651985
0.08633267,-0.3607371910663556
0.08638331,-0.34058975451994183
0.08643394,-0.33167386985569008
0.08648458,-0.33603288880661586
0.08653521,-0.35526243886940401
0.08658585,-0.39046537052497593
0.08663648,-0.44196900610898809
0.08668712,-0.50936839815200408
0.08673775,-0.59135060401258466
0.08678839,-0.68574317428794429
0.08683903,-0.78956617235241799
0.08688966,-0.89923820833421408
0.0869403,-1.0107348028883492
0.08699093,-1.1197308300993838
0.08704157,-1.2220468572169203
0.0870922,-1.3138183890649402
0.08714284,-1.3916919581692968
0.08719347,-1.4530919041449843
0.08724411,-1.4962960466957698
0.08729474,-1.5205903436284469
0.08734538,-1.5262284299020379
0.08739601,-1.5144016588278384
0.08744665,-1.4870313408208964
0.08749728,-1.4467218042072578
0.08754792,-1.3962151599855432
0.08759855,-1.3384507340521028
0.08764919,-1.2763957458954402
0.08769982,-1.2127501232251254
0.08775045,-1.1498344743110467
0.08780109,-1.0895415607103691
0.08785172,-1.0332848336380724
0.08790236,-0.98202063017003549
0.08795299,-0.93625997503135627
0.08800363,-0.89621930905892733
0.08805426,-0.86182624856876167
0.0881049,-0.83260713273141596
0.08815553,-0.8078482757757588
0.08820617,-0.78679139660669861
0.0882568,-0.76840164693864532
0.08830744,-0.75139093874778806
0.08835807,-0.73435108607260857
0.08840871,-0.71579213959447996
0.08845934,-0.69428853666263457
0.08850998,-0.66856123068105122
0.08856061,-0.63760517332231181
0.08861125,-0.60091719974379521
0.08866188,-0.55845280399780695
0.08871252,-0.51078570560704217
0.08876315,-0.45907244668692804
0.08881379,-0.40508890523469021
0.08886442,-0.35104671387246905
0.08891506,-0.29952196179836182
0.08896569,-0.25330530875721113
0.08901633,-0.21518754941697865
0.08906696,-0.18783385138707209
0.0891176,-0.1735452802161348
0.08916823,-0.1740781489913738
0.08921887,-0.19054254793399455
0.0892695,-0.22332513747941812
0.08932014,-0.27209448425748306
0.08937077,-0.33556926571548124
0.08942141,-0.41180355273367708
0.08947205,-0.49820823765326239
0.08952268,-0.59150323359044732
0.08957332,-0.68806302613022474
0.08962395,-0.78395945598122341
0.08967459,-0.87506545530891588
0.08972522,-0.95738743831659745
0.08977586,-1.0271723274462889
0.08982649,-1.0812872683280392
0.08987713,-1.1173589524081293
0.08992776,-1.1339581924796394
0.0899784,-1.1307315851210158
0.09002903,-1.1084780878026297
0.09007967,-1.0690389756622498
0.0901303,-1.0151675055683012
0.09018094,-0.95026538618387524
0.09023157,-0.87804880351964487
0.09028221,-0.80223392402093407
0.09033284,-0.72625978851853379
0.09038348,-0.65292557176268318
0.09043411,-0.58417631909930534
0.09048474,-0.52110095382824695
0.09053538,-0.46393923732906689
0.09058601,-0.41217608180073356
0.09063665,-0.36474208384846418
0.09068728,-0.32021537701602243
0.09073792,-0.27708040570558212
0.09078855,-0.23382118524937781
0.09083919,-0.18913374039384842
0.09088982,-0.14202710672478303
0.09094046,-0.091849282109293467
0.09099109,-0.038399508729299175
0.09104173,0.018220351193192125
0.09109236,0.077520225836190906
0.091143,0.1387536005635471
0.09119363,0.20088874410794685
0.09124427,0.26270502552901931
0.0912949,0.32274625279322688
0.09134554,0.37940302414291804
0.09139617,0.43090087854390313
0.09144681,0.47539638826598846
0.09149744,0.51086734007387813
0.09154808,0.53548412868106909
0.09159871,0.54746486502789515
0.09164935,0.54528362557312882
0.09169998,0.52779155318104576
0.09175062,0.49432590811403671
0.09180125,0.44486621107644125
0.09185189,0.38008262103476348
0.09190252,0.30139222070057881
0.09195316,0.21092541214468719
0.09200379,0.11146514742868491
0.09205443,0.0062804944497155679
0.09210506,-0.10099670868228716
0.0921557,-0.20660639886907339
0.09220634,-0.30683242961907015
0.09225697,-0.39830798497800224
0.09230761,-0.47817023662977726
0.09235824,-0.54422792276813103
0.09240888,-0.59507388860935295
0.09245951,-0.63015921675578324
0.09251015,-0.64980173294442811
0.09256078,-0.65510710867233568
0.09261142,-0.64786482465040796
0.09266205,-0.63040388004310288
0.09271269,-0.60525354900862038
0.09276332,-0.57516210679137902
0.09281396,-0.54281841208891324
0.09286459,-0.51075227292563219
0.09291523,-0.48118659015680437
0.09296586,-0.45593907616115353
0.0930165,-0.43640505702080756
0.09306713,-0.42357703101483057
0.09311776,-0.41803966258844794
0.0931684,-0.42000499915008349
0.09321903,-0.42934275955191886
0.09326967,-0.44558453555142474
0.0933203,-0.46788519398168493
0.09337094,-0.49508744373384833
0.09342157,-0.5259634029774769
0.09347221,-0.55903697131064722
0.09352284,-0.59261277574942894
0.09357348,-0.62498964568627502
0.09362411,-0.65455972719723243
0.09367475,-0.67988590111127689
0.09372538,-0.69987803764952661
0.09377602,-0.71387031200240025
0.09382665,-0.72168833254009024
0.09387729,-0.72370894916331185
0.09392792,-0.72087401718556277
0.09397856,-0.71464935345975533
0.09402919,-0.70692906302098957
0.09407983,-0.69996534964230328
0.09413046,-0.69621484148715707
0.0941811,-0.69818920407941698
0.09423173,-0.70830402736837417
0.09428237,-0.72873795909578587
0.094333,-0.76126392330627057
0.09438364,-0.80712546081727754
0.09443427,-0.86697961382868027
0.09448491,-0.94085702364441004
0.09453554,-1.0279875344818135
0.09458618,-1.1269662638373326
0.09463681,-1.235736388551067
0.09468745,-1.3516012786203249
0.09473808,-1.4713058083665926
0.09478872,-1.5912311905092251
0.09483936,-1.7074717677262448
0.09488999,-1.8158480614920962
0.09494063,-1.9124053723046917
0.09499126,-1.9935350332684243
0.0950419,-2.0562735152320686
0.09509253,-2.0985795393703572
0.09514317,-2.1195169023504414
0.0951938,-2.119305252054144
0.09524444,-2.0993894642533415
0.09529507,-2.0622701672017349
0.09534571,-2.0112832023906213
0.09539634,-1.9502166608195193
0.09544698,-1.8829550182797705
0.09549761,-1.8131201278751801
0.09554825,-1.7437733744652029
0.09559888,-1.6771602267076002
0.09564952,-1.6145178306650778
0.09570015,-1.5561451121689165
0.09575078,-1.5015641646199211
0.09580142,-1.449714388527481
0.09585205,-1.3991146827399237
0.09590269,-1.3480371533903455
0.09595332,-1.2948758349318252
0.09600396,-1.2382569677820068
0.09605459,-1.1771707588156248
0.09610523,-1.1110540934314495
0.09615586,-1.0397723938149741
0.0962065,-0.96359370399283206
0.09625713,-0.88314759521895514
0.09630777,-0.79944042672786031
0.0963584,-0.71369784179414497
0.09640904,-0.62751099975221958
0.09645967,-0.54253936152556026
0.09651031,-0.46064355825486508
0.09656094,-0.38375049070145451
0.09661158,-0.31381680003786772
0.09666221,-0.25273515349748765
0.09671285,-0.20230961301898004
0.09676348,-0.16413509998918691
0.09681412,-0.13949589497383702
0.09686475,-0.12926626373565242
0.09691539,-0.13379463217426818
0.09696602,-0.15283586143014261
0.09701666,-0.18552090639581742
0.09706729,-0.23031013389816785
0.09711793,-0.28504409986285373
0.09716856,-0.34696643328839355
0.0972192,-0.41288430134694137
0.09726983,-0.47931089940616828
0.09732047,-0.54267761201061471
0.0973711,-0.59955126783746993
0.09742174,-0.64683657878504353
0.09747237,-0.68191981572906335
0.09752301,-0.70282091110973899
0.09757365,-0.70840471405485839
0.09762428,-0.69823134832680811
0.09767492,-0.67274410547538233
0.09772555,-0.6331329956750702
0.09777619,-0.58117601103480176
0.09782682,-0.51933703277335141
0.09787746,-0.45009780825728751
0.09792809,-0.37630589124831426
0.09797873,-0.30066634217531918
0.09802936,-0.22577822942302922
0.09808,-0.15391932154829185
0.09813063,-0.08698209241883996
0.09818127,-0.026436230289834772
0.0982319,0.026688311600820969
0.09828254,0.071774095175007949
0.09833317,0.10863069203136858
0.0983838,0.13742103619347693
0.09843444,0.15872674145626769
0.09848507,0.17350617704086288
0.09853571,0.18283829265571261
0.09858634,0.18800041111456595
0.09863698,0.19050140255894865
0.09868761,0.19194905359404124
0.09873825,0.19392512700334447
0.09878888,0.19786668374478439
0.09883952,0.20495863979310364
0.09889015,0.21600270381703873
0.09894079,0.23138850147222353
0.09899142,0.25096559578500949
0.09904206,0.27409297616001682
0.09909269,0.29956713573905724
0.09914333,0.32578089389325326
0.09919396,0.35071706639340583
0.0992446,0.37202881361442008
0.09929523,0.38722808709887147
0.09934587,0.39381644031138463
0.0993965,0.38954701698251093
0.09944714,0.37244862634482839
0.09949777,0.34076691527560782
0.09954841,0.29335850690562298
0.09959904,0.22967519436406769
0.09964968,0.14993504978372219
0.09970031,0.055001985134094156
0.09975095,-0.053522650224585355
0.09980158,-0.17350430485602225
0.09985222,-0.30211051773085806
0.09990285,-0.4360085474943472
0.09995349,-0.57144731646762281
0.10000412,-0.7044702349084887
0.10005476,-0.83096814971023492
0.10010539,-0.946705240535748
0.10015603,-1.0480596347924296
0.10020667,-1.1319890023437342
0.1002573,-1.196388785294684
0.10030794,-1.2403111798063928
0.10035857,-1.2639979755130208
0.10040921,-1.2689825067855631
0.10045984,-1.2578476335438973
0.10051048,-1.2340146877324707
0.10056111,-1.2013566757508856
0.10061175,-1.1637521694847115
0.10066238,-1.1248337997366702
0.10071302,-1.0876015205811689
0.10076365,-1.0541663141985573
0.10081429,-1.0256424160321405
0.10086492,-1.0021769235851425
0.10091556,-0.98307108762721362
0.10096619,-0.96698130407628213
0.10101683,-0.95219822523433806
0.10106746,-0.9368720326451716
0.10111809,-0.91924384026912942
0.10116873,-0.89782652381406169
0.10121936,-0.8714877238417108
0.10127,-0.83956530411824237
0.10132063,-0.80182009084751082
0.10137127,-0.75845771323340128
0.1014219,-0.71005575358937523
0.10147254,-0.65761065623531945
0.10152317,-0.60243786594059001
0.10157381,-0.54601232608458106
0.10162444,-0.49010393249710621
0.10167508,-0.43666252062020672
0.10172571,-0.38777249162353583
0.10177635,-0.3456156941926023
0.10182698,-0.31219907417726889
0.10187762,-0.28943962781330757
0.10192825,-0.27901673051727294
0.10197889,-0.28226374120686387
0.10202952,-0.3000768305023111
0.10208016,-0.33278525389186364
0.10213079,-0.38009193206064423
0.10218143,-0.4410489703132589
0.10223206,-0.51403398593599925
0.1022827,-0.59684630046192377
0.10233333,-0.6866743135015545
0.10238397,-0.78030796806665936
0.1024346,-0.87421101462188822
0.10248524,-0.96476750384906984
0.10253587,-1.0484863826098847
0.10258651,-1.122180399196347
0.10263714,-1.1831329774706101
0.10268778,-1.2292803350637795
0.10273841,-1.259246454749537
0.10278905,-1.2724866534849175
0.10283969,-1.2692930008333156
0.10289032,-1.2507473574854151
0.10294096,-1.2185886603743652
0.10299159,-1.1750665501643145
0.10304223,-1.1228583160962589
0.10309286,-1.0646979240067391
0.1031435,-1.003393082789092
0.10319413,-0.94160089349980725
0.10324477,-0.8816841392395709
0.1032954,-0.82563942068283325
0.10334604,-0.77502673401319866
0.10339667,-0.73093980993993957
0.10344731,-0.69404660377089988
0.10349794,-0.66458971780063059
0.10354858,-0.64238414223113527
0.10359921,-0.62688155241616605
0.10364985,-0.61708249117117642
0.10370048,-0.61169680195139109
0.10375111,-0.60942448602006749
0.10380175,-0.6086901187814886
0.10385238,-0.60777999586072862
0.10390302,-0.60500904066153349
0.10395365,-0.59886856592429139
0.10400429,-0.58814687694752599
0.10405492,-0.57203811173749108
0.10410556,-0.55017631616251905
0.10415619,-0.52278718158074067
0.10420683,-0.49065842076849192
0.10425746,-0.45508819093224862
0.1043081,-0.41786310562683315
0.10435873,-0.38120424074635789
0.10440937,-0.3475913670708678
0.10446,-0.31965899273853493
0.10451064,-0.30002405905157103
0.10456127,-0.29114095154329822
0.10461191,-0.29513108133396831
0.10466254,-0.31366357080151042
0.10471318,-0.34782875297882665
0.10476381,-0.39805219441774259
0.10481445,-0.46408327291724716
0.10486508,-0.54491384442550139
0.10491572,-0.63887423610878447
0.10496635,-0.74365141096682852
0.10501699,-0.85644133567994241
0.10506762,-0.97362757649711384
0.10511826,-1.0913423240392874
0.10516889,-1.2055323210970412
0.10521953,-1.3120061972704435
0.10527016,-1.406775951279662
0.1053208,-1.4863546560459393
0.10537143,-1.5479319747463745
0.10542207,-1.5896744036618426
0.1054727,-1.6108520155258421
0.10552334,-1.6119779686445899
0.10557398,-1.5947524984265571
0.10562461,-1.5619184556225689
0.10567525,-1.516976034846329
0.10572588,-1.4637923270956719
0.10577652,-1.4062067093717279
0.10582715,-1.3477637033722505
0.10587779,-1.2913208750054288
0.10592842,-1.2388322376917176
0.10597906,-1.1913150249018549
0.10602969,-1.1488402289575133
0.10608033,-1.110640829111416
0.10613096,-1.0753138679144825
0.1061816,-1.04114998997236
0.10623223,-1.0063426961025956
0.10628287,-0.96918006448667327
0.1063335,-0.92819127997562534
0.10638413,-0.8822470814637452
0.10643477,-0.83062489308281751
0.1064854,-0.77304206758456551
0.10653604,-0.70958918685024197
0.10658667,-0.64071168751158214
0.10663731,-0.5672159190773931
0.10668794,-0.49021756327694449
0.10673858,-0.41107855528399295
0.10678921,-0.33139805360627195
0.10683985,-0.25299438526710077
0.10689048,-0.17783668799837604
0.10694112,-0.1079566380627105
0.10699175,-0.045460798411958658
0.10704239,0.0076005174831176858
0.10709302,0.04932627054339872
0.10714366,0.078058501887387832
0.10719429,0.092504323231165642
0.10724493,0.091963723575633871
0.10729556,0.076285773355145414
0.1073462,0.045988263116904682
0.10739683,0.0022795274494605278
0.10744747,-0.052955128117123051
0.1074981,-0.11719065764096276
0.10754874,-0.18740620412632975
0.10759937,-0.26016969663595668
0.10765001,-0.33184263009178738
0.10770064,-0.39877581941257301
0.10775128,-0.45751958501359991
0.10780191,-0.50501939490098302
0.10785255,-0.53876634083514041
0.10790318,-0.5570145283339708
0.10795382,-0.55880345627089578
0.10800445,-0.54403557925397483
0.10805509,-0.51346605586815619
0.10810572,-0.46860683503682243
0.10815636,-0.41158471326742424
0.108207,-0.34491923094152105
0.10825763,-0.27138109858923137
0.10830827,-0.19399237581005377
0.1083589,-0.11559234048475206
0.10840954,-0.038862021856356538
0.10846017,0.033877811403937599
0.10851081,0.10071161566435259
0.10856144,0.16020458736374715
0.10861208,0.21134431128917822
0.10866271,0.25359119809423786
0.10871335,0.28686145973808935
0.10876398,0.31144883179488775
0.10881462,0.32808081121186461
0.10886525,0.33788406413046274
0.10891589,0.34219731885617299
0.10896652,0.34249479655832538
0.10901716,0.34041844051716835
0.10906779,0.33759952516368247
0.10911842,0.33559750074335665
0.10916906,0.33567240574069723
0.10921969,0.33876749758336322
0.10927033,0.34536227907767519
0.10932096,0.35541065003901717
0.1093716,0.36831849375798309
0.10942223,0.3829538542169677
0.10947287,0.39768927619499395
0.1095235,0.41049200973212246
0.10957414,0.41903893702097339
0.10962477,0.42084185874139579
0.10967541,0.41339488274347586
0.10972604,0.39435655324181468
0.10977668,0.36169498270738848
0.10982731,0.31391702831148183
0.10987795,0.24996266733316197
0.10992858,0.16936588314058632
0.10997922,0.072473017611003665
0.11002985,-0.039769209996957267
0.11008049,-0.1657243766946333
0.11013112,-0.30295077610143373
0.11018176,-0.44860065425535622
0.11023239,-0.59920685602269497
0.11028303,-0.75100391524604126
0.11033366,-0.90003099779492002
0.1103843,-1.0421380888915999
0.11043493,-1.173579650158683
0.11048557,-1.2908925332971082
0.1105362,-1.391342756308894
0.11058684,-1.4732939982181863
0.11063747,-1.5358923311700381
0.11068811,-1.5795865548011614
0.11073874,-1.6059266919346651
0.11078938,-1.6174652893109613
0.11084002,-1.6174857708074792
0.11089065,-1.6096426425971777
0.11094129,-1.5975839604398145
0.11099192,-1.5846738613143627
0.11104256,-1.5736815643417166
0.11109319,-1.5664835660954068
0.11114383,-1.5640527864868938
0.11119446,-1.5664536011715215
0.1112451,-1.5729287554082356
0.11129573,-1.5821031865290822
0.11134637,-1.5922297264322742
0.111397,-1.6014329790916286
0.11144764,-1.6078976658876265
0.11149827,-1.6100145632726963
0.11154891,-1.6064726017888198
0.11159954,-1.5963099750864673
0.11165018,-1.5789541361798562
0.11170081,-1.5541890044623974
0.11175144,-1.5221411915693541
0.11180208,-1.4832617807305553
0.11185271,-1.4383392469981848
0.11190335,-1.3883666583205121
0.11195398,-1.334609790248088
0.11200462,-1.2785552021042452
0.11205525,-1.221930434974517
0.11210589,-1.1666043811299482
0.11215652,-1.1145861439686817
0.11220716,-1.0678928025392831
0.11225779,-1.0285479660788437
0.11230843,-0.99844469332096586
0.11235906,-0.97931951950658425
0.1124097,-0.97239678974474675
0.11246033,-0.978462728785088
0.11251097,-0.99774801739744479
0.1125616,-1.0298338064393917
0.11261224,-1.0736289968083035
0.11266287,-1.1273486997902533
0.11271351,-1.1885744464583754
0.11276414,-1.2543027778598677
0.11281478,-1.3211254522767013
0.11286541,-1.3853708611108484
0.11291605,-1.4433057955592257
0.11296668,-1.4914269631178585
0.11301732,-1.5265879321978582
0.11306795,-1.5462385572458777
0.11311859,-1.5485966512675475
0.11316922,-1.5327132601105862
0.11321986,-1.4985363047778364
0.11327049,-1.4468343390704979
0.11332113,-1.379184600553955
0.11337176,-1.2978005071274579
0.1134224,-1.2052642024337448
0.11347303,-1.1043384240027654
0.11352367,-0.99799272725300225
0.11357431,-0.88909558591446791
0.11362494,-0.78032806776889696
0.11367558,-0.67403851198772213
0.11372621,-0.57215633582538494
0.11377685,-0.47630434032246477
0.11382748,-0.38759204281653786
0.11387812,-0.30655261565408909
0.11392875,-0.23343620547096511
0.11397939,-0.16822800515942685
0.11403002,-0.11034063139669922
0.11408066,-0.058788206162989881
0.11413129,-0.012311659246436402
0.11418193,0.030448447289878305
0.11423256,0.070870768722664623
0.1142832,0.1104448527953289
0.11433383,0.15052479194081925
0.11438446,0.1922060243953051
0.1144351,0.23617768847992632
0.11448573,0.28266673309679458
0.11453637,0.33140606508747317
0.114587,0.38163707228669508
0.11463764,0.43203342639717646
0.11468827,0.48087298628144748
0.11473891,0.52602313068060413
0.11478954,0.56527829638018234
0.11484018,0.59630558033342074
0.11489081,0.61690516753988722
0.11494145,0.62508892809469918
0.11499208,0.6192652499534822
0.11504272,0.59833534479295425
0.11509335,0.56174640363000683
0.11514399,0.5095711038856533
0.11519462,0.44255732671501891
0.11524526,0.36189034178441482
0.11529589,0.26948549564374324
0.11534653,0.16763744372111677
0.11539716,0.059119531470502307
0.1154478,-0.052986672886197572
0.11549843,-0.16509444017411573
0.11554907,-0.27369177415842533
0.1155997,-0.37526722160052844
0.11565034,-0.46669577978668297
0.11570097,-0.54540925205906188
0.11575161,-0.6094624472015906
0.11580224,-0.65785975803073349
0.11585288,-0.6905993527646096
0.11590351,-0.70866643968782195
0.11595415,-0.71398769440551335
0.11600478,-0.70924355237364256
0.11605542,-0.69759427938627305
0.11610605,-0.68231384049423338
0.11615669,-0.66661127130876519
0.11620733,-0.65326390191274275
0.11625796,-0.64435105811857341
0.1163086,-0.64112168201575481
0.11635923,-0.64396881007020512
0.11640987,-0.6524485727046766
0.1164605,-0.66544606272847462
0.11651114,-0.68136810452219854
0.11656177,-0.69837484348142942
0.11661241,-0.71458166274201407
0.11666304,-0.72823212210700938
0.11671368,-0.73781180724797701
0.11676431,-0.74210286413095372
0.11681495,-0.74022399392082616
0.11686558,-0.73164696596903189
0.11691622,-0.71619363634543753
0.11696685,-0.69399567037535559
0.11701748,-0.66548955121080433
0.11706812,-0.63133269393908131
0.11711875,-0.59245835277709213
0.11716939,-0.55005469545704955
0.11722002,-0.50557096053450801
0.11727066,-0.46064095345724432
0.11732129,-0.41710109302370479
0.11737193,-0.37687824387234337
0.11742256,-0.34201857454090945
0.1174732,-0.31458507864812524
0.11752383,-0.29657061538334151
0.11757447,-0.2897800041975046
0.1176251,-0.29572699758054533
0.11767574,-0.31551759982944783
0.11772637,-0.34974072929983713
0.11777701,-0.39840166169085067
0.11782764,-0.46082898340147366
0.11787828,-0.53568435812213366
0.11792891,-0.62095160512010472
0.11797955,-0.71391773430444583
0.11803018,-0.81141459983061504
0.11808082,-0.90981414159816565
0.11813145,-1.0053395289256772
0.11818209,-1.0941666420021474
0.11823272,-1.172795173112932
0.11828336,-1.2381002850121634
0.11833399,-1.2876027430924886
0.11838463,-1.3196472589403327
0.11843526,-1.3333100770814958
0.1184859,-1.3286144124017021
0.11853653,-1.3064041481351052
0.11858717,-1.2683143658052298
0.1186378,-1.2165490128227701
0.11868844,-1.1537020454132636
0.11873907,-1.0824135746369921
0.11878971,-1.0057194769796012
0.11884035,-0.9264366373287144
0.11889098,-0.84712994275121556
0.11894162,-0.77002091978064136
0.11899225,-0.69696001392583884
0.11904289,-0.62928875247769611
0.11909352,-0.56798195619874392
0.11914416,-0.51355645469531797
0.11919479,-0.46611673309833834
0.11924543,-0.4253933666822815
0.11929606,-0.39074566013229756
0.1193467,-0.36110219711557057
0.11939733,-0.33530300854305461
0.11944797,-0.31215326137420524
0.1194986,-0.29025328738916489
0.11954924,-0.2682581855868521
0.11959987,-0.24501203785630624
0.11965051,-0.21966052368176128
0.11970114,-0.19186566752961853
0.11975177,-0.16163952208577609
0.11980241,-0.12961144781049702
0.11985304,-0.096816489991327109
0.11990368,-0.06475014296814019
0.11995431,-0.035231223754759622
0.12000495,-0.010292849568314832
0.12005558,0.0079564937865891361
0.12010622,0.017491625924615506
0.12015685,0.016465390810709135
0.12020749,0.0033553287716215352
0.12025812,-0.02294604446385029
0.12030876,-0.063072248489108251
0.12035939,-0.11711802697657769
0.12041003,-0.18462849538462794
0.12046066,-0.26459847205262377
0.1205113,-0.35550551438518641
0.12056193,-0.45533437274869826
0.12061257,-0.56163229681223703
0.1206632,-0.67166190661342728
0.12071384,-0.78250166630754714
0.12076447,-0.8909010162193487
0.12081511,-0.99369703628679018
0.12086574,-1.0879538195122385
0.12091638,-1.1711336325072454
0.12096701,-1.2412815139054629
0.12101765,-1.2972119498742196
0.12106828,-1.3385477884036103
0.12111892,-1.3658044735249577
0.12116955,-1.3803768112812229
0.12122019,-1.384401199942161
0.12127082,-1.3805363257891334
0.12132146,-1.3716915422729477
0.12137209,-1.3607551662513142
0.12142273,-1.3503026137509853
0.12147336,-1.3423850173021787
0.121524,-1.3383395037841304
0.12157464,-1.3387169445203058
0.12162527,-1.3432820254498532
0.12167591,-1.3511268650630386
0.12172654,-1.3608448780733866
0.12177718,-1.3707324808288499
0.12182781,-1.3789752636220611
0.12187845,-1.383831403539685
0.12192908,-1.3837537796288863
0.12197972,-1.3774696092319396
0.12203035,-1.3640210334501073
0.12208099,-1.342795304927205
0.12213162,-1.3135653613162994
0.12218226,-1.276373306850521
0.12223289,-1.2314815514689952
0.12228353,-1.1794687940288247
0.12233416,-1.1211603793875522
0.12238479,-1.0576311030225001
0.12243543,-0.99009373177793203
0.12248606,-0.91999919365479943
0.1225367,-0.84893348459529794
0.12258733,-0.77868946617958723
0.12263797,-0.71122022828096232
0.1226886,-0.64845860536466393
0.12273924,-0.59243819731674841
0.12278987,-0.54511488991557755
0.12284051,-0.50836357347113847
0.12289114,-0.48382362653625138
0.12294178,-0.47279435533275804
0.12299241,-0.47606182692964616
0.12304305,-0.49389924858203321
0.12309368,-0.52595504079412492
0.12314432,-0.57119304916121938
0.12319495,-0.62788464073170003
0.12324559,-0.69363094332434816
0.12329622,-0.7654417453321728
0.12334686,-0.83984577083241319
0.12339749,-0.91304052796380109
0.12344813,-0.98114303028237559
0.12349876,-1.0403561954255509
0.1235494,-1.0873311933875267
0.12360003,-1.1193069197268652
0.12365067,-1.1342430281175599
0.1237013,-1.1309716686979168
0.12375194,-1.1092363759506312
0.12380257,-1.0696626995172476
0.12385321,-1.0136698669784325
0.12390384,-0.94335212641679589
0.12395448,-0.8612754140508756
0.12400511,-0.77024164946595175
0.12405575,-0.67317757298756542
0.12410638,-0.57309160983588481
0.12415702,-0.47275925950850728
0.12420766,-0.37458680202628392
0.12425829,-0.28056630105837538
0.12430893,-0.19225650171543879
0.12435956,-0.11082875199226511
0.1244102,-0.036895137140539991
0.12446083,0.029411529713645024
0.12451147,0.088208321209276991
0.1245621,0.14011400798004417
0.12461274,0.18611464080420126
0.12466337,0.22731205752298739
0.12471401,0.26495861854939595
0.12476464,0.30036571367476317
0.12481528,0.3348830511757826
0.12486591,0.36969216379279324
0.12491655,0.40567817970912201
0.12496718,0.44329757073574583
0.12501782,0.48253668629664204
0.12506845,0.52289155877846927
0.12511908,0.56337658273169877
0.12516972,0.60258195722104935
0.12522036,0.63879006370059044
0.12527099,0.67003752757171275
0.12532162,0.69431318784158336
0.12537226,0.70963867477992904
0.1254229,0.71422692739786353
0.12547353,0.70659098631551753
0.12552416,0.68564004526254829
0.1255748,0.65071516634033477
0.12562544,0.60168871219458864
0.12567607,0.53887700751962631
0.1257267,0.46313241960143148
0.12577734,0.37576355901925645
0.12582798,0.27855217152405609
0.12587861,0.17357157673998636
0.12592924,0.063322629028417898
0.12597988,-0.049434677473987276
0.12603052,-0.16176161359279945
0.12608115,-0.27066520963143487
0.12613178,-0.37331142872558021
0.12618242,-0.46720844042031384
0.12623306,-0.55027477099270961
0.12628369,-0.62114650584929287
0.12633432,-0.67925729095464293
0.12638496,-0.72490763458652674
0.12643559,-0.75920482165811309
0.12648623,-0.78403549121534322
0.12653686,-0.80179184808313342
0.1265875,-0.81516781595834265
0.12663813,-0.826906733313165
0.12668877,-0.83955281374607327
0.1267394,-0.85510373827980857
0.12679004,-0.87492692786143955
0.12684067,-0.89963461499779118
0.12689131,-0.92908054601426726
0.12694195,-0.96243936520713702
0.12699258,-0.99834312768375555
0.12704321,-1.0350947350544555
0.12709385,-1.0708730165114098
0.12714449,-1.1039207788605525
0.12719512,-1.1326336252580977
0.12724575,-1.1557235120469684
0.12729639,-1.1722144209563576
0.12734703,-1.1814369178856108
0.12739766,-1.1832098138737726
0.12744829,-1.1774532125209907
0.12749893,-1.1644273698542291
0.12754957,-1.1446814751913967
0.1276002,-1.1189848628848258
0.12765083,-1.0883171620042427
0.12770147,-1.0537801098833779
0.12775211,-1.0166896829315273
0.12780274,-0.97852122548310128
0.12785337,-0.94090797306763663
0.12790401,-0.90560518492582553
0.12795465,-0.87441078208122647
0.12800528,-0.84918448430956728
0.12805591,-0.83175815038663603
0.12810655,-0.82386039887461193
0.12815719,-0.82702965133055295
0.12820782,-0.84251104350109396
0.12825845,-0.87118686415878099
0.12830909,-0.91346499054112784
0.12835973,-0.96922898490214904
0.12841036,-1.0377395850703783
0.12846099,-1.1176010578535598
0.12851163,-1.2067368267344509
0.12856227,-1.3024591763524556
0.1286129,-1.4015162371387744
0.12866353,-1.5002297467525623
0.12871417,-1.5946918726224424
0.12876481,-1.6811207461415794
0.12881544,-1.7558973663572892
0.12886607,-1.815906376197812
0.12891671,-1.8586466911587951
0.12896734,-1.8825118539784382
0.12901798,-1.8866424076093349
0.12906861,-1.8712028202056978
0.12911925,-1.8371202021365822
0.12916988,-1.7860804901448697
0.12922052,-1.7203709870141957
0.12927115,-1.6427285296080023
0.12932179,-1.5560354863852979
0.12937242,-1.4633121274879568
0.12942306,-1.3673801347862107
0.12947369,-1.2709925172284124
0.12952433,-1.176486764497338
0.12957496,-1.085733420882339
0.1296256,-1.0001043951062827
0.12967624,-0.9206297777973621
0.12972687,-0.84781654633551851
0.1297775,-0.78173706675244492
0.12982814,-0.72205353593134647
0.12987878,-0.6680167762167053
0.12992941,-0.61844181898252804
0.12998004,-0.57230250484849343
0.13003068,-0.52828255101465516
0.13008132,-0.48498773217023727
0.13013195,-0.4410738484660835
0.13018258,-0.39545578310158797
0.13023322,-0.34736450533369723
0.13028386,-0.29661065558806216
0.13033449,-0.24329992527537192
0.13038512,-0.18819018541186727
0.13043576,-0.13238373533523715
0.1304864,-0.077404638334663711
0.13053703,-0.025052985286859064
0.13058766,0.022766052394160186
0.1306383,0.064063213157442622
0.13068894,0.097027208690614208
0.13073957,0.1200345506537363
0.1307902,0.13179000934001073
0.13084084,0.13137561847865653
0.13089148,0.11830191365284098
0.13094211,0.092561793595492436
0.13099274,0.054618619363267285
0.13104338,0.0054041134876899322
0.13109402,-0.053853461941068437
0.13114465,-0.12120890301461895
0.13119528,-0.19447153472550199
0.13124592,-0.27115906580675087
0.13129656,-0.34858909485203049
0.13134719,-0.42396284572009668
0.13139782,-0.49452932510895681
0.13144846,-0.55773113165597477
0.1314991,-0.61136527654028183
0.13154973,-0.65379695232811863
0.13160036,-0.684067140593138
0.131651,-0.70197419479878553
0.13170163,-0.70813902152375274
0.13175227,-0.70397536337180378
0.1318029,-0.69156696303982002
0.13185354,-0.6734520443266041
0.13190417,-0.65238071187300062
0.13195481,-0.63108853966844269
0.13200544,-0.61198629347209677
0.13205608,-0.59691984834552869
0.13210671,-0.58708067760031002
0.13215735,-0.58289671991467462
0.13220799,-0.58406365782686442
0.13225862,-0.58965208115571888
0.13230925,-0.59826432998678647
0.13235989,-0.6082407542113385
0.13241053,-0.61784646439321489
0.13246116,-0.62543525151586332
0.13251179,-0.62956680350917105
0.13256243,-0.62906994881586509
0.13261307,-0.62312825576063569
0.1326637,-0.61117796562499915
0.13271433,-0.59301524488531077
0.13276497,-0.56877443287484986
0.13281561,-0.53876842692047333
0.13286624,-0.50355255748707395
0.13291687,-0.46388131135403898
0.13296751,-0.42068524146652381
0.13301815,-0.37513437234250013
0.13306878,-0.32857579498427086
0.13311941,-0.2825183551643064
0.13317005,-0.23860292818686107
0.13322069,-0.19854728953432849
0.13327132,-0.16411027114377494
0.13332195,-0.1371425919475302
0.13337259,-0.11939983112112709
0.13342323,-0.11254251516551764
0.13347386,-0.11801040227953166
0.13352449,-0.13695398040411652
0.13357513,-0.17014417036479451
0.13362577,-0.21787687787728124
0.1336764,-0.27987812085097685
0.13372703,-0.35523367471338113
0.13377767,-0.44240949028675941
0.13382831,-0.53916092396285276
0.13387894,-0.64257438670715528
0.13392957,-0.74930548733119839
0.13398021,-0.85550971963184219
0.13403085,-0.95734055118240446
0.13408148,-1.0509131988481291
0.13413211,-1.1326861685605709
0.13418275,-1.1997639320544558
0.13423339,-1.2497741207729809
0.13428402,-1.2812131809120584
0.13433465,-1.29346745039209
0.13438529,-1.2868215111023416
0.13443592,-1.2624215239257437
0.13448656,-1.2221219933252936
0.13453719,-1.168343543973269
0.13458783,-1.1038589927208995
0.13463846,-1.0315848755776207
0.1346891,-0.95459760865964571
0.13473973,-0.87573906927784628
0.13479037,-0.79761957109812864
0.134841,-0.72245413125682556
0.13489164,-0.65197205459099283
0.13494228,-0.58755203796157307
0.13499291,-0.53006535482880424
0.13504354,-0.4799059589024014
0.13509418,-0.43702567514515983
0.13514482,-0.40106531051399313
0.13519545,-0.37104751437059291
0.13524608,-0.34595134568690217
0.13529672,-0.32462408725256242
0.13534736,-0.30565518915014012
0.13539799,-0.28757027664625689
0.13544862,-0.26900027493368811
0.13549926,-0.24881668112008326
0.1355499,-0.22631887942878359
0.13560053,-0.20119035351459494
0.13565116,-0.17356288046799723
0.1357018,-0.14407755794275556
0.13575244,-0.11379177355002501
0.13580307,-0.084139640018307371
0.1358537,-0.05683343626686832
0.13590434,-0.03370938180650801
0.13595498,-0.016628120041789929
0.13600561,-0.0073247945657223812
0.13605624,-0.0073370706606346592
0.13610688,-0.017883472432281056
0.13615752,-0.039798671516845407
0.13620815,-0.073491235486386919
0.13625878,-0.1188875931711314
0.13630942,-0.17548405806694739
0.13636006,-0.24233125876279321
0.13641069,-0.31805834674651678
0.13646132,-0.40086768083854746
0.13651196,-0.48862403799899734
0.1365626,-0.57887332911564227
0.13661323,-0.66902663018301278
0.13666386,-0.75621327346422251
0.1367145,-0.83773963331396251
0.13676514,-0.91111140391749601
0.13681577,-0.97422096635395516
0.1368664,-1.0255922154858328
0.13691704,-1.0644534156776309
0.13696767,-1.0908092368628908
0.13701831,-1.1054900156307783
0.13706894,-1.1100968319531752
0.13711958,-1.1068618794404204
0.13717021,-1.0984249783537254
0.13722085,-1.0875747990353359
0.13727148,-1.0770096454244376
0.13732212,-1.0691035526390353
0.13737275,-1.0656365681085873
0.13742339,-1.0676673901516729
0.13747402,-1.0754474735993571
0.13752466,-1.0885277979153256
0.13757529,-1.1058525073894914
0.13762593,-1.1259365199281359
0.13767657,-1.1470557362363842
0.1377272,-1.1674165858347401
0.13777783,-1.1853377568138188
0.13782847,-1.1993417322045161
0.13787911,-1.2082367960138285
0.13792974,-1.2111676938307074
0.13798037,-1.2075886398150231
0.13803101,-1.1972445140964221
0.13808165,-1.1801425041434492
0.13813228,-1.156543102327718
0.13818291,-1.126973962888546
0.13823355,-1.092154162613713
0.13828419,-1.0529514234210695
0.13833482,-1.010419882799426
0.13838545,-0.96584517470252651
0.13843609,-0.92062149129646254
0.13848673,-0.87630803922842837
0.13853736,-0.83454245195960775
0.13858799,-0.79705320783069222
0.13863863,-0.76564276335873338
0.13868927,-0.74205041270711525
0.1387399,-0.72798955887508887
0.13879053,-0.7249467190899157
0.13884117,-0.73412163520432572
0.13889181,-0.75634522194876741
0.13894244,-0.7919838215497581
0.13899307,-0.84083386476836997
0.13904371,-0.90206914094571011
0.13909435,-0.97422035390764372
0.13914498,-1.0551441103483354
0.13919561,-1.1420918930432062
0.13924625,-1.2317186364888699
0.13929689,-1.3203040835289446
0.13934752,-1.403972442497174
0.13939815,-1.4788820932404259
0.13944879,-1.5415504344955857
0.13949943,-1.5890140103973114
0.13955006,-1.6190130689662632
0.13960069,-1.6300590821385323
0.13965133,-1.6215866138017612
0.13970196,-1.5939193020027487
0.1397526,-1.5482363730000692
0.13980323,-1.4864248660178636
0.13985387,-1.4109582345266187
0.1399045,-1.3246092327174721
0.13995514,-1.2303138518337542
0.14000577,-1.131098299199278
0.14005641,-1.0298007169739472
0.14010704,-0.92902306565517812
0.14015768,-0.83095004813155937
0.14020832,-0.73728868462433128
0.14025895,-0.64943470116825308
0.14030958,-0.56820191072886961
0.14036022,-0.49406942634805845
0.14041086,-0.42701403526520537
0.14046149,-0.36661698452249303
0.14051212,-0.31187366860817056
0.14056276,-0.26185861720872528
0.1406134,-0.21539991959730176
0.14066403,-0.17113580296519296
0.14071466,-0.1276367087549771
0.1407653,-0.083636456017114058
0.14081594,-0.038115670104603538
0.14086657,0.0095456990443052447
0.1409172,0.059548762748251494
0.14096784,0.11164798431345668
0.14101848,0.16512060453008537
0.14106911,0.2188467804551596
0.14111974,0.27133431342327252
0.14117038,0.32086159276676868
0.14122102,0.36555536724704119
0.14127165,0.40357807999714707
0.14132228,0.43319792725005202
0.14137292,0.45292966093927206
0.14142356,0.46168812520779717
0.14147419,0.45865850416206388
0.14152482,0.44347802850127815
0.14157546,0.41622474828122558
0.1416261,0.37742241248662289
0.14167673,0.32802681634907771
0.14172736,0.26941024629766996
0.141778,0.20332216412787812
0.14182864,0.13180929419427706
0.14187927,0.057303098172508282
0.1419299,-0.017662742575739854
0.14198054,-0.090402773936695213
0.14203118,-0.15835981530220811
0.14208181,-0.21918348963781842
0.14213244,-0.27094139941041079
0.14218308,-0.31227498468039849
0.14223372,-0.34251763872042246
0.14228435,-0.36176638074911283
0.14233498,-0.37092125575650187
0.14238562,-0.37162371229681762
0.14243625,-0.36611827875884906
0.14248689,-0.35701829762997195
0.14253752,-0.34712126857168446
0.14258816,-0.33904518794702354
0.14263879,-0.33507040397839616
0.14268943,-0.33690315014542532
0.14274006,-0.34550033944793584
0.1427907,-0.36105604302947669
0.14284133,-0.38303480984087351
0.14289197,-0.41030661675202296
0.14294261,-0.44136421592031627
0.14299324,-0.47446525957442198
0.14304387,-0.50778096980852017
0.14309451,-0.53959879390809018
0.14314515,-0.56839656151589368
0.14319578,-0.59292661186327744
0.14324641,-0.61231443514991379
0.14329705,-0.62590795806563482
0.14334769,-0.63346256461783268
0.14339832,-0.63495096373008253
0.14344895,-0.63066174335947378
0.14349959,-0.62095459017356225
0.14355023,-0.60651162368276024
0.14360086,-0.5881636022668798
0.14365149,-0.56696974254911359
0.14370213,-0.54414614500610814
0.14375277,-0.52108191775832302
0.1438034,-0.49932635213323329
0.14385403,-0.48051964011052489
0.14390467,-0.46637149173380477
0.14395531,-0.45863007934957989
0.14400594,-0.45900462873520653
0.14405657,-0.46910802751096958
0.14410721,-0.49036952888046487
0.14415785,-0.52396337211058486
0.14420848,-0.57070446924765217
0.14425911,-0.63095748451630818
0.14430975,-0.70451436746893004
0.14436039,-0.79058918071236062
0.14441102,-0.88769456931323254
0.14446165,-0.99371457462371771
0.14451229,-1.1059680181049492
0.14456293,-1.2211921126255736
0.14461356,-1.3357422524927414
0.14466419,-1.4457083657718757
0.14471483,-1.5473950145577471
0.14476547,-1.637372608021483
0.1448161,-1.7126687877072513
0.14486673,-1.7709849963884687
0.14491737,-1.8107817105453496
0.144968,-1.8314091740445102
0.14501864,-1.8331061633360579
0.14506927,-1.8169153000210152
0.14511991,-1.7845735362698938
0.14517054,-1.738392641939857
0.14522118,-1.6810058556020722
0.14527181,-1.6152289432882139
0.14532245,-1.5439087979385597
0.14537308,-1.469777214602412
0.14542372,-1.3953052975485694
0.14547435,-1.3225765452201035
0.14552499,-1.2532361339159577
0.14557562,-1.1885792263831028
0.14562626,-1.1294161450100451
0.1456769,-1.0760831155602826
0.14572753,-1.0284972088362978
0.14577816,-0.9862211203571033
0.1458288,-0.94824576531839744
0.14587944,-0.91369424689202572
0.14593007,-0.88135303550854649
0.1459807,-0.84985054449421282
0.14603134,-0.81777161343224902
0.14608198,-0.7838620290282079
0.14613261,-0.74712266669334026
0.14618324,-0.7069257096281284
0.14623388,-0.66308267463619197
0.14628452,-0.61587798398829596
0.14633515,-0.56608084846944073
0.14638578,-0.51486439698001008
0.14643642,-0.46377394364142921
0.14648706,-0.41454500136306294
0.14653769,-0.3690827927447779
0.14658832,-0.32926167848437399
0.14663896,-0.2968362447808115
0.1466896,-0.27330676798899223
0.14674023,-0.25986395495059911
0.14679086,-0.25731672063468936
0.1468415,-0.26604876417647294
0.14689214,-0.28598912879465932
0.14694277,-0.31661630538567542
0.1469934,-0.35698194290643698
0.14704404,-0.40579024597261509
0.14709468,-0.46120923648014633
0.14714531,-0.52114186616934166
0.14719594,-0.5832132841499309
0.14724658,-0.64489005984798609
0.14729722,-0.70353977507038623
0.14734785,-0.75663243874178943
0.14739848,-0.80186237845493946
0.14744912,-0.83734578081926225
0.14749976,-0.86174990881964875
0.14755039,-0.87442034890504317
0.14760102,-0.87546472304286893
0.14765166,-0.86578288872556319
0.14770229,-0.84701276464181974
0.14775293,-0.82139824265653216
0.14780356,-0.79159727139466685
0.1478542,-0.7603348922764388
0.14790483,-0.73027425633996779
0.14795547,-0.70375362228873417
0.1480061,-0.68250202068501542
0.14805674,-0.66750628842185522
0.14810737,-0.65897616196033659
0.14815801,-0.65644263406434655
0.14820864,-0.65884054321281038
0.14825928,-0.6646918615579499
0.14830991,-0.67226998440947794
0.14836055,-0.67976841617868966
0.14841119,-0.6855022772440571
0.14846182,-0.6879080584055276
0.14851245,-0.68585504869791103
0.14856309,-0.67848729452337364
0.14861373,-0.66527591590123203
0.14866436,-0.64593926140886171
0.14871499,-0.62048154666588629
0.14876563,-0.58916851394397218
0.14881627,-0.55250017924667594
0.1488669,-0.51111551107038633
0.14891753,-0.46585899565976002
0.14896817,-0.41783743872098572
0.14901881,-0.36827932671593577
0.14906944,-0.31861986791624303
0.14912007,-0.27049109631391582
0.14917071,-0.22554936766452538
0.14922135,-0.18554084763749687
0.14927198,-0.15228561283311393
0.14932261,-0.12755403943702065
0.14937325,-0.11304315924412695
0.14942389,-0.11026318807241586
0.14947452,-0.12045068141648696
0.14952515,-0.1444812487559356
0.14957579,-0.18277801906969485
0.14962643,-0.23519976531217007
0.14967706,-0.30100638899910598
0.14972769,-0.37877826335902204
0.14977833,-0.4664360174958197
0.14982897,-0.56130758545733439
0.1498796,-0.66015179750642339
0.14993023,-0.75933463950712121
0.14998087,-0.85489052456916947
0.15003151,-0.9430819940756785
0.15008214,-1.0204782373898649
0.15013277,-1.0841243015412474
0.15018341,-1.1317343820550958
0.15023404,-1.1618074864211754
0.15028468,-1.1737636619870149
0.15033531,-1.1678836352328019
0.15038595,-1.1452703322636457
0.15043658,-1.1077307309223396
0.15048722,-1.0576059218665772
0.15053785,-0.99752487492168851
0.15058849,-0.93029692026931887
0.15063912,-0.85880416805885917
0.15068976,-0.78576424479797724
0.15074039,-0.71363550479043958
0.15079103,-0.64447090841709564
0.15084166,-0.57984888855195493
0.1508923,-0.52097544587440947
0.15094294,-0.46861436758239716
0.15099357,-0.42301743891728011
0.1510442,-0.38406633747893754
0.15109484,-0.35113648510702888
0.15114548,-0.32325001141517895
0.15119611,-0.29948334499859658
0.15124674,-0.27860703626792482
0.15129738,-0.25916530490738826
0.15134802,-0.2397535891106635
0.15139865,-0.21904545301141978
0.15144928,-0.19601501892641907
0.15149992,-0.17003621250538375
0.15155056,-0.14090746488361311
0.15160119,-0.10890428847157291
0.15165182,-0.074748131153444863
0.15170246,-0.039582389856438471
0.1517531,-0.0049283240994219546
0.15180373,0.027456072143759558
0.15185436,0.05566258442678923
0.151905,0.077804190438972409
0.15195564,0.092116872242168746
0.15200627,0.097085884735783834
0.1520569,0.091504858590789995
0.15210754,0.074554651212226764
0.15215818,0.0458424603923685
0.15220881,0.0054417799770417052
0.15225944,-0.046145879734978745
0.15231008,-0.10798378424112548
0.15236072,-0.17872613943554361
0.15241135,-0.25663298536731444
0.15246198,-0.33958775685634002
0.15251262,-0.42523144529201318
0.15256326,-0.51097381476213877
0.15261389,-0.5940340753849529
0.15266452,-0.67178973092394256
0.15271516,-0.74180881611270333
0.1527658,-0.80207097757756718
0.15281643,-0.85113773393574355
0.15286706,-0.88827089461815389
0.1529177,-0.91351073543398298
0.15296833,-0.92770434863737594
0.15301897,-0.93244473946690976
0.1530696,-0.92993259861773803
0.15312024,-0.92279851304683302
0.15317087,-0.91375953483599692
0.15322151,-0.90545369035284651
0.15327214,-0.90019488995399444
0.15332278,-0.89969177889009033
0.15337341,-0.90491632682482603
0.15342405,-0.91605846464821306
0.15347468,-0.93263153643408991
0.15352532,-0.95356068438561126
0.15357595,-0.9773502606469946
0.15362659,-1.0022717166108617
0.15367723,-1.0265281486812214
0.15372786,-1.048426198329055
0.15377849,-1.0664890852774964
0.15382913,-1.079510075998714
0.15387977,-1.086623159838866
0.1539304,-1.0872766648627141
0.15398103,-1.0812120831270984
0.15403167,-1.0684271887048089
0.15408231,-1.0491558481631753
0.15413294,-1.0238991468631022
0.15418357,-0.99334429412062264
0.15423421,-0.95833936936973996
0.15428485,-0.91995870661878509
0.15433548,-0.87951544359218237
0.15438611,-0.83829393661473905
0.15443675,-0.79788753915798771
0.15448739,-0.75991670597099614
0.15453802,-0.72610821041320439
0.15458865,-0.69827496304034264
0.15463929,-0.67822967800292555
0.15468993,-0.66765395269430039
0.15474056,-0.66806632885244466
0.15479119,-0.68071919610713438
0.15484183,-0.70651038837969105
0.15489247,-0.74589266929927756
0.1549431,-0.79876077448701044
0.15499373,-0.86442018334107917
0.15504437,-0.9415237718296523
0.15509501,-1.0280057370847016
0.15514564,-1.1212977601871899
0.15519627,-1.2181831881019429
0.15524691,-1.3150656871051742
0.15529755,-1.4080354598581672
0.15534818,-1.4933489868638667
0.15539881,-1.5675810722211345
0.15544945,-1.627729517334118
0.15550009,-1.6714644121438762
0.15555072,-1.6972383287474149
0.15560135,-1.7043733445486131
0.15565199,-1.6930785359866287
0.15570262,-1.6643939632242879
0.15575326,-1.6200356251490562
0.15580389,-1.5623117323282654
0.15585453,-1.4938412737224045
0.15590516,-1.4174327345256619
0.1559558,-1.3359592854128337
0.15600643,-1.2521302741328955
0.15605707,-1.1684203101292376
0.1561077,-1.0869159662512371
0.15615834,-1.0092140708196571
0.15620897,-0.93660752151187487
0.15625961,-0.86987163643683796
0.15631024,-0.80926575285838798
0.15636088,-0.75480825572288279
0.15641152,-0.70592574954932974
0.15646215,-0.66160108940902718
0.15651278,-0.62095837764723116
0.15656342,-0.58275455992280656
0.15661406,-0.54560794207507923
0.15666469,-0.50808579183155034
0.15671532,-0.46893418916720653
0.15676596,-0.42713585175061258
0.1568166,-0.38206087026790425
0.15686723,-0.3335276320550688
0.15691786,-0.28185720989508661
0.1569685,-0.22778659707892132
0.15701914,-0.17249199164077905
0.15706977,-0.11751366954904463
0.1571204,-0.064575914421213243
0.15717104,-0.015597999848746658
0.15722168,0.027537441798129281
0.15727231,0.063078260863428548
0.15732294,0.089504925857280759
0.15737358,0.10559735798412778
0.15742422,0.11051309083238209
0.15747485,0.10382691775149322
0.15752548,0.085562819580671579
0.15757612,0.056194588581326033
0.15762676,0.016516416848080306
0.15767739,-0.032043548938262889
0.15772802,-0.087782902429033249
0.15777866,-0.1486548952113298
0.1578293,-0.21234049166671948
0.15787993,-0.27635927466964921
0.15793056,-0.33809330835247342
0.1579812,-0.39501340566368398
0.15803184,-0.44479400006411318
0.15808247,-0.48549564634781345
0.1581331,-0.51572538068424834
0.15818374,-0.53474880740793007
0.15823437,-0.54258035367749569
0.15828501,-0.5400242240564983
0.15833564,-0.52862084067438353
0.15838628,-0.51051715901615669
0.15843691,-0.48825309857211241
0.15848755,-0.46455053056063733
0.15853818,-0.44203616520746059
0.15858882,-0.42298962093473769
0.15863945,-0.4091463671649459
0.15869009,-0.40152725377944104
0.15874072,-0.400381200825703
0.15879136,-0.40526632618210995
0.15884199,-0.41516198509268454
0.15889263,-0.42862399192277634
0.15894327,-0.4439578668353768
0.1589939,-0.45938671231730155
0.15904453,-0.4732344178654887
0.15909517,-0.48402743803804771
0.15914581,-0.49058028525953934
0.15919644,-0.49204345562213242
0.15924707,-0.48779323571854943
0.15929771,-0.47762116951752936
0.15934835,-0.46160248433949258
0.15939898,-0.43992668627617298
0.15944961,-0.41308317269462391
0.15950025,-0.3817481518618312
0.15955089,-0.34678850110819548
0.15960152,-0.30930794396839706
0.15965215,-0.27054205774192602
0.15970279,-0.23191736608578936
0.15975343,-0.19503947557411005
0.15980406,-0.16154586956842731
0.15985469,-0.13318244181873104
0.15990533,-0.11173131852273027
0.15995597,-0.098941703853620389
0.1600066,-0.096490196411171264
0.16005723,-0.10587825623082442
0.16010787,-0.12835671624185013
0.16015851,-0.16483388885010231
0.16020914,-0.21577416463059318
0.16025977,-0.28110269024517598
0.16031041,-0.36015600793166513
0.16036105,-0.45157267351055908
0.16041168,-0.55340054601912514
0.16046231,-0.66299381294782567
0.16051295,-0.77719526387522375
0.16056359,-0.8924619291645588
0.16061422,-1.0048899413356784
0.16066485,-1.1107596308927632
0.16071549,-1.2065393188570166
0.16076613,-1.2892253469392638
0.16081676,-1.3564177162460422
0.16086739,-1.4064495062352349
0.16091803,-1.4385302325583844
0.16096866,-1.4527072986239853
0.1610193,-1.4498595446776819
0.16106993,-1.4315822635354385
0.16112057,-1.4000519318744653
0.1611712,-1.3577765178964454
0.16122184,-1.3074675792948083
0.16127247,-1.2519236371861846
0.16132311,-1.1937870023032733
0.16137374,-1.135490185492779
0.16142438,-1.0791161997356868
0.16147501,-1.0262881952825615
0.16152565,-0.97826969416788589
0.16157628,-0.93586882280192274
0.16162692,-0.89941962867290848
0.16167756,-0.86887158090857963
0.16172819,-0.8437777449990862
0.16177882,-0.82303499646328282
0.16182946,-0.80573951906554675
0.1618801,-0.79070629853832042
0.16193073,-0.77653137765525282
0.16198136,-0.76176525888135282
0.162032,-0.74508622015023973
0.16208264,-0.72541502723582529
0.16213327,-0.70203548666042404
0.1621839,-0.67466636794770252
0.16223454,-0.64348497083304801
0.16228518,-0.60917876905102208
0.16233581,-0.57282519436895218
0.16238644,-0.53590746239271436
0.16243708,-0.50011982310986891
0.16248772,-0.46733701321516929
0.16253835,-0.43944304422561298
0.16258898,-0.41820638982588693
0.16263962,-0.40517270548468631
0.16269026,-0.40158615452946073
0.16274089,-0.40831889649523651
0.16279152,-0.42583166341310763
0.16284216,-0.4541314564302405
0.1628928,-0.49278533082922893
0.16294343,-0.54094009042555669
0.16299406,-0.59739049804229416
0.1630447,-0.66040462147470758
0.16309534,-0.72792951268840533
0.16314597,-0.7976601929497884
0.1631966,-0.86711021999908577
0.16324724,-0.93362614761135221
0.16329788,-0.99466561497038286
0.16334851,-1.0478636557622276
0.16339914,-1.0912337944025916
0.16344978,-1.1233508709084128
0.16350042,-1.1434309177575641
0.16355105,-1.1514424970542216
0.16360168,-1.1481418042332596
0.16365232,-1.1350285167110714
0.16370295,-1.1142184087316716
0.16375359,-1.0882789821620473
0.16380422,-1.0599042312538272
0.16385486,-1.0317210180128671
0.16390549,-1.0060728237032892
0.16395613,-0.98473947068464729
0.16400676,-0.96879235383869111
0.1640574,-0.95851445336106966
0.16410803,-0.95351156191368691
0.16415867,-0.95278980725532614
0.1642093,-0.95492164663181334
0.16425994,-0.95822134403311687
0.16431057,-0.96091918951039601
0.16436121,-0.96133252088507382
0.16441185,-0.95798772379287567
0.16446248,-0.94969764753639607
0.16451311,-0.93559811668917447
0.16456375,-0.91513337706336806
0.16461439,-0.88805200308548926
0.16466502,-0.85439682225919089
0.16471565,-0.81447097068946706
0.16476629,-0.76876580819544005
0.16481693,-0.71804424422908775
0.16486756,-0.66322117448144557
0.16491819,-0.6053704712832596
0.16496883,-0.5457130568114541
0.16501947,-0.48565999913641811
0.1650701,-0.42686510719027876
0.16512073,-0.37100298150036726
0.16517137,-0.31986635863039875
0.16522201,-0.27531688799032705
0.16527264,-0.23917249438094063
0.16532327,-0.21319241695256502
0.16537391,-0.1989589102734805
0.16542455,-0.19780050430332871
0.16547518,-0.21072714886912391
0.16552581,-0.2382588809537392
0.16557645,-0.28040436978866756
0.16562709,-0.33656693028454027
0.16567772,-0.40551431385875802
0.16572835,-0.48533709020883298
0.16577899,-0.57345256890316265
0.16582963,-0.66681256972119329
0.16588026,-0.76187954745014785
0.16593089,-0.85475021699628972
0.16598153,-0.94163859091527735
0.16603217,-1.0189876192563865
0.1660828,-1.0837213794066018
0.16613343,-1.1333430391751207
0.16618407,-1.1661708126746242
0.1662347,-1.1813815697725742
0.16628534,-1.1790261142418386
0.16633597,-1.1599884059745091
0.16638661,-1.1258756678359361
0.16643724,-1.0788620016316943
0.16648788,-1.0214684959534752
0.16653851,-0.95642884344884227
0.16658915,-0.88660035280196348
0.16663978,-0.81465837828042043
0.16669042,-0.74307444237167375
0.16674105,-0.67398319010211094
0.16679169,-0.60901256532226233
0.16684232,-0.54945300508470285
0.16689296,-0.49609509087669973
0.1669436,-0.44926845102505641
0.16699423,-0.40892496117752625
0.16704486,-0.3745836461337862
0.1670955,-0.34517219403752863
0.16714614,-0.31979380188716344
0.16719677,-0.29727504723029485
0.1672474,-0.27621946848443923
0.16729804,-0.25520342517960287
0.16734868,-0.23288596013714805
0.16739931,-0.20821994467150434
0.16744994,-0.18044893500655951
0.16750058,-0.14935105577533936
0.16755122,-0.11512269851698259
0.16760185,-0.078443790259393187
0.16765248,-0.040395902426198005
0.16770312,-0.0024549443860966136
0.16775376,0.033668984547601477
0.16780439,0.066104221950052722
0.16785502,0.092954195701717091
0.16790566,0.11244624442694623
0.1679563,0.12302259776586993
0.16800693,0.12343168626387679
0.16805756,0.11279302929091495
0.1681082,0.090639884637021828
0.16815884,0.056957478743300927
0.16820947,0.012172766661994017
0.1682601,-0.042873404923568448
0.16831074,-0.1069173613619735
0.16836138,-0.17837200116562335
0.16841201,-0.25516098672340765
0.16846264,-0.33499298869794125
0.16851328,-0.41538897835180422
0.16856392,-0.49365829381049769
0.16861455,-0.56721369752659356
0.16866518,-0.63360498045070146
0.16871582,-0.6907700605157322
0.16876646,-0.73719927093717896
0.16881709,-0.77203363172586781
0.16886772,-0.79515713959202772
0.16891836,-0.80726568303314994
0.16896899,-0.80980291553566452
0.16901963,-0.80485415558887174
0.16907026,-0.79491499029409318
0.1691209,-0.78272349287242649
0.16917153,-0.77094245228287295
0.16922217,-0.76191711639993531
0.1692728,-0.75746508532392887
0.16932344,-0.75869835096964588
0.16937407,-0.76595740344760821
0.16942471,-0.77886170595275628
0.16947534,-0.79642467538173312
0.16952598,-0.81720938068453619
0.16957661,-0.83949345282352661
0.16962725,-0.86145143522311418
0.16967789,-0.8813394111582834
0.16972852,-0.89761358956401693
0.16977915,-0.90901116754741129
0.16982979,-0.91460737821102467
0.16988043,-0.91378814842024225
0.16993106,-0.9062913425905158
0.16998169,-0.89206198746264764
0.17003233,-0.87133676052801423
0.17008297,-0.84462663167068441
0.1701336,-0.81267166133437296
0.17018423,-0.77631613359389329
0.17023487,-0.73656663362872354
0.17028551,-0.69469200334001557
0.17033614,-0.65211789975293166
0.17038677,-0.61043725867085252
0.17043741,-0.57133930579558789
0.17048805,-0.53659087477541167
0.17053868,-0.50802495100896827
0.17058931,-0.48745367140565532
0.17063995,-0.47665812973549104
0.17069059,-0.47715855165571736
0.17074122,-0.49027087693875349
0.17079185,-0.51698018839043991
0.17084249,-0.55784666219600509
0.17089313,-0.61290259467667407
0.17094376,-0.68160976874451906
0.17099439,-0.76275715009061051
0.17104503,-0.85448756007609994
0.17109567,-0.95427269516511593
0.1711463,-1.059018558115052
0.17119693,-1.1652418190363301
0.17124757,-1.269100765446179
0.17129821,-1.3668135408175657
0.17134884,-1.4547851800889138
0.17139947,-1.5298884905330516
0.17145011,-1.5895814216132822
0.17150075,-1.6321224652789392
0.17155138,-1.6565720691711332
0.17160201,-1.662871876418254
0.17165265,-1.6518416186285629
0.17170328,-1.624952319528111
0.17175392,-1.5843062287756384
0.17180455,-1.5323906783676606
0.17185519,-1.4718714161019293
0.17190582,-1.4055939977715042
0.17195646,-1.3362421780995031
0.17200709,-1.2662632727069485
0.17205773,-1.1978207505185128
0.17210836,-1.1325861329445228
0.172159,-1.0718765619935318
0.17220963,-1.0165489341451526
0.17226027,-0.96696167744426831
0.1723109,-0.92309308681251978
0.17236154,-0.88456860401019033
0.17241218,-0.85031041500268434
0.17246281,-0.81941930108494909
0.17251344,-0.79074864197330519
0.17256408,-0.76295108028745329
0.17261472,-0.73460953286869113
0.17266535,-0.70441526858700731
0.17271598,-0.67129536074378904
0.17276662,-0.634535543097273
0.17281726,-0.59386017999410912
0.17286789,-0.54944053206079591
0.17291852,-0.50197043479910308
0.17296916,-0.45256025010281153
0.1730198,-0.40267585314601373
0.17307043,-0.35406616478103614
0.17312106,-0.30858601449167633
0.1731717,-0.26818675052576263
0.17322234,-0.23464085233596443
0.17327297,-0.20956023672327273
0.1733236,-0.19423245582053406
0.17337424,-0.1895873898993139
0.17342488,-0.19614711299222687
0.17347551,-0.2139892153594925
0.17352614,-0.24282272891500684
0.17357678,-0.28172190064011216
0.17362742,-0.32945285712710459
0.17367805,-0.38439572202913408
0.17372868,-0.44455207384385453
0.17377932,-0.50765144676803975
0.17382996,-0.57120563253301082
0.17388059,-0.63260189703782588
0.17393122,-0.68925594449291261
0.17398186,-0.73876176146128869
0.1740325,-0.77906066118738149
0.17408313,-0.80859626778163829
0.17413376,-0.8264334786201879
0.1741844,-0.83237370194355931
0.17423503,-0.82700343701370016
0.17428567,-0.81167948041315452
0.1743363,-0.78841369261058913
0.17438694,-0.75967181237128534
0.17443757,-0.72816168930764258
0.17448821,-0.69662103731736802
0.17453884,-0.66746729780891034
0.17458948,-0.64263787315246856
0.17464011,-0.62338046359696364
0.17469075,-0.6101966028074054
0.17474138,-0.60286330261996768
0.17479202,-0.60051954486391712
0.17484265,-0.60179888080766986
0.17489329,-0.60506992272789195
0.17494393,-0.6085802772283827
0.17499456,-0.61062387625877002
0.17504519,-0.60968143424123422
0.17509583,-0.60448946317501984
0.17514647,-0.59410708317983207
0.1751971,-0.57792099404254993
0.17524773,-0.55552738546644642
0.17529837,-0.52692343726504676
0.17534901,-0.49241474182279504
0.17539964,-0.45238322107203571
0.17545027,-0.40748149618914953
0.17550091,-0.35856996487203913
0.17555155,-0.30670168840660939
0.17560218,-0.25313535633937373
0.17565281,-0.19930911520931482
0.17570345,-0.14683836855755078
0.17575409,-0.09740461997677656
0.17580472,-0.052789036917271298
0.17585535,-0.014816309803797389
0.17590599,0.014700482101502793
0.17595663,0.033982782054351873
0.17600726,0.041423938327778964
0.17605789,0.035610158231139721
0.17610853,0.015527202103276516
0.17615917,-0.019457079711142689
0.1762098,-0.06944268187368674
0.17626043,-0.13396566736023502
0.17631107,-0.21189814447352939
0.17636171,-0.30141962082399076
0.17641234,-0.40009985637523571
0.17646297,-0.50491193066989426
0.17651361,-0.61234231131540928
0.17656425,-0.71850250381892389
0.17661488,-0.81960944879285458
0.17666551,-0.91207969656008725
0.17671615,-0.99270201445593065
0.17676679,-1.0588508660577181
0.17681742,-1.1086647491044801
0.17686805,-1.1411238304946956
0.17691869,-1.1560621941261413
0.17696932,-1.1541672132978027
0.17701996,-1.1368614227931673
0.17707059,-1.1061927188153624
0.17712123,-1.0646074693078029
0.17717186,-1.0147840031072868
0.1772225,-0.95953979468393924
0.17727313,-0.90160648011212141
0.17732377,-0.84348206763654399
0.1773744,-0.78737072791995177
0.17742504,-0.73502637187953446
0.17747567,-0.68780699291760372
0.17752631,-0.64662645955155207
0.17757694,-0.61190992492374563
0.17762758,-0.58367647964864511
0.17767822,-0.56158206699942192
0.17772885,-0.54470234555245045
0.17777948,-0.5319495425349462
0.17783012,-0.52222537072934938
0.17788076,-0.51415962592735476
0.17793139,-0.50629675551588982
0.17798202,-0.49724413668807027
0.17803266,-0.48582314213563044
0.1780833,-0.47118754746522373
0.17813393,-0.45292696247465603
0.17818456,-0.4311052298462118
0.1782352,-0.40626941184938892
0.17828584,-0.37940017268692428
0.17833647,-0.35184484527349885
0.1783871,-0.32527107304707337
0.17843774,-0.30149715060121185
0.17848838,-0.28243698904476416
0.17853901,-0.26990052994193825
0.17858964,-0.26552110857183187
0.17864028,-0.27064211715976039
0.17869092,-0.28625249913472589
0.17874155,-0.31293556435444159
0.17879218,-0.35082822803909913
0.17884282,-0.39960322707143092
0.17889346,-0.45850218833327278
0.17894409,-0.52642398043124883
0.17899472,-0.60172983331066476
0.17904536,-0.68242901708746895
0.179096,-0.76624850036333292
0.17914663,-0.85068119374875562
0.17919726,-0.93298639044877651
0.1792479,-1.0104925492463537
0.17929854,-1.0806573504245847
0.17934917,-1.1412797649219066
0.1793998,-1.190656039376492
0.17945044,-1.2277003920596976
0.17950107,-1.2520676436383564
0.17955171,-1.2642035012438355
0.17960234,-1.2653360152061022
0.17965298,-1.2573812029246181
0.17970361,-1.2427385674322036
0.17975425,-1.2241050352759058
0.17980488,-1.2042024650489653
0.17985552,-1.1854821023851272
0.17990615,-1.1699437767846046
0.17995679,-1.158920426187781
0.18000742,-1.1530149457734082
0.18005806,-1.1520726755419206
0.18010869,-1.1553108656704576
0.18015933,-1.1614539835892783
0.18020996,-1.1689051606936727
0.1802606,-1.1759305702426337
0.18031123,-1.1808296040202273
0.18036187,-1.1820714421308691
0.18041251,-1.1783864111021665
0.18046314,-1.1688132220129333
0.18051377,-1.152694192997993
0.18056441,-1.1296785563747214
0.18061505,-1.0997010317318732
0.18066568,-1.0629584036550253
0.18071631,-1.0198506228570232
0.18076695,-0.97101128611622023
0.18081759,-0.91730902907066025
0.18086822,-0.859774445173488
0.18091885,-0.79960409096616336
0.18096949,-0.7381428577968383
0.18102013,-0.67697072301321959
0.18107076,-0.61771753886233371
0.18112139,-0.56212049381934759
0.18117203,-0.51199627130429437
0.18122267,-0.46919529538504229
0.1812733,-0.43554301242155963
0.18132393,-0.41271720333121098
0.18137457,-0.4021794585875253
0.18142521,-0.40509202683358614
0.18147584,-0.42220984540249773
0.18152647,-0.45378219396871866
0.18157711,-0.49948956029243474
0.18162775,-0.55837564816146945
0.18167838,-0.62874174496086876
0.18172901,-0.70831058612483699
0.18177965,-0.79421827766892239
0.18183029,-0.88303469883956587
0.18188092,-0.97092890759154593
0.18193155,-1.0541003391672352
0.18198219,-1.1289325089452031
0.18203283,-1.1921096306165775
0.18208346,-1.2409420666305937
0.18213409,-1.2734299747338205
0.18218473,-1.2884074356535149
0.18223536,-1.2856030795203139
0.182286,-1.2655959148255511
0.18233663,-1.2297263476170173
0.18238727,-1.17998530615265
0.1824379,-1.1188620560115974
0.18248854,-1.0489987209470157
0.18253917,-0.9732595151137593
0.18258981,-0.89446143472530182
0.18264044,-0.81522800111614824
0.18269108,-0.73782793327650142
0.18274171,-0.66413449989047968
0.18279235,-0.5956198008208865
0.18284298,-0.53332165199768045
0.18289362,-0.47776906696705934
0.18294426,-0.42907627736471987
0.18299489,-0.38697441843011554
0.18304552,-0.35074880740944914
0.18309616,-0.31918305406652514
0.1831468,-0.29129742979795781
0.18319743,-0.26580776742408885
0.18324806,-0.24127571921339103
0.1832987,-0.21630918208585481
0.18334934,-0.18968582249828403
0.18339997,-0.16052262983931562
0.1834506,-0.12841120025354136
0.18350124,-0.093303787618858602
0.18355188,-0.055700228267344332
0.18360251,-0.016524932633079137
0.18365314,0.022921708590621037
0.18370378,0.061015842873061943
0.18375442,0.095955841237765849
0.18380505,0.12584022192935851
0.18385568,0.14887462577747307
0.18390632,0.16340830972283826
0.18395696,0.16805811918193642
0.18400759,0.16178946941621419
0.18405822,0.14396498920786172
0.18410886,0.11438089721593436
0.1841595,0.073308862417402865
0.18421013,0.021340438769775982
0.18426076,-0.040317893892087786
0.1843114,-0.11015241209607762
0.18436204,-0.1862628005347709
0.18441267,-0.26644653264350193
0.1844633,-0.34824125939512052
0.18451394,-0.42898499465403206
0.18456458,-0.50606732624837159
0.18461521,-0.57693218492124054
0.18466584,-0.63936166900291136
0.18471648,-0.69158333071788314
0.18476712,-0.73241178693289199
0.18481775,-0.7613924833075516
0.18486838,-0.77883072666173891
0.18491902,-0.78581230627648979
0.18496965,-0.78412450977982373
0.18502029,-0.77606000212305715
0.18507092,-0.76420064217023342
0.18512156,-0.75119930756540843
0.18517219,-0.73953180238323191
0.18522283,-0.73121651012877797
0.18527346,-0.72763279614228626
0.1853241,-0.72944539166282651
0.18537473,-0.73658660722355318
0.18542537,-0.74834807200382869
0.185476,-0.76349840710187156
0.18552664,-0.78045919149501797
0.18557727,-0.79749485465287018
0.18562791,-0.81293081811466517
0.18567855,-0.82522094666268286
0.18572918,-0.83310350212379813
0.18577981,-0.83555416051676445
0.18583045,-0.83191188289116447
0.18588109,-0.82179726839569178
0.18593172,-0.80511341424292859
0.18598235,-0.78201833055317482
0.18603299,-0.75290663635536714
0.18608363,-0.71839368964584305
0.18613426,-0.67932978889075191
0.18618489,-0.63668145589071146
0.18623553,-0.59159839005113635
0.18628617,-0.54543312677160083
0.1863368,-0.49970566772387082
0.18638743,-0.45607429308325914
0.18643807,-0.41625820267206148
0.18648871,-0.38205016361020794
0.18653934,-0.35524989617198754
0.18658997,-0.3376180582090535
0.18664061,-0.33079359010742071
0.18669125,-0.33620889915680796
0.18674188,-0.3550800550370975
0.18679251,-0.38811178294211574
0.18684315,-0.43556638405640763
0.18689379,-0.49714706630794453
0.18694442,-0.57196549010720332
0.18699505,-0.65842057743505278
0.18704569,-0.7542990943629917
0.18709633,-0.8567781752597905
0.18714696,-0.96258885040165132
0.18719759,-1.0680119758441817
0.18724823,-1.1691112520386535
0.18729887,-1.2622825955333856
0.1873495,-1.3442035359187807
0.18740013,-1.4120745852484675
0.18745077,-1.4637633271307791
0.1875014,-1.4979497074894563
0.18755204,-1.5141775953222394
0.18760267,-1.5128388944202427
0.18765331,-1.4951445761440343
0.18770394,-1.4628984259648923
0.18775458,-1.4184597852948986
0.18780521,-1.3643930112282729
0.18785585,-1.303473152693567
0.18790648,-1.2384903368425313
0.18795712,-1.1720506596678986
0.18800775,-1.1064511648675261
0.18805839,-1.0435873544856047
0.18810902,-0.985002358202832
0.18815966,-0.93178223625230117
0.18821029,-0.88455266045858261
0.18826093,-0.84349013431765152
0.18831156,-0.80839921129517367
0.1883622,-0.77871528220043928
0.18841284,-0.75324625810321644
0.18846347,-0.73103527071126262
0.1885141,-0.71082725020346094
0.18856474,-0.69125142653992533
0.18861538,-0.6709223400338995
0.18866601,-0.64862508687704112
0.18871664,-0.6234292320118765
0.18876728,-0.59480471839423465
0.18881792,-0.56265787358941133
0.18886855,-0.52741471100052006
0.18891918,-0.48994032564287215
0.18896982,-0.45151313661429343
0.18902046,-0.4136731337478321
0.18907109,-0.37820350128538038
0.18912172,-0.34696194430687299
0.18917236,-0.32179351653622607
0.189223,-0.30434601335335065
0.18927363,-0.29602742807191651
0.18932426,-0.29791059597780489
0.1893749,-0.31068555832197686
0.18942554,-0.33461712168897734
0.18947617,-0.36962699295589374
0.1895268,-0.41495150869054126
0.18957744,-0.46954961358911262
0.18962808,-0.53198069048700503
0.18967871,-0.60039293333616606
0.18972934,-0.67262952464452197
0.18977998,-0.74625286277394887
0.18983062,-0.81869081221403706
0.18988125,-0.88730982476699061
0.18993188,-0.94956386758322187
0.18998252,-1.0032232674749659
0.19003316,-1.0464455452319414
0.19008379,-1.0779771187495137
0.19013442,-1.0972594230529102
0.19018506,-1.1044895370567454
0.19023569,-1.1006544012577193
0.19028633,-1.087441391431532
0.19033696,-1.0670783099070578
0.1903876,-1.0421257797762646
0.19043823,-1.015245933192479
0.19048887,-0.98897233459843803
0.1905395,-0.96536598367531645
0.19059014,-0.94591657679716645
0.19064077,-0.9313955293335191
0.19069141,-0.92184825585615138
0.19074204,-0.91664600121756368
0.19079268,-0.91462232827591117
0.19084331,-0.91425062197611517
0.19089395,-0.91381669949391875
0.19094459,-0.91162275199894394
0.19099522,-0.90610922328113797
0.19104585,-0.89592855775767344
0.19109649,-0.88014189049597946
0.19114713,-0.85808470061379971
0.19119776,-0.82939049539039988
0.19124839,-0.79399138227822963
0.19129903,-0.75207898275051754
0.19134967,-0.70406619160030837
0.1914003,-0.65060623823235364
0.19145093,-0.59257200212661942
0.19150157,-0.53093513065683107
0.19155221,-0.46694541363565256
0.19160284,-0.40196386133941236
0.19165347,-0.33753405221960597
0.19170411,-0.275375701161375
0.19175475,-0.21721069497167478
0.19180538,-0.16485705237781795
0.19185601,-0.12016164882021221
0.19190665,-0.084919129223685996
0.19195729,-0.060835391621088364
0.19200792,-0.049416693090694075
0.19205855,-0.051873516990261215
0.19210919,-0.069042817410819968
0.19215983,-0.10128557552780637
0.19221046,-0.14839852577913271
0.19226109,-0.20957310790721653
0.19231173,-0.28333786936558064
0.19236237,-0.36752646193677518
0.192413,-0.45930616222153448
0.19246363,-0.55541016496572904
0.19251427,-0.65207990738401866
0.19256491,-0.74542450653060799
0.19261554,-0.83173801041667583
0.19266617,-0.90761395049779259
0.19271681,-0.97014916421003283
0.19276745,-1.0171765249430829
0.19281808,-1.0472736345301921
0.19286871,-1.0599332883459693
0.19291935,-1.0554907798631981
0.19296998,-1.0350715445114089
0.19302062,-1.0004910066884181
0.19307125,-0.9541012722759612
0.19312189,-0.89844548259547097
0.19317252,-0.83630750000316767
0.19322316,-0.77050234478079827
0.19327379,-0.70368243682605902
0.19332443,-0.63819702249735588
0.19337506,-0.57597421061264087
0.1934257,-0.51855288926076248
0.19347633,-0.46705080512248037
0.19352697,-0.42212949298256175
0.1935776,-0.38400759599626955
0.19362824,-0.35249445284589087
0.19367888,-0.32704655110896064
0.19372951,-0.30654691893134778
0.19378014,-0.28995806879279074
0.19383078,-0.27608500461687557
0.19388142,-0.26355020978953314
0.19393205,-0.25095591114075622
0.19398268,-0.23704813995361743
0.19403332,-0.22083334712209812
0.19408396,-0.20178709244966511
0.19413459,-0.1797786267360835
0.19418522,-0.1551468097642692
0.19423586,-0.1287113776051797
0.1942865,-0.10167103751302042
0.19433713,-0.075550107053448057
0.19438776,-0.052110775381387475
0.1944384,-0.033212565768895697
0.19448904,-0.020693277746165362
0.19453967,-0.01622974304988728
0.1945903,-0.021255725436647999
0.19464094,-0.036884827382018981
0.19469158,-0.063843311216096099
0.19474221,-0.10242825591824489
0.19479284,-0.15246752591826762
0.19484348,-0.21336015385769713
0.19489412,-0.28409384882531291
0.19494475,-0.36332704019156459
0.19499538,-0.44914138009953242
0.19504602,-0.53938695322251229
0.19509666,-0.6316198267861125
0.19514729,-0.72321975734367616
0.19519792,-0.81144133816002828
0.19524856,-0.89365477814927707
0.1952992,-0.96747553936806185
0.19534983,-1.0309452374303778
0.19540046,-1.0826775767200454
0.1954511,-1.1219954613832677
0.19550173,-1.1489799840366297
0.19555237,-1.1645205573645026
0.195603,-1.1702219821909883
0.19565364,-1.1682690335666321
0.19570427,-1.1612020654781379
0.19575491,-1.1517047709904213
0.19580554,-1.1423565018711184
0.19585618,-1.1352918861227796
0.19590681,-1.1320728821273356
0.19595745,-1.1335595420679363
0.19600808,-1.1398505971414492
0.19605872,-1.1503540718696548
0.19610935,-1.1639164222390415
0.19615999,-1.178995777894527
0.19621062,-1.1938474110098154
0.19626126,-1.2067011338136866
0.19631189,-1.2159268561340568
0.19636253,-1.2201238067420339
0.19641317,-1.2181981515258011
0.1964638,-1.2093925627223756
0.19651443,-1.193277094680915
0.19656507,-1.1697177844430731
0.19661571,-1.1388647259350591
0.19666634,-1.1010991594945332
0.19671697,-1.057035816657492
0.19676761,-1.0075598471127187
0.19681825,-0.9536447454847039
0.19686888,-0.89650539597182055
0.19691951,-0.83760344627138283
0.19697015,-0.77838020561413646
0.19702079,-0.72057373026775973
0.19707142,-0.66590162455355695
0.19712205,-0.6161867974559696
0.19717269,-0.57330761325041568
0.19722333,-0.53910928471539799
0.19727396,-0.51533831321458567
0.19732459,-0.50355296186094467
0.19737523,-0.50501843596436291
0.19742587,-0.52063383975245314
0.1974765,-0.55083649918136257
0.19752713,-0.59549089297821056
0.19757777,-0.65385922492410153
0.19762841,-0.72451543880893476
0.19767904,-0.80540902130997494
0.19772967,-0.89381317180921882
0.19778031,-0.98651340028029444
0.19783095,-1.0798663810150335
0.19788158,-1.1699201548874831
0.19793221,-1.2529311569139647
0.19798285,-1.3254320656377625
0.19803349,-1.3844148928607332
0.19808412,-1.4276073404670737
0.19813475,-1.4534593441392412
0.19818539,-1.4613146271858617
0.19823602,-1.4513671628279801
0.19828666,-1.4246686952941094
0.19833729,-1.3828694727707165
0.19838793,-1.3282657679614465
0.19843856,-1.2633926935436535
0.1984892,-1.191024118056184
0.19853983,-1.1139476295607849
0.19859047,-1.0348373300104403
0.1986411,-0.95613199909663948
0.19869174,-0.87986327145936039
0.19874237,-0.80759199008173621
0.19879301,-0.74053836960386143
0.19884364,-0.67949452367804375
0.19889428,-0.62471319860718555
0.19894491,-0.57608289861269579
0.19899555,-0.53316595307254555
0.19904618,-0.49488758940458172
0.19909682,-0.46021657562529955
0.19914746,-0.42800897845901464
0.19919809,-0.39698480008889414
0.19924872,-0.36578433569148572
0.19929936,-0.33321306545593432
0.19935,-0.2983100079792908
0.19940063,-0.26052135114924657
0.19945126,-0.21975829844695416
0.1995019,-0.17640543572822021
0.19955254,-0.1312577352040637
0.19960317,-0.085556731207464265
0.1996538,-0.04085980703069142
0.19970444,0.0010676462881669679
0.19975508,0.03830891417518284
0.19980571,0.068989398438660976
0.19985634,0.091367843187301068
0.19990698,0.10395453370012436
0.19995762,0.10557191704114161
0.20000825,0.095430272008457162
0.20005888,0.073168807513398049
0.20010952,0.038788563076738447
0.20016016,-0.0070266307702978037
0.20021079,-0.063294159203817701
0.20026142,-0.12861646425579398
0.20031206,-0.20120488388641111
0.2003627,-0.27891639331691126
0.20041333,-0.35931470318370368
0.20046396,-0.43982389880714029
0.2005146,-0.51771425139786431
0.20056524,-0.59035778144526496
0.20061587,-0.65534238298155612
0.2006665,-0.71066355050352592
0.20071714,-0.75487430675687195
0.20076777,-0.78719637705331869
0.20081841,-0.80760800887976214
0.20086904,-0.81687739561302064
0.20091968,-0.8165154387380662
0.20097031,-0.80864237241670101
0.20102095,-0.79575958067981323
0.20107158,-0.78052836074208232
0.20112222,-0.76553578339535178
0.20117285,-0.75302588176891705
0.20122349,-0.74466788590323152
0.20127412,-0.74142082700233281
0.20132476,-0.74350903874020213
0.20137539,-0.75043380199702758
0.20142603,-0.76111834211167961
0.20147666,-0.77407142559227471
0.2015273,-0.7875779516381376
0.20157793,-0.79987713027145646
0.20162857,-0.80930912934628174
0.20167921,-0.81443010076365541
0.20172984,-0.81407768033073369
0.20178047,-0.8074247300040811
0.20183111,-0.79396505869754208
0.20188175,-0.77350631127123193
0.20193238,-0.7461339446094295
0.20198301,-0.71211926013984039
0.20203365,-0.67209295490890042
0.20208429,-0.62690618930752939
0.20213492,-0.57745094011670539
0.20218555,-0.5249261308662907
0.20223619,-0.47066319097481935
0.20228683,-0.41620530183114868
0.20233746,-0.36329965281802346
0.20238809,-0.31369068034468772
0.20243873,-0.26922204962886465
0.20248937,-0.23181570316339023
0.20254,-0.20332849165165098
0.20259063,-0.18554156560780785
0.20264127,-0.18004457307250449
0.20269191,-0.1881571525530818
0.20274254,-0.21084359248476867
0.20279317,-0.24861369416684678
0.20284381,-0.30151682824385156
0.20289445,-0.36880715926669977
0.20294508,-0.44914213248719731
0.20299571,-0.54056021950885413
0.20304635,-0.64040686088385668
0.20309699,-0.74549367549437628
0.20314762,-0.85225802074858348
0.20319825,-0.95677468026443446
0.20324889,-1.0552683011280428
0.20329953,-1.1441724337398722
0.20335016,-1.2204409732637254
0.20340079,-1.2815898393830931
0.20345143,-1.3259177388678796
0.20350206,-1.3525876522740314
0.2035527,-1.3616058443161063
0.20360333,-1.3538025206561115
0.20365397,-1.3307361858989395
0.2037046,-1.2945137327870624
0.20375524,-1.2475806773699976
0.20380587,-1.1926012394595134
0.20385651,-1.1323524388741595
0.20390714,-1.0694563119594347
0.20395778,-1.0063442113496615
0.20400841,-0.94509626765814736
0.20405905,-0.88732197037887972
0.20410968,-0.83429839602070355
0.20416032,-0.78682963794598804
0.20421095,-0.7452616384735109
0.20426159,-0.7095436506268108
0.20431222,-0.67925629730542636
0.20436286,-0.65357874155827844
0.2044135,-0.63125426619827252
0.20446413,-0.61124718149558233
0.20451476,-0.59227666932581524
0.2045654,-0.57299327184909565
0.20461604,-0.55215317930342633
0.20466667,-0.52875235011611743
0.2047173,-0.50213315107106471
0.20476794,-0.47209798807095438
0.20481858,-0.43892301030394371
0.20486921,-0.40338202206727247
0.20491984,-0.36662836921825692
0.20497048,-0.33018966393368476
0.20502112,-0.29582397548135031
0.20507175,-0.26542771043769764
0.20512238,-0.24092314133543918
0.20517302,-0.22410817582695469
0.20522366,-0.21655800900451833
0.20527429,-0.21953477833248863
0.20532492,-0.23392398756660637
0.20537556,-0.26018689872648748
0.2054262,-0.29831607170822683
0.20547683,-0.34794575343399292
0.20552746,-0.40806593214740694
0.2055781,-0.47732405362255148
0.20562874,-0.55400776605050994
0.20567937,-0.63596525140462123
0.20573,-0.72078635097111676
0.20578064,-0.80588732428462084
0.20583128,-0.88847067614649888
0.20588191,-0.96587726983658739
0.20593254,-1.0356008203454059
0.20598318,-1.0955113756945183
0.20603382,-1.1440456789507563
0.20608445,-1.1802763582904565
0.20613508,-1.2040326472289458
0.20618572,-1.2159466167389394
0.20623635,-1.2174018260305903
0.20628699,-1.2104216049397285
0.20633762,-1.1974497539223976
0.20638826,-1.1811295206809131
0.20643889,-1.1641073600094241
0.20648953,-1.1486332139415851
0.20654016,-1.1364575982412188
0.2065908,-1.1286553707716869
0.20664143,-1.125548949614037
0.20669207,-1.1267635619593261
0.2067427,-1.131303911221442
0.20679334,-1.1377418483298136
0.20684397,-1.1443926166956195
0.20689461,-1.1494944215678184
0.20694524,-1.1513701797777687
0.20699588,-1.1485544354601829
0.20704651,-1.1398577733657635
0.20709715,-1.1244556648650788
0.20714779,-1.1018088229471987
0.20719842,-1.0716245694330877
0.20724905,-1.0340232289781046
0.20729969,-0.98925849690080536
0.20735033,-0.9378898776289688
0.20740096,-0.88068042284074477
0.20745159,-0.81855630644793798
0.20750223,-0.75267049731605917
0.20755287,-0.68432190757874589
0.2076035,-0.61498899917297867
0.20765413,-0.54633871399317191
0.20770477,-0.48015081699482315
0.20775541,-0.41827523892524976
0.20780604,-0.36268043211611573
0.20785667,-0.31526135952871542
0.20790731,-0.27789376106887309
0.20795795,-0.25227159029501728
0.20800858,-0.23984982744965194
0.20805921,-0.24174538693779168
0.20810985,-0.25863367488090022
0.20816049,-0.29064860878871451
0.20821112,-0.33731528452001186
0.20826175,-0.39748548108216053
0.20831239,-0.46935313181030131
0.20836303,-0.5504129189295357
0.20841366,-0.63759169402730165
0.20846429,-0.72740519352441513
0.20851493,-0.81596170492369224
0.20856557,-0.89945900592081429
0.2086162,-0.9742754735364223
0.20866683,-1.0372673711839444
0.20871747,-1.0857858465654684
0.2087681,-1.118116149661043
0.20881874,-1.1333193100104566
0.20886937,-1.1313212874060441
0.20892001,-1.1128707466982009
0.20897064,-1.0794194694869885
0.20902128,-1.0330501798741325
0.20907191,-0.97622844753557403
0.20912255,-0.91154895331112784
0.20917318,-0.84180875498588592
0.20922382,-0.76964485342713163
0.20927445,-0.69748376552028413
0.20932509,-0.62744810935678996
0.20937572,-0.56116500060057761
0.20942636,-0.4999439897382239
0.20947699,-0.44461991228164521
0.20952763,-0.39556071580203633
0.20957826,-0.35275302543967352
0.2096289,-0.31579483780728246
0.20967954,-0.28392409301687438
0.20973017,-0.25589653757109809
0.2097808,-0.23064081837574182
0.20983144,-0.20691603586616411
0.20988208,-0.18338138384856206
0.20993271,-0.15877135180888949
0.20998334,-0.13202005342735673
0.21003398,-0.10247510090642487
0.21008462,-0.069916870748231441
0.21013525,-0.034537825645093723
0.21018588,0.0029365174304226693
0.21023652,0.041396593828235517
0.21028716,0.079348425322565419
0.21033779,0.11503895717172735
0.21038842,0.14657446972775973
0.21043906,0.17199280804744749
0.2104897,0.18950067017924643
0.21054033,0.197461472463282
0.21059096,0.19454510855452839
0.2106416,0.17978401370720792
0.21069224,0.15263164607042518
0.21074287,0.11299896549504462
0.2107935,0.061279992520728521
0.21084414,-0.0018100419873318119
0.21089478,-0.074947007445243852
0.21094541,-0.1565038564250909
0.21099604,-0.24444505604337402
0.21104668,-0.33644338476914415
0.21109732,-0.42995288953120192
0.21114795,-0.522238840012754
0.21119858,-0.61058292142421111
0.21124922,-0.69242836006366093
0.21129986,-0.76556920865922395
0.21135049,-0.82832299604228043
0.21140112,-0.87963180430113586
0.21145176,-0.91917578194884086
0.21150239,-0.94743074375856839
0.21155303,-0.965628089503902
0.21160366,-0.97567029881722234
0.2116543,-0.9798952140546775
0.21170493,-0.98086735608245224
0.21175557,-0.98115461050508879
0.2118062,-0.9830643306110054
0.21185684,-0.98835332392871678
0.21190747,-0.99811268353943561
0.21195811,-1.0127118130091872
0.21200874,-1.0318114409188619
0.21205938,-1.0544304672664773
0.21211001,-1.0791298087936081
0.21216065,-1.1041966884640364
0.21221128,-1.1278142961975013
0.21226192,-1.1482508103908451
0.21231255,-1.1639611708114213
0.21236319,-1.1736883676005323
0.21241383,-1.1765360107421872
0.21246446,-1.1718362979193895
0.21251509,-1.159334181740769
0.21256573,-1.1390181742215895
0.21261637,-1.1111288449743384
0.212667,-1.0761257267648154
0.21271763,-1.0347024854230749
0.21276827,-0.98779068638430823
0.21281891,-0.93650101604666669
0.21286954,-0.88207889032017173
0.21292017,-0.82600845596308248
0.21297081,-0.76992780125677707
0.21302145,-0.71559665225999847
0.21307208,-0.66486891610447807
0.21312271,-0.61963873205071696
0.21317335,-0.5817946277576117
0.21322399,-0.55319801953131231
0.21327462,-0.5355427806293962
0.21332525,-0.53030343668709534
0.21337589,-0.53864221280649527
0.21342653,-0.56131098362180998
0.21347716,-0.59852596145441617
0.21352779,-0.64993600072800473
0.21357843,-0.71452331704541772
0.21362907,-0.79058497117211834
0.2136797,-0.87579097509699588
0.21373033,-0.96727061843158202
0.21378097,-1.0615418949223367
0.21383161,-1.154795992254007
0.21388224,-1.2433335971387247
0.21393287,-1.3236025458466323
0.21398351,-1.3924266121761333
0.21403415,-1.4471742224118771
0.21408478,-1.4859544761453973
0.21413541,-1.5077002000352682
0.21418605,-1.5121863239587134
0.21423668,-1.5000178149535317
0.21428732,-1.4725542440418367
0.21433795,-1.4317067302003701
0.21438859,-1.3798053754050728
0.21443922,-1.3193733791479916
0.21448986,-1.2531283036385226
0.21454049,-1.1836731234318645
0.21459113,-1.1133897655483107
0.21464176,-1.0443832344136066
0.2146924,-0.9783094037012674
0.21474303,-0.91645923355531955
0.21479367,-0.85971449629891517
0.2148443,-0.8084606278719475
0.21489494,-0.76269703342907591
0.21494557,-0.72202476370507251
0.21499621,-0.68575693812558269
0.21504684,-0.65260917475913494
0.21509748,-0.62153154500491103
0.21514812,-0.5912675887624298
0.21519875,-0.56046444033762099
0.21524938,-0.52784269682885476
0.21530002,-0.49233730400352993
0.21535066,-0.45320527846554504
0.21540129,-0.41016056747432511
0.21545192,-0.36336207775753143
0.21550256,-0.31353146748865324
0.2155532,-0.26176722749907261
0.21560383,-0.20957004331515555
0.21565446,-0.15873272832092211
0.2157051,-0.11117053122759935
0.21575574,-0.068892243501877337
0.21580637,-0.033785824368619433
0.215857,-0.0075648539357082711
0.21590764,0.0083687940812456341
0.21595828,0.012946475293613646
0.21600891,0.0053946973690304212
0.21605954,-0.014368061783804453
0.21611018,-0.046082306257538785
0.21616082,-0.089062994918268579
0.21621145,-0.14221518510450321
0.21626208,-0.20404449820003051
0.21631272,-0.27263435222920107
0.21636336,-0.34578467934866342
0.21641399,-0.42105632909925794
0.21646462,-0.4958041139756903
0.21651526,-0.56742315825199374
0.2165659,-0.63343099589214702
0.21661653,-0.69165532665894169
0.21666716,-0.74038489794245643
0.2167178,-0.77849964908369362
0.21676843,-0.80559584409992901
0.21681907,-0.82203083594570392
0.2168697,-0.82892700415805831
0.21692034,-0.82807555961984569
0.21697097,-0.8217342621921867
0.21702161,-0.81240530271578459
0.21707224,-0.80261470766819065
0.21712288,-0.7946634594459463
0.21717351,-0.79035332138044923
0.21722415,-0.79081525292006105
0.21727478,-0.7964734573957708
0.21732542,-0.80703304595966119
0.21737605,-0.82154296925792114
0.21742669,-0.83854974918466008
0.21747732,-0.85629818648047806
0.21752796,-0.87298211005479209
0.21757859,-0.88681794200274244
0.21762923,-0.89620794403328352
0.21767987,-0.89982891538475029
0.2177305,-0.89666357657637685
0.21778113,-0.88605008511644523
0.21783177,-0.86763694050908013
0.21788241,-0.84136965766909488
0.21793304,-0.80746915791145257
0.21798367,-0.76640659764987484
0.21803431,-0.71892365958208859
0.21808495,-0.66587498223788266
0.21813558,-0.60836861501959849
0.21818621,-0.54772246186071127
0.21823685,-0.48542254524410433
0.21828749,-0.42314716973026972
0.21833812,-0.36264425086363578
0.21838875,-0.30577414675328107
0.21843939,-0.25445985601333154
0.21849003,-0.21063306591977951
0.21854066,-0.1762205601514816
0.21859129,-0.15299368183743683
0.21864193,-0.14250421940717781
0.21869257,-0.14599039352078974
0.2187432,-0.16428476377694873
0.21879383,-0.19771004104530743
0.21884447,-0.24600927701455166
0.21889511,-0.30826893878178319
0.21894574,-0.38299069473514613
0.21899637,-0.46785407567771231
0.21904701,-0.56002626807927414
0.21909765,-0.65621283606388625
0.21914828,-0.75267146985566191
0.21919891,-0.84567140408424757
0.21924955,-0.93168768095795229
0.21930019,-1.0074759248550462
0.21935082,-1.0703824979702254
0.21940145,-1.118436495224467
0.21945209,-1.1504738490790358
0.21950272,-1.1661767625295294
0.21955336,-1.1660430982486107
0.21960399,-1.151309016894849
0.21965463,-1.1238370815688392
0.21970526,-1.0859120364007984
0.2197559,-1.0400103205214672
0.21980653,-0.98876424746908376
0.21985717,-0.93475785985376003
0.2199078,-0.88036411336423859
0.21995844,-0.82762514539936904
0.22000907,-0.77818901569675991
0.22005971,-0.73330656762093294
0.22011034,-0.69379687440601745
0.22016098,-0.66001363474850883
0.22021161,-0.63189783989717641
0.22026225,-0.60902768568127907
0.22031288,-0.59060532454573245
0.22036352,-0.57531803803993942
0.22041416,-0.56207044873101575
0.22046479,-0.54951776632935201
0.22051542,-0.53620931670273442
0.22056606,-0.52075363267835328
0.2206167,-0.50197456122677153
0.22066733,-0.47903103161835792
0.22071796,-0.45149928270137341
0.2207686,-0.41942865343957264
0.22081924,-0.38339883270987379
0.22086987,-0.34443850210910881
0.2209205,-0.30398766597881632
0.22097114,-0.26377770375958132
0.22102178,-0.22576118363832953
0.22107241,-0.19195922659541442
0.22112304,-0.16436381080325002
0.22117368,-0.14478790788162033
0.22122432,-0.1347768977122894
0.22127495,-0.13553653279242628
0.22132558,-0.14787787721429901
0.22137622,-0.17217717980394437
0.22142686,-0.20841527147539418
0.22147749,-0.25596379632253663
0.22152812,-0.31387057905204085
0.22157876,-0.38075546169116942
0.2216294,-0.45482884655564226
0.22168003,-0.53398547325223378
0.22173066,-0.61578972364999773
0.2217813,-0.69767026714380387
0.22183194,-0.77701191926752666
0.22188257,-0.85128400163871976
0.2219332,-0.91826286269559265
0.22198384,-0.97614996194595383
0.22203447,-1.0237294858045256
0.22208511,-1.0605022064842062
0.22213574,-1.0867075395207553
0.22218638,-1.1033550826028704
0.22223701,-1.1121389878729775
0.22228765,-1.115241717474404
0.22233828,-1.1151157346967833
0.22238892,-1.1142705420853003
0.22243955,-1.1150133506601865
0.22249019,-1.1191405452676271
0.22254082,-1.1278210150372017
0.22259146,-1.141505708833894
0.22264209,-1.1599024555467619
0.22269273,-1.1820518521771344
0.22274336,-1.2064709610469975
0.222794,-1.231356780704292
0.22284463,-1.254778782691881
0.22289527,-1.2748426879366086
0.2229459,-1.2898355106353971
0.22299654,-1.2983093456373673
0.22304717,-1.2991286278574274
0.22309781,-1.2915317369766197
0.22314845,-1.2750793636403372
0.22319908,-1.2496509550993218
0.22324971,-1.2153883342918244
0.22330035,-1.1727461013514615
0.22335099,-1.1223899316614612
0.22340162,-1.065252397912714
0.22345225,-1.0023679751463119
0.22350289,-0.9350657792982493
0.22355353,-0.86483680454921674
0.22360416,-0.79335921074957549
0.22365479,-0.72248935067233044
0.22370543,-0.6541436807186054
0.22375607,-0.59030763248879814
0.2238067,-0.53299063655114065
0.22385733,-0.48417744270888385
0.22390797,-0.44572958047506916
0.22395861,-0.4193050154679217
0.22400924,-0.40627941769458165
0.22405987,-0.40764720941984678
0.22411051,-0.42391392251124493
0.22416115,-0.45500195903502338
0.22421178,-0.50019301173553399
0.22426241,-0.55806359192041877
0.22431305,-0.62654919746700222
0.22436369,-0.70293024233035428
0.22441432,-0.78403580424009101
0.22446495,-0.86626951184186329
0.22451559,-0.94579608643316737
0.22456623,-1.0190208219865415
0.22461686,-1.0826934424265486
0.22466749,-1.1340882441893863
0.22471813,-1.1711186192918226
0.22476876,-1.1925059537898894
0.2248194,-1.1978278547535743
0.22487003,-1.187492141610401
0.22492067,-1.1626506869143152
0.2249713,-1.1249796171750952
0.22502194,-1.0769115771758235
0.22507257,-1.0209512809821151
0.22512321,-0.95972328322015432
0.22517384,-0.89584520943633272
0.22522448,-0.83172499470387007
0.22527511,-0.76942282132883055
0.22532575,-0.71058729044837921
0.22537638,-0.65646865395509169
0.22542702,-0.60786934524568648
0.22547765,-0.56514819280068895
0.22552829,-0.52820596829250588
0.22557892,-0.49660075851925634
0.22562956,-0.46947581808647715
0.2256802,-0.44549672353995595
0.22573083,-0.42352014010492917
0.22578146,-0.40214904973359433
0.2258321,-0.37988266817885297
0.22588274,-0.35524867492526491
0.22593337,-0.32703028038064064
0.225984,-0.29431632130040386
0.22603464,-0.25664299160715309
0.22608528,-0.21402662324538976
0.22613591,-0.16701954944710501
0.22618654,-0.11666140437392919
0.22623718,-0.064396408316165776
0.22628782,-0.011952703949752175
0.22633845,0.038665517587882059
0.22638908,0.085357135304703402
0.22643972,0.12604276918713148
0.22649036,0.15882163674473287
0.22654099,0.1820250643362018
0.22659162,0.19431797763094016
0.22664226,0.19475031970513285
0.2266929,0.18279792297719766
0.22674353,0.15831722812943688
0.22679416,0.12178863056385325
0.2268448,0.074033475122486814
0.22689544,0.016288530935536505
0.22694607,-0.049798612390047348
0.2269967,-0.12223752842879937
0.22704734,-0.19871878002607185
0.22709798,-0.27677520982814374
0.22714861,-0.35381723572363055
0.22719924,-0.42732747395034565
0.22724988,-0.49505803142433269
0.22730052,-0.5551276272981106
0.22735115,-0.60622215316629158
0.22740178,-0.64770944392639196
0.22745242,-0.67969269944464372
0.22750305,-0.70303469004105978
0.22755369,-0.71928987293473123
0.22760432,-0.73053453725149131
0.22765496,-0.73913304167072924
0.22770559,-0.74751966840245077
0.22775623,-0.75794966509627693
0.22780686,-0.77225667877496318
0.2278575,-0.79164708669428807
0.22790813,-0.81659583692669613
0.22795877,-0.84682366457762726
0.2280094,-0.88138349963214901
0.22806004,-0.91876318104857424
0.22811067,-0.95711407083537903
0.22816131,-0.99443475171017792
0.22821194,-1.028694844752823
0.22826258,-1.0580931241835838
0.22831321,-1.0810979860972212
0.22836385,-1.0963742171936492
0.22841449,-1.103091792543669
0.22846512,-1.1007421120736216
0.22851575,-1.0890864025495519
0.22856639,-1.0681894232488545
0.22861703,-1.0384044275156541
0.22866766,-1.0003813897587825
0.22871829,-0.95500823086785602
0.22876893,-0.90332014677792494
0.22881957,-0.84664275604625105
0.2288702,-0.78647904009916125
0.22892083,-0.72455436251988103
0.22897147,-0.66277560488302945
0.22902211,-0.60300960624472122
0.22907274,-0.54731082095564665
0.22912337,-0.49779504752913156
0.22917401,-0.45650537846697414
0.22922465,-0.4254059641189748
0.22927528,-0.40627664346103737
0.22932591,-0.40058950833237267
0.22937655,-0.4094444869353609
0.22942719,-0.43345924601051389
0.22947782,-0.4726672303233983
0.22952845,-0.52658845730755888
0.22957909,-0.59379764169528682
0.22962973,-0.67235191900475566
0.22968036,-0.75961676403346656
0.22973099,-0.85249567023062156
0.22978163,-0.94738740984712
0.22983227,-1.0405713061552564
0.2298829,-1.12841113946809
0.22993353,-1.2075766707475544
0.22998417,-1.2751438786124423
0.2300348,-1.3289394898699536
0.23008544,-1.3674363460434751
0.23013607,-1.3900189216964245
0.23018671,-1.3968793195544258
0.23023734,-1.3889831702753566
0.23028798,-1.3679537486113147
0.23033861,-1.3359007450259952
0.23038925,-1.2951821007183035
0.23043988,-1.2483164702923408
0.23049052,-1.1978355071681182
0.23054115,-1.1460936246709057
0.23059179,-1.0951712877566808
0.23064242,-1.046737387745446
0.23069306,-1.002043336376468
0.23074369,-0.96194882166856055
0.23079433,-0.92685522005639731
0.23084496,-0.89671855551311863
0.2308956,-0.87112920566995289
0.23094623,-0.84931243218355501
0.23099687,-0.82991791109490975
0.2310475,-0.81181870142636048
0.23109814,-0.79362672231988141
0.23114878,-0.77384010179725282
0.23119941,-0.75096583180703147
0.23125004,-0.72373010112768821
0.23130068,-0.69117748605588714
0.23135132,-0.65277627446710262
0.23140195,-0.6084801541511875
0.23145258,-0.55876251239609132
0.23150322,-0.50462792923746813
0.23155386,-0.44748936904066422
0.23160449,-0.3891595517486075
0.23165512,-0.33165737230546566
0.23170576,-0.2771525301061164
0.2317564,-0.22781568681349429
0.23180703,-0.18567724890963222
0.23185766,-0.15251653171330326
0.2319083,-0.12978901839322526
0.23195894,-0.11867662456083827
0.23200957,-0.11972166644246934
0.2320602,-0.13311070505419753
0.23211084,-0.1585736256730601
0.23216148,-0.19540894386577828
0.23221211,-0.24248991629320937
0.23226274,-0.29826908982750544
0.23231338,-0.36083270288715974
0.23236402,-0.42794865309482455
0.23241465,-0.49717030873439305
0.23246528,-0.56591729598493135
0.23251592,-0.63166695709988518
0.23256656,-0.69207691887790534
0.23261719,-0.74519276582724647
0.23266782,-0.78957653879693002
0.23271846,-0.82444527332314488
0.23276909,-0.84974057318188034
0.23281973,-0.86616618531413947
0.23287036,-0.87512756881745357
0.232921,-0.87859141861277779
0.23297163,-0.87885159851176753
0.23302227,-0.87830521130653605
0.2330729,-0.87921230777715553
0.23312354,-0.88345175404816112
0.23317417,-0.89230934710717735
0.23322481,-0.90635702596819745
0.23327544,-0.9254160756167058
0.23332608,-0.94862275607376068
0.23337671,-0.97455648394656502
0.23342735,-1.0013938176354453
0.23347798,-1.0271409439176193
0.23352862,-1.0497600630073312
0.23357925,-1.0674559591905468
0.23362989,-1.0786092539853389
0.23368053,-1.0819534412181877
0.23373116,-1.0765866525533616
0.23378179,-1.0619438862656074
0.23383243,-1.037779801313609
0.23388307,-1.0041720005666086
0.2339337,-0.96146749194338343
0.23398433,-0.91032331302467784
0.23403497,-0.85161726429250673
0.23408561,-0.78638601412985576
0.23413624,-0.71600500247170273
0.23418687,-0.64195879020676183
0.23423751,-0.56599138869467558
0.23428815,-0.49008717551765618
0.23433878,-0.41618575229148286
0.23438941,-0.34635110333091035
0.23444005,-0.28276177192957436
0.23449069,-0.22752523088779217
0.23454132,-0.18269742554294877
0.23459195,-0.15016912416036612
0.23464259,-0.13153094667387907
0.23469323,-0.12800799517447026
0.23474386,-0.14035293538401117
0.23479449,-0.16873795373260903
0.23484513,-0.21269295326312396
0.23489577,-0.27104626262041764
0.2349464,-0.3419561234946919
0.23499703,-0.42289395386438322
0.23504767,-0.5108496299455545
0.23509831,-0.60224536068643031
0.23514894,-0.69321366914262406
0.23519957,-0.78005088769738817
0.23525021,-0.85926484331427688
0.23530085,-0.92785910814288686
0.23535148,-0.98346539612375328
0.23540211,-1.0244130143050425
0.23545275,-1.0499143762800274
0.23550338,-1.0600033334674517
0.23555402,-1.0555006361627113
0.23560465,-1.0378847268310896
0.23565529,-1.0092005238435269
0.23570592,-0.97175800742850194
0.23575656,-0.92803098802241302
0.23580719,-0.88053661559777729
0.23585783,-0.83163119154921961
0.23590846,-0.78342659885752264
0.2359591,-0.73765842060446141
0.23600973,-0.69560101574307442
0.23606037,-0.65816807982806047
0.236111,-0.62583194119640617
0.23616164,-0.59860523866836501
0.23621227,-0.57612840549695177
0.23626291,-0.55771558044697023
0.23631354,-0.54213928504247988
0.23636418,-0.52818011642790919
0.23641482,-0.51457006787335602
0.23646545,-0.49987562045220513
0.23651608,-0.48264709310794696
0.23656672,-0.46162020960492056
0.23661736,-0.4358198874709307
0.23666799,-0.40468325941234129
0.23671862,-0.36812688984261488
0.23676926,-0.32655622487611918
0.2368199,-0.28090332934953388
0.23687053,-0.23252596896969352
0.23692116,-0.18319273018833621
0.2369718,-0.13487124095787745
0.23702244,-0.089711177441594181
0.23707307,-0.049864474449564156
0.2371237,-0.01736707808436988
0.23717434,0.0059765960917195216
0.23722498,0.018666786601099883
0.23727561,0.019579879845924686
0.23732624,0.0080126132558087648
0.23737688,-0.016279718139985855
0.23742752,-0.053142541956786249
0.23747815,-0.10184815041391371
0.23752878,-0.16129554798793427
0.23757942,-0.22996558645344617
0.23763006,-0.30594251959117474
0.23768069,-0.38697442006884564
0.23773132,-0.47060344808377752
0.23778196,-0.55415265273802128
0.2378326,-0.63500759486122194
0.23788323,-0.71069707458548059
0.23793386,-0.77911152101369929
0.2379845,-0.83868228102930831
0.23803513,-0.88846982577420408
0.23808577,-0.92827893601057154
0.2381364,-0.95868043650027934
0.23818704,-0.9809640972044078
0.23823767,-0.99702132480552541
0.23828831,-1.0091019816390041
0.23833894,-1.0196016158145833
0.23838958,-1.0308205737311122
0.23844021,-1.0447221882033679
0.23849085,-1.0626846031382753
0.23854148,-1.0853775787675275
0.23859212,-1.1127301058226977
0.23864275,-1.1439805992090366
0.23869339,-1.1777779809020754
0.23874402,-1.2123724265611155
0.23879466,-1.2457966150391584
0.23884529,-1.2760430530202895
0.23889593,-1.30126057245184
0.23894656,-1.3198333791298495
0.2389972,-1.3304518691031446
0.23904783,-1.3321885203358872
0.23909847,-1.3244611555426147
0.23914911,-1.3070265225997675
0.23919974,-1.2799676662675137
0.23925037,-1.2435697857265706
0.23930101,-1.198438781448268
0.23935165,-1.1454803618868901
0.23940228,-1.0856976623486807
0.23945291,-1.0203730623946188
0.23950355,-0.95098387770387716
0.23955419,-0.87921409106371851
0.23960482,-0.80693651618007844
0.23965545,-0.7360959973375556
0.23970609,-0.66877198661970605
0.23975673,-0.60710936355190104
0.23980736,-0.55320559423091797
0.23985799,-0.50911656790574999
0.23990863,-0.47669560755291296
0.23995927,-0.45753745932752493
0.2400099,-0.45289817182974362
0.24006053,-0.46359135691209169
0.24011117,-0.48987811512532342
0.24016181,-0.53138016686382905
0.24021244,-0.58704178978448684
0.24026307,-0.65508965983551093
0.24031371,-0.73311054291032562
0.24036435,-0.8180826981595325
0.24041498,-0.90654835406613321
0.24046561,-0.99467231585308102
0.24051625,-1.0786900599043601
0.24056689,-1.1550274072542057
0.24061752,-1.2206305685812946
0.24066815,-1.2729585113291342
0.24071879,-1.3102762036962532
0.24076942,-1.3316376807294814
0.24082006,-1.3369632998122083
0.24087069,-1.3269597140775757
0.24092133,-1.3030208705698518
0.24097196,-1.2671102576561373
0.2410226,-1.2213760895984278
0.24107323,-1.1684487548046065
0.24112387,-1.1109194506524986
0.2411745,-1.0511753256809899
0.24122514,-0.99139102048052874
0.24127577,-0.93340760286286861
0.24132641,-0.8785733549735284
0.24137704,-0.8279190978971207
0.24142768,-0.78200653062886194
0.24147831,-0.74095693413151431
0.24152895,-0.70452366741432049
0.24157958,-0.67211427947256341
0.24163022,-0.64262592379739802
0.24168085,-0.61487953418655605
0.24173149,-0.58771143147384919
0.24178212,-0.55974216367908958
0.24183276,-0.52958894217294183
0.2418834,-0.49599464474386784
0.24193403,-0.45801293237756935
0.24198466,-0.41505855455938034
0.2420353,-0.36705627666866686
0.24208594,-0.31436392546673919
0.24213657,-0.25790479330645366
0.2421872,-0.19898913523631273
0.24223784,-0.13935529583205336
0.24228848,-0.080935621734807617
0.24233911,-0.025843140064661374
0.24238974,0.023796478841835
0.24244038,0.065994972919499295
0.24249102,0.098974130735159926
0.24254165,0.12126420579703318
0.24259228,0.1317641215526974
0.24264292,0.12968720840499343
0.24269356,0.11491099229836488
0.24274419,0.087660837633263988
0.24279482,0.048582984855657152
0.24284546,-0.0012256687407324884
0.2428961,-0.060277194158033731
0.24294673,-0.1266713619506501
0.24299736,-0.19821932467157888
0.243048,-0.27251088022796111
0.24309864,-0.34691606345307496
0.24314927,-0.41886976554164734
0.2431999,-0.48591403684115075
0.24325054,-0.54593248803821637
0.24330117,-0.59732794217163865
0.24335181,-0.63911849658031428
0.24340244,-0.671042898537905
0.24345308,-0.69361454386158039
0.24350371,-0.7080704831182868
0.24355435,-0.71627295486130604
0.24360498,-0.72047663698151831
0.24365562,-0.72311396671704253
0.24370625,-0.72654849973485147
0.24375689,-0.73283356730957583
0.24380752,-0.74348628696689567
0.24385816,-0.75933347701472775
0.24390879,-0.78045768229228474
0.24395943,-0.80623251906264715
0.24401006,-0.83539931330062878
0.2440607,-0.86629312629103761
0.24411133,-0.89700517228348797
0.24416197,-0.9255637815099852
0.2442126,-0.9501139063808175
0.24426324,-0.96902133282168301
0.24431387,-0.98094276304037176
0.24436451,-0.98490411268541389
0.24441515,-0.98027178456730413
0.24446578,-0.96673335897749268
0.24451641,-0.94428112653232243
0.24456705,-0.91318445711924301
0.24461769,-0.87400879059107506
0.24466832,-0.82755087445002007
0.24471895,-0.7747726505756829
0.24476959,-0.71689162275513008
0.24482023,-0.65528844285395116
0.24487086,-0.59168460431727554
0.24492149,-0.52784897336119363
0.24497213,-0.46568729370184347
0.24502277,-0.40719389535184025
0.2450734,-0.35444568875746962
0.24512403,-0.30949578951897327
0.24517467,-0.27437726102481941
0.24522531,-0.25092668903193971
0.24527594,-0.2407430025873506
0.24532657,-0.24508486616501887
0.24537721,-0.26476773203878301
0.24542785,-0.30005532675648328
0.24547848,-0.35070664224224962
0.24552911,-0.41559270496628131
0.24557975,-0.4930058261003335
0.24563039,-0.58056821689284854
0.24568102,-0.67530133105943291
0.24573165,-0.77384020791204788
0.24578229,-0.87246624645387394
0.24583293,-0.96746215824652282
0.24588356,-1.055271026697574
0.24593419,-1.1327725444750796
0.24598483,-1.1973745430514313
0.24603546,-1.2472564550997127
0.2460861,-1.2813810223772237
0.24613673,-1.2995609249574218
0.24618737,-1.3024039102995422
0.246238,-1.2912148125087377
0.24628864,-1.2678810263398215
0.24633927,-1.2346382113695866
0.24638991,-1.1939035824186008
0.24644054,-1.14822247719755
0.24649118,-1.1000055174251011
0.24654181,-1.0514446648984963
0.24659245,-1.0044285143477216
0.24664308,-0.96039405565481706
0.24669372,-0.9204254343618643
0.24674435,-0.88516282078496589
0.24679499,-0.85479088612390774
0.24684562,-0.82911767236856593
0.24689626,-0.80761033973413654
0.24694689,-0.78923850073439428
0.24699753,-0.77278519804392565
0.24704816,-0.75708847004538693
0.2470988,-0.74077515692526041
0.24714944,-0.72240686052575842
0.24720007,-0.70067676690839842
0.2472507,-0.67453269508693503
0.24730134,-0.64329001140217401
0.24735198,-0.60673028395004491
0.24740261,-0.56510858830529886
0.24745324,-0.51919718235357581
0.24750388,-0.47021873290597938
0.24755452,-0.41979893096147008
0.24760515,-0.36984740532267213
0.24765578,-0.32239826265649157
0.24770642,-0.27958086041560931
0.24775706,-0.24338222654812286
0.24780769,-0.21561718712419997
0.24785832,-0.1977793232713545
0.24790896,-0.19100362346080085
0.2479596,-0.196110845858043
0.24801023,-0.21328613744766428
0.24806086,-0.24233974538950925
0.2481115,-0.28265621243889344
0.24816214,-0.33320032206461292
0.24821277,-0.3925270324537552
0.2482634,-0.45878558683131598
0.24831404,-0.52981310792647707
0.24836468,-0.60319494462036061
0.24841531,-0.67632184482680846
0.24846594,-0.74660947463238858
0.24851658,-0.81159603529988145
0.24856722,-0.86914734889017864
0.24861785,-0.91761525689351098
0.24866848,-0.95595937767318218
0.24871912,-0.98385199782869215
0.24876975,-1.0017317215306027
0.24882039,-1.0107844862722015
0.24887102,-1.0128423622266398
0.24892166,-1.0101642497351304
0.24897229,-1.0052180547319924
0.24902293,-1.000442048727201
0.24907356,-0.99801093051739898
0.2491242,-0.99955601286293327
0.24917483,-1.0060173214200847
0.24922547,-1.0176081954037621
0.2492761,-1.0338264147530525
0.24932674,-1.053528294657907
0.24937737,-1.0751101046048377
0.24942801,-1.0966889691739234
0.24947864,-1.1162971772125125
0.24952928,-1.1320488605086174
0.24957991,-1.1422667692181427
0.24963055,-1.1456165256340149
0.24968118,-1.1410140327577847
0.24973182,-1.1278296861161328
0.24978245,-1.1056660625428774
0.24983309,-1.0745275025998524
0.24988373,-1.034634325239792
0.24993436,-0.98651168627670172
0.24998499,-0.93094948901527597
0.25003563,-0.86889487697872891
0.25008626,-0.80151380057341248
0.2501369,-0.73020526755372328
0.25018754,-0.65654879551588774
0.25023817,-0.58237481554446568
0.25028881,-0.50952939686646415
0.25033944,-0.44000762166416835
0.25039007,-0.37586820359948631
0.25044071,-0.31916206234268618
0.25049134,-0.27194866026105324
0.25054198,-0.23610999017085244
0.25059262,-0.21328357543274856
0.25064325,-0.20479352571293719
0.25069389,-0.21153335324044489
0.25074452,-0.23386381908783063
0.25079515,-0.27154631411565766
0.25084579,-0.32367528542602886
0.25089642,-0.38864460776847914
0.25094706,-0.46420926408173435
0.2509977,-0.54752502618371568
0.25104833,-0.63522628014810067
0.25109897,-0.72352503067204865
0.2511496,-0.80872260942282037
0.25120023,-0.88724830621073947
0.25125087,-0.95590514304043617
0.2513015,-1.0120582969566536
0.25135214,-1.0536876801095376
0.25140277,-1.0797823961780173
0.25145341,-1.0901133720782674
0.25150405,-1.0852598509870042
0.25155468,-1.0665088834070247
0.25160531,-1.0357693057259421
0.25165595,-0.99529534051165047
0.25170658,-0.94754940936856424
0.25175722,-0.89510906346636654
0.25180785,-0.84046977559118141
0.25185849,-0.7858736991783204
0.25190913,-0.73326306023337806
0.25195976,-0.68413846964402203
0.25201039,-0.63961136254047191
0.25206103,-0.60037397510585122
0.25211166,-0.56664646780889061
0.2521623,-0.53826118097419573
0.25221293,-0.51470263452891007
0.25226357,-0.49493032826559258
0.25231421,-0.47776808649605484
0.25236484,-0.46205778051600566
0.25241548,-0.4463956609260441
0.25246611,-0.42931990519846919
0.25251674,-0.40947058384504686
0.25256738,-0.38574088767334258
0.25261801,-0.35737283979605
0.25266865,-0.3240767084649927
0.25271929,-0.28601636080988574
0.25276992,-0.24388193538187375
0.25282056,-0.19882643085354651
0.25287119,-0.15238909230501202
0.25292182,-0.10643631869737674
0.25297246,-0.062958681848501674
0.25302309,-0.02407516415132005
0.25307373,0.0082226195409085268
0.25312437,0.032098108876533804
0.253175,0.046017666314080052
0.25322564,0.048785144912566358
0.25327627,0.039613668638346422
0.2533269,0.018083365760691361
0.25337754,-0.015591887070364407
0.25342817,-0.060848117891446341
0.25347881,-0.11670567245493302
0.25352945,-0.18177819618378732
0.25358008,-0.25425574535639162
0.25363072,-0.33200703535859222
0.25368135,-0.41264739550817942
0.25373198,-0.49355854322437259
0.25378262,-0.57214042461461534
0.25383325,-0.64589417079421307
0.25388389,-0.71261687744712898
0.25393452,-0.77056722363393171
0.25398516,-0.81859541812667636
0.2540358,-0.85626044593807715
0.25408643,-0.88387761969680734
0.25413706,-0.9025261709395429
0.2541877,-0.91395350256950247
0.25423833,-0.92037011936727842
0.25428897,-0.92422139620267019
0.2543396,-0.92796279871502985
0.25439024,-0.93380575497258655
0.25444088,-0.94348658678508113
0.25449151,-0.95804428395649788
0.25454214,-0.97779184036085509
0.25459278,-1.002319441751317
0.25464341,-1.0305651854883329
0.25469405,-1.0609714650872482
0.25474468,-1.0916764007480309
0.25479532,-1.1207045651145329
0.25484596,-1.14614706124995
0.25489659,-1.1662944780763937
0.25494722,-1.1797081740504356
0.25499786,-1.185321538288592
0.25504849,-1.182380838557455
0.25509913,-1.1705248161827126
0.25514976,-1.1496864320943692
0.2552004,-1.1200286289939771
0.25525104,-1.0820144394747131
0.25530167,-1.0363752876211911
0.25535231,-0.98410184579452997
0.25540294,-0.92628986266097124
0.25545357,-0.8643262854700049
0.25550421,-0.79966370614820981
0.25555484,-0.73413310381144925
0.25560548,-0.66959456357265934
0.25565612,-0.60804443305044054
0.25570675,-0.55150220450006926
0.25575739,-0.5019918404220548
0.25580802,-0.46153454473902966
0.25585865,-0.43200152100259936
0.25590929,-0.41502499750742688
0.25595992,-0.41194643007678872
0.25601056,-0.42370586006378325
0.2560612,-0.45073033181684663
0.25611183,-0.49286044185779032
0.25616247,-0.54926004296480957
0.2562131,-0.61841674736165952
0.25626373,-0.69815847072150372
0.25631437,-0.78570172698979401
0.256365,-0.87775880207385548
0.25641564,-0.9705670018183965
0.25646628,-1.06037902674881
0.25651691,-1.1436226536311951
0.25656755,-1.2170219754333023
0.25661818,-1.2778509867615055
0.25666881,-1.3239668606732562
0.25671945,-1.3542337503904052
0.25677008,-1.368290875953265
0.25682072,-1.3665822870795954
0.25687135,-1.3503149813711097
0.25692199,-1.3212899219614527
0.25697263,-1.2817197650598662
0.25702326,-1.2340279137652526
0.25707389,-1.1807900906618034
0.25712453,-1.1245341408629459
0.25717516,-1.067580833638301
0.2572258,-1.0119147897289207
0.25727643,-0.95913927562462375
0.25732707,-0.91046412463479587
0.25737771,-0.86667034720862934
0.25742834,-0.82807372907270316
0.25747897,-0.7945818536033733
0.25752961,-0.76577113645901262
0.25758024,-0.74061931612503717
0.25763088,-0.71801021569769263
0.25768151,-0.69680999521187359
0.25773215,-0.67562776095320487
0.25778279,-0.65297900933984676
0.25783342,-0.62746472590875657
0.25788406,-0.59794034498678361
0.25793469,-0.56358137982355971
0.25798532,-0.52401620421118511
0.25803596,-0.47933810424452983
0.25808659,-0.43018260500913341
0.25813723,-0.37764338776384543
0.25818787,-0.32323601867576601
0.2582385,-0.26880726795944837
0.25828914,-0.2163732904645348
0.25833977,-0.16804886253499485
0.2583904,-0.12588184612909953
0.25844104,-0.091743335439974483
0.25849167,-0.06723042667304796
0.25854231,-0.05370898586939743
0.25859295,-0.051915022911459274
0.25864358,-0.062264440661860265
0.25869422,-0.084713332839083055
0.25874485,-0.11877920538283054
0.25879548,-0.16356632667331195
0.25884612,-0.21774599421813845
0.25889675,-0.27957858313648914
0.25894739,-0.34700097344933362
0.25899803,-0.41762084480773976
0.25904866,-0.48889903886456509
0.2590993,-0.55823996635567363
0.25914993,-0.62312280315985147
0.25920056,-0.68130888914758914
0.2592512,-0.73096454364486185
0.25930183,-0.77083266965293717
0.25935247,-0.80035733574379719
0.2594031,-0.81972352729488696
0.25945374,-0.8298783756491559
0.25950438,-0.83245768831494327
0.25955501,-0.82959457108200274
0.25960564,-0.82369536390908316
0.25965628,-0.81721248620775122
0.25970691,-0.81240536789279627
0.25975755,-0.81108716001078973
0.25980818,-0.81443789496805974
0.25985882,-0.82290771282571051
0.25990946,-0.83622102046511138
0.25996009,-0.85345028429028491
0.26001072,-0.87313730487116548
0.26006136,-0.89349766307403489
0.26011199,-0.91263345515958683
0.26016263,-0.92867894212722946
0.26021326,-0.93996530632313668
0.2602639,-0.94507480116158615
0.26031454,-0.94291150235047971
0.26036517,-0.93273969700305048
0.26041581,-0.91414977613962101
0.26046644,-0.88703545242544357
0.26051707,-0.85158608689576976
0.26056771,-0.8082489131534496
0.26061834,-0.75776063336304378
0.26066898,-0.70109363722004736
0.26071962,-0.63924549632271432
0.26077025,-0.5736915074750617
0.26082089,-0.50592313819081536
0.26087152,-0.43767261379853517
0.26092215,-0.37081763463855427
0.26097279,-0.3072921487618851
0.26102342,-0.24911871645980008
0.26107406,-0.1983531325350088
0.2611247,-0.1570006706630343
0.26117533,-0.12697278138765755
0.26122597,-0.10995216130660609
0.2612766,-0.10731441678184495
0.26132723,-0.12003876190324098
0.26137787,-0.14860371035056164
0.2614285,-0.19290299707230324
0.26147914,-0.25217744172550233
0.26152978,-0.32497906077351801
0.26158041,-0.40919585987990964
0.26163105,-0.50211212112845471
0.26168168,-0.6004245850596408
0.26173231,-0.7004793173587911
0.26178295,-0.79835244734563038
0.26183358,-0.89043046182449637
0.26188422,-0.9733424511278056
0.26193485,-1.0442253094423459
0.26198549,-1.1009214853195153
0.26203613,-1.142018371170276
0.26208676,-1.1669760674058041
0.26213739,-1.1760956255980679
0.26218803,-1.1704222018018133
0.26223866,-1.1516798120682095
0.2622893,-1.1220263352413753
0.26233993,-1.083856681810035
0.26239057,-1.0397297497978182
0.26244121,-0.99220866729033741
0.26249184,-0.94367264727012512
0.26254247,-0.89618517683399701
0.26259311,-0.85141074509086867
0.26264374,-0.81063493308510504
0.26269438,-0.77471436317060305
0.26274501,-0.74405034677241311
0.26279565,-0.71862401751155813
0.26284629,-0.69809196395086881
0.26289692,-0.68142460375122793
0.26294755,-0.6676399540915674
0.26299819,-0.65561179668998282
0.26304882,-0.64394716851460465
0.26309946,-0.63116095501786695
0.26315009,-0.61582745352886359
0.26320073,-0.5967440422133935
0.26325137,-0.57301678459330363
0.263302,-0.54420178532429975
0.26335264,-0.51030556582449538
0.26340327,-0.47184488299683641
0.2634539,-0.42984183103625906
0.26350454,-0.38574442972936906
0.26355517,-0.34131118744064859
0.26360581,-0.29853069154915701
0.26365645,-0.25950529509985931
0.26370708,-0.22630266990553138
0.26375772,-0.20082686785807774
0.26380835,-0.18473105381446725
0.26385898,-0.17933981645468183
0.26390962,-0.18558925475377425
0.26396025,-0.20407269153576529
0.26401089,-0.23471795485561214
0.26406153,-0.27708737889490265
0.26411216,-0.33033519307354731
0.2641628,-0.39318289732639933
0.26421343,-0.46391248121504802
0.26426406,-0.5404626182361576
0.2643147,-0.62044368067136468
0.26436533,-0.70128882605348941
0.26441597,-0.78030087206264098
0.26446661,-0.85485804609507221
0.26451724,-0.92261136449857462
0.26456788,-0.98154918276842196
0.26461851,-1.0302584235675178
0.26466914,-1.0680121684023987
0.26471978,-1.0948312138022058
0.26477041,-1.1115167727472217
0.26482105,-1.1195772547334877
0.26487168,-1.1210608265659792
0.26492232,-1.1183343009633055
0.26497296,-1.1138600686093065
0.26502359,-1.1099496006284506
0.26507422,-1.1085160437049353
0.26512486,-1.1108371240261969
0.26517549,-1.1174846567706045
0.26522613,-1.1283225025756121
0.26527676,-1.1425409618178874
0.2653274,-1.1587862901840742
0.26537804,-1.1753617287062825
0.26542867,-1.1904125086013775
0.2654793,-1.2021102124549343
0.26552994,-1.2087865265904087
0.26558057,-1.209030546848556
0.26563121,-1.2017625462309438
0.26568184,-1.1862554309951037
0.26573248,-1.1621170220336514
0.26578312,-1.1292564623675285
0.26583375,-1.0879136368658955
0.26588439,-1.0385482621080073
0.26593502,-0.9818968986372385
0.26598565,-0.91894296577382528
0.26603629,-0.85078760990139091
0.26608692,-0.77874743337420416
0.26613756,-0.70436053016915245
0.2661882,-0.62935387890954519
0.26623883,-0.5556396258768479
0.26628947,-0.48511079859766437
0.2663401,-0.41974182865162285
0.26639073,-0.36158300649340491
0.26644137,-0.31260954695567134
0.266492,-0.27473042527248115
0.26654264,-0.24966693039419199
0.26659328,-0.23884405856051738
0.26664391,-0.24331190129136898
0.26669455,-0.26363374145003071
0.26674518,-0.29979511740816028
0.26679581,-0.35112097360041955
0.26684645,-0.41624629122718138
0.26689708,-0.49314352618818263
0.26694772,-0.57909095279337108
0.26699836,-0.67084751961288003
0.26704899,-0.76476440912538324
0.26709963,-0.85694132604616335
0.26715026,-0.94361946233027516
0.26720089,-1.0212823599592904
0.26725153,-1.0869253737031863
0.26730216,-1.1382691351444338
0.2673528,-1.1737260136870991
0.26740343,-1.1926237113863707
0.26745407,-1.1951305815629931
0.26750471,-1.1820188045205495
0.26755534,-1.1551220743637836
0.26760597,-1.1166208701295943
0.26765661,-1.0689338224536562
0.26770724,-1.0146572489739158
0.26775788,-0.95640112821141043
0.26780851,-0.89661586246412672
0.26785915,-0.83748199574296067
0.26790979,-0.78075883345122254
0.26796042,-0.72778281149457047
0.26801105,-0.67951571261278287
0.26806169,-0.63649501868202352
0.26811232,-0.59879397044117844
0.26816296,-0.56616346894225533
0.26821359,-0.53766938969421396
0.26826423,-0.51243441197331174
0.26831487,-0.48942376220798117
0.2683655,-0.46732858512436415
0.26841614,-0.44472918867350553
0.26846677,-0.42023947886119861
0.2685174,-0.39267930309710181
0.26856804,-0.36117427817980707
0.26861867,-0.32524483013450922
0.26866931,-0.2848894750913229
0.26871995,-0.24062249014012863
0.26877058,-0.19340725440687362
0.26882122,-0.14461958320199814
0.26887185,-0.0960044407435095
0.26892248,-0.049504120556827846
0.26897312,-0.0071871663756732929
0.26902375,0.028901515754014617
0.26907439,0.056856162721565406
0.26912503,0.075017096237608383
0.26917566,0.082046413533358731
0.2692263,0.076990463118136621
0.26927693,0.05922502450931233
0.26932756,0.028820174379567687
0.2693782,-0.013800885598558965
0.26942883,-0.067792145855345209
0.26947947,-0.13187810556789081
0.26953011,-0.20436711909480759
0.26958074,-0.28319543965705474
0.26963138,-0.3659923842824685
0.26968201,-0.4501761926305437
0.26973264,-0.53300980102504236
0.26978328,-0.61183180950692195
0.26983391,-0.68416294422190693
0.26988455,-0.74793235615441334
0.26993518,-0.80160133556878332
0.26998582,-0.84431829401544223
0.27003646,-0.87597544866466004
0.27008709,-0.89725444854662473
0.27013772,-0.90955434673564561
0.27018836,-0.91486564894090472
0.27023899,-0.9155275606501978
0.27028963,-0.91401256248544005
0.27034026,-0.91268263666136251
0.2703909,-0.9135381262895037
0.27044154,-0.91800525701926727
0.27049217,-0.92680563248451486
0.2705428,-0.93993239663948347
0.27059344,-0.95670379325772958
0.27064407,-0.97587936827804
0.27069471,-0.9958411691482163
0.27074534,-1.0147795797765151
0.27079598,-1.0308762172425532
0.27084662,-1.0424585347454851
0.27089725,-1.048155999713865
0.27094788,-1.0468219663172582
0.27099852,-1.0377562094846264
0.27104915,-1.0205614659113422
0.27109979,-0.99508285529368778
0.27115042,-0.96157512664474243
0.27120106,-0.9204803666760506
0.2712517,-0.87248141416745462
0.27130233,-0.81858980188447716
0.27135297,-0.75982045752473359
0.2714036,-0.69757225132244516
0.27145423,-0.63325957853178139
0.27150487,-0.56851992933848772
0.2715555,-0.50526322569491977
0.27160614,-0.44536183016417963
0.27165678,-0.39078747465782004
0.27170741,-0.34354564023466938
0.27175805,-0.30558640788875535
0.27180868,-0.27878086015446135
0.27185931,-0.26479741100369658
0.27190995,-0.26502054298780947
0.27196058,-0.28047379249809756
0.27201122,-0.31171210444839126
0.27206186,-0.35871067351058616
0.27211249,-0.42083308533386299
0.27216313,-0.49674592203055501
0.27221376,-0.58444712169388602
0.27226439,-0.68127170076684851
0.27231503,-0.78402374624771931
0.27236566,-0.88910956235142391
0.2724163,-0.99257710187572701
0.27246694,-1.0906341216783157
0.27251757,-1.179736103498439
0.27256821,-1.2568330455416752
0.27261884,-1.3194898404587205
0.27266947,-1.3660133004509689
0.27272011,-1.3955742330817296
0.27277074,-1.4081848572334403
0.27282138,-1.4046713205993546
0.27287201,-1.3865526697438304
0.27292265,-1.3558711953401437
0.27297329,-1.3149828183485583
0.27302392,-1.2664460694752582
0.27307455,-1.212883646361046
0.27312519,-1.1567693998712993
0.27317582,-1.100346511210476
0.27322646,-1.0454968086835936
0.27327709,-0.993645725624001
0.27332773,-0.94588010303578274
0.27337837,-0.90283368854407942
0.273429,-0.86469330854714432
0.27347963,-0.83133626234509816
0.27353027,-0.80194129854412544
0.2735809,-0.77565559248339266
0.27363154,-0.75154628170180726
0.27368217,-0.72836447348514322
0.27373281,-0.70472423508119664
0.27378345,-0.67925626476886658
0.27383408,-0.65077167484503406
0.27388472,-0.61835984973653557
0.27393535,-0.58149904520068119
0.27398598,-0.54013295566086561
0.27403662,-0.4946607275684573
0.27408725,-0.44601331142049194
0.27413789,-0.39551225514484439
0.27418853,-0.34487605199690868
0.27423916,-0.29598546879308651
0.2742898,-0.25090937230586408
0.27434043,-0.21169032062682747
0.27439106,-0.18022382201388015
0.2744417,-0.15817142532109496
0.27449233,-0.14687803500818652
0.27454297,-0.14740641845835001
0.27459361,-0.16017752097863075
0.27464424,-0.18525077731188183
0.27469488,-0.22223678486439435
0.27474551,-0.27032026437546514
0.27479614,-0.32825185106138732
0.27484678,-0.39436853140658201
0.27489741,-0.46663092264094452
0.27494805,-0.54268647823031602
0.27499869,-0.61999703426150932
0.27504932,-0.695832470338971
0.27509996,-0.76754368657430105
0.27515059,-0.8326434291483148
0.27520122,-0.88901977665947807
0.27525186,-0.93509694931954179
0.27530249,-0.9699350094336
0.27535313,-0.99334593848678043
0.27540376,-1.0059289155181932
0.2754544,-1.0090168926658112
0.27550504,-1.0045569712534954
0.27555567,-0.99488163124552575
0.2756063,-0.98248972278272384
0.27565694,-0.96980788075178237
0.27570757,-0.95893577855667778
0.27575821,-0.95142884317809895
0.27580884,-0.9481354441526384
0.27585948,-0.94917739105571641
0.27591012,-0.95399966445784834
0.27596075,-0.96145481088645646
0.27601138,-0.96999083645274287
0.27606202,-0.97784558425123613
0.27611265,-0.98321504585057773
0.27616329,-0.984427061498933
0.27621392,-0.98003327890809144
0.27626456,-0.96896046597390362
0.2763152,-0.95041585065482626
0.27636583,-0.92392192587790389
0.27641647,-0.88942318785787378
0.2764671,-0.84707139753175076
0.27651773,-0.79732553173303988
0.27656837,-0.74090635471057786
0.276619,-0.67871097325926799
0.27666964,-0.61184098286274646
0.27672028,-0.54160351220249325
0.27677091,-0.46942759669013023
0.27682155,-0.39695943180679683
0.27687218,-0.32610175602767072
0.27692281,-0.25870784723461987
0.27697345,-0.19675419150960644
0.27702408,-0.14226966216755157
0.27707472,-0.09722562388978917
0.27712536,-0.06353778513132935
0.27717599,-0.042913196105000273
0.27722663,-0.036794023470841486
0.27727726,-0.046260917959847769
0.27732789,-0.071931657397572568
0.27737853,-0.11387050485942418
0.27742916,-0.1715028562143181
0.2774798,-0.24359797374443182
0.27753044,-0.32820934978685812
0.27758107,-0.42271568720059105
0.27763171,-0.52400514946604704
0.27768234,-0.62849120260977476
0.27773297,-0.73218064850597264
0.27778361,-0.83125606248535266
0.27783424,-0.92198529084690373
0.27788488,-1.0013190091284292
0.27793551,-1.0666629397786593
0.27798615,-1.1162617732839006
0.27803679,-1.1491417199394858
0.27808742,-1.1652115103617517
0.27813805,-1.165202246861897
0.27818869,-1.1505623070096711
0.27823932,-1.1232765315437432
0.27828996,-1.0856920211301486
0.27834059,-1.040337858056593
0.27839123,-0.98985924411145054
0.27844187,-0.93674518332079415
0.2784925,-0.88327768494063075
0.27854313,-0.83139197897998995
0.27859377,-0.78256451508168989
0.2786444,-0.73793911820426494
0.27869504,-0.6981933610266422
0.27874567,-0.66356981252861069
0.27879631,-0.63397924612434808
0.27884695,-0.60874455103245806
0.27889758,-0.58692031892989061
0.27894821,-0.56764086300264649
0.27899885,-0.54969500922479475
0.27904948,-0.53170847613024852
0.27910012,-0.5123201579919614
0.27915075,-0.49031068557124491
0.27920139,-0.46473705590147174
0.27925203,-0.43502561546157476
0.27930266,-0.40105302392669651
0.2793533,-0.36315777666923438
0.27940393,-0.32219248642261827
0.27945456,-0.27941915543916784
0.2795052,-0.23647627949500105
0.27955583,-0.19521312332888235
0.27960647,-0.15765713249999724
0.27965711,-0.12585898414495478
0.27970774,-0.10172920675670299
0.27975838,-0.086965804961105952
0.27980901,-0.082958462959270229
0.27985964,-0.090720707414351454
0.27991028,-0.11091376691714222
0.27996091,-0.1435777760207963
0.28001155,-0.18836267013781993
0.28006219,-0.24449244458898844
0.28011282,-0.31074816528509253
0.28016346,-0.38551666291606063
0.28021409,-0.46674975992872758
0.28026472,-0.55214126703797439
0.28031536,-0.63913098443122895
0.28036599,-0.72494740302107485
0.28041663,-0.80690162904041574
0.28046727,-0.88242259218926578
0.2805179,-0.9492980592735496
0.28056854,-1.0058376031691396
0.28061917,-1.051000551865847
0.2806698,-1.0844819865390112
0.28072044,-1.1067719902498521
0.28077107,-1.1191083943166822
0.28082171,-1.1233753497127292
0.28087234,-1.1218695716668428
0.28092298,-1.1170906652316708
0.28097362,-1.111500560168307
0.28102425,-1.1072882830065547
0.28107488,-1.1060563484127375
0.28112552,-1.1087494313071768
0.28117615,-1.1155984071926226
0.28122679,-1.1261239054250165
0.28127742,-1.1392263101193565
0.28132806,-1.1533804098771796
0.2813787,-1.1668232221830568
0.28142933,-1.1777353939479676
0.28147996,-1.184409886596129
0.2815306,-1.1853669756364567
0.28158123,-1.1794290498740545
0.28163187,-1.1657604470889913
0.2816825,-1.143883444542644
0.28173314,-1.1136374832215743
0.28178378,-1.075160483501248
0.28183441,-1.0288669310017897
0.28188505,-0.97542365712125467
0.28193568,-0.91573891210103242
0.28198631,-0.8508525892393104
0.28203695,-0.78216093430472888
0.28208758,-0.71108298872639186
0.28213822,-0.63929573537981343
0.28218886,-0.5686053140474292
0.28223949,-0.50087962034643163
0.28229013,-0.43805894750990026
0.28234076,-0.38216791590315669
0.28239139,-0.33517970795397567
0.28244203,-0.29905108410986103
0.28249266,-0.27553394981633045
0.2825433,-0.26611943227363843
0.28259394,-0.27195744393050741
0.28264457,-0.29374772924821829
0.28269521,-0.33164121386087431
0.28274584,-0.38516776925343477
0.28279647,-0.4531726594893295
0.28284711,-0.53382327553188236
0.28289774,-0.62458520890429148
0.28294838,-0.72234543314852717
0.28299902,-0.82353372088026477
0.28304965,-0.92425522556012218
0.28310029,-1.0206466768255602
0.28315092,-1.1090134259145077
0.28320155,-1.1860969632013454
0.28325219,-1.2492179030734656
0.28330282,-1.2964763594307889
0.28335346,-1.3267876853682794
0.28340409,-1.3399175791089109
0.28345473,-1.3364815308704772
0.28350537,-1.3178396039485485
0.283556,-1.2857397822883494
0.28360663,-1.2426858687072353
0.28365727,-1.1912044613169432
0.2837079,-1.133973093354433
0.28375854,-1.073530173067585
0.28380917,-1.0121705551324616
0.28385981,-0.9519069883470106
0.28391045,-0.89428558449892392
0.28396108,-0.84049990049831647
0.28401171,-0.79131240681738202
0.28406235,-0.74701052721104277
0.28411298,-0.70756393815476071
0.28416362,-0.67238853779444829
0.28421425,-0.64054927174429255
0.28426489,-0.61124994330417148
0.28431553,-0.5833147263553502
0.28436616,-0.55542319658866068
0.2844168,-0.52622643997918872
0.28446743,-0.49450068662405411
0.28451806,-0.459294354131903
0.2845687,-0.42000297662094122
0.28461933,-0.37647609402975213
0.28466997,-0.32901481137621802
0.28472061,-0.27845238819971779
0.28477124,-0.22601468125295066
0.28482188,-0.17331410222619725
0.28487251,-0.12224953163945501
0.28492314,-0.074809020140938265
0.28497378,-0.033091341293320753
0.28502441,0.00098808605235611857
0.28507505,0.025668121005239963
0.28512569,0.039518321070144358
0.28517632,0.041393777570841728
0.28522696,0.030730390393724882
0.28527759,0.007344731644105984
0.28532822,-0.02847703460977552
0.28537886,-0.076008418474481365
0.28542949,-0.13410524403778534
0.28548013,-0.20119480317341792
0.28553077,-0.27531681509144951
0.2855814,-0.35418728512070874
0.28563204,-0.43527566807186013
0.28568267,-0.51586259774779408
0.2857333,-0.59323453799846015
0.28578394,-0.66482736084450134
0.28583457,-0.72839394944757641
0.28588521,-0.78217293880721683
0.28593584,-0.82503112850633886
0.28598648,-0.85655538869613079
0.28603712,-0.87711519828354234
0.28608775,-0.88784313599876685
0.28613838,-0.89053782398687331
0.28618902,-0.88744372879765621
0.28623965,-0.88103688017967674
0.28629029,-0.87379584579658798
0.28634092,-0.86793880172855475
0.28639156,-0.86518985706644302
0.2864422,-0.86659165644686031
0.28649283,-0.87247613129323298
0.28654346,-0.88245852185409634
0.2865941,-0.8955232324491309
0.28664473,-0.91020104475626962
0.28669537,-0.92476103622109962
0.286746,-0.93738668045850315
0.28679664,-0.9463385343223002
0.28684728,-0.95009113423962155
0.28689791,-0.94741944841062253
0.28694854,-0.93744102101944538
0.28699918,-0.91962276953529765
0.28704981,-0.89376039847798372
0.28710045,-0.85993920447629146
0.28715108,-0.81851397355410227
0.28720172,-0.77009209707457793
0.28725236,-0.71557468980580907
0.28730299,-0.65609626891678396
0.28735363,-0.59278039512991842
0.28740426,-0.52708793111661767
0.28745489,-0.46066560021867298
0.28750553,-0.39535537819453892
0.28755616,-0.33301412748834541
0.2876068,-0.27561073868620034
0.28765744,-0.22514190240173199
0.28770807,-0.1835957973872728
0.28775871,-0.15293234934933145
0.28780934,-0.13491325097057152
0.28785997,-0.13105776621216009
0.28791061,-0.14254402761662421
0.28796124,-0.17011645744505793
0.28801188,-0.21396855008687132
0.28806252,-0.27370474168915448
0.28811315,-0.34824836665520598
0.28816379,-0.43580668000789019
0.28821442,-0.53397154712338213
0.28826505,-0.63974016362233443
0.28831569,-0.74955510027593675
0.28836632,-0.85944019755090384
0.28841696,-0.96555049993978481
0.2884676,-1.0642244334665802
0.28851823,-1.1520890690252612
0.28856887,-1.2264018592916042
0.2886195,-1.2851137199643559
0.28867013,-1.3269928151616195
0.28872077,-1.3516706561943823
0.2887714,-1.3596263927678824
0.28882204,-1.3521162592460034
0.28887267,-1.3309547984435817
0.28892331,-1.2983988086420493
0.28897395,-1.2569078835388767
0.28902458,-1.2091147368971735
0.28907521,-1.157582913174477
0.28912585,-1.1046520259385602
0.28917648,-1.0523715658437371
0.28922712,-1.002383361634974
0.28927775,-0.95594847279091533
0.28932839,-0.9139110540872073
0.28937903,-0.87663722371927932
0.28942966,-0.84414730689315587
0.28948029,-0.81593807389494766
0.28953093,-0.79109262792431023
0.28958156,-0.76882052888367614
0.2896322,-0.74796468823253481
0.28968283,-0.72717046580325684
0.28973347,-0.70505259025255684
0.28978411,-0.68032360330113062
0.28983474,-0.65193873218799392
0.28988538,-0.61918127375916121
0.28993601,-0.58179529173427402
0.28998664,-0.53996553608909426
0.29003728,-0.49438423776718027
0.29008791,-0.44621602563420526
0.29013855,-0.39699756248614654
0.29018919,-0.34859538297383486
0.29023982,-0.30298811827486377
0.29029046,-0.26228502387065783
0.29034109,-0.22845801119757336
0.29039172,-0.20332101017237336
0.29044236,-0.18837799085592366
0.29049299,-0.18478986670783087
0.29054363,-0.19337645035874762
0.29059427,-0.2143463605515607
0.2906449,-0.24749983954419408
0.29069554,-0.29220157721082674
0.29074617,-0.34739888643592831
0.2907968,-0.41160810622832733
0.29084744,-0.48292603240137555
0.29089807,-0.55913345370463374
0.29094871,-0.6377334825150297
0.29099935,-0.7160157017118628
0.29104998,-0.79131177380109829
0.29110062,-0.86102558569449217
0.29115125,-0.92288051329679388
0.29120188,-0.97504765646565539
0.29125252,-1.0163029356341959
0.29130315,-1.0461312580539635
0.29135379,-1.0647819454825125
0.29140442,-1.0732835247993484
0.29145506,-1.0733440990542289
0.2915057,-1.0671508848213338
0.29155633,-1.0571593456730581
0.29160696,-1.0458578861192414
0.2916576,-1.0355333890698157
0.29170823,-1.0279866072720987
0.29175887,-1.0243562317014228
0.2918095,-1.0250856392555789
0.29186014,-1.0299062830977963
0.29191078,-1.0378959913365799
0.29196141,-1.0476419283328489
0.29201204,-1.0574354777160806
0.29206268,-1.0654636043659094
0.29211331,-1.0699763773374404
0.29216395,-1.0694140969249741
0.29221458,-1.0624872605520936
0.29226522,-1.0482554912590085
0.29231586,-1.0261101134770536
0.29236649,-0.99578076120399073
0.29241712,-0.95729734551835222
0.29246776,-0.91099007422107747
0.29251839,-0.85740865651747022
0.29256903,-0.79741467181609482
0.29261966,-0.73201345796966533
0.2926703,-0.66236840173385625
0.29272094,-0.58993229354027277
0.29277157,-0.51626663317159849
0.29282221,-0.44314745006615797
0.29287284,-0.3724252195523674
0.29292347,-0.30602852034811079
0.29297411,-0.24594082630823078
0.29302474,-0.19414960437786885
0.29307538,-0.15266524348836175
0.29312602,-0.1233205923630086
0.29317665,-0.10771622063985853
0.29322729,-0.10713474051514288
0.29327792,-0.12243864444998059
0.29332855,-0.15396867601287512
0.29337919,-0.20145233265771051
0.29342982,-0.26395336932672941
0.29348046,-0.33985419159644192
0.2935311,-0.42685371692123408
0.29358173,-0.52204939020152341
0.29363237,-0.62205701932387336
0.293683,-0.72305830960687678
0.29373363,-0.82106010938816665
0.29378427,-0.91237814827815678
0.2938349,-0.99363944601687804
0.29388554,-1.0620151847117629
0.29393617,-1.1153339401459514
0.29398681,-1.1523039583586865
0.29403745,-1.1723015534461494
0.29408808,-1.1758849839799645
0.29413871,-1.1642321187781155
0.29418935,-1.1391514400106586
0.29423998,-1.1029115515633707
0.29429062,-1.0579942836649185
0.29434125,-1.0070124820104032
0.29439189,-0.95255812353977865
0.29444253,-0.8970311311284519
0.29449316,-0.84248834860091704
0.29454379,-0.79062491826573988
0.29459443,-0.74271419159061902
0.29464506,-0.69962233252531592
0.2946957,-0.66174844938273569
0.29474633,-0.62912133479535814
0.29479697,-0.60126540170505749
0.29484761,-0.57724324968946827
0.29489824,-0.55625864634754285
0.29494887,-0.53713155854173056
0.29499951,-0.51847602864912601
0.29505014,-0.4988476038932621
0.29510078,-0.47688971621505022
0.29515141,-0.45147279861711681
0.29520205,-0.42180225394789073
0.29525269,-0.38748485147254352
0.29530332,-0.34861646623407749
0.29535396,-0.3058082767203818
0.29540459,-0.26012142312989833
0.29545522,-0.2130116497855335
0.29550586,-0.1662613615845337
0.29555649,-0.12184680740732501
0.29560713,-0.081853680208938795
0.29565777,-0.048318466784467939
0.2957084,-0.023097242512821359
0.29575904,-0.0077889188316013769
0.29580967,-0.0036432129153024517
0.2958603,-0.011512509924695546
0.29591094,-0.031870898879901299
0.29596157,-0.064575896311786507
0.29601221,-0.10910567947818084
0.29606285,-0.16453032345131963
0.29611348,-0.22947831757234188
0.29616412,-0.30217331697634198
0.29621475,-0.38050313154615567
0.29626538,-0.46203045337790333
0.29631602,-0.54416148484928595
0.29636665,-0.62424188094813904
0.29641729,-0.69968309786423377
0.29646793,-0.76816059728804198
0.29651856,-0.82776516948014134
0.2965692,-0.87718363061741289
0.29661983,-0.91579789289198876
0.29667046,-0.94374662841850143
0.2967211,-0.96193368985956385
0.29677173,-0.97196408345397989
0.29682237,-0.97594637962315023
0.296873,-0.97627751617832437
0.29692364,-0.97541925883196812
0.29697428,-0.97564424511003356
0.29702491,-0.97880325350750297
0.29707554,-0.98609394230196534
0.29712618,-0.99799401154111012
0.29717681,-1.0142763154381629
0.29722745,-1.0340471461549154
0.29727808,-1.0558946393923634
0.29732872,-1.0780791891548045
0.29737936,-1.0987236286653697
0.29742999,-1.1160003083402039
0.29748062,-1.1282492995369267
0.29753126,-1.134084219241672
0.29758189,-1.1324358821510339
0.29763253,-1.1225967556949303
0.29768316,-1.1041933919965834
0.2977338,-1.0771647431314895
0.29778444,-1.0417347926048197
0.29783507,-0.99839789158507408
0.29788571,-0.94793087763637829
0.29793634,-0.89129769672796322
0.29798697,-0.82957811284003924
0.29803761,-0.76421900789999664
0.29808824,-0.69682726859437683
0.29813888,-0.62908923411839357
0.29818952,-0.56287507709604423
0.29824015,-0.50009306797139863
0.29829079,-0.44275022557811072
0.29834142,-0.39288096965435026
0.29839205,-0.3524760099151672
0.29844269,-0.3234605635354626
0.29849332,-0.30749617638285603
0.29854396,-0.30594526886748813
0.2985946,-0.31977867434946278
0.29864523,-0.34946276609080629
0.29869587,-0.39488157117256378
0.2987465,-0.4552624842126457
0.29879713,-0.52913594258883778
0.29884777,-0.6143841979843695
0.2988984,-0.70819799121343474
0.29894904,-0.8073239402258312
0.29899968,-0.90808941845701385
0.29905031,-1.0065095291336337
0.29910095,-1.0988868350916658
0.29915158,-1.1818062172766766
0.29920221,-1.2523304946212519
0.29925285,-1.3082491759793096
0.29930348,-1.3480773686848169
0.29935412,-1.3712217748697793
0.29940475,-1.3779256999054392
0.29945539,-1.3692088093150689
0.29950603,-1.3465797073341206
0.29955666,-1.3124073073631761
0.29960729,-1.2691277546489308
0.29965793,-1.2193077648712565
0.29970856,-1.1655263852365949
0.2997592,-1.1101635626073996
0.29980983,-1.0552928510952029
0.29986047,-1.0025971645652398
0.29991111,-0.95337537764712121
0.29996174,-0.90849196689003975
0.30001237,-0.86837808239194347
0.30006301,-0.83306373255080457
0.30011364,-0.80213764702315726
0.30016428,-0.77462195073400197
0.30021491,-0.7497284369771583
0.30026555,-0.72629062491529262
0.30031619,-0.70290880152862123
0.30036682,-0.67812890089868438
0.30041745,-0.650554041280476
0.30046809,-0.61902451406918435
0.30051872,-0.58267865982682165
0.30056936,-0.54110761559550968
0.30061999,-0.4943286622234504
0.30067063,-0.44288040159488906
0.30072127,-0.38780906361077638
0.3007719,-0.33058770551084393
0.30082254,-0.27299224181281717
0.30087317,-0.21704302003587578
0.3009238,-0.16487269842195035
0.30097444,-0.11858353048638948
0.30102507,-0.080126864558121069
0.30107571,-0.051188926272051127
0.30112635,-0.033140358367204081
0.30117698,-0.027034079139548473
0.30122762,-0.033339877302739351
0.30127825,-0.052138273342859975
0.30132888,-0.083053684266861993
0.30137952,-0.12529651786656676
0.30143015,-0.17764313213993949
0.30148079,-0.23844546461420696
0.30153143,-0.30570052617344473
0.30158206,-0.37709194609708202
0.3016327,-0.45011117801445155
0.30168333,-0.52212660929080268
0.30173396,-0.59056608842503755
0.3017846,-0.65309821851091476
0.30183523,-0.70774209337279437
0.30188587,-0.75308323016869205
0.3019365,-0.78836721226526041
0.30198714,-0.81357575255390313
0.30203778,-0.82945695360053884
0.30208841,-0.83745488359214759
0.30213904,-0.83955897043649352
0.30218968,-0.83807183264398699
0.30224031,-0.83538952377739084
0.30229095,-0.83375565155142217
0.30234158,-0.83501752786209105
0.30239222,-0.84042563658549074
0.30244286,-0.85051832370698732
0.30249349,-0.86509928702592287
0.30254412,-0.88331637135005781
0.30259476,-0.90377625345098256
0.30264539,-0.92473432914443987
0.30269603,-0.94429153398205345
0.30274666,-0.9605686104049338
0.3027973,-0.9718459449363086
0.30284794,-0.97667577668593597
0.30289857,-0.97394426820346458
0.3029492,-0.96289692889052203
0.30299984,-0.94317872100305
0.30305047,-0.91468475447711928
0.30310111,-0.87764581745182269
0.30315174,-0.83253431500290298
0.30320238,-0.78011948988499968
0.30325302,-0.72138561674341695
0.30330365,-0.6574980427681788
0.30335429,-0.58981249067098385
0.30340492,-0.5199565037706062
0.30345555,-0.44959097898639155
0.30350619,-0.38067340136700334
0.30355682,-0.31513913371275959
0.30360746,-0.25503520591845025
0.3036581,-0.20243704148845315
0.30370873,-0.15937267403381822
0.30375937,-0.1277855463481542
0.30381,-0.1094128871416476
0.30386063,-0.10568726104209764
0.30391127,-0.1176636452540375
0.3039619,-0.14591109968231242
0.30401254,-0.19041199838783279
0.30406318,-0.25050843119434468
0.30411381,-0.32482911188044705
0.30416445,-0.4113707613367108
0.30421508,-0.50741710545873875
0.30426571,-0.6097616483404924
0.30431635,-0.71478934790793591
0.30436698,-0.81854095699979657
0.30441762,-0.91731457584413512
0.30446825,-1.0076149401025432
0.30451889,-1.0864215124660312
0.30456953,-1.1514383231638992
0.30462016,-1.2010053235406835
0.30467079,-1.2343753587696271
0.30472143,-1.2516195728495891
0.30477206,-1.2536002706504654
0.3048227,-1.241840016691
0.30487333,-1.2183823336368649
0.30492397,-1.185550566068402
0.30497461,-1.1458366353825997
0.30502524,-1.1017346404258652
0.30507587,-1.0555937755777749
0.30512651,-1.0095035110075685
0.30517714,-0.96517527420035631
0.30522778,-0.92388525321316939
0.30527841,-0.88654584665426395
0.30532905,-0.85363329398087529
0.30537969,-0.82519312467138572
0.30543032,-0.80090882631570992
0.30548095,-0.77980636105572665
0.30553159,-0.76108630755142737
0.30558222,-0.74363961691804159
0.30563286,-0.72611167029500956
0.30568349,-0.70704903520283313
0.30573413,-0.68506634315884241
0.30578477,-0.65898950511767629
0.3058354,-0.62793254872374071
0.30588604,-0.59143198956848286
0.30593667,-0.5494854451846658
0.3059873,-0.50258492461104909
0.30603794,-0.45173210621736071
0.30608857,-0.39835025095688137
0.30613921,-0.34425378286169706
0.30618985,-0.29145405285337422
0.30624048,-0.24212422267430228
0.30629112,-0.19842308446470913
0.30634175,-0.16237100318518438
0.30639238,-0.1357393127539272
0.30644302,-0.1199829298385055
0.30649365,-0.11617150123484093
0.30654429,-0.12499435617978821
0.30659493,-0.14655477915445242
0.30664556,-0.18054470297022696
0.3066962,-0.22622576828593405
0.30674683,-0.28241529952773697
0.30679746,-0.34751686902455681
0.3068481,-0.41954895194653452
0.30689873,-0.49618142977952034
0.30694937,-0.57490144996065895
0.30700001,-0.6529999869524008
0.30705064,-0.72784569794612219
0.30710128,-0.79697096880448282
0.30715191,-0.85829627008287845
0.30720254,-0.91027441262219499
0.30725318,-0.95200626759025964
0.30730381,-0.98333356552273021
0.30735445,-1.0048726380475108
0.30740508,-1.0179481707560663
0.30745572,-1.0244724500714155
0.30750636,-1.0267038067282326
0.30755699,-1.0270363895073535
0.30760762,-1.0277525691026603
0.30765826,-1.0307909467494132
0.30770889,-1.0374866601729473
0.30775953,-1.0484713402911909
0.30781016,-1.0636579508537474
0.3078608,-1.0822763549353658
0.30791144,-1.1029883407105947
0.30796207,-1.1240792001423507
0.3080127,-1.1436418818352976
0.30806334,-1.1597739812597037
0.30811397,-1.1707319433660435
0.30816461,-1.1750207881918795
0.30821524,-1.171476601710181
0.30826588,-1.159296348147135
0.30831652,-1.1380286598873544
0.30836715,-1.1075555839044227
0.30841778,-1.0680682037378275
0.30846842,-1.0200377739735393
0.30851905,-0.96420921888245359
0.30856969,-0.90156684574681833
0.30862032,-0.83323254653543821
0.30867096,-0.76059268536980318
0.3087216,-0.68520013329325313
0.30877223,-0.60883065951280801
0.30882287,-0.53347808072149328
0.3088735,-0.46106926936432951
0.30892413,-0.39363016615159963
0.30897477,-0.33328935212042499
0.3090254,-0.28209722166804485
0.30907604,-0.24205810766471536
0.30912668,-0.2149641808264848
0.30917731,-0.20232909458836146
0.30922795,-0.20531155333554307
0.30927858,-0.22459691155105926
0.30932921,-0.26029313695955658
0.30937985,-0.31185890166118635
0.30943048,-0.37803652577679714
0.30948112,-0.45691162294420823
0.30953176,-0.54587078222811214
0.30958239,-0.64173825406852614
0.30963303,-0.74091841863999253
0.30968366,-0.83945260326689386
0.30973429,-0.93352535476824383
0.30978493,-1.0195335129687
0.30983556,-1.0943886709860127
0.3098862,-1.1555843664137302
0.30993683,-1.2013696618532577
0.30998747,-1.2308471421452278
0.31003811,-1.2439481255814986
0.31008874,-1.2414339512766781
0.31013937,-1.2247436185836942
0.31019001,-1.1956944321927028
0.31024064,-1.1568078225246787
0.31029128,-1.1105991266272375
0.31034191,-1.0596204732890895
0.31039255,-1.006251950870521
0.31044319,-0.95263931762368359
0.31049382,-0.90057809582728676
0.31054445,-0.85139263117573993
0.31059509,-0.80607598264367397
0.31064572,-0.76514973679229237
0.31069636,-0.72872924755056356
0.31074699,-0.69658270094792174
0.31079763,-0.66780755531375302
0.31084827,-0.6416253886904606
0.3108989,-0.61701335716886363
0.31094953,-0.59266812314237616
0.31100017,-0.56717216634033463
0.3110508,-0.5391609760807845
0.31110144,-0.50745331054620413
0.31115207,-0.47115640382987678
0.31120271,-0.42977376496108632
0.31125335,-0.38327749100825054
0.31130398,-0.33210352820758449
0.31135462,-0.27724858526546453
0.31140525,-0.22008366668800761
0.31145588,-0.16239216612173263
0.31150652,-0.1061450914516292
0.31155715,-0.053510447352820456
0.31160779,-0.0066410812278789866
0.31165843,0.032429566294496337
0.31170906,0.061907904409626402
0.3117597,0.080308335761463345
0.31181033,0.086531230049017138
0.31186096,0.079843971132469771
0.3119116,0.060105932596966172
0.31196223,0.027583082766770572
0.31201287,-0.017025994956836987
0.31206351,-0.072572343122627281
0.31211414,-0.13750612550730901
0.31216478,-0.20987968370718496
0.31221541,-0.2874135865802277
0.31226604,-0.3676404909890385
0.31231668,-0.44786165884612483
0.31236731,-0.5254357770277488
0.31241795,-0.59786508518809756
0.31246858,-0.66299371024847109
0.31251922,-0.719211004968909
0.31256986,-0.76552015982356381
0.31262049,-0.80166111856016764
0.31267112,-0.82815265814298011
0.31272176,-0.8462346053514348
0.31277239,-0.85775497100036324
0.31282303,-0.86493773647288852
0.31287366,-0.87016555929618633
0.3129243,-0.87574392027967307
0.31297494,-0.88364594964352594
0.31302557,-0.89529747024479245
0.3130762,-0.91141944689659815
0.31312684,-0.93200391401969329
0.31317747,-0.956348166605131
0.31322811,-0.98315911078965423
0.31327874,-1.0107463477168119
0.31332938,-1.0372117603740993
0.31338002,-1.0606120283508982
0.31343065,-1.079162638039258
0.31348128,-1.0913084410142491
0.31353192,-1.0958127108611762
0.31358255,-1.0918062478894193
0.31363319,-1.0787790874270864
0.31368382,-1.056557747087943
0.31373446,-1.0252714125762221
0.3137851,-0.98536167388425855
0.31383573,-0.93754032528591458
0.31388637,-0.88272498288419321
0.313937,-0.8220102252775775
0.31398763,-0.75674226095880215
0.31403827,-0.68847605182974037
0.3140889,-0.6189715532519684
0.31413954,-0.55019214341457656
0.31419018,-0.4840799260032958
0.31424081,-0.42268070341963154
0.31429145,-0.36813574428421197
0.31434208,-0.32249647923894165
0.31439271,-0.28779348427984131
0.31444335,-0.26583761065818801
0.31449398,-0.25818067885479773
0.31454462,-0.26601435838868015
0.31459526,-0.29006885506912383
0.31464589,-0.33050750203660839
0.31469653,-0.38684631364756195
0.31474716,-0.45792304730567568
0.31479779,-0.54188014927303041
0.31484843,-0.63614091425806307
0.31489906,-0.7375531515561653
0.3149497,-0.84265994841103553
0.31500034,-0.94751893628744255
0.31505097,-1.0482806436804764
0.31510161,-1.1413006836231752
0.31515224,-1.2233875654740389
0.31520287,-1.2919147927417096
0.31525351,-1.3450464929242243
0.31530414,-1.3817197184598125
0.31535478,-1.4015863789956717
0.31540541,-1.4054596827196071
0.31545605,-1.3946987105823587
0.31550669,-1.371213699475391
0.31555732,-1.3372750156131539
0.31560795,-1.2953203042321975
0.31565859,-1.2478804656829625
0.31570922,-1.1973440216916535
0.31575986,-1.1458800182545548
0.31581049,-1.0953347722630244
0.31586113,-1.0470944772888731
0.31591177,-1.0022230566181927
0.3159624,-0.96132891899460271
0.31601303,-0.92459499719127547
0.31606367,-0.8918760559926866
0.3161143,-0.86240487506707231
0.31616494,-0.83530132799793244
0.31621557,-0.80962874866885992
0.31626621,-0.78413014481221599
0.31631685,-0.75740516106733302
0.31636748,-0.72807732310374407
0.31641811,-0.69493168025977903
0.31646875,-0.65703005557380501
0.31651938,-0.61382028804614763
0.31657002,-0.56522686530183619
0.31662065,-0.51162295560764459
0.31667129,-0.45392959908005814
0.31672193,-0.39349071814847558
0.31677256,-0.33206039530591391
0.3168232,-0.27163729876402204
0.31687383,-0.2143614496814763
0.31692446,-0.16244622998957842
0.3169751,-0.11792622826170468
0.31702573,-0.082662869698593711
0.31707637,-0.058192108717109836
0.31712701,-0.045735983295773053
0.31717764,-0.045962532492144714
0.31722828,-0.059145288129110685
0.31727891,-0.085084843188271808
0.31732954,-0.12314480199533656
0.31738018,-0.17224590647870974
0.31743081,-0.23090012004570587
0.31748145,-0.29717860569388554
0.31753209,-0.3688658897714458
0.31758272,-0.44349523161758087
0.31763336,-0.51836935020991648
0.31768399,-0.59086797940432811
0.31773462,-0.65846090095419485
0.31778526,-0.7189442861824713
0.31783589,-0.77062691835041741
0.31788653,-0.81242824860889873
0.31793716,-0.84398975108210705
0.3179878,-0.86572148163018248
0.31803844,-0.87877320875466691
0.31808907,-0.88492809706060527
0.3181397,-0.88637715184976373
0.31819034,-0.8855038059398026
0.31824097,-0.88464921494364401
0.31829161,-0.88585712753888068
0.31834224,-0.89065285443441367
0.31839288,-0.89987270058643321
0.31844352,-0.91360967764777123
0.31849415,-0.93126869716965466
0.31854478,-0.95163995175533245
0.31859542,-0.97308748951322332
0.31864605,-0.99373916326663125
0.31869669,-1.0116623608197171
0.31874732,-1.0250454627221295
0.31879796,-1.0322963883424789
0.3188486,-1.0321358197973929
0.31889923,-1.0236373761441611
0.31894986,-1.0062442609658511
0.3190005,-0.97976658725088961
0.31905113,-0.94428747146184067
0.31910177,-0.9002138026356713
0.3191524,-0.84817346417285466
0.31920304,-0.78906448764424719
0.31925368,-0.72401166037382736
0.31930431,-0.65431888751953149
0.31935495,-0.58154700854253671
0.31940558,-0.50741503943665267
0.31945621,-0.43377606282712033
0.31950685,-0.3626196130009276
0.31955748,-0.29602143702245531
0.31960812,-0.23611857244428158
0.31965876,-0.18501053195246309
0.31970939,-0.1447662961385825
0.31976003,-0.11726288402112017
0.31981066,-0.10411346007399547
0.31986129,-0.10658409667551533
0.31991193,-0.12548482978392145
0.31996256,-0.16105654808955167
0.3200132,-0.21292143409236619
0.32006384,-0.28001385608429086
0.32011447,-0.36055134367854008
0.32016511,-0.45209591442859309
0.32021574,-0.55157121149296329
0.32026637,-0.65546943008964242
0.32031701,-0.75981485775507351
0.32036764,-0.86082219221260603
0.32041828,-0.95478845756671205
0.32046891,-1.0384238698716541
0.32051955,-1.1090136774994965
0.32057019,-1.1644616740570606
0.32062082,-1.2037793766943077
0.32067145,-1.2266891401517963
0.32072209,-1.2337420555715435
0.32077272,-1.2261860960253372
0.32082336,-1.2058705983021683
0.32087399,-1.1750232803822236
0.32092463,-1.1360464050850367
0.32097527,-1.0914617578625663
0.3210259,-1.0436870830792824
0.32107653,-0.99489821897859998
0.32112717,-0.94699162061296782
0.3211778,-0.90142624063118437
0.32122844,-0.85928937873838018
0.32127907,-0.82126128273911303
0.32132971,-0.78756944546471819
0.32138035,-0.75810386401302177
0.32143098,-0.73221756989990161
0.32148161,-0.70895289745010159
0.32153225,-0.68743379380205705
0.32158288,-0.66642828160477074
0.32163352,-0.64454557557972825
0.32168415,-0.62039342127877695
0.32173479,-0.59272323656464954
0.32178543,-0.56055115790381249
0.32183606,-0.5232521106055803
0.3218867,-0.48067553129624868
0.32193733,-0.43311868278362009
0.32198796,-0.38142832766480694
0.3220386,-0.32690080054848814
0.32208923,-0.2712203195203885
0.32213987,-0.216377254795384
0.32219051,-0.1644795806888929
0.32224114,-0.1177600123056643
0.32229178,-0.078284245353061055
0.32234241,-0.047955882915458437
0.32239304,-0.028353578439446692
0.32244368,-0.020696809483851886
0.32249431,-0.025785658815016488
0.32254495,-0.044010331645642109
0.32259559,-0.075173000146138147
0.32264622,-0.11867241468436879
0.32269686,-0.17348559429370991
0.32274749,-0.23815444971421518
0.32279812,-0.31080411131868557
0.32284876,-0.38923012161031345
0.32289939,-0.47095629197849431
0.32295003,-0.55329362232141643
0.32300067,-0.63353387269301109
0.3230513,-0.709101467081103
0.32310194,-0.7777189810010664
0.32315257,-0.83758511913402611
0.3232032,-0.88751293507322915
0.32325384,-0.92701917112324028
0.32330447,-0.95639131627094043
0.32335511,-0.97667155248781445
0.32340574,-0.98956237168669614
0.32345638,-0.99720659037592685
0.32350702,-1.0019705705065443
0.32355765,-1.0062152137059781
0.32360828,-1.0120469898497095
0.32365892,-1.0210733461709096
0.32370955,-1.0342149587024849
0.32376019,-1.0516721139455179
0.32381082,-1.0729372035349205
0.32386146,-1.0968721570215683
0.3239121,-1.1218855557200453
0.32396273,-1.1461244744736023
0.32401336,-1.1676538889052286
0.324064,-1.1846352211548816
0.32411463,-1.1954579935073286
0.32416527,-1.1988014595170069
0.3242159,-1.1937003685462257
0.32426654,-1.1795473148689668
0.32431718,-1.1560782813574924
0.32436781,-1.1233398100800225
0.32441844,-1.0816781695930409
0.32446908,-1.0317301864975912
0.32451971,-0.97436015697478451
0.32457035,-0.91066412538088326
0.32462098,-0.84188255307720739
0.32467162,-0.76946531540286867
0.32472226,-0.69522467320071357
0.32477289,-0.62102013519134025
0.32482353,-0.54880654737680001
0.32487416,-0.48063140518019587
0.32492479,-0.41858606058503944
0.32497543,-0.36475301414488304
0.32502606,-0.32122059114472312
0.3250767,-0.2898894675377427
0.32512734,-0.27240746247832825
0.32517797,-0.2701046333303041
0.32522861,-0.28388252727099
0.32527924,-0.31409502558772623
0.32532987,-0.3604876853542085
0.32538051,-0.4221092987792206
0.32543114,-0.49728584857262503
0.32548178,-0.58367816572300901
0.32553242,-0.67835138512334092
0.32558305,-0.77780710918279594
0.32563369,-0.87811882250216067
0.32568432,-0.97542615453824788
0.32573495,-1.0660712994000745
0.32578559,-1.1466451913480895
0.32583622,-1.2143771252007773
0.32588686,-1.2671974954199583
0.32593749,-1.3038416089395164
0.32598813,-1.3238993203864564
0.32603877,-1.3278036943643583
0.3260894,-1.3167176663906681
0.32614003,-1.2924155721462864
0.32619067,-1.2570940108846593
0.3262413,-1.2129925316402064
0.32629194,-1.162817583649663
0.32634257,-1.1090657792012495
0.32639321,-1.0539658431742049
0.32644385,-0.99945292107973482
0.32649448,-0.94706220217778325
0.32654511,-0.89792816358780136
0.32659575,-0.85278278187458523
0.32664638,-0.81188687286512762
0.32669702,-0.77515158747894108
0.32674765,-0.74205555174237081
0.32679829,-0.71158633897884549
0.32684893,-0.68288889578909062
0.32689956,-0.65479818881738805
0.32695019,-0.62595748808557228
0.32700083,-0.59499442583861184
0.32705146,-0.56065627489210546
0.3271021,-0.52194898977656956
0.32715273,-0.47821937890941213
0.32720337,-0.42929785930862274
0.32725401,-0.37544939748876782
0.32730464,-0.3174698201038233
0.32735528,-0.25663760603320351
0.32740591,-0.19460124591876371
0.32745654,-0.13336179596915487
0.32750718,-0.075013867844590354
0.32755781,-0.021788367325584201
0.32760845,0.024211372148022547
0.32765909,0.061043057869981376
0.32770972,0.087095897737543782
0.32776036,0.10108668260354065
0.32781099,0.1020977726909047
0.32786162,0.089799995900409046
0.32791226,0.064281141003983078
0.32796289,0.026080551317158862
0.32801353,-0.023837212929933016
0.32806417,-0.084071613157031044
0.3281148,-0.15278628540638539
0.32816544,-0.22782728855877887
0.32821607,-0.30675112853273379
0.3282667,-0.38686769442945274
0.32831734,-0.46550114145186094
0.32836797,-0.54004492330531928
0.32841861,-0.60816963483782283
0.32846924,-0.66799986576710646
0.32851988,-0.71824350962157224
0.32857052,-0.75831548973240592
0.32862115,-0.78838288982881566
0.32867178,-0.8093751578400461
0.32872242,-0.82290095564776045
0.32877305,-0.83104293582627431
0.32882369,-0.83613251951580492
0.32887432,-0.8405285888709304
0.32892496,-0.84636372580864183
0.3289756,-0.85530924815104303
0.32902623,-0.868398671776901
0.32907686,-0.8859315392020396
0.3291275,-0.90750348246055712
0.32917813,-0.93206822164771075
0.32922877,-0.95810286874890738
0.3292794,-0.98380351865108051
0.32933004,-1.0072608155563634
0.32938068,-1.0266321378554593
0.32943131,-1.0402829645859879
0.32948194,-1.0468621403337606
0.32953258,-1.0453624818523033
0.32958321,-1.0351475434773085
0.32963385,-1.0159475928274784
0.32968448,-0.98776245353353298
0.32973512,-0.95089518293663666
0.32978576,-0.90589536857862796
0.32983639,-0.85360157929711544
0.32988703,-0.79507369460550725
0.32993766,-0.73152479035207207
0.32998829,-0.66439421107857799
0.33003893,-0.59537367491212179
0.33008956,-0.52623758213066218
0.3301402,-0.4589551492799594
0.33019084,-0.3955397980177211
0.33024147,-0.33808112022787873
0.33029211,-0.28866712419190521
0.33034274,-0.24937903953824103
0.33039337,-0.22212753055779774
0.33044401,-0.20858072247648107
0.33049464,-0.21009406351527823
0.33054528,-0.22760672703781004
0.33059592,-0.26153295327883619
0.33064655,-0.31167092783386585
0.33069719,-0.37715376780955034
0.33074782,-0.4564086837772372
0.33079845,-0.54718067048780106
0.33084909,-0.6466179093664286
0.33089972,-0.75136106494377897
0.33095036,-0.85761489787219358
0.331001,-0.96139370930924295
0.33105163,-1.0590110662329142
0.33110227,-1.1470903051001708
0.3311529,-1.2226613579151433
0.33120353,-1.2836118825658662
0.33125417,-1.3285868712753646
0.3313048,-1.3570572500463205
0.33135544,-1.3693226211657596
0.33140607,-1.3664344578760788
0.33145671,-1.3500593938833614
0.33150735,-1.3223205461619822
0.33155798,-1.2855522368818608
0.33160861,-1.2422187515626919
0.33165925,-1.1947817654542341
0.33170988,-1.1454890230949086
0.33176052,-1.0962763314083217
0.33181115,-1.0487285354510671
0.33186179,-1.0040503402883219
0.33191243,-0.96302566845820037
0.33196306,-0.92600012562166067
0.33201369,-0.89293894791028072
0.33206433,-0.86343729250607981
0.33211496,-0.83650295822771237
0.3321656,-0.81129673783726208
0.33221623,-0.78670108097563785
0.33226687,-0.76139144956064697
0.33231751,-0.73397269843610535
0.33236814,-0.70317014120979182
0.33241877,-0.66795403730842173
0.33246941,-0.62761422693709312
0.33252004,-0.58187982698329843
0.33257068,-0.53095753851912941
0.33262131,-0.47556114587043685
0.33267195,-0.41689258369806592
0.33272259,-0.35657311992813701
0.33277322,-0.29654307766062304
0.33282386,-0.23893178402832727
0.33287449,-0.18594497198879412
0.33292512,-0.13974477270716412
0.33297576,-0.1022900017709486
0.33302639,-0.075269493739149873
0.33307703,-0.060011259700297359
0.33312767,-0.057490617111246645
0.3331783,-0.068110192245752932
0.33322894,-0.091847002567442326
0.33327957,-0.1282210175199015
0.3333302,-0.17632565288517232
0.33338084,-0.23480527647700172
0.33343147,-0.30188003266161312
0.33348211,-0.37542570861929131
0.33353275,-0.45296200037664958
0.33358338,-0.53187004655367121
0.33363402,-0.60943056724889766
0.33368465,-0.68301671456209689
0.33373528,-0.75025091790539267
0.33378592,-0.80916703071762652
0.33383655,-0.85838837839887805
0.33388719,-0.89722679403367112
0.33393782,-0.92574623737129569
0.33398846,-0.94477119814550392
0.3340391,-0.95582436600187626
0.33408973,-0.9609320250043486
0.33414036,-0.96240255754636683
0.334191,-0.96260897355029129
0.33424163,-0.963735387547481
0.33429227,-0.96754903117765179
0.3343429,-0.97518024330338038
0.33439354,-0.98703061216143906
0.33444418,-1.0028095820608043
0.33449481,-1.0215803570805724
0.33454544,-1.0418955762819428
0.33459608,-1.0619945941270104
0.33464671,-1.0799949338753085
0.33469735,-1.09407133277003
0.33474798,-1.1025761452365828
0.33479862,-1.1041381842461231
0.33484926,-1.0977195838194858
0.33489989,-1.0826360341779975
0.33495052,-1.0585492737384159
0.33500116,-1.0254530681737859
0.33505179,-0.98364130513445658
0.33510243,-0.93367357860959421
0.33515306,-0.87631097511473932
0.3352037,-0.81257374714021202
0.33525434,-0.74366290298380744
0.33530497,-0.67099824493818572
0.33535561,-0.5962780844029183
0.33540624,-0.52122519864902861
0.33545687,-0.4477793371766563
0.33550751,-0.37793611548210254
0.33555814,-0.31376735161589053
0.33560878,-0.25737952167107092
0.33565942,-0.21081575786587939
0.33571005,-0.17603706052079121
0.33576069,-0.15476419127280147
0.33581132,-0.14841688943133696
0.33586195,-0.1580154684279591
0.33591259,-0.18406783468886645
0.33596322,-0.22649107516061251
0.33601386,-0.28452709338391324
0.3360645,-0.35671822557070931
0.33611513,-0.44093652241334336
0.33616577,-0.53436256197341248
0.3362164,-0.6337128114119075
0.33626703,-0.7352612259285336
0.33631767,-0.83498872163009508
0.3363683,-0.92917184573816336
0.33641894,-1.0143576858280015
0.33646957,-1.0875781678283567
0.33652021,-1.1465892800921369
0.33657085,-1.1898660913085621
0.33662148,-1.2167828803874507
0.33667211,-1.2275376936937534
0.33672275,-1.2229326895175587
0.33677338,-1.2047616111121071
0.33682402,-1.1751698105307278
0.33687465,-1.136504750013317
0.33692529,-1.0912516243009414
0.33697593,-1.0418991863518023
0.33702656,-0.99074103715223427
0.33707719,-0.93976826082307263
0.33712783,-0.89059247080679738
0.33717846,-0.84444328895116971
0.3372291,-0.80214359015256664
0.33727973,-0.76409796048079359
0.33733037,-0.73029367992296679
0.33738101,-0.70038508578985248
0.33743164,-0.67341277000829103
0.33748227,-0.64850591999756324
0.33753291,-0.62460007374798976
0.33758354,-0.60037003969927771
0.33763418,-0.5744305358384304
0.33768481,-0.54546805740571891
0.33773545,-0.51242171181687046
0.33778609,-0.47451969020085977
0.33783672,-0.43145837207570525
0.33788736,-0.38335375960358853
0.33793799,-0.33086269681441566
0.33798862,-0.27514338589692933
0.33803926,-0.21776695208142344
0.33808989,-0.16060679659850169
0.33814053,-0.10577470743332018
0.33819117,-0.055473922310166734
0.3382418,-0.011878581566441559
0.33829244,0.023017021362184642
0.33834307,0.047491197725852363
0.3383937,0.060160904761447753
0.33844434,0.060051562010891846
0.33849497,0.046577925769688999
0.33854561,0.019761060060074831
0.33859625,-0.019968381287179815
0.33864688,-0.071756362921378491
0.33869752,-0.13429696588610202
0.33874815,-0.20584948526748681
0.33879878,-0.28431380737016032
0.33884942,-0.36726142956687918
0.33890005,-0.45207356293162032
0.33895069,-0.53599742384954574
0.33900133,-0.61635041241259159
0.33905196,-0.69068391342507884
0.3391026,-0.75693590095048302
0.33915323,-0.81360764632366167
0.33920386,-0.85989998886501495
0.3392545,-0.89576215263910497
0.33930513,-0.92192301746935845
0.33935577,-0.93981454365863049
0.3394064,-0.95141749711058565
0.33945704,-0.95901893598573118
0.33950768,-0.96500287698766185
0.33955831,-0.97160083161543964
0.33960894,-0.98065135020744898
0.33965958,-0.99338471547813301
0.33971021,-1.0103046715290342
0.33976085,-1.0312079802408667
0.33981148,-1.0552279049534263
0.33986212,-1.0809616770675334
0.33991276,-1.1066736914624651
0.33996339,-1.1304748639560269
0.34001402,-1.1505127276435108
0.34006466,-1.1651031269168066
0.34011529,-1.1728283571827554
0.34016593,-1.1725959347268506
0.34021656,-1.1636809617166042
0.3402672,-1.145697030169222
0.34031784,-1.1185878510353144
0.34036847,-1.0825738573996744
0.3404191,-1.0382089634489955
0.34046974,-0.98625350148460311
0.34052037,-0.92770073227371763
0.34057101,-0.8637080811045097
0.34062164,-0.79570164534892651
0.34067228,-0.72518866469990728
0.34072292,-0.65399920006943546
0.34077355,-0.58410554025663541
0.34082419,-0.51743983342666111
0.34087482,-0.45606672934007986
0.34092545,-0.40205486925736189
0.34097609,-0.35742696994343715
0.34102672,-0.32412608504240492
0.34107736,-0.3039013759341378
0.341128,-0.29819616714083819
0.34117863,-0.30808004355954555
0.34122927,-0.33413691360031644
0.3412799,-0.37635704646628954
0.34133053,-0.43406161736571691
0.34138117,-0.50589152062811193
0.3414318,-0.58979806037763982
0.34148244,-0.68304203220705195
0.34153308,-0.78233875912023709
0.34158371,-0.88405968385103662
0.34163435,-0.98425558358755361
0.34168498,-1.0791506601247316
0.34173561,-1.1652027492984107
0.34178625,-1.2393819757183384
0.34183688,-1.2993675568028604
0.34188752,-1.343514413973985
0.34193815,-1.3710987481840449
0.34198879,-1.3822098350414747
0.34203943,-1.3777337920823889
0.34209006,-1.3592081386718424
0.34214069,-1.3285494759684522
0.34219133,-1.2882671631701021
0.34224196,-1.2408795165530615
0.3422926,-1.1888909653584234
0.34234323,-1.1346450278651974
0.34239387,-1.0802077313740173
0.34244451,-1.0272562938687122
0.34249514,-0.97704715476975945
0.34254577,-0.93046459774980494
0.34259641,-0.88798076146560168
0.34264704,-0.84961820176981284
0.34269768,-0.81508307037392358
0.34274831,-0.78346275034050883
0.34279895,-0.7538766708701039
0.34284959,-0.72529994302661172
0.34290022,-0.69643559810992328
0.34295085,-0.6659075102211558
0.34300149,-0.63238817622488874
0.34305212,-0.59479131870143886
0.34310276,-0.55231499541350704
0.34315339,-0.50459393420896692
0.34320403,-0.4517234999774688
0.34325467,-0.39428688328780526
0.3433053,-0.33340414680087715
0.34335594,-0.27059740985640024
0.34340657,-0.20773781314092188
0.3434572,-0.14691830931996808
0.34350784,-0.090338254771212267
0.34355847,-0.040191996491430293
0.34360911,0.0014891571440417417
0.34365975,0.032946564111852983
0.34371038,0.052750618705826646
0.34376102,0.059795117930946828
0.34381165,0.053565430930929359
0.34386228,0.033957907348506733
0.34391292,0.0013335521219820512
0.34396355,-0.043508184178571274
0.34401419,-0.099316877176037432
0.34406483,-0.16441258487473231
0.34411546,-0.23674382806243094
0.3441661,-0.31392432240733797
0.34421673,-0.39336667343902898
0.34426736,-0.4723282190092698
0.344318,-0.54812719591519521
0.34436863,-0.61825353930531457
0.34441927,-0.68061472397812439
0.3444699,-0.73364006240653912
0.34452054,-0.77643698607323697
0.34457118,-0.8088555677056517
0.34462181,-0.83152958714706715
0.34467244,-0.84580138359129065
0.34472308,-0.85359536663119751
0.34477371,-0.85717325509646347
0.34482435,-0.8589224958936863
0.34487498,-0.86111199142994432
0.34492562,-0.86564304385364532
0.34497626,-0.87383847281781424
0.34502689,-0.88632483641403637
0.34507752,-0.90298939903715791
0.34512816,-0.92305809890651835
0.34517879,-0.94519612133553188
0.34522943,-0.96771190157077336
0.34528006,-0.98873656038119417
0.3453307,-1.0064062497560449
0.34538134,-1.019010109081343
0.34543197,-1.0250852232139516
0.3454826,-1.0235043074076118
0.34553324,-1.0135503505771464
0.34558387,-0.99478072591788924
0.34563451,-0.96709472084734682
0.34568514,-0.93068845908827968
0.34573578,-0.8860999395890522
0.34578642,-0.83406081592511683
0.34583705,-0.7755590369050207
0.34588769,-0.71173963454298872
0.34593832,-0.64396519038057987
0.34598895,-0.57384843847873124
0.34603959,-0.50306857249697967
0.34609022,-0.43360781852745417
0.34614086,-0.3673985679455955
0.3461915,-0.30648632775453521
0.34624213,-0.25299437687512538
0.34629277,-0.20897643403164995
0.3463434,-0.1763892196501084
0.34639403,-0.15700215380722074
0.34644467,-0.15227085321767547
0.3464953,-0.16328218759800023
0.34654594,-0.19064147269327458
0.34659658,-0.23436851245006851
0.34664721,-0.29384958581730253
0.34669785,-0.36775647560596647
0.34674848,-0.45412264409071879
0.34679911,-0.55028117107092855
0.34684975,-0.65303020543083656
0.34690038,-0.75876067104701073
0.34695102,-0.86350021702497726
0.34700165,-0.96342574130003
0.34705229,-1.054906045665212
0.34710293,-1.1349539180784618
0.34715356,-1.2011262465122099
0.34720419,-1.2517110836723191
0.34725483,-1.2858812309528265
0.34730546,-1.3036342062366373
0.3473561,-1.3057675230411663
0.34740673,-1.293747741048938
0.34745737,-1.2695826386210285
0.34750801,-1.2355737595682585
0.34755864,-1.1941956746323636
0.34760927,-1.1479488018053301
0.34765991,-1.0991874502772929
0.34771054,-1.0500207483334552
0.34776118,-1.0022047604070725
0.34781181,-0.95704250190851703
0.34786245,-0.9154970241234186
0.34791309,-0.8780885492060293
0.34796372,-0.84490499811509978
0.34801435,-0.81570714806561895
0.34806499,-0.78963990935102113
0.34811562,-0.76578883445859969
0.34816626,-0.7431651012777547
0.34821689,-0.72047468690391003
0.34826753,-0.69631444170830414
0.34831817,-0.66932463183905311
0.3483688,-0.63835600357874556
0.34841943,-0.60254492381088898
0.34847007,-0.5614375575933005
0.3485207,-0.5150559557269927
0.34857134,-0.46389590420244547
0.34862197,-0.40898921241804709
0.34867261,-0.35178293536752525
0.34872325,-0.29413107116853682
0.34877388,-0.23805616390718859
0.34882452,-0.18578228215824349
0.34887515,-0.13949761616334971
0.34892578,-0.10125414123965409
0.34897642,-0.07285946006523647
0.34902705,-0.055796346288789433
0.34907769,-0.051153859309897909
0.34912833,-0.059648807203374066
0.34917896,-0.081385848615826817
0.3492296,-0.11605926469035033
0.34928023,-0.16291838930457714
0.34933086,-0.22076646660330157
0.3493815,-0.28799182223853492
0.34943213,-0.36256004892937488
0.34948277,-0.4421064917257701
0.34953341,-0.52407864940388071
0.34958404,-0.60568060132507795
0.34963468,-0.68422731806153103
0.34968531,-0.75715675155428952
0.34973594,-0.82228840980043294
0.34978658,-0.87798898150099891
0.34983721,-0.92326104765870343
0.34988785,-0.95786207273186585
0.34993848,-0.98233197631325608
0.34998912,-0.99793775820532493
0.35003976,-1.0065535880725776
0.35009039,-1.0104219092123201
0.35014102,-1.0119392686920587
0.35019166,-1.013415286325952
0.35024229,-1.0168208830108778
0.35029293,-1.0235773941927804
0.35034356,-1.0343824497142933
0.3503942,-1.0492192834187184
0.35044484,-1.0673900082866723
0.35049547,-1.0876215684819885
0.3505461,-1.1082561996825491
0.35059674,-1.1274313695511591
0.35064737,-1.1432689669176215
0.35069801,-1.1540438634291346
0.35074864,-1.1582754238087811
0.35079928,-1.1547962731967407
0.35084992,-1.1428013993199049
0.35090055,-1.1218354174775174
0.35095118,-1.0917696471600749
0.35100182,-1.0527966191893947
0.35105245,-1.0054279815429403
0.35110309,-0.95037384469230179
0.35115372,-0.88858264765937944
0.35120436,-0.82114150362321792
0.351255,-0.74947505115892143
0.35130563,-0.67512972103641333
0.35135627,-0.59982721979644327
0.3514069,-0.5255170569559624
0.35145753,-0.45412537990918561
0.35150817,-0.38770606780332872
0.3515588,-0.32836179970881441
0.35160944,-0.27814537536469669
0.35166008,-0.23906079497073612
0.35171071,-0.21290519064923386
0.35176135,-0.20120479199378111
0.35181198,-0.20511682162101624
0.35186261,-0.22533023090884033
0.35191325,-0.2619631060016428
0.35196388,-0.3144760341039412
0.35201452,-0.38163980222611782
0.35206516,-0.46155132462351006
0.35211579,-0.55157232881765239
0.35216643,-0.64859690681918514
0.35221706,-0.74901163409891081
0.35226769,-0.84888479675924611
0.35231833,-0.94436974075931834
0.35236896,-1.031838869827995
0.3524196,-1.1081544103743348
0.35247023,-1.1707608061309474
0.35252087,-1.2178959794471469
0.35257151,-1.2486155781095507
0.35262214,-1.2628290139632241
0.35267277,-1.2612549764243743
0.35272341,-1.2453073326046038
0.35277404,-1.2167958378160715
0.35282468,-1.1782122847586447
0.35287531,-1.1320666085981772
0.35292595,-1.0809211073165628
0.35297659,-1.0271606783238227
0.35302722,-0.97294756190726339
0.35307785,-0.9201008825688467
0.35312849,-0.86996171905757691
0.35317912,-0.82354473646917081
0.35322976,-0.7814097731786378
0.35328039,-0.74368856588730436
0.35333103,-0.71017692007189726
0.35338167,-0.68011865257986337
0.3534323,-0.65252820173310466
0.35348293,-0.62647412363390764
0.35353357,-0.60070085975660481
0.3535842,-0.57380114531332416
0.35363484,-0.54442274111087918
0.35368547,-0.51137999545407231
0.35373611,-0.47378392639480371
0.35378675,-0.43113626866557125
0.35383738,-0.38342139034636824
0.35388802,-0.33107601972341666
0.35393865,-0.27511105965290544
0.35398928,-0.21691207534814821
0.35403992,-0.15829333123372324
0.35409055,-0.10125920436452346
0.35414119,-0.047999736103805701
0.35419183,-0.00071914029210901065
0.35424246,0.038520915670023137
0.3542931,0.06788570955759099
0.35434373,0.085859405345539319
0.35439436,0.091316894791150516
0.354445,0.083498029006223273
0.35449563,0.062252728026618021
0.35454627,0.027842215768617284
0.35459691,-0.019030943966300617
0.35464754,-0.077199975911629082
0.35469818,-0.14510538509616394
0.35474881,-0.22074671226413417
0.35479944,-0.30181917202789965
0.35485008,-0.38578471456631902
0.35490071,-0.46986938795016303
0.35495135,-0.55137192911524646
0.35500198,-0.62769644772775823
0.35505262,-0.6965924915227113
0.35510326,-0.75634598908607475
0.35515389,-0.80587628602881767
0.35520452,-0.8448402947439112
0.35525516,-0.87367504380879646
0.35530579,-0.89355850342792242
0.35535643,-0.90629895173402486
0.35540706,-0.91409772630376507
0.3554577,-0.91933569656577496
0.35550834,-0.92433695292900231
0.35555897,-0.93111722705714151
0.3556096,-0.94116194900770345
0.35566024,-0.95526822201095762
0.35571087,-0.97350043918703266
0.35576151,-0.99523898242932096
0.35581214,-1.0192617236800108
0.35586278,-1.0439438930268796
0.35591342,-1.0674492484960214
0.35596405,-1.0878875705854625
0.35601468,-1.1035115097366432
0.35606532,-1.1128022738820542
0.35611595,-1.1145506449560885
0.35616659,-1.1079092461621916
0.35621722,-1.0923824769831834
0.35626786,-1.0678238053668434
0.3563185,-1.034354351981321
0.35636913,-0.99246127354643809
0.35641976,-0.94281530187782736
0.3564704,-0.88632617523422863
0.35652103,-0.82407433663290897
0.35657167,-0.75741248240564529
0.3566223,-0.68788718723527342
0.35667294,-0.61722371763301109
0.35672358,-0.5473058955315584
0.35677421,-0.48010869498195313
0.35682485,-0.41766094440262613
0.35687548,-0.36208357220285975
0.35692611,-0.31542372667463914
0.35697675,-0.27969096505386093
0.35702738,-0.25668472977953433
0.35707802,-0.2479601705041477
0.35712866,-0.25471877084059463
0.35717929,-0.27770229470327801
0.35722993,-0.31708788823371881
0.35728056,-0.37241038156402678
0.35733119,-0.44252935532846771
0.35738183,-0.52559495943846279
0.35743246,-0.61906336884657709
0.3574831,-0.7198233632037383
0.35753374,-0.82438901644684881
0.35758437,-0.92878846188621655
0.35763501,-1.0292009209368258
0.35768564,-1.1219296337697069
0.35773627,-1.2038131492034119
0.35778691,-1.2721717067356706
0.35783754,-1.3251389738892299
0.35788818,-1.3616362687085166
0.35793881,-1.3814642932321832
0.35798945,-1.3852206625362842
0.35804009,-1.3740551320816627
0.35809072,-1.3500343632450438
0.35814135,-1.3154430155679928
0.35819199,-1.2727168958557304
0.35824262,-1.2243941652434265
0.35829326,-1.1728719042398672
0.35834389,-1.1203225657821507
0.35839453,-1.0686037079980875
0.35844517,-1.0191036994345797
0.3584958,-0.97288887444589223
0.35854643,-0.93058093670668662
0.35859707,-0.89236393431169747
0.3586477,-0.85808757325311769
0.35869834,-0.82709700833853905
0.35874897,-0.79839622050938375
0.35879961,-0.7710963945621151
0.35885025,-0.74398485620845078
0.35890088,-0.71570760623225782
0.35895151,-0.68491169438829014
0.35900215,-0.65040660194494504
0.35905278,-0.61127341628389043
0.35910342,-0.56697776485598195
0.35915405,-0.51745268283770074
0.35920469,-0.46309073544426732
0.35925533,-0.40483345345414079
0.35930596,-0.34404319792300486
0.3593566,-0.28249419506365514
0.35940723,-0.22221337652179185
0.35945786,-0.16535468652998458
0.3595085,-0.11416622497262136
0.35955913,-0.070702801761599654
0.35960977,-0.036853021311779033
0.35966041,-0.014170552833373984
0.35971104,-0.0038982293456070738
0.35976168,-0.0067117429319775157
0.35981231,-0.022888123348282996
0.35986294,-0.052216410343462694
0.35991358,-0.094053548680239518
0.35996421,-0.14730045729707053
0.36001485,-0.2104345669490934
0.36006549,-0.28149209246455709
0.36011612,-0.35819481058478631
0.36016676,-0.43800953567778056
0.36021739,-0.51818478124726031
0.36026802,-0.59600838674094103
0.36031866,-0.66886765757799904
0.36036929,-0.73447222567580672
0.36041993,-0.79103797317928448
0.36047056,-0.83739696708235933
0.3605212,-0.87311338172055741
0.36057184,-0.89852776674322554
0.36062247,-0.91472193627016773
0.3606731,-0.92343766800727267
0.36072374,-0.92683810770390163
0.36077437,-0.92729457728301568
0.36082501,-0.92715206766993474
0.36087564,-0.92847911647469861
0.36092628,-0.93283854446024017
0.36097692,-0.94112662592666163
0.36102755,-0.95350685962950377
0.36107818,-0.96944562087412878
0.36112882,-0.98780271438243394
0.36117945,-1.0070115150195524
0.36123009,-1.0252701864335787
0.36128072,-1.0407091556347829
0.36133136,-1.0515651851828347
0.361382,-1.056303929980541
0.36143263,-1.0536942172168973
0.36148326,-1.0428594573351559
0.3615339,-1.0233148438369128
0.36158453,-0.99487487030801036
0.36163517,-0.95760532248341113
0.3616858,-0.9119450294152992
0.36173644,-0.8585920120631263
0.36178708,-0.79842533487022693
0.36183771,-0.73257244396701759
0.36188835,-0.66227315681002619
0.36193898,-0.58913901113277323
0.36198961,-0.51480697746920068
0.36204025,-0.44116351789851638
0.36209088,-0.37015857321047035
0.36214152,-0.30384757197939882
0.36219216,-0.24433544947872604
0.36224279,-0.1936974762560931
0.36229343,-0.15398309675682592
0.36234406,-0.12704310260272944
0.36239469,-0.11447007387575114
0.36244533,-0.1175142299873963
0.36249596,-0.13697817631744591
0.3625466,-0.17310326897319023
0.36259724,-0.22551538321522388
0.36264787,-0.29315880897139618
0.36269851,-0.37425673433675
0.36274914,-0.46639204807888146
0.36279977,-0.56653972733577818
0.36285041,-0.67115007912667712
0.36290104,-0.7762761660423666
0.36295168,-0.87810553067956465
0.36300231,-0.97292456734525823
0.36305295,-1.0574496059351701
0.36310359,-1.1289585398616375
0.36315422,-1.1854451254294494
0.36320485,-1.2255985540256804
0.36325549,-1.249245244738975
0.36330612,-1.2569160553732959
0.36335676,-1.2498460280234207
0.36340739,-1.2298571395750342
0.36345803,-1.1991561329009692
0.36350867,-1.1601311157682488
0.3635593,-1.1152884591384418
0.36360993,-1.0670389271697038
0.36366057,-1.0175577702229446
0.3637112,-0.9687394700531391
0.36376184,-0.92204577712678815
0.36381247,-0.87856550450272286
0.36386311,-0.83899109916788805
0.36391375,-0.80356133421822573
0.36396438,-0.77215939190910721
0.36401501,-0.7442633545715317
0.36406565,-0.7188322224574033
0.36411628,-0.69500195981020862
0.36416692,-0.67160442940080578
0.36421755,-0.64730220440863606
0.36426819,-0.62073705108497057
0.36431883,-0.59069061250664057
0.36436946,-0.55620438030182506
0.36442009,-0.51668030692319555
0.36447073,-0.47199552345515638
0.36452136,-0.42248356028231165
0.364572,-0.36900162864878661
0.36462263,-0.31288515997930355
0.36467327,-0.25583425251431191
0.36472391,-0.19987963343362997
0.36477454,-0.14713661115190019
0.36482518,-0.099858854311121514
0.36487581,-0.060132992371638327
0.36492644,-0.02987680099017026
0.36497708,-0.010674563478465071
0.36502771,-0.0037588210481653839
0.36507835,-0.0099935283669674857
0.36512899,-0.029646728985799786
0.36517962,-0.062557226594761761
0.36523026,-0.10811275069155307
0.36528089,-0.16526820314696405
0.36533152,-0.23254612544098474
0.36538216,-0.30801116947983764
0.36543279,-0.3894150476502154
0.36548343,-0.474226052997481
0.36553407,-0.55969998961200507
0.3655847,-0.64305873199105801
0.36563534,-0.72166211883386255
0.36568597,-0.79315141451949744
0.3657366,-0.85565645574186389
0.36578724,-0.907919145477323
0.36583787,-0.94939089531038168
0.36588851,-0.98029736953146074
0.36593914,-1.0016265176620984
0.36598978,-1.015044112567222
0.36604042,-1.0226701586761415
0.36609105,-1.0268600220220596
0.36614168,-1.0299795534773963
0.36619232,-1.0341466921184219
0.36624295,-1.0410119756744165
0.36629359,-1.0515500583996111
0.36634422,-1.066008218287674
0.36639486,-1.0839392284344629
0.3664455,-1.1042730332915065
0.36649613,-1.1254839986184844
0.36654676,-1.1457778724200147
0.3665974,-1.1632828277697049
0.36664803,-1.1762180744748254
0.36669867,-1.1830222060749498
0.3667493,-1.1824272072968944
0.36679994,-1.1735108002294283
0.36685058,-1.1557063972492609
0.36690121,-1.1287811418943865
0.36695184,-1.0928252984760616
0.36700248,-1.0482058435238923
0.36705311,-0.99560079003616841
0.36710375,-0.93587169850263585
0.36715438,-0.87012905578293287
0.36720502,-0.79960891769540632
0.36725566,-0.72575112378855988
0.36730629,-0.65031860141990627
0.36735693,-0.57519394727107376
0.36740756,-0.50230842584020963
0.36745819,-0.43369772837900089
0.36750883,-0.37142331228174746
0.36755946,-0.3175589519119697
0.3676101,-0.27417675315898526
0.36766074,-0.24316310195585572
0.36771137,-0.22615597125467812
0.36776201,-0.22448304735022565
0.36781264,-0.23904103815754607
0.36786327,-0.27017494008666654
0.36791391,-0.3176285785842699
0.36796454,-0.38044497618516693
0.36801518,-0.45696867575701139
0.36806582,-0.5448691046761438
0.36811645,-0.6411994895719465
0.36816709,-0.74248896454633617
0.36821772,-0.84479946963104902
0.36826835,-0.94426033722642622
0.36831899,-1.0371880167788159
0.36836962,-1.120154606182201
0.36842026,-1.1903582550078076
0.36847089,-1.2456901485931597
0.36852153,-1.2848567626987948
0.36857217,-1.3074137987486911
0.3686228,-1.3137492181951234
0.36867343,-1.3049916634190812
0.36872407,-1.2828879564298199
0.3687747,-1.2494428598983944
0.36882534,-1.2072176021957239
0.36887597,-1.1587395305866857
0.36892661,-1.106478208059924
0.36897725,-1.0526564149771138
0.36902788,-0.99919738920608214
0.36907851,-0.94763288013991986
0.36912915,-0.89910268649061431
0.36917978,-0.85434488157855104
0.36923042,-0.81363592357333969
0.36928105,-0.77689248533529542
0.36933169,-0.7436715931583987
0.36938233,-0.71295567291130646
0.36943296,-0.68387642613322408
0.36948359,-0.65533103521584091
0.36953423,-0.62601617895799744
0.36958486,-0.5945811978596911
0.3696355,-0.55981038148863849
0.36968613,-0.52074158658492087
0.36973677,-0.47674780599060546
0.36978741,-0.42768883863566015
0.36983804,-0.37384728603483341
0.36988868,-0.31606137259272171
0.36993931,-0.25563263286912802
0.36998994,-0.19422811445131144
0.37004058,-0.13386676244126922
0.37009121,-0.07667188300354455
0.37014185,-0.024894001232948049
0.37019249,0.019349549149916878
0.37024312,0.054108295082193336
0.37029376,0.077766932798717825
0.37034439,0.089047493566629166
0.37039502,0.087044898265827508
0.37044566,0.071444025105523112
0.37049629,0.042361755341110752
0.37054693,0.00036149568103654994
0.37059757,-0.053553395696771366
0.3706482,-0.11792674648461887
0.37069884,-0.19087755428864073
0.37074947,-0.2702014264355399
0.3708001,-0.35337734546906518
0.37085074,-0.4376663226027811
0.37090137,-0.52031945883888642
0.37095201,-0.59865984605050615
0.37100264,-0.67029159973138686
0.37105328,-0.73327541833650778
0.37110392,-0.78626462605028791
0.37115455,-0.82862352931840411
0.37120518,-0.86047793800382455
0.37125582,-0.8827231777204827
0.37130645,-0.89694594427759067
0.37135709,-0.90521980263323953
0.37140772,-0.90987594428084184
0.37145836,-0.91328394131997326
0.371509,-0.91759986077772238
0.37155963,-0.92452795478808647
0.37161026,-0.93514032766853428
0.3716609,-0.94978411287402587
0.37171153,-0.96810032089784104
0.37176217,-0.98909299607148271
0.3718128,-1.0112834619082687
0.37186344,-1.0329153336511756
0.37191408,-1.0521262266410167
0.37196471,-1.067118366750857
0.37201534,-1.0762993637801941
0.37206598,-1.0783577849380788
0.37211661,-1.0723201311164505
0.37216725,-1.0575780143657885
0.37221788,-1.0339209583450122
0.37226852,-1.0013406018618196
0.37231916,-0.96019125863822208
0.37236979,-0.91107318373088819
0.37242042,-0.85479636793204272
0.37247106,-0.79247532084982719
0.37252169,-0.72533176857707771
0.37257233,-0.65485222419103195
0.37262296,-0.58270197744562457
0.3726736,-0.51068852908266449
0.37272424,-0.4407855781064236
0.37277487,-0.37502851846102236
0.37282551,-0.31550248477145743
0.37287614,-0.26429818512551151
0.37292677,-0.22348761310720622
0.37297741,-0.19498638063493151
0.37302804,-0.18045791913311865
0.37307868,-0.18125777547912236
0.37312932,-0.19832751357925921
0.37317995,-0.23207678802740417
0.37323059,-0.28230254498068064
0.37328122,-0.34812971407985616
0.37333185,-0.42797651399412373
0.37338249,-0.51958547353889384
0.37343312,-0.62006549764180718
0.37348376,-0.72605495182918611
0.3735344,-0.83377092221489346
0.37358503,-0.93913185716930703
0.37363567,-1.0384384906356066
0.3736863,-1.128285244786442
0.37373693,-1.205757920261687
0.37378757,-1.2686027565797589
0.3738382,-1.3154020834883839
0.37388884,-1.3454124583588194
0.37393947,-1.359048394129259
0.37399011,-1.3573471701190778
0.37404075,-1.3419604613687759
0.37409138,-1.3149910633103723
0.37414201,-1.2787585657553171
0.37419265,-1.2357187527680102
0.37424328,-1.1883237715397881
0.37429392,-1.1388230593191744
0.37434455,-1.0891461897638888
0.37439519,-1.0408726490511602
0.37444583,-0.99521510549110592
0.37449646,-0.95296594731803919
0.37454709,-0.91448269909910618
0.37459773,-0.87973919331185613
0.37464836,-0.84838610210039023
0.374699,-0.81949017226957488
0.37474963,-0.79212788781300048
0.37480027,-0.76526885988814553
0.37485091,-0.73764196790629777
0.37490154,-0.7079076246192616
0.37495217,-0.67482711190471234
0.37500281,-0.63740197325673109
0.37505344,-0.59496356168848141
0.37510408,-0.54728504918134802
0.37515471,-0.49460937632589136
0.37520535,-0.43770562711354694
0.37525599,-0.37780841887539374
0.37530662,-0.31657543385328329
0.37535726,-0.2559648131530276
0.37540789,-0.19813506042720136
0.37545852,-0.14531883486443553
0.37550916,-0.0996884421654613
0.37555979,-0.063209325704628339
0.37561043,-0.03757608087934794
0.37566107,-0.02410997402683196
0.3757117,-0.023781666219105158
0.37576234,-0.036973992600198902
0.37581297,-0.06363578990394847
0.3758636,-0.10325679994195902
0.37591424,-0.15489294847393775
0.37596487,-0.2171368704663062
0.37601551,-0.28815783990947896
0.37606615,-0.36577300122716994
0.37611678,-0.4474416028954738
0.37616742,-0.53048562635101937
0.37621805,-0.61212647923746111
0.37626868,-0.68966444585389997
0.37631932,-0.76065401463503968
0.37636995,-0.82307462997393821
0.37642059,-0.87548982996727243
0.37647122,-0.91716299816326052
0.37652186,-0.94811872503945072
0.3765725,-0.96914898069066691
0.37662313,-0.98175359278740271
0.37667376,-0.98794914551041302
0.3767244,-0.9900408581957878
0.37677503,-0.99040883982282013
0.37682567,-0.99125526453717605
0.3768763,-0.99436979059524533
0.37692694,-1.0009096972200182
0.37697758,-1.0113194988301439
0.37702821,-1.0253372779594188
0.37707884,-1.0420615548902634
0.37712948,-1.060077918345202
0.37718011,-1.0776577960444622
0.37723075,-1.0929517452791431
0.37728138,-1.1041649976683063
0.37733202,-1.1096772541373268
0.37738266,-1.1081479188680321
0.37743329,-1.098572010843905
0.37748392,-1.080290056593775
0.37753456,-1.0529987411945732
0.37758519,-1.0167655422039712
0.37763583,-0.97186316352766666
0.37768646,-0.91889457054756241
0.3777371,-0.85863544476145159
0.37778774,-0.79219163817812732
0.37783837,-0.72076653412739344
0.37788901,-0.64584526573902712
0.37793964,-0.56910891651619389
0.37799027,-0.49233715418360047
0.37804091,-0.41750520816882641
0.37809154,-0.34662639400727069
0.37814218,-0.28180356723829003
0.37819282,-0.22515422582943825
0.37824345,-0.17873383619890848
0.37829409,-0.14451071057446027
0.37834472,-0.1242077294903971
0.37839535,-0.11923732301670942
0.37844599,-0.13060887506907631
0.37849662,-0.15881367144217134
0.37854726,-0.20374375217064228
0.3785979,-0.26461575806323057
0.37864853,-0.33994541967573216
0.37869917,-0.42757947336159613
0.3787498,-0.52466309618072016
0.37880043,-0.62788345390784672
0.37885107,-0.73346159148446244
0.3789017,-0.83734401029889427
0.37895234,-0.93574284033127397
0.37900297,-1.0251596784979615
0.37905361,-1.1025661963562614
0.37910425,-1.1656822363441433
0.37915488,-1.2129000756456578
0.37920551,-1.243545936881556
0.37925615,-1.2577705569234228
0.37930678,-1.2563232788647138
0.37935742,-1.2409723186794759
0.37940805,-1.2138264450534235
0.37945869,-1.1772150977525691
0.37950933,-1.1336089197544559
0.37955996,-1.0854917044007169
0.37961059,-1.0351582588093411
0.37966123,-0.984610491221385
0.37971186,-0.93548616769185555
0.3797625,-0.88899100716461366
0.37981313,-0.8459856661197187
0.37986377,-0.80689276946937849
0.37991441,-0.77172436795339194
0.37996504,-0.74017702806780861
0.38001567,-0.71137702741827036
0.38006631,-0.68437199775666335
0.38011694,-0.65817914221813423
0.38016758,-0.63153590207897525
0.38021821,-0.60311569728390568
0.38026885,-0.57164815572609629
0.38031949,-0.53611004045019717
0.38037012,-0.49577369185155262
0.38042075,-0.45037060240692672
0.38047139,-0.40006754668551814
0.38052202,-0.34554960333626444
0.38057266,-0.28802579230532499
0.38062329,-0.22908050997855672
0.38067393,-0.17063052095225922
0.38072457,-0.11481070824579942
0.3807752,-0.063856518178408372
0.38082584,-0.019952949623196825
0.38087647,0.014888527587953115
0.3809271,0.038946370931235597
0.38097774,0.050842062605062077
0.38102837,0.049612352856800268
0.38107901,0.034697084642169085
0.38112965,0.0061386213774938803
0.38118028,-0.035599083733506398
0.38123092,-0.089610921079387729
0.38128155,-0.15454842498356736
0.38133218,-0.22861287758796278
0.38138282,-0.30965515552333767
0.38143345,-0.39519304946689793
0.38148409,-0.48254663801530456
0.38153473,-0.56890979189572066
0.38158536,-0.65154765119040159
0.381636,-0.72795552322945611
0.38168663,-0.79600717448890768
0.38173726,-0.85418117534710292
0.3817879,-0.90163306484980699
0.38183853,-0.93827776023495901
0.38188917,-0.96481708665868171
0.3819398,-0.98266151312445782
0.38199044,-0.99377618994299088
0.38204108,-1.0004408830393872
0.38209171,-1.0050406320643019
0.38214234,-1.0098175904881002
0.38219298,-1.0166368923490872
0.38224361,-1.0267343922233669
0.38229425,-1.0406487483408042
0.38234488,-1.0582069883508947
0.38239552,-1.0785736026109953
0.38244616,-1.1003751628098146
0.38249679,-1.1219057374585542
0.38254742,-1.1413057133807192
0.38259806,-1.1567488853193604
0.38264869,-1.1665781878666848
0.38269933,-1.1694020614632721
0.38274996,-1.164166208688528
0.3828006,-1.1501700356188673
0.38285124,-1.1270593618725697
0.38290187,-1.0948067907061017
0.3829525,-1.0536958511771417
0.38300314,-1.0042866521506113
0.38305377,-0.9474233291141253
0.38310441,-0.88411039913564649
0.38315504,-0.81553174022090447
0.38320568,-0.74317231749482304
0.38325632,-0.66864756071376141
0.38330695,-0.59376456520254284
0.38335759,-0.52056632849595874
0.38340822,-0.45102605290537179
0.38345885,-0.3871807782426383
0.38350949,-0.33115464613548096
0.38356012,-0.28499655881866215
0.38361076,-0.25066882950729669
0.3836614,-0.22993613903701757
0.38371203,-0.22424514685013819
0.38376267,-0.23466656157717344
0.3838133,-0.261775260294898
0.38386393,-0.30554116457127134
0.38391457,-0.36526551751366249
0.3839652,-0.43955141606146153
0.38401584,-0.52631806171404949
0.38406648,-0.62277455708038465
0.38411711,-0.72560828176704284
0.38416775,-0.83114795100429251
0.38421838,-0.93535138054546973
0.38426901,-1.0344021216652877
0.38431965,-1.1247113078215101
0.38437028,-1.2031693105761103
0.38442092,-1.2674111311578002
0.38447155,-1.3157425298620891
0.38452219,-1.3473708836745915
0.38457283,-1.3623343284309193
0.38462346,-1.361468715603253
0.38467409,-1.3462765486403265
0.38472473,-1.3186229590775402
0.38477536,-1.2809964839712569
0.384826,-1.2358872633579177
0.38487663,-1.1857912596436928
0.38492727,-1.1330444500228303
0.38497791,-1.0797186108457257
0.38502854,-1.0274928685687741
0.38507917,-0.97763141768633188
0.38512981,-0.93103551893760228
0.38518044,-0.88820481801747109
0.38523108,-0.84918372073234116
0.38528171,-0.81370623300476796
0.38533235,-0.78099133652071695
0.38538299,-0.7500283453066714
0.38543362,-0.71988810538445236
0.38548425,-0.68934208811097641
0.38553489,-0.65706891246666332
0.38558552,-0.62179536536815116
0.38563616,-0.58247533505020443
0.38568679,-0.53836181948297102
0.38573743,-0.48912841987879735
0.38578807,-0.43492764952831398
0.3858387,-0.37638807677520925
0.38588933,-0.31467510499761508
0.38593997,-0.25134381602110933
0.3859906,-0.18831211774877843
0.38604124,-0.12768503997393177
0.38609187,-0.0716983200237859
0.38614251,-0.022560844242641875
0.38619315,0.017687800104102647
0.38624378,0.047285698419391564
0.38629442,0.064807972148844317
0.38634505,0.069168230567248468
0.38639568,0.059869130017084271
0.38644632,0.036838025765356941
0.38649695,0.00046964535349092174
0.38654759,-0.048384240331778794
0.38659823,-0.1084209737699664
0.38664886,-0.17791064983238258
0.3866995,-0.25474064752248476
0.38675013,-0.33646304063836724
0.38680076,-0.42043504331302228
0.3868514,-0.50384307547048535
0.38690203,-0.58394941029218528
0.38695267,-0.65816538447496153
0.3870033,-0.72433789568039564
0.38705394,-0.78085780063068455
0.38710458,-0.82678606437951752
0.38715521,-0.86193641424929091
0.38720584,-0.88691473693995093
0.38725648,-0.9030426217683043
0.38730711,-0.91223365232600662
0.38735775,-0.91674387909219512
0.38740838,-0.9189644155745762
0.38745902,-0.92117668632986582
0.38750966,-0.92530223709341386
0.38756029,-0.93268675269335954
0.38761092,-0.943962455035396
0.38766156,-0.95905234345527879
0.38771219,-0.97720741013617241
0.38776283,-0.99711541593200903
0.38781346,-1.0171033712450419
0.3878641,-1.0353255391659038
0.38791474,-1.0499492433284972
0.38796537,-1.0592892068058068
0.388016,-1.0619161332196736
0.38806664,-1.0567238497568003
0.38811727,-1.0429814522484451
0.38816791,-1.0203404036062076
0.38821854,-0.98871126582315849
0.38826918,-0.94836931605272867
0.38831982,-0.89979702339425804
0.38837045,-0.84380698861436365
0.38842108,-0.78142808059886315
0.38847172,-0.71384753061321815
0.38852235,-0.64250423710992499
0.38857299,-0.56901022031760995
0.38862362,-0.49509111229749758
0.38867426,-0.42277656993643398
0.3887249,-0.35402775902174216
0.38877553,-0.29092300497298507
0.38882617,-0.23561040741988376
0.3888768,-0.19016419586379771
0.38892743,-0.15656035918899489
0.38897807,-0.13658060753663639
0.3890287,-0.1316928647888288
0.38907934,-0.14298999107073312
0.38912998,-0.17107673702666631
0.38918061,-0.21596070571395443
0.38923125,-0.27700708876783353
0.38928188,-0.35286228235246536
0.38933251,-0.44152264966471166
0.38938315,-0.54029527560811585
0.38943378,-0.64591767874375594
0.38948442,-0.75475395126087508
0.38953506,-0.86276508932017482
0.38958569,-0.96609601223315944
0.38963633,-1.061119529810193
0.38968696,-1.1447289241182173
0.38973759,-1.2144119806317977
0.38978823,-1.268376101119431
0.38983886,-1.3055724776585576
0.3898895,-1.3260871603718916
0.38994013,-1.3306878523952461
0.38999077,-1.3208105213338199
0.39004141,-1.2984226936605572
0.39009204,-1.2657908608150432
0.39014267,-1.2253561381722125
0.39019331,-1.1796037254393499
0.39024394,-1.1308667151445593
0.39029458,-1.0812424517800594
0.39034521,-1.0324809046400887
0.39039585,-0.98588782522001239
0.39044649,-0.9424369482710262
0.39049712,-0.90266871283999439
0.39054775,-0.86669455487381164
0.39059839,-0.83429818240957609
0.39064902,-0.80478971401177024
0.39069966,-0.77713362931531615
0.39075029,-0.75043310468918989
0.39080093,-0.72348905229807192
0.39085157,-0.69497729610134473
0.3909022,-0.66360686074130748
0.39095283,-0.62829403527047278
0.39100347,-0.5882402732047094
0.3910541,-0.54305298197755247
0.39110474,-0.49282148793746938
0.39115537,-0.43809667831366195
0.39120601,-0.37997448144247659
0.39125665,-0.31994766721322709
0.39130728,-0.25991227059515493
0.39135792,-0.20192240863190786
0.39140855,-0.14822256992566257
0.39145918,-0.10102116452988935
0.39150982,-0.062367874515208976
0.39156045,-0.034067765932199567
0.39161109,-0.017590499514980373
0.39166173,-0.014003963360508687
0.39171236,-0.023990269449770618
0.391763,-0.047614296490593344
0.39181363,-0.084533130410554547
0.39186426,-0.13394875366136538
0.3919149,-0.19460733902380811
0.39196553,-0.26482974764469924
0.39201617,-0.34251960778970525
0.39206681,-0.42526147538617631
0.39211744,-0.51044779609290725
0.39216808,-0.59522874895472622
0.39221871,-0.67686841534715103
0.39226934,-0.75275700418085101
0.39231998,-0.82066401576228465
0.39237061,-0.87891821900247447
0.39242125,-0.92648747547398924
0.39247188,-0.9631011440342272
0.39252252,-0.98927845671074166
0.39257316,-1.0062653368998897
0.39262379,-1.0159226028263673
0.39267442,-1.0204815338954105
0.39272506,-1.0223349689597034
0.39277569,-1.0237943411588377
0.39282633,-1.0268548765618135
0.39287696,-1.0329186376098909
0.3929276,-1.0427005474046203
0.39297824,-1.0562062525772649
0.39302887,-1.0727567517955905
0.3930795,-1.0910936224576082
0.39313014,-1.1095749358219713
0.39318077,-1.1263609458492674
0.39323141,-1.1395970088991525
0.39328204,-1.1475811898010222
0.39333268,-1.1488556678293138
0.39338332,-1.1422886220586985
0.39343395,-1.1270972600835381
0.39348458,-1.1028546453500703
0.39353522,-1.0694758218616451
0.39358585,-1.0271770142051759
0.39363649,-0.97647761437963332
0.39368712,-0.91816878179503414
0.39373776,-0.85325635227301166
0.3937884,-0.78286399295414588
0.39383903,-0.70837270255947593
0.39388966,-0.63148017188768801
0.3939403,-0.55387545318984854
0.39399093,-0.47760138958576154
0.39404157,-0.40460637958271684
0.3940922,-0.33697117142525657
0.39414284,-0.27682051728962287
0.39419348,-0.22622824068210187
0.39424411,-0.1872209950641002
0.39429475,-0.16160890555344776
0.39434538,-0.15093652272331792
0.39439601,-0.15636924092185439
0.39444665,-0.17859514403545895
0.39449728,-0.2177200638126176
0.39454792,-0.27318335994738874
0.39459856,-0.34372887582549799
0.39464919,-0.42744415352201121
0.39469983,-0.52161405943214312
0.39475046,-0.62309834015747945
0.39480109,-0.72827252153563737
0.39485173,-0.83308650873448009
0.39490236,-0.93367405961763483
0.394953,-1.0263529548223491
0.39500363,-1.1079183980358664
0.39505427,-1.1757494101317489
0.39510491,-1.2280305420103694
0.39515554,-1.2637351171381241
0.39520617,-1.2827066273097989
0.39525681,-1.2856083468385995
0.39530744,-1.2737962683911097
0.39535808,-1.2490287380510279
0.39540871,-1.213758815248607
0.39545935,-1.1704559973020285
0.39550999,-1.1216572624631014
0.39556062,-1.0697253437262235
0.39561125,-1.016809914944133
0.39566189,-0.96472635603694135
0.39571252,-0.91481654946516322
0.39576316,-0.86810222363747014
0.39581379,-0.82515838422985643
0.39586443,-0.78613485286580798
0.39591507,-0.75084802599179123
0.3959657,-0.7186911627528767
0.39601633,-0.6886048246767229
0.39606697,-0.65970386779283641
0.3961176,-0.63083441267310114
0.39616824,-0.60067256933024882
0.39621887,-0.5679395614478735
0.39626951,-0.53151549036390555
0.39632015,-0.49057972879317391
0.39637078,-0.44469182322686651
0.39642141,-0.3939063626205081
0.39647205,-0.33871683485479542
0.39652268,-0.28018627407077024
0.39657332,-0.21975249436902067
0.39662395,-0.15927761493346104
0.39667459,-0.10080042505940751
0.39672523,-0.0465396983343902
0.39677586,0.0012813211299906313
0.3968265,0.040593530820024926
0.39687713,0.069560450424425602
0.39692776,0.086677290794217932
0.3969784,0.090836982287881896
0.39702903,0.081316006410040775
0.39707967,0.057984232451970485
0.39713031,0.021144669706732511
0.39718094,-0.028441682978126714
0.39723158,-0.089551197518822401
0.39728221,-0.16056241736339705
0.39733284,-0.23941563463961446
0.39738348,-0.32374720792044198
0.39743411,-0.41096266871739906
0.39748475,-0.49820819068288669
0.39753538,-0.58273986322148319
0.39758602,-0.66190663703443375
0.39763666,-0.7334184042026114
0.39768729,-0.79552424509237585
0.39773792,-0.84711434391436002
0.39778856,-0.88782323470584079
0.39783919,-0.91806877537369369
0.39788983,-0.93901691055107639
0.39794046,-0.9524671915411479
0.3979911,-0.96061326081413834
0.39804174,-0.96583535357726757
0.39809237,-0.9704635742112977
0.398143,-0.97652781196286442
0.39819364,-0.98552173457548353
0.39824427,-0.99823030483615738
0.39829491,-1.0147434968137252
0.39834554,-1.0344520177100804
0.39839618,-1.0561493855408222
0.39844682,-1.0782257504777564
0.39849745,-1.0988570233006838
0.39854808,-1.1161768017001874
0.39859872,-1.1284605852530141
0.39864935,-1.1342168002599984
0.39869999,-1.1322619649492638
0.39875062,-1.1217748812505075
0.39880126,-1.1022890643578871
0.3988519,-1.0736731560071795
0.39890253,-1.0361307486953324
0.39895316,-0.99010123169810638
0.3990038,-0.93638151017447269
0.39905443,-0.8758957238130527
0.39910507,-0.80976187248608689
0.3991557,-0.73933359202460869
0.39920634,-0.66626831400820374
0.39925698,-0.59228885107898532
0.39930761,-0.51933836689705604
0.39935825,-0.4494238306849761
0.39940888,-0.3846065489167762
0.39945951,-0.32703389058852372
0.39951015,-0.27876511148105371
0.39956078,-0.2418319141635365
0.39961142,-0.21805406120846199
0.39966206,-0.20899985551181494
0.39971269,-0.21586845249162703
0.39976333,-0.23939326870023289
0.39981396,-0.27973239624199042
0.39986459,-0.33640618550294521
0.39991523,-0.4082347388004976
0.39996586,-0.4933358245000633
0.4000165,-0.58912778967851076
0.40006714,-0.69246493359325456
0.40011777,-0.79980751075241696
0.40016841,-0.90712714728553245
0.40021904,-1.010567146081899
0.40026967,-1.1063746114374045
0.40032031,-1.1913373820385003
0.40037094,-1.2627224611050436
0.40042158,-1.3186069858388318
0.40047221,-1.35786301029137
0.40052285,-1.380244285531333
0.40057349,-1.3863051718317094
0.40062412,-1.3773201425757171
0.40067475,-1.3549682295136281
0.40072539,-1.3216668388514852
0.40077602,-1.2798419526802456
0.40082666,-1.2320220280030623
0.40087729,-1.1805940462345497
0.40092793,-1.1277301858863984
0.40097857,-1.0752858193926729
0.4010292,-1.0246560113826422
0.40107983,-0.97692014016135498
0.40113047,-0.93271492042085768
0.4011811,-0.89224250107619774
0.40123174,-0.85535962740890725
0.40128237,-0.8215475492999853
0.40133301,-0.78975420461732204
0.40138365,-0.75912044680246393
0.40143428,-0.72851001412503458
0.40148491,-0.69664590653609282
0.40153555,-0.66224025623765015
0.40158618,-0.62416353678161673
0.40163682,-0.58156092624459943
0.40168745,-0.53395633369750917
0.40173809,-0.48134633193651166
0.40178873,-0.4241829192887191
0.40183936,-0.36346057417892369
0.40188999,-0.30059230347793731
0.40194063,-0.23739101226761769
0.40199126,-0.17591265999574446
0.4020419,-0.1183376589473385
0.40209253,-0.066927463164526246
0.40214317,-0.023745897477625011
0.40219381,0.0093199107892292798
0.40224444,0.030732574952726577
0.40229508,0.039281324204899326
0.40234571,0.034309214808059818
0.40239634,0.015575971097818164
0.40244698,-0.01666182924991938
0.40249761,-0.061713050651406587
0.40254825,-0.11841561143474022
0.40259889,-0.18518671311168633
0.40264952,-0.26000071891882709
0.40270016,-0.34053288181371055
0.40275079,-0.42419459105461654
0.40280142,-0.50818369244098993
0.40285206,-0.58973953137584234
0.40290269,-0.66620413718440086
0.40295333,-0.73524981802009781
0.40300396,-0.79506215367964372
0.4030546,-0.84445157504367474
0.40310524,-0.8829694065009952
0.40315587,-0.91094540215313513
0.4032065,-0.92946087020303692
0.40325714,-0.9402535552062895
0.40330777,-0.94548050430902009
0.40335841,-0.9475120884928343
0.40340904,-0.9486980380008424
0.40345968,-0.95111594003072186
0.40351032,-0.95633245862910288
0.40356095,-0.96521895669045188
0.40361158,-0.97794829808184125
0.40366222,-0.99398995270404478
0.40371285,-1.0122081264812441
0.40376349,-1.0310320236654382
0.40381412,-1.0486618912183152
0.40386476,-1.0632389037632395
0.4039154,-1.073016451676057
0.40396603,-1.0764739714831997
0.40401666,-1.0723993522681388
0.4040673,-1.0599269984458042
0.40411793,-1.0385623076616235
0.40416857,-1.008195575895432
0.4042192,-0.96894399172438472
0.40426984,-0.92126401347221465
0.40432048,-0.86583686601468512
0.40437111,-0.80362576645862549
0.40442174,-0.73579225193408648
0.40447238,-0.66364476509604686
0.40452301,-0.58883409409756193
0.40457365,-0.51302401572762324
0.40462428,-0.43815425230352223
0.40467492,-0.36621572632386479
0.40472556,-0.29929117608633288
0.40477619,-0.23950806518936513
0.40482683,-0.18895529448501247
0.40487746,-0.14969145986716328
0.40492809,-0.12357244390639241
0.40497873,-0.11219276023116259
0.40502936,-0.11679467447916925
0.40508,-0.13816761327221871
0.40513064,-0.17652689043183861
0.40518127,-0.23147054348976112
0.40523191,-0.30189982882262101
0.40528254,-0.38599468811092463
0.40533317,-0.481292302583262
0.40538381,-0.58471278641006097
0.40543444,-0.69265795104608263
0.40548508,-0.80111535072835993
0.40553571,-0.9062333046783374
0.40558635,-1.0042611448795233
0.40563699,-1.091849156266268
0.40568762,-1.166244576478781
0.40573825,-1.2253856753499424
0.40578889,-1.268069050655237
0.40583952,-1.2939344723747235
0.40589016,-1.3032879895266678
0.40594079,-1.2975164809152124
0.40599143,-1.2784364516035627
0.40604207,-1.2482504921370441
0.4060927,-1.2093371314586294
0.40614333,-1.1642038756624418
0.40619397,-1.1152624537975706
0.4062446,-1.0646884844770961
0.40629524,-1.0143761851009825
0.40634587,-0.96579071799655059
0.40639651,-0.92003796272471605
0.40644715,-0.87781890254123063
0.40649778,-0.83938911540059014
0.40654841,-0.80464720621242636
0.40659905,-0.77314977799892615
0.40664968,-0.74388477622770599
0.40670032,-0.71598060079439452
0.40675095,-0.68834702993883179
0.40680159,-0.65971749331668805
0.40685223,-0.62879523541201743
0.40690286,-0.59442103377614264
0.40695349,-0.55569650329316977
0.40700413,-0.5120773893925078
0.40705476,-0.46350187164914597
0.4071054,-0.4103495699123213
0.40715603,-0.35354091753973504
0.40720667,-0.29445186407776797
0.40725731,-0.234814090796095
0.40730794,-0.17669213557588564
0.40735858,-0.12222075462241733
0.40740921,-0.073659903704356378
0.40745984,-0.033099295397044814
0.40751048,-0.0024470827900748837
0.40756111,0.016729356772001547
0.40761175,0.023223033808463911
0.40766239,0.016212457930214086
0.40771302,-0.0045409230203182216
0.40776366,-0.038833691097838796
0.40781429,-0.086004729222426024
0.40786492,-0.14495311629744762
0.40791556,-0.21414413524798115
0.40796619,-0.29159491025471573
0.40801683,-0.37500813835023866
0.40806747,-0.46181434977360425
0.4081181,-0.54922217852909605
0.40816874,-0.63442067704461369
0.40821937,-0.71473884814059263
0.40827,-0.78779451957293323
0.40832064,-0.85170560207945389
0.40837127,-0.90520764089631611
0.40842191,-0.94774733354786656
0.40847254,-0.97954917305784572
0.40852318,-1.0016087108780543
0.40857382,-1.0155923509870801
0.40862445,-1.0236177654310405
0.40867508,-1.0280420558897103
0.40872572,-1.0312321203058674
0.40877635,-1.0353192971138625
0.40882699,-1.0419373471439279
0.40887762,-1.0520381017437856
0.40892826,-1.0658798671101355
0.4089789,-1.0830078147243805
0.40902953,-1.1023466268300863
0.40908016,-1.1223654770650866
0.4091308,-1.1412731813345771
0.40918143,-1.1572045485694336
0.40923207,-1.1683889031226051
0.4092827,-1.1732782955591987
0.40933334,-1.1706246297471623
0.40938398,-1.1595267329549186
0.40943461,-1.1394444236796542
0.40948524,-1.110176440972563
0.40953588,-1.0718392318070056
0.40958651,-1.0248658801456858
0.40963715,-0.96994373706166104
0.40968778,-0.90802794065100401
0.40973842,-0.84022270574827707
0.40978906,-0.76777703048468515
0.40983969,-0.69229150116266691
0.40989032,-0.61549119310220091
0.40994096,-0.53931189971580507
0.40999159,-0.46571723796729841
0.41004223,-0.39676668859773978
0.41009286,-0.33456415062297579
0.4101435,-0.28118799869195837
0.41019414,-0.2387135682803424
0.41024477,-0.2090190230259128
0.41029541,-0.19374243997179164
0.41034604,-0.19418711836341135
0.41039667,-0.21121583750329431
0.41044731,-0.24513022718108118
0.41049794,-0.2956258542143434
0.41054858,-0.36170216822243867
0.41059922,-0.44162791213874308
0.41064985,-0.53302296985288788
0.41070049,-0.63289331283389028
0.41075112,-0.7377185490613517
0.41080175,-0.84348838555042605
0.41085239,-0.94630779823949307
0.41090302,-1.0424526856378211
0.41095366,-1.1284550955728658
0.41100429,-1.2014869593151132
0.41105493,-1.2594218957200565
0.41110557,-1.3009116873884625
0.4111562,-1.3255020144794822
0.41120683,-1.3335627282763713
0.41125747,-1.3262177050486019
0.4113081,-1.305192890662207
0.41135874,-1.2724951470240233
0.41140937,-1.2306808187906864
0.41146001,-1.1822844839922644
0.41151065,-1.1297755389610336
0.41156128,-1.075385541162738
0.41161191,-1.0210514864939821
0.41166255,-0.96831820914727817
0.41171318,-0.91834110706050709
0.41176382,-0.87188442461921356
0.41181445,-0.82924544678048528
0.41186509,-0.79036338036741993
0.41191573,-0.75484666289918456
0.41196636,-0.72174073578002373
0.41201699,-0.69012464939344242
0.41206763,-0.65896931687237259
0.41211826,-0.62702924344185518
0.4121689,-0.59299925446123569
0.41221953,-0.55570715532369819
0.41227017,-0.51423593040822357
0.41232081,-0.46799556641744672
0.41237144,-0.41688446913223431
0.41242207,-0.36122571582136176
0.41247271,-0.30188451143011047
0.41252334,-0.24019389221263107
0.41257398,-0.17784397092276472
0.41262461,-0.11686531220907553
0.41267525,-0.059392973427713103
0.41272589,-0.0076825523593725964
0.41277652,0.036151813850379078
0.41282716,0.070168169121282598
0.41287779,0.092766376303413389
0.41292842,0.1026916833991236
0.41297906,0.099076164748690188
0.41302969,0.081618403492069669
0.41308033,0.050472790013147972
0.41313097,0.006254483692170465
0.4131816,-0.049997630724735065
0.41323224,-0.11679206430515965
0.41328287,-0.19221966295811582
0.4133335,-0.27403490381195872
0.41338414,-0.35968380635539193
0.41343477,-0.44638485230421088
0.41348541,-0.53135721238699773
0.41353604,-0.61189979504368919
0.41358668,-0.68560337758374801
0.41363732,-0.7505194804965678
0.41368795,-0.80530235319371757
0.41373858,-0.84931684226411752
0.41378922,-0.88269231884396537
0.41383985,-0.90632699185271881
0.41389049,-0.92180928810271245
0.41394112,-0.93120549209903003
0.41399176,-0.93684173253142133
0.4140424,-0.94108542849099308
0.41409303,-0.9460880533544479
0.41414366,-0.95355190140265111
0.4141943,-0.9645112277742226
0.41424493,-0.97929703351447506
0.41429557,-0.99753919749604203
0.4143462,-1.0182319552887069
0.41439684,-1.039886202551922
0.41444748,-1.0607344372482197
0.41449811,-1.0789149004331295
0.41454874,-1.0926414259049828
0.41459938,-1.1003335715771405
0.41465001,-1.1006987701944637
0.41470065,-1.0927933587730907
0.41475128,-1.0760256758521662
0.41480192,-1.0501683127434052
0.41485256,-1.0153442552986256
0.41490319,-0.97188817733668342
0.41495382,-0.92047439258180264
0.41500446,-0.86195744002504315
0.41505509,-0.7974582824421812
0.41510573,-0.72822608684247214
0.41515636,-0.65587152194512599
0.415207,-0.58202699030390137
0.41525764,-0.50857744888244294
0.41530827,-0.4375280067035755
0.41535891,-0.37093029904277269
0.41540954,-0.31087957755889828
0.41546017,-0.2594759321312764
0.41551081,-0.21879804456110585
0.41556144,-0.19075698675283848
0.41561208,-0.17701078246650348
0.41566272,-0.17889817164216298
0.41571335,-0.19733111181821605
0.41576399,-0.23268365768013788
0.41581462,-0.28470758506270288
0.41586525,-0.35247767885857517
0.41591589,-0.43436295171942191
0.41596652,-0.52803997448150253
0.41601716,-0.63058551922709638
0.4160678,-0.73855802349486521
0.41611843,-0.84809757336263147
0.41616907,-0.95513274216779587
0.4162197,-1.0559185077708924
0.41627033,-1.1469981349535459
0.41632097,-1.2254551471460311
0.4163716,-1.2890107605363972
0.41642224,-1.3362301773671414
0.41647287,-1.3665207988656969
0.41652351,-1.380127358559782
0.41657415,-1.3779085053381168
0.41662478,-1.3616807783151792
0.41667541,-1.3335819335289449
0.41672605,-1.2959503457982504
0.41677668,-1.2512648203528958
0.41682732,-1.2019908423998249
0.41687795,-1.1503923734863051
0.41692859,-1.0984114789053878
0.41697923,-1.0476401187678888
0.41702986,-0.99930170395066897
0.41708049,-0.9542048616008546
0.41713113,-0.91272266035155036
0.41718176,-0.87484391679234952
0.4172324,-0.84025030828325908
0.41728303,-0.80806747128317413
0.41733367,-0.77735716270846045
0.41738431,-0.74714097912758171
0.41743494,-0.71620620769618915
0.41748557,-0.68325352433346076
0.41753621,-0.64709135663227846
0.41758684,-0.60676687657276274
0.41763748,-0.56165288821411508
0.41768811,-0.5115519070204767
0.41773875,-0.45674863198637472
0.41778939,-0.39802506998512177
0.41784002,-0.33664443455116755
0.41789065,-0.27428172377412163
0.41794129,-0.21290450030345676
0.41799192,-0.15466445535253293
0.41804256,-0.101791736537449
0.41809319,-0.056449464344511757
0.41814383,-0.02058753341118863
0.41819447,0.0041237897134472901
0.4182451,0.016388781263685925
0.41829574,0.015275661264945839
0.41834637,0.00043114528676130304
0.418397,-0.028058876494076235
0.41844764,-0.069645861141021559
0.41849827,-0.12334192920480763
0.41854891,-0.18770217561596736
0.41859955,-0.2608548998757193
0.41865018,-0.34059264895125052
0.41870082,-0.42435147176381061
0.41875145,-0.5094327740138469
0.41880208,-0.59303218475269948
0.41885272,-0.67244211614836269
0.41890335,-0.74520917597085923
0.41895399,-0.80930972413261859
0.41900462,-0.86331492470349369
0.41905526,-0.90649939728760431
0.4191059,-0.93889744614283421
0.41915653,-0.96131233455293863
0.41920716,-0.97525505165915627
0.4192578,-0.98274160494359175
0.41930843,-0.98607634906822295
0.41935907,-0.98763586630291134
0.4194097,-0.98961504397689104
0.41946034,-0.99379391703368281
0.41951098,-1.0012934413362786
0.41956161,-1.0125460995716373
0.41961224,-1.0272752451327654
0.41966288,-1.0445635430050126
0.41971351,-1.0629824486405814
0.41976415,-1.0807967044886333
0.41981478,-1.0961552177690308
0.41986542,-1.1072652162453873
0.41991606,-1.1125178201076982
0.41996669,-1.1105851853173734
0.42001732,-1.1004807343100884
0.42006796,-1.0815684274010888
0.42011859,-1.0535729617394869
0.42016923,-1.0165919243130339
0.42021986,-0.97092435950743328
0.4202705,-0.91720815622607532
0.42032114,-0.85626072299028522
0.42037177,-0.78922908577653028
0.4204224,-0.71731440175863548
0.42047304,-0.64209494902160913
0.42052367,-0.56522186851412559
0.42057431,-0.48852865089357189
0.42062494,-0.41401690932562774
0.42067558,-0.34371705633267746
0.42072622,-0.27974326461208537
0.42077685,-0.22421600461262664
0.42082749,-0.17918999164190222
0.42087812,-0.14662461978030225
0.42092875,-0.12822861747933462
0.42097939,-0.1253960935144931
0.42103002,-0.13911027654982877
0.42108066,-0.16982578282104083
0.4211313,-0.21739057963903835
0.42118193,-0.28097251428459086
0.42123257,-0.35903024685631513
0.4212832,-0.44935418782347103
0.42133383,-0.54902972248781212
0.42138447,-0.6546974666505081
0.4214351,-0.76255935649854256
0.42148574,-0.86850577351598246
0.42153637,-0.96873542519426992
0.42158701,-1.0597345044258293
0.42163765,-1.1384795242057131
0.42168828,-1.2026721024044926
0.42173891,-1.2507089886740026
0.42178955,-1.2819171467022987
0.42184018,-1.2964478348109916
0.42189082,-1.2950574599319939
0.42194145,-1.2795124876520814
0.42199209,-1.2519193282909031
0.42204273,-1.2146042569132462
0.42209336,-1.1700435212108875
0.42214399,-1.1207253844281935
0.42219463,-1.0689531733140227
0.42224526,-1.0167314842440163
0.4222959,-0.96569332243167327
0.42234653,-0.9171075886188087
0.42239717,-0.87183543015023024
0.42244781,-0.83031899786164787
0.42249844,-0.79258848967111484
0.42254907,-0.75836814085832271
0.42259971,-0.72687051835122296
0.42265034,-0.69708275593337221
0.42270098,-0.66808124866493046
0.42275161,-0.63864771043564139
0.42280225,-0.6074925038387532
0.42285289,-0.57337618764821907
0.42290352,-0.53531530835725516
0.42295415,-0.49261111141209374
0.42300479,-0.44503150387407892
0.42305542,-0.39276484476833379
0.42310606,-0.33652824259996672
0.42315669,-0.27754054615391249
0.42320733,-0.21742177586451228
0.42325797,-0.15809737675023272
0.4233086,-0.10169423110916065
0.42335924,-0.050437653230445967
0.42340987,-0.0065011512349396616
0.4234605,0.028129755031403192
0.42351114,0.051756624875664181
0.42356177,0.063029062669462121
0.42361241,0.060962371669147086
0.42366305,0.045139293179786266
0.42371368,0.015581556307267486
0.42376432,-0.027222640895844807
0.42381495,-0.082338920010849359
0.42386558,-0.14838465454422906
0.42391622,-0.22354306763327608
0.42396685,-0.30564490878019046
0.42401749,-0.39217827426156993
0.42406813,-0.48045157075109379
0.42411876,-0.56764723075485723
0.4241694,-0.65101204041595417
0.42422003,-0.7280412045340392
0.42427066,-0.79662685673769129
0.4243213,-0.85523332446040679
0.42437193,-0.90303430217573522
0.42442257,-0.93995770738112761
0.4244732,-0.96671785227970453
0.42452384,-0.98473797186231637
0.42457448,-0.99598749434873934
0.42462511,-1.0027477914637508
0.42467574,-1.0074032283460814
0.42472638,-1.0121914807590375
0.42477701,-1.0189657116418269
0.42482765,-1.0289328574958263
0.42487828,-1.0426133094225809
0.42492892,-1.0598192734447125
0.42497956,-1.0796988968934342
0.42503019,-1.100865134655564
0.42508082,-1.1216051332642427
0.42513146,-1.1400590065268168
0.42518209,-1.1544097381296967
0.42523273,-1.1630138617863821
0.42528336,-1.1644984843618558
0.425334,-1.1578281181764103
0.42538464,-1.142330898554379
0.42543527,-1.11767814261531
0.4254859,-1.0838789674777907
0.42553654,-1.0412353878521445
0.42558717,-0.99034179187849258
0.42563781,-0.93207698435522368
0.42568844,-0.86749166985915949
0.42573908,-0.79777971590367125
0.42578972,-0.7243972625369185
0.42584035,-0.64907174930531386
0.42589098,-0.573598067430936
0.42594162,-0.50001395980579988
0.42599225,-0.43030662493339517
0.42604289,-0.36656251037493959
0.42609352,-0.31088980910678932
0.42614416,-0.26533505689521519
0.4261948,-0.23185912549770329
0.42624543,-0.2122170419135323
0.42629607,-0.20784389356417241
0.4263467,-0.21978258682445584
0.42639733,-0.24857230914677303
0.42644797,-0.29414152012844541
0.4264986,-0.3557417511344278
0.42654924,-0.43192863113373292
0.42659988,-0.52058902575948651
0.42665051,-0.61889261212830171
0.42670115,-0.72346793839845647
0.42675178,-0.83062430909609974
0.42680241,-0.93629048190044473
0.42685305,-1.0366222332816601
0.42690368,-1.1280133332916302
0.42695432,-1.2073661998849528
0.42700495,-1.2723013892765942
0.42705559,-1.3211207464148575
0.42710623,-1.3530355463694548
0.42715686,-1.3680993278998446
0.42720749,-1.367158955926268
0.42725813,-1.3517178758079749
0.42730876,-1.3236628570376441
0.4273594,-1.2854830548165062
0.42741003,-1.2396742301391073
0.42746067,-1.1887434423555032
0.42751131,-1.1350308736799088
0.42756194,-1.0806070449949716
0.42761257,-1.0271539763059501
0.42766321,-0.97595199788649201
0.42771384,-0.92791144475975218
0.42776448,-0.8835441536131512
0.42781511,-0.84290344136557604
0.42786575,-0.80574391576745441
0.42791639,-0.7713374588170101
0.42796702,-0.73865885825869215
0.42801765,-0.70680796685090219
0.42806829,-0.6745979447815853
0.42811892,-0.64074768936964976
0.42816956,-0.60401485331902971
0.42822019,-0.56338621415914292
0.42827083,-0.51814581745235955
0.42832147,-0.46799334026688488
0.4283721,-0.41310298874447976
0.42842273,-0.3541241152840171
0.42847337,-0.2922323281911981
0.428524,-0.22899030222035729
0.42857464,-0.16630916131344142
0.42862527,-0.10630492770490196
0.42867591,-0.051200112855691815
0.42872655,-0.0031801160508720949
0.42877718,0.035730893495201366
0.42882782,0.063788478457956543
0.42887845,0.079598954661468768
0.42892908,0.082111358260693379
0.42897972,0.070853763340667564
0.42903035,0.045777658191106241
0.42908099,0.0073225168318770129
0.42913163,-0.043622641772973869
0.42918226,-0.10572918770138234
0.4292329,-0.17724190586631483
0.42928353,-0.2560313270654116
0.42933416,-0.33963049299562142
0.4293848,-0.42537558579801338
0.42943543,-0.51043764119504553
0.42948607,-0.59206315377073571
0.4295367,-0.6676824999344112
0.42958734,-0.73515410592547581
0.42963798,-0.7928724052899141
0.42968861,-0.8399205628443126
0.42973924,-0.87613318337142498
0.42978988,-0.90213504700232128
0.42984051,-0.91926354301880231
0.42989115,-0.92944012036819368
0.42994178,-0.93492025891175412
0.42999242,-0.93809152147293084
0.43004306,-0.94122647715268315
0.43009369,-0.94623358651262135
0.43014432,-0.95442860250277162
0.43019496,-0.96641531416519288
0.43024559,-0.9820966309872301
0.43029623,-1.0007004379514364
0.43034686,-1.0208972304020072
0.4303975,-1.0410013973791361
0.43044814,-1.0591632036971728
0.43049877,-1.0735510016056331
0.4305494,-1.0824872244387509
0.43060004,-1.0845570059981842
0.43065067,-1.0786770000851922
0.43070131,-1.0641262394065798
0.43075194,-1.0405449717378861
0.43080258,-1.0079391924482048
0.43085322,-0.96656864305332058
0.43090385,-0.9169836222618426
0.43095448,-0.85995904388149003
0.43100512,-0.79657887855915899
0.43105575,-0.7280402318652156
0.43110639,-0.65584070256508431
0.43115702,-0.58158783519522772
0.43120766,-0.50703833596812764
0.4312583,-0.43424327901412374
0.43130893,-0.36517776671101626
0.43135957,-0.30192247087911034
0.4314102,-0.24662795911938473
0.43146083,-0.20136697270390699
0.43151147,-0.16810691845900991
0.4315621,-0.14862617744174025
0.43161274,-0.14438086223872648
0.43166338,-0.15644567505976592
0.43171401,-0.18540197332215408
0.43176465,-0.23122963905883676
0.43181528,-0.29325918749481994
0.43186591,-0.37009302163708002
0.43191655,-0.45970425561308781
0.43196718,-0.55934996740065601
0.43201782,-0.66572581315624046
0.43206846,-0.77517989486171179
0.43211909,-0.88363776054785814
0.43216973,-0.98724748084128833
0.43222036,-1.0823470321843622
0.43227099,-1.1658222789853663
0.43232163,-1.2351723096748912
0.43237226,-1.2886099292461408
0.4324229,-1.3252466786334265
0.43247353,-1.3450268020909388
0.43252417,-1.3485472983965967
0.43257481,-1.3374200663414135
0.43262544,-1.3136481147468357
0.43267607,-1.2795185960884885
0.43272671,-1.2374835118864191
0.43277734,-1.1900415161009599
0.43282798,-1.1395305139100522
0.43287861,-1.0880491478725263
0.43292925,-1.037339945233573
0.43297989,-0.98871082678476552
0.43303052,-0.9431371869782782
0.43308115,-0.90116322929153436
0.43313179,-0.86290448777165796
0.43318242,-0.82814847207100994
0.43323306,-0.79627392541463426
0.43328369,-0.76621704156415815
0.43333433,-0.73709820246972257
0.43338497,-0.70776086173990571
0.4334356,-0.67692283766626982
0.43348623,-0.64331760604392685
0.43353687,-0.60589163901530541
0.4335875,-0.56387569014745187
0.43363814,-0.51689944096827123
0.43368877,-0.46508447816788162
0.43373941,-0.40900336633423273
0.43379005,-0.34976408763504074
0.43384068,-0.28887706076705538
0.43389131,-0.22824367702785517
0.43394195,-0.16991807057996139
0.43399258,-0.11613801168360732
0.43404322,-0.069098422915601587
0.43409385,-0.030835157711479877
0.43414449,-0.0031307169985750338
0.43419513,0.012573662259110718
0.43424576,0.015180090845375693
0.4342964,0.0041622602291452315
0.43434703,-0.020579628355993529
0.43439766,-0.058672818573721419
0.4344483,-0.10929193318821923
0.43449893,-0.17115687675642921
0.43454957,-0.24256191601433996
0.43460021,-0.32139957719111401
0.43465084,-0.40523942268820112
0.43470148,-0.49144474967957874
0.43475211,-0.57716363874247789
0.43480274,-0.65965185873728072
0.43485338,-0.73629220581138966
0.43490401,-0.80486932056712635
0.43495465,-0.86372673280404366
0.43500528,-0.91184952208173287
0.43505592,-0.94898838439742028
0.43510656,-0.97568283728318173
0.43515719,-0.99319762739708706
0.43520782,-1.0034039842689029
0.43525846,-1.0085375565466801
0.43530909,-1.0109905006606064
0.43535973,-1.0130686932238777
0.43541036,-1.0167516062484414
0.435461,-1.0234183299644262
0.43551164,-1.0337611759322842
0.43556227,-1.0477640622242381
0.4356129,-1.0647276510699017
0.43566354,-1.0833791721001984
0.43571417,-1.1020690837670999
0.43576481,-1.118955045315817
0.43581544,-1.132190567613673
0.43586608,-1.1400825998521475
0.43591672,-1.1411910971866177
0.43596735,-1.1343946991569172
0.43601798,-1.1189345512172459
0.43606862,-1.0944047762725786
0.43611925,-1.0607459006301023
0.43616989,-1.018205457736781
0.43622052,-0.96733696886682285
0.43627116,-0.9089164657697083
0.4363218,-0.84394455563629411
0.43637243,-0.77358522046150369
0.43642306,-0.69929422616416881
0.4364737,-0.6227227088059456
0.43652433,-0.54559461245736085
0.43657497,-0.46994370128538632
0.4366256,-0.39773253863659458
0.43667624,-0.33104173890779209
0.43672688,-0.27201260397991545
0.43677751,-0.22272277333743884
0.43682815,-0.18518034153523638
0.43687878,-0.16118160811750756
0.43692941,-0.15224100605987967
0.43698005,-0.15949285776088012
0.43703068,-0.18359099922197875
0.43708132,-0.22460455857792017
0.43713196,-0.28194563654270854
0.43718259,-0.35433704249333431
0.43723323,-0.43977562830298889
0.43728386,-0.53558838365213779
0.43733449,-0.63858325540860028
0.43738513,-0.74513556887459775
0.43743576,-0.85112243142793687
0.4374864,-0.95270574895390125
0.43753703,-1.0462004254704425
0.43758767,-1.1284118600140771
0.43763831,-1.1967154807936713
0.43768894,-1.2493280267757554
0.43773957,-1.2852340140822829
0.43779021,-1.3042929592272512
0.43784084,-1.3071840368988432
0.43789148,-1.2952717648507273
0.43794211,-1.2703293801705398
0.43799275,-1.2348075970009953
0.43804339,-1.1911714764413253
0.43809402,-1.1419589918086732
0.43814465,-1.0895340700818992
0.43819529,-1.0360451293779251
0.43824592,-0.98330371202523881
0.43829656,-0.9326515401666664
0.43834719,-0.88511536140247116
0.43839783,-0.84127597563035605
0.43844847,-0.80128889093042455
0.4384991,-0.76497587381722842
0.43854973,-0.73175417325043646
0.43860037,-0.70055852469986557
0.438651,-0.67051854582363057
0.43870164,-0.64049432492865355
0.43875227,-0.60918649929628033
0.43880291,-0.57533921208977112
0.43885355,-0.53785407368221128
0.43890418,-0.49593168213488859
0.43895481,-0.44915534124886541
0.43900545,-0.39760166976027533
0.43905608,-0.34177963073899198
0.43910672,-0.28278050432047641
0.43915735,-0.22204616207844718
0.43920799,-0.16145020423587658
0.43925863,-0.1030285546032777
0.43930926,-0.049003176100910872
0.4393599,-0.0015845547464213294
0.43941053,0.037172762262342229
0.43946116,0.065456841042793978
0.4395118,0.081786881283181345
0.43956243,0.085084227279840607
0.43961307,0.074656889925005521
0.43966371,0.050401894641377121
0.43971434,0.012656213863294907
0.43976498,-0.037791604581950577
0.43981561,-0.09969263749887558
0.43986624,-0.17140522955986026
0.43991688,-0.25086253448633
0.43996751,-0.33567741416799851
0.44001815,-0.4232468779734378
0.44006878,-0.51072172727160914
0.44011942,-0.59534644561963246
0.44017006,-0.67449169725796365
0.44022069,-0.74587788029127811
0.44027132,-0.80777421809736194
0.44032196,-0.85909309825740621
0.44037259,-0.89949440685786297
0.44042323,-0.92941932806640504
0.44047386,-0.95005390907972531
0.4405245,-0.96320601564688912
0.44057514,-0.97107699684878379
0.44062577,-0.97604689830162361
0.4406764,-0.98043922398225114
0.44072704,-0.98627471433120006
0.44077767,-0.99501566182405388
0.44082831,-1.0074250590696678
0.44087894,-1.0235712295369532
0.44092958,-1.0428238934358323
0.44098022,-1.0639600349046183
0.44103085,-1.0853585229009062
0.44108148,-1.1051919945134705
0.44113212,-1.1215967778466305
0.44118275,-1.1328533484572656
0.44123339,-1.1374841470827053
0.44128402,-1.1343221205473657
0.44133466,-1.1225646011030133
0.4413853,-1.1017670243826601
0.44143593,-1.0718163782440402
0.44148656,-1.0329357288144845
0.4415372,-0.9856140435989319
0.44158783,-0.93063507323282224
0.44163847,-0.868954274793446
0.4416891,-0.80170617554990464
0.44173974,-0.73026555457643161
0.44179038,-0.65633100232697084
0.44184101,-0.58160575069487541
0.44189164,-0.508059566522715
0.44194228,-0.4376957110143348
0.44199291,-0.37256252661711831
0.44204355,-0.31483609926792144
0.44209418,-0.26656988731529185
0.44214482,-0.2297956738409784
0.44219546,-0.20631830670602777
0.44224609,-0.19768418511815458
0.44229673,-0.2050754988913657
0.44234736,-0.2292034077548567
0.44239799,-0.27020192888335021
0.44244863,-0.32754793308979929
0.44249926,-0.40004350223626889
0.4425499,-0.48577011868280573
0.44260054,-0.58211923148665456
0.44265117,-0.68590669457304698
0.44270181,-0.79356788285912361
0.44275244,-0.90109187930792778
0.44280307,-1.0045891212418887
0.44285371,-1.1003237393551424
0.44290434,-1.1850701015412493
0.44295498,-1.2561181897965319
0.44300561,-1.3115619554358822
0.44305625,-1.3502918765418537
0.44310689,-1.3720814411774724
0.44315752,-1.377505975065715
0.44320815,-1.3678601436664488
0.44325879,-1.344842757243049
0.44330942,-1.3108743468378559
0.44336006,-1.2683864003544612
0.44341069,-1.2199188162172943
0.44346133,-1.167850614629323
0.44351197,-1.1143545048434047
0.4435626,-1.0612837864229241
0.44361323,-1.0100327201729526
0.44366387,-0.96167610717899921
0.4437145,-0.91684224735593078
0.44376514,-0.87573573726592491
0.44381577,-0.83821077757605433
0.44386641,-0.80376502448481246
0.44391705,-0.77134270874333555
0.44396768,-0.74007295233318171
0.44401831,-0.70884438711356446
0.44406895,-0.67638909265088565
0.44411958,-0.64143289124621561
0.44417022,-0.60286156683354786
0.44422085,-0.55984211191043387
0.44427149,-0.51192301063804158
0.44432213,-0.45911368808226116
0.44437276,-0.4018964535228946
0.44442339,-0.34128596246150744
0.44447403,-0.27870698709913055
0.44452466,-0.21598401155290103
0.4445753,-0.15516651745912907
0.44462593,-0.098437198157661332
0.44467657,-0.048038635381597694
0.44472721,-0.0060249146159145894
0.44477784,0.025745716970100641
0.44482848,0.045753983571586498
0.44487911,0.052812206737514245
0.44492974,0.046291044576180496
0.44498038,0.025979180113168576
0.44503101,-0.0078471643349405373
0.44508165,-0.054467356498779596
0.44513229,-0.11269233455463618
0.44518292,-0.18091685396105112
0.44523356,-0.25709987071811491
0.44528419,-0.33891619543684204
0.44533482,-0.4237654025186004
0.44538546,-0.50882685994776788
0.44543609,-0.59134774892514175
0.44548673,-0.66867416440477523
0.44553736,-0.73847749848021971
0.445588,-0.79896518786930337
0.44563864,-0.84896964335241787
0.44568927,-0.88806377644932788
0.4457399,-0.91659940276894691
0.44579054,-0.93568079553386452
0.44584117,-0.94705906193287981
0.44589181,-0.95289942991532695
0.44594244,-0.95557468506957
0.44599308,-0.95742990093982572
0.44604372,-0.96053074611579636
0.44609435,-0.96642274881289503
0.44614498,-0.97595450184123966
0.44619562,-0.98927706227187084
0.44624625,-1.0058392916330288
0.44629689,-1.02448679230113
0.44634752,-1.0436389216224455
0.44639816,-1.0614891244021956
0.4464488,-1.0761809629590608
0.44649943,-1.08597295946283
0.44655006,-1.0893558163656141
0.4466007,-1.0851315604366829
0.44665133,-1.0724521188544287
0.44670197,-1.0508412953860602
0.4467526,-1.0202080234452255
0.44680324,-0.9807008724076608
0.44685388,-0.93276093963133322
0.44690451,-0.87711450658507195
0.44695514,-0.81473813610881152
0.44700578,-0.74679953905582708
0.44705641,-0.67462238808932795
0.44710705,-0.59986165928874924
0.44715768,-0.52421727372661953
0.44720832,-0.44960064737711569
0.44725896,-0.37802273852570639
0.44730959,-0.3115665034246673
0.44736023,-0.25236908095565735
0.44741086,-0.2025114591231601
0.44746149,-0.16404592901527346
0.44751213,-0.13881415095633787
0.44756276,-0.12839370896039992
0.4476134,-0.13400935587524604
0.44766404,-0.15642521231529294
0.44771467,-0.1958261077471849
0.44776531,-0.2517792506486205
0.44781594,-0.32314980633517232
0.44786657,-0.40808535535761065
0.44791721,-0.50409125795525433
0.44796784,-0.60804518144000941
0.44801848,-0.71634688301763538
0.44806911,-0.82497844658352282
0.44811975,-0.93009429082820438
0.44817039,-1.0279528501615076
0.44822102,-1.1152010219698094
0.44827165,-1.1890877169194654
0.44832229,-1.2475912844807648
0.44837292,-1.289538732247463
0.44842356,-1.3145961372657169
0.44847419,-1.3230938423492193
0.44852483,-1.3164347073766436
0.44857547,-1.2964491469028434
0.4486261,-1.2653513173615434
0.44867673,-1.2255264030945296
0.44872737,-1.179492500722493
0.448778,-1.1296546750589673
0.44882864,-1.0781838443015155
0.44887927,-1.0269724996628571
0.44892991,-0.97747387294349841
0.44898055,-0.93079425632137558
0.44903118,-0.8876306026388987
0.44908181,-0.8482283959021526
0.44913245,-0.81248744538823536
0.44918308,-0.77996289089561044
0.44923372,-0.74964589281700156
0.44928435,-0.72065745595469044
0.44933499,-0.69191361235101712
0.44938563,-0.66215373638506836
0.44943626,-0.6300942638321797
0.44948689,-0.59458617198582286
0.44953753,-0.55474952420962054
0.44958816,-0.51006027170842438
0.4496388,-0.46047602961768808
0.44968943,-0.40639630053245879
0.44974007,-0.34876692656087549
0.44979071,-0.28897176964223392
0.44984134,-0.22875858588155859
0.44989197,-0.17019484721032613
0.44994261,-0.11542278570501241
0.44999324,-0.066699031033524814
0.45004388,-0.026099306581528758
0.45009451,0.0044833323367099998
0.45014515,0.023495198627253633
0.45019579,0.02975723203355024
0.45024642,0.022467644566543821
0.45029706,0.0014131356095353209
0.45034769,-0.033179338199819275
0.45039832,-0.080625767709375185
0.45044896,-0.13980825261871932
0.45049959,-0.209159015236352
0.45055023,-0.2866885427869269
0.45060087,-0.37008662780532908
0.4506515,-0.45676973505449858
0.45070214,-0.54394760130624187
0.45075277,-0.6288111828121179
0.4508034,-0.70868497132996078
0.45085404,-0.78120960811692219
0.45090467,-0.8445149039753912
0.45095531,-0.89735967257987914
0.45100594,-0.93921781719558983
0.45105658,-0.97034389796798304
0.45110722,-0.99175867086244762
0.45115785,-1.0051486663783011
0.45120848,-1.0126417275850921
0.45125912,-1.0165992770785719
0.45130975,-1.0193844474609544
0.45136039,-1.0231193298455463
0.45141102,-1.0294116568438207
0.45146166,-1.0391926882977569
0.4515123,-1.0526970501962494
0.45156293,-1.0694485384857373
0.45161356,-1.0883540265400433
0.4516642,-1.1078731300641516
0.45171483,-1.1262122385510447
0.45176547,-1.1415087673830193
0.4518161,-1.1520012887196116
0.45186674,-1.1561537927863381
0.45191738,-1.1527354281348852
0.45196801,-1.1408624482620819
0.45201864,-1.1200105258460122
0.45206928,-1.0900023195716828
0.45211991,-1.0509731252417402
0.45217055,-1.0033482689041306
0.45222118,-0.94789473315015582
0.45227182,-0.88551637121164883
0.45232246,-0.817344905667169
0.45237309,-0.74463846801834821
0.45242372,-0.66905639767762137
0.45247436,-0.59229325656781595
0.45252499,-0.51629109597141221
0.45257563,-0.44302670472329653
0.45262626,-0.37456595754448624
0.4526769,-0.31301806059385889
0.45272754,-0.26045717979773919
0.45277817,-0.21895974419943171
0.45282881,-0.19039771968392147
0.45287944,-0.17639131444582001
0.45293007,-0.17822046272887671
0.45298071,-0.19672107158013757
0.45303134,-0.232159540443648
0.45308198,-0.28419262468767081
0.45313262,-0.35178899905217514
0.45318325,-0.43317404390149938
0.45323389,-0.52593155287120175
0.45328452,-0.62704005995950018
0.45333515,-0.73293758365569084
0.45338579,-0.83960602943515283
0.45343642,-0.94317011786631455
0.45348706,-1.0398782853651367
0.45353769,-1.1262978161420936
0.45358833,-1.1996253699448458
0.45363897,-1.2577583057673043
0.4536896,-1.2993965186136172
0.45374023,-1.3241002232296628
0.45379087,-1.3322751701742566
0.4538415,-1.3250818905097872
0.45389214,-1.3040903123478227
0.45394277,-1.2716733904593314
0.45399341,-1.2302222584268712
0.45404405,-1.182258296260136
0.45409468,-1.1302366459039881
0.45414531,-1.0763710111644458
0.45419595,-1.0225889055159436
0.45424658,-0.97041317800770655
0.45429722,-0.92098787004022153
0.45434785,-0.87506227119126478
0.45439849,-0.83292385467545182
0.45444913,-0.79450392635512002
0.45449976,-0.75940679389974597
0.45455039,-0.72667246615183156
0.45460103,-0.69538735242791916
0.45465166,-0.6645185625605583
0.4547023,-0.63281766033752218
0.45475293,-0.59900305338689575
0.45480357,-0.56190971938853496
0.45485421,-0.52063265526824209
0.45490484,-0.47460035955730762
0.45495547,-0.42373304575031878
0.45500611,-0.36838148419240124
0.45505674,-0.30941515246191642
0.45510738,-0.24818622539756643
0.45515801,-0.18640432962116243
0.45520865,-0.12611271376552247
0.45525929,-0.069438055689406419
0.45530992,-0.018629653287264902
0.45536056,0.024212349157189839
0.45541119,0.05716171687903232
0.45546182,0.078637528338329987
0.45551246,0.087406890644335267
0.45556309,0.082622382113986481
0.45561373,0.064009507593943249
0.45566437,0.031746034012210322
0.455715,-0.013528463234992627
0.45576564,-0.070746518822680682
0.45581627,-0.13839963886001366
0.4558669,-0.21454889194796711
0.45591754,-0.29693664550368148
0.45596817,-0.38299951095071794
0.45601881,-0.46993882994992364
0.45606944,-0.55497650063498993
0.45612008,-0.63542338817834521
0.45617072,-0.70887623192024773
0.45622135,-0.77341192591586738
0.45627198,-0.82771282083538966
0.45632262,-0.87117273334978174
0.45637325,-0.90395073962849604
0.45642389,-0.92697990557687815
0.45647452,-0.94187402892373473
0.45652516,-0.9507158130568758
0.4565758,-0.95584235221518976
0.45662643,-0.95962050999548598
0.45667706,-0.96419270480294361
0.4567277,-0.97124247247571915
0.45677833,-0.98177853275990612
0.45682897,-0.9961094603287981
0.4568796,-1.0138392239156055
0.45693024,-1.0339404674720334
0.45698088,-1.0549111890795482
0.45703151,-1.0749773694259235
0.45708214,-1.0922772858119583
0.45713278,-1.1050320481152274
0.45718341,-1.1116726514067896
0.45723405,-1.1109218063502406
0.45728468,-1.1018539394071398
0.45733532,-1.083895165810091
0.45738596,-1.0568341632633
0.45743659,-1.0208219850893943
0.45748722,-0.97620312563272349
0.45753786,-0.92366915474488143
0.45758849,-0.86408908155945319
0.45763913,-0.79860723553146773
0.45768976,-0.72847272721416245
0.4577404,-0.65533018637142537
0.45779104,-0.58080104276837974
0.45784167,-0.50680599846546825
0.4578923,-0.43532265695512595
0.45794294,-0.36840929394704947
0.45799357,-0.30817021276870299
0.45804421,-0.25670005082303848
0.45809484,-0.21607663969332941
0.45814548,-0.18819608544724531
0.45819612,-0.17470771864936416
0.45824675,-0.17692970268085351
0.45829739,-0.19575194328772566
0.45834802,-0.23152101684028614
0.45839865,-0.28395849911568227
0.45844929,-0.35211032950664328
0.45849992,-0.43430982046828442
0.45855056,-0.52821381045404958
0.4586012,-0.63085976274047995
0.45865183,-0.73879237265433328
0.45870247,-0.84806463134558374
0.4587531,-0.95470272422536284
0.45880373,-1.0549370954348263
0.45885437,-1.145288786468893
0.458905,-1.2228805134309884
0.45895564,-1.2854801355771279
0.45900627,-1.3316682263154309
0.45905691,-1.3609007038295999
0.45910755,-1.373452901766044
0.45915818,-1.370227901427358
0.45920881,-1.3530575793111805
0.45925945,-1.3240987314077952
0.45931008,-1.2856967076820391
0.45936072,-1.2403405585478531
0.45941135,-1.1904894098072274
0.45946199,-1.1383989148775799
0.45951263,-1.0860010104939002
0.45956326,-1.0348751491313846
0.45961389,-0.98622743824592141
0.45966453,-0.94085894574829321
0.45971516,-0.899126248804478
0.4597658,-0.8610056738208185
0.45981643,-0.82616834753507384
0.45986707,-0.79373289634227118
0.45991771,-0.76275177619053625
0.45996834,-0.73224354022547422
0.46001897,-0.70099751593509096
0.46006961,-0.66771806164821568
0.46012024,-0.63122212576135162
0.46017088,-0.59057262516009079
0.46022151,-0.5451643911376145
0.46027215,-0.4948271654054413
0.46032279,-0.43985529807883028
0.46037342,-0.38106287060832778
0.46042405,-0.31972840195308483
0.46047469,-0.25753280389406386
0.46052532,-0.19646511920798926
0.46057596,-0.13867446112305953
0.46062659,-0.086387154744926642
0.46067723,-0.041748477463472489
0.46072787,-0.0067013559027067071
0.4607785,0.017111783360510613
0.46082914,0.028413107733615051
0.46087977,0.026295343868023291
0.4609304,0.010429001942243554
0.46098104,-0.019069972528805768
0.46103167,-0.061633832673987365
0.46108231,-0.11625146092384064
0.46113295,-0.18145860059289182
0.46118358,-0.25535763812505008
0.46123422,-0.33573281964655183
0.46128485,-0.42001434562258766
0.46133548,-0.50547608298395486
0.46138612,-0.58932326541282865
0.46143675,-0.6688462921299444
0.46148739,-0.74160871578872389
0.46153802,-0.80560951564135019
0.46158866,-0.85944246608022523
0.4616393,-0.90241892104628807
0.46168993,-0.93460677541048542
0.46174056,-0.95684264360847804
0.4617912,-0.97066618013741257
0.46184183,-0.97811255365483274
0.46189247,-0.98149537127207021
0.4619431,-0.98318915927790773
0.46199374,-0.98537622166613226
0.46204438,-0.98981048969653118
0.46209501,-0.99758313691112743
0.46214564,-1.0090953868106451
0.46219628,-1.0240397862626949
0.46224691,-1.041472981385994
0.46229755,-1.059949554039668
0.46234818,-1.0777277329938064
0.46239882,-1.0929553482426981
0.46244946,-1.1038501438753907
0.46250009,-1.1088184202885782
0.46255072,-1.1065510657787758
0.46260136,-1.0960816701274294
0.46265199,-1.0767975293157122
0.46270263,-1.048445635802596
0.46275326,-1.0111287669283535
0.4628039,-0.96516943038368219
0.46285454,-0.91123076678021864
0.46290517,-0.8501366447231109
0.4629558,-0.78303876358002689
0.46300644,-0.7111488074688781
0.46305707,-0.6360797577458106
0.46310771,-0.55946382834079267
0.46315834,-0.48314997569103146
0.46320898,-0.40916195572420355
0.46325962,-0.33953108028986878
0.46331025,-0.27636659659157403
0.46336089,-0.221784578355601
0.46341152,-0.17783813330773099
0.46346215,-0.14646840939008168
0.46351279,-0.12936820535096694
0.46356342,-0.12790846426044922
0.46361406,-0.14304776293609606
0.4636647,-0.17521264076205967
0.46371533,-0.22422054281787687
0.46376597,-0.28920857955693291
0.4638166,-0.36860492249569216
0.46386723,-0.46016114328525098
0.46391787,-0.56093691786595357
0.4639685,-0.66756192603389808
0.46401914,-0.77619208932397854
0.46406977,-0.8827506617250831
0.46412041,-0.9833821097021439
0.46417105,-1.0746142318445564
0.46422168,-1.1534438828133533
0.46427231,-1.2175783484988991
0.46432295,-1.2654755018041608
0.46437358,-1.2964764616750677
0.46442422,-1.3107761164150173
0.46447485,-1.3091651974265277
0.46452549,-1.2934293295315427
0.46457613,-1.2656954912240663
0.46462676,-1.2282987456878751
0.46467739,-1.1837204964808827
0.46472803,-1.1344442949385245
0.46477866,-1.0827647741667326
0.4648293,-1.0306671524226894
0.46487993,-0.97977083549326283
0.46493057,-0.93132359767677564
0.46498121,-0.88616732466521142
0.46503184,-0.844727345823024
0.46508247,-0.80701324870608881
0.46513311,-0.7727412851138431
0.46518374,-0.74110322392576511
0.46523438,-0.71110656903515435
0.46528501,-0.6818162863075472
0.46533565,-0.65201784637879845
0.46538629,-0.62043157075829813
0.46543692,-0.58583242762728704
0.46548755,-0.54725316710952887
0.46553819,-0.50402020744979348
0.46558882,-0.45592364102137029
0.46563946,-0.40318473788456477
0.46569009,-0.3465383538656106
0.46574073,-0.28723553303821608
0.46579137,-0.2269046896423082
0.465842,-0.16747250177811895
0.46589263,-0.11107897095591673
0.46594327,-0.059945906670254012
0.4659939,-0.016238747468878711
0.46604454,0.018074102750228249
0.46609517,0.041302726827208758
0.46614581,0.052124130785229539
0.46619645,0.049574932639822933
0.46624708,0.033264682058973372
0.46629772,0.0032427470383635804
0.46634835,-0.039975556802701429
0.46639898,-0.09543317895150627
0.46644962,-0.16172138067045155
0.46650025,-0.23700239918038618
0.46655089,-0.31908489302832205
0.46660153,-0.40543301303569912
0.46665216,-0.49335572980233766
0.4667028,-0.58003011279643069
0.46675343,-0.66270453197404722
0.46680406,-0.73889001398851284
0.4668547,-0.80650620060121081
0.46690533,-0.86404846471903651
0.46695597,-0.91072373505390192
0.4670066,-0.94649831632207881
0.46705724,-0.97211763331037937
0.46710788,-0.9890378272593785
0.46715851,-0.99924995363664593
0.46720914,-1.0050472526057683
0.46725978,-1.0088166797472611
0.46731041,-1.0127855277670139
0.46736105,-1.0187866605856832
0.46741168,-1.0279999748051527
0.46746232,-1.0409172220744467
0.46751296,-1.0573212513462851
0.46756359,-1.0763361574439072
0.46761422,-1.0965582758666126
0.46766486,-1.1162680884498399
0.46771549,-1.1336073756396976
0.46776613,-1.1467695752165303
0.46781676,-1.1541237334738152
0.4678674,-1.1543198035465845
0.46791804,-1.1463394462742014
0.46796867,-1.1295324461633431
0.4680193,-1.1035938946639776
0.46806994,-1.0685403037115939
0.46812057,-1.0247104129504634
0.46817121,-0.97272864966848394
0.46822184,-0.9134703271016853
0.46827248,-0.84797944551584425
0.46832312,-0.77745564290370739
0.46837375,-0.70342404538433545
0.46842438,-0.62758679588890876
0.46847502,-0.55175923602319998
0.46852565,-0.47798094079257303
0.46857629,-0.4082276030998227
0.46862692,-0.34460835083740077
0.46867756,-0.28922908369564232
0.4687282,-0.24413834707836818
0.46877883,-0.21128303176922059
0.46882947,-0.19239967168863867
0.4688801,-0.18889882358689114
0.46893073,-0.20179604522828731
0.46898137,-0.23159240756797173
0.469032,-0.27818453352241246
0.46908264,-0.34078974539259144
0.46913328,-0.4179217550527089
0.46918391,-0.50744981521985832
0.46923455,-0.60650366181292459
0.46928518,-0.7117446067866362
0.46933581,-0.81935309740598294
0.46938645,-0.92532737963900402
0.46943708,-1.0258108669113781
0.46948772,-1.117235568414388
0.46953835,-1.1965006252024502
0.46958899,-1.2612635599501067
0.46963963,-1.3098450425341239
0.46969026,-1.341508150655093
0.46974089,-1.3563387613859836
0.46979153,-1.3552103908443316
0.46984216,-1.3396561612292119
0.4698928,-1.3115811305311647
0.46994343,-1.2734758279323315
0.46999407,-1.2278349176811836
0.47004471,-1.1771721596637472
0.47009534,-1.1238119343643005
0.47014597,-1.0698025211042692
0.47019661,-1.0168080931045975
0.47024724,-0.96609458573543472
0.47029788,-0.91855392160719485
0.47034851,-0.87468316276524916
0.47039915,-0.83452344406082868
0.47044979,-0.79782039815619343
0.47050042,-0.76383624182584264
0.47055105,-0.73154583914614024
0.47060169,-0.70004665671772459
0.47065232,-0.66814699116444087
0.47070296,-0.63457777060447196
0.47075359,-0.59810289017912632
0.47080423,-0.55772466266284493
0.47085487,-0.51274038369459196
0.4709055,-0.46287928098726755
0.47095613,-0.40833047836620573
0.47100677,-0.34976307005976248
0.4710574,-0.28839568586746822
0.47110804,-0.22579179291688983
0.47115867,-0.16387681254475561
0.47120931,-0.10477856385801632
0.47125995,-0.050702910963177694
0.47131058,-0.0038319823860337721
0.47136122,0.033833051877585341
0.47141185,0.060567047597025359
0.47146248,0.075002216155337642
0.47151312,0.076119684088520601
0.47156375,0.063475383168821176
0.47161439,0.037054074061541264
0.47166503,-0.0026807156005128063
0.47171566,-0.054814574617471967
0.4717663,-0.11799813572199253
0.47181693,-0.19044319922478309
0.47186756,-0.27001280030509767
0.4719182,-0.3542284457808329
0.47196883,-0.44040522114420183
0.47201947,-0.52572693435359774
0.4720701,-0.60744916873990262
0.47212074,-0.68302259741008475
0.47217138,-0.75031615644115002
0.47222201,-0.80776668219308811
0.47227264,-0.85449198351244315
0.47232328,-0.89036542640750305
0.47237391,-0.91604812410448522
0.47242455,-0.93290991531871481
0.47247518,-0.94288712344522863
0.47252582,-0.94824664632253053
0.47257646,-0.95137395588328177
0.47262709,-0.95452780798951942
0.47267772,-0.95959543496694488
0.47272836,-0.96785279197951612
0.47277899,-0.97987109207183087
0.47282963,-0.99552133485425331
0.47288026,-1.0140006157905432
0.4729309,-1.0339602871730498
0.47298154,-1.0537058054984978
0.47303217,-1.0713892930413196
0.4730828,-1.0851856708620693
0.47313344,-1.0934375561383305
0.47318407,-1.0947484066938598
0.47323471,-1.0880559876364833
0.47328534,-1.0726580401130457
0.47333598,-1.0482174443882979
0.47338662,-1.014762824075268
0.47343725,-0.97255456865358969
0.47348788,-0.92218043938308147
0.47353852,-0.86444282578922094
0.47358915,-0.80039678736267439
0.47363979,-0.73127152299316056
0.47369042,-0.65857943279575881
0.47374106,-0.58394536910765271
0.4737917,-0.50914498288684562
0.47384233,-0.43621789335077188
0.47389296,-0.36714598913942081
0.4739436,-0.30401188511960481
0.47399423,-0.24895340381632422
0.47404487,-0.20403003252465601
0.4740955,-0.17120893623861311
0.47414614,-0.15226054151882276
0.47419678,-0.14862978291884099
0.47424741,-0.16137415093921759
0.47429805,-0.19105404570455342
0.47434868,-0.23762247311185314
0.47439931,-0.3003751909456836
0.47444995,-0.37789776348366622
0.47450058,-0.46810179887531639
0.47455122,-0.56821458002034864
0.47460186,-0.67491125830527698
0.47465249,-0.78449458518596216
0.47470313,-0.89291532926443717
0.47475376,-0.99631050109071484
0.47480439,-1.0910368517910394
0.47485503,-1.1739783747008963
0.47490566,-1.242705179555524
0.4749563,-1.295432903556144
0.47500693,-1.3313143121498436
0.47505757,-1.3503244288855567
0.47510821,-1.3530831309565481
0.47515884,-1.3412289308971377
0.47520947,-1.3167849494981598
0.47526011,-1.2820444156554704
0.47531074,-1.2394593721908662
0.47536138,-1.1915296433293996
0.47541201,-1.140588239390256
0.47546265,-1.0887244669173217
0.47551329,-1.0376602194604196
0.47556392,-0.98869280067429177
0.47561455,-0.94278156707380778
0.47566519,-0.90046617331522616
0.47571582,-0.8618387297208725
0.47576646,-0.82668269255216043
0.47581709,-0.79434547169223246
0.47586773,-0.76378810750706694
0.47591837,-0.73411976968989878
0.475969,-0.70418006748648554
0.47601963,-0.67269555437324868
0.47607027,-0.63840653471530329
0.4761209,-0.60028170145561266
0.47617154,-0.55756330457225356
0.47622217,-0.5099096536124933
0.47627281,-0.45745439832668555
0.47632345,-0.40080716046627907
0.47637408,-0.34108683900147618
0.47642471,-0.2798252820946775
0.47647535,-0.21892992615508439
0.47652598,-0.16047290769512029
0.47657662,-0.10669156441114747
0.47662725,-0.059779995376165462
0.47667789,-0.021770866045627002
0.47672853,0.0055729076931347876
0.47677916,0.020824522733011386
0.4768298,0.022906885754634343
0.47688043,0.011315166310854219
0.47693106,-0.01402505844493418
0.4769817,-0.052717239599807453
0.47703233,-0.10390829993780776
0.47708297,-0.16629405771723488
0.47713361,-0.23814631236633194
0.47718424,-0.31733966058077429
0.47723488,-0.40141933201026186
0.47728551,-0.48773950283179518
0.47733614,-0.57345316563481818
0.47738678,-0.65581412912292825
0.47743741,-0.73221194261925371
0.47748805,-0.80045602915364689
0.47753868,-0.8589151900276657
0.47758932,-0.90660153778530406
0.47763996,-0.94329789833944333
0.47769059,-0.96957652302124475
0.47774122,-0.98672843070077609
0.47779186,-0.99664606436326753
0.47784249,-1.0015744212078515
0.47789313,-1.0039067633996157
0.47794376,-1.0059394591362372
0.4779944,-1.0096298759993436
0.47804504,-1.0163304138100204
0.47809567,-1.0267031839588809
0.4781463,-1.0407014045418488
0.47819694,-1.0575993295537782
0.47824757,-1.076105295423065
0.47829821,-1.0945573855952084
0.47834884,-1.1111106377543021
0.47839948,-1.1239294870701233
0.47845012,-1.1313307662698031
0.47850075,-1.1318887083111646
0.47855138,-1.1245028557274741
0.47860202,-1.1084345359009826
0.47865265,-1.0832981569971305
0.47870329,-1.0490533713047063
0.47875392,-1.0059779118111063
0.47880456,-0.9546260474617192
0.4788552,-0.89579819118119142
0.47890583,-0.83050329471086448
0.47895646,-0.75993408222521963
0.4790071,-0.6855629891239382
0.47905773,-0.6090394381877664
0.47910837,-0.53210883358251493
0.479159,-0.45681246645674789
0.47920964,-0.38511905987931938
0.47926028,-0.31910225716879959
0.47931091,-0.26090772942386126
0.47936155,-0.21261463115045143
0.47941218,-0.17621136288164949
0.47946281,-0.15348594445236052
0.47951345,-0.14592586538336788
0.47956408,-0.15463967061047523
0.47961472,-0.18024818809717968
0.47966536,-0.22278027980500342
0.47971599,-0.28161413948382769
0.47976663,-0.35541169758463648
0.47981726,-0.44215230694939794
0.47986789,-0.53917257518009909
0.47991853,-0.64320078323898422
0.47996916,-0.750591638059252
0.4800198,-0.85726486068091745
0.48007043,-0.95934429131891696
0.48012107,-1.0531659054443652
0.48017171,-1.1355793426323413
0.48022234,-1.2039580081050074
0.48027297,-1.2565475904304226
0.48032361,-1.2923779490900724
0.48037424,-1.3113345356403263
0.48042488,-1.3141286809497852
0.48047551,-1.3019899493745073
0.48052615,-1.2770595393699204
0.48057679,-1.2416369514757402
0.48062742,-1.19817210095409
0.48067805,-1.1491964634701857
0.48072869,-1.097064769877915
0.48077932,-1.0439085988995493
0.48082996,-0.99151441102868199
0.48088059,-0.9412090116127958
0.48093123,-0.89400566718067842
0.48098187,-0.85046438975650374
0.4810325,-0.81073192477032641
0.48108313,-0.77461836032774034
0.48113377,-0.74152883726882424
0.4811844,-0.71039560482287045
0.48123504,-0.68034714156061471
0.48128567,-0.65024318359823097
0.48133631,-0.61879518871919359
0.48138695,-0.58474084270650195
0.48143758,-0.54700457640382472
0.48148821,-0.50480127251277951
0.48153885,-0.45774019491229639
0.48158948,-0.40591604304699813
0.48164012,-0.34986783370695651
0.48169075,-0.29070507279208407
0.48174139,-0.22990044456843431
0.48179203,-0.16933684664153431
0.48184266,-0.11105426137093166
0.48189329,-0.057284891555875905
0.48194393,-0.010222262088602718
0.48199456,0.028088621305886463
0.4820452,0.055853479122587757
0.48209583,0.071607706911533286
0.48214647,0.074291415678742589
0.48219711,0.063227917637678877
0.48224774,0.038344708946020101
0.48229838,-6.9713703169660413e-06
0.48234901,-0.05101713000823288
0.48239964,-0.11342129096950387
0.48245028,-0.18553538477539167
0.48250091,-0.26527327835178433
0.48255155,-0.35022576143701045
0.48260219,-0.43777680166854027
0.48265282,-0.52507599078724521
0.48270346,-0.60936238300567469
0.48275409,-0.68801305800386614
0.48280472,-0.75877041483053453
0.48285536,-0.81993684639374187
0.48290599,-0.87045461477582775
0.48295663,-0.91001971829635131
0.48300726,-0.93911860969576333
0.4830579,-0.95896521974872129
0.48310854,-0.97139555098254715
0.48315917,-0.97862373086402943
0.4832098,-0.98303527717091932
0.48326044,-0.98694680244974753
0.48331107,-0.99236227987761261
0.48336171,-1.0007110706645905
0.48341234,-1.0127259543117493
0.48346298,-1.0284430790840275
0.48351362,-1.0472021096326072
0.48356425,-1.0677604844565218
0.48361488,-1.0884842791779468
0.48366552,-1.1075388460731348
0.48371615,-1.1230664771679413
0.48376679,-1.1333569699733215
0.48381742,-1.1369493131463249
0.48386806,-1.1326948124701532
0.4839187,-1.1198118737344478
0.48396933,-1.0978777652229126
0.48401996,-1.0668024554442703
0.4840706,-1.0268188030568344
0.48412123,-0.97846855921644327
0.48417187,-0.92251906794908634
0.4842225,-0.85995522877374775
0.48427314,-0.79192089536884036
0.48432378,-0.71982225145592738
0.48437441,-0.64535146448171621
0.48442504,-0.57021461011192631
0.48447568,-0.49640621204085494
0.48452631,-0.42590826519323999
0.48457695,-0.36078173257695378
0.48462758,-0.30319633721124362
0.48467822,-0.25520814710846879
0.48472886,-0.2188389336773324
0.48477949,-0.19588210180501195
0.48483013,-0.1878761207568275
0.48488076,-0.19598314933862479
0.48493139,-0.22088538095452379
0.48498203,-0.26269445510979605
0.48503266,-0.32085307616199099
0.4850833,-0.39412613360267046
0.48513394,-0.48056598664737527
0.48518457,-0.57752819477667472
0.48523521,-0.68179457254186615
0.48528584,-0.78976521574432734
0.48533647,-0.89741864043767017
0.48538711,-1.0008582248406799
0.48543774,-1.0963761837606578
0.48548838,-1.1807250581071764
0.48553901,-1.2512311761692918
0.48558965,-1.3060353631893262
0.48564029,-1.344065259501587
0.48569092,-1.3651305488779721
0.48574155,-1.3698478508455465
0.48579219,-1.3595482784118624
0.48584282,-1.3359617805622817
0.48589346,-1.3015271864635198
0.48594409,-1.2586863936553121
0.48599473,-1.2099787269880227
0.48604537,-1.1577782862188377
0.486096,-1.104248661981432
0.48614663,-1.0512218236027937
0.48619727,-1.0000705862667163
0.4862479,-0.95184733571831126
0.48629854,-0.90716032431471549
0.48634917,-0.86619638319122549
0.48639981,-0.82879322592822935
0.48645045,-0.79443051861230618
0.48650108,-0.76204917771153002
0.48655171,-0.73078478838737315
0.48660235,-0.69953002904222295
0.48665298,-0.6670020272587841
0.48670362,-0.63193924350715636
0.48675425,-0.59324092883236001
0.48680489,-0.55009555579568226
0.48685553,-0.50206454148917712
0.48690616,-0.44919675715683383
0.48695679,-0.39198472865062439
0.48700743,-0.33147053229678003
0.48705806,-0.26909783645599783
0.4871087,-0.20671647319790332
0.48715933,-0.14636600092899898
0.48720997,-0.090254448583209967
0.48726061,-0.040608376804206481
0.48731124,0.00051669195604253648
0.48736187,0.031292912480255508
0.48741251,0.050218077141053197
0.48746314,0.056130993243192817
0.48751378,0.048429340371262064
0.48756441,0.026933005749922467
0.48761505,-0.0080618532140299126
0.48766569,-0.055800296665323268
0.48771632,-0.11506448602863356
0.48776696,-0.18422715238390869
0.48781759,-0.26123298032672038
0.48786822,-0.34373523604963863
0.48791886,-0.42913150137971945
0.48796949,-0.51458762426796956
0.48802013,-0.59736191426404273
0.48807076,-0.67479892257713159
0.4881214,-0.74460983287118243
0.48817204,-0.80500935279424968
0.48822267,-0.85487223509615007
0.4882733,-0.89380349435211481
0.48832394,-0.92219279482051109
0.48837457,-0.94117951558358581
0.48842521,-0.95254218657543244
0.48847584,-0.95845999119312519
0.48852648,-0.96130985966678106
0.48857712,-0.96342868572168783
0.48862775,-0.96686248517640194
0.48867838,-0.97312148304573931
0.48872902,-0.98301867605047633
0.48877965,-0.99667023290476264
0.48883029,-1.0134933742404217
0.48888092,-1.0323080105157918
0.48893156,-1.0515195879709771
0.4889822,-1.0693165385712502
0.48903283,-1.0838434744683352
0.48908346,-1.0933748167869271
0.4891341,-1.0964157856925321
0.48918473,-1.0917871084815123
0.48923537,-1.0786616247147067
0.489286,-1.0565864219132588
0.48933664,-1.0254647994609225
0.48938728,-0.98547694828970434
0.48943791,-0.93710025751415316
0.48948854,-0.88106756524749563
0.48953918,-0.81833729454227477
0.48958981,-0.7501090265345709
0.48964045,-0.67772558347606338
0.48969108,-0.60284519460681618
0.48974172,-0.52717413441231764
0.48979236,-0.4526374602254436
0.48984299,-0.38126286330721854
0.48989362,-0.3151246194785684
0.48994426,-0.25636450063286337
0.48999489,-0.20705650084635729
0.49004553,-0.16924606966701683
0.49009616,-0.14475948183427589
0.4901468,-0.13515908253728115
0.49019744,-0.14165050210620106
0.49024807,-0.16497012094448288
0.49029871,-0.2052831406441134
0.49034934,-0.26211863719486539
0.49039997,-0.33431566152580583
0.49045061,-0.42000217847257071
0.49050124,-0.51661310235698488
0.49055188,-0.62099392094150119
0.49060251,-0.72953238640176732
0.49065315,-0.83827496159695036
0.49070379,-0.94328258794294739
0.49075442,-1.0408204591547392
0.49080505,-1.1275902183136668
0.49085569,-1.2008649451140374
0.49090632,-1.2586498370147097
0.49095696,-1.2998179029315753
0.49100759,-1.3240602974104836
0.49105823,-1.3317817366234825
0.49110887,-1.3243312102416425
0.4911595,-1.3036030567487937
0.49121013,-1.2718180151592624
0.49126077,-1.2313768483346708
0.4913114,-1.18480075620419
0.49136204,-1.1344829493578483
0.49141267,-1.0825934645661868
0.49146331,-1.0310114506037231
0.49151395,-0.98117055062835545
0.49156458,-0.93416710102912792
0.49161521,-0.89067635289135416
0.49166585,-0.85092727554600223
0.49171648,-0.81480634763692938
0.49176712,-0.78185356998482192
0.49181775,-0.75104558983183667
0.49186839,-0.72151287366945416
0.49191903,-0.69216035300548417
0.49196966,-0.66174031598855609
0.49202029,-0.62896978482397303
0.49207093,-0.59271901005891692
0.49212156,-0.55213254265122547
0.4921722,-0.50671510853760138
0.49222283,-0.45644617245641672
0.49227347,-0.40176034826501605
0.49232411,-0.34361705674902199
0.49237474,-0.28341823940915856
0.49242537,-0.2229423680151934
0.49247601,-0.16423454522930458
0.49252664,-0.10944951384661233
0.49257728,-0.060840966033112343
0.49262791,-0.020466418922988894
0.49267855,0.0097942290146469935
0.49272919,0.028407097998959685
0.49277982,0.034217044048015566
0.49283046,0.026442640131767114
0.49288109,0.0048927898058808705
0.49293172,-0.030177617105240417
0.49298236,-0.078066647638381559
0.49303299,-0.13762747906750011
0.49308363,-0.2072763003571097
0.49313427,-0.28499573391085231
0.4931849,-0.36847456783376087
0.49323554,-0.45511046655932147
0.49328617,-0.54211437059796108
0.4933368,-0.62667194999834164
0.49338744,-0.70613073189242137
0.49343807,-0.77814333372543654
0.49348871,-0.84086145535642676
0.49353934,-0.89307331296705739
0.49358998,-0.93429375970789985
0.49364062,-0.96481915856578881
0.49369125,-0.98570316600786279
0.49374188,-0.99866151290508309
0.49379252,-1.0058356792873022
0.49384315,-1.0095926784221532
0.49389379,-1.0122870646174777
0.49394442,-1.0160197328317149
0.49399506,-1.0223674402615146
0.4940457,-1.0322253982976748
0.49409633,-1.0457924244357912
0.49414696,-1.0625603613920864
0.4941976,-1.0814084140176865
0.49424823,-1.1007790873966734
0.49429887,-1.1188737439774898
0.4943495,-1.1338333979405442
0.49440014,-1.1439078590730394
0.49445078,-1.1475788939038785
0.49450141,-1.143630798840624
0.49455204,-1.131202391438265
0.49460268,-1.1097897857698742
0.49465331,-1.0792259557968804
0.49470395,-1.0396780450951602
0.49475458,-0.9916184116682828
0.49480522,-0.93577561273782739
0.49485586,-0.8730621726659179
0.49490649,-0.80461901387407242
0.49495712,-0.7317613332856292
0.49500776,-0.65615832106731942
0.49505839,-0.57948956422701214
0.49510903,-0.5036983217503449
0.49515966,-0.43078395135320635
0.4952103,-0.36281528591143719
0.49526094,-0.30190475376692555
0.49531157,-0.25012927809811958
0.4953622,-0.20954894984584238
0.49541284,-0.18202883951262139
0.49546347,-0.16916552543740423
0.49551411,-0.17221734314810544
0.49556474,-0.19198708336708015
0.49561538,-0.22871149494429688
0.49566602,-0.28200677660599544
0.49571665,-0.35079892852495254
0.49576729,-0.43328773344932608
0.49581792,-0.52702116599975424
0.49586855,-0.62894096912897379
0.49591919,-0.73545888434527296
0.49596982,-0.84256979538975108
0.49602046,-0.946403030543846
0.49607109,-1.0431970495703191
0.49612173,-1.129569810567713
0.49617237,-1.2027565895065817
0.496223,-1.2606364683487321
0.49627363,-1.3019665931030993
0.49632427,-1.3263442778901411
0.4963749,-1.3342046481949921
0.49642554,-1.3267201846551622
0.49647617,-1.3055003166902464
0.49652681,-1.2729213901016312
0.49657745,-1.2313857376797051
0.49662808,-1.1834222395642249
0.49667871,-1.131479147729642
0.49672935,-1.0777620931787339
0.49677998,-1.0241927772956128
0.49683062,-0.97226876591989519
0.49688125,-0.92311602478186205
0.49693189,-0.87746599991637542
0.49698253,-0.8355907291980611
0.49703316,-0.79740443007297912
0.49708379,-0.76249598035876853
0.49713443,-0.72988598747155686
0.49718506,-0.69868082085488203
0.4972357,-0.66783186792878724
0.49728633,-0.6360924326053482
0.49733697,-0.60218732812267906
0.49738761,-0.5649659360790702
0.49743824,-0.5235372422321386
0.49748887,-0.47734940101526513
0.49753951,-0.42634741090009043
0.49759014,-0.37090221706746196
0.49764078,-0.31191631604010378
0.49769141,-0.25075487645803751
0.49774205,-0.18914460940713995
0.49779269,-0.12914351612898339
0.49784332,-0.072878376734124561
0.49789395,-0.022603811179051581
0.49794459,0.019592722642369054
0.49799522,0.051800967785229135
0.49804586,0.072451484932313626
0.49809649,0.080335058863893583
0.49814713,0.074630132016567263
0.49819777,0.055087177661515441
0.4982484,0.021907416983330152
0.49829904,-0.024242410014149507
0.49834967,-0.082265142648886846
0.4984003,-0.15063241066022615
0.49845094,-0.22738985619707819
0.49850157,-0.31024712226550821
0.49855221,-0.39664682646988542
0.49860284,-0.48379320226219208
0.49865348,-0.56887943179411005
0.49870412,-0.64923679523096944
0.49875475,-0.72248094345260117
0.49880538,-0.78670823638086884
0.49885602,-0.84063085792237546
0.49890665,-0.88367155218430726
0.49895729,-0.91602193822744205
0.49900792,-0.93864368526745179
0.49905856,-0.9531757956848782
0.4991092,-0.96171559238909399
0.49915983,-0.96660667604775818
0.49921046,-0.97021341040726417
0.4992611,-0.97466719610093988
0.49931173,-0.98162576109255295
0.49936237,-0.99206774329911884
0.499413,-1.0062751129358012
0.49946364,-1.0238177741651757
0.49951428,-1.0436449562815899
0.49956491,-1.0642402594595719
0.49961554,-1.0838209077773633
0.49966618,-1.1005277489404
0.49971681,-1.1125876027582282
0.49976745,-1.1184502947123605
0.49981808,-1.1168546188868418
0.49986872,-1.1068935535315974
0.49991936,-1.0880193952608725
0.49996999,-1.0600417015799941
0.50002062,-1.0230721982467144
0.50007126,-0.977554526027129
0.5001219,-0.92416531767954857
0.50017253,-0.86380464884682362
0.50022316,-0.79759952981249382
0.5002738,-0.72682177613116239
0.50032444,-0.65313936325374822
0.50037507,-0.57816592797888111
0.5004257,-0.50385134101518581
0.50047634,-0.43217007113474665
0.50052697,-0.36518283715507804
0.50057761,-0.30499534032638026
0.50062825,-0.25369438417338408
0.50067888,-0.21335043541242066
0.50072951,-0.18584941536686303
0.50078015,-0.17283303326963156
0.50083079,-0.17560310242752286
0.50088142,-0.1950273054106107
0.50093206,-0.23141768545022823
0.50098269,-0.28446500316881762
0.50103332,-0.35317747213713369
0.50108396,-0.43585056551094287
0.5011346,-0.53010609223839045
0.50118523,-0.63294328392127175
0.50123586,-0.74087272413567762
0.5012865,-0.84991615266032539
0.50133713,-0.95610440461237989
0.50138777,-1.0557017808786551
0.50143841,-1.1452263935998288
0.50148904,-1.2218210836398915
0.50153967,-1.2833084742004801
0.50159031,-1.3283145185166507
0.50164095,-1.3563425552664867
0.50169158,-1.367713373836666
0.50174221,-1.3633614137098347
0.50179285,-1.3451594552991439
0.50184348,-1.3152752884471441
0.50189412,-1.2760662969098595
0.50194476,-1.2300260052896004
0.50199539,-1.1796092838411556
0.50204602,-1.1270479808899492
0.50209666,-1.0742699386353749
0.50214729,-1.0228336928553385
0.50219793,-0.97392405754846989
0.50224857,-0.92832887256592789
0.5022992,-0.88638408516409173
0.50234983,-0.8480578755369681
0.50240047,-0.81300594857757003
0.50245111,-0.78033032823918314
0.50250174,-0.7490905072063665
0.50255237,-0.71829793158349831
0.50260301,-0.68673393233803848
0.50265364,-0.65311059909511948
0.50270428,-0.61625811039110068
0.50275492,-0.57525420922907178
0.50280555,-0.52951293937167243
0.50285618,-0.47888829171663116
0.50290682,-0.42369548699260329
0.50295745,-0.36477574153422815
0.50300809,-0.30344504533603361
0.50305873,-0.24137534112264886
0.50310936,-0.18058501639612173
0.50315999,-0.1232212317722442
0.50321063,-0.071513531516187057
0.50326127,-0.027587105427839431
0.5033119,0.0066199195245286169
0.50336253,0.029493805704352616
0.50341317,0.039773630603709864
0.5034638,0.03657801406733735
0.50351444,0.019605765750869808
0.50356508,-0.011004565297401792
0.50361571,-0.054654493226084344
0.50366634,-0.11031459729326515
0.50371698,-0.17648949129427688
0.50376762,-0.25127072674547568
0.50381825,-0.33242893016048114
0.50386889,-0.4173868664829028
0.50391952,-0.50339486825518298
0.50397015,-0.58767722309177095
0.50402079,-0.66751381976347512
0.50407143,-0.74047924323870862
0.50412206,-0.80460256593343416
0.50417269,-0.8585041984905738
0.50422333,-0.90152687961759836
0.50427396,-0.93376813302809158
0.5043246,-0.95609855413681477
0.50437524,-0.97008500175206991
0.50442587,-0.97778051441868552
0.5044765,-0.98150715093612839
0.50452714,-0.98363738864621519
0.50457778,-0.98633924650779015
0.50462841,-0.99133982004154153
0.50467904,-0.99969735358978373
0.50472968,-1.0117783915612411
0.50478031,-1.0272403191388517
0.50483095,-1.0451088905582084
0.50488159,-1.0639169268698072
0.50493222,-1.0819128858471507
0.50498285,-1.0972449186751545
0.50503349,-1.1081353318256606
0.50508412,-1.1130073362519117
0.50513476,-1.110567820463074
0.5051854,-1.0998747523319443
0.50523603,-1.0803340850016756
0.50528666,-1.0517119048870482
0.5053373,-1.0141449483076821
0.50538794,-0.96796408195814954
0.50543857,-0.91384134101278081
0.5054892,-0.85261030027274132
0.50553984,-0.78545741878717901
0.50559047,-0.71359027507651607
0.50564111,-0.63863400593877806
0.50569175,-0.56222678462905418
0.50574238,-0.4862264470826666
0.50579301,-0.41265554325168657
0.50584365,-0.34357042962046302
0.50589428,-0.28107426811079367
0.50594492,-0.22726103292162414
0.50599556,-0.18421327122668896
0.50604619,-0.15384635028442534
0.50609682,-0.13782785431503031
0.50614746,-0.13750852598103369
0.5061981,-0.15381927062932488
0.50624873,-0.18714965761641406
0.50629936,-0.23727402011023888
0.50635,-0.30329820972167232
0.50640063,-0.38359483917844239
0.50645127,-0.47589221745359123
0.50650191,-0.57724175910867914
0.50655254,-0.68421922021628045
0.50660317,-0.79301033313730174
0.50665381,-0.89949336406642943
0.50670445,-0.9998389283868041
0.50675508,-1.0906219501864145
0.50680571,-1.168870819754146
0.50685635,-1.2322863198160396
0.50690698,-1.279402131578125
0.50695762,-1.3095892807106442
0.50700826,-1.3230774202341404
0.50705889,-1.3206922497615357
0.50710952,-1.3042468169303132
0.50716016,-1.2758704975075816
0.50721079,-1.2379021944116131
0.50726143,-1.1928238983180826
0.50731207,-1.1431099940185334
0.5073627,-1.0910426236676556
0.50741333,-1.0385773411730845
0.50746397,-0.98733185394442691
0.50751461,-0.93853557274606292
0.50756524,-0.89301615032208681
0.50761587,-0.85118341943017239
0.50766651,-0.81303472951184719
0.50771714,-0.77827823345979041
0.50776778,-0.74609639303263831
0.50781842,-0.71550250780511238
0.50786905,-0.68555614903277884
0.50791968,-0.65505402244924971
0.50797032,-0.62272210299108333
0.50802095,-0.58735903911383336
0.50807159,-0.54800514233026298
0.50812223,-0.5040116793159638
0.50817286,-0.45519193054354767
0.50822349,-0.40179389100970836
0.50827413,-0.34459126951988095
0.50832477,-0.28485066651177721
0.5083754,-0.22421182351226948
0.50842603,-0.16461899123869056
0.50847667,-0.1082108652740924
0.5085273,-0.057204197909862031
0.50857794,-0.013756296095324749
0.50862858,0.020190645273620744
0.50867921,0.042963038732415471
0.50872984,0.053263985343775966
0.50878048,0.050156249986432311
0.50883112,0.033274477019659632
0.50888175,0.0026938052078517294
0.50893239,-0.041045601350499172
0.50898302,-0.096964497298137775
0.50903365,-0.1636187378777656
0.50908429,-0.23915698728310997
0.50913493,-0.32137705602838418
0.50918556,-0.40771581117177447
0.50923619,-0.49547154746956928
0.50928683,-0.58183407787641395
0.50933746,-0.66406353029223975
0.5093881,-0.73969546957366494
0.50943874,-0.80667573560238026
0.50948937,-0.86353894399953457
0.50954,-0.90952983965117262
0.50959064,-0.94465170009368005
0.50964128,-0.96968290781406585
0.50969191,-0.9861114223004922
0.50974254,-0.99594205869264352
0.50979318,-1.001473450794528
0.50984381,-1.0050853240827298
0.50989445,-1.0089847507537368
0.50994509,-1.0149697193403182
0.50999572,-1.0241811384717527
0.51004635,-1.0370746024237558
0.51009699,-1.0533931115072623
0.51014762,-1.0722359730132158
0.51019826,-1.092185005531193
0.5102489,-1.1115146479352251
0.51029953,-1.1283709912301558
0.51035016,-1.140961514772632
0.5104008,-1.1476727686185404
0.51045144,-1.1471762349132879
0.51050207,-1.13847612272104
0.5105527,-1.1209381357299644
0.51060334,-1.0942782864391472
0.51065397,-1.0585308128951172
0.51070461,-1.0140374239664882
0.51075525,-0.96146671416047291
0.51080588,-0.90167128264975027
0.51085651,-0.83571405563480639
0.51090715,-0.76479016766462138
0.51095778,-0.6904822584054201
0.51100842,-0.61445840290522424
0.51105906,-0.53855575819349533
0.51110969,-0.46481179207482409
0.51116032,-0.39521745000965042
0.51121096,-0.3318725370268728
0.5112616,-0.27689628204352451
0.51131223,-0.23232880679396356
0.51136286,-0.20013138047896459
0.5114135,-0.18201649102235876
0.51146413,-0.1793853637046445
0.51151477,-0.19323307535487227
0.51156541,-0.22402903398178101
0.51161604,-0.27163398464231314
0.51166667,-0.33523458885945145
0.51171731,-0.41330161489249218
0.51176795,-0.50365338522477532
0.51181858,-0.60339937545227551
0.51186921,-0.7091698260477014
0.51191985,-0.81716057210650894
0.51197048,-0.92329585264167791
0.51202112,-1.0237458591842845
0.51207176,-1.1149949840649238
0.51212239,-1.1939520268878154
0.51217302,-1.2583188153670963
0.51222366,-1.3064324783434227
0.51227429,-1.3375999392265032
0.51232493,-1.3519413185265055
0.51237557,-1.3503559733080199
0.5124262,-1.3344009843968236
0.51247683,-1.3059901873579967
0.51252747,-1.267622164924163
0.51257811,-1.2217909051408649
0.51262874,-1.1710136261479567
0.51267937,-1.1176089171000705
0.51273001,-1.0636117239861234
0.51278064,-1.0106772066501011
0.51283128,-0.96006027964056306
0.51288192,-0.91263896692734903
0.51293255,-0.86889680616233012
0.51298318,-0.82886545234363385
0.51303382,-0.79227808172764802
0.51308445,-0.75838668866335379
0.51313509,-0.7261674978965944
0.51318573,-0.69471532477026332
0.51323636,-0.66283410387067632
0.51328699,-0.62925750107167411
0.51333763,-0.59275533788568402
0.51338827,-0.55234150958967076
0.5134389,-0.50732459650619111
0.51348953,-0.45746159533251385
0.51354017,-0.40294334077570398
0.5135908,-0.34448906906933907
0.51364144,-0.28332709548699486
0.51369208,-0.22104207376481766
0.51374271,-0.15956310097111326
0.51379334,-0.10101135191707117
0.51384398,-0.047616179372270973
0.51389461,-0.0015487680103972723
0.51394525,0.035194698427441495
0.51399589,0.060914011880163543
0.51404652,0.07425457746079811
0.51409715,0.074221648525539807
0.51414779,0.060392357229736238
0.51419843,0.03277820878665122
0.51424906,-0.0081285152155785578
0.51429969,-0.061390657992207498
0.51435033,-0.12563279630370877
0.51440096,-0.19904810892971853
0.5144516,-0.27947404740975312
0.51450224,-0.36441622954740127
0.51455287,-0.45117668433844171
0.5146035,-0.53693475811029368
0.51465414,-0.61894280564947179
0.51470478,-0.69468849606524397
0.51475541,-0.7620400174751043
0.51480604,-0.81946218246454783
0.51485668,-0.86610986263818068
0.51490731,-0.90188957187105834
0.51495795,-0.9274941783228321
0.51500859,-0.94432587880900987
0.51505922,-0.95433999618576459
0.51510985,-0.95981334456058298
0.51516049,-0.96313020677898731
0.51521112,-0.96653612358116003
0.51526176,-0.9718951749626169
0.5153124,-0.98044834007147252
0.51536303,-0.9927358417122486
0.51541366,-1.0085965401971362
0.5154643,-1.0272010650779979
0.51551494,-1.047182418233259
0.51556557,-1.0668356067454683
0.5156162,-1.0843159656988737
0.51566684,-1.0978055721107367
0.51571747,-1.1056582001154058
0.51576811,-1.1064946671982352
0.51581875,-1.0992719584396484
0.51586938,-1.0833079943540553
0.51592001,-1.0582838525882183
0.51597065,-1.0242363260505214
0.51602128,-0.98144476515965728
0.51607192,-0.93051123442522277
0.51612256,-0.87225581511167216
0.51617319,-0.80773065622811924
0.51622382,-0.73818139798918769
0.51627446,-0.66512404733875408
0.5163251,-0.59020448795712288
0.51637573,-0.51520850226415305
0.51642636,-0.44217199766804877
0.516477,-0.37308039041057894
0.51652763,-0.31003624335377078
0.51657827,-0.25516048334462788
0.51662891,-0.21050744270970273
0.51667954,-0.17803734711601044
0.51673017,-0.15950527600058223
0.51678081,-0.15634004262528117
0.51683145,-0.16957921173667734
0.51688208,-0.19975866506389867
0.51693272,-0.24681025934799883
0.51698335,-0.30999528058818226
0.51703398,-0.38787555429994047
0.51708462,-0.47833849779783882
0.51713526,-0.57856360733750978
0.51718589,-0.68520306812719678
0.51723652,-0.79455120306237237
0.51728716,-0.90252558890835055
0.51733779,-1.0052848726748547
0.51738843,-1.0992113867672075
0.51743907,-1.1811560356551674
0.5174897,-1.2487564004920042
0.51754033,-1.3002669226118775
0.51759097,-1.3348833485688494
0.51764161,-1.352629581292571
0.51769224,-1.3543257433720872
0.51774287,-1.3412893128518129
0.51779351,-1.3157457536413937
0.51784414,-1.2800033534426545
0.51789478,-1.2365274074002102
0.51794542,-1.1878109262807315
0.51799605,-1.136189346893985
0.51804668,-1.0837348047071187
0.51809732,-1.0321435960992997
0.51814795,-0.98270650811961757
0.51819859,-0.9363524647914615
0.51824923,-0.89360799710953365
0.51829986,-0.85454853133406028
0.51835049,-0.81894019186071298
0.51840113,-0.78611489154552749
0.51845177,-0.75502817841336922
0.5185024,-0.72478560652281643
0.51855303,-0.69422106185521959
0.51860367,-0.66206438459046979
0.5186543,-0.62707166203465958
0.51870494,-0.58822405891381557
0.51875558,-0.54478383907329186
0.51880621,-0.49644327854318865
0.51885684,-0.44335205623207236
0.51890748,-0.3861514028587969
0.51895811,-0.3259913448733901
0.51900875,-0.26442333200966672
0.51905939,-0.20336147707624158
0.51911002,-0.14489606575775521
0.51916065,-0.091258140904619423
0.51921129,-0.044626513711083726
0.51926193,-0.0070305957645421802
0.51931256,0.019787488295470224
0.51936319,0.03442469783729335
0.51941383,0.035824276587255621
0.51946446,0.023504457411478219
0.5195151,-0.0025832357042824272
0.51956574,-0.042019350580677961
0.51961637,-0.093924135432989664
0.519667,-0.15697809980349686
0.51971764,-0.22942353918176178
0.51976828,-0.30912839504306933
0.51981891,-0.39361711615054873
0.51986954,-0.48023369861313436
0.51992018,-0.56614017174736353
0.51997081,-0.64858415729556629
0.52002145,-0.72496340726524344
0.52007209,-0.79311787315778126
0.52012272,-0.85143277126324124
0.52017335,-0.8989631943694093
0.52022399,-0.93551929298755498
0.52027462,-0.96170552026955014
0.52032526,-0.97884039997070582
0.5203759,-0.98883359216836608
0.52042653,-0.99393589393359949
0.52047716,-0.99653831008536464
0.5205278,-0.9989242525630686
0.52057844,-1.003027750226356
0.52062907,-1.0101692124212118
0.5206797,-1.020979687235025
0.52073034,-1.0353819561651409
0.52078097,-1.0526237677627215
0.52083161,-1.0713939687746175
0.52088225,-1.0900215126813231
0.52093288,-1.1066598722921746
0.52098351,-1.1194809640162622
0.52103415,-1.1268109822260854
0.52108478,-1.1272377884356208
0.52113542,-1.119678275320195
0.52118606,-1.1034114165078976
0.52123669,-1.0780630431649767
0.52128732,-1.0436085977251996
0.52133796,-1.0003605638895918
0.5213886,-0.94885993377757349
0.52143923,-0.88992888726703412
0.52148986,-0.82457966158845475
0.5215405,-0.75403212260363461
0.52159113,-0.67978884711810972
0.52164177,-0.60347859139109894
0.52169241,-0.52686301894163678
0.52174304,-0.45200321473049376
0.52179367,-0.3808649849890075
0.52184431,-0.31552780759671761
0.52189494,-0.25813999147471289
0.52194558,-0.21077188900038288
0.52199622,-0.17539975375332864
0.52204685,-0.15380698488083558
0.52209748,-0.14745908484635933
0.52214812,-0.15743943175444902
0.52219876,-0.18434067971892182
0.52224939,-0.22815390538205166
0.52230002,-0.2882236997833551
0.52235066,-0.36316821780892256
0.52240129,-0.45094196635977091
0.52245193,-0.54886362154179436
0.52250257,-0.65362007617192552
0.5225532,-0.76154492409225594
0.52260383,-0.86855872383491517
0.52265447,-0.97077918626205362
0.52270511,-1.064557369969624
0.52275574,-1.1467634801435849
0.52280637,-1.2148581481558405
0.52285701,-1.2670450112766605
0.52290764,-1.3024174968916369
0.52295828,-1.3208927146628371
0.52300892,-1.323214889007565
0.52305955,-1.3106468849102093
0.52311018,-1.2853516236472293
0.52316082,-1.2496364489940361
0.52321145,-1.205960714496529
0.52326209,-1.1568445326285595
0.52331273,-1.1046403380399219
0.52336336,-1.0514677339973941
0.52341399,-0.99909114292332246
0.52346463,-0.94881991207319882
0.52351527,-0.9016505089907757
0.5235659,-0.85812127731947485
0.52361653,-0.81836446236354854
0.52366717,-0.78217561566523042
0.5237178,-0.74894593570047041
0.52376844,-0.71760736626894617
0.52381908,-0.68729727498920357
0.52386971,-0.6568654816716204
0.52392034,-0.62503462827735179
0.52397098,-0.59055062500702959
0.52402161,-0.55236403719605809
0.52407225,-0.50970810714565118
0.52412289,-0.46222028719217795
0.52417352,-0.41001063997309944
0.52422415,-0.35365072625912641
0.52427479,-0.29426238170808205
0.52432543,-0.23334052774649489
0.52437606,-0.17277673185113723
0.52442669,-0.11461918775205432
0.52447733,-0.06109775675016027
0.52452796,-0.014397606358028003
0.5245786,0.023447861084845312
0.52462924,0.050658703725612042
0.52467987,0.065794029936952436
0.5247305,0.067760187918855463
0.52478114,0.056027729710857732
0.52483178,0.030491402832241277
0.52488241,-0.008477765685852956
0.52493305,-0.060045119508526479
0.52498368,-0.12292788244833974
0.52503431,-0.19543135805773104
0.52508495,-0.27545323314504178
0.52513559,-0.36055952719561613
0.52518622,-0.44813321234683601
0.52523685,-0.53531412421309055
0.52528749,-0.61934934280343024
0.52533812,-0.69761653292494696
0.52538876,-0.76788150401830846
0.5254394,-0.82847079403132529
0.52549003,-0.87835405879529016
0.52554066,-0.91726450345939914
0.5255913,-0.94572176255913176
0.52564194,-0.96497440858328043
0.52569257,-0.97688183419823349
0.5257432,-0.98367256531155989
0.52579384,-0.98773566803640866
0.52584447,-0.99137978562355555
0.52589511,-0.99658868550900481
0.52594575,-1.0047617980616206
0.52599638,-1.016599898586211
0.52604701,-1.0321056247973792
0.52609765,-1.0505902473446667
0.52614828,-1.0707903648901387
0.52619892,-1.0910589572564942
0.52624956,-1.1095592746439833
0.52630019,-1.1244406415535155
0.52635082,-1.1340048221099133
0.52640146,-1.1368058943980985
0.5264521,-1.131714533558585
0.52650273,-1.1179667200786683
0.52655336,-1.0951557042420981
0.526604,-1.0632155752096863
0.52665463,-1.0223818429884308
0.52670527,-0.97322459936524564
0.52675591,-0.91651036845539124
0.52680654,-0.85324209581217836
0.52685717,-0.78457552875611747
0.52690781,-0.71196457117827683
0.52695844,-0.63707461760926998
0.52700908,-0.56161256585973807
0.52705972,-0.48762291201092739
0.52711035,-0.41707040305380094
0.52716098,-0.35203826313377601
0.52721162,-0.29465138789279688
0.52726226,-0.24698459561582181
0.52731289,-0.21104864767445461
0.52736352,-0.18863333896872125
0.52741416,-0.18125602809430558
0.52746479,-0.19005680524961011
0.52751543,-0.21569287843101376
0.52756607,-0.25823831367126238
0.5276167,-0.3171065601477257
0.52766733,-0.39101155570022583
0.52771797,-0.47798833035970079
0.52776861,-0.57532157196061273
0.52781924,-0.67984240973911381
0.52786987,-0.78790172110045775
0.52792051,-0.89544367767945277
0.52797114,-0.99858168250099122
0.52802178,-1.0936332525028361
0.52807242,-1.1773685480238338
0.52812305,-1.2471712689426384
0.52817368,-1.3012085811908982
0.52822432,-1.3384498184777172
0.52827495,-1.3587269181148596
0.52832559,-1.3626933209231016
0.52837623,-1.3517008841205422
0.52842686,-1.3275019177856613
0.52847749,-1.2925368146800233
0.52852813,-1.2492616132650576
0.52857877,-1.2002141609933856
0.5286294,-1.1477623838512567
0.52868003,-1.0940611034744165
0.52873067,-1.0409335359179892
0.5287813,-0.98973898261585425
0.52883194,-0.94151768255268053
0.52888258,-0.89686672764709363
0.52893321,-0.85595832093353319
0.52898384,-0.81862607038609014
0.52903448,-0.78432018078995425
0.52908511,-0.7519774491066159
0.52913575,-0.72072672569582363
0.52918639,-0.68945188851615913
0.52923702,-0.65686165321072143
0.52928765,-0.6217062119038711
0.52933829,-0.58289032841256483
0.52938893,-0.5396166421965235
0.52943956,-0.49146518362897501
0.52949019,-0.43851521638382673
0.52954083,-0.38127740030852619
0.52959146,-0.32082740632241125
0.5296421,-0.25861563528679243
0.52969274,-0.19651398994183783
0.52974337,-0.13656102024734434
0.529794,-0.080977365809510371
0.52984464,-0.031978043829868741
0.52989527,0.0083826320296040424
0.52994591,0.038289708302444547
0.52999655,0.056259592162184457
0.53004718,0.061151093086325659
0.53009781,0.052386851110229726
0.53014845,0.029809125522748392
0.53019909,-0.0062619123197180659
0.53024972,-0.05504361152335957
0.53030035,-0.11529385041854018
0.53035099,-0.18537084791032865
0.53040162,-0.26320795185351148
0.53045226,-0.34642286368989411
0.5305029,-0.43240901134643134
0.53055353,-0.51831504231608239
0.53060416,-0.601397117868259
0.5306548,-0.67901137912047027
0.53070544,-0.74887567634850394
0.53075607,-0.80924792642187826
0.5308067,-0.85902652044223471
0.53085734,-0.89785665048546426
0.53090797,-0.92616462625483709
0.53095861,-0.94512307800217044
0.53100925,-0.95653417974570298
0.53105988,-0.9625911818075249
0.53111051,-0.96567480426769403
0.53116115,-0.96811426038331017
0.53121178,-0.97193817340576327
0.53126242,-0.97862618539661006
0.53131306,-0.98895874435723907
0.53136369,-1.0030214287632633
0.53141432,-1.0202019936690108
0.53146496,-1.039295309810079
0.5315156,-1.0586923336833578
0.53156623,-1.0765754320582672
0.53161686,-1.0910894482833471
0.5316675,-1.1005181145777174
0.53171813,-1.1033794096027554
0.53176877,-1.0985106642611999
0.53181941,-1.085104821847233
0.53187004,-1.0627218822673319
0.53192067,-1.0312738971520841
0.53197131,-0.99097933238317015
0.53202194,-0.94231383092052634
0.53207258,-0.88603809170854442
0.53212322,-0.82310628225252658
0.53217385,-0.75471809581997962
0.53222448,-0.68226007829566682
0.53227512,-0.6073846477779512
0.53232576,-0.53180407675159402
0.53237639,-0.45746249058684035
0.53242702,-0.38637987592139655
0.53247766,-0.32061984300512814
0.53252829,-0.26235211657664848
0.53257893,-0.21364165063474677
0.53262957,-0.17652356821162141
0.5326802,-0.15280898182467489
0.53273083,-0.14404626209867971
0.53278147,-0.15141530438275086
0.53283211,-0.17562283203335338
0.53288274,-0.21680121754036541
0.53293338,-0.27443950497673303
0.53298401,-0.3473364947970155
0.53303464,-0.43358924642434532
0.53308528,-0.53059426499921714
0.53313592,-0.63516528884587675
0.53318655,-0.74375500140610518
0.53323718,-0.8523194845127714
0.53328782,-0.95696079096212738
0.53333845,-1.0539270511303247
0.53338909,-1.1399957608484037
0.53343973,-1.2124356182449849
0.53349036,-1.2693098620202581
0.53354099,-1.3094985900633931
0.53359163,-1.332754019818263
0.53364227,-1.3396378475340658
0.5336929,-1.3312642228952498
0.53374353,-1.3096716217464568
0.53379417,-1.2771118987234613
0.5338448,-1.2359988799477768
0.53389544,-1.1888634687054969
0.53394608,-1.1380831880374047
0.53399671,-1.0858296772674998
0.53404734,-1.033963541960343
0.53409798,-0.98388811171319868
0.53414861,-0.93668679323636961
0.53419925,-0.89300501335405047
0.53424989,-0.85305767830400803
0.53430052,-0.81671275460200454
0.53435115,-0.78348712341543869
0.53440179,-0.75233505123397659
0.53445243,-0.72239855101352546
0.53450306,-0.69257065163434028
0.53455369,-0.66159896579543354
0.53460433,-0.62821170926099257
0.53465496,-0.59129617550223379
0.5347056,-0.55001240416405051
0.53475624,-0.50389584053026593
0.53480687,-0.45295018783627983
0.5348575,-0.39763392132114145
0.53490814,-0.33894485931275309
0.53495877,-0.27829642664450727
0.53500941,-0.2174945729377149
0.53506005,-0.158577866932814
0.53511068,-0.10372071606430044
0.53516131,-0.055167645138707311
0.53521195,-0.014967900562460223
0.53526259,0.015012701142908647
0.53531322,0.033255833132493584
0.53536385,0.038627734435384475
0.53541449,0.030369069253291969
0.53546512,0.0083131619254925293
0.53551576,-0.027255403175145299
0.5355664,-0.075622766532146168
0.53561703,-0.13560471244331557
0.53566766,-0.2056004805029944
0.5357183,-0.28355989213009652
0.53576894,-0.36715165016953
0.53581957,-0.45377752801731308
0.5358702,-0.54061304975551505
0.53592084,-0.62489238671890113
0.53597147,-0.70395012689805314
0.53602211,-0.77544387971515039
0.53607275,-0.83757369992695496
0.53612338,-0.88915071498497344
0.53617401,-0.92973535057648771
0.53622465,-0.9596639176855738
0.53627528,-0.98002481193950031
0.53632592,-0.99255865651646635
0.53637656,-0.99942325819620625
0.53642719,-1.0029896753169951
0.53647782,-1.0056049271474357
0.53652846,-1.009349318115337
0.5365791,-1.015768943811064
0.53662973,-1.0257239792801414
0.53668036,-1.0393798299056018
0.536731,-1.0561965456829667
0.53678163,-1.0750270386283414
0.53683227,-1.0942993349891073
0.53688291,-1.1122088102966337
0.53693354,-1.1268989410691974
0.53698417,-1.1366291453524946
0.53703481,-1.1398933314340147
0.53708544,-1.135491154283141
0.53713608,-1.1225790002412694
0.53718672,-1.1006727583334894
0.53723735,-1.0696293094965492
0.53728798,-1.0296160291814505
0.53733862,-0.98115020355658067
0.53738926,-0.92495040603518142
0.53743989,-0.86194408984005999
0.53749052,-0.79327362346694774
0.53754116,-0.72028737921582964
0.53759179,-0.64467149356674214
0.53764243,-0.56809478833451399
0.53769307,-0.49252249871367471
0.5377437,-0.4199493643708912
0.53779433,-0.35245238363100639
0.53784497,-0.29215332628758506
0.5378956,-0.24112557316939637
0.53794624,-0.20142124104924902
0.53799688,-0.17488987923781363
0.53804751,-0.16311559448325871
0.53809814,-0.16733273386351838
0.53814878,-0.18831932747763691
0.53819942,-0.22627505687052352
0.53825005,-0.28078210076032434
0.53830068,-0.3507219207600884
0.53835132,-0.43425657231336323
0.53840195,-0.52889192736356749
0.53845259,-0.63152889632838238
0.53850323,-0.73857203463668331
0.53855386,-0.84601048611292051
0.53860449,-0.94995599875614056
0.53865513,-1.0466599311630556
0.53870577,-1.1327707774498494
0.5387564,-1.2055303646286066
0.53880703,-1.2628955191139064
0.53885767,-1.3036618145899022
0.5389083,-1.3274733542048063
0.53895894,-1.3348079321740287
0.53900958,-1.3268751866605288
0.53906021,-1.3053113671846566
0.53911084,-1.2725055028816517
0.53916148,-1.2308649969482266
0.53921211,-1.1829245209756976
0.53926275,-1.1311103983739539
0.53931339,-1.0776108545726579
0.53936402,-1.0243326968257493
0.53941465,-0.97274123701094262
0.53946529,-0.92394731925640206
0.53951593,-0.87865928533121385
0.53956656,-0.83713012046974977
0.53961719,-0.79926251493357947
0.53966783,-0.76462459110819991
0.53971846,-0.73222480394943201
0.5397691,-0.70117299212184991
0.53981974,-0.67040705217781815
0.53987037,-0.63868161352787034
0.539921,-0.60472213165027389
0.53997164,-0.56739022701889541
0.54002227,-0.5258097200656735
0.54007291,-0.47945876160596912
0.54012355,-0.42829848596052689
0.54017418,-0.37272626092064665
0.54022481,-0.31369035710061405
0.54027545,-0.25257626437549818
0.54032609,-0.19112354566339229
0.54037672,-0.13139962571086811
0.54042735,-0.07553457557791543
0.54047799,-0.025785098097883097
0.54052862,0.015776727901841037
0.54057926,0.0472579616197073
0.5406299,0.067110905618786465
0.54068053,0.074154737223636136
0.54073116,0.067588691645648569
0.5407818,0.047192053213127583
0.54083244,0.013188683218991804
0.54088307,-0.033733010883637393
0.54093371,-0.092451382741094712
0.54098434,-0.16142132555633204
0.54103497,-0.23865241349057459
0.54108561,-0.32185429184643771
0.54113625,-0.40844648003083828
0.54118688,-0.49564282789035596
0.54123751,-0.58063567250885328
0.54128815,-0.6607498207866378
0.54133878,-0.73361659329296569
0.54138942,-0.79736293458646879
0.54144006,-0.85072993321491619
0.54149069,-0.89317848191122173
0.54154132,-0.92494077603328773
0.54159196,-0.94701857083483398
0.5416426,-0.96108136111386377
0.54169323,-0.96924513554072234
0.54174386,-0.97386316822863528
0.5417945,-0.9772960959598781
0.54184513,-0.98166030229943235
0.54189577,-0.98858144376164858
0.54194641,-0.99900315111965987
0.54199704,-1.0131717496661621
0.54204767,-1.030623527934025
0.54209831,-1.0502777259376221
0.54214894,-1.0706018339976673
0.54219958,-1.0898054984921923
0.54225022,-1.1060298613021824
0.54230085,-1.1175101081026289
0.54235148,-1.1227102915380205
0.54240212,-1.1203871622905133
0.54245276,-1.1096533320784996
0.54250339,-1.089980600883802
0.54255402,-1.0611974612289758
0.54260466,-1.0234464222969155
0.54265529,-0.97717055052607682
0.54270593,-0.9230748055383291
0.54275657,-0.86207058991050189
0.5428072,-0.79529685408196227
0.54285783,-0.72404357465876501
0.54290847,-0.64996295048184294
0.5429591,-0.57472319248492876
0.54300974,-0.50026822775405166
0.54306038,-0.42856589375358151
0.54311101,-0.36168847208201849
0.54316164,-0.30174237648646818
0.54321228,-0.25080459402032795
0.54326292,-0.21095237163031122
0.54331355,-0.18405459770038141
0.54336418,-0.17172991888901515
0.54341482,-0.17525922946296307
0.54346545,-0.19547949286364918
0.54351609,-0.23266280280224189
0.54356673,-0.28647500294861128
0.54361736,-0.35588873375250252
0.54366799,-0.43913921189486699
0.54371863,-0.53382200768894339
0.54376927,-0.63692215694930276
0.5438199,-0.74488898550033067
0.54387053,-0.85370193694718
0.54392117,-0.95945644964571808
0.5439718,-1.0584224947135663
0.54402244,-1.147128524794844
0.54407308,-1.2227656660757702
0.54412371,-1.2832006027987117
0.54417434,-1.3270951246557716
0.54422498,-1.353997977427178
0.54427561,-1.3642874416171045
0.54432625,-1.3589647948487933
0.54437689,-1.3398512273736576
0.54442752,-1.3091781675044705
0.54447815,-1.2693130882032486
0.54452879,-1.2227637348204716
0.54457943,-1.1719793329033714
0.54463006,-1.1191735043200963
0.54468069,-1.0662675362981595
0.54473133,-1.0147957149844853
0.54478196,-0.96591805881821569
0.5448326,-0.92040391715165226
0.54488324,-0.87855956851672512
0.54493387,-0.84033082718444552
0.5449845,-0.80534898430920543
0.54503514,-0.77268450022682167
0.54508577,-0.74141782793607469
0.54513641,-0.710539247916262
0.54518705,-0.67882352503868293
0.54523768,-0.64498513692438442
0.54528831,-0.60786747663215523
0.54533895,-0.56656623886365309
0.54538959,-0.52050030202971442
0.54544022,-0.46957788106442994
0.54549085,-0.41413505354566704
0.54554149,-0.35503428785640173
0.54559212,-0.29361772193029101
0.54564276,-0.23157395944002071
0.5456934,-0.17094543034771703
0.54574403,-0.11386740208037688
0.54579466,-0.06259166894354834
0.5458453,-0.019224191413006353
0.54589593,0.014305077107726216
0.54594657,0.036407685634719023
0.54599721,0.045843640056929147
0.54604784,0.041758919294858143
0.54609847,0.023878900060360142
0.54614911,-0.0076291147450845975
0.54619975,-0.052140868455167244
0.54625038,-0.10859680282484246
0.54630101,-0.17548370890618631
0.54635165,-0.25086694647005975
0.54640228,-0.33249344103837009
0.54645292,-0.41779944971656313
0.54650356,-0.50399363648122986
0.54655419,-0.58830244406008736
0.54660482,-0.6680267353670778
0.54665546,-0.7407572987428237
0.5467061,-0.80455341866849839
0.54675673,-0.8580761072882539
0.54680736,-0.90069850516977301
0.546858,-0.93256129144051014
0.54690863,-0.95457606583475463
0.54695927,-0.9683427831165824
0.54700991,-0.97593631127061065
0.54706054,-0.97969035738434951
0.54711117,-0.98197454342954282
0.54716181,-0.98494096444753554
0.54721244,-0.99028542519455809
0.54726308,-0.99902952849032811
0.54731372,-1.0115019874779261
0.54736435,-1.0273207192281579
0.54741498,-1.0454776255434535
0.54746562,-1.0644846598809994
0.54751626,-1.0825760608171511
0.54756689,-1.0978976350354197
0.54761752,-1.1086742522180515
0.54766816,-1.1133432746103673
0.54771879,-1.1106287957283307
0.54776943,-1.0996067070485886
0.54782007,-1.0797054794193437
0.5478707,-1.0507145767271981
0.54792133,-1.0127788638329931
0.54797197,-0.96625776656665585
0.5480226,-0.91184458103061528
0.54807324,-0.85039464026950906
0.54812388,-0.78307896790441522
0.54817451,-0.71113439450437199
0.54822514,-0.63622217522317848
0.54827578,-0.55995170903739855
0.54832642,-0.4842295834035576
0.54837705,-0.41107215646248363
0.54842768,-0.34251552786692369
0.54847832,-0.28067102138716671
0.54852895,-0.22763206419632909
0.54857959,-0.18548480574979914
0.54863023,-0.15613074584988046
0.54868086,-0.14122286700106329
0.54873149,-0.14208897068104054
0.54878213,-0.15962554700341525
0.54883277,-0.19418870734236204
0.5488834,-0.24550670040065989
0.54893404,-0.31263588064742925
0.54898467,-0.39391251983503656
0.5490353,-0.48701212224619783
0.54908594,-0.58896866960420446
0.54913658,-0.69634010653786627
0.54918721,-0.80521914379497739
0.54923784,-0.9115426559947446
0.54928848,-1.0115589188442076
0.54933911,-1.1018019326887005
0.54938975,-1.1793635293308089
0.54944039,-1.2419753204523327
0.54949102,-1.2882134666886293
0.54954165,-1.3175094832880805
0.54959229,-1.3301297587922374
0.54964293,-1.3269398083986925
0.54969356,-1.3097811559455423
0.54974419,-1.2808018224653739
0.54979483,-1.2423482334607971
0.54984546,-1.1969096654399283
0.5498961,-1.1469529859393361
0.54994674,-1.0947436497982646
0.54999737,-1.0422255901870605
0.550048,-0.99100023360543854
0.55009864,-0.94226862320363047
0.55014927,-0.89685007257328675
0.55019991,-0.85511526631489376
0.55025055,-0.81705177780163352
0.55030118,-0.78233997192716731
0.55035181,-0.75012943646730212
0.55040245,-0.7194494683767082
0.55045309,-0.68933787350253806
0.55050372,-0.65859380976668602
0.55055435,-0.62592851671432403
0.55060499,-0.59016029618397903
0.55065562,-0.55035106273967149
0.55070626,-0.50588158240085845
0.5507569,-0.45657460056467725
0.55080753,-0.40272244895284759
0.55085816,-0.34511911798296901
0.5509088,-0.28503980423136099
0.55095943,-0.22415531129658339
0.55101007,-0.16443869690467433
0.55106071,-0.10802752811193006
0.55111134,-0.057145086908828135
0.55116197,-0.013936576838921966
0.55121261,0.01965999253237255
0.55126325,0.041994770853348462
0.55131388,0.051789391803297335
0.55136451,0.048133460244907722
0.55141515,0.030690591539921763
0.55146578,-0.00043570008852589215
0.55151642,-0.044678521464048659
0.55156706,-0.10102532774391648
0.55161769,-0.16801832650499859
0.55166832,-0.24376887369479516
0.55171896,-0.32606704904777811
0.5517696,-0.41232894373510998
0.55182023,-0.49984259539063791
0.55187086,-0.58579181307658645
0.5519215,-0.66745744779354177
0.55197213,-0.74238543455217132
0.55202277,-0.80855193116734625
0.55207341,-0.86453638917609921
0.55212404,-0.90963090823069603
0.55217467,-0.9438843829587209
0.55222531,-0.96811737110741325
0.55227594,-0.98385647956898747
0.55232658,-0.99312923305275991
0.55237722,-0.99824540532159378
0.55242785,-1.001581590542606
0.55247848,-1.0053263890679986
0.55252912,-1.0112452811903931
0.55257976,-1.0204399405837816
0.55263039,-1.0333257507736726
0.55268102,-1.0496059944976599
0.55273166,-1.0683466441981773
0.55278229,-1.0881071326337532
0.55283293,-1.1071470684461375
0.55288357,-1.1236134472583976
0.5529342,-1.1357185631023021
0.55298483,-1.1418631398740646
0.55303547,-1.1407351676257327
0.5530861,-1.131361474172452
0.55313674,-1.1131300014108683
0.55318738,-1.0857726914983534
0.55323801,-1.0493619089999957
0.55328864,-1.0042499286809412
0.55333928,-0.95111143860743219
0.55338992,-0.89080594630933707
0.55344055,-0.82441896888199584
0.55349118,-0.75316836446864688
0.55354182,-0.67865367584171343
0.55359245,-0.60254466222633929
0.55364309,-0.52668835257948809
0.55369373,-0.45310460507902195
0.55374436,-0.3838196450235809
0.55379499,-0.32093263334973499
0.55384563,-0.26655761669524258
0.55389626,-0.22273654466522047
0.5539469,-0.19141268619164059
0.55399754,-0.17428443412841468
0.55404817,-0.17272971821455479
0.5540988,-0.18771649252251604
0.55414944,-0.21968242142980715
0.55420008,-0.26845309965299158
0.55425071,-0.33317005024112961
0.55430134,-0.41227012811692842
0.55435198,-0.50351102040399232
0.55440261,-0.60395065958364025
0.55445325,-0.71022770515350997
0.55450389,-0.81851143016755812
0.55455452,-0.92470873574293089
0.55460515,-1.0250015933509191
0.55465579,-1.1158799324827267
0.55470643,-1.1943305248708314
0.55475706,-1.258060270622771
0.55480769,-1.3054914917625253
0.55485833,-1.3359590199492075
0.55490896,-1.3496361753740442
0.5549596,-1.3474606467374692
0.55501024,-1.3308603289219589
0.55506087,-1.3021101287286634
0.5551115,-1.2635532893947641
0.55516214,-1.2176738225523751
0.55521277,-1.1669669504921845
0.55526341,-1.1137391469331952
0.55531405,-1.0599888584169297
0.55536468,-1.007343002634411
0.55541531,-0.95706752945629014
0.55546595,-0.91002063552477908
0.55551659,-0.86664246004905476
0.55556722,-0.82695230265287045
0.55561785,-0.79067721692703175
0.55566849,-0.75703699277668157
0.55571912,-0.72502347478767049
0.55576976,-0.69371733917836098
0.5558204,-0.66191390993068289
0.55587103,-0.62834489212548317
0.55592166,-0.59178684961764105
0.5559723,-0.55127497273981996
0.55602293,-0.5061343795482266
0.55607357,-0.45615907644282383
0.55612421,-0.40156627356864077
0.55617484,-0.34309474967026121
0.55622547,-0.28198438206595577
0.55627611,-0.21987542245835884
0.55632675,-0.15869115955645913
0.55637738,-0.10057422958935214
0.55642801,-0.047744254178410772
0.55647865,-0.0023707260187184609
0.55652928,0.033578342267743866
0.55657992,0.058414549527946169
0.55663056,0.070811387195459818
0.55668119,0.069803723705490928
0.55673182,0.054996456696949636
0.55678246,0.026428787118631281
0.5568331,-0.015378624623410997
0.55688373,-0.069471078202542003
0.55693437,-0.13444940197983479
0.556985,-0.20848338915131537
0.55703563,-0.2893901616353588
0.55708627,-0.37464432498990607
0.55713691,-0.46155220024958021
0.55718754,-0.54728982551135974
0.55723817,-0.62911140201597271
0.55728881,-0.7045246712932296
0.55733944,-0.77143854815474355
0.55739008,-0.82834041072706566
0.55744072,-0.87442527363555778
0.55749135,-0.90964589297936571
0.55754198,-0.93473377934087187
0.55759262,-0.9511298587530117
0.55764326,-0.96081606696292721
0.55769389,-0.96608056869898462
0.55774452,-0.9693096135177891
0.55779516,-0.97273493775577813
0.55784579,-0.9781936265134481
0.55789643,-0.98688385775821041
0.55794707,-0.9993072334674159
0.5579977,-1.0152611823924866
0.55804833,-1.0338810927070505
0.55809897,-1.0537733218954113
0.5581496,-1.0732197866112929
0.55820024,-1.0903692657842419
0.55825088,-1.1034133092635849
0.55830151,-1.1107205562053535
0.55835214,-1.1109305247070127
0.55840278,-1.1030240343635171
0.55845342,-1.0863455147067897
0.55850405,-1.0605930784531639
0.55855468,-1.0257903126771677
0.55860532,-0.98229422778864273
0.55865595,-0.93070136146852889
0.55870659,-0.87185883447079693
0.55875723,-0.80680454333654861
0.55880786,-0.73679154444358408
0.55885849,-0.66337615854481202
0.55890913,-0.58818882259175376
0.55895976,-0.51304919085885037
0.5590104,-0.43999907239456199
0.55906104,-0.37102219686450449
0.55911167,-0.30822788688489416
0.5591623,-0.25373149900257019
0.55921294,-0.20958148932072068
0.55926358,-0.17772628776834792
0.55931421,-0.15990229459836947
0.55936484,-0.15751655565529393
0.55941548,-0.17157906089711161
0.55946611,-0.20258912288662284
0.55951675,-0.2504393180942267
0.55956739,-0.31435311936900956
0.55961802,-0.3928588478850335
0.55966865,-0.48381708375343757
0.55971929,-0.5843704837156618
0.55976993,-0.69114105186759622
0.55982056,-0.80040786550679965
0.55987119,-0.90811758691204192
0.55992183,-1.0104057640002293
0.55997246,-1.1036989290342309
0.5600231,-1.1848749925111539
0.56007374,-1.2515986837722604
0.56012437,-1.3021470550324277
0.560175,-1.3357683422757163
0.56022564,-1.3525285676138004
0.56027627,-1.3532851734707307
0.56032691,-1.3393930810207881
0.56037755,-1.3130900090389843
0.56042818,-1.2766997605711752
0.56047881,-1.2327024793129278
0.56052945,-1.1835956122000262
0.56058009,-1.131704721511162
0.56063072,-1.079082966834523
0.56068135,-1.0273979171228609
0.56073199,-0.97792521535215493
0.56078262,-0.93156473889308744
0.56083326,-0.88882071209217139
0.5608839,-0.84974864136656136
0.56093453,-0.81410183138719383
0.56098516,-0.7811747336174768
0.5610358,-0.74993093517162768
0.56108643,-0.71947598989622208
0.56113707,-0.68863322891955481
0.56118771,-0.65613754897645893
0.56123834,-0.62075705234564027
0.56128897,-0.58149168322994083
0.56133961,-0.5376304158764813
0.56139025,-0.48888376808603318
0.56144088,-0.43543714343261153
0.56149151,-0.37794987640142447
0.56154215,-0.31760143711435618
0.56159278,-0.25596417640617375
0.56164342,-0.1949450153545495
0.56169406,-0.13666743008334548
0.56174469,-0.083347473633345381
0.56179532,-0.037164694200718773
0.56184596,-0.00012885394671158235
0.56189659,0.026028269889345201
0.56194723,0.039930368480140199
0.56199787,0.040548343404140819
0.5620485,0.027429619803549965
0.56209913,0.00055694297257763425
0.56214977,-0.039624170750349852
0.56220041,-0.092210147974123469
0.56225104,-0.15585180976708302
0.56230167,-0.22876251698080713
0.56235231,-0.30879234365471642
0.56240294,-0.39346747505835367
0.56245358,-0.48010487738426888
0.56250422,-0.5658822540091103
0.56255485,-0.64804344623061416
0.56260548,-0.72402469010447978
0.56265612,-0.79168518245921105
0.56270676,-0.84944354538196198
0.56275739,-0.89639687769028575
0.56280802,-0.93240238556159194
0.56285866,-0.95810689567933416
0.56290929,-0.9748693122095734
0.56295993,-0.98462051640613479
0.56301057,-0.98962501407337544
0.5630612,-0.9922731962725323
0.56311183,-0.99483257839875705
0.56316247,-0.9992070341181285
0.5632131,-1.0066780085451377
0.56326374,-1.01783564761604
0.56331438,-1.0325616421883674
0.56336501,-1.0500686433813688
0.56341564,-1.069017052502748
0.56346628,-1.0877200771827042
0.56351692,-1.1043286228447005
0.56356755,-1.1170196722571624
0.56361818,-1.124131336058424
0.56366882,-1.124268028247895
0.56371945,-1.1163679263258186
0.56377009,-1.0997338081272758
0.56382073,-1.0740119004204933
0.56387136,-1.0391952558650792
0.56392199,-0.99563493443029538
0.56397263,-0.94386739165275457
0.56402326,-0.88473487158054165
0.5640739,-0.81924570919699735
0.56412454,-0.74864418196890492
0.56417517,-0.67444042517635461
0.5642258,-0.59828372180369471
0.56427644,-0.52193458740557663
0.56432708,-0.44744573770929252
0.56437771,-0.37679253668432394
0.56442834,-0.31205121227890747
0.56447898,-0.25537251300410513
0.56452961,-0.2088096275731858
0.56458025,-0.17433637704888219
0.56463089,-0.1537278163647966
0.56468152,-0.14843758100757626
0.56473215,-0.15953182901401392
0.56478279,-0.18757967659249197
0.56483343,-0.23254247659327082
0.56488406,-0.2937280150336361
0.5649347,-0.36972127189417481
0.56498533,-0.45845901539710004
0.56503596,-0.55718546582953821
0.5650866,-0.66256271553323232
0.56513724,-0.77089926491724847
0.56518787,-0.87812994751314455
0.5652385,-0.9803969099755393
0.56528914,-1.0740242823241091
0.56533977,-1.1559045255917733
0.56539041,-1.2235619531101964
0.56544105,-1.2752174725313341
0.56549168,-1.3100135616394168
0.56554231,-1.3279101606360624
0.56559295,-1.329688475669712
0.56564359,-1.3166339357712187
0.56569422,-1.2909358493983532
0.56574485,-1.254911783371399
0.56579549,-1.2110315260310114
0.56584612,-1.1618076150821057
0.56589676,-1.1095885402377514
0.5659474,-1.0564766642103502
0.56599803,-1.0042048618957025
0.56604866,-0.95407649136446138
0.5660993,-0.90705395223368213
0.56614993,-0.86367243719288722
0.56620057,-0.82404040495825903
0.56625121,-0.78793721402553962
0.56630184,-0.7547273471202971
0.56635247,-0.72335582117918329
0.56640311,-0.69294476565090568
0.56645375,-0.66234050202976902
0.56650438,-0.63027865114851978
0.56655501,-0.59550272138095961
0.56660565,-0.55698477418487391
0.56665628,-0.5139687867062086
0.56670692,-0.46611367806069726
0.56675756,-0.41354903121036279
0.56680819,-0.35688221888270288
0.56685882,-0.29723358262096855
0.56690946,-0.23612496651964665
0.56696009,-0.17546149860716304
0.56701073,-0.11730502163891704
0.56706137,-0.063889373088179546
0.567112,-0.01740355809443167
0.56716263,0.020123000840954808
0.56721327,0.046926872095492511
0.56726391,0.061583913922798939
0.56731454,0.063020636919838169
0.56736517,0.050731917433172791
0.56741581,0.024640248147942745
0.56746644,-0.014856670762474433
0.56751708,-0.066900719288451593
0.56756772,-0.13018539761726738
0.56761835,-0.20298969607287176
0.56766898,-0.28319800617593649
0.56771962,-0.36835854937036738
0.56777026,-0.45583044820931384
0.56782089,-0.54276228055657116
0.56787152,-0.626404142197864
0.56792216,-0.70414095992299874
0.56797279,-0.77376716233918053
0.56802343,-0.83364404826839644
0.56807407,-0.88277483742307472
0.5681247,-0.9209291112405309
0.56817533,-0.94867000981770078
0.56822597,-0.96728018577015773
0.5682766,-0.97864519474778089
0.56832724,-0.98500510364018024
0.56837788,-0.98875181092286268
0.56842851,-0.99218368784946775
0.56847914,-0.99726117609205756
0.56852978,-1.0053447351416578
0.56858042,-1.0170995461098111
0.56863105,-1.0324904745445862
0.56868168,-1.0507943995151148
0.56873232,-1.0707230813520208
0.56878295,-1.0906163601321064
0.56883359,-1.1086308894886245
0.56888423,-1.122927195250615
0.56893486,-1.1318197440172317
0.56898549,-1.1338790489795463
0.56903613,-1.1279975378910698
0.56908676,-1.1134333111480357
0.5691374,-1.0898000779213721
0.56918804,-1.0570466960941478
0.56923867,-1.0154308591352206
0.5692893,-0.96553919540178323
0.56933994,-0.90815378787629253
0.56939058,-0.84428749126182845
0.56944121,-0.77511461029599937
0.56949184,-0.70210306002022571
0.56954248,-0.62690870010503408
0.56959311,-0.55127827773765192
0.56964375,-0.47725350447230319
0.56969439,-0.40680103504143056
0.56974502,-0.34199555010094906
0.56979565,-0.28498094358094667
0.56984629,-0.23782677919353595
0.56989692,-0.20251961748076905
0.56994756,-0.18084275972689975
0.5699982,-0.17428678221268287
0.57004883,-0.18396342548539862
0.57009946,-0.21049931697064755
0.5701501,-0.25393238804651047
0.57020074,-0.31364550843883182
0.57025137,-0.38832343315833223
0.570302,-0.47591662829644993
0.57035264,-0.57376270436403076
0.57040327,-0.67862442096236464
0.57045391,-0.7868485333240437
0.57050455,-0.89435558915432023
0.57055518,-0.99726178165892565
0.57060581,-1.0918952175668761
0.57065645,-1.1751005788918403
0.57070709,-1.2442306887013772
0.57075772,-1.2975275630059422
0.57080835,-1.3339989091066133
0.57085899,-1.3535171378814099
0.57090962,-1.3567810722933829
0.57096026,-1.3451734494152603
0.5710109,-1.3204754248083348
0.57106153,-1.285144095811755
0.57111216,-1.2416381114365078
0.5711628,-1.1924929474136516
0.57121343,-1.1400693221430116
0.57126407,-1.0865084073959692
0.57131471,-1.0336041039155024
0.57136534,-0.98269934435243766
0.57141597,-0.93481184214255142
0.57146661,-0.8905117145641448
0.57151725,-0.84995321403426627
0.57156788,-0.8129534218083927
0.57161851,-0.77893084423999337
0.57166915,-0.74682233236213913
0.57171978,-0.71576229340159725
0.57177042,-0.68461779786788446
0.57182106,-0.65210729972028691
0.57187169,-0.61697209318281254
0.57192232,-0.5781384909673537
0.57197296,-0.53482331154127982
0.57202359,-0.48663232079886443
0.57207423,-0.43366042441526431
0.57212487,-0.37644356595435458
0.5721755,-0.31608679607511736
0.57222613,-0.25406126516820171
0.57227677,-0.19225026872704004
0.57232741,-0.1326943873159579
0.57237804,-0.077632138731740574
0.57242867,-0.029261775973469295
0.57247931,0.010367740649943502
0.57252994,0.039461212072273266
0.57258058,0.056551718541065499
0.57263122,0.060520655825791747
0.57268185,0.0508137005417168
0.57273248,0.027297380492619483
0.57278312,-0.0096835787156335229
0.57283376,-0.059325582754062189
0.57288439,-0.12036121592497923
0.57293503,-0.19112200365069382
0.57298566,-0.26952884695484858
0.57303629,-0.35317291569297626
0.57308693,-0.43944639339093322
0.57313757,-0.52549800662142176
0.5731882,-0.60856960169300822
0.57323883,-0.68604023820935212
0.57328947,-0.75564180617306131
0.5733401,-0.81567202850169307
0.57339074,-0.86506224839618284
0.57344138,-0.90349977932421977
0.57349201,-0.93145564204480946
0.57354264,-0.95013768988167657
0.57359328,-0.96137426696514006
0.57364392,-0.96737670055707603
0.57369455,-0.97053046404199639
0.57374518,-0.97315582028487868
0.57379582,-0.9772600206231965
0.57384645,-0.98428716141453099
0.57389709,-0.99497952777508036
0.57394773,-1.0093839130351991
0.57399836,-1.0268515212601277
0.57404899,-1.046148919504859
0.57409963,-1.0656473407718576
0.57415026,-1.0835200406344498
0.5742009,-1.0979124938481557
0.57425154,-1.1071176739213229
0.57430217,-1.1096673519707374
0.5743528,-1.1044166628877488
0.57440344,-1.0905795323165439
0.57445408,-1.0677355476441661
0.57450471,-1.0358085991510504
0.57455534,-0.99504928408230575
0.57460598,-0.94594566928763468
0.57465661,-0.88927409593721229
0.57470725,-0.82599481270055897
0.57475789,-0.75732622824772644
0.57480852,-0.68467016579458395
0.57485915,-0.60967245472394038
0.57490979,-0.53405288085184677
0.57496042,-0.45979542596286083
0.57501106,-0.38888699908936175
0.5750617,-0.32340422192006868
0.57511233,-0.26551406508768494
0.57516296,-0.21727831183937468
0.5752136,-0.18072521291300966
0.57526424,-0.15764825436065791
0.57531487,-0.14958124598358086
0.5753655,-0.15767992327236979
0.57541614,-0.18262523713642642
0.57546677,-0.22452245389565939
0.57551741,-0.28282987776895485
0.57556805,-0.35631985631634805
0.57561868,-0.44306301446487117
0.57566931,-0.54042203300182101
0.57571995,-0.64518604365787269
0.57577059,-0.75376281240445731
0.57582122,-0.86213624167740033
0.57587185,-0.96639965724868493
0.57592249,-1.0628346088098182
0.57597312,-1.1481886743792764
0.57602376,-1.2197749295073828
0.5760744,-1.275701402688211
0.57612503,-1.314886439959428
0.57617566,-1.3371224975915537
0.5762263,-1.343013662889083
0.57627693,-1.3337065539687183
0.57632757,-1.3112735673088753
0.57637821,-1.2779844407841991
0.57642884,-1.2362651132446789
0.57647947,-1.1886459961535349
0.57653011,-1.1374979879609415
0.57658075,-1.0849855515593534
0.57663138,-1.0329464438943887
0.57668201,-0.98276071804567278
0.57673265,-0.9354935679464278
0.57678328,-0.89176352896075761
0.57683392,-0.85176956361048239
0.57688456,-0.81535750607545476
0.57693519,-0.7820272876018215
0.57698582,-0.75071879053856327
0.57703646,-0.72056904585929238
0.57708709,-0.69047127556648169
0.57713773,-0.6591522165387409
0.57718837,-0.62535001713612526
0.577239,-0.58796056155904308
0.57728963,-0.54616439774397985
0.57734027,-0.49952132486121209
0.57739091,-0.44806137883772962
0.57744154,-0.3922696373949025
0.57749217,-0.33317350905322018
0.57754281,-0.27221055380118864
0.57759344,-0.21121223895029356
0.57764408,-0.15221851513096507
0.57769472,-0.097426195961208051
0.57774535,-0.049063548015140457
0.57779598,-0.009185027747011798
0.57784662,0.020373872674969762
0.57789725,0.038109210176162645
0.57794789,0.042911734787949019
0.57799853,0.034051842930770182
0.57804916,0.011397288619847012
0.57809979,-0.024753015868006156
0.57815043,-0.073650244622172845
0.57820107,-0.13408339368519889
0.5782517,-0.20442509694196143
0.57830233,-0.28261290199942418
0.57835297,-0.36630439221644812
0.5784036,-0.45289214571016317
0.57845424,-0.53954069171534902
0.57850488,-0.62350038489691983
0.57855551,-0.70210911627455919
0.57860614,-0.77306637716226334
0.57865678,-0.83457914976625669
0.57870742,-0.88550986883411398
0.57875805,-0.9254528558091587
0.57880868,-0.95478577937701015
0.57885932,-0.97463586290305537
0.57890995,-0.98677417783531052
0.57896059,-0.99337467162984994
0.57901123,-0.9968132393284137
0.57906186,-0.99942799797656467
0.57911249,-1.0032776547414519
0.57916313,-1.009873039640381
0.57921376,-1.020037907022433
0.5792644,-1.0339000140397769
0.57931504,-1.0508862724017902
0.57936567,-1.0698215795398878
0.5794163,-1.0891172876578292
0.57946694,-1.1069604108274294
0.57951758,-1.1214958396304255
0.57956821,-1.1309924182167082
0.57961884,-1.1339590404396502
0.57966948,-1.1292113456821364
0.57972011,-1.1159230778300784
0.57977075,-1.0936302054233287
0.57982139,-1.0622128368611596
0.57987202,-1.0218560088775464
0.57992265,-0.97307348258551452
0.57997329,-0.91660746202906529
0.58002392,-0.85339673055960263
0.58007456,-0.78458741840986135
0.5801252,-0.71156051499903028
0.58017583,-0.63598711512207962
0.58022646,-0.55956529753898421
0.5802771,-0.48423440702343445
0.58032774,-0.41201795689736154
0.58037837,-0.34498773986766174
0.580429,-0.2852705375042367
0.58047964,-0.23494079444307536
0.58053027,-0.19604313199922474
0.58058091,-0.17041238796260449
0.58063155,-0.1596197406574737
0.58068218,-0.16488251819236366
0.58073281,-0.18695088892513861
0.58078345,-0.22600250487191326
0.58083408,-0.28158439903079724
0.58088472,-0.35254021837276694
0.58093536,-0.43699845649668811
0.58098599,-0.53243443515881617
0.58103662,-0.63569063869928366
0.58108726,-0.7431419489697455
0.5811379,-0.85083308472548946
0.58118853,-0.95483505751055031
0.58123916,-1.0514198528441281
0.5812898,-1.1372480067739241
0.58134043,-1.2095887703950077
0.58139107,-1.2664421836594881
0.58144171,-1.3066606903274915
0.58149234,-1.329919528884171
0.58154297,-1.3367318827401877
0.58159361,-1.3283442090726281
0.58164425,-1.3064123452107723
0.58169488,-1.2733407981758607
0.58174551,-1.2315496245658184
0.58179615,-1.1835784528678022
0.58184678,-1.131839325227004
0.58189742,-1.0785158043013401
0.58194806,-1.0254978580914336
0.58199869,-0.97422547897345235
0.58204932,-0.92579630498362897
0.58209996,-0.88088937542854073
0.58215059,-0.83973325724668979
0.58220123,-0.80221487749034703
0.58225187,-0.76787606207519388
0.5823025,-0.73570002930227085
0.58235313,-0.70481443202210547
0.58240377,-0.67413701886513999
0.58245441,-0.64242549976133445
0.58250504,-0.60840072129306777
0.58255567,-0.57093797439909266
0.58260631,-0.52918474667261717
0.58265694,-0.48264478300513103
0.58270758,-0.43130246213328616
0.58275822,-0.37558794103169879
0.58280885,-0.31646195995535897
0.58285948,-0.25532356688717267
0.58291012,-0.1939407660727524
0.58296075,-0.13438117452884996
0.58301139,-0.078785317070549421
0.58306203,-0.029408024577681879
0.58311266,0.011692502970944818
0.58316329,0.042627766753204677
0.58321393,0.061863408596933511
0.58326457,0.068241275455055539
0.5833152,0.060977843907771667
0.58336583,0.03987517673604174
0.58341647,0.0051809697260996046
0.5834671,-0.04239643775306573
0.58351774,-0.10171044459782441
0.58356838,-0.17118667614064076
0.58361901,-0.24882828127121009
0.58366964,-0.33231428916466088
0.58372028,-0.41904604190276096
0.58377092,-0.50623816678930234
0.58382155,-0.59106733844562886
0.58387218,-0.67087567220711475
0.58392282,-0.74331399699122003
0.58397345,-0.80652532748305017
0.58402409,-0.85928494557181534
0.58407473,-0.90109491796869823
0.58412536,-0.93223891996107744
0.58417599,-0.95375571377915425
0.58422663,-0.96735204828978527
0.58427726,-0.97516138917087514
0.5843279,-0.97954554712328268
0.58437854,-0.98285843845385135
0.58442917,-0.98719717406604823
0.5844798,-0.99415297491296206
0.58453044,-1.00463105815519
0.58458108,-1.0188399987927244
0.58463171,-1.036280388987455
0.58468234,-1.0558407478207414
0.58473298,-1.0759682936754134
0.58478361,-1.0948658850483435
0.58483425,-1.1106755838180917
0.58488489,-1.1216424254155588
0.58493552,-1.1262460927509477
0.58498615,-1.1232623766777954
0.58503679,-1.1118242730630603
0.58508742,-1.0914219349949144
0.58513806,-1.06190310456279
0.5851887,-1.0234231139545862
0.58523933,-0.9764447999216247
0.58528996,-0.92168314778198934
0.5853406,-0.86005533396700651
0.58539124,-0.79270318187246847
0.58544187,-0.72094534321772286
0.5854925,-0.64645212366635196
0.58554314,-0.57089145565673738
0.58559377,-0.49620653294318051
0.58564441,-0.42439462383335141
0.58569505,-0.35752838438553708
0.58574568,-0.29772031902657359
0.58579631,-0.24704746949061301
0.58584695,-0.20757386140760542
0.58589758,-0.1811661700508729
0.58594822,-0.16941992827487379
0.58599886,-0.17359145584061891
0.58604949,-0.19448756082317825
0.58610012,-0.23234238006722521
0.58615076,-0.28677739952535075
0.5862014,-0.35673501172773053
0.58625203,-0.44040433488523828
0.58630266,-0.53534714044341036
0.5863533,-0.63852961939638853
0.58640393,-0.74636340268302526
0.58645457,-0.85484625738590903
0.58650521,-0.96009245208690541
0.58655584,-1.0583503307041511
0.58660647,-1.1462213776342596
0.58665711,-1.220919323005615
0.58670775,-1.2803348058535338
0.58675838,-1.3231837604423475
0.58680901,-1.3490562406824798
0.58685965,-1.3583637684670264
0.58691028,-1.3521002719530033
0.58696092,-1.3322031137459569
0.58701156,-1.3008709678488728
0.58706219,-1.2604778869288791
0.58711282,-1.2135356797642394
0.58716346,-1.1624857652843859
0.58721409,-1.1095316903355259
0.58726473,-1.0565863992170788
0.58731537,-1.0051579204202623
0.587366,-0.95638654256515532
0.58741663,-0.91101890113347683
0.58746727,-0.8693389498457893
0.58751791,-0.83127287372892478
0.58756854,-0.79643114740030363
0.58761917,-0.76385938872698977
0.58766981,-0.73264840891562011
0.58772044,-0.7017716549501325
0.58777108,-0.66999101661674965
0.58782172,-0.63603904192131855
0.58787235,-0.59875918032827746
0.58792298,-0.55726437062744361
0.58797362,-0.51099124265690166
0.58802425,-0.45987816668519516
0.58807489,-0.40429005023081044
0.58812553,-0.34510975051368897
0.58817616,-0.28369603924867332
0.58822679,-0.22177348130711422
0.58827743,-0.16139455860552354
0.58832807,-0.10469157608960167
0.5883787,-0.053919614269015093
0.58842933,-0.011171658833903697
0.58847997,0.021638806566335933
0.5885306,0.04293826677380197
0.58858124,0.051510393915190023
0.58863188,0.046522714638162932
0.58868251,0.02772461546833338
0.58873314,-0.0046932314857742741
0.58878378,-0.050082011462798282
0.58883441,-0.10735135772875454
0.58888505,-0.17496852832720788
0.58893569,-0.25097794796661943
0.58898632,-0.33310207294704236
0.58903695,-0.418774862105462
0.58908759,-0.50519624205658609
0.58913823,-0.58958593897480072
0.58918886,-0.66925183197312477
0.58923949,-0.74180765358618406
0.58929013,-0.80533763163701599
0.58934076,-0.85854051903009354
0.5893914,-0.90082456418038293
0.58944204,-0.93236881571253627
0.58949267,-0.95412518835668503
0.5895433,-0.96772373116302224
0.58959394,-0.97525830799447211
0.58964458,-0.97907172770378315
0.58969521,-0.98153137477148023
0.58974584,-0.98477526417725025
0.58979648,-0.99046975780179192
0.58984711,-0.99960368961544188
0.58989775,-1.0124721653769448
0.58994839,-1.0286585725858999
0.58999902,-1.0471253090402444
0.59004965,-1.0663664921582734
0.59010029,-1.0846061419355362
0.59015092,-1.0999890504118381
0.59020156,-1.1107446039516953
0.5902522,-1.115320483864606
0.59030283,-1.1124552788054598
0.59035346,-1.1012398329610071
0.5904041,-1.0811191092454842
0.59045474,-1.051899082997678
0.59050537,-1.0137367587315169
0.590556,-0.96701079203571871
0.59060664,-0.91242526898223308
0.59065727,-0.85085555404841984
0.59070791,-0.78347213710067376
0.59075855,-0.71153493201408846
0.59080918,-0.6367086935544739
0.59085981,-0.56060345241535137
0.59091045,-0.48516396356165115
0.59096108,-0.41236449178554763
0.59101172,-0.34426499303883606
0.59106236,-0.28297794127505477
0.59111299,-0.23059384691420542
0.59116362,-0.18918558541953284
0.59121426,-0.16064846454364579
0.5912649,-0.14662588679887009
0.59131553,-0.14842689639844464
0.59136616,-0.1669244020640282
0.5914168,-0.20244307283452057
0.59146743,-0.25468690008719963
0.59151807,-0.322673121244554
0.59156871,-0.40471043135837492
0.59161934,-0.4984404358565892
0.59166997,-0.60086105290788006
0.59172061,-0.70849397711238449
0.59177125,-0.8173693442884109
0.59182188,-0.92349379020840594
0.59187251,-1.02312252937013
0.59192315,-1.1127646549333527
0.59197378,-1.1895453124985651
0.59202442,-1.2512671926837329
0.59207506,-1.2965368355788762
0.59212569,-1.3248453310889379
0.59217632,-1.3364981071850299
0.59222696,-1.3324094146732794
0.59227759,-1.3144493261933583
0.59232823,-1.28478153950498
0.59237887,-1.2457656580204057
0.5924295,-1.1998966072638908
0.59248013,-1.1496298682592179
0.59253077,-1.097213752254262
0.59258141,-1.0445774340112453
0.59263204,-0.9932934107853264
0.59268267,-0.94455624400112814
0.59273331,-0.89916110777745029
0.59278394,-0.85745485404400745
0.59283458,-0.81941019319493524
0.59288522,-0.78468958157037016
0.59293585,-0.75241173060236299
0.59298648,-0.72162342034256521
0.59303712,-0.69134320158407858
0.59308775,-0.66036124436184562
0.59313839,-0.62739115007317903
0.59318903,-0.59125666896789797
0.59323966,-0.55103351059959926
0.59329029,-0.50612903735021342
0.59334093,-0.45638788407877529
0.59339157,-0.40211850242225683
0.5934422,-0.34415931901002694
0.59349283,-0.28380097262500437
0.59354347,-0.22272352378295557
0.5935941,-0.1629329434332919
0.59364474,-0.10656924948904761
0.59369538,-0.055864362248057631
0.59374601,-0.012944841456633216
0.59379664,0.020252442523706726
0.59384728,0.042107627229495348
0.59389791,0.051359028534749329
0.59394855,0.04712211459559712
0.59399919,0.029088399171466273
0.59404982,-0.0026106524473438197
0.59410045,-0.047377890814551238
0.59415109,-0.10418901052458179
0.59420173,-0.17155235836247301
0.59425236,-0.24756525158167458
0.59430299,-0.32999811661996897
0.59435363,-0.41626816734151856
0.59440426,-0.50362741091795638
0.5944549,-0.58928484149021387
0.59450554,-0.67051820917706362
0.59455617,-0.74488582480481225
0.5946068,-0.81040458756876266
0.59465744,-0.8656818625580025
0.59470808,-0.91004920207479523
0.59475871,-0.94359329801564829
0.59480934,-0.96717380465445713
0.59485998,-0.98235027581859913
0.59491061,-0.99116995695210786
0.59496125,-0.99595239046037221
0.59501189,-0.99907187836109346
0.59506252,-1.0027022869831821
0.59511315,-1.0085803484037092
0.59516379,-1.0177735525506781
0.59521442,-1.0306610922855999
0.59526506,-1.0469109904577714
0.5953157,-1.0655573598441408
0.59536633,-1.0851397813013084
0.59541696,-1.1039092937554806
0.5954676,-1.1200114324747807
0.59551824,-1.1316659798509898
0.59556887,-1.1372931717913812
0.5956195,-1.1355960903137849
0.59567014,-1.1256252101290194
0.59572077,-1.1067880951817339
0.59577141,-1.0788323509019735
0.59582205,-1.0418496454829782
0.59587268,-0.99622111496930543
0.59592331,-0.94261542837888856
0.59597395,-0.88189706711810878
0.59602458,-0.8151713779552312
0.59607522,-0.74366685681973221
0.59612586,-0.66900388010161582
0.59617649,-0.59283274468177261
0.59622712,-0.51701836173410198
0.59627776,-0.44358699232016863
0.5963284,-0.37458471289891726
0.59637903,-0.31210517800680626
0.59642966,-0.25824205839496539
0.5964803,-0.2150643913272236
0.59653093,-0.18449352459665755
0.59658157,-0.16820294617093337
0.59663221,-0.16755070781694409
0.59668284,-0.1834780448112559
0.59673347,-0.21638978754596144
0.59678411,-0.2660758767860269
0.59683474,-0.33165267551005401
0.59688538,-0.41150540695522675
0.59693602,-0.50336199897256284
0.59698665,-0.60427139810699959
0.59703728,-0.71083567743841247
0.59708792,-0.8192165120376097
0.59713856,-0.92532107223006577
0.59718919,-1.0252901056447481
0.59723982,-1.115694017013193
0.59729046,-1.1935447904976546
0.59734109,-1.2565478737871003
0.59739173,-1.3032094554068716
0.59744237,-1.332895714997486
0.597493,-1.3458282702820146
0.59754363,-1.3429911680465301
0.59759427,-1.3258443860443494
0.59764491,-1.2966763003462853
0.59769554,-1.2578432377960522
0.59774617,-1.2118349926801375
0.59779681,-1.1611350981161053
0.59784744,-1.1080384513917663
0.59789808,-1.0545108321174852
0.59794872,-1.0021694098775846
0.59799935,-0.95225256694176841
0.59804998,-0.905593258971641
0.59810062,-0.86260767151738249
0.59815125,-0.82329462142704357
0.59820189,-0.78736531780042085
0.59825253,-0.75401457205832823
0.59830316,-0.72224167360714209
0.59835379,-0.6911122305517361
0.59840443,-0.65942442177507699
0.59845507,-0.62590553447236996
0.5985057,-0.58935328576824753
0.59855633,-0.54880643362527537
0.59860697,-0.50361597911599021
0.5986576,-0.45359247479689607
0.59870824,-0.3989833443332888
0.59875888,-0.34056350461576501
0.59880951,-0.27959919275858525
0.59886014,-0.21773253677410992
0.59891078,-0.15690727457100445
0.59896141,-0.099269329098415404
0.59901205,-0.047032115507591177
0.59906269,-0.0023613845657473598
0.59911332,0.032799221850178972
0.59916395,0.056772584533470505
0.59921459,0.068258114170360817
0.59926523,0.066313571783143954
0.59931586,0.050569820458335191
0.59936649,0.021093696102199577
0.59941713,-0.021572665247769574
0.59946776,-0.076451338229282739
0.5995184,-0.14211045605306477
0.59956904,-0.2167001621753652
0.59961967,-0.29802467775240749
0.5996703,-0.3835320234654514
0.59972094,-0.47051934770563636
0.59977158,-0.55617727151005281
0.59982221,-0.63776282804034989
0.59987284,-0.71280513143197588
0.59992348,-0.77925060690723402
0.59997411,-0.8356268963203991
0.60002475,-0.88117182304532471
0.60007539,-0.91588160137015184
0.60012602,-0.94052706082317872
0.60017665,-0.95658863833685326
0.60022729,-0.96606868946024393
0.60027792,-0.97126423215389157
0.60032856,-0.97455693354429962
0.6003792,-0.97815808292866802
0.60042983,-0.98387097999263351
0.60048046,-0.99284917768864034
0.6005311,-1.0055538803260464
0.60058174,-1.0217360710831536
0.60063237,-1.0405007128768982
0.600683,-1.0604322333696958
0.60073364,-1.0798034934971312
0.60078427,-1.0967629158436487
0.60083491,-1.1095123641947042
0.60088555,-1.1164369349555987
0.60093618,-1.1161956097298507
0.60098681,-1.1077905968389401
0.60103745,-1.0905846599065492
0.60108808,-1.0642932089378099
0.60113872,-1.0289538187492191
0.60118936,-0.98494413356684152
0.60123999,-0.93286885678564335
0.60129062,-0.87358075241266175
0.60134126,-0.80813983027876479
0.6013919,-0.7377978619524963
0.60144253,-0.66411812936467784
0.60149316,-0.58873897777041018
0.6015438,-0.51349543194711955
0.60159443,-0.44042579536244514
0.60164507,-0.37153011452244999
0.60169571,-0.30891053125250229
0.60174634,-0.25468566620846755
0.60179697,-0.21090337831228564
0.60184761,-0.17952482670515535
0.60189824,-0.16226237730530599
0.60194888,-0.16051389687777884
0.60199952,-0.17526967078397165
0.60205015,-0.20699875886765401
0.60210078,-0.25556022050334792
0.60215142,-0.32013926719299002
0.60220206,-0.39922164698272267
0.60225269,-0.49062656013861683
0.60230332,-0.59145183346817021
0.60235396,-0.69833517469407291
0.60240459,-0.80748777440073882
0.60245523,-0.91482572121284733
0.60250587,-1.0165223298835895
0.6025565,-1.1090502749724043
0.60260713,-1.1893193294697149
0.60265777,-1.2550254588623901
0.60270841,-1.3044931855731532
0.60275904,-1.3370299287792158
0.60280967,-1.3527367202926142
0.60286031,-1.352506296695225
0.60291094,-1.3377263671464643
0.60296158,-1.3106499996493071
0.60301222,-1.273609067055302
0.60306285,-1.229078327689805
0.60311348,-1.1795634966410322
0.60316412,-1.1273739761243802
0.60321475,-1.0745418045448556
0.60326539,-1.0227198478243436
0.60331603,-0.97316179566877181
0.60336666,-0.92674912865765779
0.60341729,-0.88396758227059347
0.60346793,-0.84485525192817712
0.60351857,-0.80914983819850983
0.6035692,-0.77611546875762327
0.60361983,-0.74472579308485698
0.60367047,-0.71407940884303067
0.6037211,-0.68298720082404474
0.60377174,-0.65018103081870671
0.60382238,-0.6144332659528694
0.60387301,-0.57475596442403265
0.60392364,-0.53045471540892009
0.60397428,-0.48127870662552719
0.60402491,-0.4274182350972543
0.60407555,-0.36957691602406861
0.60412619,-0.30898077961223891
0.60417682,-0.24721124015427032
0.60422745,-0.18619274384403495
0.60427809,-0.12804558863003046
0.60432873,-0.075004380676163884
0.60437936,-0.029242879698734181
0.60442999,0.007239566325757063
0.60448063,0.0327412078126329
0.60453126,0.045902582352455978
0.6045819,0.045724256230754268
0.60463254,0.031780630523451425
0.60468317,0.0040823464164894685
0.6047338,-0.03689326799577769
0.60478444,-0.0902172589325278
0.60483507,-0.15451091038329012
0.60488571,-0.22796646048304453
0.60493634,-0.30841923810757521
0.60498698,-0.39337303675013724
0.60503761,-0.48013452868320228
0.60508825,-0.5658796521308026
0.60513889,-0.64785643099547197
0.60518952,-0.72353869301040619
0.60524015,-0.79080043276227163
0.60529079,-0.84809127692304775
0.60534142,-0.89455393939968209
0.60539206,-0.93008653899562888
0.6054427,-0.95537714111469219
0.60549333,-0.97182340041793691
0.60554396,-0.981378603770799
0.6055946,-0.98632050064487831
0.60564524,-0.98903743527705235
0.60569587,-0.99178176075083702
0.6057465,-0.99642782440956801
0.60579714,-1.0042178220745135
0.60584777,-1.0157031805132144
0.60589841,-1.0307262703881535
0.60594905,-1.0484662460897138
0.60599968,-1.0675599679516508
0.60605031,-1.0863067833370987
0.60610095,-1.1028595276911273
0.60615158,-1.1154019471290144
0.60620222,-1.1222830733951956
0.60625286,-1.1221251492136899
0.60630349,-1.113886391340563
0.60635412,-1.0968894211221754
0.60640476,-1.0707981559568238
0.6064554,-1.0356230020881252
0.60650603,-0.9917309279704869
0.60655666,-0.93967141761138495
0.6066073,-0.88029644032654886
0.60665793,-0.81463051858135738
0.60670857,-0.74392631061286174
0.60675921,-0.6697124556082299
0.60680984,-0.59363476143793292
0.60686047,-0.51748718919737646
0.60691111,-0.4433110553035633
0.60696174,-0.37308905821814281
0.60701238,-0.30891971796360429
0.60706302,-0.25292209841105551
0.60711365,-0.20715002908892985
0.60716428,-0.1735666215104521
0.60721492,-0.15393379600649104
0.60726556,-0.14968477331491148
0.60731619,-0.16186115905317749
0.60736682,-0.19100246050809033
0.60741746,-0.23704421530763065
0.60746809,-0.29925156289194077
0.60751873,-0.37618959580442923
0.60756937,-0.46574972058640729
0.60762,-0.56511189595274647
0.60767063,-0.67092532465276722
0.60772127,-0.77947519760033335
0.60777191,-0.88667906248474471
0.60782254,-0.98869543519710801
0.60787317,-1.0818963091734761
0.60792381,-1.1631350853741926
0.60797444,-1.2300336703521537
0.60802508,-1.2808474044630354
0.60807572,-1.3147781821433833
0.60812635,-1.3318422255402766
0.60817698,-1.3328619973118148
0.60822762,-1.31916279602682
0.60827825,-1.2929571968569626
0.60832889,-1.2565678597291119
0.60837953,-1.2124578975553781
0.60843016,-1.1631371227610758
0.60848079,-1.1109367027940023
0.60853143,-1.0579355794575649
0.60858207,-1.0058360124413523
0.6086327,-0.95592448598268343
0.60868333,-0.90913279379710787
0.60873397,-0.8659907150128856
0.6087846,-0.82657769536681824
0.60883524,-0.79066105886546634
0.60888588,-0.75757181745182534
0.60893651,-0.72626362121864807
0.60898714,-0.69584268899623214
0.60903778,-0.66514587406309444
0.60908841,-0.63289931118431597
0.60913905,-0.59786147053796457
0.60918969,-0.55901447999890952
0.60924032,-0.51562258107001313
0.60929095,-0.46737976703897988
0.60934159,-0.41443771969469223
0.60939223,-0.35743869954827934
0.60944286,-0.29753844563604792
0.60949349,-0.23628339076871188
0.60954413,-0.17558616099807239
0.60959476,-0.11753070160161155
0.6096454,-0.064342808769196291
0.60969604,-0.018197470297871499
0.60974667,0.018877912684639675
0.6097973,0.045144266975288061
0.60984794,0.059200453203300807
0.60989857,0.059992522164423301
0.60994921,0.047040246622384152
0.60999985,0.020289942818502604
0.61005048,-0.019836505671261495
0.61010111,-0.072454853615753434
0.61015175,-0.13624491842777009
0.61020239,-0.20945675352513271
0.61025302,-0.28996205182628693
0.61030365,-0.37528896147943358
0.61035429,-0.46277404853560805
0.61040492,-0.5495795111741657
0.61045556,-0.6329456024785669
0.6105062,-0.71026557614183439
0.61055683,-0.77937433237463405
0.61060746,-0.83865213594247157
0.6106581,-0.88715194066385461
0.61070874,-0.92468088255263792
0.61075937,-0.95184116564637322
0.61081,-0.96994886166269512
0.61086064,-0.98091297381447939
0.61091127,-0.98698469912626408
0.61096191,-0.99055583677325976
0.61101255,-0.99391164797236298
0.61106318,-0.998987163061267
0.61111381,-1.0071075973013688
0.61116445,-1.0189026529847443
0.61121508,-1.0343008947997194
0.61126572,-1.0525496980563713
0.61131636,-1.0723366598587174
0.61136699,-1.0919903336507113
0.61141762,-1.1096627244772517
0.61146826,-1.1235233344758935
0.6115189,-1.1318963090643737
0.61156953,-1.1333664376987547
0.61162016,-1.1268466821218928
0.6116708,-1.1116129667815944
0.61172143,-1.0872921845964376
0.61177207,-1.0538585566943797
0.61182271,-1.0115972029175455
0.61187334,-0.96107868493957604
0.61192397,-0.90311464269336761
0.61197461,-0.83872751339098972
0.61202524,-0.76910704708439337
0.61207588,-0.69575927441831764
0.61212652,-0.62032701517414901
0.61217715,-0.54456598002189349
0.61222778,-0.47053202003037653
0.61227842,-0.40020369220270818
0.61232906,-0.3356496223434664
0.61237969,-0.27901571290574767
0.61243032,-0.23237113281977359
0.61248096,-0.19768806065639422
0.61253159,-0.17674521895716319
0.61258223,-0.1710086937765192
0.61263287,-0.18156269727065527
0.6126835,-0.2090025401633176
0.61273413,-0.25332160003362236
0.61278477,-0.31386058822232343
0.6128354,-0.38924446632531695
0.61288604,-0.47742587876716447
0.61293667,-0.57571897122384363
0.61298731,-0.68082253360417155
0.61303794,-0.78906790529720161
0.61308858,-0.89637830065519619
0.61313922,-0.99887745502749414
0.61318985,-1.0929129539319435
0.61324048,-1.1753532760238936
0.61329112,-1.2436522427596279
0.61334175,-1.2960240520382893
0.61339239,-1.331552804401027
0.61344303,-1.3501474564791751
0.61349366,-1.352554071427801
0.61354429,-1.340066385323504
0.61359493,-1.3147588863905839
0.61364557,-1.2789803689268564
0.6136962,-1.2351860244405435
0.61374683,-1.1858951870017396
0.61379747,-1.1334605504433846
0.6138481,-1.0800012567198296
0.61389874,-1.027279426073453
0.61394938,-0.97661080024288083
0.61400001,-0.92899009626264628
0.61405064,-0.88495996241764474
0.61410128,-0.84465382676289891
0.61415191,-0.80786925400376197
0.61420255,-0.77400132501073249
0.61425319,-0.74198313494109447
0.61430382,-0.710953473199196
0.61435445,-0.67976754507810888
0.61440509,-0.64714987466816865
0.61445573,-0.61184844987629106
0.61450636,-0.57281735592153149
0.61455699,-0.52929241108745628
0.61460763,-0.48091254156716257
0.61465826,-0.42779162037637253
0.6147089,-0.37050219224100778
0.61475954,-0.31016602719734565
0.61481017,-0.24828390830267069
0.6148608,-0.18674638514748648
0.61491144,-0.127600221534867
0.61496207,-0.073083540931980606
0.61501271,-0.025383046460098924
0.61506335,0.013468162533026851
0.61511398,0.041691450633069338
0.61516461,0.057846942327490825
0.61521525,0.060841222063153011
0.61526589,0.050147230559632938
0.61531652,0.025661071189344686
0.61536715,-0.012248528397527048
0.61541779,-0.062747450285012996
0.61546842,-0.12455289909269734
0.61551906,-0.19597225533257057
0.6155697,-0.2749015335655941
0.61562033,-0.35891334206818781
0.61567096,-0.44539275779942594
0.6157216,-0.53148344285681604
0.61577224,-0.61443937749610811
0.61582287,-0.69164284325079084
0.6158735,-0.76086571297928585
0.61592414,-0.8204348155823451
0.61597477,-0.86932208509461673
0.61602541,-0.90726047934320131
0.61607605,-0.93476824126297042
0.61612668,-0.9530923871267829
0.61617731,-0.96408985014467774
0.61622795,-0.96998690946309185
0.61627858,-0.97317202080693022
0.61632922,-0.97595348248997704
0.61637986,-0.98031382774446785
0.61643049,-0.9876566708425123
0.61648112,-0.99868428820032529
0.61653176,-1.0134012780889043
0.6165824,-1.0311219732651069
0.61663303,-1.0505858097181815
0.61668366,-1.0701461271705002
0.6167343,-1.0879691928524629
0.61678493,-1.1022058136576263
0.61683557,-1.1111592183650725
0.61688621,-1.113377065568784
0.61693684,-1.1077333276123054
0.61698747,-1.0934628128142116
0.61703811,-1.0701552392973313
0.61708874,-1.0377442115023947
0.61713938,-0.99652302790137159
0.61719002,-0.94697594857745415
0.61724065,-0.88989884686314247
0.61729128,-0.82626811715561788
0.61734192,-0.75729764416645917
0.61739256,-0.68442876764280325
0.61744319,-0.60930818654962959
0.61749382,-0.53364584565122264
0.61754446,-0.45948041832887754
0.61759509,-0.38877605983631514
0.61764573,-0.32362690819826445
0.61769637,-0.26616396601180242
0.617747,-0.21846257073612385
0.61779763,-0.18254105192732589
0.61784827,-0.16019296706263003
0.6178989,-0.15293734117920443
0.61794954,-0.16191177077396912
0.61800018,-0.18777099614663656
0.61805081,-0.23059098558606009
0.61810144,-0.28978253774788537
0.61815208,-0.36406407604095264
0.61820272,-0.4514797079135674
0.61825335,-0.54930520396483629
0.61830398,-0.65437418101027767
0.61835462,-0.76304651862767059
0.61840525,-0.87124697148849084
0.61845589,-0.97509826362750163
0.61850653,-1.0709048406236232
0.61855716,-1.155441091751036
0.61860779,-1.2260904818855061
0.61865843,-1.2810020307954035
0.61870907,-1.3191466768368441
0.6187597,-1.3403542680781055
0.61881033,-1.345274157629639
0.61886097,-1.3350910866510814
0.6189116,-1.3119003328284349
0.61896224,-1.2779772762278077
0.61901288,-1.2357592517404155
0.61906351,-1.1877723655507613
0.61911414,-1.1363751117535235
0.61916478,-1.0837135036201857
0.61921541,-1.0316075748247373
0.61926605,-0.98141135184258133
0.61931669,-0.93416724958331177
0.61936732,-0.89047404714406342
0.61941795,-0.85050957305785935
0.61946859,-0.81411256703610857
0.61951923,-0.78074145101665915
0.61956986,-0.74933691050229334
0.61962049,-0.71903304274807678
0.61967113,-0.68871534081487629
0.61972176,-0.65709549388915667
0.6197724,-0.62292403620933012
0.61982304,-0.58510376624320271
0.61987367,-0.54283399845954394
0.6199243,-0.49568989275722003
0.61997494,-0.44374515381149859
0.62002557,-0.38750614935222527
0.62007621,-0.32804084562775504
0.62012685,-0.26679622383429347
0.62017748,-0.2056418300704812
0.62022811,-0.14661365700302265
0.62027875,-0.091932935475058764
0.62032939,-0.043813391246755762
0.62038002,-0.0043110311054226913
0.62043065,0.02475737039116177
0.62048129,0.041906267952638299
0.62053192,0.045993772391867915
0.62058256,0.036436709522592037
0.6206332,0.013077688823991407
0.62068383,-0.023766277609067021
0.62073446,-0.073319297632252256
0.6207851,-0.13434140030439207
0.62083573,-0.20518724178896719
0.62088637,-0.28378605994139028
0.620937,-0.36775342648396459
0.62098764,-0.45448259125948987
0.62103827,-0.5411187394727478
0.62108891,-0.62491237389770982
0.62113955,-0.70321288435833351
0.62119018,-0.77373183225564302
0.62124081,-0.83472275771182625
0.62129145,-0.88507826402139023
0.62134208,-0.92443855667385821
0.62139272,-0.95322579040931232
0.62144336,-0.97260945993607739
0.62149399,-0.98439017472394086
0.62154462,-0.99076126512490115
0.62159526,-0.99410437258431528
0.6216459,-0.99674919255324645
0.62169653,-1.0007304006547266
0.62174716,-1.0075239410518835
0.6217978,-1.017912620134658
0.62184843,-1.031985364890176
0.62189907,-1.0491316051701105
0.62194971,-1.0681471221492442
0.62200034,-1.0874256878206328
0.62205097,-1.1051470266140488
0.62210161,-1.1194563699220492
0.62215224,-1.128635215355541
0.62220288,-1.1312075703483304
0.62225352,-1.1260090236018185
0.62230415,-1.11223442899098
0.62235478,-1.0894347593905458
0.62240542,-1.0575201213191001
0.62245606,-1.0167084113123643
0.62250669,-0.96749155577060564
0.62255732,-0.91063903277380875
0.62260796,-0.84710874805801262
0.62265859,-0.77805571275007335
0.62270923,-0.70489609465692893
0.62275987,-0.62929783114525639
0.6228105,-0.55296390943471718
0.62286113,-0.47784944200060497
0.62291177,-0.40597493985149319
0.6229624,-0.33939971510977174
0.62301304,-0.28028935383993359
0.62306368,-0.23070584433223118
0.62311431,-0.19268679054058963
0.62316494,-0.1680470777506595
0.62321558,-0.15833810424101824
0.62326622,-0.16474617101595451
0.62331685,-0.18798447407061863
0.62336748,-0.2281950158865852
0.62341812,-0.28487222841910609
0.62346875,-0.35681676546812369
0.62351939,-0.4421351702938387
0.62357003,-0.53822406340798956
0.62362066,-0.64190316240380607
0.62367129,-0.74961591564770536
0.62372193,-0.85731675665565343
0.62377257,-0.9611041308262116
0.6238232,-1.0572220902331302
0.62387383,-1.1424426387558664
0.62392447,-1.2140252535873466
0.6239751,-1.2700439697721038
0.62402574,-1.3093658660332961
0.62407638,-1.3317475824536249
0.62412701,-1.3377470003661658
0.62417764,-1.3284785372795933
0.62422828,-1.3059783407502876
0.62427891,-1.2725056307654414
0.62432955,-1.2304728864480958
0.62438019,-1.1824118477022294
0.62443082,-1.1307021491284881
0.62448145,-1.0775169775692581
0.62453209,-1.0247196058854899
0.62458273,-0.97371362147803497
0.62463336,-0.92558592469954437
0.62468399,-0.88098565155868003
0.62473463,-0.84012930394082685
0.62478526,-0.80288684743858596
0.6248359,-0.76878094154536536
0.62488654,-0.73676903802607907
0.62493717,-0.70599157794700496
0.6249878,-0.67534711551718507
0.62503844,-0.64358713813480817
0.62508907,-0.60944317885148569
0.62513971,-0.57180311224449132
0.62519035,-0.52982728636260812
0.62524098,-0.48305202214596055
0.62529161,-0.43148066206524149
0.62534225,-0.37556963825608586
0.62539289,-0.31631933803612083
0.62544352,-0.25514109069057317
0.62549415,-0.19383159896899427
0.62554479,-0.13445334183511309
0.62559542,-0.079164285242133814
0.62564606,-0.030212601797285132
0.6256967,0.010351413558381539
0.62574733,0.040659223872584527
0.62579796,0.059191161400977299
0.6258486,0.064812812109390383
0.62589923,0.056764659902653558
0.62594987,0.034873927086634837
0.62600051,-0.00057763913388764188
0.62605114,-0.048869108238301151
0.62610177,-0.10881572330021605
0.62615241,-0.17882073528369868
0.62620305,-0.25684289500270191
0.62625368,-0.34055778041352247
0.62630431,-0.42735384422644784
0.62635495,-0.51441010023493339
0.62640558,-0.59895819124730176
0.62645622,-0.67832640734269101
0.62650686,-0.75017814722860032
0.62655749,-0.81270271308350861
0.62660812,-0.86471099488227454
0.62665876,-0.90575984169232393
0.6267094,-0.93618120524157677
0.62676003,-0.9570587650973742
0.62681066,-0.97013021746561245
0.6268613,-0.97755030502040696
0.62691193,-0.98168753810297826
0.62696257,-0.98488816952353908
0.62701321,-0.98922792210699906
0.62706384,-0.99625810941914072
0.62711447,-1.00684135921502
0.62716511,-1.0211439810030845
0.62721574,-1.0386273617504811
0.62726638,-1.0581461488954513
0.62731702,-1.0781284637149176
0.62736765,-1.0967699884855251
0.62741828,-1.1122137836983546
0.62746892,-1.1227165423483867
0.62751956,-1.126771501296397
0.62757019,-1.1231755977701456
0.62762082,-1.111081972824346
0.62767146,-1.090003553152858
0.62772209,-1.059807268062205
0.62777273,-1.0206597844024032
0.62782337,-0.97305269864863408
0.627874,-0.9177171335084664
0.62792463,-0.85557955849116862
0.62797527,-0.78777873092498152
0.6280259,-0.71567022149738357
0.62807654,-0.64093332075702858
0.62812718,-0.5652356885550841
0.62817781,-0.49053967236584439
0.62822844,-0.41883982886739046
0.62827908,-0.35221553118916626
0.62832972,-0.2927873454334442
0.62838035,-0.24263116231513135
0.62843098,-0.20380053035956383
0.62848162,-0.17814392335711063
0.62853225,-0.16724768129201364
0.62858289,-0.17234562155091976
0.62863353,-0.19421837728262414
0.62868416,-0.23306654315857694
0.62873479,-0.28846717321403692
0.62878543,-0.35930925522177121
0.62883606,-0.44374244867702861
0.6288867,-0.53928089284399272
0.62893733,-0.64283256703345193
0.62898797,-0.7507960448914679
0.6290386,-0.85915285949684117
0.62908924,-0.96403217464806845
0.62913988,-1.0616732657671935
0.62919051,-1.1487236352169603
0.62924114,-1.2224244567340155
0.62929178,-1.2807243608994945
0.62934241,-1.3224086182810213
0.62939305,-1.3471176640541545
0.62944369,-1.3553169151988609
0.62949432,-1.3480498493025079
0.62954495,-1.3272874671322183
0.62959559,-1.295250837118167
0.62964623,-1.254325761341313
0.62969686,-1.207032248870537
0.62974749,-1.155790910780444
0.62979813,-1.1027866850371488
0.62984876,-1.0499191065632631
0.6298994,-0.99865489257562357
0.62995004,-0.95011101072322979
0.63000067,-0.90500304494326633
0.6300513,-0.86358996201385929
0.63010194,-0.82578039366880374
0.63015257,-0.79115361637452253
0.63020321,-0.75872984052281311
0.63025385,-0.72761864344511396
0.63030448,-0.69676400598373378
0.63035511,-0.66492612882594737
0.63040575,-0.63083424744475147
0.63045639,-0.59334979963152157
0.63050702,-0.55159504203570731
0.63055765,-0.50504436921303153
0.63060829,-0.45365595527523844
0.63065892,-0.39782546258930573
0.63070956,-0.33849417459532438
0.6307602,-0.27704352838343849
0.63081083,-0.21521892787619107
0.63086146,-0.15508106885651107
0.6309121,-0.098769917119920225
0.63096273,-0.048543907774913297
0.63101337,-0.0064787726947747593
0.63106401,0.025529873960043581
0.63111464,0.045933339001350271
0.63116527,0.053546884270989803
0.63121591,0.047567091700241926
0.63126655,0.02777737539321351
0.63131718,-0.0056040868746105588
0.63136781,-0.051896887484093768
0.63141845,-0.10997854740160856
0.63146908,-0.17830008384777496
0.63151972,-0.25487268781606776
0.63157036,-0.33740040018408046
0.63162099,-0.42330301433512407
0.63167162,-0.50980028084963069
0.63172226,-0.59408359620781837
0.6317729,-0.67347939483026731
0.63182353,-0.74561643228158325
0.63187416,-0.80861852316145255
0.6319248,-0.86122967132721662
0.63197543,-0.90290464614032251
0.63202607,-0.93387366372998448
0.63207671,-0.95513672398472127
0.63212734,-0.96836262901027736
0.63217797,-0.97566744349280854
0.63222861,-0.97940531760799221
0.63227924,-0.98193838870760797
0.63232988,-0.98538574882868057
0.63238052,-0.9913752710893996
0.63243115,-1.0008536013135112
0.63248178,-1.0140706110252657
0.63253242,-1.0305659119322694
0.63258306,-1.0492626447054254
0.63263369,-1.068630938702062
0.63268432,-1.0868824121527403
0.63273496,-1.1021603867037553
0.63278559,-1.1127020862793007
0.63283623,-1.1169705653680766
0.63288687,-1.1137246233822193
0.6329375,-1.1020781511896072
0.63298813,-1.0814990834972029
0.63303877,-1.0518130894023716
0.6330894,-1.0132017065579122
0.63314004,-0.96605757529337044
0.63319068,-0.91110716361174882
0.63324131,-0.84923922854925871
0.63329194,-0.78163153188218326
0.63334258,-0.70956591592588691
0.63339322,-0.63469395304115883
0.63344385,-0.55867665553288282
0.63349448,-0.48346005713244178
0.63354512,-0.41101162618276188
0.63359575,-0.34340743337479757
0.63364639,-0.28275811446833621
0.63369703,-0.23114528773781567
0.63374766,-0.1906448699399774
0.63379829,-0.16312953690064511
0.63384893,-0.15021958107631742
0.63389956,-0.15319630135311041
0.6339502,-0.17289740130273396
0.63400084,-0.20959592695933171
0.63405147,-0.26296405977811133
0.6341021,-0.33197340669404407
0.63415274,-0.41486582471393729
0.63420338,-0.50924568201441389
0.63425401,-0.61209788412177457
0.63430464,-0.71987347619051312
0.63435528,-0.82855807414822458
0.63440591,-0.93423315903928184
0.63445655,-1.0331710709109543
0.63450719,-1.1218953390385693
0.63455782,-1.1975855802239566
0.63460845,-1.2581084991119997
0.63465909,-1.3021146065148774
0.63470973,-1.3291523537196119
0.63476036,-1.3395901305754445
0.63481099,-1.3343971999641406
0.63486163,-1.3154701919495606
0.63491226,-1.2849925235416326
0.6349629,-1.2453390581864578
0.63501354,-1.1990163931573621
0.63506417,-1.1484745320006917
0.6351148,-1.0959299558808042
0.63516544,-1.0433043977551999
0.63521607,-0.99213681686935451
0.63526671,-0.94358886389524921
0.63531735,-0.8984316322397875
0.63536798,-0.85697232281992775
0.63541861,-0.81916041422743879
0.63546925,-0.78462876231786338
0.63551989,-0.75245692472450387
0.63557052,-0.72171196983351882
0.63562115,-0.6913894075688588
0.63567179,-0.66026776824373778
0.63572242,-0.62706162983262481
0.63577306,-0.59061342222230762
0.6358237,-0.55001631205449941
0.63587433,-0.50468647077675488
0.63592496,-0.45452881532877815
0.6359756,-0.39987347032399628
0.63602623,-0.34157941218423044
0.63607687,-0.28098218351446358
0.63612751,-0.21977073728536306
0.63617814,-0.15997520639066437
0.63622877,-0.10372827145595942
0.63627941,-0.053283008632915463
0.63633005,-0.010745459414744696
0.63638068,0.021952568439137843
0.63643131,0.043219623738047663
0.63648195,0.051813304708520413
0.63653258,0.046877414440528509
0.63658322,0.028132331867637583
0.63663386,-0.0042582371726087587
0.63668449,-0.049667662112791056
0.63673512,-0.10703800709644751
0.63678576,-0.17485344402238739
0.63683639,-0.2511848564833401
0.63688703,-0.33377144109991114
0.63693766,-0.42004483696192435
0.6369883,-0.50720863089986157
0.63703893,-0.59248365286374416
0.63708957,-0.67316144486104657
0.63714021,-0.7468302724797149
0.63719084,-0.81154556304228131
0.63724147,-0.86596701107441032
0.63729211,-0.90946762265561742
0.63734274,-0.94218642500671446
0.63739338,-0.96503557016346864
0.63744402,-0.97961494425371909
0.63749465,-0.98799896842532864
0.63754528,-0.99252071909109985
0.63759592,-0.9955501627772898
0.63764656,-0.99924111935537652
0.63769719,-1.00528880346895
0.63774782,-1.0147141500592785
0.63779846,-1.027846946323729
0.63784909,-1.0443049341095869
0.63789973,-1.0630790608797716
0.63795037,-1.0826813238505257
0.638001,-1.1013457442107795
0.63805163,-1.1172154889766888
0.63810227,-1.1285157356026985
0.6381529,-1.1336818519885883
0.63820354,-1.1314373001758509
0.63825418,-1.120857108838214
0.63830481,-1.1013740040277986
0.63835544,-1.0727603428602064
0.63840608,-1.0351234332143555
0.63845672,-0.98889983500181422
0.63850735,-0.93474590865483542
0.63855798,-0.87354919812233556
0.63860862,-0.806431564639983
0.63865925,-0.73463711411783228
0.63870989,-0.65982432103207267
0.63876053,-0.58361948911669148
0.63881116,-0.50793506639564023
0.63886179,-0.43478267473093674
0.63891243,-0.36621043061866143
0.63896306,-0.30431555495488982
0.6390137,-0.25118915440239875
0.63906434,-0.20890905892264972
0.63911497,-0.1793803273546877
0.6391656,-0.16425809032852992
0.63921624,-0.16487305918284306
0.63926688,-0.18212624996314064
0.63931751,-0.21637917759401853
0.63936814,-0.26736167855139886
0.63941878,-0.33412909130241231
0.63946941,-0.41502441071975765
0.63952005,-0.50771504653242239
0.63957069,-0.60923018158621545
0.63962132,-0.71614201473463934
0.63967195,-0.82453806821826969
0.63972259,-0.93035459103130469
0.63977323,-1.0298363538663253
0.63982386,-1.1195217048942816
0.63987449,-1.196500358943301
0.63992513,-1.2585045901043177
0.63997576,-1.3041099932874354
0.6400264,-1.3327496940190404
0.64007704,-1.3446889571056078
0.64012767,-1.3409614960850837
0.6401783,-1.3230575589761306
0.64022894,-1.2932910336034258
0.64027957,-1.2540280705472586
0.64033021,-1.2077653930246406
0.64038085,-1.1569777936478651
0.64043148,-1.1039365751737433
0.64048211,-1.0505904478803052
0.64053275,-0.99853920786448347
0.64058339,-0.94898372994641766
0.64063402,-0.90274115584177206
0.64068465,-0.86018055899124379
0.64073529,-0.82128546806541181
0.64078592,-0.78573325134899774
0.64083656,-0.7526711095117975
0.6408872,-0.72112698538251863
0.64093783,-0.69013964481262136
0.64098846,-0.65850876087310584
0.6410391,-0.62494691951389481
0.64108973,-0.58827556998475761
0.64114037,-0.5475597090526535
0.64119101,-0.50218341783018294
0.64124164,-0.45197276009115112
0.64129227,-0.39722290375047242
0.64134291,-0.33873341345007091
0.64139355,-0.2777824901256235
0.64144418,-0.21604118745183859
0.64149481,-0.15548817102497003
0.64154545,-0.098262714747910596
0.64159608,-0.046587542067681675
0.64164672,-0.0026094903894720023
0.64169736,0.031732313495409226
0.64174799,0.054787978373605051
0.64179862,0.065278921460774908
0.64184926,0.062295314951502589
0.64189989,0.045501036401481287
0.64195053,0.014998091134953762
0.64200117,-0.028639982127606545
0.6420518,-0.084396244755722882
0.64210243,-0.15081354836982547
0.64215307,-0.2260059660713456
0.64220371,-0.30776586015087809
0.64225434,-0.39351151283226615
0.64230497,-0.4805267347227466
0.64235561,-0.56600283083064329
0.64240624,-0.64722222548916164
0.64245688,-0.72173248493223952
0.64250752,-0.78751363389195317
0.64255815,-0.84314718319387472
0.64260878,-0.88792361318194879
0.64265942,-0.92189291998037781
0.64271006,-0.94587476462158016
0.64276069,-0.96139450580076802
0.64281132,-0.97047893730332291
0.64286196,-0.97543783599538558
0.64291259,-0.97864746774927869
0.64296323,-0.98229626206914911
0.64301387,-0.98814939602022844
0.6430645,-0.99731259384972482
0.64311513,-1.010199597096709
0.64316577,-1.0265154821876101
0.6432164,-1.0453268646289426
0.64326704,-1.0651931595857422
0.64331768,-1.0843732998493292
0.64336831,-1.1010158978339852
0.64341894,-1.1133317831956069
0.64346958,-1.1197231425906242
0.64352022,-1.1188705415704017
0.64357085,-1.1098004749928341
0.64362148,-1.0918985329859163
0.64367212,-1.0649015402024298
0.64372275,-1.0288635678255718
0.64377339,-0.9841866661674763
0.64382403,-0.93148498486752396
0.64387466,-0.87162887279486911
0.64392529,-0.80569929949996277
0.64397593,-0.73493670812188272
0.64402656,-0.66094089785597254
0.6440772,-0.58536308501287937
0.64412784,-0.5100523911081003
0.64417847,-0.4370273540807752
0.6442291,-0.36831696246683049
0.64427974,-0.30602616945757055
0.64433038,-0.25227035066092507
0.64438101,-0.20909557382707616
0.64443164,-0.17844713504266538
0.64448228,-0.16202076498959853
0.64453291,-0.16119147304635356
0.64458355,-0.17692128121541917
0.64463419,-0.20964224709194895
0.64468482,-0.25917780643754018
0.64473545,-0.32465961221872297
0.64478609,-0.40453312858009455
0.64483672,-0.49654653690250034
0.64488736,-0.59775859978174961
0.64493799,-0.70480881227763148
0.64498863,-0.8138640336291052
0.64503926,-0.92083537988205266
0.6450899,-1.0219041289914208
0.64514054,-1.1135675319555045
0.64519117,-1.1928118158420751
0.6452418,-1.2573445921413384
0.64529244,-1.3055893127192097
0.64534307,-1.3368805032318072
0.64539371,-1.3513881765002378
0.64544435,-1.3500491203879055
0.64549498,-1.334290225210621
0.64554561,-1.3063813152972155
0.64559625,-1.2686637237842324
0.64564689,-1.2236187357787778
0.64569752,-1.1737395067358742
0.64574815,-1.1213277654060887
0.64579879,-1.0683841642721887
0.64584942,-1.0165308787933429
0.64590006,-0.9670306344820655
0.6459507,-0.92073850675074542
0.64600133,-0.87809315252607223
0.64605196,-0.83911273783497831
0.6461026,-0.80352195007425808
0.64615323,-0.77054500133769888
0.64620387,-0.73916717820435363
0.64625451,-0.70847106851444475
0.64630514,-0.67725250483419852
0.64635577,-0.64424453880315358
0.64640641,-0.60822247993151657
0.64645705,-0.56822129631142904
0.64650768,-0.523565830971913
0.64655831,-0.47404910680869461
0.64660895,-0.41988783197971685
0.64665958,-0.36181876024783277
0.64671022,-0.30108154486947619
0.64676086,-0.23931918715263942
0.64681149,-0.17844925770184467
0.64686212,-0.12061622540968719
0.64691276,-0.068045494777981552
0.64696339,-0.022906979899727675
0.64701403,0.012830891523619714
0.64706467,0.037479450125899039
0.6471153,0.049711825132802034
0.64716593,0.048562337984744908
0.64721657,0.033639157262843222
0.64726721,0.0049845471013444942
0.64731784,-0.036888380839562307
0.64736847,-0.091026539819445418
0.64741911,-0.15602355616592345
0.64746974,-0.23004592135137697
0.64752038,-0.31090911405252386
0.64757102,-0.39608535726148114
0.64762165,-0.48288495352836253
0.64767228,-0.56848456426866645
0.64772292,-0.65013977937033207
0.64777356,-0.72535765513504014
0.64782419,-0.79204944434307345
0.64787482,-0.84870056709773201
0.64792546,-0.89450512182365627
0.64797609,-0.92941643154942
0.64802673,-0.95416727263925127
0.64807737,-0.97019931878560517
0.648128,-0.97949448608920964
0.64817863,-0.98434138437160534
0.64822927,-0.98712702219564241
0.6482799,-0.99008417783145297
0.64833054,-0.99505182228323275
0.64838118,-1.0032237092346858
0.64843181,-1.0151038169062052
0.64848244,-1.0304849725701051
0.64853308,-1.0485053776520281
0.64858372,-1.0677722668977823
0.64863435,-1.0865690990548653
0.64868498,-1.1030441359149268
0.64873562,-1.1153918875614388
0.64878625,-1.1219782652267787
0.64883689,-1.1214469713104345
0.64888753,-1.1127820134945463
0.64893816,-1.0953298345010425
0.64898879,-1.0687824563078108
0.64903943,-1.0331654104210992
0.64909006,-0.98885257377653479
0.6491407,-0.93643170902190387
0.64919134,-0.87675417329543015
0.64924197,-0.81085915963391364
0.6492926,-0.74000185676202068
0.64934324,-0.66573835707512741
0.64939388,-0.58970536506873328
0.64944451,-0.5137212654203126
0.64949514,-0.43982985007802439
0.64954578,-0.37001637098311035
0.64959641,-0.30639019396295547
0.64964705,-0.2510684452188684
0.64969769,-0.2061019567901694
0.64974832,-0.17343861145350759
0.64979895,-0.15482123080561178
0.64984959,-0.15165749087051161
0.64990022,-0.16495911623463461
0.64995086,-0.19522602202563211
0.6500015,-0.24235196605003773
0.65005213,-0.3055637380390408
0.65010276,-0.3833860232839576
0.6501534,-0.47368477084832311
0.65020404,-0.57360193607007215
0.65025467,-0.67974447482800315
0.6503053,-0.78840126368914587
0.65035594,-0.89550240960629279
0.65040657,-0.99719693390330832
0.65045721,-1.0899012848335774
0.65050785,-1.1704959561563599
0.65055848,-1.2366421228627253
0.65060911,-1.2866237620337069
0.65065975,-1.3196871330992108
0.65071039,-1.3359013719138169
0.65076102,-1.3361254785600465
0.65081165,-1.3217219862602667
0.65086229,-1.2949313543183227
0.65091292,-1.2580793271814315
0.65096356,-1.2136506775787825
0.6510142,-1.1641444369932779
0.65106483,-1.1118869771069555
0.65111546,-1.05893290257145
0.6511661,-1.0069560092975884
0.65121673,-0.95722646958536428
0.65126737,-0.91064285154329505
0.65131801,-0.86771121833863207
0.65136864,-0.82848602269067806
0.65141927,-0.79272186410830647
0.65146991,-0.7597084200248565
0.65152055,-0.72840865895290219
0.65157118,-0.69792985243981132
0.65162181,-0.66709407284050681
0.65167245,-0.63463338098759303
0.65172308,-0.59931651913204365
0.65177372,-0.56014522116253684
0.65182436,-0.51640871082687212
0.65187499,-0.46782052603384067
0.65192562,-0.41456788774849707
0.65197626,-0.35731010376183048
0.65202689,-0.29723200153291962
0.65207753,-0.23589930280941346
0.65212817,-0.17522874227668694
0.6521788,-0.11733725865355227
0.65222943,-0.064436859516411149
0.65228007,-0.018707335135624004
0.65233071,0.017843082581498471
0.65238134,0.043482953100916488
0.65243197,0.056838645397778664
0.65248261,0.056885364561494567
0.65253324,0.043173345987344902
0.65258388,0.015684710759532761
0.65263452,-0.025128903893493093
0.65268515,-0.078356557072057964
0.65273578,-0.14264909830821693
0.65278642,-0.21621697883534402
0.65283705,-0.2969134316180857
0.65288769,-0.38226300665757185
0.65293832,-0.46957911158693688
0.65298896,-0.55603930175457084
0.65303959,-0.63888608293376026
0.65309023,-0.71555825884026847
0.65314087,-0.78391239328517381
0.6531915,-0.84236828823478671
0.65324213,-0.89002565926127386
0.65329277,-0.92674284305116572
0.6533434,-0.95316862122710688
0.65339404,-0.97066229390917702
0.65344468,-0.98115531961294966
0.65349531,-0.98691209986359452
0.65354594,-0.99032320637062921
0.65359658,-0.99365563152238312
0.65364722,-0.99881187055537279
0.65369785,-1.0070717150517614
0.65374848,-1.0190206534043837
0.65379912,-1.034542557064619
0.65384975,-1.0528446425216162
0.65390039,-1.0725844791654093
0.65395103,-1.0920731922274987
0.65400166,-1.1094594731196892
0.65405229,-1.122918481342789
0.65410293,-1.1307866668521294
0.65415356,-1.1316686964365634
0.6542042,-1.1244998785599922
0.65425484,-1.1085813498369088
0.65430547,-1.08355971665971
0.6543561,-1.0494383468303039
0.65440674,-1.0065201415855594
0.65445738,-0.95539052000205416
0.65450801,-0.89688070419609689
0.65455864,-0.83201734027889662
0.65460928,-0.76200976961703548
0.65465991,-0.68836648691666713
0.65471055,-0.61274794255506015
0.65476119,-0.5369269645532414
0.65481182,-0.46295179476114412
0.65486245,-0.3927985382965879
0.65491309,-0.3285397440098875
0.65496372,-0.27232080486514343
0.65501436,-0.22619467468213528
0.655065,-0.19213080534259341
0.65511563,-0.17190130467744863
0.65516626,-0.16695964211084496
0.6552169,-0.17837185809458317
0.65526754,-0.20670825117336394
0.65531817,-0.25193004768758209
0.6553688,-0.31334090382211977
0.65541944,-0.38954219521052946
0.65547007,-0.47844869620809904
0.65552071,-0.5772959184081059
0.65557135,-0.68276535796795912
0.65562198,-0.79115980725193102
0.65567261,-0.89842005594151497
0.65572325,-1.0006922028299798
0.65577389,-1.094306491678243
0.65582452,-1.1761457552018573
0.65587515,-1.2437411605996667
0.65592579,-1.2953163820884455
0.65597642,-1.3300129596993813
0.65602706,-1.3477930020294915
0.6560777,-1.3494367913989087
0.65612833,-1.3362359258461149
0.65617896,-1.3103770953694849
0.6562296,-1.2741781130623693
0.65628023,-1.2301044696141867
0.65633087,-1.180669213145769
0.65638151,-1.1282193100475677
0.65643214,-1.0748541110908822
0.65648277,-1.0223058997045866
0.65653341,-0.97187482848030182
0.65658405,-0.92452185114152918
0.65663468,-0.88078066045256587
0.65668531,-0.84075803299750917
0.65673595,-0.80423280336729319
0.65678658,-0.77056922231756297
0.65683722,-0.73871177002566957
0.65688786,-0.70778168357558857
0.65693849,-0.67662709871440296
0.65698912,-0.64398471599480145
0.65703976,-0.60859661828352596
0.65709039,-0.56943942016801818
0.65714103,-0.5257573807384357
0.65719167,-0.47721234821672454
0.6572423,-0.42393690070945111
0.65729293,-0.36654245775790362
0.65734357,-0.30615112184691534
0.65739421,-0.24429276785669501
0.65744484,-0.1828729258820293
0.65749547,-0.12395524639351191
0.65754611,-0.069780489267225521
0.65759674,-0.022542174401619486
0.65764738,0.015729765319335454
0.65769802,0.043272069191437001
0.65774865,0.058660536722712042
0.65779928,0.060821685045858609
0.65784992,0.049253412731826429
0.65790055,0.023879646709455582
0.65795119,-0.014900651369836371
0.65800183,-0.066227132304228442
0.65805246,-0.12879199559944787
0.65810309,-0.2008748366073369
0.65815373,-0.28036006129011504
0.65820437,-0.36479725863826995
0.658255,-0.45154473839964943
0.65830563,-0.53775492328045815
0.65835627,-0.62068208468895947
0.6584069,-0.69771397141668268
0.65845754,-0.76664937855214021
0.65850818,-0.82585151367151177
0.65855881,-0.87432733542615082
0.65860944,-0.91184854973005114
0.65866008,-0.93897987996363463
0.65871072,-0.95700460270260268
0.65876135,-0.96780816644539003
0.65881198,-0.97363047506513745
0.65886262,-0.97686202284710055
0.65891325,-0.97979945760693377
0.65896389,-0.9843990473149945
0.65901453,-0.99202425499597446
0.65906516,-1.003336824450987
0.65911579,-1.0182991712953082
0.65916643,-1.0361893713674604
0.65921706,-1.0557185717697162
0.6592677,-1.0752251702909266
0.65931834,-1.0928676915308737
0.65936897,-1.1068094254419583
0.6594196,-1.1153665515088362
0.65947024,-1.1171043634225457
0.65952088,-1.1109197262152468
0.65957151,-1.0960715262028413
0.65962214,-1.0721718038846748
0.65967278,-1.0391705233378747
0.65972341,-0.99738276862504205
0.65977405,-0.94730807485551449
0.65982469,-0.88975863311593306
0.65987532,-0.82572482453666063
0.65992595,-0.75643765027747922
0.65997659,-0.68334593112074882
0.66002722,-0.60809636435867898
0.66007786,-0.53243425400371636
0.6601285,-0.45839583710062021
0.66017913,-0.38795037883715472
0.66022976,-0.32317960272037927
0.6602804,-0.26623481432416896
0.66033104,-0.21918623851805225
0.66038167,-0.18402550094577302
0.6604323,-0.16253682110229284
0.66048294,-0.15621019336497505
0.66053357,-0.16615400483917769
0.66058421,-0.19299027261988466
0.66063485,-0.2367548588068098
0.66068548,-0.29682491503150438
0.66073611,-0.37188342311386391
0.66078675,-0.45988682361862937
0.66083738,-0.55816582622733968
0.66088802,-0.66347747102474619
0.66093865,-0.77217912203947447
0.66098929,-0.8801683145168897
0.66103992,-0.98357468169686868
0.66109056,-1.0787214944489105
0.6611412,-1.1624563678839455
0.66119183,-1.232138296690128
0.66124246,-1.2859940793000559
0.6612931,-1.3230419483022504
0.66134373,-1.3431538940813184
0.66139437,-1.3470275751122285
0.66144501,-1.3358837161388539
0.66149564,-1.3118477860317421
0.66154627,-1.2772134921472178
0.66159691,-1.2344227663818703
0.66164755,-1.1860029149628017
0.66169818,-1.1343083101984455
0.66174881,-1.0814714872424176
0.66179945,-1.0292828742800233
0.66185008,-0.97907792766108903
0.66190072,-0.93187645297723298
0.66195136,-0.88824967596886517
0.66200199,-0.84835193190371161
0.66205262,-0.81200175957923637
0.66210326,-0.77862029231759822
0.66215389,-0.74714782908406363
0.66220453,-0.71672104786617674
0.66225517,-0.68620746011062961
0.6623058,-0.65432806991344805
0.66235643,-0.61982643154718142
0.66240707,-0.58162916487758032
0.66245771,-0.53895358397775051
0.66250834,-0.49140064785270132
0.66255897,-0.43907074629884552
0.66260961,-0.38249503321013911
0.66266024,-0.32277563418828392
0.66271088,-0.26138083095736797
0.66276152,-0.20019373688078074
0.66281215,-0.14125130125399571
0.66286278,-0.086795274309445947
0.66291342,-0.039021306460526095
0.66296405,2.1947990770376791e-05
0.66301469,0.028539744367961362
0.66306533,0.045063354929724186
0.66311596,0.048474852585666528
0.66316659,0.038216178232962195
0.66321723,0.014156522343218014
0.66326787,-0.023361501051556655
0.6633185,-0.073539267196621183
0.66336913,-0.13510519155112494
0.66341977,-0.2063882600991
0.6634704,-0.28530456974065377
0.66352104,-0.36943711305886562
0.66357168,-0.45617922876310135
0.66362231,-0.54267631309025643
0.66367294,-0.62616736285180763
0.66372358,-0.70402851991576754
0.66377422,-0.77399055849629905
0.66382485,-0.83434853057872271
0.66387548,-0.88403328377313872
0.66392612,-0.92273145035488124
0.66397675,-0.95091519074586539
0.66402739,-0.9697921895338617
0.66407803,-0.9811930574089891
0.66412866,-0.98732964688499203
0.66417929,-0.99058781463288803
0.66422993,-0.99328688774174556
0.66428056,-0.99743631631761931
0.6643312,-1.0044731568347036
0.66438184,-1.0151389549615493
0.66443247,-1.0294799396605829
0.6644831,-1.0468458927941442
0.66453374,-1.0660026255319157
0.66458438,-1.0853230477223224
0.66463501,-1.1029791760498076
0.66468564,-1.1171172908539757
0.66473628,-1.1260301026515231
0.66478691,-1.1282565998592387
0.66483755,-1.1226525211468941
0.66488819,-1.1084355540689588
0.66493882,-1.0851771862764135
0.66498945,-1.0528072374659556
0.66504009,-1.0115729611628097
0.66509072,-0.96197624863984466
0.66514136,-0.90479782311832335
0.665192,-0.84101376614787005
0.66524263,-0.77179795932317607
0.66529326,-0.69858051963325141
0.6653439,-0.62301243469920842
0.66539454,-0.54681549257784035
0.66544517,-0.47198151646174069
0.6654958,-0.40049789375405476
0.66554644,-0.33443593979711195
0.66559707,-0.27595925706056174
0.66564771,-0.22712925621357058
0.66569835,-0.18997160087256743
0.66574898,-0.16628409330242386
0.66579961,-0.15760025225064961
0.66585025,-0.1650786851375205
0.66590088,-0.18940125061227064
0.66595152,-0.23067582913953305
0.66600216,-0.28835848207407405
0.66605279,-0.36121834916124074
0.66610342,-0.44733030232221888
0.66615406,-0.54405084385557068
0.6662047,-0.64817013157096093
0.66625533,-0.75609424770393407
0.66630596,-0.86380237195740239
0.6663566,-0.96739203859283673
0.66640723,-1.0631404858453306
0.66645787,-1.1477931348273083
0.66650851,-1.2186607856660072
0.66655914,-1.2738640483396213
0.66660977,-1.3123187006107697
0.66666041,-1.3338208391307755
0.66671105,-1.3389769353798282
0.66676168,-1.328935724905054
0.66681231,-1.3057745347334047
0.66686295,-1.2717667303896532
0.66691358,-1.2293413408348448
0.66696422,-1.1810319447437991
0.66701486,-1.1292109651841868
0.66706549,-1.076044986502348
0.66711612,-1.0233708103106278
0.66716676,-0.97256769280369038
0.66721739,-0.92470106325773593
0.66726803,-0.88038914789038814
0.66731867,-0.83982990242161459
0.6673693,-0.80286761049706079
0.66741993,-0.76900203897996322
0.66747057,-0.73717391250420627
0.66752121,-0.70652008024400859
0.66757184,-0.67593516531672271
0.66762247,-0.64414673429808966
0.66767311,-0.60989649103792154
0.66772374,-0.57208101051656224
0.66777438,-0.52988269273894939
0.66782502,-0.48286409280627302
0.66787565,-0.43105758761224539
0.66792628,-0.37495029781224737
0.66797692,-0.31557381692305808
0.66802755,-0.25436647421409869
0.66807819,-0.19315792291361072
0.66812883,-0.13399320951621474
0.66817946,-0.07906322174765823
0.66823009,-0.030595637381414409
0.66828073,0.0093561268833743383
0.66833137,0.038957933895288732
0.668382,0.056708284710405121
0.66843263,0.061499687156237548
0.66848327,0.052605686623333037
0.6685339,0.029892999044953128
0.66858454,-0.0063386515769675023
0.66863518,-0.055333567220035629
0.66868581,-0.11587837221696573
0.66873644,-0.18634760249362214
0.66878708,-0.26468382517314748
0.66883771,-0.34854625222173752
0.66888835,-0.43532360723097818
0.66893898,-0.52218068031159515
0.66898962,-0.60636881654720887
0.66904025,-0.68522351826998473
0.66909089,-0.75644860437322425
0.66914153,-0.81825033342895781
0.66919216,-0.86949334294713243
0.66924279,-0.90977307073408353
0.66929343,-0.93946757665396075
0.66934406,-0.95970374989333018
0.6693947,-0.97225323049343437
0.66944534,-0.97928930651376755
0.66949597,-0.98318684829393332
0.6695466,-0.98628286466631099
0.66959724,-0.99063051583599926
0.66964788,-0.99774329059998323
0.66969851,-1.0084433831639503
0.66974914,-1.0228566792379823
0.66979978,-1.0404088496067101
0.66985041,-1.0599236492522817
0.66990105,-1.079811006393113
0.66995169,-1.0982598745859693
0.67000232,-1.1134121033500834
0.67005295,-1.1235374681375712
0.67010359,-1.1271436232949035
0.67015422,-1.1230462329630457
0.67020486,-1.1104182045342712
0.6702555,-1.0887912165046258
0.67030613,-1.0580539092187329
0.67035676,-1.0183997943536496
0.6704074,-0.97030906784180015
0.67045804,-0.91454015924901944
0.67050867,-0.85202959236086673
0.6705593,-0.78392639608250858
0.67060994,-0.71161104237624917
0.67066057,-0.63674993591424645
0.67071121,-0.56104157208186756
0.67076185,-0.48642211503422778
0.67081248,-0.41491512179382128
0.67086311,-0.3485924919677551
0.67091375,-0.28958098580019137
0.67096438,-0.23995181842689556
0.67101502,-0.2017490968774116
0.67106566,-0.17680353209800476
0.67111629,-0.16668414829493453
0.67116692,-0.17260479045211991
0.67121756,-0.1953141583368197
0.6712682,-0.23498771933622606
0.67131883,-0.29116722773804582
0.67136946,-0.36269916845561939
0.6714201,-0.44770651468171963
0.67147073,-0.54366316768798773
0.67152137,-0.64741517726164777
0.67157201,-0.75534233342006241
0.67162264,-0.86348800287250516
0.67167327,-0.96793186752155935
0.67172391,-1.0649390072838802
0.67177455,-1.1511796117106732
0.67182518,-1.2239234094797
0.67187581,-1.2811694448799924
0.67192645,-1.3217665193963515
0.67197708,-1.3453936899123327
0.67202772,-1.3525603583106904
0.67207836,-1.3443497180502115
0.67212899,-1.3227592480752119
0.67217962,-1.2900291424936541
0.67223026,-1.2485610559259483
0.67228089,-1.2008854733122107
0.67233153,-1.1494069910645575
0.67238217,-1.0963058653321602
0.6724328,-1.0434618999681191
0.67248343,-0.99231656622971764
0.67253407,-0.94397081265630656
0.67258471,-0.89910759692369624
0.67263534,-0.85795715469794498
0.67268597,-0.82040989999567904
0.67273661,-0.78601420876718953
0.67278724,-0.75376108245943074
0.67283788,-0.72277380525595625
0.67288852,-0.69197339778227307
0.67293915,-0.66012017633388287
0.67298978,-0.62593796667301382
0.67304042,-0.58829995878000352
0.67309105,-0.54635276527616172
0.67314169,-0.49959864362971584
0.67319233,-0.44801939762257226
0.67324296,-0.39204639792185503
0.67329359,-0.33263426953225605
0.67334423,-0.2711866334324386
0.67339487,-0.20947369243847552
0.6734455,-0.14955729165526077
0.67349613,-0.093587664932867687
0.67354677,-0.043819713267670202
0.6735974,-0.0023141871801367064
0.67364804,0.029040697262267823
0.67369868,0.04871176576684999
0.67374931,0.055541548597430102
0.67379994,0.048746221117939526
0.67385058,0.028132468882338835
0.67390121,-0.0060539867360674404
0.67395185,-0.053107934269784107
0.67400249,-0.11188243872926107
0.67405312,-0.18079801527169903
0.67410375,-0.25785846597188505
0.67415439,-0.34074293206240391
0.67420503,-0.42685413698852559
0.67425566,-0.51341160716917078
0.67430629,-0.59759422638956716
0.67435693,-0.67674790200772361
0.67440756,-0.74852827203997074
0.6744582,-0.81107913582595659
0.67450884,-0.86317748421365992
0.67455947,-0.90432635064905398
0.6746101,-0.93481024815332292
0.67466074,-0.9556700098316101
0.67471138,-0.96861218781315639
0.67476201,-0.97577107700877463
0.67481264,-0.97950879459687901
0.67486328,-0.98217976224866554
0.67491391,-0.9858820154501482
0.67496455,-0.9922048717235219
0.67501519,-1.0020534682049278
0.67506582,-1.0156355671769042
0.67511645,-1.0324515137581007
0.67516709,-1.0513900346521858
0.67521772,-1.0708982605745541
0.67526836,-1.0891790742989249
0.675319,-1.104375024356131
0.67536963,-1.1147318031789388
0.67542026,-1.1187288196008482
0.6754709,-1.115143934487199
0.67552154,-1.103111672451226
0.67557217,-1.0821200109880944
0.6756228,-1.0520187243518482
0.67567344,-1.0129870773664318
0.67572407,-0.96545543709499104
0.67577471,-0.9101550239821985
0.67582535,-0.84798907526793432
0.67587598,-0.78012497169884121
0.67592661,-0.7078766649272471
0.67597725,-0.63291409796063414
0.67602788,-0.556896814315195
0.67607852,-0.48177052119938585
0.67612916,-0.40953307822192919
0.67617979,-0.34225956901275506
0.67623042,-0.28206590069941184
0.67628106,-0.23103146069168351
0.6763317,-0.1912239306204378
0.67638233,-0.16451244911265664
0.67643296,-0.15249417837523122
0.6764836,-0.15642578046665312
0.67653423,-0.17711346849790532
0.67658487,-0.21478999522231135
0.67663551,-0.26907966258218952
0.67668614,-0.33891689159901833
0.67673677,-0.42249602131719011
0.67678741,-0.51738098331743321
0.67683804,-0.62052995759960605
0.67688868,-0.72835682937716695
0.67693931,-0.83685658910665295
0.67698995,-0.942138291322829
0.67704058,-1.0404544034091039
0.67709122,-1.1284017162525999
0.67714186,-1.2031921715696694
0.67719249,-1.2627159332381703
0.67724312,-1.3056885625997656
0.67729376,-1.3316998135461711
0.67734439,-1.3411608583336734
0.67739503,-1.3350662748254627
0.67744567,-1.3153541190574352
0.6774963,-1.2842247269934959
0.67754693,-1.2440539603919323
0.67759757,-1.197355730601128
0.67764821,-1.1465711924550215
0.67769884,-1.09390434244547
0.67774947,-1.0412689935735797
0.67780011,-0.99017434861365228
0.67785074,-0.94175908811712983
0.67790138,-0.89676931269071303
0.67795202,-0.85548811857070972
0.67800265,-0.8178411320325607
0.67805328,-0.78343759766295618
0.67810392,-0.75132280726810519
0.67815455,-0.72058526275628942
0.67820519,-0.69019933117555932
0.67825583,-0.65892709420543571
0.67830646,-0.62550160661755849
0.67835709,-0.58876657811959676
0.67840773,-0.5478331982478144
0.67845837,-0.50214190339959774
0.678509,-0.45162864677083192
0.67855963,-0.39665677468617072
0.67861027,-0.33810857488578072
0.6786609,-0.27734053699732114
0.67871154,-0.21607366886652796
0.67876218,-0.15636090304707906
0.67881281,-0.10033017086723356
0.67886344,-0.050235553773354646
0.67891408,-0.0081685087810236534
0.67896471,0.02395801351129756
0.67901535,0.044571106579932962
0.67906599,0.052455248146834388
0.67911662,0.046779026180019112
0.67916725,0.027290812419217214
0.67921789,-0.0058174800516576641
0.67926853,-0.051896159354509808
0.67931916,-0.10985472582868849
0.67936979,-0.17815956460307802
0.67942043,-0.25485280763431145
0.67947106,-0.33765448526119202
0.6795217,-0.42399697398837211
0.67957234,-0.51107748657081187
0.67962297,-0.59611086341845776
0.6796736,-0.67640284401442952
0.67972424,-0.74956443519608651
0.67977488,-0.81367922005120163
0.67982551,-0.86744590421280643
0.67987614,-0.91027204259566741
0.67992678,-0.94233679624314859
0.67997741,-0.96459321028810174
0.68002805,-0.97867268541461727
0.68007869,-0.9866697447351559
0.68012932,-0.99092769707303696
0.68017995,-0.9938142225018638
0.68023059,-0.99746968674577818
0.68028122,-1.0035597325929861
0.68033186,-1.0130728610617674
0.6803825,-1.0263053197538743
0.68043313,-1.042840353821187
0.68048376,-1.0616394451232396
0.6805344,-1.0811965956261829
0.68058504,-1.099734949097446
0.68063567,-1.1153973522342029
0.6806863,-1.1264141087642403
0.68073694,-1.1312317168253676
0.68078757,-1.1285871898406414
0.68083821,-1.1175717594919181
0.68088885,-1.0976358121506899
0.68093948,-1.0685743930613576
0.68099011,-1.030497246310861
0.68104075,-0.98387622489355253
0.68109138,-0.92936662160486383
0.68114202,-0.86787369901092193
0.68119266,-0.80052215455505926
0.68124329,-0.72858189256147066
0.68129392,-0.65372147483430254
0.68134456,-0.57756057542485872
0.6813952,-0.5020495545234861
0.68144583,-0.42916281779218424
0.68149646,-0.36095916463748301
0.6815471,-0.29954598139875865
0.68159773,-0.24700831699261083
0.68164837,-0.20541820266019384
0.68169901,-0.17666915696231786
0.68174964,-0.16240551719271626
0.68180027,-0.163937454461692
0.68185091,-0.18214028504612217
0.68190154,-0.21734262048851616
0.68195218,-0.26924886155098254
0.68200282,-0.33687443797557381
0.68205345,-0.4185357955068324
0.68210408,-0.51186793928867247
0.68215472,-0.6138682169741988
0.68220536,-0.72106629998523397
0.68225599,-0.82948133692935189
0.68230662,-0.93513431502686917
0.68235726,-1.0342705386226689
0.68240789,-1.1234044220415584
0.68245853,-1.1996591839913882
0.68250917,-1.2608377137275637
0.6825598,-1.3055473033557072
0.68261043,-1.3332803395773325
0.68266107,-1.3443419450380527
0.68271171,-1.3398146160085029
0.68276234,-1.3212216238065035
0.68281297,-1.290889470195383
0.68286361,-1.251196663103828
0.68291424,-1.2046471382205515
0.68296488,-1.1537046885806066
0.68301552,-1.1006230437268441
0.68306615,-1.0473374699900575
0.68311678,-0.9954183954376602
0.68316742,-0.94606006861287018
0.68321805,-0.90005569332326973
0.68326869,-0.8577494673672228
0.68331933,-0.81910967469289009
0.68336996,-0.78379518754911004
0.68342059,-0.75092356768284863
0.68347123,-0.71953533137806192
0.68352187,-0.68865048324745437
0.6835725,-0.65705772791252437
0.68362313,-0.62347254026658383
0.68367377,-0.58672059176043379
0.6837244,-0.54587980256753665
0.68377504,-0.50036043757624382
0.68382568,-0.45001121590873872
0.68387631,-0.39514225863986568
0.68392694,-0.33659735178028705
0.68397758,-0.27566876824897735
0.68402821,-0.21403697223057827
0.68407885,-0.15371233645946231
0.68412949,-0.096833406044405657
0.68418012,-0.045630192054828878
0.68423075,-0.0022294491068303723
0.68428139,0.031433458392719327
0.68433203,0.053738873805484588
0.68438266,0.063427309174056534
0.68443329,0.05961590411241019
0.68448393,0.041997080855212976
0.68453456,0.010701607314395234
0.6845852,-0.033667737527661723
0.68463584,-0.090083465665834639
0.68468647,-0.15705722427234398
0.6847371,-0.23268926253366568
0.68478774,-0.31475451361067991
0.68483837,-0.40067315437392542
0.68488901,-0.4876948419694026
0.68493964,-0.57303636509412414
0.68499028,-0.65397636225708289
0.68504091,-0.72807781346243527
0.68509155,-0.79336098821149292
0.68514219,-0.84843459678644406
0.68519282,-0.89263183621404973
0.68524345,-0.92604041057690845
0.68529409,-0.94952003278955077
0.68534472,-0.96462915484034095
0.68539536,-0.9734141806343698
0.685446,-0.97819348860305988
0.68549663,-0.98134032859076181
0.68554726,-0.9850276255504482
0.6855979,-0.99098993231209254
0.68564854,-1.0002954431821933
0.68569917,-1.013320466074803
0.6857498,-1.029732063327444
0.68580044,-1.0485632711968296
0.68585107,-1.0683529138034014
0.68590171,-1.0873501631015074
0.68595235,-1.1037008914202837
0.68600298,-1.1156235992914614
0.68605361,-1.1215399338303522
0.68610425,-1.1201480165823563
0.68615488,-1.1104984420959063
0.68620552,-1.0919977699377763
0.68625616,-1.0644017462169544
0.68630679,-1.0277829203233739
0.68635742,-0.98256022411326738
0.68640806,-0.92936547787410151
0.6864587,-0.86906975843698464
0.68650933,-0.80277512403736218
0.68655996,-0.73172496632336825
0.6866106,-0.65753890159328177
0.68666123,-0.58186002662353409
0.68671187,-0.5065529194275864
0.68676251,-0.43364111405857686
0.68681314,-0.36517252284535268
0.68686377,-0.30324531509195102
0.68691441,-0.24994691245769851
0.68696504,-0.20735469785693683
0.68701568,-0.17738978241013481
0.68706632,-0.16172113684467207
0.68711695,-0.1617038876462974
0.68716758,-0.17827389821638695
0.68721822,-0.21183459450773118
0.68726886,-0.26216761103798314
0.68731949,-0.32838660199142211
0.68737012,-0.40887831469218361
0.68742076,-0.50137181725118829
0.68747139,-0.60291058423212185
0.68752203,-0.71009513953922099
0.68757267,-0.81909420762804319
0.6876233,-0.92580912003006066
0.68767393,-1.0263854814295754
0.68772457,-1.1173958820425569
0.68777521,-1.1958540083700764
0.68782584,-1.2594632597391602
0.68787647,-1.3067319868076612
0.68792711,-1.3370278211674891
0.68797774,-1.3505682141593662
0.68802838,-1.3483373240922201
0.68807902,-1.3317918048188684
0.68812965,-1.3032190091815583
0.68818028,-1.2649733792970581
0.68823092,-1.2195431568780064
0.68828155,-1.1694104426779204
0.68833219,-1.1168668581859897
0.68838283,-1.0638807708622813
0.68843346,-1.0120675370103909
0.68848409,-0.96266326717801465
0.68853473,-0.91649873302836915
0.68858537,-0.87399011035662633
0.688636,-0.83513502186127164
0.68868663,-0.79964371723702143
0.68873727,-0.76670704701686598
0.6887879,-0.73532760743892911
0.68883854,-0.70456978364070755
0.68888918,-0.67323020517141663
0.68893981,-0.64003539809864018
0.68899044,-0.60378365594069994
0.68904108,-0.56351318424445007
0.68909171,-0.51857589627134071
0.68914235,-0.4687820940780788
0.68919299,-0.41438088677596319
0.68924362,-0.35614620021342114
0.68929425,-0.29534718755749217
0.68934489,-0.23362693421967734
0.68939553,-0.17292606261244103
0.68944616,-0.11539090292868293
0.68949679,-0.063239801738370405
0.68954743,-0.01863819908859321
0.68959806,0.01647024737485725
0.6896487,0.040408401237768343
0.68969934,0.051876087259592973
0.68974997,0.049931986189362343
0.6898006,0.034209704324771051
0.68985124,0.0047783098134089874
0.68990187,-0.037826307657672087
0.68995251,-0.092627574900128407
0.69000315,-0.1581890213585076
0.69005378,-0.23265648968464359
0.69010441,-0.31383811171833204
0.69015505,-0.39917851145492289
0.69020569,-0.48597840244766305
0.69025632,-0.57142918754296379
0.69030695,-0.65278934934080501
0.69035759,-0.72758753829129608
0.69040822,-0.79376887753765146
0.69045886,-0.84986041096118115
0.6905095,-0.89509926566336606
0.69056013,-0.92948143355665191
0.69061076,-0.95377835390548937
0.6906614,-0.96947075641226532
0.69071204,-0.97856069219044006
0.69076267,-0.98334580174000352
0.6908133,-0.98620812931260771
0.69086394,-0.98935980313449123
0.69091457,-0.9946052496153488
0.69096521,-1.0030957102287081
0.69101585,-1.0152924192571988
0.69106648,-1.0309466212849987
0.69111711,-1.0491640885862537
0.69116775,-1.0685302220877444
0.69121838,-1.0873193526356189
0.69126902,-1.1036805814659378
0.69131966,-1.115819291392478
0.69137029,-1.1221184815985881
0.69142092,-1.1212415952117936
0.69147156,-1.1121943902558236
0.6915222,-1.0943418902772568
0.69157283,-1.0673968363167652
0.69162346,-1.0313993645854076
0.6916741,-0.98673664863342103
0.69172473,-0.93400938626831853
0.69177537,-0.87407281330884046
0.69182601,-0.80798859744646567
0.69187664,-0.73700960768128954
0.69192727,-0.66270253957464975
0.69197791,-0.58670500858396701
0.69202854,-0.51085433680869685
0.69207918,-0.43718912950996536
0.69212982,-0.3677108518707155
0.69218045,-0.30452132637712265
0.69223108,-0.24974023794700601
0.69228172,-0.20541463360197976
0.69233236,-0.17350589202432129
0.69238299,-0.15572892698026783
0.69243362,-0.1534811145903508
0.69248426,-0.16775330208324307
0.69253489,-0.19901341889131213
0.69258553,-0.24712213476635356
0.69263617,-0.31126747820627543
0.6926868,-0.38992855910494761
0.69273743,-0.48093082180404478
0.69278807,-0.58137160578440839
0.6928387,-0.68787657702228011
0.69288934,-0.79666274841733697
0.69293997,-0.9036364901859858
0.69299061,-1.0049771439852608
0.69304124,-1.0971500274128074
0.69309188,-1.1770661491347054
0.69314252,-1.2424190492479392
0.69319315,-1.291537277357564
0.69324378,-1.3237300894122166
0.69329442,-1.3390997169923651
0.69334505,-1.3385423884745429
0.69339569,-1.3234480996480136
0.69344633,-1.2960745635728528
0.69349696,-1.2587568320148552
0.69354759,-1.2139719713815356
0.69359823,-1.1642272297257286
0.69364887,-1.1118321332048204
0.6936995,-1.0588198615059312
0.69375013,-1.0068482836837256
0.69380077,-0.95716790197566459
0.6938514,-0.91065994422714425
0.69390204,-0.86781008981977803
0.69395268,-0.82865868620788441
0.69400331,-0.79294361727047002
0.69405394,-0.75992820198951416
0.69410458,-0.72858439474429693
0.69415521,-0.69801065588960531
0.69420585,-0.6670179095960882
0.69425649,-0.6343383252441348
0.69430712,-0.59874116248545661
0.69435775,-0.55923934959309485
0.69440839,-0.51513841968381624
0.69445903,-0.46618918891132144
0.69450966,-0.412581158384424
0.69456029,-0.35501819634209253
0.69461093,-0.29472843935174764
0.69466156,-0.23329055129384912
0.6947122,-0.17263167610912916
0.69476284,-0.11486816043652842
0.69481347,-0.062230074330282159
0.6948641,-0.016890418401699414
0.69491474,0.0191540504680488
0.69496537,0.044202023316874228
0.69501601,0.056896348677782815
0.69506665,0.056240080780868007
0.69511728,0.041809796888440276
0.69516791,0.013615427152283865
0.69521855,-0.027860642816048387
0.69526919,-0.081685963332514655
0.69531982,-0.14648230865698986
0.69537045,-0.22044129937826989
0.69542109,-0.30140024880172012
0.69547172,-0.38686268665119511
0.69552236,-0.47413213319762015
0.695573,-0.56038605266840325
0.69562363,-0.64286996795577578
0.69567426,-0.7190590558631369
0.6957249,-0.78682757165601958
0.69577554,-0.84462630159298513
0.69582617,-0.89160023765624841
0.6958768,-0.92765012083821818
0.69592744,-0.95346511777001008
0.69597807,-0.97044482214570027
0.69602871,-0.98054331939828177
0.69607935,-0.98603824377117311
0.69612998,-0.98931776423716322
0.69618061,-0.99263326491399706
0.69623125,-0.9978581180064412
0.69628188,-1.0062324283394939
0.69633252,-1.018303203030321
0.69638316,-1.0339155568067246
0.69643379,-1.0522443469920937
0.69648442,-1.0719247363923139
0.69653506,-1.0912553731755059
0.6965857,-1.1083882266654181
0.69663633,-1.1215058788260766
0.69668696,-1.1289565143030003
0.6967376,-1.1293628765250707
0.69678823,-1.1216810013728093
0.69683887,-1.1052331097984778
0.69688951,-1.0796804870155809
0.69694014,-1.0450422992217128
0.69699077,-1.001657182014382
0.69704141,-0.95009536413396301
0.69709204,-0.89120761224798395
0.69714268,-0.82602312736977956
0.69719332,-0.75577872057482209
0.69724395,-0.68199785623427156
0.69729458,-0.60633991425924672
0.69734522,-0.5305951934016897
0.69739586,-0.4568048464705417
0.69744649,-0.38695222466994811
0.69749712,-0.3231321224305882
0.69754776,-0.26746119391214546
0.69759839,-0.22199146436525033
0.69764903,-0.18868481600479312
0.69769967,-0.16929804904177156
0.6977503,-0.16526546066039843
0.69780093,-0.17762807691679222
0.69785157,-0.20692709886903238
0.6979022,-0.25309723369990789
0.69795284,-0.31539906488237568
0.69800347,-0.39240869957446345
0.69805411,-0.48200825523885105
0.69810474,-0.58137892712025674
0.69815538,-0.68717785418881883
0.69820602,-0.79568411369340286
0.69825665,-0.90282344721239016
0.69830728,-1.004751706740443
0.69835792,-1.0978471882577592
0.69840855,-1.1789606629121556
0.69845919,-1.2457162431912772
0.69850983,-1.2963709936571481
0.69856046,-1.3301270417807536
0.69861109,-1.347001064308065
0.69866173,-1.3478158580932842
0.69871237,-1.3338999825501761
0.698763,-1.3074651820390517
0.69881363,-1.2708348332731751
0.69886427,-1.2264707418909777
0.6989149,-1.1768839717069683
0.69896554,-1.1244045986586733
0.69901618,-1.0711111489750942
0.69906681,-1.0187053797644352
0.69911744,-0.96847311929104296
0.69916808,-0.92134538490712459
0.69921871,-0.87785268602816913
0.69926935,-0.83807350853976637
0.69931999,-0.80177599662301213
0.69937062,-0.76828597085249539
0.69942125,-0.73656296547401612
0.69947189,-0.70571650635886185
0.69952253,-0.67457850348356363
0.69957316,-0.64187660292175197
0.69962379,-0.60636946150549897
0.69967443,-0.56704054224804956
0.69972506,-0.52315424661800547
0.6997757,-0.47440673860046689
0.69982634,-0.42095022384272057
0.69987697,-0.36342802170381072
0.6999276,-0.30299675477410548
0.69997824,-0.24120483769416073
0.70002887,-0.17996442750710034
0.70007951,-0.12135927315733791
0.70013015,-0.067618428722871604
0.70018078,-0.020917598770230361
0.70023141,0.016716404912914262
0.70028205,0.043544747033898323
0.70033269,0.05816701535297325
0.70038332,0.059529186208326201
0.70043395,0.047153096397036742
0.70048459,0.020985507680384596
0.70053522,-0.018551905644933364
0.70058586,-0.070573334001272525
0.7006365,-0.13375916994727227
0.70068713,-0.2063613768765466
0.70073776,-0.28625281140244296
0.7007884,-0.37096278479799039
0.70083903,-0.45783106088585268
0.70088967,-0.54402201741997724
0.7009403,-0.62678163286141808
0.70099094,-0.70350701669995308
0.70104157,-0.77203695597316757
0.70109221,-0.83075521561892474
0.70114285,-0.87871753840266431
0.70119348,-0.91573335699458913
0.70124411,-0.94240607954985411
0.70129475,-0.96005220374410793
0.70134538,-0.97058097355585859
0.70139602,-0.97624318976021107
0.70144666,-0.97942934292745176
0.70149729,-0.9824231554056484
0.70154792,-0.98715672470998594
0.70159856,-0.99495744478795767
0.7016492,-1.0064532555759471
0.70169983,-1.0215717078717552
0.70175046,-1.0395591151291361
0.7018011,-1.0591036758444443
0.70185173,-1.0785319493160128
0.70190237,-1.0959969344529676
0.70195301,-1.1096686230719228
0.70200364,-1.1178723459424302
0.70205427,-1.1191889742738712
0.70210491,-1.1125342174676791
0.70215554,-1.0971843454227856
0.70220618,-1.0727680492939178
0.70225682,-1.0392482274009995
0.70230745,-0.99696386195404807
0.70235808,-0.94642663268847793
0.70240872,-0.88846380309007467
0.70245936,-0.82407577337053595
0.70250999,-0.75450151228285822
0.70256062,-0.68122877269841331
0.70261126,-0.6058887161755917
0.70266189,-0.53023738728801217
0.70271253,-0.45632823104645037
0.70276317,-0.38613861151167322
0.7028138,-0.32174190616510462
0.70286443,-0.26528694319108304
0.70291507,-0.21884418430504074
0.7029657,-0.18438596139073032
0.70301634,-0.16369189621463176
0.70306698,-0.15822433783962037
0.70311761,-0.16906522488802889
0.70316824,-0.19680525293139861
0.70321888,-0.24143639062416467
0.70326952,-0.30229997042774059
0.70332015,-0.37801282602973063
0.70337078,-0.46653634139989075
0.70342142,-0.56518427420327855
0.70347205,-0.67064611341402802
0.70352269,-0.77926643420463093
0.70357333,-0.88695828850174396
0.70362396,-0.98985017603374104
0.70367459,-1.0842870188032618
0.70372523,-1.1671404558486447
0.70377587,-1.235870243039026
0.7038265,-1.2886780339485742
0.70387713,-1.3246539890126803
0.70392777,-1.343707983647817
0.7039784,-1.3465860095042963
0.70402904,-1.3345403007502286
0.70407968,-1.3097297906377119
0.70413031,-1.2744587098483926
0.70418094,-1.2311802776907244
0.70423158,-1.1824120422610589
0.70428221,-1.130505043637805
0.70433285,-1.0775777681522332
0.70438349,-1.0253881030870251
0.70443412,-0.97525398830173549
0.70448475,-0.92817027128145424
0.70453539,-0.88467941218101842
0.70458603,-0.84491298203470633
0.70463666,-0.80866818809654861
0.70468729,-0.77534000829873428
0.70473793,-0.74386193299860326
0.70478856,-0.71337254828593177
0.7048392,-0.68272471821249903
0.70488984,-0.65064298333772985
0.70494047,-0.61587473932598746
0.7049911,-0.57737256211528487
0.70504174,-0.53437092893909111
0.70509237,-0.48650618356430775
0.70514301,-0.43389088026538702
0.70519365,-0.37709567292328072
0.70524428,-0.31723929776411708
0.70529491,-0.25582163898887722
0.70534555,-0.19473352554475409
0.70539619,-0.13601810048330176
0.70544682,-0.081917582659267629
0.70549745,-0.034617054396596458
0.70554809,0.0038499160731083615
0.70559872,0.031704530574243273
0.70564936,0.047505755068826039
0.7057,0.050159931694434501
0.70575063,0.039137362210033722
0.70580126,0.014336507465392168
0.7058519,-0.023877254717664387
0.70590253,-0.074674665995195177
0.70595317,-0.13677311363546096
0.7060038,-0.20847696029915502
0.70605444,-0.28767859653042704
0.70610507,-0.37194902915109185
0.70615571,-0.45867555592517661
0.70620635,-0.54499981418248178
0.70625698,-0.62817252065305862
0.70630761,-0.70557488147316405
0.70635825,-0.77497648209960102
0.70640888,-0.83470350363019474
0.70645952,-0.88372556597158436
0.70651016,-0.9217753019345275
0.70656079,-0.94937061132911604
0.70661142,-0.96775801534189498
0.70666206,-0.97879542760374283
0.7067127,-0.98471005154063906
0.70676333,-0.98789053259153259
0.70681396,-0.99064528755775039
0.7068646,-0.99495862791472389
0.70691523,-1.0022307051282169
0.70696587,-1.0131646021749749
0.70701651,-1.0277654299948553
0.70706714,-1.0453470189093683
0.70711777,-1.0646484596862362
0.70716841,-1.0840241857126056
0.70721904,-1.1016396727032061
0.70726968,-1.1156457101655337
0.70732032,-1.1243454202130878
0.70737095,-1.1262906921256099
0.70742158,-1.1203546121210906
0.70747222,-1.1057743419753778
0.70752286,-1.0821352882652828
0.70757349,-1.0493818090818059
0.70762412,-1.0077975556848677
0.70767476,-0.95787195872509256
0.70772539,-0.90040606595199524
0.70777603,-0.83638942151479811
0.70782667,-0.76701022223816895
0.7078773,-0.6937225834143077
0.70792793,-0.61817965469027247
0.70797857,-0.54208799424718368
0.7080292,-0.46748921953904521
0.70807984,-0.39634739274842762
0.70813048,-0.33075355218793501
0.70818111,-0.27283828888351663
0.70823174,-0.22467504759454693
0.70828238,-0.18828346644144722
0.70833302,-0.16545852807164374
0.70838365,-0.15771969017507292
0.70843428,-0.16620656507310549
0.70848492,-0.1915754293522946
0.70853555,-0.2339038928461443
0.70858619,-0.2926034933512226
0.70863683,-0.36639198209229079
0.70868746,-0.45331712607656582
0.70873809,-0.55065000981703238
0.70878873,-0.65522659012608864
0.70883936,-0.76340511950172973
0.70889,-0.87111256426860995
0.70894063,-0.97446173210069542
0.70899127,-1.0697653355262005
0.7090419,-1.1537931723965138
0.70909254,-1.2239209473663213
0.70914318,-1.2783122702569827
0.70919381,-1.3159333885983433
0.70924444,-1.3366166835989863
0.70929508,-1.3410133024897384
0.70934571,-1.3303073329026813
0.70939635,-1.3065976435141065
0.70944699,-1.2721616682387533
0.70949762,-1.2294388540360348
0.70954825,-1.1809572486728961
0.70959889,-1.1290754290204519
0.70964953,-1.0759423682720386
0.70970016,-1.0233759178539323
0.70975079,-0.97273247747440661
0.70980143,-0.92505618824235181
0.70985206,-0.88094837063739395
0.7099027,-0.84058569491744317
0.70995334,-0.8038030159709475
0.71000397,-0.77006743634085817
0.7100546,-0.73831859477732664
0.71010524,-0.70769056976795808
0.71015587,-0.67706885452567522
0.71020651,-0.64516591309211146
0.71025715,-0.61073431222093966
0.71030778,-0.57267706075861402
0.71035841,-0.53019428244758127
0.71040905,-0.48286135454217438
0.71045969,-0.43075170026251425
0.71051032,-0.37437136395329274
0.71056095,-0.3147896091740463
0.71061159,-0.25345237909008411
0.71066222,-0.1922257128944348
0.71071286,-0.13314895863252124
0.7107635,-0.078437811641571209
0.71081413,-0.030305823581626978
0.71086476,0.009192551117846337
0.7109154,0.038240921487192325
0.71096603,0.055355246657205537
0.71101667,0.059450699861712808
0.71106731,0.04982342309684773
0.71111794,0.02637579163443271
0.71116857,-0.010572289381214184
0.71121921,-0.060238606915418547
0.71126985,-0.12138114586738225
0.71132048,-0.19235376980142388
0.71137111,-0.27108741912727796
0.71142175,-0.35519910820792544
0.71147238,-0.44208068668547229
0.71152302,-0.5288768714316473
0.71157366,-0.61284058996162927
0.71162429,-0.69132198425815239
0.71167492,-0.76203569192594134
0.71172556,-0.82323735814697363
0.7117762,-0.87382140815177844
0.71182683,-0.91342895912609845
0.71187746,-0.94248248675831581
0.7119281,-0.96215105210891183
0.71197873,-0.97423469578065358
0.71202937,-0.98092607313220104
0.71208001,-0.98460524102896729
0.71213064,-0.98760068386172084
0.71218127,-0.99194422493953782
0.71223191,-0.9991127326023479
0.71228254,-1.0098889101412216
0.71233318,-1.024361037558116
0.71238382,-1.0419178969948386
0.71243445,-1.061355199618885
0.71248508,-1.081065064590998
0.71253572,-1.0992291998829025
0.71258636,-1.1139925733432765
0.71263699,-1.1236365887556032
0.71268762,-1.1266853891439645
0.71273826,-1.1219742778850328
0.71278889,-1.1086980773770074
0.71283953,-1.0864079016437609
0.71289017,-1.0550141320299993
0.7129408,-1.0147260908661211
0.71299143,-0.96604374106979729
0.71304207,-0.90973216790854461
0.7130927,-0.84675359725856958
0.71314334,-0.77824887978374868
0.71319398,-0.7056386594633266
0.71324461,-0.63058874611413585
0.71329524,-0.55480219201656467
0.71334588,-0.48023224677300608
0.71339652,-0.40890020668713223
0.71344715,-0.34286257492902811
0.71349778,-0.28428175240476605
0.71354842,-0.23521911539316231
0.71359905,-0.1977106060074002
0.71364969,-0.17356745164256035
0.71370033,-0.16434100389449116
0.71375096,-0.17121670915950887
0.71380159,-0.19490836115019528
0.71385223,-0.23555818630417774
0.71390286,-0.29265655414738251
0.7139535,-0.36500869188200025
0.71400413,-0.45071594661434911
0.71405477,-0.54717236439319661
0.7141054,-0.65120381287069085
0.71415604,-0.75925385004120294
0.71420668,-0.86727616873954538
0.71425731,-0.97137688625663454
0.71430794,-1.0677933135502466
0.71435858,-1.1533000248826784
0.71440921,-1.2251575007702076
0.71445985,-1.2814357527283853
0.71451049,-1.3210037794491631
0.71456112,-1.3436168816892731
0.71461175,-1.3498320266177237
0.71466239,-1.3407599938373593
0.71471303,-1.318435945678833
0.71476366,-1.2851179502125478
0.71481429,-1.2432180903740166
0.71486493,-1.195266017076932
0.71491556,-1.1436427091877435
0.7149662,-1.0905223261662527
0.71501684,-1.0377638370268751
0.71506747,-0.98677361115195694
0.7151181,-0.93864102013922845
0.71516874,-0.89401733460036825
0.71521937,-0.85311888763233301
0.71527001,-0.81581667449011053
0.71532065,-0.78163612051845743
0.71537128,-0.74953751915995037
0.71542191,-0.71865843385882378
0.71547255,-0.68789787407515057
0.71552319,-0.65600952288134295
0.71557382,-0.62172431938682937
0.71562445,-0.58393026999786501
0.71567509,-0.5417874392613109
0.71572572,-0.49483152024028459
0.71577636,-0.44306435068525163
0.715827,-0.38694330711701219
0.71587763,-0.32746655577858624
0.71592826,-0.26604565849111328
0.7159789,-0.20447885794881743
0.71602953,-0.14482485617347318
0.71608017,-0.089247106193792447
0.71613081,-0.039993903934019248
0.71618144,0.00088381880695914683
0.71623207,0.03151737798351989
0.71628271,0.050387432152906364
0.71633335,0.056359630069560351
0.71638398,0.048673236891243921
0.71643461,0.027159559289941237
0.71648525,-0.0079016979743640192
0.71653588,-0.055791950788534661
0.71658652,-0.11532578952329203
0.71663716,-0.18490502723189028
0.71668779,-0.262493039746586
0.71673842,-0.34575616470673981
0.71678906,-0.43208753344878237
0.71683969,-0.51867024153554275
0.71689033,-0.60273653558839113
0.71694096,-0.68161693272687729
0.7169916,-0.75297675783937001
0.71704223,-0.81500595327225256
0.71709287,-0.86651554768162575
0.71714351,-0.90706301720230054
0.71719414,-0.9369807471449263
0.71724477,-0.95735349971282424
0.71729541,-0.96991989776233711
0.71734604,-0.97683591264447756
0.71739668,-0.98047105512625521
0.71744732,-0.98317270246760724
0.71749795,-0.9870173426266774
0.71754858,-0.99355708130937792
0.71759922,-1.0036551585753111
0.71764986,-1.0174782579334885
0.71770049,-1.034488322428776
0.71775112,-1.0535409744770523
0.71780176,-1.0730643714716954
0.71785239,-1.09125530763307
0.71790303,-1.1062578009310879
0.71795367,-1.1163294380500832
0.7180043,-1.1199625892896261
0.71805493,-1.1159559246605855
0.71810557,-1.1034635104141468
0.7181562,-1.0819939691792679
0.71820684,-1.0514169434907559
0.71825748,-1.0119327681707297
0.71830811,-0.96397849859896456
0.71835874,-0.90830906837090664
0.71840938,-0.84583611018748006
0.71846002,-0.77772567949564675
0.71851065,-0.70533179258453893
0.71856128,-0.63032319207995136
0.71861192,-0.55436756670516207
0.71866255,-0.4794248378886069
0.71871319,-0.40748878767685526
0.71876383,-0.34063940906146684
0.71881446,-0.28100091454643739
0.71886509,-0.23065007897285131
0.71891573,-0.19164159163133931
0.71896636,-0.16582673356085859
0.719017,-0.15479035410017317
0.71906764,-0.15976565203577558
0.71911827,-0.18153172070230239
0.7191689,-0.22028899301549043
0.71921954,-0.27561776615926448
0.71927018,-0.34640045608877873
0.71932081,-0.43079408125682761
0.71937144,-0.52631442523483518
0.71942208,-0.62986342821164776
0.71947271,-0.73784510751396115
0.71952335,-0.84623370007873788
0.71957399,-0.95116339971485009
0.71962462,-1.0488695927414178
0.71967525,-1.1359995185253744
0.71972589,-1.2097916460765124
0.71977653,-1.2681958701670408
0.71982716,-1.3099968340898465
0.71987779,-1.3348361254887611
0.71992843,-1.343181622896001
0.71997906,-1.3360726836767571
0.7200297,-1.3154840996248969
0.72008034,-1.283636894296315
0.72013097,-1.2429178871183064
0.7201816,-1.1958473733018296
0.72023224,-1.1448447519088187
0.72028287,-1.092095160740973
0.72033351,-1.039497259759907
0.72038415,-0.98851930327529969
0.72043478,-0.94027855880824573
0.72048541,-0.89549025579329355
0.72053605,-0.85441314097683141
0.72058669,-0.81695515975426236
0.72063732,-0.78269508025528312
0.72068795,-0.7506532580706986
0.72073859,-0.71993627391923676
0.72078922,-0.68948882579584037
0.72083986,-0.65807146535333694
0.7208905,-0.6244130341081624
0.72094113,-0.58737439913367651
0.72099176,-0.54607653085390462
0.7210424,-0.49999237116076034
0.72109303,-0.44907821460305331
0.72114367,-0.39372743947389732
0.72119431,-0.33487701626374811
0.72124494,-0.27391117289409472
0.72129557,-0.21257048574886123
0.72134621,-0.15291615771309924
0.72139685,-0.097084975532216844
0.72144748,-0.047335322919760225
0.72149811,-0.0057423459552815581
0.72154875,0.025798382397460962
0.72159938,0.045737649574734585
0.72165002,0.052890011642402202
0.72170066,0.046453290941141478
0.72175129,0.026208999362323793
0.72180192,-0.0076240665565536769
0.72185256,-0.054367103244323423
0.72190319,-0.11289818404883428
0.72195383,-0.18166680570115923
0.72200446,-0.2586855954658947
0.7220551,-0.34165485988045408
0.72210573,-0.42799511331277329
0.72215637,-0.51492527591666493
0.72220701,-0.59963285002560485
0.72225764,-0.67944295239631014
0.72230827,-0.75198252579827352
0.72235891,-0.81537338864854636
0.72240954,-0.86835931078858897
0.72246018,-0.91039468157196191
0.72251082,-0.94170916076204125
0.72256145,-0.96330361840807388
0.72261208,-0.97684751009944448
0.72266272,-0.9844568791192625
0.72271336,-0.98848608673025984
0.72276399,-0.99129734850241724
0.72281462,-0.99501148396986394
0.72286526,-1.0012539173389849
0.72291589,-1.0109707093805214
0.72296653,-1.024411360390584
0.72301717,-1.041115012325962
0.7230678,-1.0600041197407108
0.72311843,-1.079548739670096
0.72316907,-1.0979599219559864
0.7232197,-1.1133805635370284
0.72327034,-1.1240491124752774
0.72332098,-1.1284298414142886
0.72337161,-1.1252800102052327
0.72342224,-1.113714593626157
0.72347288,-1.0932080050809487
0.72352352,-1.0635776691011904
0.72357415,-1.024958636308039
0.72362478,-0.97783226579894778
0.72367542,-0.92288320465023177
0.72372605,-0.8610230771484122
0.72377669,-0.79338340951271857
0.72382733,-0.72126641643197353
0.72387796,-0.64632359354007718
0.72392859,-0.57022213360135643
0.72397923,-0.49491029358016669
0.72402986,-0.42235485410201706
0.7240805,-0.35462933973522237
0.72413114,-0.29383902370181603
0.72418177,-0.24206094173698367
0.7242324,-0.20137128314494576
0.72428304,-0.173642353898319
0.72433368,-0.1604962836795274
0.72438431,-0.16321716874646952
0.72443494,-0.1826448708092922
0.72448558,-0.2190569222691291
0.72453621,-0.27212488350766523
0.72458685,-0.34081992055780708
0.72463749,-0.42339211724414116
0.72468812,-0.51743955917513873
0.72473875,-0.61994538986179726
0.72478939,-0.72737304015439619
0.72484002,-0.83569342629564292
0.72489066,-0.9410006927989667
0.72494129,-1.0395609590678894
0.72499193,-1.1279000677507858
0.72504256,-1.2031948048950794
0.7250932,-1.2633017661014492
0.72514384,-1.306895568913248
0.72519447,-1.3335133727818114
0.7252451,-1.3435225797519958
0.72529574,-1.3380581665771936
0.72534637,-1.3186708130917042
0.72539701,-1.2877074866903284
0.72544765,-1.2475617389231011
0.72549828,-1.2007479288652785
0.72554891,-1.1497230315215559
0.72559955,-1.09670804626874
0.72565019,-1.0436319701008272
0.72570082,-0.99203069124645982
0.72575145,-0.94306402541996404
0.72580209,-0.8975001943522809
0.72585272,-0.85564431327126678
0.72590336,-0.81744203281308159
0.725954,-0.78252199935462485
0.72600463,-0.74995890803215348
0.72605526,-0.71881965998484165
0.7261059,-0.6880991069586212
0.72615653,-0.65657400265805654
0.72620717,-0.62295949547236895
0.72625781,-0.58610034637089814
0.72630844,-0.54509119511518522
0.72635907,-0.49935143369931739
0.72640971,-0.44878794325915178
0.72646035,-0.39373301851186693
0.72651098,-0.33505001077002644
0.72656161,-0.27407529050643015
0.72661225,-0.21249876607273271
0.72666288,-0.15235524989414284
0.72671352,-0.095774505993771908
0.72676416,-0.045010205745335319
0.72681479,-0.0021679021563671963
0.72686542,0.030820842424464145
0.72691606,0.052365697866375349
0.72696669,0.061225230653440377
0.72701733,0.05654440229812846
0.72706797,0.038043994616554166
0.7271186,0.0058867134601960913
0.72716923,-0.039296866276619324
0.72721987,-0.096447961665595994
0.72727051,-0.16405437612785467
0.72732114,-0.24018680497516715
0.72737177,-0.32259100777904748
0.72742241,-0.40869800369307041
0.72747304,-0.49570975218787749
0.72752368,-0.58084712614293021
0.72757432,-0.66140603194015857
0.72762495,-0.73497253830394416
0.72767558,-0.79960389411594102
0.72772622,-0.85396043349026851
0.72777686,-0.89741515941775463
0.72782749,-0.93010857462103003
0.72787812,-0.95295235349010055
0.72792876,-0.96754606981730262
0.72797939,-0.97596426664259139
0.72803003,-0.98054019850816077
0.72808067,-0.9836440492898777
0.7281313,-0.98742877631790815
0.72818193,-0.99358992094808873
0.72823257,-1.003147959751217
0.7282832,-1.0164304692057331
0.72833384,-1.0330537070063535
0.72838448,-1.0520076853119789
0.72843511,-1.0718025705085341
0.72848574,-1.0906709249802096
0.72853638,-1.1067561162986532
0.72858702,-1.1182815082739328
0.72863765,-1.1236839929974565
0.72868828,-1.1216842885832674
0.72873892,-1.1113567147265395
0.72878955,-1.0921339313768408
0.72884019,-1.0638000656242779
0.72889083,-1.0264497133105672
0.72894146,-0.98052390112428156
0.72899209,-0.92667487665351311
0.72904273,-0.86579118668001043
0.72909336,-0.79899076052368034
0.729144,-0.7275280899074299
0.72919464,-0.65306533165254854
0.72924527,-0.57722039347284759
0.7292959,-0.5019060813690408
0.72934654,-0.42913109486092949
0.72939718,-0.3609471073303111
0.72944781,-0.29945287918800567
0.72949844,-0.24674126516117117
0.72954908,-0.20489018403236237
0.72959971,-0.1758067274668608
0.72965035,-0.16114184398237871
0.72970099,-0.16222319546428932
0.72975162,-0.17994732444988681
0.72980225,-0.21467154521403903
0.72985289,-0.26612359811437775
0.72990352,-0.33335674240451152
0.72995416,-0.414713510836838
0.73000479,-0.50786122655973065
0.73005543,-0.60982725700802209
0.73010606,-0.7171838090086039
0.7301567,-0.82601154474101002
0.73020734,-0.93226161078733816
0.73025797,-1.0321723813381329
0.7303086,-1.1222858121254162
0.73035924,-1.1996893087313583
0.73040987,-1.2621166213489263
0.73046051,-1.3081448004823506
0.73051115,-1.3372033287695828
0.73056178,-1.3495570628761255
0.73061241,-1.3462404307408875
0.73066305,-1.3287413051517141
0.73071369,-1.2993715513744477
0.73076432,-1.2604957739512799
0.73081495,-1.2146099543034499
0.73086559,-1.1641873050521498
0.73091622,-1.111496744471032
0.73096686,-1.0584887888579204
0.7310175,-1.0067618040732254
0.73106813,-0.95751493117842568
0.73111876,-0.91156430596988047
0.7311694,-0.86927929443822016
0.73122003,-0.83064436007427145
0.73127067,-0.79533640278853412
0.73132131,-0.76250143338601173
0.73137194,-0.73116888635183852
0.73142257,-0.70037673836801762
0.73147321,-0.66892467347376461
0.73152385,-0.63552278511529203
0.73157448,-0.59899287460931783
0.73162511,-0.55840030866368473
0.73167575,-0.51312967042620872
0.73172638,-0.46300766153323408
0.73177702,-0.4083326603967774
0.73182766,-0.34990291807453389
0.73187829,-0.28899990750150495
0.73192892,-0.22729963178782131
0.73197956,-0.16677800525398551
0.73203019,-0.10957548803234862
0.73208083,-0.057917517960988374
0.73213147,-0.013949379188103628
0.7321821,0.020390876653655132
0.73223273,0.043455140414085935
0.73228337,0.053966958408191101
0.73233401,0.051018574262026661
0.73238464,0.034277458985229881
0.73243527,0.0038479077829937647
0.73248591,-0.039699332869396475
0.73253654,-0.095347805159790355
0.73258718,-0.16163846431726903
0.73263782,-0.2366827967093646
0.73268845,-0.31827386438847538
0.73273908,-0.40382877902558956
0.73278972,-0.49063670024309408
0.73284035,-0.57588812045097737
0.73289099,-0.65686585045530654
0.73294162,-0.73111972654266399
0.73299226,-0.79663033969206831
0.73304289,-0.85197918691912577
0.73309353,-0.8964594268267243
0.73314417,-0.93012245462073029
0.7331948,-0.95379083867062764
0.73324543,-0.96899154387683217
0.73329607,-0.97775228124290103
0.7333467,-0.98238327328618591
0.73339734,-0.98526109844871701
0.73344798,-0.98857431195249557
0.73349861,-0.99408667872274181
0.73354924,-1.0029006353350196
0.73359988,-1.0154281381652026
0.73365052,-1.0313723720974068
0.73370115,-1.0497984333134311
0.73375178,-1.0692655316915667
0.73380242,-1.0880323340839468
0.73385305,-1.1042471558624185
0.73390369,-1.1161220816574662
0.73395433,-1.1220596526277526
0.73400496,-1.1207427992268568
0.73405559,-1.1112010042837464
0.73410623,-1.0928218191281016
0.73415686,-1.0653427954418557
0.7342075,-1.0288221351138591
0.73425814,-0.98366405555615688
0.73430877,-0.93048642770482393
0.7343594,-0.87016019720938653
0.73441004,-0.80376770501366257
0.73446068,-0.73255597288934649
0.73451131,-0.65812418489274638
0.73456194,-0.58212499717810595
0.73461258,-0.5064083413774858
0.73466321,-0.43299420603366412
0.73471385,-0.36391157647755523
0.73476449,-0.30126708682688802
0.73481512,-0.24717308880083744
0.73486575,-0.20367615696837862
0.73491639,-0.17272164808813359
0.73496702,-0.15600757800092208
0.73501766,-0.15490790783055602
0.7350683,-0.17038402194692842
0.73511893,-0.20286493560611646
0.73516956,-0.25217393865467908
0.7352202,-0.31744349605288952
0.73527084,-0.39710915991692719
0.73532147,-0.48892464933144231
0.7353721,-0.58994610955902849
0.73542274,-0.69679789754831245
0.73547337,-0.80565740660197482
0.73552401,-0.91241550278632033
0.73557465,-1.0132667384955749
0.73562528,-1.1047047783550954
0.73567591,-1.1837168662140949
0.73572655,-1.2480071921963636
0.73577719,-1.2960118725782561
0.73582782,-1.3270605804213724
0.73587845,-1.3413305222347682
0.73592909,-1.3397627552945877
0.73597972,-1.3237873208594357
0.73603036,-1.2956822420925196
0.736081,-1.2577923429099056
0.73613163,-1.2126026056401269
0.73618226,-1.1626072584150835
0.7362329,-1.1101101268154434
0.73628353,-1.0571111565031801
0.73633417,-1.0052357981006541
0.73638481,-0.95574397018115476
0.73643544,-0.90948700957057038
0.73648607,-0.86689974301456807
0.73653671,-0.82799940897852475
0.73658735,-0.79250800039382574
0.73663798,-0.75964041272689975
0.73668861,-0.72838519460012319
0.73673925,-0.69782198195741707
0.73678988,-0.6667440623057409
0.73684052,-0.63388066619391825
0.73689116,-0.59800953298405135
0.73694179,-0.55816620538246164
0.73699242,-0.51367732316370462
0.73704306,-0.46433849244713155
0.73709369,-0.41036927601001222
0.73714433,-0.35251025034387151
0.73719497,-0.29200349933103331
0.7372456,-0.23049209883663593
0.73729623,-0.16989843198835525
0.73734687,-0.11236481012005362
0.73739751,-0.060115897956738329
0.73744814,-0.015321247501059732
0.73749877,0.0200506529772006
0.73754941,0.044311483566696674
0.73760004,0.056136649021696905
0.73765068,0.054563112065910746
0.73770132,0.039201110005237683
0.73775195,0.010094594938416301
0.73780258,-0.032238225716194724
0.73785322,-0.08683976160064194
0.73790385,-0.15230236286398224
0.73795449,-0.2267912724529148
0.73800512,-0.30811811352534524
0.73805576,-0.3937530183642155
0.73810639,-0.48100255583874335
0.73815703,-0.56704310547337522
0.73820767,-0.64912584764572423
0.7382583,-0.72475684288706776
0.73830893,-0.79184845468387843
0.73835957,-0.8488857021853361
0.7384102,-0.89506604908827081
0.73846084,-0.93034592555496864
0.73851148,-0.95546083608210197
0.73856211,-0.9718567439766389
0.73861274,-0.98151838096506805
0.73866338,-0.98673663971746528
0.73871402,-0.98989974682671877
0.73876465,-0.9932400991603203
0.73881528,-0.99859499605832747
0.73886592,-1.0071551165984645
0.73891655,-1.0194213688256797
0.73896719,-1.0351823767539294
0.73901783,-1.0535728003325786
0.73906846,-1.0731966322247601
0.73911909,-1.0923358603708944
0.73916973,-1.1091370054907403
0.73922036,-1.1217941620647109
0.739271,-1.1286744163047682
0.73932164,-1.1284229881005088
0.73937227,-1.1200247953251257
0.7394229,-1.1028292789251335
0.73947354,-1.0765264213549997
0.73952418,-1.0411498700067674
0.73957481,-0.99707440395180513
0.73962544,-0.94488233422099233
0.73967608,-0.88543208638324356
0.73972671,-0.81976778651897608
0.73977735,-0.74913923458540954
0.73982799,-0.67509288207751117
0.73987862,-0.59928079780302146
0.73992925,-0.52352181138816212
0.73997989,-0.44985623634486144
0.74003052,-0.38026848517016498
0.74008116,-0.3168647266391072
0.7401318,-0.26176574777919326
0.74018243,-0.21701658179343608
0.74023306,-0.18457028488664137
0.7402837,-0.16616124701813206
0.74033434,-0.16319600878134588
0.74038497,-0.17668323407440911
0.7404356,-0.20712043424982018
0.74048624,-0.25439688609646866
0.74053687,-0.31773124352740029
0.74058751,-0.3956477854407815
0.74063815,-0.48600405532024726
0.74068878,-0.58593559181254906
0.74073941,-0.69210596560786652
0.74079005,-0.80068237698383737
0.74084068,-0.90765804904965175
0.74089132,-1.0091732747272997
0.74094195,-1.1016581523641074
0.74099259,-1.1820028084309748
0.74104322,-1.24786138633592
0.74109386,-1.2975329827321938
0.7411445,-1.3302743149310419
0.74119513,-1.3461618845933341
0.74124576,-1.3460624113565736
0.7412964,-1.3313381322522528
0.74134703,-1.3042351616646446
0.74139767,-1.2670801550007011
0.74144831,-1.2223540059524394
0.74149894,-1.1725555431928636
0.74154957,-1.1200055891734515
0.74160021,-1.0667560442330934
0.74165085,-1.0144776440099741
0.74170148,-0.96443738917727573
0.74175211,-0.91753411816411146
0.74180275,-0.87427316126743582
0.74185338,-0.83470880682643567
0.74190402,-0.79859530476217777
0.74195466,-0.76521811678162355
0.74200529,-0.7335432215410207
0.74205592,-0.70267840065289833
0.74210656,-0.67144350576885348
0.74215719,-0.63857092555234873
0.74220783,-0.60283035828506104
0.74225847,-0.56322640291976356
0.7423091,-0.51905281124308855
0.74235973,-0.47002454357340745
0.74241037,-0.41633543983298432
0.74246101,-0.35865180360313897
0.74251164,-0.29816345021551155
0.74256227,-0.23644043959991629
0.74261291,-0.17540157811391982
0.74266354,-0.11716641299988811
0.74271418,-0.063943901748250709
0.74276482,-0.017914955625909779
0.74281545,0.018917511954858746
0.74286608,0.044825012142596321
0.74291672,0.058437771390450921
0.74296735,0.058734429370014107
0.74301799,0.045269636968126969
0.74306863,0.018028411699166358
0.74311926,-0.022532049698906764
0.74316989,-0.075497554270134548
0.74322053,-0.13951506030878896
0.74327117,-0.21279264574109791
0.7433218,-0.2931852382367956
0.74337243,-0.37821658509552664
0.74342307,-0.46519666070834115
0.7434737,-0.55130492432520073
0.74352434,-0.63378645811114354
0.74357498,-0.71008534121756828
0.74362561,-0.77806150318331802
0.74367624,-0.83614011018392942
0.74372688,-0.88342801110362579
0.74377752,-0.91978885014430545
0.74382815,-0.94587644005554372
0.74387878,-0.96305462220883875
0.74392942,-0.97325710898920592
0.74398005,-0.97874893815823549
0.74403069,-0.98191911284334077
0.74408133,-0.98503182950278623
0.74413196,-0.98998442869989778
0.74418259,-0.99805390069734967
0.74423323,-1.0098204640092652
0.74428386,-1.0251636740092365
0.7443345,-1.0432857594375393
0.74438514,-1.0628429836387479
0.74443577,-1.0821449501211884
0.7444864,-1.0993429698569053
0.74453704,-1.1126135930489558
0.74458768,-1.1202993508150279
0.74463831,-1.1210043212901817
0.74468894,-1.113669810996877
0.74473958,-1.0976000708561764
0.74479021,-1.0724474327328046
0.74484085,-1.0382038574117098
0.74489149,-0.99522181712612034
0.74494212,-0.94403981876286591
0.74499275,-0.88550212079151891
0.74504339,-0.82062099403881106
0.74509402,-0.75064435376800587
0.74514466,-0.67707470042188067
0.7451953,-0.60156127695261452
0.74524593,-0.52587729433543151
0.74529656,-0.45206951416442231
0.7453472,-0.38211434813035106
0.74539784,-0.31809446949273179
0.74544847,-0.2621452582769313
0.7454991,-0.21632537496408624
0.74554974,-0.18260445077749998
0.74560037,-0.16275199070425891
0.74565101,-0.15821610417722748
0.74570165,-0.17005753480464758
0.74575228,-0.19883926366999388
0.74580291,-0.24451799249964562
0.74585355,-0.30639108902986106
0.74590418,-0.38305240862249235
0.74595482,-0.47241525583529842
0.74600545,-0.57171246435687417
0.74605609,-0.67760977093937447
0.74610672,-0.78641587137886337
0.74615736,-0.89405895975969307
0.746208,-0.99669157364203476
0.74625863,-1.0906452917368905
0.74630926,-1.1728078362511183
0.7463599,-1.2407139086301628
0.74641053,-1.2925922221778077
0.74646117,-1.3275920356268016
0.74651181,-1.3456809053362968
0.74656244,-1.3476425093315623
0.74661307,-1.3347702067371539
0.74666371,-1.3092497040124877
0.74671435,-1.2733968965824163
0.74676498,-1.2296767183811441
0.74681561,-1.1805980600883679
0.74686625,-1.1285063047377082
0.74691688,-1.0754987011872208
0.74696752,-1.0233004754656174
0.74701816,-0.97321435439850568
0.74706879,-0.92620106838006122
0.74711942,-0.88279952774982662
0.74717006,-0.84310518213569319
0.74722069,-0.80690162327512938
0.74727133,-0.77354985299892887
0.74732197,-0.74199825514118423
0.7473726,-0.71136763827547322
0.74742323,-0.68050296498908502
0.74747387,-0.6481425476935454
0.74752451,-0.61303426523254745
0.74757514,-0.5741534147503925
0.74762577,-0.5307473570651059
0.74767641,-0.48248295607732422
0.74772704,-0.42949441687884876
0.74777768,-0.37239571312853059
0.74782832,-0.31230864609085629
0.74787895,-0.2507651459182374
0.74792958,-0.18966857548581478
0.74798022,-0.13108151352015374
0.74803085,-0.077244370069078305
0.74808149,-0.030347888049760963
0.74813213,0.007580412113439905
0.74818276,0.034781677062691474
0.74823339,0.049833716663314098
0.74828403,0.051666284318700573
0.74833467,0.039779113876901806
0.7483853,0.01410114715522387
0.74843593,-0.024970013184582251
0.74848657,-0.076571947429886988
0.7485372,-0.13939393979578868
0.74858784,-0.21171001520057053
0.74863848,-0.29140048920017092
0.74868911,-0.37600870106607687
0.74873974,-0.46289239031550111
0.74879038,-0.54920512049837045
0.74884101,-0.63219848878291818
0.74889165,-0.70925983488636957
0.74894228,-0.77819817857318596
0.74899292,-0.837372927255706
0.74904355,-0.88579564268447764
0.74909419,-0.92324493021845322
0.74914483,-0.95028850040446966
0.74919546,-0.96821432387374684
0.74924609,-0.97891224623185558
0.74929673,-0.98462502985826594
0.74934736,-0.98774426325709741
0.749398,-0.99056593099789381
0.74944864,-0.99504477823337001
0.74949927,-1.0025377265047433
0.7495499,-1.0137038775019316
0.74960054,-1.0285022239699417
0.74965118,-1.0462059990202317
0.74970181,-1.0655236829176926
0.74975244,-1.0847933372117402
0.74980308,-1.1021721506674349
0.74985371,-1.1158243361977687
0.74990435,-1.124066764383205
0.74995499,-1.125469748863368
0.75000562,-1.1189319785121821
0.75005625,-1.1037165690388264
0.75010689,-1.079432686784191
0.75015752,-1.0460401552317236
0.75020816,-1.003859017482335
0.7502588,-0.95338416854501984
0.75030943,-0.89543623315379262
0.75036006,-0.83101693961335688
0.7504107,-0.7613417572351362
0.75046134,-0.68787190470187276
0.75051197,-0.61225626271761568
0.7505626,-0.53624153950551734
0.75061324,-0.46186720476885978
0.75066387,-0.39110437873930692
0.75071451,-0.3260311634114737
0.75076515,-0.26879619875596156
0.75081578,-0.22146932065898889
0.75086641,-0.18604197192443414
0.75091705,-0.16429651769299014
0.75096768,-0.15771905436527556
0.75101832,-0.16741501718689156
0.75106896,-0.19400107137800643
0.75111959,-0.23750640586874192
0.75117022,-0.29730565764616601
0.75122086,-0.37207072028792237
0.7512715,-0.45975528992946563
0.75132213,-0.55770342898641723
0.75137276,-0.66264111024959305
0.7514234,-0.77093961595009619
0.75147403,-0.87849708777187696
0.75152467,-0.98145323799727435
0.75157531,-1.0761332277949025
0.75162594,-1.1593838203798339
0.75167657,-1.2285711438604348
0.75172721,-1.2819353743710256
0.75177785,-1.3184979035687121
0.75182848,-1.3381355503349073
0.75187911,-1.3415496756301843
0.75192975,-1.3299660273040672
0.75198038,-1.3055132587210081
0.75203102,-1.2704869477125282
0.75208166,-1.227331143342858
0.75213229,-1.1785743128739603
0.75218292,-1.1265711786858874
0.75223356,-1.0734555967184014
0.75228419,-1.0210102706439703
0.75233483,-0.97057406063563267
0.75238547,-0.92316332829041337
0.7524361,-0.87934580724005862
0.75248673,-0.83927132826043183
0.75253737,-0.80275518493252285
0.75258801,-0.76921600016770708
0.75263864,-0.73759077443866317
0.75268927,-0.70701422964628236
0.75273991,-0.67635325486879183
0.75279054,-0.64432899070801319
0.75284118,-0.60968591062408228
0.75289182,-0.57135264159909449
0.75294245,-0.52854876575842735
0.75299308,-0.48088289768212422
0.75304372,-0.42845210880394186
0.75309435,-0.37179557017237619
0.75314499,-0.31201872883197618
0.75319563,-0.25059694688703077
0.75324626,-0.18941170039844402
0.75329689,-0.13050405168014989
0.75334753,-0.076112736803018499
0.75339817,-0.02843277833775526
0.7534488,0.010489476206088755
0.75349943,0.03886056141403349
0.75355007,0.055216592850716451
0.7536007,0.058442588739662016
0.75365134,0.047984552113448875
0.75370198,0.023712362958436817
0.75375261,-0.014026909686674249
0.75380324,-0.064428456886400476
0.75385388,-0.12622717212319873
0.75390451,-0.1977340194777194
0.75395515,-0.2768745808931885
0.75400578,-0.36123114506370035
0.75405642,-0.44818895982889273
0.75410705,-0.53489479958984831
0.75415769,-0.61858577779761847
0.75420833,-0.69663741372508858
0.75425896,-0.76678222778128113
0.75430959,-0.82731907058436638
0.75436023,-0.87718490296675977
0.75441086,-0.91607233162890911
0.7544615,-0.94445952924525156
0.75451214,-0.96355954869125449
0.75456277,-0.97520689790604842
0.7546134,-0.98161578804134031
0.75466404,-0.98517229377066928
0.75471468,-0.98819414548094464
0.75476531,-0.99268642414330377
0.75481594,-1.0000824494813001
0.75486658,-1.0111186590529606
0.75491721,-1.0258353702032368
0.75496785,-1.0435765720549279
0.75501849,-1.0631035472942885
0.75506912,-1.0827851254916006
0.75511975,-1.1007912491172167
0.75517039,-1.1152675665718128
0.75522102,-1.1245055168619276
0.75527166,-1.1270455412139551
0.7553223,-1.1217443773794538
0.75537293,-1.107821910392321
0.75542356,-1.084851940698131
0.7554742,-1.0527680023361585
0.75552484,-1.0118150333103806
0.75557547,-0.9625041200259461
0.7556261,-0.90561605685046875
0.75567674,-0.84213513337881296
0.75572737,-0.77322552101157793
0.75577801,-0.70031683512110687
0.75582865,-0.62508060139771349
0.75587928,-0.54922391909959278
0.75592991,-0.47474127743646999
0.75598055,-0.40362154970925446
0.75603118,-0.33793371737370448
0.75608182,-0.27983913180203646
0.75613246,-0.23140007548438968
0.75618309,-0.19464193470139346
0.75623372,-0.17136190818649666
0.75628436,-0.16309532002231664
0.756335,-0.17100088587178969
0.75638563,-0.19575929458468083
0.75643626,-0.23747659693785814
0.7564869,-0.29559735005862786
0.75653753,-0.36888420684757961
0.75658817,-0.45540096989608359
0.75663881,-0.55248886857902879
0.75668944,-0.65693088437341984
0.75674007,-0.7651314823644908
0.75679071,-0.87306181394476456
0.75684134,-0.9768255314891594
0.75689198,-1.0726996483986229
0.75694261,-1.1574366346185323
0.75699325,-1.2283567470492753
0.75704388,-1.2835900748604097
0.75709452,-1.32205757071296
0.75714516,-1.3435665272034578
0.75719579,-1.3487279237410048
0.75724642,-1.3386964699369468
0.75729706,-1.3155503023743109
0.75734769,-1.2815630347741382
0.75739833,-1.2391612470457209
0.75744897,-1.190878239833848
0.7574996,-1.139084843148054
0.75755023,-1.0859443789485062
0.75760087,-1.0332851961018066
0.75765151,-0.98248427054266585
0.75770214,-0.93460325329930383
0.75775277,-0.89025721926130896
0.75780341,-0.84963974828721178
0.75785404,-0.81259290185629385
0.75790468,-0.77861431929088343
0.75795532,-0.74664494898577405
0.75800595,-0.71581933433587408
0.75805658,-0.68503677429187548
0.75810722,-0.65302377609764906
0.75815785,-0.61852307058401945
0.75820849,-0.58043439399502739
0.75825913,-0.53794547208122934
0.75830976,-0.49061629626744274
0.75836039,-0.43849243363007179
0.75841103,-0.38206292953112519
0.75846167,-0.3223628397913561
0.7585123,-0.26083540502834918
0.75856293,-0.19931807651282846
0.75861357,-0.13985434655830414
0.7586642,-0.084643106430019155
0.75871484,-0.035912847517221236
0.75876548,0.0042817940795029097
0.75881611,0.034111473895319544
0.75886674,0.052076224021050721
0.75891738,0.057028819267515352
0.75896801,0.048335100214157933
0.75901865,0.0258283982004886
0.75906929,-0.010193875756578263
0.75911992,-0.058975320402643694
0.75917055,-0.11929952842907193
0.75922119,-0.18953919096247973
0.75927183,-0.26763446130030466
0.75932246,-0.35124076607813925
0.75937309,-0.4377449894080237
0.75942373,-0.52430958434505026
0.75947436,-0.6081868233540787
0.759525,-0.68671144906001425
0.75957564,-0.75758877697781524
0.75962627,-0.81902758615687499
0.7596769,-0.8698963450419106
0.75972754,-0.90979569903887381
0.75977818,-0.93910903442258342
0.75982881,-0.95896921929576195
0.75987944,-0.97115202513069088
0.75993008,-0.97783394610833985
0.75998071,-0.98139122870797246
0.76003135,-0.98416001146945609
0.76008199,-0.98818996201480758
0.76013262,-0.99498899196687596
0.76018325,-1.0053731563437565
0.76023389,-1.0194623594554946
0.76028452,-1.0366770013382869
0.76033516,-1.0558375273251785
0.7603858,-1.0753520228904974
0.76043643,-1.0934100271197538
0.76048706,-1.1081558295908609
0.7605377,-1.117862704115554
0.76058834,-1.1210412957571556
0.76063897,-1.1165126406133901
0.7606896,-1.1034548395875474
0.76074024,-1.0814015904835323
0.76079087,-1.0502452492652674
0.76084151,-1.0102038867563661
0.76089215,-0.96173135061717141
0.76094278,-0.9055989789833635
0.76099341,-0.84273825661325175
0.76104405,-0.77432080417449112
0.76109468,-0.70171778898479853
0.76114532,-0.62660086656245972
0.76119596,-0.55067178617366397
0.76124659,-0.47586522758870087
0.76129722,-0.40420810069509461
0.76134786,-0.33777234693325292
0.7613985,-0.27868984968667054
0.76144913,-0.22903193006506559
0.76149976,-0.19084329571306385
0.7615504,-0.16595535400994582
0.76160103,-0.15593320928128446
0.76165167,-0.16198638990959457
0.76170231,-0.1848568752477826
0.76175294,-0.22471373525667238
0.76180357,-0.28109086177395093
0.76185421,-0.35282427606941419
0.76190484,-0.43803343735384059
0.76195548,-0.53418285507145336
0.76200611,-0.63811015767760026
0.76205675,-0.74619316833534544
0.76210738,-0.85447050916554801
0.76215802,-0.95901920163254428
0.76220866,-1.056096974235353
0.76225929,-1.1423998064624685
0.76230992,-1.2151862931466026
0.76236056,-1.2724684764385359
0.76241119,-1.3131014819407638
0.76246183,-1.3367738465257786
0.76251247,-1.3440022053048009
0.7625631,-1.3358785281488363
0.76261373,-1.3144021237627466
0.76266437,-1.281814083153523
0.76271501,-1.2405188300440226
0.76276564,-1.1930444990480553
0.76281627,-1.1417904420852125
0.76286691,-1.088933863211587
0.76291754,-1.036352337707489
0.76296818,-0.98548276474277896
0.76301882,-0.93742395074375851
0.76306945,-0.89285524219279766
0.76312008,-0.85200430506766989
0.76317072,-0.81475889308521088
0.76322135,-0.78066470858558557
0.76327199,-0.74870990939023851
0.76332263,-0.71801481258256428
0.76337326,-0.68749898973623347
0.76342389,-0.65592224605189908
0.76347453,-0.62200942897689904
0.76352517,-0.58463551723251583
0.7635758,-0.5429503812212555
0.76362643,-0.49646079968918727
0.76367707,-0.44515288699546629
0.7637277,-0.38946212215480347
0.76377834,-0.33034963382626975
0.76382898,-0.26922254910245336
0.76387961,-0.20785475434625278
0.76393024,-0.14830827686242115
0.76398088,-0.092734915722626376
0.76403151,-0.043388649371487065
0.76408215,-0.0023299651029968782
0.76413279,0.028558920121660503
0.76418342,0.047745585500550913
0.76423405,0.054077154254298154
0.76428469,0.046773670121422195
0.76433533,0.025646057422084201
0.76438596,-0.0090541611056406124
0.76443659,-0.056616961340994976
0.76448723,-0.11589138573594071
0.76453786,-0.1852933023082331
0.7645885,-0.26281438821329722
0.76463914,-0.3461327070745866
0.76468977,-0.43264571183281597
0.7647404,-0.51956701579036935
0.76479104,-0.60407588216614361
0.76484167,-0.6835180750214751
0.76489231,-0.75554511351704767
0.76494294,-0.81830412108265149
0.76499358,-0.87058005172135455
0.76504421,-0.91188345930830417
0.76509485,-0.94250725167497318
0.76514549,-0.9635005215551885
0.76519612,-0.97657581800367121
0.76524675,-0.98387190731959628
0.76529739,-0.98775337046690703
0.76534802,-0.99057405889408334
0.76539866,-0.99443044629588984
0.7654493,-1.0009040350346854
0.76549993,-1.0108926956888427
0.76555056,-1.0245972695311183
0.7656012,-1.041512297472827
0.76565184,-1.0605203963659995
0.76570247,-1.0800668039908423
0.7657531,-1.0983539493210808
0.76580374,-1.1135251864298628
0.76585437,-1.1238293725071715
0.76590501,-1.1277502387109024
0.76595565,-1.1240681732582161
0.76600628,-1.1119214487580273
0.76605691,-1.0908066312792384
0.76610755,-1.0605704398073423
0.76615818,-1.0213662880442032
0.76620882,-0.97368174837527577
0.76625946,-0.9182276130147905
0.76631009,-0.85592148995516948
0.76636072,-0.78790610730680177
0.76641136,-0.71551122391392963
0.766462,-0.6404102201901446
0.76651263,-0.56426971618654898
0.76656326,-0.4890368602141989
0.7666139,-0.41671465895461346
0.76666453,-0.34937567714940232
0.76671517,-0.28913525666705053
0.76676581,-0.23806825893334874
0.76681644,-0.19823867022128977
0.76686707,-0.17151489423417404
0.76691771,-0.15948956812217224
0.76696834,-0.1634188209140307
0.76701898,-0.18410220497559537
0.76706962,-0.22177037187492427
0.76712025,-0.27603869969059158
0.76717088,-0.34583144048725695
0.76722152,-0.42933974310120915
0.76727216,-0.52411878445606908
0.76732279,-0.62710770200462196
0.76737342,-0.73472386565824965
0.76742406,-0.84295682366986524
0.76747469,-0.94792643899935336
0.76752533,-1.045871898534283
0.76757597,-1.1333992108951652
0.7676266,-1.207740451444939
0.76767723,-1.2667677898207939
0.76772787,-1.3092250392571276
0.76777851,-1.3347037710320602
0.76782914,-1.3436265508891092
0.76787977,-1.3371583934895335
0.76793041,-1.3168987064634583
0.76798104,-1.2852173053114995
0.76803168,-1.2445115688851223
0.76808232,-1.1973073095773277
0.76813295,-1.1460515220918954
0.76818358,-1.092952000333856
0.76823422,-1.0399305593397909
0.76828485,-0.98848583748198959
0.76833549,-0.93975070149073769
0.76838613,-0.89446204536814633
0.76843676,-0.85289668828334464
0.76848739,-0.81497017659465909
0.76853803,-0.78028232429333411
0.76858867,-0.7478686950297071
0.7686393,-0.71682136875519264
0.76868993,-0.6861044936022298
0.76874057,-0.65448008619828091
0.7687912,-0.62068230934640589
0.76884184,-0.58355983941888745
0.76889248,-0.54222933783423177
0.76894311,-0.49613816295751406
0.76899374,-0.44523235889389651
0.76904438,-0.38988553144880023
0.76909501,-0.33099019155194381
0.76914565,-0.26991363470649177
0.76919629,-0.2083817162116951
0.76924692,-0.14845294133611098
0.76929755,-0.09225666676980071
0.76934819,-0.042045597269685708
0.76939883,9.1203265233485986e-05
0.76944946,0.03224445305465734
0.76950009,0.05284379889411922
0.76955073,0.060681534765449963
0.76960136,0.054934290383490403
0.769652,0.035359009301433542
0.76970264,0.0021556996489403568
0.76975327,-0.044014279367571685
0.7698039,-0.10205210065493048
0.76985454,-0.17041857697987145
0.76990517,-0.24715773019179071
0.76995581,-0.32997663041699221
0.77000644,-0.4163112345326252
0.77005708,-0.50336167483299921
0.77010771,-0.58833662661392117
0.77015835,-0.66854412316471878
0.77020899,-0.74160123408315504
0.77025962,-0.8055985376363981
0.77031025,-0.85924375381506035
0.77036089,-0.90195335432609713
0.77041152,-0.93391762849931614
0.77046216,-0.95609683460236572
0.7705128,-0.9701298013544889
0.77056343,-0.97811539090177302
0.77061406,-0.98239973641409983
0.7706647,-0.98535075249946358
0.77071534,-0.98910620263096827
0.77076597,-0.9953254770850305
0.7708166,-1.0049896910449667
0.77086724,-1.0183853768515942
0.77091787,-1.0350861893626442
0.77096851,-1.0540451111909324
0.77101915,-1.0737495592432893
0.77106978,-1.0924188325313398
0.77112041,-1.108195764614075
0.77117105,-1.1193103866296568
0.77122168,-1.124214125879365
0.77127232,-1.1216484868860495
0.77132296,-1.1107094966840123
0.77137359,-1.0908535316808829
0.77142422,-1.0618868934200067
0.77147486,-1.0239239579277697
0.7715255,-0.97742475676869511
0.77157613,-0.92306129584011731
0.77162676,-0.86173795043416956
0.7716774,-0.79458139205624145
0.77172803,-0.72286733246132129
0.77177867,-0.64827098532196481
0.77182931,-0.57240676678922453
0.77187994,-0.49722667831084721
0.77193057,-0.4247054779338213
0.77198121,-0.35690215464208486
0.77203184,-0.29592442627478005
0.77208248,-0.24385491779120763
0.77213312,-0.20276781454469842
0.77218375,-0.17455469956512398
0.77223438,-0.16085615952322158
0.77228502,-0.16297617862293751
0.77233566,-0.18178290201072494
0.77238629,-0.21759184940462795
0.77243692,-0.27009627604066505
0.77248756,-0.33830043629080475
0.77253819,-0.4205079335097664
0.77258883,-0.51433954053686459
0.77263947,-0.61677970204680421
0.7726901,-0.72435155604216428
0.77274073,-0.83305663117884277
0.77279137,-0.9389329253467058
0.772842,-1.0382318004807809
0.77289264,-1.1274720504924229
0.77294327,-1.20378937720788
0.77299391,-1.2650067220115155
0.77304454,-1.3097471669585314
0.77309518,-1.3375117031473871
0.77314582,-1.3486207282794576
0.77319645,-1.3441693964450787
0.77324708,-1.3256839994606187
0.77329772,-1.2954946121456306
0.77334835,-1.2559785369221261
0.77339899,-1.2096391726977411
0.77344963,-1.1589389137036492
0.77350026,-1.1061178435037227
0.77355089,-1.0531116813682531
0.77360153,-1.0014815357924511
0.77365217,-0.95241203355312309
0.7737028,-0.90669049204993968
0.77375343,-0.86465373968379278
0.77380407,-0.82626544834339111
0.7738547,-0.79117916517621412
0.77390534,-0.75850353295114403
0.77395598,-0.72728316710221663
0.77400661,-0.6965348973520149
0.77405724,-0.66504310780626619
0.77410788,-0.63152132832184782
0.77415851,-0.59480331284179555
0.77420915,-0.55396926028350268
0.77425979,-0.50843424968556683
0.77431042,-0.45805443286173303
0.77436105,-0.40314849255929053
0.77441169,-0.34455900718452487
0.77446233,-0.28360016417051681
0.77451296,-0.22194949121336399
0.77456359,-0.16162021724117454
0.77461423,-0.10475485125099082
0.77466486,-0.053585493917086002
0.7747155,-0.010236026237090579
0.77476614,0.023356319881803589
0.77481677,0.045578190090827864
0.7748674,0.055171532638055021
0.77491804,0.051258534618691509
0.77496867,0.033539436281048218
0.77501931,0.002152248712887328
0.77506995,-0.042296114806407548
0.77512058,-0.098769990294893473
0.77517121,-0.16577323270607286
0.77522185,-0.24139332390655405
0.77527249,-0.32340554449787728
0.77532312,-0.40922387019500117
0.77537375,-0.49609259594370214
0.77542439,-0.58123427647281922
0.77547502,-0.66192156265501934
0.77552566,-0.73572666949892818
0.7755763,-0.80067551173124052
0.77562693,-0.85538798055230381
0.77567756,-0.89920668533683035
0.7757282,-0.93223027469166908
0.77577883,-0.95533132308501201
0.77582947,-0.97007686022969675
0.7758801,-0.97852124981429101
0.77593074,-0.9829875390562488
0.77598137,-0.98584996468291286
0.77603201,-0.98927896234992785
0.77608265,-0.99500214665054754
0.77613328,-1.0040772885345044
0.77618391,-1.0168704358970397
0.77623455,-1.0330379734256621
0.77628518,-1.0516038997912363
0.77633582,-1.0710995092747848
0.77638646,-1.0897710708528989
0.77643709,-1.105763439869166
0.77648772,-1.1172962264461102
0.77653836,-1.1227948811857118
0.776589,-1.1209628734830903
0.77663963,-1.110856607542041
0.77669026,-1.0918890380649184
0.7767409,-1.0638259324794066
0.77679153,-1.0267501016846747
0.77684217,-0.98106946811752493
0.77689281,-0.92743317682588722
0.77694344,-0.86671155332667849
0.77699407,-0.80001314124377587
0.77704471,-0.72858808951547371
0.77709534,-0.6540579046614452
0.77714598,-0.57806721978540065
0.77719662,-0.50248241177240738
0.77724725,-0.4293235117169017
0.77729788,-0.36064573931171112
0.77734852,-0.29854852966944789
0.77739916,-0.24511992886313944
0.77744979,-0.20244022683313162
0.77750042,-0.17242474881171221
0.77755106,-0.15674238382846217
0.77760169,-0.15674187044991417
0.77765233,-0.17335241398493723
0.77770297,-0.20696078538287632
0.7777536,-0.25733987367527855
0.77780423,-0.32359148725177178
0.77785487,-0.4040865818259341
0.7779055,-0.49655320380279222
0.77795614,-0.59802897348729145
0.77800677,-0.7050826392807632
0.77805741,-0.81390947956011384
0.77810804,-0.92037643793810742
0.77815868,-1.0206675767960922
0.77820932,-1.1113503866479975
0.77825995,-1.1894576652146269
0.77831058,-1.2526926668490355
0.77836122,-1.2995901261083016
0.77841185,-1.3295236566161839
0.77846249,-1.3427219074348811
0.77851313,-1.3401797825380224
0.77856376,-1.323365387365727
0.77861439,-1.2945705760550892
0.77866503,-1.2561521797433968
0.77871567,-1.2106008270848498
0.7787663,-1.1603983791166859
0.77881693,-1.1078303978526334
0.77886757,-1.0548595274545676
0.7789182,-1.0031021328233447
0.77896884,-0.95378414361460351
0.77901948,-0.90772855125859597
0.77907011,-0.86534362906135809
0.77912074,-0.82662139000115586
0.77917138,-0.79126614646628335
0.77922201,-0.75845758396992746
0.77927265,-0.72720366788085056
0.77932329,-0.69656288949540623
0.77937392,-0.665333611653114
0.77942455,-0.63223826789749926
0.77947519,-0.59607970711388003
0.77952583,-0.55590237268932485
0.77957646,-0.51106326695960125
0.77962709,-0.46138113541572545
0.77967773,-0.40711325761413464
0.77972836,-0.34903784299744334
0.779779,-0.28842990329113694
0.77982964,-0.22693591989598566
0.77988027,-0.16650380335737408
0.7799309,-0.10927690945084806
0.77998154,-0.057475775862933842
0.78003217,-0.01326031162615865
0.78008281,0.021426674732534901
0.78013345,0.044912779679452952
0.78018408,0.055903417482079165
0.78023471,0.0534638520664108
0.78028535,0.037233878088663519
0.78033599,0.0072897492760294891
0.78038662,-0.035822487196451147
0.78043725,-0.091117315638685525
0.78048789,-0.15714832552051489
0.78053852,-0.23206038348982333
0.78058916,-0.3136557656014668
0.7806398,-0.39936721322610569
0.78069043,-0.48648762993451872
0.78074106,-0.57221612492763541
0.7807917,-0.65380597022548503
0.78084233,-0.72879761360459039
0.78089297,-0.79514171720879212
0.7809436,-0.85137671866591047
0.78099424,-0.89675190250229975
0.78104487,-0.93127599668065753
0.78109551,-0.95573113545865684
0.78114615,-0.97160827190110921
0.78119678,-0.98091475827343622
0.78124741,-0.98595088690980492
0.78129805,-0.98909736705829021
0.78134868,-0.99256065541015692
0.78139932,-0.99813597973370816
0.78144996,-1.006963054835907
0.78150059,-1.0194921754715007
0.78155122,-1.0354643019823979
0.78160186,-1.0539763644540232
0.7816525,-1.0736088632916121
0.78170313,-1.0926334494100707
0.78175376,-1.1091979278579005
0.7818044,-1.1215096829887692
0.78185503,-1.1279558664674965
0.78190567,-1.1272028991478715
0.78195631,-1.1182598178756562
0.78200694,-1.1004939405471545
0.78205757,-1.0736160177237262
0.78210821,-1.0376701244810795
0.78215884,-0.99305632712806602
0.78220948,-0.94036307986994849
0.78226012,-0.88046042012768266
0.78231075,-0.81441640334861831
0.78236138,-0.74346637469443677
0.78241202,-0.66920095887840647
0.78246266,-0.59326586179624297
0.78251329,-0.51749500125230163
0.78256392,-0.44393587292081116
0.78261456,-0.37458523245616071
0.78266519,-0.31155153662594537
0.78271583,-0.25695091972228945
0.78276647,-0.21282652017846598
0.7828171,-0.18113918032550119
0.78286773,-0.16359718151036262
0.78291837,-0.16159229030416572
0.782969,-0.17610820516951753
0.78301964,-0.20760485419392377
0.78307028,-0.2559360592641774
0.78312091,-0.32027487044485425
0.78317154,-0.39909918591804872
0.78322218,-0.49021480459806566
0.78327282,-0.59071449051016378
0.78332345,-0.69723010969542609
0.78337408,-0.80596632583350902
0.78342472,-0.91283110979045889
0.78347535,-1.0139996552245141
0.78352599,-1.1059516253351658
0.78357663,-1.1855965499477605
0.78362726,-1.2506430592709776
0.78367789,-1.2994309261478052
0.78372853,-1.331270883672607
0.78377916,-1.346286079479506
0.7838298,-1.3453812372410168
0.78388043,-1.3299559533258138
0.78393107,-1.3022708914448771
0.7839817,-1.2646649147997273
0.78403234,-1.2196154694105115
0.78408298,-1.1696294514598224
0.78413361,-1.1170138716445277
0.78418424,-1.0637944938939032
0.78423488,-1.0116234236489268
0.78428551,-0.96174717984550562
0.78433615,-0.9150392968716331
0.78438679,-0.8719822452086029
0.78443742,-0.8326106478075237
0.78448805,-0.79666013504204825
0.78453869,-0.76338238418002013
0.78458933,-0.73175735835039812
0.78463996,-0.70088124797130646
0.78469059,-0.6695586001092062
0.78474123,-0.6365228446420651
0.78479186,-0.60054539074098268
0.7848425,-0.5606426927834246
0.78489314,-0.51612697212433867
0.78494377,-0.46675831350677865
0.7849944,-0.41273212413646382
0.78504504,-0.35477067207502422
0.78509567,-0.29410711516839716
0.78514631,-0.23233198524042115
0.78519695,-0.17137230729668268
0.78524758,-0.11335480250566732
0.78529821,-0.06051080996943653
0.78534885,-0.015014579604254785
0.78539949,0.021144655892249564
0.78545012,0.046269534544044699
0.78550075,0.059008852038555548
0.78555139,0.058375839442867505
0.78560202,0.04395683669890188
0.78565266,0.015772579312591406
0.7857033,-0.025685881256007292
0.78575393,-0.079475482089795102
0.78580456,-0.14421254127930283
0.7858552,-0.21807874730611698
0.78590583,-0.29890940758757706
0.78595647,-0.38420175494812658
0.7860071,-0.47125866462279842
0.78605774,-0.55725868301300574
0.78610837,-0.63945236591160837
0.78615901,-0.71532788924591828
0.78620965,-0.78275918350331086
0.78626028,-0.84021293604348235
0.78631091,-0.88684821473036879
0.78636155,-0.92257704303918642
0.78641218,-0.94809862195128569
0.78646282,-0.96482184336777188
0.78651346,-0.97470666391393102
0.78656409,-0.9800325005187156
0.78661472,-0.98318569607971862
0.78666536,-0.98641207266875464
0.786716,-0.9915750052013832
0.78676663,-0.99990510862692084
0.78681726,-1.0119386164976683
0.7868679,-1.0275097514019511
0.78691853,-1.045784262429851
0.78696917,-1.0653922920319827
0.78701981,-1.0846288014440431
0.78707044,-1.1016478555803908
0.78712107,-1.1146361700718646
0.78717171,-1.121947728015936
0.78722234,-1.1222076942533956
0.78727298,-1.114379860363977
0.78732362,-1.097790803675518
0.78737425,-1.0721132753245972
0.78742488,-1.0373558854254996
0.78747552,-0.99387851706934405
0.78752616,-0.94224550390765738
0.78757679,-0.88330778439077096
0.78762742,-0.81808505623578642
0.78767806,-0.74783499175021995
0.78772869,-0.67408287651181364
0.78777933,-0.59848595796831605
0.78782997,-0.52283755133649712
0.7878806,-0.44918016138249589
0.78793123,-0.37949925012742897
0.78798187,-0.3158945728344551
0.7880325,-0.26048527700479296
0.78808314,-0.21532500701843166
0.78813378,-0.18237062879215721
0.78818441,-0.1633762981436683
0.78823504,-0.15976696817805219
0.78828568,-0.17257581653063214
0.78833632,-0.20233289796050741
0.78838695,-0.24896371409367329
0.78843758,-0.31171927586003106
0.78848822,-0.3891565730855287
0.78853885,-0.47916147691957922
0.78858949,-0.57890102186593007
0.78864013,-0.6850186638754544
0.78869076,-0.79380095710713361
0.78874139,-0.90116510730514043
0.78879203,-1.0032665167272661
0.78884266,-1.0964985680444157
0.7888933,-1.1777111904794466
0.78894393,-1.2445403439740603
0.78899457,-1.2952583227354264
0.7890452,-1.3290709202184625
0.78909584,-1.3460104082252402
0.78914648,-1.3469085416672826
0.78919711,-1.3331009642029614
0.78924774,-1.3068044293842958
0.78929838,-1.2703430500745787
0.78934901,-1.2261875353247518
0.78939965,-1.1768340353836169
0.78945029,-1.1246163602557071
0.78950092,-1.0716104008771257
0.78955155,-1.0195034726918561
0.78960219,-0.96958228374744349
0.78965283,-0.92276851814295313
0.78970346,-0.87958846859571826
0.78975409,-0.84011325658885783
0.78980473,-0.8041061830972478
0.78985536,-0.7708866500800422
0.789906,-0.73941731813619105
0.78995664,-0.70880307990590063
0.79000727,-0.67787483101752266
0.7900579,-0.64536137386127501
0.79010854,-0.61002465414499696
0.79015917,-0.57085011374763917
0.79020981,-0.52710981304792104
0.79026045,-0.47849605566732872
0.79031108,-0.42516561802428887
0.79036171,-0.36776719561344096
0.79041235,-0.30746130818673112
0.79046299,-0.24580273743422362
0.79051362,-0.18470423180501488
0.79056425,-0.12625727038981388
0.79061489,-0.072695229333216482
0.79066552,-0.026197772389644547
0.79071616,0.011206567880193086
0.7907668,0.037778537025447811
0.79081743,0.052121441375721611
0.79086806,0.053185945740501728
0.7909187,0.040499118794370237
0.79096933,0.014017777669298126
0.79101997,-0.025826586956697595
0.7910706,-0.07814187319645316
0.79112124,-0.14159726040090015
0.79117187,-0.21443549053471117
0.79122251,-0.2945176350343261
0.79127315,-0.37936480458725974
0.79132378,-0.46631882089889476
0.79137441,-0.55254451310405917
0.79142505,-0.63529185761354556
0.79147568,-0.7119616424739702
0.79152632,-0.78039992350965992
0.79157696,-0.83899960700102016
0.79162759,-0.88682392281730638
0.79167822,-0.92369270881723742
0.79172886,-0.95021858631407996
0.79177949,-0.96772840456329057
0.79183013,-0.97813586688304732
0.79188076,-0.98369590238300908
0.7919314,-0.98679986351085802
0.79198203,-0.98972885976005098
0.79203267,-0.99440982659292754
0.79208331,-1.0021583786493613
0.79213394,-1.013594506351047
0.79218457,-1.0286366562278015
0.79223521,-1.0465223836118192
0.79228584,-1.0659327949105979
0.79233648,-1.0851916911754829
0.79238712,-1.1024507396458576
0.79243775,-1.1158807624962372
0.79248838,-1.123809156731173
0.79253902,-1.1248231151072594
0.79258966,-1.1178415349620998
0.79264029,-1.1021468336596763
0.79269092,-1.0773668526312832
0.79274156,-1.0434762465992085
0.79279219,-1.0008142623089229
0.79284283,-0.94989384925107512
0.79289347,-0.8915512733751092
0.7929441,-0.82679536305638401
0.79299473,-0.75685640180203406
0.79304537,-0.68323345009116498
0.793096,-0.60756268353407483
0.79314664,-0.53160552662105343
0.79319728,-0.45742482594194811
0.79324791,-0.38698882325898104
0.79329854,-0.32237566400798695
0.79334918,-0.26573071572346152
0.79339982,-0.21912426752521616
0.79345045,-0.18452455893431255
0.79350108,-0.16371014035307233
0.79355172,-0.15813861570813659
0.79360235,-0.16888747823996864
0.79365299,-0.19654169799337085
0.79370363,-0.2410878897211553
0.79375426,-0.30186185475780053
0.79380489,-0.3774720979693208
0.79385553,-0.46587468770880336
0.79390616,-0.56438013495440553
0.7939568,-0.66966786433556402
0.79400743,-0.77807476340553761
0.79405807,-0.88551451927823055
0.7941087,-0.98812637009084225
0.79415934,-1.0822323784256418
0.79420998,-1.1647192056335465
0.79426061,-1.2330589767782087
0.79431124,-1.2854544988916117
0.79436188,-1.321011550379483
0.79441251,-1.3396535889666865
0.79446315,-1.342136966793011
0.79451379,-1.32972413301256
0.79456442,-1.3045832207792674
0.79461505,-1.2690203328535765
0.79466569,-1.2254965100360242
0.79471633,-1.1765251646006769
0.79476696,-1.1244520132052429
0.79481759,-1.0713907529713862
0.79486823,-1.0190855669149586
0.79491886,-0.96885074745094146
0.7949695,-0.92167327915737574
0.79502014,-0.87808853039479873
0.79507077,-0.83822428709505103
0.7951214,-0.80187419076349975
0.79517204,-0.76842822886963391
0.79522267,-0.73682465528758434
0.79527331,-0.70620028517168965
0.79532395,-0.67540729732481408
0.79537458,-0.6431737536740243
0.79542521,-0.60824943984315871
0.79547585,-0.5695907617107836
0.79552649,-0.52643784068280164
0.79557712,-0.47843398221658628
0.79562775,-0.42569720456891347
0.79567839,-0.36881101730529542
0.79572902,-0.30889156127368544
0.79577966,-0.24744782327951861
0.7958303,-0.18637154895321395
0.79588093,-0.12771262454323962
0.79593156,-0.073708880567666168
0.7959822,-0.026545961640337457
0.79603283,0.011744428642527782
0.79608347,0.039386817700412469
0.79613411,0.054944837126199575
0.79618474,0.057330978010303957
0.79623537,0.046022014423620417
0.79628601,0.020921053204665196
0.79633665,-0.017598405330683131
0.79638728,-0.068697564863524907
0.79643791,-0.13108709248557171
0.79648855,-0.20306860751025363
0.79653918,-0.28253750987549853
0.79658982,-0.36705634650974256
0.79664046,-0.4540056782017734
0.79669109,-0.54053180357363739
0.79674172,-0.62388229622405911
0.79679236,-0.70143880196376085
0.79684299,-0.77097936420451396
0.79689363,-0.83083446612806267
0.79694426,-0.87998185658743444
0.7969949,-0.91816315166756068
0.79704553,-0.94590415327393118
0.79709617,-0.96445981846575646
0.79714681,-0.97569332725261737
0.79719744,-0.98183415491719539
0.79724807,-0.98527045041739703
0.79729871,-0.98830637100062046
0.79734934,-0.99291843053456075
0.79739998,-1.0004982190037077
0.79745062,-1.0117392881146292
0.79750125,-1.0266374873488302
0.79755188,-1.0444978645201184
0.79760252,-1.0640542651072065
0.79765316,-1.0836578686272431
0.79770379,-1.1014737151807699
0.79775442,-1.1156547033045543
0.79780506,-1.1245070461622924
0.79785569,-1.126586713150515
0.79790633,-1.1207707480804812
0.79795697,-1.1063003658405697
0.7980076,-1.0827657151099574
0.79805823,-1.0501167841224297
0.79810887,-1.0086267637483637
0.7981595,-0.95880532683481745
0.79821014,-0.9014511194805862
0.79826078,-0.83756607621147072
0.79831141,-0.76832813553164359
0.79836204,-0.69519728688220228
0.79841268,-0.619833567572175
0.79846332,-0.54394619330235261
0.79851395,-0.46957874061524196
0.79856458,-0.39869850660637085
0.79861522,-0.33339103858790492
0.79866585,-0.27578545890193268
0.79871649,-0.22795490800539808
0.79876713,-0.1919126303121636
0.79881776,-0.16944791103786763
0.79886839,-0.1620755997267081
0.79891903,-0.17093099932841843
0.79896966,-0.19666722016954596
0.7990203,-0.2393570431920955
0.79907093,-0.2984058970857148
0.79912157,-0.37252858016338347
0.7991722,-0.45976390836262765
0.79922284,-0.55737905530797838
0.79927348,-0.66220437880055494
0.79932411,-0.77061927550906628
0.79937474,-0.87848037238589982
0.79942538,-0.98193862425563105
0.79947601,-1.0773008592694717
0.79952665,-1.1613404097680555
0.79957729,-1.2314403982932376
0.79962792,-1.2857738674592349
0.79967855,-1.3233148467507005
0.79972919,-1.3439044254276646
0.79977982,-1.3482010352945983
0.79983046,-1.3374004932238686
0.79988109,-1.3136008490799962
0.79993173,-1.2790818271742361
0.79998236,-1.2362842595823751
0.800033,-1.1877382580604525
0.80008364,-1.1358010313744256
0.80013427,-1.0826205189485845
0.8001849,-1.0300060885627544
0.80023554,-0.97931702571657675
0.80028617,-0.93159062374786117
0.80033681,-0.88742358903021468
0.80038745,-0.8469859609859991
0.80043808,-0.81011234651058472
0.80048871,-0.7762552006239487
0.80053935,-0.74435534001933268
0.80058999,-0.71354390788048228
0.80064062,-0.6827050927663938
0.80069125,-0.65055325347860293
0.80074189,-0.6158429317128179
0.80079252,-0.57748212390608289
0.80084316,-0.53467818199957284
0.8008938,-0.48701456338518317
0.80094443,-0.43457393063388133
0.80099506,-0.37787082938577377
0.8010457,-0.3179825793100583
0.80109633,-0.25636244175535394
0.80114697,-0.19488181383782077
0.80119761,-0.13558048081167678
0.80124824,-0.08067874340304737
0.80129887,-0.032389972750248686
0.80134951,0.0072341024710454449
0.80140015,0.036382171459442558
0.80145078,0.053574939626474194
0.80150141,0.057678196524921788
0.80155205,0.048118060765884652
0.80160268,0.024743824359517053
0.80165332,-0.012118898717396909
0.80170396,-0.061685996040546531
0.80175459,-0.12270690971434817
0.80180522,-0.19353511126622486
0.80185586,-0.27210389972637727
0.80190649,-0.3560241357433393
0.80195713,-0.44268919795367478
0.80200776,-0.5292427730926913
0.8020584,-0.61293793928698304
0.80210903,-0.69113286474527225
0.80215967,-0.76153705608121225
0.80221031,-0.82241494531339787
0.80226094,-0.87266826675843689
0.80231157,-0.91194600488697986
0.80236221,-0.94067995594551523
0.80241284,-0.96004560646149217
0.80246348,-0.97184928485560318
0.80251412,-0.97828668966667309
0.80256475,-0.98173926936209954
0.80261538,-0.98453479040622283
0.80266602,-0.9887011522922271
0.80271666,-0.99570806189982697
0.80276729,-1.0063306725551566
0.80281792,-1.0206493324914823
0.80286856,-1.0380457371318104
0.80291919,-1.0573096995009503
0.80296983,-1.0768298561684508
0.80302047,-1.0947860525580433
0.8030711,-1.1093233342854727
0.80312173,-1.1187259164591463
0.80317237,-1.1215195339304473
0.803223,-1.1165441696894554
0.80327364,-1.1030000675889573
0.80332428,-1.0804400436157016
0.80337491,-1.0487786576053715
0.80342554,-1.0082507745909057
0.80347618,-0.9593292147671314
0.80352682,-0.90279242089862921
0.80357745,-0.8395973667280513
0.80362808,-0.77090869199060452
0.80367872,-0.69814082062400118
0.80372935,-0.6229583935501154
0.80377999,-0.54706823085965361
0.80383063,-0.47243152511342912
0.80388126,-0.40105862615065285
0.80393189,-0.33501298769636728
0.80398253,-0.2764612360720039
0.80403316,-0.2274653046095497
0.8040838,-0.19006276717425555
0.80413444,-0.1660627731152681
0.80418507,-0.15701351136154568
0.8042357,-0.16409404188004234
0.80428634,-0.18800950725316556
0.80433698,-0.22889261051817147
0.80438761,-0.28622640034782654
0.80443824,-0.35880217425321864
0.80448888,-0.44471697513512393
0.80453951,-0.54136812974717685
0.80459015,-0.64554190280663182
0.80464079,-0.75371417126229501
0.80469142,-0.86181450945271709
0.80474205,-0.96596770756221662
0.80479269,-1.0624131213321537
0.80484332,-1.1479300616188644
0.80489396,-1.2197834502971032
0.80494459,-1.2760538683158547
0.80499523,-1.3156168217394324
0.80504586,-1.3382327532367466
0.8050965,-1.3444669191545389
0.80514714,-1.3354337249074453
0.80519777,-1.3131764684314211
0.8052484,-1.2799498553951048
0.80529904,-1.2381692124203925
0.80534967,-1.190366483134188
0.80540031,-1.1389194189136289
0.80545095,-1.0860006842644672
0.80550158,-1.0334670718926642
0.80555221,-0.98271972452539846
0.80560285,-0.93484397663676178
0.80565349,-0.89048488421604366
0.80570412,-0.84985437174853373
0.80575475,-0.81281763775487126
0.80580539,-0.77889338651200235
0.80585602,-0.7470367583686931
0.80590666,-0.71638383315827459
0.8059573,-0.68583030471722162
0.80600793,-0.6541262256691881
0.80605856,-0.62000617264208457
0.8061092,-0.58236064923962583
0.80615983,-0.54035607055338153
0.80621047,-0.49353353401803135
0.80626111,-0.4419041066599233
0.80631174,-0.38593290071656222
0.80636237,-0.32662717526581059
0.80641301,-0.26540446430753528
0.80646365,-0.20406658217457646
0.80651428,-0.14467504821532168
0.80656491,-0.089395143014302791
0.80661555,-0.040469726793461558
0.80666618,5.2181702346387748e-05
0.80671682,0.030309770110621748
0.80676746,0.048788318065826897
0.80681809,0.054360578460321329
0.80686872,0.046272410694225441
0.80691936,0.024361416000099834
0.80696999,-0.011086024214206458
0.80702063,-0.059346402216547134
0.80707126,-0.11922998767473975
0.8071219,-0.18913337781534695
0.80717253,-0.26701100645547687
0.80722317,-0.35053384264040632
0.80727381,-0.43709432554069705
0.80732444,-0.52387171483161143
0.80737507,-0.608099893666327
0.80742571,-0.68711407761401633
0.80747634,-0.75857225664154626
0.80752698,-0.82067839387677943
0.80757762,-0.87224632727609619
0.80762825,-0.91284083313458741
0.80767888,-0.94280224569779059
0.80772952,-0.96322225462532418
0.80778015,-0.97584466833016126
0.80783079,-0.98282861477184169
0.80788142,-0.98654481787235349
0.80793206,-0.98933874916784004
0.80798269,-0.99328431639758341
0.80803333,-0.99992468313997329
0.80808397,-1.0101155196662952
0.8081346,-1.0240165443350784
0.80818523,-1.0410835813989188
0.80823587,-1.0601668795977763
0.8082865,-1.0796929805027298
0.80833714,-1.0978571794402445
0.80838778,-1.1128035864575954
0.80843841,-1.1227931195629588
0.80848904,-1.126322437139984
0.80853968,-1.122193075864546
0.80859032,-1.1095626884385703
0.80864095,-1.0879493109911471
0.80869158,-1.0572233582289485
0.80874222,-1.0175593842613737
0.80879285,-0.96944542498520481
0.80884349,-0.91361893572746034
0.80889413,-0.85100710948395397
0.80894476,-0.78274911332502239
0.80899539,-0.71021548668021994
0.80904603,-0.63507826596382133
0.80909666,-0.5590244642634743
0.8091473,-0.48398507435288551
0.80919794,-0.41197321329853326
0.80924857,-0.34506482804390937
0.8092992,-0.28538545339226035
0.80934984,-0.23500829104297594
0.80940048,-0.19598324525322866
0.80945111,-0.17016033151625173
0.80950174,-0.15911876760932667
0.80955238,-0.16409215874969613
0.80960301,-0.18585446256939031
0.80965365,-0.22460090813265329
0.80970429,-0.27990912741017426
0.80975492,-0.35065190378689604
0.80980555,-0.43498876430193045
0.80985619,-0.53041764783099432
0.80990682,-0.63383654097586462
0.80995746,-0.7416415882338806
0.81000809,-0.8498027990372965
0.81005873,-0.95446773887322278
0.81010936,-1.0518543964399401
0.81016,-1.1386478137271894
0.81021064,-1.2120412302885817
0.81026127,-1.2700170562067772
0.8103119,-1.3113745963784895
0.81036254,-1.3357603195465466
0.81041317,-1.3436542546565211
0.81046381,-1.3362699771406805
0.81051445,-1.3152332095596915
0.81056508,-1.2829527164206929
0.81061571,-1.2418234797165972
0.81066635,-1.1943788609898198
0.81071699,-1.1430392295580269
0.81076762,-1.0899902792984921
0.81081825,-1.0371353421656684
0.81086889,-0.98593495354503569
0.81091952,-0.93750053058845073
0.81097016,-0.89253851251993355
0.8110208,-0.85130155077174463
0.81107143,-0.81369058002116712
0.81112206,-0.77927529673219587
0.8111727,-0.74706699490687867
0.81122333,-0.71617077351532177
0.81127397,-0.68552621996334084
0.81132461,-0.65388854160589049
0.81137524,-0.61998717843742379
0.81142587,-0.58268363310391269
0.81147651,-0.54110427618396917
0.81152715,-0.49472964238118189
0.81157778,-0.44352510435333481
0.81162841,-0.38789211906560417
0.81167905,-0.32878333300062723
0.81172968,-0.26758476399284054
0.81178032,-0.20604385868011121
0.81183096,-0.14622880413157419
0.81188159,-0.090277607982653552
0.81193222,-0.040451442805331583
0.81198286,0.0011759432204229148
0.81203349,0.032711912166000445
0.81208413,0.052607010548096578
0.81213477,0.059684054280891241
0.8121854,0.053145082310048664
0.81223603,0.032778940796808598
0.81228667,-0.0011891584268752808
0.81233731,-0.048069096975465075
0.81238794,-0.10673129622740102
0.81243857,-0.1756200927880685
0.81248921,-0.25273880387537795
0.81253984,-0.33579051953810124
0.81259048,-0.42219080108114654
0.81264112,-0.50915168716326575
0.81269175,-0.59386452584931182
0.81274238,-0.6736542294607023
0.81279302,-0.74615326059486808
0.81284365,-0.80948990355468731
0.81289429,-0.86241186955295523
0.81294492,-0.90438442142219411
0.81299556,-0.93564943459340144
0.81304619,-0.95721609711399502
0.81309683,-0.97076117073136847
0.81314747,-0.97840541005731918
0.8131981,-0.9825054337803214
0.81324873,-0.98542359469318086
0.81329937,-0.98927785161059767
0.81335,-0.99568733976590629
0.81340064,-1.0055902491966568
0.81345128,-1.0192273438283599
0.81350191,-1.0361296254324284
0.81355254,-1.0552116858049945
0.81360318,-1.0749382903310611
0.81365382,-1.0935177460403811
0.81370445,-1.1090915958723595
0.81375508,-1.1198968780086516
0.81380572,-1.1244008290256553
0.81385635,-1.1213637146762006
0.81390699,-1.1099023921891398
0.81395763,-1.089493836643582
0.81400826,-1.0599655035149818
0.81405889,-1.0214589340007643
0.81410953,-0.97443876162385479
0.81416016,-0.91960503742633537
0.8142108,-0.85787236372535025
0.81426144,-0.79038299005629709
0.81431207,-0.7184306858484284
0.8143627,-0.64367320323714461
0.81441334,-0.56777924351860576
0.81446398,-0.4926978059066377
0.81451461,-0.42039992107097723
0.81456524,-0.35295901330589619
0.81461588,-0.29248500792755283
0.81466651,-0.24105302473548421
0.81471715,-0.20074305299241896
0.81476779,-0.17342679763791244
0.81481842,-0.1607214593249213
0.81486905,-0.16390501809101049
0.81491969,-0.18381021185575191
0.81497032,-0.22070485643931076
0.81502096,-0.27424681319465427
0.81507159,-0.34340038948392981
0.81512223,-0.42640113279217751
0.81517286,-0.52083681593584852
0.8152235,-0.62368071788134294
0.81527414,-0.73138265649282952
0.81532477,-0.83990909899606292
0.8153754,-0.94536205985239552
0.81542604,-1.044011920439698
0.81547667,-1.1323922528585233
0.81552731,-1.2076890519383534
0.81557795,-1.2677790564651568
0.81562858,-1.3113435709606125
0.81567921,-1.3379255942674231
0.81572985,-1.3479129422800233
0.81578048,-1.3424402955043553
0.81583112,-1.3230729156369865
0.81588175,-1.2921648091246416
0.81593239,-1.2520988941984688
0.81598302,-1.2053915593233042
0.81603366,-1.1544957015450734
0.8160843,-1.1016241825647519
0.81613493,-1.0487046919354681
0.81618556,-0.99726589717910719
0.8162362,-0.94846126261195729
0.81628683,-0.90305269149784995
0.81633747,-0.86134146538553047
0.81638811,-0.82326851533912904
0.81643874,-0.78845780739621973
0.81648937,-0.75597758836867435
0.81654001,-0.7248992573978561
0.81659065,-0.69421393304853596
0.81664128,-0.66268951776870766
0.81669191,-0.62905349729690185
0.81674255,-0.5921475450251823
0.81679318,-0.55106900380905988
0.81684382,-0.50524294904372824
0.81689446,-0.45458358245190106
0.81694509,-0.39943064272043083
0.81699572,-0.34065512070133752
0.81704636,-0.27960381301816101
0.81709699,-0.21796792427296402
0.81714763,-0.15779420228481777
0.81719827,-0.10121206492376011
0.8172489,-0.050475628917052873
0.81729953,-0.007686637862233392
0.81735017,0.025226424334367892
0.81740081,0.046679987337591211
0.81745144,0.055438830605484046
0.81750207,0.050655051216241864
0.81755271,0.032058534513935921
0.81760334,-0.00017883960060505188
0.81765398,-0.045422659293831213
0.81770462,-0.10260631388637309
0.81775525,-0.17021051147453908
0.81780588,-0.24629713806137876
0.81785652,-0.32860938517495125
0.81790715,-0.41458161012798894
0.81795779,-0.50141613584286537
0.81800842,-0.58633765118217673
0.81805906,-0.66664665364676334
0.81810969,-0.73993457086859904
0.81816033,-0.80426663469159021
0.81821097,-0.85831053792430156
0.8182616,-0.90144642698628286
0.81831223,-0.93382222388137037
0.81836287,-0.95635688307107714
0.8184135,-0.97065586201251508
0.81846414,-0.97879640667652712
0.81851478,-0.98311357542641697
0.81856541,-0.98597721727955256
0.81861604,-0.98953821182952517
0.81866668,-0.99548692217242341
0.81871732,-1.004837960248004
0.81876795,-1.017912887292411
0.81881858,-1.0343218199979289
0.81886922,-1.053049749945403
0.81891985,-1.0726033748389421
0.81897049,-1.0912129160229473
0.81902113,-1.1070210155011986
0.81907176,-1.1182511661041763
0.81912239,-1.1233419113024072
0.81917303,-1.1210172124009634
0.81922366,-1.1103549387374343
0.8192743,-1.0907913045366424
0.81932494,-1.0621168074710035
0.81937557,-1.0244366713914232
0.8194262,-0.97818057132162395
0.81947684,-0.92401426095052919
0.81952748,-0.86282725386460146
0.81957811,-0.79573941178433383
0.81962874,-0.72401148527395887
0.81967938,-0.64930823455974962
0.81973001,-0.57324239239481023
0.81978065,-0.49772890612417842
0.81983129,-0.42478403581672791
0.81988192,-0.35644797261575345
0.81993255,-0.29482736327826287
0.81998319,-0.24201521174795126
0.82003382,-0.20009478732403752
0.82008446,-0.17096903419991055
0.8201351,-0.15629116961674355
0.82018573,-0.15738603347013819
0.82023636,-0.17514719253995037
0.820287,-0.20992616382801171
0.82033764,-0.26144772176072917
0.82038827,-0.32875706427896312
0.8204389,-0.41019161855428066
0.82048954,-0.50341250684856664
0.82054017,-0.60544041887092881
0.82059081,-0.71282910646097375
0.82064145,-0.82161187063257324
0.82069208,-0.92781646814032748
0.82074271,-1.0276555046833327
0.82079335,-1.1176543660828755
0.82084398,-1.1949039264421482
0.82089462,-1.2571573721154019
0.82094525,-1.3029950674407886
0.82099589,-1.3318580248777498
0.82104652,-1.344022292275501
0.82109716,-1.3405324959194398
0.8211478,-1.3228867261063946
0.82119843,-1.2934027812804445
0.82124906,-1.2544480895205901
0.8212997,-1.2085187502559296
0.82135033,-1.1580848183706709
0.82140097,-1.1054133857319992
0.82145161,-1.0524493966377113
0.82150224,-1.0007790751083459
0.82155287,-0.95161188732721069
0.82160351,-0.90575106239944314
0.82165415,-0.86355869301151245
0.82170478,-0.82501527221038273
0.82175541,-0.78979496155537821
0.82180605,-0.7570376089874874
0.82185668,-0.72577610742949039
0.82190732,-0.69504747200201311
0.82195796,-0.66365102304926527
0.82200859,-0.63029971702969467
0.82205922,-0.59381896664989831
0.82210986,-0.55327912358486464
0.82216049,-0.50807066284490066
0.82221113,-0.45802680693857023
0.82226177,-0.40344667580435839
0.8223124,-0.34513625852319563
0.82236303,-0.28438069640293095
0.82241367,-0.22285674576678011
0.82246431,-0.16254917437865996
0.82251494,-0.10559586371205498
0.82256557,-0.054224153600808567
0.82261621,-0.010575590204470853
0.82266684,0.023411708628576944
0.82271748,0.046095734823792478
0.82276812,0.056205200806483224
0.82281875,0.052837796405471094
0.82286938,0.035667089983093536
0.82292002,0.0048046701997030983
0.82297065,-0.039172918871983875
0.82302129,-0.095242425029416766
0.82307192,-0.16193947017448163
0.82312256,-0.23736871403222132
0.82317319,-0.31931842529399523
0.82322383,-0.40520691605648862
0.82327447,-0.49230353128343751
0.8233251,-0.57780671384872018
0.82337573,-0.65899767537063458
0.82342637,-0.7334320166949615
0.823477,-0.79909761440557414
0.82352764,-0.85457672073204483
0.82357828,-0.89917322142451672
0.82362891,-0.9329457907239338
0.82367954,-0.95672463585118273
0.82373018,-0.97204363772275459
0.82378081,-0.98093569465068875
0.82383145,-0.98571435607868674
0.82388208,-0.98875732314068943
0.82393272,-0.99225177951437504
0.82398335,-0.99795689756668859
0.82403399,-1.0069683680070398
0.82408463,-1.0196914826221573
0.82413526,-1.0358214478173107
0.82418589,-1.0544165534764693
0.82423653,-1.0740315730910823
0.82428716,-1.0929242181827568
0.8243378,-1.109238892607749
0.82438844,-1.1211915322532078
0.82443907,-1.1271870559284851
0.8244897,-1.125911764208561
0.82454034,-1.1163979693181743
0.82459098,-1.0980383839980072
0.82464161,-1.07057097875965
0.82469224,-1.0340564492239879
0.82474288,-0.98890620965786824
0.82479351,-0.9357369700447189
0.82484415,-0.8754237301360609
0.82489479,-0.80905151210020698
0.82494542,-0.7378694021536123
0.82499605,-0.66348149031885639
0.82504669,-0.58753825809559834
0.82509732,-0.51189229530886804
0.82514796,-0.43856810298915061
0.8251986,-0.36959303185889464
0.82524923,-0.30707204248837411
0.82529986,-0.25311295658913741
0.8253505,-0.20976202116461112
0.82540114,-0.17895740535948751
0.82545177,-0.16239087495886081
0.8255024,-0.16143180714245875
0.82555304,-0.17703664906656369
0.82560367,-0.20963289855405032
0.82565431,-0.25903711593905177
0.82570495,-0.32438140501966839
0.82575558,-0.4041008138987745
0.82580621,-0.49594176256883427
0.82585685,-0.59695631446656239
0.82590748,-0.70377378855782846
0.82595812,-0.81255486827816759
0.82600875,-0.91922024680328129
0.82605939,-1.0199112472176481
0.82611002,-1.1111454845395563
0.82616066,-1.189919068764923
0.8262113,-1.2539386692141847
0.82626193,-1.3016451084963885
0.82631256,-1.3323792823342846
0.8263632,-1.3463286547886719
0.82641383,-1.3444442085117716
0.82646447,-1.3281642732873922
0.82651511,-1.2997698920842968
0.82656574,-1.2616110973312866
0.82661637,-1.2161744965912527
0.82666701,-1.1659536512301658
0.82671765,-1.113249851242732
0.82676828,-1.0600577020766992
0.82681891,-1.0079992366736268
0.82686955,-0.95832934968574557
0.82692018,-0.91189511070278573
0.82697082,-0.86912827668242487
0.82702146,-0.83004104400146383
0.82707209,-0.79435256220498984
0.82712272,-0.76127263015125912
0.82717336,-0.72979369636693903
0.82722399,-0.69899246895069633
0.82727463,-0.66766289818414826
0.82732527,-0.63453563858728257
0.8273759,-0.59839205981506549
0.82742653,-0.55827184154402376
0.82747717,-0.51350877346978652
0.82752781,-0.46390078428682435
0.82757844,-0.40967470913152293
0.82762907,-0.35157079992894386
0.82767971,-0.29084132815501074
0.82773034,-0.22913146072340987
0.82778098,-0.16836217427013989
0.82783162,-0.11067700789998935
0.82788225,-0.058299548692453074
0.82793288,-0.013396352962311175
0.82798352,0.022066286974571026
0.82803415,0.04640110141721604
0.82808479,0.058289963072810091
0.82813543,0.056772996409776622
0.82818606,0.041464745863995844
0.82823669,0.012413175132616472
0.82828733,-0.029859089613900547
0.82833797,-0.084388116077996067
0.8283886,-0.1497635348389334
0.82843923,-0.22414820240605915
0.82848987,-0.30535299691328466
0.8285405,-0.39083974692801171
0.82859114,-0.47791551305924757
0.82864178,-0.56375763130741341
0.82869241,-0.64561645995663908
0.82874304,-0.72100283465331005
0.82879368,-0.78784008147016227
0.82884431,-0.84462075939331294
0.82889495,-0.8905517867896251
0.82894558,-0.92559817405001399
0.82899622,-0.95050293740801717
0.82904685,-0.96671923794722936
0.82909749,-0.97623591468078974
0.82914813,-0.98134534708746246
0.82919876,-0.98443491090789759
0.82924939,-0.98773317432385066
0.82930003,-0.99307031969626558
0.82935066,-1.001630312176313
0.8294013,-1.0139060803365205
0.82945194,-1.0296782404243801
0.82950257,-1.0480750234630838
0.8295532,-1.0676955597745845
0.82960384,-1.0868192517746587
0.82965448,-1.103594184287553
0.82970511,-1.1162163367369147
0.82975574,-1.123056351320912
0.82980638,-1.1227611655846537
0.82985701,-1.1143190741009525
0.82990765,-1.0970819131185723
0.82995829,-1.0707470962363874
0.83000892,-1.0353439126939139
0.83005955,-0.99124859850669389
0.83011019,-0.93905252412025053
0.83016082,-0.87961056252197711
0.83021146,-0.81396745160085959
0.8302621,-0.74337934399787386
0.83031273,-0.66940125876281542
0.83036336,-0.59367979934862614
0.830414,-0.51803515399287314
0.83046464,-0.44450714482542408
0.83051527,-0.37508163491864449
0.8305659,-0.3118659091397189
0.83061654,-0.25698256458127344
0.83066717,-0.21247738254887341
0.83071781,-0.18030159801948292
0.83076845,-0.1621858926316895
0.83081908,-0.15953359986408128
0.83086971,-0.17334994448516089
0.83092035,-0.20412533671521965
0.83097098,-0.25174330065575479
0.83102162,-0.31541673625106931
0.83107225,-0.39365703002824626
0.83112289,-0.48432210650701646
0.83117352,-0.58453632493657304
0.83122416,-0.69096090399377474
0.8312748,-0.79975909016905544
0.83132543,-0.90693008313223666
0.83137606,-1.008607620164065
0.8314267,-1.1012273819592673
0.83147733,-1.1816855728539848
0.83152797,-1.2476427720786019
0.83157861,-1.2974049933393297
0.83162924,-1.3302438936266099
0.83167987,-1.3462368479644913
0.83173051,-1.3462577622114558
0.83178114,-1.3316745118802245
0.83183178,-1.3047325388918658
0.83188241,-1.2677603954020746
0.83193305,-1.2232333253268126
0.83198368,-1.1736536679415126
0.83203432,-1.1213359705228501
0.83208496,-1.0683246060972167
0.83213559,-1.0162852011203873
0.83218622,-0.96648164576213225
0.83223686,-0.91980860724986957
0.83228749,-0.87676751650100226
0.83233813,-0.83740850367807496
0.83238877,-0.80148343761964513
0.8324394,-0.76827164518632451
0.83249003,-0.73674641985367506
0.83254067,-0.70601244403266061
0.83259131,-0.67488809023606455
0.83264194,-0.64210940591689891
0.83269257,-0.60644572691161569
0.83274321,-0.56690506881030944
0.83279384,-0.52278479059959504
0.83284448,-0.4738081245829649
0.83289512,-0.42016336870066806
0.83294575,-0.36252610931903628
0.83299638,-0.30209006959894852
0.83304702,-0.24043136077888153
0.83309765,-0.17947072226325544
0.83314829,-0.12133157660643629
0.83319893,-0.068225976947833888
0.83324956,-0.022338076597018031
0.83330019,0.014336004410470948
0.83335083,0.040068705855849318
0.83340147,0.053493615618158408
0.8334521,0.053594731656641026
0.83350273,0.039931132151203308
0.83355337,0.01249550132092303
0.833604,-0.028251490668974033
0.83365464,-0.081391765809424588
0.83370528,-0.14556545119031217
0.83375591,-0.21897424535713761
0.83380654,-0.29947107567906861
0.83385718,-0.38456735740768655
0.83390781,-0.4715761914579043
0.83395845,-0.55767693671409502
0.83400908,-0.6401105727908174
0.83405972,-0.71633293600972603
0.83411035,-0.78420212753592822
0.83416099,-0.84215004799863491
0.83421163,-0.88929150974523274
0.83426226,-0.9254979437396631
0.83431289,-0.95143115307016513
0.83436353,-0.96846340770431927
0.83441416,-0.97853461015931098
0.8344648,-0.98391364234857281
0.83451544,-0.98699042283990734
0.83456607,-0.99002679162136886
0.8346167,-0.99491493916752272
0.83466734,-1.0029228929378848
0.83471798,-1.0146236719025998
0.83476861,-1.0298883485435861
0.83481924,-1.047913207677752
0.83486988,-1.0673486307535829
0.83492051,-1.0865017194557294
0.83497115,-1.103523644358785
0.83502179,-1.1165922281604437
0.83507242,-1.1240526744153643
0.83512305,-1.1245130857666459
0.83517369,-1.1169181913516706
0.83522432,-1.1005765963480481
0.83527496,-1.0751409437388442
0.8353256,-1.0406090666033636
0.83537623,-0.9973418322761507
0.83542686,-0.94587045163920103
0.8354775,-0.88704656688116701
0.83552814,-0.82188687250977566
0.83557877,-0.75163600201317982
0.8356294,-0.67780719428428904
0.83568004,-0.6020486141210295
0.83573067,-0.52614017927989631
0.83578131,-0.45212882216849687
0.83583195,-0.38199315819749435
0.83588258,-0.31781546007567829
0.83593321,-0.26172992226598746
0.83598385,-0.21579526792185733
0.83603448,-0.18197887597919479
0.83608512,-0.16205309588285258
0.83613576,-0.15746209436378367
0.83618639,-0.1692635294469107
0.83623702,-0.19801530336319773
0.83628766,-0.24366820696796609
0.8363383,-0.30551165398893149
0.83638893,-0.38212785120838816
0.83643956,-0.47142578561984522
0.8364902,-0.57062979630537369
0.83654083,-0.67640100788884461
0.83659147,-0.78504214550185647
0.83664211,-0.89248622344498429
0.83669274,-0.9948812572299357
0.83674337,-1.0885691697147819
0.83679401,-1.1704407074550072
0.83684464,-1.238051003848033
0.83689528,-1.2896305058324793
0.83694591,-1.3243362119082156
0.83699655,-1.3421453528666691
0.83704718,-1.3438467734154305
0.83709782,-1.3307352965880093
0.83714846,-1.3050031275733849
0.83719909,-1.2689640905476574
0.83724972,-1.2250819310224812
0.83730036,-1.1758636324029885
0.83735099,-1.1236532381914484
0.83740163,-1.070544759441
0.83745227,-1.0182569029025565
0.8375029,-0.96809253635119308
0.83755353,-0.92101289743502945
0.83760417,-0.87754819938252349
0.83765481,-0.8377947413548068
0.83770544,-0.80153454413157421
0.83775607,-0.76812213113327088
0.83780671,-0.73651413980037461
0.83785734,-0.70582380822536084
0.83790798,-0.674895130858013
0.83795862,-0.64246405955438401
0.83800925,-0.60728303817279439
0.83805988,-0.56832604574245116
0.83811052,-0.52484291417775097
0.83816115,-0.47650433174589879
0.83821179,-0.42344771876910869
0.83826243,-0.36629095945102808
0.83831306,-0.30616472030106423
0.83836369,-0.24460268872779514
0.83841433,-0.18351177110813582
0.83846497,-0.12496065493719211
0.8385156,-0.07118765922040593
0.83856623,-0.024385127861042966
0.83861687,0.013420017521022565
0.8386675,0.04047110180350072
0.83871814,0.055348973332895401
0.83876878,0.056985710565487513
0.83881941,0.044885209313907493
0.83887004,0.018978648958308197
0.83892068,-0.020329881808901218
0.83897131,-0.072171319105687859
0.83902195,-0.13523213429242525
0.83907258,-0.20778141260764033
0.83912322,-0.28769606599013858
0.83917385,-0.37251674232427034
0.83922449,-0.459594306483182
0.83927513,-0.5460857940471987
0.83932576,-0.62923512319282227
0.83937639,-0.70643313288807807
0.83942703,-0.77549378987041828
0.83947766,-0.83477572101370034
0.8395283,-0.88330322415474516
0.83957894,-0.92085749034239894
0.83962957,-0.94801299106324122
0.8396802,-0.96606224865686474
0.83973084,-0.97689930950604387
0.83978147,-0.98276898463529605
0.83983211,-0.9860632983819948
0.83988274,-0.98907688228384727
0.83993338,-0.99376152086527569
0.83998401,-1.0014686204478345
0.84003465,-1.0128531236318197
0.84008529,-1.0278686876766616
0.84013592,-1.0457827814654794
0.84018655,-1.0653004175163794
0.84023719,-1.084756464506774
0.84028782,-1.1023061349707719
0.84033846,-1.1161135405357954
0.8403891,-1.1244960862721898
0.84043973,-1.1260260509639577
0.84049036,-1.1196035511507405
0.840541,-1.104493891938654
0.84059164,-1.080309304343348
0.84064227,-1.0470164105627511
0.8406929,-1.0049177510516749
0.84074354,-0.9545349606538085
0.84079417,-0.89668391154863314
0.84084481,-0.83237688560048562
0.84089545,-0.76281710191860985
0.84094608,-0.68947738304038775
0.84099671,-0.61400682575726462
0.84104735,-0.5381551193903269
0.84109798,-0.46396608745846768
0.84114862,-0.39340976051665483
0.84119926,-0.32855500552245132
0.84124989,-0.27155656218341734
0.84130052,-0.22448644119520494
0.84135116,-0.18932624270137549
0.8414018,-0.16785489482511751
0.84145243,-0.16155515941024984
0.84150306,-0.17152720704948321
0.8415537,-0.19838389190842681
0.84160433,-0.24214734671586002
0.84165497,-0.30218262177783234
0.84170561,-0.3771639904180889
0.84175624,-0.46502649333599944
0.84180687,-0.56311084615243456
0.84185751,-0.66815556807023047
0.84190814,-0.77650900911870924
0.84195878,-0.88408054388666746
0.84200941,-0.98700609829327557
0.84206005,-1.0816170847457545
0.84211068,-1.1647665174503798
0.84216132,-1.2338273528338113
0.84221196,-1.28704810375186
0.84226259,-1.3234574242284574
0.84231322,-1.3429430734702203
0.84236386,-1.3462157069911274
0.84241449,-1.3345036564596859
0.84246513,-1.3099432320435822
0.84251577,-1.2748276031472692
0.8425664,-1.2316041186903139
0.84261703,-1.1827967451774803
0.84266767,-1.1307585429330682
0.84271831,-1.0776184425173281
0.84276894,-1.0251515103310465
0.84281957,-0.97469450121002921
0.84287021,-0.92725877789504851
0.84292084,-0.88340775939974969
0.84297148,-0.84328829571902486
0.84302212,-0.80671319781864659
0.84307275,-0.77309808160702354
0.84312338,-0.74138007550633911
0.84317402,-0.71069297738221737
0.84322465,-0.67990278404799309
0.84327529,-0.64773129477472491
0.84332593,-0.61292428229744744
0.84337656,-0.5744137087066864
0.84342719,-0.53142208969927529
0.84347783,-0.48356325507144382
0.84352847,-0.43093955560882363
0.8435791,-0.37409590828087319
0.84362973,-0.31414178730915532
0.84368037,-0.25255890896226652
0.843731,-0.19123104243279299
0.84378164,-0.1321981206609979
0.84383228,-0.077702579158869134
0.84388291,-0.029936508123076022
0.84393354,0.0090564460523091528
0.84398418,0.037486934726401688
0.84403481,0.053893009548462545
0.84408545,0.057164566407081563
0.84413609,0.04675252617698461
0.84418672,0.022532152745354861
0.84423735,-0.015146838462061607
0.84428799,-0.06547304962360817
0.84433863,-0.12717981294442321
0.84438926,-0.19857738104643824
0.84443989,-0.27757759033367846
0.84449053,-0.36176608460569865
0.84454116,-0.448526826973068
0.8445918,-0.5350057453378444
0.84464244,-0.61844084439767022
0.84469307,-0.69621384767149808
0.8447437,-0.76606504507268924
0.84479434,-0.82630061560683921
0.84484497,-0.87586198086984557
0.84489561,-0.91444811231967504
0.84494624,-0.94254839184741623
0.84499688,-0.96137986698091682
0.84504751,-0.97278082205986871
0.84509815,-0.97896746448466621
0.84514879,-0.98232623753106196
0.84519942,-0.98517359986054009
0.84525005,-0.98951110238245599
0.84530069,-0.99676660425818842
0.84535132,-1.007671319116715
0.84540196,-1.0222597840477052
0.8454526,-1.0398712778798789
0.84550323,-1.0592644988095503
0.84555386,-1.0788060917987701
0.8456045,-1.0966660106680453
0.84565514,-1.1109915340423424
0.84570577,-1.1200756259690716
0.8457564,-1.1224594109917339
0.84580704,-1.1170015500737511
0.84585767,-1.1029246736439957
0.84590831,-1.0798020177332817
0.84595895,-1.0475675593388853
0.84600958,-1.0064878531959391
0.84606021,-0.95704942196419696
0.84611085,-0.90004336953632835
0.84616148,-0.83645048888014706
0.84621212,-0.76745305222997773
0.84626276,-0.69447827316495703
0.84631339,-0.61918677139835598
0.84636402,-0.54330080843251771
0.84641466,-0.46881169570339098
0.8464653,-0.39770524949565678
0.84651593,-0.33205967345019005
0.84656656,-0.27402670752950714
0.8466172,-0.22567250016063317
0.84666783,-0.18902519263827333
0.84671847,-0.16587996790383558
0.84676911,-0.15777002508703442
0.84681974,-0.16585037450113466
0.84687037,-0.19079527930513313
0.84692101,-0.23270709792064523
0.84697164,-0.29102238461471885
0.84702228,-0.3644973074200506
0.84707291,-0.45119100408628515
0.84712355,-0.54843739720228701
0.84717418,-0.65301705912879338
0.84722482,-0.76132805504970436
0.84727546,-0.86934901881789739
0.84732609,-0.97315716024690269
0.84737672,-1.0690489458504728
0.84742736,-1.1537808959181448
0.84747799,-1.2246781353736549
0.84752863,-1.2798852304995751
0.84757927,-1.3183273023771593
0.8476299,-1.3398193421565374
0.84768053,-1.3449809120166358
0.84773117,-1.334972632593399
0.8477818,-1.3118770391432477
0.84783244,-1.2779688251381429
0.84788307,-1.2356748170078922
0.84793371,-1.1875265240637438
0.84798434,-1.1358905405592368
0.84803498,-1.0829270205185337
0.84808562,-1.0304614118591791
0.84813625,-0.97986392674191891
0.84818688,-0.93219149741245677
0.84823752,-0.88805462384508083
0.84828815,-0.84764420746824976
0.84833879,-0.81080062997920421
0.84838943,-0.77701786616546842
0.84844006,-0.74523621430418019
0.84849069,-0.71459025720876557
0.84854133,-0.68397912658323345
0.84859197,-0.65212790842609936
0.8486426,-0.61778084549642864
0.84869323,-0.57983852433569705
0.84874387,-0.53749091772239688
0.8487945,-0.49030105386206568
0.84884514,-0.43831692336576422
0.84889578,-0.38203028498443137
0.84894641,-0.32248388819967955
0.84899704,-0.26111753500200058
0.84904768,-0.19977688005539956
0.84909831,-0.14050303241416645
0.84914895,-0.085498573471703032
0.84919959,-0.036989646540994903
0.84925022,0.0029683502998761879
0.84930085,0.032548527616016454
0.84935149,0.050253649159928415
0.84940213,0.054938958296669227
0.84945276,0.045974019991857462
0.84950339,0.023197150877054207
0.84955403,-0.013090078588929743
0.84960466,-0.062128885510132292
0.8496553,-0.12269647752721308
0.84970594,-0.19316059461691176
0.84975657,-0.27146318528919711
0.8498072,-0.35524200791527971
0.84985784,-0.44189181799272442
0.84990847,-0.52857069109533761
0.84995911,-0.61253019167366696
0.85000974,-0.69110779447809578
0.85006038,-0.76201118064118778
0.85011101,-0.82345322719200587
0.85016165,-0.87430969900702615
0.85021229,-0.91418697651696879
0.85026292,-0.94347628885051271
0.85031355,-0.96331813124088228
0.85036419,-0.97549252085568106
0.85041482,-0.98217944652633937
0.85046546,-0.98575681412835425
0.8505161,-0.98856012140260086
0.85056673,-0.99263835571147896
0.85061736,-0.99949192599806236
0.850668,-1.0099313488570387
0.85071864,-1.0240712058168167
0.85076927,-1.0413255165389828
0.8508199,-1.0605102211181621
0.85087054,-1.0800309697484671
0.85092117,-1.0980744898060895
0.85097181,-1.1127848208093434
0.85102245,-1.1224353673140106
0.85107308,-1.1255395954414966
0.85112371,-1.1209198759644803
0.85117435,-1.1077558528823652
0.85122498,-1.0855875920931011
0.85127562,-1.0543086831210571
0.85132626,-1.0141176980430189
0.85137689,-0.96550483004768806
0.85142752,-0.90923021661745262
0.85147816,-0.84623748577787483
0.8515288,-0.77767916279355931
0.85157943,-0.70493779303125959
0.85163006,-0.62969379146667326
0.8516807,-0.55364513352817646
0.85173133,-0.47873065934374315
0.85178197,-0.40697959037377268
0.85183261,-0.3404614833786016
0.85188324,-0.2813145182571084
0.85193387,-0.23160719401308236
0.85198451,-0.19338485348380791
0.85203514,-0.16847531050385586
0.85208578,-0.15844239031721799
0.85213642,-0.16449154689454121
0.85218705,-0.18735911956647283
0.85223768,-0.22720908901186271
0.85228832,-0.28356797321396182
0.85233896,-0.35526656878952562
0.85238959,-0.4404348013101419
0.85244022,-0.53649436803092354
0.85249086,-0.64028064622993075
0.85254149,-0.74820878425204485
0.85259213,-0.85630031031780207
0.85264277,-0.96062514833647472
0.8526934,-1.0574367633428217
0.85274403,-1.1434437364580377
0.85279467,-1.2159128824592786
0.8528453,-1.2728604087272111
0.85289594,-1.3131536147216165
0.85294657,-1.3364873947234119
0.85299721,-1.3433884470641178
0.85304784,-1.3351161469595307
0.85309848,-1.3133221069104217
0.85314912,-1.2804271237136837
0.85319975,-1.2388459251632995
0.85325038,-1.1911136292925582
0.85330102,-1.1396327992421691
0.85335165,-1.0865816479349673
0.85340229,-1.0338427776995069
0.85345293,-0.98284547202812089
0.85350356,-0.93468475398089235
0.85355419,-0.89003185994030221
0.85360483,-0.84910873891171978
0.85365547,-0.81179655344090196
0.8537061,-0.7776321578758556
0.85375673,-0.74559505064931342
0.85380737,-0.71481052077071361
0.853858,-0.68418994977123204
0.85390864,-0.65249216645185071
0.85395928,-0.61844545885248481
0.85400991,-0.58092889318939667
0.85406054,-0.53909787564457301
0.85411118,-0.49246738435082621
0.85416181,-0.44102639834351498
0.85421245,-0.38521856189802606
0.85426309,-0.32601567811237753
0.85431372,-0.26482444782215264
0.85436435,-0.20342299414386589
0.85441499,-0.14387258595009567
0.85446563,-0.088319928566068684
0.85451626,-0.039018510966753739
0.85456689,0.0019737922513979322
0.85461753,0.032781272957356999
0.85466816,0.051875734656709083
0.8547188,0.058108381037225709
0.85476944,0.050702922497934177
0.85482007,0.029473531861301305
0.8548707,-0.0053240130953878251
0.85492134,-0.052975996731592812
0.85497197,-0.11232412983916468
0.85502261,-0.18178274972365577
0.85507324,-0.25933876228590619
0.85512388,-0.34267151755019243
0.85517451,-0.4291760353607863
0.85522515,-0.51606285328758639
0.85527579,-0.60052252747184831
0.85532642,-0.67989660982414368
0.85537705,-0.75184098060582749
0.85542769,-0.81451014315434711
0.85547832,-0.86669598991357355
0.85552896,-0.9079172488014905
0.8555796,-0.93847485247055396
0.85563023,-0.95942447768362848
0.85568086,-0.97248372253173121
0.8557315,-0.97979466290125061
0.85578213,-0.98372288248742246
0.85583277,-0.98662126696234687
0.8558834,-0.99058275234257365
0.85593404,-0.99718375055041664
0.85598467,-1.0073148470150319
0.85603531,-1.0211692727494395
0.85608595,-1.038234691503549
0.85613658,-1.0573877807897654
0.85618721,-1.0770689295239317
0.85623785,-1.0954792824346824
0.85628848,-1.1107614482347636
0.85633912,-1.121164653546713
0.85638976,-1.1251754196157657
0.85644039,-1.1215772911857258
0.85649102,-1.109510742165587
0.85654166,-1.0884741889190042
0.8565923,-1.0583209154066093
0.85664293,-1.019210917027461
0.85669356,-0.9716170081113078
0.8567442,-0.91626224557139335
0.85679483,-0.85406434287803878
0.85684547,-0.78616974059837363
0.85689611,-0.7139131329149464
0.85694674,-0.63896719856691386
0.85699737,-0.56299860997537232
0.85704801,-0.48795651162669718
0.85709864,-0.41584492111274579
0.85714928,-0.34873360686620986
0.85719992,-0.28873909520658053
0.85725055,-0.23793787524586885
0.85730118,-0.1983896087066141
0.85735182,-0.17195874507336462
0.85740246,-0.16023539862181638
0.85745309,-0.16447163467076709
0.85750372,-0.18546266666573824
0.85755436,-0.2234358645119188
0.85760499,-0.27800036755010271
0.85765563,-0.34807421943396827
0.85770627,-0.43184542329015096
0.8577569,-0.52686079152477583
0.85780753,-0.63005547969294773
0.85785817,-0.73784252709579357
0.8579088,-0.84620405476412763
0.85795944,-0.95127592762397684
0.85801007,-1.049281175985683
0.85806071,-1.1368468660503028
0.85811134,-1.2112047777633581
0.85816198,-1.2702333055395245
0.85821262,-1.3126856907564677
0.85826325,-1.338157649806281
0.85831388,-1.3470817586632819
0.85836452,-1.3406267643345462
0.85841515,-1.3203969434239713
0.85846579,-1.2887642218980118
0.85851643,-1.2481257967070478
0.85856706,-1.2010064822330833
0.85861769,-1.1498473914801655
0.85866833,-1.0968520029383568
0.85871897,-1.0439403089148964
0.8587696,-0.9926048369800291
0.85882023,-0.94397446545474573
0.85887087,-0.89878096025904786
0.8589215,-0.85730048986788898
0.85897214,-0.81944971466804006
0.85902278,-0.78481864424979586
0.85907341,-0.75244293486883906
0.85912404,-0.72141657456259733
0.85917468,-0.6907018962041459
0.85922531,-0.6590620635811073
0.85927595,-0.62522747869496331
0.85932659,-0.58805408078638977
0.85937722,-0.54665675439762851
0.85942785,-0.50048690622095937
0.85947849,-0.44949574805390335
0.85952913,-0.39405755550469923
0.85957976,-0.33507712309609455
0.85963039,-0.27392347556317848
0.85968103,-0.21232663002780605
0.85973166,-0.15234550709966355
0.8597823,-0.096110021049954641
0.85983294,-0.045878510017123397
0.85988357,-0.0037355522946945774
0.8599342,0.028411137537152353
0.85998484,0.048995418633823951
0.86003547,0.056811791317553706
0.86008611,0.05104219175917607
0.86013675,0.031449620355744778
0.86018738,-0.001763272344761535
0.86023801,-0.047930121004161275
0.86028865,-0.1059455666404035
0.86033929,-0.17426985631743025
0.86038992,-0.25094225051054453
0.86044055,-0.33366602864930583
0.86049119,-0.41987927359494798
0.86054182,-0.50678850328830116
0.86059246,-0.59158338720167114
0.8606431,-0.67159387441040219
0.86069373,-0.74443763383850758
0.86074436,-0.808208440981382
0.860795,-0.86162106056016297
0.86084563,-0.90409846249322079
0.86089627,-0.93583727447658127
0.8609469,-0.95780382149429566
0.86099754,-0.97164111704333012
0.86104817,-0.97944997806754275
0.86109881,-0.98357705207107404
0.86114945,-0.9863888527250827
0.86120008,-0.99001981010843843
0.86125071,-0.99612377496081905
0.86130135,-1.0056753110172894
0.86135198,-1.018954163950347
0.86140262,-1.0355278606030984
0.86145326,-1.0543443431258841
0.86150389,-1.0738880636407298
0.86155452,-1.0923771455018383
0.86160516,-1.10795502371333
0.8616558,-1.1188529282146142
0.86170643,-1.1235256820173338
0.86175706,-1.1207186846813557
0.8618077,-1.1095313326097509
0.86185833,-1.0894219933819134
0.86190897,-1.0602046956548881
0.86195961,-1.0220057174119033
0.86201024,-0.97526689709942205
0.86206087,-0.92067621332754701
0.86211151,-0.8591369378196847
0.86216214,-0.79178208356121293
0.86221278,-0.71989374421550623
0.86226342,-0.64511747379734663
0.86231405,-0.56911528790679866
0.86236468,-0.49382027437628162
0.86241532,-0.42120228463617265
0.86246596,-0.3533223472610138
0.86251659,-0.29229059334462687
0.86256722,-0.24019287814330598
0.86261786,-0.1991027817948029
0.86266849,-0.17090870730011715
0.86271913,-0.15725211605633033
0.86276977,-0.15943365442544016
0.8628204,-0.17831627269247025
0.86287103,-0.21420726582806027
0.86292167,-0.2667958632801124
0.8629723,-0.33507926324448206
0.86302294,-0.41735637165063688
0.86307357,-0.51124511134289008
0.86312421,-0.6137213476948713
0.86317484,-0.7213054484043917
0.86322548,-0.82999672258533974
0.86327612,-0.93582666480928178
0.86332675,-1.0350634492678663
0.86337738,-1.1242172896994178
0.86342802,-1.2004327144952565
0.86347865,-1.2615366551378078
0.86352929,-1.3061612607788105
0.86357993,-1.3338125017852569
0.86363056,-1.3448187906899758
0.86368119,-1.3402793744438446
0.86373183,-1.3217269908874352
0.86378246,-1.2914943593512582
0.8638331,-1.2519591983737817
0.86388373,-1.2056260970225545
0.86393437,-1.1549568201349405
0.863985,-1.1021868828115216
0.86403564,-1.0492485841131223
0.86408628,-0.99770066211688624
0.86413691,-0.948721867947387
0.86418754,-0.90309591709057047
0.86423818,-0.86115365585882353
0.86428881,-0.82286007411742246
0.86433945,-0.78786547546225094
0.86439009,-0.75527330057493514
0.86444072,-0.72413602563959723
0.86449135,-0.69346821081870869
0.86454199,-0.66205384398638478
0.86459263,-0.62860822990512621
0.86464326,-0.59196708371757867
0.86469389,-0.55121305950844834
0.86474453,-0.50576283978507131
0.86479516,-0.45547812451078279
0.8648458,-0.40067652173131846
0.86489644,-0.34220576095094724
0.86494707,-0.2813864868237157
0.8649977,-0.21989117022372451
0.86504834,-0.15973866629995798
0.86509897,-0.10306829290797714
0.86514961,-0.052116684392530865
0.86520025,-0.0090029640443092251
0.86525088,0.024335607740790799
0.86530151,0.046291158115644604
0.86535215,0.055608866928967271
0.86540279,0.051415469832400806
0.86545342,0.033414518017479355
0.86550405,0.0017487563262627015
0.86555469,-0.042971106339284471
0.86560532,-0.099705294688866242
0.86565596,-0.16695458237480687
0.8657066,-0.24280573274937445
0.86575723,-0.32502531783039706
0.86580786,-0.41102953951344728
0.8658585,-0.49806026830165306
0.86590913,-0.58333624977433041
0.86595977,-0.66413520132167869
0.8660104,-0.73802887324800381
0.86606104,-0.80304904067079252
0.86611167,-0.85782256293506365
0.86616231,-0.90169744542141272
0.86621295,-0.93477787999872464
0.86626358,-0.95794257324182985
0.86631421,-0.97276365694446076
0.86636485,-0.98129812741459133
0.86641548,-0.98587053011468884
0.86646612,-0.98885419940885444
0.86651676,-0.99241659646019709
0.86656739,-0.99828004446835261
0.86661802,-1.0074958797804237
0.86666866,-1.0204244422944941
0.8667193,-1.0367160098446822
0.86676993,-1.055389225710192
0.86682056,-1.0749727704762906
0.8668712,-1.0937114497194598
0.86692183,-1.109750939921609
0.86697247,-1.1213122107851285
0.86702311,-1.1268227396883634
0.86707374,-1.1249882847824546
0.86712437,-1.1148693823558697
0.86717501,-1.0958820502096605
0.86722564,-1.0677918708256189
0.86727628,-1.0306791154869259
0.86732692,-0.98497028832312306
0.86737755,-0.93130421469903879
0.86742818,-0.87055621929486293
0.86747882,-0.80383379054366388
0.86752946,-0.73238914601178051
0.86758009,-0.65784472016484119
0.86763072,-0.58184716979483586
0.86768136,-0.50626671603192652
0.86773199,-0.43312415591959597
0.86778263,-0.36448088609651197
0.86783327,-0.30242392039544114
0.8678839,-0.24904695693251544
0.86793453,-0.20642892293167905
0.86798517,-0.17648452131410597
0.8680358,-0.1608786116819807
0.86808644,-0.16095906507137253
0.86813708,-0.17765107323592211
0.86818771,-0.2113388048496832
0.86823834,-0.2617888519228358
0.86828898,-0.32809830399639883
0.86833962,-0.40863478222697014
0.86839025,-0.50111833450912258
0.86844088,-0.60258372711975916
0.86849152,-0.70960442090433662
0.86854215,-0.81836391829008359
0.86859279,-0.92473171401984977
0.86864343,-1.0248931176409901
0.86869406,-1.1154198303169418
0.86874469,-1.1933435211318837
0.86879533,-1.2563765913485667
0.86884596,-1.3030585182902668
0.8688966,-1.3327691379427777
0.86894723,-1.345741834785132
0.86899787,-1.3429771841595577
0.8690485,-1.3259435073757686
0.86909914,-1.2969368290746819
0.86914978,-1.2583150767424718
0.86920041,-1.2125732989478359
0.86925104,-1.1621906147076189
0.86930168,-1.109453111655033
0.86935231,-1.056322254161904
0.86940295,-1.0044139548278221
0.86945359,-0.95495156291843197
0.86950422,-0.90875630527398088
0.86955485,-0.86623352323995428
0.86960549,-0.82737072336937612
0.86965613,-0.79186902614462751
0.86970676,-0.75890197448827357
0.86975739,-0.72748110067062965
0.86980803,-0.69666242939608847
0.86985866,-0.66524344563992011
0.8699093,-0.6319479298190267
0.86995994,-0.59558517455270643
0.87001057,-0.55520217518061243
0.8700612,-0.51016014831303735
0.87011184,-0.4602820405348233
0.87016247,-0.40582847573280645
0.87021311,-0.34758097839182467
0.87026375,-0.28681613240394477
0.87031438,-0.22518217465675344
0.87036501,-0.16462985338279823
0.87041565,-0.10730287263157984
0.87046629,-0.055422608019097042
0.87051692,-0.011147918564368697
0.87056755,0.023579403953530864
0.87061819,0.047090307782193808
0.87066882,0.058093497897896973
0.87071946,0.055658933180519954
0.8707701,0.039431191417647893
0.87082073,0.0094910234145900718
0.87087136,-0.033610458266061294
0.870922,-0.088882873807704932
0.87097263,-0.15487883877870939
0.87102327,-0.22973975552112158
0.8710739,-0.31126853347115657
0.87112454,-0.39689599127035963
0.87117517,-0.48391661183596796
0.87122581,-0.5695294552266017
0.87127645,-0.65099078221848861
0.87132708,-0.72584735554614965
0.87137771,-0.79204838658319865
0.87142835,-0.8481415477898091
0.87147898,-0.89338113653136331
0.87152962,-0.92778159436920293
0.87158026,-0.95212945045278197
0.87163089,-0.96792025775808188
0.87168152,-0.9771631731036462
0.87173216,-0.98215992055794599
0.87178279,-0.98528969382836529
0.87183343,-0.98875565158682988
0.87188406,-0.99434803117381831
0.8719347,-1.0032017809802807
0.87198533,-1.0157616374639995
0.87203597,-1.0317632369469498
0.87208661,-1.0502989408804106
0.87213724,-1.0699462328555827
0.87218787,-1.0889754295141785
0.87223851,-1.1055347475744961
0.87228914,-1.1178330483754668
0.87233978,-1.1242601564814283
0.87239042,-1.1234841211137927
0.87244105,-1.114516767708267
0.87249168,-1.0967279439881508
0.87254232,-1.06983713892063
0.87259296,-1.0338886359850534
0.87264359,-0.98927610058939364
0.87269422,-0.93659764236408194
0.87274486,-0.87672344476409392
0.87279549,-0.81071848173453076
0.87284613,-0.73982369639077894
0.87289677,-0.66563103092571063
0.8729474,-0.58978342156819197
0.87299803,-0.5141365385862019
0.87304867,-0.44069932338260198
0.8730993,-0.37148490268129181
0.87314994,-0.30860621106917913
0.87320058,-0.25417794937920862
0.87325121,-0.21025011620820377
0.87330184,-0.1787778882848953
0.87335248,-0.16146828012332676
0.87340312,-0.15970916523491674
0.87345375,-0.17448053331369295
0.87350438,-0.20623684073078113
0.87355502,-0.25482698046021546
0.87360565,-0.31941870587192989
0.87365629,-0.39848534150089537
0.87370693,-0.48982165566102448
0.87375756,-0.59052080838530796
0.87380819,-0.69722364207318943
0.87385883,-0.80611695378146109
0.87390946,-0.91311657035123983
0.8739601,-1.0144004941522395
0.87401073,-1.106433918512933
0.87406137,-1.1861630480988736
0.874112,-1.2512800667478643
0.87416264,-1.3001349498652541
0.87421328,-1.3320416576109877
0.87426391,-1.3471284469031506
0.87431454,-1.3463021979723422
0.87436518,-1.3309658114290963
0.87441581,-1.3033793511637251
0.87446645,-1.2658828911179272
0.87451709,-1.2209501958914646
0.87456772,-1.1710904200760606
0.87461835,-1.1186091268489533
0.87466899,-1.0655288395031313
0.87471963,-1.0134990453289279
0.87477026,-0.9637661034584204
0.87482089,-0.91721658391432959
0.87487153,-0.87430240663873948
0.87492216,-0.83506604355595559
0.8749728,-0.79924259475005821
0.87502344,-0.76607773192504358
0.87507407,-0.73455353337892193
0.8751247,-0.70376445684916988
0.87517534,-0.67251377050463079
0.87522597,-0.63953644005166899
0.87527661,-0.60360570229052735
0.87532725,-0.56374056690322871
0.87537788,-0.5192521933218861
0.87542851,-0.469911062478583
0.87547915,-0.41591221072088647
0.87552979,-0.35798491521593612
0.87558042,-0.29735525845416905
0.87563105,-0.23562049317292069
0.87568169,-0.17470987077470024
0.87573232,-0.11675154895624468
0.87578296,-0.063977456041774849
0.8758336,-0.018561349487887902
0.87588423,0.017509753520184468
0.87593486,0.042540814367258484
0.8759855,0.055184488531935805
0.87603613,0.054456280751981223
0.87608677,0.039944734370031598
0.8761374,0.011674043391218081
0.87618804,-0.029863124803340246
0.87623867,-0.083722343135222144
0.87628931,-0.14851662780604219
0.87633995,-0.22242574127890269
0.87639058,-0.30328069290396498
0.87644121,-0.38857497802083041
0.87649185,-0.47561336262702936
0.87654248,-0.56157516317783873
0.87659312,-0.64371328936497185
0.87664376,-0.71951763472839292
0.87669439,-0.78686562584525888
0.87674502,-0.84422620603053222
0.87679566,-0.89076215274133719
0.87684629,-0.92638880242107025
0.87689693,-0.95180832168957141
0.87694756,-0.9684334275828671
0.8769982,-0.97822617444060422
0.87704883,-0.98346703581638395
0.87709947,-0.98654154785832149
0.87715011,-0.98969283835997068
0.87720074,-0.99478027242766409
0.87725137,-1.0030290919253453
0.87730201,-1.0149741907812047
0.87735264,-1.0304408881479428
0.87740328,-1.0485946571544069
0.87745392,-1.0680644242861783
0.87750455,-1.0871452265115296
0.87755518,-1.1039917314695979
0.87760582,-1.1167925412045552
0.87765646,-1.1239032630042964
0.87770709,-1.1239521393267342
0.87775772,-1.1159054566142415
0.87780836,-1.0990925643426801
0.87785899,-1.0731852105063175
0.87790963,-1.0381960158944783
0.87796027,-0.99449364409615526
0.8780109,-0.9426375870760737
0.87806153,-0.88348292325139588
0.87811217,-0.8180537237132639
0.8781628,-0.74760309609191045
0.87821344,-0.67367152923135987
0.87826408,-0.59789749710437823
0.87831471,-0.52208411840381563
0.87836534,-0.448277138340613
0.87841598,-0.37846142054061488
0.87846662,-0.31473612467282874
0.87851725,-0.25921974150864602
0.87856788,-0.21396525027494454
0.87861852,-0.1809288237876536
0.87866915,-0.16186184807552687
0.87871979,-0.15818933803375951
0.87877043,-0.17094359428573619
0.87882106,-0.20065239827096432
0.87887169,-0.24723907855989408
0.87892233,-0.30995159146707651
0.87897296,-0.38734548110648431
0.8790236,-0.47730117046147286
0.87907423,-0.5769808672861676
0.87912487,-0.68303042381053958
0.8791755,-0.79173337286986489
0.87922614,-0.89900624870715518
0.87927678,-1.0009965455186869
0.87932741,-1.0941063265187208
0.87937804,-1.175188517699822
0.87942868,-1.2418761498784632
0.87947931,-1.292443049220054
0.87952995,-1.3260994980597545
0.87958059,-1.3428803425028055
0.87963122,-1.3436220141620081
0.87968185,-1.3296636517467655
0.87973249,-1.3032243043680931
0.87978312,-1.2666303197232329
0.87983376,-1.2223547880039878
0.87988439,-1.1728955473079918
0.87993503,-1.1205876888761841
0.87998566,-1.0675051972671075
0.8800363,-1.0153345635765101
0.88008694,-0.96536229097561321
0.88013757,-0.91850743426864878
0.8801882,-0.87529391527725864
0.88023884,-0.83578899019909003
0.88028947,-0.79975415402257899
0.88034011,-0.76650660509216184
0.88039075,-0.73500815605903069
0.88044138,-0.70436278112513917
0.88049201,-0.67340271510368233
0.88054265,-0.64085824954124959
0.88059329,-0.60549343711593873
0.88064392,-0.566294975192284
0.88069455,-0.52253948027455976
0.88074519,-0.47392191403186695
0.88079582,-0.42060569464817882
0.88084646,-0.36323281696119725
0.8808971,-0.30296946271092229
0.88094773,-0.24137200086279831
0.88099836,-0.18035356328571955
0.881049,-0.1220069407002678
0.88109963,-0.068561932326738795
0.88115027,-0.022197436702378892
0.88120091,0.015059389755787356
0.88125154,0.041471761115860373
0.88130217,0.055645070990355538
0.88135281,0.056532457180251128
0.88140345,0.043663573599138972
0.88145408,0.016998934611334393
0.88150471,-0.023030997234984918
0.88155535,-0.075532452446484377
0.88160598,-0.13916907656216232
0.88165662,-0.21218226956274022
0.88170726,-0.29243213855022188
0.88175789,-0.37743858106340467
0.88180852,-0.464540071951346
0.88185916,-0.55090137551224905
0.88190979,-0.63376930017702093
0.88196043,-0.71054342728011299
0.88201106,-0.77907636396238866
0.8820617,-0.83776013386645132
0.88211233,-0.88566378377767219
0.88216297,-0.92261034298705868
0.88221361,-0.94921681935066504
0.88226424,-0.96681474430003733
0.88231487,-0.97732057790895999
0.88236551,-0.98299109023259401
0.88241614,-0.98621814367049132
0.88246678,-0.989281818873467
0.88251742,-0.99410662666836425
0.88256805,-1.0020048101471124
0.88261868,-1.0135930416336549
0.88266932,-1.0287864639440292
0.88271996,-1.0468192707104196
0.88277059,-1.0663701683804157
0.88282122,-1.0857615799325964
0.88287186,-1.1031446586351095
0.88292249,-1.1166903853321104
0.88297313,-1.1247271125458118
0.88302377,-1.1258433598195012
0.8830744,-1.1189591858062848
0.88312503,-1.103358494389338
0.88317567,-1.078669957762344
0.8832263,-1.0448741641961827
0.88327694,-1.0022990227614039
0.88332758,-0.95147249595862526
0.88337821,-0.89322855878432428
0.88342884,-0.82858056086915299
0.88347948,-0.75875054286241372
0.88353012,-0.68524242360497845
0.88358075,-0.60969204057597026
0.88363138,-0.53386071176911132
0.88368202,-0.4598125295379949
0.88373265,-0.38951713511334501
0.88378329,-0.3250466602619756
0.88383393,-0.26854748450359645
0.88388456,-0.22208876070784536
0.88393519,-0.18763992070562588
0.88398583,-0.16697823832066053
0.88403646,-0.16156011763829137
0.8840871,-0.17246222591355459
0.88413773,-0.2002679616928193
0.88418837,-0.24495836240274935
0.884239,-0.30586284777541595
0.88428964,-0.38158865113543577
0.88434028,-0.47010580530411661
0.88439091,-0.56867108817006606
0.88444154,-0.67398585307360637
0.88449218,-0.78238567631748857
0.88454281,-0.88978777109636475
0.88459345,-0.99232718619353832
0.88464409,-1.0863411991498433
0.88469472,-1.1687037425283338
0.88474535,-1.2369032400980253
0.88479599,-1.2891481298034184
0.88484662,-1.324550810073039
0.88489726,-1.3430408041609367
0.88494789,-1.3453788847861343
0.88499853,-1.3328320934937452
0.88504916,-1.3075703991332817
0.8850998,-1.2718984230663675
0.88515044,-1.2282820883792354
0.88520107,-1.1792321871751756
0.8852517,-1.1270939104436837
0.88530234,-1.0739784519117963
0.88535297,-1.0216271252951277
0.88540361,-0.97135275015089406
0.88545425,-0.92414042124399276
0.88550488,-0.88052337075477616
0.88555551,-0.84062691336670947
0.88560615,-0.80424261778523221
0.88565679,-0.77075793639254986
0.88570742,-0.73910962798032431
0.88575805,-0.7084318857176144
0.88580869,-0.67757459988100766
0.88585932,-0.64526636629324774
0.88590996,-0.610252284647261
0.8859606,-0.57149115622955837
0.88601123,-0.52822455704950677
0.88606186,-0.48009644473943708
0.8861125,-0.42722778501496061
0.88616313,-0.37020409245631081
0.88621377,-0.31014325528448561
0.88626441,-0.24855772596890299
0.88631504,-0.18734224753667228
0.88636567,-0.12854809781333526
0.88641631,-0.074414892700185642
0.88646695,-0.027129810917703778
0.88651758,0.011275460882062993
0.88656821,0.03902566515704875
0.88661885,0.054685800833802478
0.88666948,0.057170075592182235
0.88672012,0.045957919358244781
0.88677076,0.02095505300968864
0.88682139,-0.0174610156017308
0.88687202,-0.068452515579238815
0.88692266,-0.13072568731165674
0.88697329,-0.20258159215006988
0.88702393,-0.28191483112415966
0.88707456,-0.36629273490618647
0.8871252,-0.45308012938260944
0.88717583,-0.5394302002221234
0.88722647,-0.62259070635579006
0.88727711,-0.69994579727645678
0.88732774,-0.76927481932373865
0.88737837,-0.82891620288972134
0.88742901,-0.8778510692908752
0.88747964,-0.91582579717511714
0.88753028,-0.94337260210575113
0.88758092,-0.96175090479859793
0.88763155,-0.97282683156729144
0.88768218,-0.97883171040844452
0.88773282,-0.98215463869549524
0.88778345,-0.98509973842053677
0.88783409,-0.98964177895222227
0.88788472,-0.99716817700893401
0.88793536,-1.0083687561480992
0.88798599,-1.0232348796058022
0.88803663,-1.0410674555799764
0.88808727,-1.0605967235031475
0.8881379,-1.0801722825960614
0.88818853,-1.0979552770711039
0.88823917,-1.1120984518373682
0.8882898,-1.1209084491664003
0.88834044,-1.1229412827368885
0.88839108,-1.1170753995313651
0.88844171,-1.1025542505550943
0.88849234,-1.0789678259160644
0.88854298,-1.04626768247572
0.88859362,-1.0047374221789918
0.88864425,-0.95487682353601522
0.88869488,-0.89748873358593273
0.88874552,-0.83357180835027855
0.88879615,-0.76431414757536942
0.88884679,-0.69117080298356925
0.88889743,-0.61580262601183799
0.88894806,-0.53991823342122258
0.88899869,-0.46556257531142942
0.88904933,-0.39470091047214428
0.88909996,-0.32941748716850494
0.8891506,-0.2718501029717354
0.88920124,-0.22407866974365417
0.88925187,-0.18811074060646976
0.8893025,-0.16573764468561
0.88935314,-0.15847146941440887
0.88940378,-0.16744396504732145
0.88945441,-0.19330280375308606
0.88950504,-0.23611418782105187
0.88955568,-0.29527842278173749
0.88960631,-0.36950262943674606
0.88965695,-0.45682063651279142
0.88970759,-0.55450501428366072
0.88975822,-0.65937150908466324
0.88980885,-0.76780307978813844
0.88985949,-0.87565612884410327
0.88991012,-0.97909710270458605
0.88996076,-1.0744353815494678
0.89001139,-1.1584471438331201
0.89006203,-1.2285201116873814
0.89011266,-1.2828378310486559
0.8901633,-1.3203755065447917
0.89021394,-1.3409780419136883
0.89026457,-1.3453073860445657
0.8903152,-1.3345610515293815
0.89036584,-1.3108382288602334
0.89041647,-1.2764187615182832
0.89046711,-1.2337425674529745
0.89051775,-1.1853371201990479
0.89056838,-1.1335599321541532
0.89061901,-1.0805567847415094
0.89066965,-1.0281377172665713
0.89072029,-0.97765235910851334
0.89077092,-0.93013730791022708
0.89082155,-0.88618451869516313
0.89087219,-0.84596076823008748
0.89092282,-0.80929774609832705
0.89097346,-0.77564279530823521
0.8910241,-0.74393331659747541
0.89107473,-0.71330593889406924
0.89112536,-0.68263560650642785
0.891176,-0.65063776922778949
0.89122663,-0.61606776579528277
0.89127727,-0.57783497473762657
0.89132791,-0.53514870055193509
0.89137854,-0.48759528694260068
0.89142917,-0.43525993656914808
0.89147981,-0.37865600633615049
0.89153045,-0.31887399942223515
0.89158108,-0.25736103020891804
0.89163171,-0.19599216406361364
0.89168235,-0.1368052811127734
0.89173298,-0.082026685723258941
0.89178362,-0.033867632276928683
0.89183426,0.0056193473683174289
0.89188489,0.034624002584210334
0.89193552,0.051667131981245284
0.89198616,0.055616085834909013
0.89203679,0.045898493106137028
0.89208743,0.022366674532482811
0.89213806,-0.014651690165726483
0.8921887,-0.064370472343136087
0.89223933,-0.12553583662103523
0.89228997,-0.19649901232329331
0.89234061,-0.27519100161263382
0.89239124,-0.3592205559876252
0.89244187,-0.44597931249164091
0.89249251,-0.53261067260499839
0.89254314,-0.61636772360978209
0.89259378,-0.69460863721242028
0.89264442,-0.76504437274552917
0.89269505,-0.82594267601036786
0.89274568,-0.8762073128539799
0.89279632,-0.91549206870018907
0.89284695,-0.94423374202851074
0.89289759,-0.96361357051926566
0.89294822,-0.97543645482234498
0.89299886,-0.98190189583260812
0.89304949,-0.98539192384702923
0.89310013,-0.98823334612505409
0.89315077,-0.9924523188317661
0.8932014,-0.99951349089261043
0.89325203,-1.0101866926375718
0.89330267,-1.0245470555325762
0.8933533,-1.0419711353801704
0.89340394,-1.0612442772481925
0.89345458,-1.0807522659418836
0.89350521,-1.0986731402163084
0.89355584,-1.1131508285186185
0.89360648,-1.1224706046177249
0.89365712,-1.1251610767841917
0.89370775,-1.1200652424504101
0.89375838,-1.1063862070634993
0.89380902,-1.0836818367714738
0.89385965,-1.0518704238694472
0.89391029,-1.0111768662401102
0.89396093,-0.96209647890954952
0.89401156,-0.90540281608689432
0.89406219,-0.8420601413488229
0.89411283,-0.77322379247886519
0.89416346,-0.7003161638371832
0.8942141,-0.6250015100641706
0.89426474,-0.54898906238690559
0.89431537,-0.4742429106053449
0.894366,-0.40277303868275161
0.89441664,-0.33664289284294924
0.89446728,-0.27801858117867584
0.89451791,-0.22896190091773247
0.89456854,-0.19151079669535828
0.89461918,-0.16747251141611594
0.89466981,-0.15839357639939172
0.89472045,-0.16545110692830389
0.89477109,-0.18934745330043234
0.89482172,-0.23021246148689117
0.89487235,-0.28752516799486894
0.89492299,-0.36007491170168471
0.89497362,-0.44595237154395612
0.89502426,-0.54254521645059894
0.89507489,-0.6466553540026746
0.89512553,-0.75473662730436486
0.89517616,-0.86272253439499202
0.8952268,-0.96673291651370552
0.89527744,-1.0630159809866011
0.89532807,-1.1483427238189017
0.8953787,-1.2199914806876735
0.89542934,-1.2760455743827481
0.89547997,-1.3153881658428794
0.89553061,-1.3377845520556231
0.89558125,-1.343800568036557
0.89563188,-1.3345564322548431
0.89568251,-1.3120999887255129
0.89573315,-1.278688611247337
0.89578378,-1.2367378156625199
0.89583442,-1.1887793349842113
0.89588505,-1.1371887356120221
0.89593569,-1.0841364572694794
0.89598632,-1.0314799254810729
0.89603696,-0.98061675301955298
0.8960876,-0.93263076351370278
0.89613823,-0.88816146241450611
0.89618886,-0.84742253296319592
0.8962395,-0.81027893679542151
0.89629013,-0.77624589693548218
0.89634077,-0.74427586175308058
0.89639141,-0.71350741644849269
0.89644204,-0.68283482007309282
0.89649267,-0.65100620080938809
0.89654331,-0.61675638478733252
0.89659395,-0.57897703293765757
0.89664458,-0.53683796505493497
0.89669521,-0.4898847775624916
0.89674585,-0.43813309082175184
0.89679648,-0.38205351415408084
0.89684712,-0.32265901407531378
0.89689776,-0.26137076559451022
0.89694839,-0.19999918984395931
0.89699902,-0.14059261024783604
0.89704966,-0.08532219843458394
0.89710029,-0.036430439094898903
0.89715093,0.0040344314662415504
0.89720157,0.034214735241846761
0.8972522,0.052597523233809285
0.89730283,0.058058608316572391
0.89735347,0.049848493674903349
0.89740411,0.027809886446158616
0.89745474,-0.0077697789211055301
0.89750537,-0.056160164768063625
0.89755601,-0.11616551037169975
0.89760664,-0.18617650540444292
0.89765728,-0.26414778140730344
0.89770792,-0.34774809919394756
0.89775855,-0.43437102049471754
0.89780918,-0.52118860513003884
0.89785982,-0.60543784658761501
0.89791045,-0.68446168704195576
0.89796109,-0.75591932266763395
0.89801172,-0.81801870425419387
0.89806236,-0.86957996825328365
0.89811299,-0.91017196157778013
0.89816363,-0.94014046730318168
0.89821427,-0.96058184206878172
0.8982649,-0.9732415693869505
0.89831553,-0.98028004113632661
0.89836617,-0.98406739526083198
0.8984168,-0.98694779339637484
0.89846744,-0.99099239031840725
0.89851808,-0.99774100601908611
0.89856871,-1.0080448138132228
0.89861934,-1.0220590448316307
0.89866998,-1.039235755068483
0.89872062,-1.0584217326929293
0.89877125,-1.0780412838043918
0.89882188,-1.0962888609520693
0.89887252,-1.1113087971497935
0.89892315,-1.1213623845035641
0.89897379,-1.1249477067764901
0.89902443,-1.1208691121689343
0.89907506,-1.1082865378335069
0.89912569,-1.0867195510404897
0.89917633,-1.056042955710081
0.89922696,-1.0164384192098153
0.8992776,-0.96838514255580677
0.89932824,-0.91262791843451885
0.89937887,-0.85009381604719847
0.8994295,-0.78192603047917186
0.89948014,-0.70949633753691177
0.89953078,-0.63447440248180176
0.89958141,-0.55854880041932686
0.89963204,-0.48365122459260967
0.89968268,-0.41179625011890247
0.89973331,-0.34505873375125695
0.89978395,-0.28556711595669021
0.89983459,-0.23539470637135071
0.89988522,-0.19659270050374744
0.89993585,-0.17100775272543489
0.89998649,-0.16021727688598156
0.90003712,-0.16545175889953229
0.90008776,-0.18748041719603731
0.90013839,-0.22649251464369985
0.90018903,-0.28205830430458062
0.90023966,-0.35304570882728381
0.9002903,-0.43760526643616271
0.90034094,-0.533226207716329
0.90039157,-0.63680453374600487
0.9004422,-0.7447297015058264
0.90049284,-0.85297430236875882
0.90054347,-0.95769206694667508
0.90059411,-1.0550976710149089
0.90064475,-1.1418857159413083
0.90069538,-1.2152576900291963
0.90074601,-1.2732020119422323
0.90079665,-1.3145241979075872
0.90084728,-1.3388745326653635
0.90089792,-1.3467373400026612
0.90094855,-1.3392071274240309
0.90099919,-1.3181813130704485
0.90104982,-1.2859319458038785
0.90110046,-1.2448495402010638
0.9011511,-1.1974617635851597
0.90120173,-1.1461833779291006
0.90125236,-1.0931950873360856
0.901303,-1.0403974274560279
0.90135363,-0.98924850287089561
0.90140427,-0.94085890675290185
0.90145491,-0.89593354076541709
0.90150554,-0.85472576915419163
0.90155617,-0.81713714522108949
0.90160681,-0.78273737120421416
0.90165745,-0.7505353897673841
0.90170808,-0.71964201540575856
0.90175871,-0.68899387871169215
0.90180935,-0.6573448228830574
0.90185998,-0.62342306198114017
0.90191062,-0.58608975160072529
0.90196126,-0.54447241771765642
0.90201189,-0.49805284452743676
0.90206252,-0.44679845763482273
0.90211316,-0.39111335547961823
0.90216379,-0.3319521942370276
0.90221443,-0.270704730400527
0.90226507,-0.20911947078455828
0.9023157,-0.14926425427303963
0.90236633,-0.093280974070890532
0.90241697,-0.043430309710968173
0.90246761,-0.0017854061676230715
0.90251824,0.029761879349849585
0.90256887,0.049661754788576262
0.90261951,0.056739821201912344
0.90267014,0.050198700883184233
0.90272078,0.02982992912003285
0.90277142,-0.0041395382170484885
0.90282205,-0.051015981370966912
0.90287268,-0.10966956816126838
0.90292332,-0.17853693082194294
0.90297395,-0.25561928730259581
0.90302459,-0.33861545524862813
0.90307522,-0.42493777427970514
0.90312586,-0.51180014332612411
0.90317649,-0.59638833667403746
0.90322713,-0.67603096887813785
0.90327777,-0.74836363461406141
0.9033284,-0.81151564649700003
0.90337903,-0.86424137888679953
0.90342967,-0.90601179771323559
0.9034803,-0.93707615843026448
0.90353094,-0.95844934710611618
0.90358158,-0.97181336936647789
0.90363221,-0.97929120719538465
0.90368284,-0.98324124434536853
0.90373348,-0.98602536232573967
0.90378411,-0.98975885931384977
0.90383475,-0.99605701651378387
0.90388538,-1.0058525550481598
0.90393602,-1.0193810473500331
0.90398665,-1.0361687786384679
0.90403729,-1.0551262097524521
0.90408793,-1.0747156120709094
0.90413856,-1.0931448009177047
0.90418919,-1.1085551587208808
0.90423983,-1.1191851080452184
0.90429046,-1.1235043440812054
0.9043411,-1.120276407756035
0.90439174,-1.108620794449517
0.90444237,-1.0880159621934578
0.904493,-1.0582960498280276
0.90454364,-1.0196146255069274
0.90459428,-0.9724166614380092
0.90464491,-0.91741674115065908
0.90469554,-0.85552634468967215
0.90474618,-0.78789843157887507
0.90479681,-0.71582686638848148
0.90484745,-0.64097202420788157
0.90489809,-0.5650030128766399
0.90494872,-0.48986214597493061
0.90499935,-0.41752412973112041
0.90504999,-0.35006614308299294
0.90510062,-0.28959796173807328
0.90515126,-0.23819668814787531
0.9052019,-0.19793834904110999
0.90525253,-0.17069449934068898
0.90530316,-0.15807947372804157
0.9053538,-0.16136574208931032
0.90540444,-0.18138058491172404
0.90545507,-0.218383811758039
0.9055057,-0.27202749899668821
0.90555634,-0.34126988560768867
0.90560697,-0.4243396830799141
0.90565761,-0.51882287345664557
0.90570825,-0.62169572198957779
0.90575888,-0.72938924088283452
0.90580951,-0.83788745026326994
0.90586015,-0.9432933541071663
0.90591078,-1.0418649770248019
0.90596142,-1.1301476593811846
0.90601205,-1.2053358440032369
0.90606269,-1.2653118080342525
0.90611332,-1.3087603928254601
0.90616396,-1.3352302043593594
0.9062146,-1.3451141918376739
0.90626523,-1.339549464495644
0.90631586,-1.3200948506597734
0.9063665,-1.2891272451887876
0.90641713,-1.2490200023896301
0.90646777,-1.2022904060805768
0.90651841,-1.1513906996889678
0.90656904,-1.0985339846653845
0.90661967,-1.0456490231833619
0.90667031,-0.99426347718431218
0.90672095,-0.94552877620836173
0.90677158,-0.90020549741499234
0.90682221,-0.8585907672967773
0.90687285,-0.82062211580409938
0.90692348,-0.78591906580512139
0.90697412,-0.75354306374426305
0.90702476,-0.72256789310004899
0.90707539,-0.69198031379727143
0.90712602,-0.66054603813244661
0.90717666,-0.62699224068910187
0.90722729,-0.59016190479038499
0.90727793,-0.54915454872359126
0.90732857,-0.50339882910930489
0.9073792,-0.4528134147652666
0.90742983,-0.39774807586673977
0.90748047,-0.33906792595427981
0.90753111,-0.2781270278943736
0.90758174,-0.2166198509084668
0.90763237,-0.15659486444991971
0.90768301,-0.1001820148893891
0.90773364,-0.049630706048759132
0.90778428,-0.007042017240506071
0.90783492,0.025658980255427732
0.90788555,0.046891812010668388
0.90793618,0.055424902938644882
0.90798682,0.050413566695993173
0.90803745,0.031590142607538507
0.90808809,-0.00087082660118420474
0.90813872,-0.046332900715442216
0.90818936,-0.10372641109958597
0.90823999,-0.17152998954897447
0.90829063,-0.24780204283333129
0.90834127,-0.33028136693718702
0.9083919,-0.41640135820534596
0.90844253,-0.50336122655513937
0.90849317,-0.58838263734583918
0.9085438,-0.66876613902778859
0.90859444,-0.74210491218434649
0.90864508,-0.80646684610181696
0.90869571,-0.86052429926250518
0.90874634,-0.90366359731808776
0.90879698,-0.93603921135622759
0.90884761,-0.95857690968871234
0.90889825,-0.97288855496151871
0.90894888,-0.98105597816146539
0.90899952,-0.98541736575380623
0.90905015,-0.98834311692740306
0.90910079,-0.99198226205707463
0.90915143,-0.99802084567659066
0.90920206,-1.0074680779337184
0.90925269,-1.0206404109954308
0.90930333,-1.0371422198310818
0.90935396,-1.0559532215879559
0.9094046,-1.0755766300044762
0.90945524,-1.0942407915824153
0.90950587,-1.1100867179368594
0.9095565,-1.1213386150296265
0.90960714,-1.1264357406376915
0.90965778,-1.124103206036049
0.90970841,-1.1134216698568102
0.90975904,-1.0938306846414463
0.90980968,-1.0651217907337713
0.90986031,-1.0273992006909678
0.90991095,-0.9811065011906055
0.90996159,-0.92690478085680938
0.91001222,-0.86568947554796649
0.91006285,-0.79857997452297025
0.91011349,-0.72683761266038094
0.91016412,-0.65213009738530703
0.91021476,-0.57607271763183365
0.9102654,-0.50059060669088362
0.91031603,-0.42768101993071367
0.91036666,-0.35939229789289678
0.9104173,-0.29782906801040177
0.91046794,-0.24508491094487445
0.91051857,-0.20323963929801514
0.9105692,-0.17419409741162939
0.91061984,-0.15959894342253056
0.91067047,-0.16077672150150674
0.91072111,-0.1786176671264405
0.91077175,-0.21347037757751924
0.91082238,-0.26505471667719943
0.91087301,-0.33241049835675857
0.91092365,-0.41387363022925805
0.91097428,-0.50709741013738729
0.91102492,-0.60910145837602037
0.91107555,-0.7164368490178078
0.91112619,-0.82513037738244654
0.91117682,-0.93121059068551548
0.91122746,-1.0308993544069107
0.9112781,-1.1207184201189233
0.91132873,-1.1977677673949048
0.91137936,-1.2598081925207287
0.91143,-1.30542156342605
0.91148063,-1.3340575691553886
0.91153127,-1.3459974697988226
0.91158191,-1.3422910680514031
0.91163254,-1.32444012866173
0.91168317,-1.2947643647346774
0.91173381,-1.2556331612658664
0.91178444,-1.2095448418139116
0.91183508,-1.1589689170181967
0.91188571,-1.1061698662544943
0.91193635,-1.0530925254854229
0.91198698,-1.0013195816283162
0.91203762,-0.95205817245612268
0.91208826,-0.90611067358175434
0.91213889,-0.86383616600649171
0.91218952,-0.82521247395883657
0.91224016,-0.78991049977973948
0.91229079,-0.75706321767302076
0.91234143,-0.72570870008055399
0.91239207,-0.69488007470739921
0.9124427,-0.66337353094698015
0.91249333,-0.62990488738650618
0.91254397,-0.59329776376434229
0.91259461,-0.5526266236773183
0.91264524,-0.50728445002902833
0.91269587,-0.45710806148299837
0.91274651,-0.40239436800285788
0.91279714,-0.34396350031201545
0.91284778,-0.28309881152546545
0.91289842,-0.22147748575221782
0.91294905,-0.16108972969794916
0.91299968,-0.10407213124788472
0.91305032,-0.052652980204570654
0.91310095,-0.0089721140030600832
0.91315159,0.025032219278185053
0.91320223,0.047724674990280214
0.91325286,0.057835780312313789
0.91330349,0.054466394727195944
0.91335413,0.037293195281771441
0.91340477,0.0064321940049561488
0.9134554,-0.037536391270097891
0.91350603,-0.09358799891095948
0.91355667,-0.16025540042697473
0.9136073,-0.23564143498612733
0.91365794,-0.31753040537629629
0.91370858,-0.4033455374539231
0.91375921,-0.49035087606729932
0.91380984,-0.57574862996155896
0.91386048,-0.65682260148665428
0.91391111,-0.73112956026615017
0.91396175,-0.79666596980658311
0.91401238,-0.85201762541406312
0.91406302,-0.89649540582150955
0.91411365,-0.9301634439171842
0.91416429,-0.95385705266925447
0.91421493,-0.96911391151362425
0.91426556,-0.97796874764710473
0.91431619,-0.98273517157224255
0.91436683,-0.98578855889090322
0.91441746,-0.98931186972500518
0.9144681,-0.99505876365928803
0.91451874,-1.0041194184384752
0.91456937,-1.0168935808838282
0.91462,-1.0330710915430599
0.91467064,-1.0517055999419935
0.91472128,-1.0713490390663682
0.91477191,-1.0902580509764537
0.91482254,-1.1065778707130602
0.91487318,-1.1185261445894445
0.91492381,-1.1245111648044879
0.91497445,-1.1232225400748801
0.91502509,-1.11369606357942
0.91507572,-1.0953276432870354
0.91512635,-1.067861280139653
0.91517699,-1.0313602243580102
0.91522762,-0.98622937256981036
0.91527826,-0.93309244524463475
0.9153289,-0.87282074067740179
0.91537953,-0.80649876325954106
0.91543016,-0.73537632960330046
0.9154808,-0.66105669978609316
0.91553144,-0.58518702921496057
0.91558207,-0.50962281385360131
0.9156327,-0.4363928832712054
0.91568334,-0.36752241856532586
0.91573397,-0.30511794982534757
0.91578461,-0.25129214148488321
0.91583525,-0.20809249086304715
0.91588588,-0.17745712495033458
0.91593651,-0.16107442070908093
0.91598715,-0.16031127644620796
0.91603778,-0.17612045429682643
0.91608842,-0.2089251384243267
0.91613905,-0.25853727077892091
0.91618969,-0.32408325469868449
0.91624032,-0.40398932981797864
0.91629096,-0.49599861636804121
0.9163416,-0.59716215071541001
0.91639223,-0.70410190854584798
0.91644286,-0.81297812848556605
0.9164935,-0.91971340273464441
0.91654413,-1.0204497446202638
0.91659477,-1.1117071823100195
0.91664541,-1.1904856978272145
0.91669604,-1.2545006518840962
0.91674667,-1.3021991467989897
0.91679731,-1.3329299805548502
0.91684794,-1.3468864348245884
0.91689858,-1.3450256744474449
0.91694921,-1.3287898393742501
0.91699985,-1.3004602432877452
0.91705048,-1.2623845022672437
0.91710112,-1.2170483092387789
0.91715176,-1.1669422865985299
0.91720239,-1.1143649058860692
0.91725302,-1.0613033134392877
0.91730366,-1.0093762019189478
0.91735429,-0.95983528049237754
0.91740493,-0.91352503964126219
0.91745557,-0.87087371537712022
0.9175062,-0.83189057847081238
0.91755683,-0.79629492776235822
0.91760747,-0.76329527907122297
0.91765811,-0.73188579858869918
0.91770874,-0.7011418764474171
0.91775937,-0.66985884289156195
0.91781001,-0.6367693876625582
0.91786064,-0.60065598964667033
0.91791128,-0.56056027342869952
0.91796192,-0.51581731188281232
0.91801255,-0.46622704482032939
0.91806318,-0.41201813223749828
0.91811382,-0.35393358300984434
0.91816445,-0.29323151996335994
0.91821509,-0.23154797962717491
0.91826573,-0.1708100177862264
0.91831636,-0.11316272843349956
0.91836699,-0.060830340920578041
0.91841763,-0.01597849151229469
0.91846827,0.019428159404434653
0.9185189,0.043703223764866184
0.91856953,0.055530502276907145
0.91862017,0.053951724387813982
0.9186708,0.038583120622279754
0.91872144,0.0094752745925794635
0.91877208,-0.032847992404829274
0.91882271,-0.087421800336682454
0.91887334,-0.15283231802762198
0.91892398,-0.22723949860871151
0.91897461,-0.30845089482548671
0.91902525,-0.39392722556338999
0.91907588,-0.4809740985590476
0.91912652,-0.56676958098724894
0.91917715,-0.64856424409960567
0.91922779,-0.72387207194657877
0.91927843,-0.79061775925883049
0.91932906,-0.84729954569308674
0.91937969,-0.89312830028596002
0.91943033,-0.92807317007178225
0.91948096,-0.95288130806728866
0.9195316,-0.96900929031474625
0.91958224,-0.97844848601528167
0.91963287,-0.98349212687374632
0.9196835,-0.98652632510631322
0.91973414,-0.98977688369467598
0.91978477,-0.9950700986296892
0.91983541,-1.0035847312220001
0.91988604,-1.0158091319744558
0.91993668,-1.0315199037583391
0.91998731,-1.0498416692897816
0.92003795,-1.0693715124172731
0.92008859,-1.0883878095762709
0.92013922,-1.1050387801183965
0.92018985,-1.1175216593521315
0.92024049,-1.1242090711917969
0.92029112,-1.1237510623918379
0.92034176,-1.1151389732555355
0.9203924,-1.0977278238281762
0.92044303,-1.0712161805011824
0.92049366,-1.0356351346472077
0.9205443,-0.99136954889765649
0.92059494,-0.93900719553015544
0.92064557,-0.87940365204785409
0.9206962,-0.81360781060023424
0.92074684,-0.74287559698613315
0.92079747,-0.66875825001618505
0.92084811,-0.59290525140950967
0.92089875,-0.51713957238030228
0.92094938,-0.44350153018219374
0.92100001,-0.37397899207154328
0.92105065,-0.3106785284981608
0.92110128,-0.2557236529480969
0.92115192,-0.21116080209509347
0.92120256,-0.17894226896954607
0.92125319,-0.16079728530491963
0.92130382,-0.15812883105441511
0.92135446,-0.17194090977408683
0.9214051,-0.20272061117382362
0.92145573,-0.25034656052492738
0.92150636,-0.31402667633495118
0.921557,-0.39226507985435699
0.92160763,-0.48291466024074209
0.92165827,-0.5830920846758032
0.92170891,-0.68945565932577901
0.92175954,-0.7981684727825733
0.92181017,-0.90522636703078463
0.92186081,-1.0067746611770745
0.92191144,-1.0992522480973053
0.92196208,-1.1795566477758113
0.92201271,-1.2453529683275444
0.92206335,-1.2949536013338701
0.92211398,-1.3276365754723662
0.92216462,-1.3434853162912239
0.92221526,-1.3433751022609022
0.92226589,-1.3286773643021197
0.92231652,-1.3016399637599549
0.92236716,-1.2645913418374426
0.92241779,-1.2200073257140591
0.92246843,-1.1703914227786436
0.92251907,-1.1180584265970563
0.9225697,-1.0650489539985974
0.92262033,-1.0130235144834869
0.92267097,-0.9632466206333028
0.92272161,-0.91660898670409452
0.92277224,-0.87360861738417361
0.92282287,-0.83429177743086558
0.92287351,-0.79840816848356588
0.92292414,-0.76523342235770531
0.92297478,-0.73374042675017859
0.92302542,-0.70303270648004168
0.92307605,-0.67192709714845555
0.92312668,-0.63915996614970338
0.92317732,-0.60350014764359383
0.92322795,-0.56395590287014896
0.92327859,-0.51982608541946718
0.92332923,-0.47084024576217531
0.92337986,-0.41718650586659406
0.92343049,-0.35953381265060225
0.92348113,-0.29910060054789367
0.92353177,-0.2374571109154171
0.9235824,-0.17652614072356587
0.92363303,-0.11843527525048875
0.92368367,-0.065396074571650809
0.9237343,-0.019590364169243757
0.92378494,0.016982610570828116
0.92383558,0.042599914022832031
0.92388621,0.05589753798595648
0.92393684,0.055863766449686436
0.92398748,0.042060509165651794
0.92403811,0.014482640015766934
0.92408875,-0.026405441274297115
0.92413938,-0.079683745036187636
0.92419002,-0.14398781759486823
0.92424065,-0.2175196526247743
0.92429129,-0.29812894105847709
0.92434193,-0.3833289302333388
0.92439256,-0.47042951218204926
0.92444319,-0.55661296707382868
0.92449383,-0.63911821888243481
0.92454446,-0.7153997902875755
0.9245951,-0.78332285127588164
0.92464574,-0.84132282980428008
0.92469637,-0.88851948443451212
0.924747,-0.92478798391564787
0.92479764,-0.95079324373602836
0.92484827,-0.96791013756478916
0.92489891,-0.97807876442617547
0.92494954,-0.98356910440421852
0.92500018,-0.98676922570983927
0.92505081,-0.98993859137714779
0.92510145,-0.9949660244237406
0.92515209,-1.0031151442763231
0.92520272,-1.0149550099309552
0.92525335,-1.0303528593852012
0.92530399,-1.0485015771607307
0.92535462,-1.0680492670832753
0.92540526,-1.0873017458874392
0.9254559,-1.10441022197476
0.92550653,-1.117553275930109
0.92555716,-1.1250772177784438
0.9256078,-1.1255931249559823
0.92565844,-1.1180460701363264
0.92570907,-1.1017471339665148
0.9257597,-1.0763483095808835
0.92581034,-1.0418549854634185
0.92586097,-0.99861841117694916
0.92591161,-0.94717831235278593
0.92596225,-0.88838588085402037
0.92601288,-0.82326402997011905
0.92606351,-0.75304707785709302
0.92611415,-0.67925807906223634
0.92616478,-0.60354231082662113
0.92621542,-0.52768386618214969
0.92626606,-0.45373041177431755
0.92631669,-0.38365911912250772
0.92636732,-0.31955594124737063
0.92641796,-0.2635526725561862
0.9264686,-0.21770761820797185
0.92651923,-0.18398873307082558
0.92656986,-0.16416509960473347
0.9266205,-0.15968177270317513
0.92667113,-0.17159402039577853
0.92672177,-0.20045809004112375
0.92677241,-0.24622119022697364
0.92682304,-0.30816643221277634
0.92687367,-0.38487569957184697
0.92692431,-0.4742497576799512
0.92697494,-0.5735038058413735
0.92702558,-0.67930769736644925
0.92707621,-0.78795434096158767
0.92712685,-0.89537534486483783
0.92717748,-0.99772445030870738
0.92722812,-1.0913427736708208
0.92727876,-1.1731200628277758
0.92732939,-1.2406280819918969
0.92738002,-1.2920902908233927
0.92743066,-1.3266728160164005
0.92748129,-1.3443579658786438
0.92753193,-1.3459391800057539
0.92758257,-1.3327167461312788
0.9276332,-1.3068845189803113
0.92768383,-1.2707572334996911
0.92773447,-1.2267991427823945
0.9277851,-1.1775199212048673
0.92783574,-1.1252576324591987
0.92788637,-1.0721059957303702
0.92793701,-1.0197811665858234
0.92798764,-0.96958330782991042
0.92803828,-0.92246579485480329
0.92808892,-0.87896411189382084
0.92813955,-0.83917107530645119
0.92819018,-0.8028635321941413
0.92824082,-0.76939406856911796
0.92829145,-0.73771801898882894
0.92834209,-0.70694792435648524
0.92839273,-0.67592669742137756
0.92844336,-0.64339027100682589
0.92849399,-0.60809386208553462
0.92854463,-0.56901297570065901
0.92859527,-0.52539956542072763
0.9286459,-0.4769318578551901
0.92869653,-0.42375051960896637
0.92874717,-0.3664776700664068
0.9287978,-0.30624835145022422
0.92884844,-0.24459892684517556
0.92889908,-0.18343752123060247
0.92894971,-0.12483352984084195
0.92900034,-0.071021687465296024
0.92905098,-0.02419186209180757
0.92910161,0.013632285545605471
0.92915225,0.040698279556520389
0.92920289,0.055591006600517745
0.92925352,0.057245201629687215
0.92930415,0.045167794905508651
0.92935479,0.019291282625554573
0.92940543,-0.01997931465983388
0.92945606,-0.071773456718274953
0.92950669,-0.13477977998205887
0.92955733,-0.20726626498811218
0.92960796,-0.28711194368264448
0.9296586,-0.37185485047932931
0.92970924,-0.45885110240442872
0.92975987,-0.54524128378402337
0.9298105,-0.62828087819348655
0.92986114,-0.70535171405512975
0.92991177,-0.77427789301921734
0.92996241,-0.83341886151999789
0.93001304,-0.88180369259799396
0.93006368,-0.91921894192238851
0.93011431,-0.946243186409228
0.93016495,-0.96417336948949972
0.93021559,-0.9749055240577571
0.93026622,-0.98068536163636377
0.93031685,-0.98390489106836243
0.93036749,-0.98685762794301868
0.93041812,-0.99149288437575422
0.93046876,-0.99915813893554606
0.9305194,-1.0105043632082842
0.93057003,-1.0254813806090395
0.93062066,-1.0433536060142625
0.9306713,-1.0628235690190544
0.93072194,-1.0822250574953576
0.93077257,-1.0997129264602705
0.9308232,-1.1134526498908344
0.93087384,-1.1217627889113653
0.93092447,-1.1232167687373023
0.93097511,-1.1167177510876656
0.93102575,-1.1015336345712941
0.93107638,-1.0772765406256344
0.93112701,-1.0439125368436752
0.93117765,-1.0017591525420395
0.93122828,-0.95132451886631431
0.93127892,-0.89342963343213544
0.93132956,-0.82908339610343429
0.93138019,-0.75949837300733736
0.93143082,-0.68615656004789083
0.93148146,-0.61069081513465617
0.9315321,-0.53485608351581981
0.93158273,-0.46070127527731525
0.93163336,-0.39019736083581386
0.931684,-0.32541160089523019
0.93173463,-0.26849951018157325
0.93178527,-0.22153699694375514
0.93183591,-0.1865038235002745
0.93188654,-0.16517894458281202
0.93193717,-0.15904153618232109
0.93198781,-0.1691872210538039
0.93203844,-0.19622240893329868
0.93208908,-0.24016119607479133
0.93213971,-0.30036298264694106
0.93219035,-0.37547470854173415
0.93224098,-0.46347132223226961
0.93229162,-0.56167061106238303
0.93234226,-0.66679956534129448
0.93239289,-0.7752131024156691
0.93244352,-0.88281852610911482
0.93249416,-0.98575983622268581
0.93254479,-1.0803704407591974
0.93259543,-1.1635054328354433
0.93264607,-1.2325484227056989
0.9326967,-1.2857472742310181
0.93274733,-1.3221388585798648
0.93279797,-1.3416125298239869
0.9328486,-1.3448844147340719
0.93289924,-1.3331856553598314
0.93294987,-1.3086556800602085
0.93300051,-1.2735884351933582
0.93305114,-1.2304321356022054
0.93310178,-1.1817079309647471
0.93315242,-1.1297678706596079
0.93320305,-1.0767391614707149
0.93325368,-1.0243918583617388
0.93330432,-0.97405936654039116
0.93335495,-0.92674808336204717
0.93340559,-0.88301773066795741
0.93345623,-0.84301242699317847
0.93350686,-0.80654302081868878
0.93355749,-0.77302201009218718
0.93360813,-0.74138796252166794
0.93365877,-0.71077871941602622
0.9337094,-0.68005412468947424
0.93376003,-0.64793889100976609
0.93381067,-0.61318117132981198
0.9338613,-0.57471557824561603
0.93391194,-0.53176635370077563
0.93396258,-0.48395121295097837
0.93401321,-0.43137487515806783
0.93406384,-0.37458884808396897
0.93411448,-0.31469865446723261
0.93416511,-0.25319124577125962
0.93421575,-0.19195252878838115
0.93426639,-0.13302068113528309
0.93431702,-0.078639487577735367
0.93436765,-0.031000599797469219
0.93441829,0.0078536956812521597
0.93446893,0.036135611011991808
0.93451956,0.052385076627246008
0.93457019,0.055494474029155694
0.93462083,0.044917612236151205
0.93467146,0.020534193772552944
0.9347221,-0.017304494000355775
0.93477274,-0.06778480414868171
0.93482337,-0.1296314199610164
0.934874,-0.20115679256113839
0.93492464,-0.28027042095069671
0.93497527,-0.36454714668782828
0.93502591,-0.45137348497556562
0.93507654,-0.53789491849486426
0.93512718,-0.62135050802010072
0.93517781,-0.69912288459322325
0.93522845,-0.7689538136314843
0.93527909,-0.82915352515301044
0.93532972,-0.87866776380551881
0.93538035,-0.91720199762327614
0.93543099,-0.94525098499828075
0.93548162,-0.96403681785871043
0.93553226,-0.9754004578600014
0.9355829,-0.98155954126655187
0.93563353,-0.98490066243273255
0.93568416,-0.98773886287032731
0.9357348,-0.99207377910817351
0.93578543,-0.99932801078795408
0.93583607,-1.0102284807007438
0.9358867,-1.0248053075012271
0.93593734,-1.0423936353439758
0.93598797,-1.0617492490901999
0.93603861,-1.0812366883655045
0.93608925,-1.0990247675357334
0.93613988,-1.1132607752812469
0.93619051,-1.122239633877008
0.93624115,-1.1245042395053715
0.93629178,-1.1189162263953247
0.93634242,-1.1047010363787662
0.93639306,-1.0814362594747977
0.93644369,-1.0490595384931458
0.93649432,-1.007831118393012
0.93654496,-0.95825318566436957
0.9365956,-0.90111487878398433
0.93664623,-0.83740260125510557
0.93669686,-0.76828705328454117
0.9367475,-0.69521598399509621
0.93679813,-0.61984290766144601
0.93684877,-0.54388857183942185
0.93689941,-0.469346419960047
0.93695004,-0.39820235192130016
0.93700067,-0.33253568145025214
0.93705131,-0.27449350570094494
0.93710194,-0.22614265236550646
0.93715258,-0.18950751584320294
0.93720322,-0.16638643482560281
0.93725385,-0.15831093449561878
0.93730448,-0.16643252491015709
0.93735512,-0.19142251930945159
0.93740576,-0.23337939576159411
0.93745639,-0.29173618718909017
0.93750702,-0.36524440699056987
0.93755766,-0.4519602810147062
0.93760829,-0.54921095303577905
0.93765893,-0.65375029047829925
0.93770957,-0.76202026982184279
0.9377602,-0.86997482036309937
0.93781083,-0.9736984519701104
0.93786147,-1.0694764040012965
0.9379121,-1.1540743758365424
0.93796274,-1.2248141586879127
0.93801337,-1.2798586438429804
0.93806401,-1.3181262629631567
0.93811464,-1.339438257586719
0.93816528,-1.3444173389914575
0.93821592,-1.3342291302495706
0.93826655,-1.3109606474782645
0.93831718,-1.2768887805540907
0.93836782,-1.2344411869495595
0.93841845,-1.1861509636866301
0.93846909,-1.1343852614185899
0.93851973,-1.081300953227224
0.93857036,-1.028726945965734
0.93862099,-0.97803004193516996
0.93867163,-0.93026585814776341
0.93872227,-0.88604252175373122
0.9387729,-0.84555085218151904
0.93882353,-0.80863152361271751
0.93887417,-0.77477433996703837
0.9389248,-0.74291852958133175
0.93897544,-0.71219970810585864
0.93902608,-0.68151578499098808
0.93907671,-0.64958926499109892
0.93912734,-0.61516258032417537
0.93917798,-0.57714074093941248
0.93922861,-0.53471468378877618
0.93927925,-0.48744947654986825
0.93932989,-0.43539684683844959
0.93938052,-0.37905242080785045
0.93943115,-0.31946481892837486
0.93948179,-0.25807566836994994
0.93953243,-0.196734189424214
0.93958306,-0.13748125781520604
0.93963369,-0.082521315829463093
0.93968433,-0.034076845467546524
0.93973496,0.0057997802757216999
0.9397856,0.035278449617974106
0.93983624,0.052865938550731628
0.93988687,0.057407433793718099
0.9399375,0.048306796055341272
0.93998814,0.025390181696383352
0.94003877,-0.011039283576634529
0.94008941,-0.060215139942627283
0.94014004,-0.1209117202419302
0.94019068,-0.1914942239481458
0.94024131,-0.26990314765915657
0.94029195,-0.3537717092659512
0.94034259,-0.44049186132976642
0.94039322,-0.52721961981867083
0.94044385,-0.61120555346930727
0.94049449,-0.68979042188017148
0.94054512,-0.76068121355935014
0.94059576,-0.82209746741883916
0.9406464,-0.87291771128166973
0.94069703,-0.91275559969909903
0.94074766,-0.94200877824901808
0.9407983,-0.96182391069427631
0.94084893,-0.97398538767015852
0.94089957,-0.98067653252229836
0.9409502,-0.98427677659605284
0.94100084,-0.98712177943867818
0.94105147,-0.99125851882573179
0.94110211,-0.99818408698357153
0.94115275,-1.0087037267632275
0.94120338,-1.0229270168417119
0.94125401,-1.0402630003512783
0.94130465,-1.0595239677408621
0.94135528,-1.0791133702599711
0.94140592,-1.0972162468336091
0.94145656,-1.111976500883106
0.94150719,-1.1216694944734231
0.94155782,-1.1248096953433497
0.94160846,-1.1202219827776347
0.9416591,-1.1070890467690955
0.94170973,-1.0849491473249229
0.94176036,-1.0537001127999688
0.941811,-1.0135500693561625
0.94186163,-0.96497767279045865
0.94191227,-0.90874968482406859
0.94196291,-0.84581031966268183
0.94201354,-0.77731913542985343
0.94206417,-0.70465929699204721
0.94211481,-0.62951134415255594
0.94216544,-0.55357839841300815
0.94221608,-0.47879645354004624
0.94226672,-0.40719501349619192
0.94231735,-0.34084769154152794
0.94236798,-0.28189195527832944
0.94241862,-0.23239597010614094
0.94246926,-0.19440358364132831
0.94251989,-0.16974023856667181
0.94257052,-0.15996431001128236
0.94262116,-0.16627654020469002
0.94267179,-0.18940673021811716
0.94272243,-0.2295127220491506
0.94277307,-0.28611417154075558
0.9428237,-0.3580328200254872
0.94287433,-0.44340210029937044
0.94292497,-0.53962242576211439
0.9429756,-0.64353102863680522
0.94302624,-0.75153495793760983
0.94307687,-0.85966483503691615
0.94312751,-0.96398090853520646
0.94317814,-1.0607525611584547
0.94322878,-1.1466862620913405
0.94327942,-1.2190582205638658
0.94333005,-1.2758961555511206
0.94338068,-1.3160612856851466
0.94343132,-1.3392619057842547
0.94348195,-1.3460347884339432
0.94353259,-1.3374773505431359
0.94358323,-1.3156078149558192
0.94363386,-1.2826682000712313
0.94368449,-1.2410693503148278
0.94373513,-1.1933408508318304
0.94378576,-1.1418747401095053
0.9438364,-1.0888472567395275
0.94388703,-1.0361353165332938
0.94393767,-0.98516087046590128
0.9439883,-0.93701879611387906
0.94403894,-0.89237801553792684
0.94408958,-0.85146075439382041
0.94414021,-0.81414900661446565
0.94419084,-0.77997880030064648
0.94424148,-0.74792676382690693
0.94429211,-0.71712379775569279
0.94434275,-0.68647784313527171
0.94439339,-0.65474607824974262
0.94444402,-0.62065196327439243
0.94449465,-0.58308108624067834
0.94454529,-0.54118559199409899
0.94459593,-0.49448592795740465
0.94464656,-0.44297007055072191
0.94469719,-0.38708832984524488
0.94474783,-0.32781772242566226
0.94479846,-0.26656684753511811
0.9448491,-0.20511782453011934
0.94489974,-0.14553209957665719
0.94495037,-0.089961899260980915
0.945001,-0.04065735240029833
0.94505164,0.00032372569077537827
0.94510227,0.031107436490355633
0.94515291,0.050167262572569093
0.94520355,0.056358773049187183
0.94525418,0.048909103408057542
0.94530481,0.027636552931500302
0.94535545,-0.0071960614505173215
0.94540609,-0.054880128029183739
0.94545672,-0.11425014728562216
0.94550735,-0.18371729021866201
0.94555799,-0.26126410952658385
0.94560862,-0.34456680629545883
0.94565926,-0.43101873813573871
0.9457099,-0.51782837900914358
0.94576053,-0.60218693739597073
0.94581116,-0.68143875994416403
0.9458618,-0.75323516256852907
0.94591243,-0.81573926075823988
0.94596307,-0.86774648285800748
0.9460137,-0.90878389102723101
0.94606434,-0.93915890352417286
0.94611497,-0.95993351685726469
0.94616561,-0.9728306462642855
0.94621625,-0.97999591364936123
0.94626688,-0.98379657879480065
0.94631751,-0.98658527654788786
0.94636815,-0.99045250414934438
0.94641878,-0.9969706732769853
0.94646942,-1.0070251366925902
0.94652006,-1.0208037767708942
0.94657069,-1.0377890697608478
0.94662132,-1.0568538109852548
0.94667196,-1.0764343443389799
0.9467226,-1.0947315527463135
0.94677323,-1.1098875153727312
0.94682386,-1.1201525983001908
0.9468745,-1.1240149901917524
0.94692513,-1.1202613193462829
0.94697577,-1.1080352816197272
0.94702641,-1.0868371871239551
0.94707704,-1.0565268883333039
0.94712767,-1.017275985666092
0.94717831,-0.96954249962323868
0.94722894,-0.91406162335574304
0.94727958,-0.85174827439855483
0.94733022,-0.7837503265859781
0.94738085,-0.71141856897553213
0.94743148,-0.63642093614852979
0.94748212,-0.56042058132476469
0.94753276,-0.48537024381911092
0.94758339,-0.41327234194742923
0.94763402,-0.34619823456810694
0.94768466,-0.28626602478992691
0.94773529,-0.23555295914224961
0.94778593,-0.19611773706002775
0.94783657,-0.16982166016475594
0.9478872,-0.15825188240818644
0.94793783,-0.1626559089883719
0.94798847,-0.18382273781286113
0.9480391,-0.22197377361458984
0.94808974,-0.27670840215042042
0.94814037,-0.34693841230086375
0.94819101,-0.43084681379820555
0.94824164,-0.52597109576342616
0.94829228,-0.62924428729280379
0.94834292,-0.73707156641307103
0.94839355,-0.84543188256958324
0.94844418,-0.95046083472267207
0.94849482,-1.0483853312203331
0.94854545,-1.1358355726548379
0.94859609,-1.2100440702398283
0.94864673,-1.268900277280528
0.94869736,-1.3111678453135138
0.94874799,-1.3364532911765381
0.94879863,-1.3451991239364218
0.94884926,-1.3384210917101329
0.9488999,-1.3180802047923148
0.94895053,-1.2863915977018743
0.94900117,-1.2457384323190972
0.9490518,-1.1986413156413049
0.94910244,-1.1475312979599754
0.94915308,-1.0946031838849
0.94920371,-1.0417711803745284
0.94925434,-0.99052043975304593
0.94930498,-0.94197680570429254
0.94935561,-0.8968695532782085
0.94940625,-0.85547509556812018
0.94945689,-0.81771044991859831
0.94950752,-0.78316475214484704
0.94955815,-0.75087232752352107
0.94960879,-0.71993359643007415
0.94965943,-0.68930643875740616
0.94971006,-0.65775172539443549
0.94976069,-0.6239993263087027
0.94981133,-0.58690730809083957
0.94986196,-0.54558963759801582
0.9499126,-0.49949955986862632
0.94996324,-0.44859031971058128
0.95001387,-0.39323955583781312
0.9500645,-0.33435526245832353
0.95011514,-0.27331306833428221
0.95016577,-0.21184048211774587
0.95021641,-0.15199965732408971
0.95026705,-0.095922391814801611
0.95031768,-0.04586689222956275
0.95036831,-0.003915892262023879
0.95041895,0.028025763117342894
0.95046959,0.048395963326567981
0.95052022,0.055995279594346525
0.95057085,0.05001040777604121
0.95062149,0.030209236836198528
0.95067212,-0.0032015133946921015
0.95072276,-0.049551619373952138
0.9507734,-0.10773318448090324
0.95082403,-0.17620769129621006
0.95087466,-0.25299752865315667
0.9509253,-0.33581249502866084
0.95097593,-0.42208175170997869
0.95102657,-0.50902163061175909
0.9510772,-0.5938153334617855
0.95112784,-0.67379317615412448
0.95117847,-0.74657818385446151
0.95122911,-0.81026973753800169
0.95127975,-0.86359200579315987
0.95133038,-0.9059767399131029
0.95138101,-0.93763127589146966
0.95143165,-0.95953047780897971
0.95148228,-0.97332517030628141
0.95153292,-0.98112052931232185
0.95158356,-0.98526555498780422
0.95163419,-0.98812551164918105
0.95168482,-0.99183066983831392
0.95173546,-0.9980277243530592
0.95178609,-1.0076831564322957
0.95183673,-1.0210687615767302
0.95188736,-1.0377444409262275
0.951938,-1.0566507558369662
0.95198863,-1.076267842590847
0.95203927,-1.0948119124352629
0.95208991,-1.1104243607290214
0.95214054,-1.1213371321867984
0.95219117,-1.1260062140496157
0.95224181,-1.1231783640593038
0.95229244,-1.1119554630566779
0.95234308,-1.0917998288750703
0.95239372,-1.0625266855599442
0.95244435,-1.0242639460954819
0.95249498,-0.97746201529328047
0.95254562,-0.92280894573094585
0.95259626,-0.8612118803061386
0.95264689,-0.79380550614870105
0.95269752,-0.72187236612895012
0.95274816,-0.64706220549862159
0.95279879,-0.57103994467772257
0.95284943,-0.49574472970909822
0.95290007,-0.42314403293056752
0.9529507,-0.35530377070929764
0.95300133,-0.29433438959090696
0.95305197,-0.24231423950560851
0.9531026,-0.20131977918290259
0.95315324,-0.17323192824943109
0.95320388,-0.15968664921951495
0.95325451,-0.16197774315596136
0.95330514,-0.18096192488865742
0.95335578,-0.21694004264041178
0.95340642,-0.26959667815991695
0.95345705,-0.33792123003895524
0.95350768,-0.42021726033564799
0.95355832,-0.514095186491349
0.95360895,-0.61652692766764428
0.95365959,-0.724034617695965
0.95371023,-0.83260612040455162
0.95376086,-0.93830232648023526
0.95381149,-1.0373710288455982
0.95386213,-1.1263222479816148
0.95391276,-1.2023131713632851
0.9539634,-1.2631819262778161
0.95401403,-1.3075589416782507
0.95406467,-1.3349625443505424
0.9541153,-1.3457255464291236
0.95416594,-1.3409600647055004
0.95421658,-1.3221984341356972
0.95426721,-1.2917775027396736
0.95431784,-1.2520800555470375
0.95436848,-1.2056125170942165
0.95441911,-1.1548361602562518
0.95446975,-1.101983767836868
0.95452039,-1.0489867229291645
0.95457102,-0.99739819828784881
0.95462165,-0.94839376779892737
0.95467229,-0.90275369556694018
0.95472293,-0.86080358141377056
0.95477356,-0.82250362800352705
0.95482419,-0.78749767532162074
0.95487483,-0.75488350340571753
0.95492546,-0.72371675492077303
0.9549761,-0.69300550732158117
0.95502674,-0.66153268354518602
0.95507737,-0.62800985510595508
0.955128,-0.59127455213201019
0.95517864,-0.55041339437645564
0.95522927,-0.50484606866969906
0.95527991,-0.45443980205564638
0.95533055,-0.39951547826029354
0.95538118,-0.34093158609716678
0.95543181,-0.28000676947028602
0.95548245,-0.21842126758143721
0.95553309,-0.15819825600749382
0.95558372,-0.10147816471879828
0.95563435,-0.050498088290103715
0.95568499,-0.0073750264380346708
0.95573562,0.025953404253831192
0.95578626,0.047886101812592397
0.9558369,0.057170127899889622
0.95588753,0.052936738267038097
0.95593816,0.034892801539595508
0.9559888,0.0031849889568089096
0.95603943,-0.041575503424553406
0.95609007,-0.098341976833563549
0.9561407,-0.16561588491805285
0.95619134,-0.24148156859542164
0.95624197,-0.32369509526296797
0.95629261,-0.4096769818934819
0.95634325,-0.49666831883542961
0.95639388,-0.5818792006632536
0.95644451,-0.6625916586016708
0.95649515,-0.73638081094217056
0.95654578,-0.80128406648478401
0.95659642,-0.85593695133515069
0.95664706,-0.89969210082921647
0.95669769,-0.93266282699557512
0.95674832,-0.95573622370083555
0.95679896,-0.97049152588722087
0.95684959,-0.97899056990018207
0.95690023,-0.98356028128849393
0.95695086,-0.98657279480692295
0.9570015,-0.99019131178206421
0.95705213,-0.99613090493297685
0.95710277,-1.0054349858028706
0.95715341,-1.0184556963737044
0.95720404,-1.0348346088541476
0.95725467,-1.0535832452174589
0.95730531,-1.0732254653971336
0.95735594,-1.0920029728813327
0.95740658,-1.1080609599835964
0.95745722,-1.1196202629843413
0.95750785,-1.1251103791302206
0.95755848,-1.1232391714185492
0.95760912,-1.11306982392934
0.95765976,-1.0940220774806944
0.95771039,-1.0658687360969603
0.95776102,-1.0286944629637547
0.95781166,-0.98292669717059811
0.95786229,-0.92921246066451335
0.95791293,-0.86842947214203747
0.95796357,-0.80168916589688521
0.9580142,-0.73024803656497383
0.95806483,-0.65573336272629845
0.95811547,-0.57978867251175992
0.9581661,-0.50428631586513262
0.95821674,-0.4312565909153584
0.95826738,-0.36274051849073979
0.95831801,-0.30083165190094047
0.95836864,-0.24762559142205015
0.95841928,-0.20519994494012839
0.95846992,-0.1754713595096683
0.95852055,-0.16010060417776911
0.95857118,-0.16043288898848518
0.95862182,-0.17738859711621507
0.95867245,-0.21134473709667673
0.95872309,-0.26205842944290603
0.95877373,-0.32861412428739284
0.95882436,-0.40936988119407197
0.95887499,-0.50203338060797409
0.95892563,-0.60364361620679041
0.95897626,-0.71077148846425497
0.9590269,-0.81959043007743571
0.95907753,-0.92597225671494343
0.95912817,-1.026113670030032
0.9591788,-1.1165923209662143
0.95922944,-1.1944560911008264
0.95928008,-1.2574059708658103
0.95933071,-1.3039953038960737
0.95938134,-1.3336157662086356
0.95943198,-1.3465059344882118
0.95948261,-1.3436738833589743
0.95953325,-1.3265912797442705
0.95958389,-1.2975573672514247
0.95963452,-1.2589319795934069
0.95968515,-1.2132100817985698
0.95973579,-1.1628717869093625
0.95978642,-1.1102007550752866
0.95983706,-1.0571529960767063
0.95988769,-1.0053413480709292
0.95993833,-0.95598492148990788
0.95998896,-0.90990770125596554
0.9600396,-0.86749210925759557
0.96009024,-0.8287310396431844
0.96014087,-0.79332050409942423
0.9601915,-0.76042686773950785
0.96024214,-0.72906512045287375
0.96029277,-0.69828607063708448
0.96034341,-0.66688879581753524
0.96039405,-0.63359472112138082
0.96044468,-0.5972166387718536
0.96049531,-0.55680626072281825
0.96054595,-0.51172759618328212
0.96059659,-0.46180991793410209
0.96064722,-0.40731835245495451
0.96069785,-0.3490516949191248
0.96074849,-0.28826915427028421
0.96079912,-0.22663362982585855
0.96084976,-0.16609984717361054
0.9609004,-0.10881416935709182
0.96095103,-0.056996917785808288
0.96100166,-0.012804565981756444
0.9610523,0.021823356722134313
0.96110293,0.045221381299712593
0.96115357,0.056101689109064989
0.96120421,0.0535389306225863
0.96125484,0.037181754671982481
0.96130547,0.0071160815912033604
0.96135611,-0.036102703868184927
0.96140675,-0.091480477467615007
0.96145738,-0.15756472830188323
0.96150801,-0.23248864101137096
0.96155865,-0.31405604606222803
0.96160928,-0.39968939868027131
0.96165992,-0.48668319072053379
0.96171056,-0.57223522666206628
0.96176119,-0.65360467554182355
0.96181182,-0.72833846224119281
0.96186246,-0.79439508202426901
0.96191309,-0.85032772814389557
0.96196373,-0.89539808109966046
0.96201436,-0.92962986036991158
0.962065,-0.95381779104900599
0.96211563,-0.96946560790278913
0.96216627,-0.97858754794244462
0.96221691,-0.98348803692815978
0.96226754,-0.98654568679397425
0.96231817,-0.98995980030924624
0.96236881,-0.99551429702508465
0.96241944,-1.0043365633699457
0.96247008,-1.0168637385340928
0.96252072,-1.0328241990597249
0.96257135,-1.0513039380154967
0.96262198,-1.0708764121555767
0.96267262,-1.0898091450934433
0.96272325,-1.1062515296854283
0.96277389,-1.1184138900825951
0.96282452,-1.1246892554648538
0.96287516,-1.1237501675417128
0.96292579,-1.1146128687698915
0.96297643,-1.0966517554423461
0.96302707,-1.0695891479503141
0.9630777,-1.0334727980818945
0.96312833,-0.98869988726934199
0.96317897,-0.93587176643358505
0.9632296,-0.87585750234171034
0.96328024,-0.80972621011178081
0.96333088,-0.73871551664408641
0.96338151,-0.6644182830323111
0.96343214,-0.58848502373228206
0.96348278,-0.51276503474708424
0.96353342,-0.43926520015162107
0.96358405,-0.37001333823686439
0.96363468,-0.30711545955663988
0.96368532,-0.25268630491015304
0.96373595,-0.20877482900720423
0.96378659,-0.17733545193704434
0.96383723,-0.16007357077068476
0.96388786,-0.15837691237587576
0.96393849,-0.17322384075079156
0.96398913,-0.20506567895723099
0.96403976,-0.25374682757689354
0.9640904,-0.31842809560356178
0.96414103,-0.39757774538076374
0.96419167,-0.48898213830795167
0.9642423,-0.58972045754344626
0.96429294,-0.69643415184406987
0.96434358,-0.8053000110844315
0.96439421,-0.91224101742264652
0.96444484,-1.0134153327644739
0.96449548,-1.1053076184024302
0.96454611,-1.1848615551273174
0.96459675,-1.2497831671353605
0.96464739,-1.2984352399191819
0.96469802,-1.3301340049612236
0.96474865,-1.3450212536146884
0.96479929,-1.3440117446812083
0.96484992,-1.3285146225689952
0.96490056,-1.3007939776233197
0.96495119,-1.2631917642535668
0.96500183,-1.2181869970384673
0.96505246,-1.168279106602512
0.9651031,-1.1157762674412794
0.96515374,-1.0626946124755188
0.96520437,-1.0106816099021185
0.965255,-0.96097791681325373
0.96530564,-0.91446594412615356
0.96535627,-0.87159454809682213
0.96540691,-0.83240059931914656
0.96545755,-0.79661703268586681
0.96550818,-0.76348500600960445
0.96555881,-0.73198633485371489
0.96560945,-0.70121227296949928
0.96566009,-0.6699659985884604
0.96571072,-0.63698161214753435
0.96576135,-0.6010310785832409
0.96581199,-0.56114115705989021
0.96586262,-0.51662605033961939
0.96591326,-0.46726276718347415
0.9659639,-0.41325224450224507
0.96601453,-0.3553180130351955
0.96606516,-0.29468415239462775
0.9661158,-0.23297862264671382
0.96616643,-0.17212248797388424
0.96621707,-0.1142453455306896
0.96626771,-0.061577850112867483
0.96631834,-0.016293929814974795
0.96636897,0.019621747339267859
0.96641961,0.044476036955669151
0.96647025,0.056925403211093184
0.96652088,0.055990632965643883
0.96657151,0.041265269016534101
0.96662215,0.012778099146167843
0.96667278,-0.028969429472363195
0.96672342,-0.083027908610830314
0.96677406,-0.14800619907972867
0.96682469,-0.22207805338554742
0.96687532,-0.30307502772098072
0.96692596,-0.38848082754049318
0.96697659,-0.47560015048442461
0.96702723,-0.56161435965171724
0.96707786,-0.64377781778947929
0.9671285,-0.71957772146444188
0.96717913,-0.78691069128267699
0.96722977,-0.84424099931166507
0.96728041,-0.89073875079244247
0.96733104,-0.92632933955524654
0.96738167,-0.95172246807779659
0.96743231,-0.96833841197745729
0.96748294,-0.97814388444176537
0.96753358,-0.98342131787741838
0.96758422,-0.98655674446415142
0.96763485,-0.98979100008638587
0.96768548,-0.99497869938969297
0.96773612,-1.003337619675547
0.96778675,-1.0153954881878087
0.96783739,-1.0309696541471949
0.96788802,-1.0492185891857913
0.96793866,-1.0687650949719518
0.96798929,-1.0879013432000648
0.96803993,-1.1047792409792743
0.96809057,-1.1175888759050534
0.9681412,-1.1246882174421398
0.96819183,-1.1247105001033173
0.96824247,-1.1166262147707511
0.9682931,-1.0997703653034288
0.96834374,-1.0738165811963949
0.96839438,-1.0387859193121189
0.96844501,-0.99504555848534837
0.96849564,-0.94316066856684733
0.96854628,-0.8839862204597837
0.96859692,-0.8185525946174117
0.96864755,-0.74810760218843708
0.96869818,-0.67419606633400841
0.96874882,-0.59845930338550535
0.96879945,-0.52270365088590143
0.96885009,-0.44897299025160575
0.96890073,-0.37925356517979486
0.96895136,-0.31564547343908156
0.96900199,-0.26026664804806632
0.96905263,-0.21516982202354107
0.96910326,-0.18231073156015279
0.9691539,-0.16343639781005495
0.96920453,-0.15996977725650618
0.96925517,-0.1729374527306089
0.9693058,-0.20286036679384706
0.96935644,-0.24965076664296321
0.96940708,-0.31254869226197968
0.96945771,-0.39010492638418831
0.96950834,-0.48018639954502518
0.96955898,-0.57996358672464998
0.96960961,-0.68604948306254265
0.96966025,-0.79473966961627163
0.96971089,-0.90195975396255934
0.96976152,-1.0038563031065395
0.96981215,-1.0968313454278984
0.96986279,-1.1777576798864662
0.96991342,-1.2442688165122149
0.96996406,-1.294644539194211
0.97001469,-1.3281005798511003
0.97006533,-1.3446827525954421
0.97011596,-1.3452330846472869
0.9701666,-1.3310949606718636
0.97021724,-1.3044950411990524
0.97026787,-1.2677593740801338
0.9703185,-1.2233665457432206
0.97036914,-1.1738152292348161
0.97041977,-1.12143920387701
0.97047041,-1.0683091786855781
0.97052105,-1.0161068390567927
0.97057168,-0.96611524192039999
0.97062231,-0.91924671402897484
0.97067295,-0.87602020548409942
0.97072358,-0.83649750514908239
0.97077422,-0.80043938853401397
0.97082485,-0.76715566560586401
0.97087549,-0.73560322636741005
0.97092612,-0.70488926935176954
0.97097676,-0.67384476308471242
0.9710274,-0.64120318907489693
0.97107803,-0.6057264248022709
0.97112866,-0.56640759593475865
0.9711793,-0.52252639416511382
0.97122993,-0.47378533045099358
0.97128057,-0.42035109985573316
0.97133121,-0.36287016847566522
0.97138184,-0.30251344827062193
0.97143247,-0.24084153075973447
0.97148311,-0.17976728507729545
0.97153375,-0.12138683258742211
0.97158438,-0.067929011390848504
0.97163501,-0.021573535160953616
0.97168565,0.015657110368898497
0.97173628,0.042023105141230865
0.97178692,0.056135035839737113
0.97183756,0.05694957337779466
0.97188819,0.044001022965517
0.97193882,0.01725446275769621
0.97198946,-0.02285413994298835
0.97204009,-0.075426235033244027
0.97209073,-0.13911813107031712
0.97214136,-0.2121669141762027
0.972192,-0.29242445689408958
0.97224263,-0.37741402102213834
0.97229327,-0.46446642572326696
0.97234391,-0.55074386604592696
0.97239454,-0.63348610633241553
0.97244517,-0.7101147952176956
0.97249581,-0.77848584826725009
0.97254644,-0.83698972610202949
0.97259708,-0.88470682689133562
0.97264772,-0.92147069542507287
0.97269835,-0.94790717223304755
0.97274898,-0.96535600275187572
0.97279962,-0.9757390667290825
0.97285025,-0.98131489310933229
0.97290089,-0.98447566720079471
0.97295152,-0.98749879387019557
0.97300216,-0.99230349045233823
0.97305279,-1.00019413840911
0.97310343,-1.0117790817697774
0.97315407,-1.0269655589833131
0.9732047,-1.0449801075066216
0.97325533,-1.0644956615165131
0.97330597,-1.083831548338702
0.9733566,-1.1011379809272488
0.97340724,-1.1145873425616968
0.97345788,-1.1225102189780132
0.97350851,-1.1234997067931636
0.97355914,-1.1164812458524456
0.97360978,-1.1007444670265076
0.97366042,-1.0759231554385
0.97371105,-1.0420005502265441
0.97376168,-0.99931775578469728
0.97381232,-0.94839683226232152
0.97386295,-0.89007571535823926
0.97391359,-0.82536704371242375
0.97396423,-0.75549915067395013
0.97401486,-0.6819829734495364
0.97406549,-0.60644644037380013
0.97411613,-0.53065682314250107
0.97416676,-0.45667544802810556
0.9742174,-0.38647421110938124
0.97426804,-0.32212243486638731
0.97431867,-0.265767817109622
0.9743693,-0.21947873757716535
0.97441994,-0.18522309820184374
0.97447058,-0.16477928296755467
0.97452121,-0.15960021100592531
0.97457184,-0.17075935243207435
0.97462248,-0.1988329525694586
0.97467311,-0.24379611711633009
0.97472375,-0.3049690041099824
0.97477439,-0.38094636231327417
0.97482502,-0.46969011677465589
0.97487565,-0.56844957674449192
0.97492629,-0.67391284714926525
0.97497692,-0.78240880081813802
0.97502756,-0.88984921633654546
0.97507819,-0.99238743043192545
0.97512883,-1.0863547650852969
0.97517946,-1.168635142167592
0.9752301,-1.2367284142447996
0.97528074,-1.2888501645436059
0.97533137,-1.3241211356844746
0.975382,-1.3424877653400513
0.97543264,-1.344713767150485
0.97548327,-1.3320723296865138
0.97553391,-1.306737212884274
0.97558455,-1.2710183465311731
0.97563518,-1.2273812552437471
0.97568581,-1.1783342991539283
0.97573645,-1.1262224327934351
0.97578708,-1.0731542462303714
0.97583772,-1.0208664386847826
0.97588835,-0.97066842681533128
0.97593899,-0.92353211104823907
0.97598962,-0.88000310430411677
0.97604026,-0.84019696669035437
0.9760909,-0.80390014684113009
0.97614153,-0.7704946915386548
0.97619216,-0.73892089353837243
0.9762428,-0.70830568280167228
0.97629343,-0.67749574882593788
0.97634407,-0.64522706901960347
0.97639471,-0.61024281665053515
0.97644534,-0.57150400955110781
0.97649597,-0.5282547263848304
0.97654661,-0.48014264899127651
0.97659725,-0.42729974375104252
0.97664788,-0.37031058009719786
0.97669851,-0.31029629993946362
0.97674915,-0.24877290065649041
0.97679978,-0.18764047817441726
0.97685042,-0.12895181494901353
0.97690106,-0.07494581240897924
0.97695169,-0.027809286370584052
0.97700232,0.010427873252449205
0.97705296,0.0379930722889677
0.97710359,0.053455159250141271
0.97715423,0.055732054703101885
0.97720486,0.044307095931318485
0.9772555,0.019092866507223361
0.97730613,-0.019529167876188469
0.97735677,-0.070714695148647144
0.97740741,-0.13316972849500924
0.97745804,-0.20518205823315971
0.97750867,-0.28464603027312319
0.97755931,-0.36911573489581262
0.97760994,-0.45595496628311544
0.97766058,-0.54231629957399441
0.97771122,-0.62544828979980671
0.97776185,-0.70273372146611479
0.97781248,-0.77195907790507035
0.97786312,-0.8314720416847613
0.97791375,-0.88026283220632895
0.97796439,-0.9180877453429398
0.97801502,-0.94549045765416173
0.97806566,-0.96374012620237037
0.97811629,-0.97470958658416285
0.97816693,-0.98063348046906929
0.97821757,-0.98390173512685353
0.9782682,-0.98681647936502848
0.97831883,-0.99134818771627498
0.97836947,-0.99887572442063077
0.9784201,-1.0100811703983812
0.97847074,-1.0249473794885628
0.97852138,-1.0427682807891996
0.97857201,-1.0622683634758545
0.97862264,-1.0817936567232889
0.97867328,-1.0995043042334962
0.97872391,-1.1135541055568834
0.97877455,-1.1222529131419023
0.97882518,-1.1241603811596541
0.97887582,-1.1181603586135997
0.97892645,-1.1035010260468807
0.97897709,-1.0797761543927931
0.97902773,-1.0469411958591379
0.97907836,-1.0052825508941381
0.97912899,-0.95530358175231889
0.97917963,-0.89780825156645827
0.97923026,-0.83379802872250686
0.9792809,-0.76446543354708785
0.97933154,-0.69125999134694482
0.97938217,-0.6158405533066198
0.9794328,-0.53994107745067277
0.97948344,-0.46559621252958872
0.97953408,-0.39477105287491021
0.97958471,-0.32955172838798424
0.97963534,-0.2720768474518665
0.97968598,-0.22442304407689301
0.97973661,-0.18859484498076337
0.97978725,-0.16638050151124434
0.97983789,-0.15928470245483334
0.97988852,-0.168432021892785
0.97993915,-0.19446077532824446
0.97998979,-0.23742896071566855
0.98004042,-0.29673056691547905
0.98009106,-0.37107085997423073
0.98014169,-0.45843221267681483
0.98019233,-0.55613622362122672
0.98024296,-0.66097011880716106
0.9802936,-0.76931547810742162
0.98034424,-0.87703255800353241
0.98039487,-0.9802766576364188
0.9804455,-1.0753666324523401
0.98049614,-1.1591064446842387
0.98054677,-1.228859572762844
0.98059741,-1.2828513508640387
0.98064805,-1.3200586103824929
0.98069868,-1.3403353240849873
0.98074931,-1.3443554716207262
0.98079995,-1.333325022955687
0.98085058,-1.3093512250894088
0.98090122,-1.2747177404820864
0.98095185,-1.2318657147928906
0.98100249,-1.1833215041541252
0.98105312,-1.1314404917658649
0.98110376,-1.0783651352087436
0.9811544,-1.0259019943969867
0.98120503,-0.97539441336057653
0.98125566,-0.9278740124710968
0.9813063,-0.8839253694689001
0.98135693,-0.84371408357153577
0.98140757,-0.80706837572435308
0.98145821,-0.77342721034918671
0.98150884,-0.74172795068951825
0.98155947,-0.71110746962882598
0.98161011,-0.68043728707840079
0.98166075,-0.64843627031752393
0.98171138,-0.6138496439855945
0.98176201,-0.57559217162676557
0.98181265,-0.53287572033609054
0.98186328,-0.4852911317633577
0.98191392,-0.43292739667427016
0.98196456,-0.37630393404255991
0.98201519,-0.31651633687323832
0.98206582,-0.25501889174785602
0.98211646,-0.19368978855779645
0.98216709,-0.1345675422685611
0.98221773,-0.07988452267594004
0.98226837,-0.031847073969284712
0.982319,0.0074924281108895152
0.98236963,0.036330025450526993
0.98242027,0.05318975239188245
0.98247091,0.056944269225114419
0.98252154,0.047027063518157664
0.98257217,0.023297032182225841
0.98262281,-0.013912679868309852
0.98267344,-0.063809708401725285
0.98272408,-0.12513324078281535
0.98277472,-0.19623069810122662
0.98282535,-0.27502337765544915
0.98287598,-0.3591151434578278
0.98292662,-0.44589818291244238
0.98297725,-0.53252099719919732
0.98302789,-0.61622156790147276
0.98307852,-0.69436952157450182
0.98312916,-0.7646887566315238
0.98317979,-0.82545233692759667
0.98323043,-0.87557480544133992
0.98328107,-0.91472188400896359
0.9833317,-0.94334297260041322
0.98338233,-0.9626296034175813
0.98343297,-0.97439422333276537
0.9834836,-0.98084053100046154
0.98353424,-0.98435117350000334
0.98358488,-0.98724985705522428
0.98363551,-0.99155577634418679
0.98368614,-0.99872359084620033
0.98373678,-1.0095120419344601
0.98378741,-1.0239851992619529
0.98383805,-1.0415100372086039
0.98388868,-1.0608647787578187
0.98393932,-1.0804299322948716
0.98398995,-1.0983834154498686
0.98404059,-1.1128698477481098
0.98409123,-1.1221776156221335
0.98414186,-1.1248386838522437
0.98419249,-1.1197013143882231
0.98424313,-1.1059741072426947
0.98429376,-1.0832186727679689
0.9843444,-1.0513572017098909
0.98439504,-1.010624935293281
0.98444567,-0.96151132333220923
0.9844963,-0.9047947406575626
0.98454694,-0.84144132880150069
0.98459758,-0.77261491675810434
0.98464821,-0.69973592694259723
0.98469884,-0.62447058384877874
0.98474948,-0.54853211668461632
0.98480011,-0.47388968331254239
0.98485075,-0.40255249627014605
0.98490139,-0.33657747935666704
0.98495202,-0.27814058594121671
0.98500265,-0.22930284219737163
0.98505329,-0.19209745707510439
0.98510392,-0.16832871761867532
0.98515456,-0.15953674540022744
0.98520519,-0.16689294759236667
0.98525583,-0.19109205055407769
0.98530646,-0.23225421809735802
0.9853571,-0.28985101535808577
0.98540774,-0.3626611023888977
0.98545837,-0.44876423854912723
0.985509,-0.54554255742763991
0.98555964,-0.64978398892830336
0.98561027,-0.75791852045655228
0.98566091,-0.86592923275305111
0.98571155,-0.96990902310933513
0.98576218,-1.0661142830907551
0.98581281,-1.151315993042348
0.98586345,-1.2228029838311487
0.98591408,-1.2786718478777255
0.98596472,-1.3178167635164444
0.98601535,-1.340007110937194
0.98606599,-1.3458259655993932
0.98611662,-1.3363988342952062
0.98616726,-1.3137812954096628
0.9862179,-1.280235609508793
0.98626853,-1.238179053821157
0.98631916,-1.1901447725910752
0.9863698,-1.1385064492913393
0.98642043,-1.0854337055437464
0.98647107,-1.032779029173442
0.98652171,-0.98193406703735286
0.98657234,-0.93397813743667746
0.98662297,-0.88954428066364044
0.98667361,-0.84884216419897407
0.98672424,-0.81173230688658371
0.98677488,-0.77772296497648796
0.98682551,-0.74576344075485812
0.98687615,-0.71498997858329894
0.98692678,-0.68430008378336582
0.98697742,-0.65243468696932949
0.98702806,-0.61812840283386039
0.98707869,-0.58027469432174517
0.98712932,-0.5380492208295462
0.98717996,-0.49100365800719942
0.98723059,-0.43915535357357655
0.98728123,-0.38298796932741924
0.98733187,-0.32352113850484071
0.9873825,-0.26217809200057818
0.98743313,-0.20078035113772547
0.98748377,-0.14137325964965614
0.98753441,-0.086134616466296998
0.98758504,-0.03730320639182666
0.98763567,0.0030718645867374716
0.98768631,0.033138549882631818
0.98773694,0.051388163696243716
0.98778758,0.056702629457949905
0.98783822,0.048340456539819776
0.98788885,0.026151691229178819
0.98793948,-0.009569411348267054
0.98799012,-0.058085702810660278
0.98804075,-0.11819586957611983
0.98809139,-0.18828517532054129
0.98814202,-0.26630254426675476
0.98819266,-0.34991516283508461
0.98824329,-0.43651408077260834
0.98829393,-0.52326685582737009
0.98834457,-0.60741563275777366
0.9883952,-0.6862992460634455
0.98844583,-0.75758462126111514
0.98849647,-0.8194808287141937
0.9885471,-0.87082431211509004
0.98859774,-0.91119143284377546
0.98864838,-0.9409390129723717
0.98869901,-0.96117420131288278
0.98874964,-0.97365270390216163
0.98880028,-0.98053997625645739
0.98885091,-0.98420918035446281
0.98890155,-0.98700342543833675
0.98895218,-0.99098896686177329
0.98900282,-0.99769744450999975
0.98905345,-1.0079701190692993
0.98910409,-1.0219521060360526
0.98915473,-1.0390861511796756
0.98920536,-1.058210794271718
0.98925599,-1.0777460511960344
0.98930663,-1.0958843905234026
0.98935726,-1.1107713173626477
0.9894079,-1.1206717966444817
0.98945854,-1.1240882388239957
0.98950917,-1.1198310346813121
0.9895598,-1.1070666528654527
0.98961044,-1.0853174441629678
0.98966108,-1.0544654245931435
0.98971171,-1.0147091915970927
0.98976234,-0.96651025537375568
0.98981298,-0.91062618860068445
0.98986361,-0.84798008531306035
0.98991425,-0.77973162106579541
0.98996489,-0.70724941118083984
0.99001552,-0.63219767410825423
0.99006615,-0.55627447053281909
0.99011679,-0.48140948917520321
0.99016742,-0.40961637607990653
0.99021806,-0.34297078257278868
0.9902687,-0.28360427708553193
0.99031933,-0.23358993928868491
0.99036996,-0.19497357643392588
0.9904206,-0.16959818741470459
0.99047124,-0.15903496460748753
0.99052187,-0.16450563104811949
0.9905725,-0.18676656067972208
0.99062314,-0.22600453255236108
0.99067377,-0.28177807834380303
0.99072441,-0.3529434095302339
0.99077505,-0.43764500823160918
0.99082568,-0.53337454153224295
0.99087631,-0.63699798534613672
0.99092695,-0.74492562361973269
0.99097758,-0.85312887480542954
0.99102822,-0.95775519138049559
0.99107885,-1.0550568431020022
0.99112949,-1.1416790779609158
0.99118012,-1.2148607993698728
0.99123076,-1.27259012875097
0.9912814,-1.3136881301142145
0.99133203,-1.3378183890967867
0.99138266,-1.3454706297294834
0.9914333,-1.337708210532548
0.99148393,-1.3165205041477015
0.99153457,-1.2841389283528521
0.99158521,-1.2429585571201871
0.99163584,-1.1955100455040601
0.99168647,-1.1442052915026506
0.99173711,-1.0912228759507892
0.99178774,-1.038459522425714
0.99183838,-0.98736705354038223
0.99188901,-0.93905461279814806
0.99193965,-0.89422033421816471
0.99199028,-0.85311048273916357
0.99204092,-0.81562545595148594
0.99209156,-0.78132607568209789
0.99214219,-0.74921375329761386
0.99219282,-0.71840320670596225
0.99224346,-0.68782429181263882
0.99229409,-0.65622946415379046
0.99234473,-0.62234889494847134
0.99239537,-0.58504508352149887
0.992446,-0.54345354355569242
0.99249663,-0.49706231220270536
0.99254727,-0.4458449047868388
0.99259791,-0.39021123881392838
0.99264854,-0.33112292170666485
0.99269917,-0.26996955795449851
0.99274981,-0.20850839995366244
0.99280044,-0.14880423450357338
0.99285108,-0.09300230398247411
0.99290172,-0.043361692013983044
0.99295235,-0.0019501898178360677
0.99300298,0.029343710235730514
0.99305362,0.048975590974988881
0.99310425,0.055780109461787797
0.99315489,0.048965813037512185
0.99320552,0.028333144848369129
0.99325616,-0.0058834808048047749
0.99330679,-0.052986490501017391
0.99335743,-0.11183921828691268
0.99340807,-0.18086699329801348
0.9934587,-0.25807712314066056
0.99350933,-0.34115990183798245
0.99355997,-0.42752365792993163
0.9936106,-0.51438097521934967
0.99366124,-0.59892428214925675
0.99371188,-0.6784810180254861
0.99376251,-0.75069694740695769
0.99381314,-0.81370689281754027
0.99386378,-0.86627699891072585
0.99391441,-0.90788962980362431
0.99396505,-0.93880748405614189
0.99401568,-0.96005650725081715
0.99406632,-0.97332698352525537
0.99411695,-0.98074783496512286
0.99416759,-0.98467914229336329
0.99421823,-0.98748029368357881
0.99426886,-0.99126054178101386
0.99431949,-0.99762531391525777
0.99437013,-1.0074970337138467
0.99442076,-1.0211014283759483
0.9944714,-1.0379555155874414
0.99452204,-1.0569609816366552
0.99457267,-1.0765752869792462
0.9946233,-1.0950034440144036
0.99467394,-1.1103863627646078
0.99472457,-1.1209643483737599
0.99477521,-1.1252102072325052
0.99482584,-1.1218909956977983
0.99487648,-1.1101316871884914
0.99492711,-1.089413945304456
0.99497775,-1.0595779301191657
0.99502839,-1.0207776791286232
0.99507902,-0.97346865807836891
0.99512965,-0.91836637317945302
0.99518029,-0.85638318805935976
0.99523092,-0.78867456836831951
0.99528156,-0.71653580319683219
0.9953322,-0.64163324428412483
0.99538283,-0.56563887173674987
0.99543346,-0.49049199363986296
0.9954841,-0.41817961429602102
0.99553474,-0.35077759453537616
0.99558537,-0.29039640520412052
0.995636,-0.23911375584858724
0.99568664,-0.19900057000825644
0.99573727,-0.17192765597727006
0.99578791,-0.15950274584676583
0.99583855,-0.16299267967996245
0.99588918,-0.18321721788092171
0.99593981,-0.22042723915416496
0.99599045,-0.27426484989138844
0.99604108,-0.34367908807637376
0.99609172,-0.4268884150582275
0.99614235,-0.52146813545275261
0.99619299,-0.62438460268543794
0.99624362,-0.73206658137904468
0.99629426,-0.84049517831151332
0.9963449,-0.94578132324407127
0.99639553,-1.0441641196286544
0.99644616,-1.1322222719240571
0.9964968,-1.2071465850654901
0.99654743,-1.2668315888601787
0.99659807,-1.3099740504097841
0.99664871,-1.3361311701980303
0.99669934,-1.3457112242475247
0.99674997,-1.3398593232550748
0.99680061,-1.3201435803210084
0.99685124,-1.2889489310259543
0.99690188,-1.2486507864542746
0.99695251,-1.2017675190268038
0.99700315,-1.1507500797758019
0.99705378,-1.0978084433655066
0.99710442,-1.0448684319205692
0.99715506,-0.99344647878849479
0.99720569,-0.94469074552548027
0.99725632,-0.89935280297806286
0.99730696,-0.85772536901481478
0.99735759,-0.81973993124479805
0.99740823,-0.78501075712544899
0.99745887,-0.75259264505556667
0.9975095,-0.72156483511778746
0.99756013,-0.69090883441357798
0.99761077,-0.65938957527656361
0.99766141,-0.62573626605310073
0.99771204,-0.58879667901739297
0.99776267,-0.54767353141375075
0.99781331,-0.50180227245957632
0.99786394,-0.45110829395113689
0.99791458,-0.3959484588297838
0.99796522,-0.33719039032774212
0.99801585,-0.27618960396328618
0.99806648,-0.21465723772638878
0.99811712,-0.15463913773008919
0.99816775,-0.098264661104937923
0.99821839,-0.047783804098980198
0.99826903,-0.0052940663130663923
0.99831966,0.027283233473828383
0.99837029,0.048372214002214253
0.99842093,0.056745891993790432
0.99847157,0.051563749272262094
0.9985222,0.032563721743648633
0.99857283,-7.440508932410328e-05
0.99862347,-0.045707956725497767
0.9986741,-0.10325905667153512
0.99872474,-0.17120357081160104
0.99877538,-0.2475912275076767
0.99882601,-0.33015498614948813
0.99887664,-0.41632224218699376
0.99892728,-0.50329264290152942
0.99897791,-0.58828236382293797
0.99902855,-0.66859656001110646
0.99907918,-0.74183159648376873
0.99912982,-0.80606406072956771
0.99918045,-0.85997944862601172
0.99923109,-0.90297339428428558
0.99928173,-0.93520988713227138
0.99933236,-0.95762789164625839
0.99938299,-0.9718460774309301
0.99943363,-0.97995083410368167
0.99948426,-0.98428200114453157
0.9995349,-0.98720777246767777
0.99958554,-0.99087191404483632
0.99963617,-0.99695164242388756
0.9996868,-1.0064473479141227
0.99973744,-1.0196665938020266
0.99978807,-1.0362048534050219
0.99983871,-1.055034475320185
0.99988934,-1.0746550070105148
0.99993998,-1.0932924617883371
0.99999061,-1.1090896971999347
1.00004125,-1.1202731842960629
